Ticker,Stock,Secteur,Pays,Bourse de valeurs,Devise de marché,Volume,Seuil,MIC,Symbole,Source,Raison
"FET","FORUM ENERGY TECHNOLOGIES INC.","","Etats-Unis","NYSE","USD","165177","350000","XNYS","FET","MIC:XNYS","Volume 165177 < Seuil 350000 (1 cotations testées)"
"TPB","TURNING POINT BRANDS INC.","","Etats-Unis","NYSE","USD","231338","350000","XNYS","TPB","MIC:XNYS","Volume 231338 < Seuil 350000 (1 cotations testées)"
"SBDS","SOLO BRANDS, INC.","","Etats-Unis","NYSE","USD","1580","350000","XNYS","SBDS","MIC:XNYS","Volume 1580 < Seuil 350000 (1 cotations testées)"
"AIN","ALBANY INTERNATIONAL CORP.","","Etats-Unis","NYSE","USD","230004","350000","XNYS","AIN","MIC:XNYS","Volume 230004 < Seuil 350000 (1 cotations testées)"
"IVC","INVACARE CORP","","Etats-Unis","NYSE","USD","155803","350000","XNYS","IVC","MIC:XNYS","Volume 155803 < Seuil 350000 (1 cotations testées)"
"EAF","GRAFTECH INTERNATIONAL LTD.","","Etats-Unis","NYSE","USD","237155","350000","XNYS","EAF","MIC:XNYS","Volume 237155 < Seuil 350000 (1 cotations testées)"
"TRC","TEJON RANCH CO.","","Etats-Unis","NYSE","USD","209040","350000","XNYS","TRC","MIC:XNYS","Volume 209040 < Seuil 350000 (1 cotations testées)"
"AMWL","AMERICAN WELL CORPORATION","","Etats-Unis","NYSE","USD","79290","350000","XNYS","AMWL","MIC:XNYS","Volume 79290 < Seuil 350000 (1 cotations testées)"
"ABG","ASBURY AUTOMOTIVE GROUP INC.","","Etats-Unis","NYSE","USD","231472","350000","XNYS","ABG","MIC:XNYS","Volume 231472 < Seuil 350000 (1 cotations testées)"
"KWR","QUAKER CHEMICAL CORPORATION","","Etats-Unis","NYSE","USD","201600","350000","XNYS","KWR","MIC:XNYS","Volume 201600 < Seuil 350000 (1 cotations testées)"
"AMTB","AMERANT BANCORP INC.","","Etats-Unis","NYSE","USD","277160","350000","XNYS","AMTB","MIC:XNYS","Volume 277160 < Seuil 350000 (1 cotations testées)"
"TMHC","TAYLOR MORRISON HOME CORPORATION","","Etats-Unis","NYSE","USD","0","350000","XNYS","TMHC","MIC:XNYS","Volume 0 < Seuil 350000 (1 cotations testées)"
"LUCK","LUCKY STRIKE ENTERTAINMENT CO.","","Etats-Unis","NYSE","USD","115537","350000","XNYS","LUCK","MIC:XNYS","Volume 115537 < Seuil 350000 (1 cotations testées)"
"KFS","KINGSWAY FINANCIAL SERVICES INC.","","Etats-Unis","NYSE","USD","55930","350000","XNYS","KFS","MIC:XNYS","Volume 55930 < Seuil 350000 (2 cotations testées)"
"ACRE","ARES COMMERCIAL REAL ESTATE CORPORATION","","Etats-Unis","NYSE","USD","291400","350000","XNYS","ACRE","MIC:XNYS","Volume 291400 < Seuil 350000 (1 cotations testées)"
"SKYH","SKY HARBOUR GROUP CORP.","","Etats-Unis","NYSE","USD","144050","350000","XNYS","SKYH","MIC:XNYS","Volume 144050 < Seuil 350000 (1 cotations testées)"
"ACR-D","ACRES COMMERCIAL REALTY CORP.","","Etats-Unis","NYSE","USD","6768","350000","XNYS","ACR-D","MIC:XNYS","Volume 6768 < Seuil 350000 (1 cotations testées)"
"SAM","THE BOSTON BEER COMPANY INC.","","Etats-Unis","NYSE","USD","160543","350000","XNYS","SAM","MIC:XNYS","Volume 160543 < Seuil 350000 (1 cotations testées)"
"XRN-B","CHIRON REAL ESTATE INC.","","Etats-Unis","NYSE","USD","2862","350000","XNYS","XRN-B","MIC:XNYS","Volume 2862 < Seuil 350000 (1 cotations testées)"
"KFRC","KFORCE INC.","","Etats-Unis","NYSE","USD","207168","350000","XNYS","KFRC","MIC:XNYS","Volume 207168 < Seuil 350000 (1 cotations testées)"
"SILA","SILA REALTY TRUST INC.","","Etats-Unis","NYSE","USD","0","350000","XNYS","SILA","MIC:XNYS","Volume 0 < Seuil 350000 (1 cotations testées)"
"SII","SPROTT INC.","","Etats-Unis","NYSE","USD","225277","350000","XNYS","SII","MIC:XNYS","Volume 225277 < Seuil 350000 (1 cotations testées)"
"JHG","JANUS HENDERSON GROUP PLC","","Etats-Unis","NYSE","USD","0","350000","XNYS","JHG","MIC:XNYS","Volume 0 < Seuil 350000 (1 cotations testées)"
"KEX","KIRBY CORPORATION","","Etats-Unis","NYSE","USD","342104","350000","XNYS","KEX","MIC:XNYS","Volume 342104 < Seuil 350000 (1 cotations testées)"
"USNA","USANA HEALTH SCIENCES, INC.","","Etats-Unis","NYSE","USD","191432","350000","XNYS","USNA","MIC:XNYS","Volume 191432 < Seuil 350000 (1 cotations testées)"
"USM","U.S. CELLULAR CORPORATION","","Etats-Unis","NYSE","USD","209625","350000","XNYS","USM","MIC:XNYS","Volume 209625 < Seuil 350000 (1 cotations testées)"
"SAH","SONIC AUTOMOTIVE INC.","","Etats-Unis","NYSE","USD","211887","350000","XNYS","SAH","MIC:XNYS","Volume 211887 < Seuil 350000 (1 cotations testées)"
"SAR","SARATOGA INVESTMENT CORP.","","Etats-Unis","NYSE","USD","122061","350000","XNYS","SAR","MIC:XNYS","Volume 122061 < Seuil 350000 (1 cotations testées)"
"EBF","ENNIS INC.","","Etats-Unis","NYSE","USD","184391","350000","XNYS","EBF","MIC:XNYS","Volume 184391 < Seuil 350000 (1 cotations testées)"
"SAFE","SAFEHOLD INC.","","Etats-Unis","NYSE","USD","276600","350000","XNYS","SAFE","MIC:XNYS","Volume 276600 < Seuil 350000 (1 cotations testées)"
"SIND","SINDA LTD.","","Etats-Unis","NYSE","USD","199295","350000","XNYS","SIND","MIC:XNYS","Volume 199295 < Seuil 350000 (1 cotations testées)"
"TR","TOOTSIE ROLL INDUSTRIES, INC.","","Etats-Unis","NYSE","USD","135210","350000","XNYS","TR","MIC:XNYS","Volume 135210 < Seuil 350000 (1 cotations testées)"
"AD","ARRAY DIGITAL INFRASTRUCTURE, INC.","","Etats-Unis","NYSE","USD","187852","350000","XNYS","AD","MIC:XNYS","Volume 187852 < Seuil 350000 (1 cotations testées)"
"USPH","U.S. PHYSICAL THERAPY INC.","","Etats-Unis","NYSE","USD","153572","350000","XNYS","USPH","MIC:XNYS","Volume 153572 < Seuil 350000 (1 cotations testées)"
"JOE","THE ST. JOE COMPANY","","Etats-Unis","NYSE","USD","173845","350000","XNYS","JOE","MIC:XNYS","Volume 173845 < Seuil 350000 (1 cotations testées)"
"TTAM","TITAN AMERICA S.A.","","Etats-Unis","NYSE","USD","217068","350000","XNYS","TTAM","MIC:XNYS","Volume 217068 < Seuil 350000 (1 cotations testées)"
"ALG","ALAMO GROUP INC.","","Etats-Unis","NYSE","USD","162790","350000","XNYS","ALG","MIC:XNYS","Volume 162790 < Seuil 350000 (1 cotations testées)"
"FDP","DEL MONTE CORPORATION","","Etats-Unis","NYSE","USD","0","350000","XNYS","FDP","MIC:XNYS","Volume 0 < Seuil 350000 (1 cotations testées)"
"RFL","RAFAEL HOLDINGS INC.","","Etats-Unis","NYSE","USD","299591","350000","XNYS","RFL","MIC:XNYS","Volume 299591 < Seuil 350000 (1 cotations testées)"
"TLYS","TILLY'S INC.","","Etats-Unis","NYSE","USD","103649","350000","XNYS","TLYS","MIC:XNYS","Volume 103649 < Seuil 350000 (1 cotations testées)"
"TEN","TSAKOS ENERGY NAVIGATION LTD.","","Etats-Unis","NYSE","USD","220077","350000","XNYS","TEN","MIC:XNYS","Volume 220077 < Seuil 350000 (2 cotations testées)"
"EROK","EAGLEROCK LAND LLC","","Etats-Unis","NYSE","USD","129473","350000","XNYS","EROK","MIC:XNYS","Volume 129473 < Seuil 350000 (1 cotations testées)"
"REX","REX AMERICAN RESOURCES CORPORATION","","Etats-Unis","NYSE","USD","148801","350000","XNYS","REX","MIC:XNYS","Volume 148801 < Seuil 350000 (1 cotations testées)"
"TNC","TENNANT COMPANY","","Etats-Unis","NYSE","USD","264082","350000","XNYS","TNC","MIC:XNYS","Volume 264082 < Seuil 350000 (1 cotations testées)"
"SD","SANDRIDGE ENERGY INC.","","Etats-Unis","NYSE","USD","323896","350000","XNYS","SD","MIC:XNYS","Volume 323896 < Seuil 350000 (1 cotations testées)"
"MED","MEDIFAST INC.","","Etats-Unis","NYSE","USD","166758","350000","XNYS","MED","MIC:XNYS","Volume 166758 < Seuil 350000 (1 cotations testées)"
"TNET","TRINET GROUP, INC.","","Etats-Unis","NYSE","USD","305398","350000","XNYS","TNET","MIC:XNYS","Volume 305398 < Seuil 350000 (1 cotations testées)"
"RNGR","RANGER ENERGY SERVICES INC.","","Etats-Unis","NYSE","USD","170894","350000","XNYS","RNGR","MIC:XNYS","Volume 170894 < Seuil 350000 (1 cotations testées)"
"MCS","MARCUS CORPORATION","","Etats-Unis","NYSE","USD","276699","350000","XNYS","MCS","MIC:XNYS","Volume 276699 < Seuil 350000 (1 cotations testées)"
"MCY","MERCURY GENERAL CORPORATION","","Etats-Unis","NYSE","USD","239120","350000","XNYS","MCY","MIC:XNYS","Volume 239120 < Seuil 350000 (1 cotations testées)"
"MDV-A","MODIV INDUSTRIAL INC.","","Etats-Unis","NYSE","USD","2700","350000","XNYS","MDV-A","MIC:XNYS","Volume 2700 < Seuil 350000 (2 cotations testées)"
"EIG","EMPLOYERS HOLDINGS INC.","","Etats-Unis","NYSE","USD","122288","350000","XNYS","EIG","MIC:XNYS","Volume 122288 < Seuil 350000 (1 cotations testées)"
"ROG","ROGERS CORPORATION","","Etats-Unis","NYSE","USD","303829","350000","XNYS","ROG","MIC:XNYS","Volume 303829 < Seuil 350000 (1 cotations testées)"
"RPT","RITHM PROPERTY TRUST INC","","Etats-Unis","NYSE","USD","23797","350000","XNYS","RPT","MIC:XNYS","Volume 23797 < Seuil 350000 (1 cotations testées)"
"SEM","SELECT MEDICAL HOLDINGS CORP.","","Etats-Unis","NYSE","USD","24703","350000","XNYS","SEM","MIC:XNYS","Volume 24703 < Seuil 350000 (1 cotations testées)"
"KAI","KADANT INC.","","Etats-Unis","NYSE","USD","139765","350000","XNYS","KAI","MIC:XNYS","Volume 139765 < Seuil 350000 (1 cotations testées)"
"UTL","UNITIL CORPORATION","","Etats-Unis","NYSE","USD","133834","350000","XNYS","UTL","MIC:XNYS","Volume 133834 < Seuil 350000 (1 cotations testées)"
"UVE","UNIVERSAL INSURANCE HOLDINGS, INC.","","Etats-Unis","NYSE","USD","219532","350000","XNYS","UVE","MIC:XNYS","Volume 219532 < Seuil 350000 (1 cotations testées)"
"ARD","ARDAGH GROUP SA","","Etats-Unis","NYSE","USD","303981","350000","XNYS","ARD","MIC:XNYS","Volume 303981 < Seuil 350000 (1 cotations testées)"
"XZO","EXZEO GROUP, INC.","","Etats-Unis","NYSE","USD","193556","350000","XNYS","XZO","MIC:XNYS","Volume 193556 < Seuil 350000 (1 cotations testées)"
"AOMR","ANGEL OAK MORTGAGE REIT INC.","","Etats-Unis","NYSE","USD","205907","350000","XNYS","AOMR","MIC:XNYS","Volume 205907 < Seuil 350000 (1 cotations testées)"
"UVV","UNIVERSAL CORPORATION","","Etats-Unis","NYSE","USD","268185","350000","XNYS","UVV","MIC:XNYS","Volume 268185 < Seuil 350000 (1 cotations testées)"
"AGL","AGILON HEALTH INC.","","Etats-Unis","NYSE","USD","210914","350000","XNYS","AGL","MIC:XNYS","Volume 210914 < Seuil 350000 (1 cotations testées)"
"AGM-E","FEDERAL AGRICULTURAL MORTGAGE CORPORATION","","Etats-Unis","NYSE","USD","2069","350000","XNYS","AGM-E","MIC:XNYS","Volume 2069 < Seuil 350000 (3 cotations testées)"
"ACEL","ACCEL ENTERTAINMENT INC.","","Etats-Unis","NYSE","USD","295852","350000","XNYS","ACEL","MIC:XNYS","Volume 295852 < Seuil 350000 (1 cotations testées)"
"SBSI","SOUTHSIDE BANCSHARES INC.","","Etats-Unis","NYSE","USD","112387","350000","XNYS","SBSI","MIC:XNYS","Volume 112387 < Seuil 350000 (1 cotations testées)"
"AGBK","AGI INC CLASS A COMMON STOCK","","Etats-Unis","NYSE","USD","243491","350000","XNYS","AGBK","MIC:XNYS","Volume 243491 < Seuil 350000 (1 cotations testées)"
"ARDT","ARDENT HEALTH PARTNERS INC.","","Etats-Unis","NYSE","USD","313902","350000","XNYS","ARDT","MIC:XNYS","Volume 313902 < Seuil 350000 (1 cotations testées)"
"AFG","AMERICAN FINANCIAL GROUP INC.","","Etats-Unis","NYSE","USD","313470","350000","XNYS","AFG","MIC:XNYS","Volume 313470 < Seuil 350000 (1 cotations testées)"
"MCB","METROPOLITAN BANK HOLDING CORP.","","Etats-Unis","NYSE","USD","100815","350000","XNYS","MCB","MIC:XNYS","Volume 100815 < Seuil 350000 (1 cotations testées)"
"SXT","SENSIENT TECHNOLOGIES CORPORATION","","Etats-Unis","NYSE","USD","321686","350000","XNYS","SXT","MIC:XNYS","Volume 321686 < Seuil 350000 (1 cotations testées)"
"UFI","UNIFI INC.","","Etats-Unis","NYSE","USD","258470","350000","XNYS","UFI","MIC:XNYS","Volume 258470 < Seuil 350000 (1 cotations testées)"
"EQBK","EQUITY BANCSHARES INC.","","Etats-Unis","NYSE","USD","110345","350000","XNYS","EQBK","MIC:XNYS","Volume 110345 < Seuil 350000 (1 cotations testées)"
"FBK","FB FINANCIAL CORP","","Etats-Unis","NYSE","USD","255210","350000","XNYS","FBK","MIC:XNYS","Volume 255210 < Seuil 350000 (1 cotations testées)"
"KOP","KOPPERS HOLDINGS INC.","","Etats-Unis","NYSE","USD","166783","350000","XNYS","KOP","MIC:XNYS","Volume 166783 < Seuil 350000 (1 cotations testées)"
"AP","AMPCO-PITTSBURGH CORPORATION","","Etats-Unis","NYSE","USD","73258","350000","XNYS","AP","MIC:XNYS","Volume 73258 < Seuil 350000 (1 cotations testées)"
"EVTC","EVERTEC, INC.","","Etats-Unis","NYSE","USD","341048","350000","XNYS","EVTC","MIC:XNYS","Volume 341048 < Seuil 350000 (1 cotations testées)"
"SCM","STELLUS CAPITAL INVESTMENT CORPORATION","","Etats-Unis","NYSE","USD","134998","350000","XNYS","SCM","MIC:XNYS","Volume 134998 < Seuil 350000 (1 cotations testées)"
"SCL","STEPAN COMPANY","","Etats-Unis","NYSE","USD","100850","350000","XNYS","SCL","MIC:XNYS","Volume 100850 < Seuil 350000 (1 cotations testées)"
"UHAL.B","U-HAUL HOLDING CO.","","Etats-Unis","NYSE","USD","275453","350000","XNYS","UHAL.B","MIC:XNYS","Volume 275453 < Seuil 350000 (1 cotations testées)"
"UHAL","U-HAUL HOLDING COMPANY","","Etats-Unis","NYSE","USD","146128","350000","XNYS","UHAL","MIC:XNYS","Volume 146128 < Seuil 350000 (1 cotations testées)"
"ABCB","AMERIS BANCORP","","Etats-Unis","NYSE","USD","318758","350000","XNYS","ABCB","MIC:XNYS","Volume 318758 < Seuil 350000 (1 cotations testées)"
"BLX","BANCO LATINOAMERICANO DE COMERCIO EXTERIOR, S.A.","","Etats-Unis","NYSE","USD","162392","350000","XNYS","BLX","MIC:XNYS","Volume 162392 < Seuil 350000 (1 cotations testées)"
"MSIF","MSC INCOME FUND INC.","","Etats-Unis","NYSE","USD","218101","350000","XNYS","MSIF","MIC:XNYS","Volume 218101 < Seuil 350000 (1 cotations testées)"
"HLIO","HELIOS TECHNOLOGIES, INC.","","Etats-Unis","NYSE","USD","247912","350000","XNYS","HLIO","MIC:XNYS","Volume 247912 < Seuil 350000 (1 cotations testées)"
"BMI","BADGER METER INC.","","Etats-Unis","NYSE","USD","281871","350000","XNYS","BMI","MIC:XNYS","Volume 281871 < Seuil 350000 (1 cotations testées)"
"CPK","CHESAPEAKE UTILITIES CORPORATION","","Etats-Unis","NYSE","USD","149780","350000","XNYS","CPK","MIC:XNYS","Volume 149780 < Seuil 350000 (1 cotations testées)"
"BLD","TOPBUILD CORP","","Etats-Unis","NYSE","USD","810","350000","XNYS","BLD","MIC:XNYS","Volume 810 < Seuil 350000 (1 cotations testées)"
"MSA","MSA SAFETY INC.","","Etats-Unis","NYSE","USD","253603","350000","XNYS","MSA","MIC:XNYS","Volume 253603 < Seuil 350000 (1 cotations testées)"
"CPF","CENTRAL PACIFIC FINANCIAL CORP.","","Etats-Unis","NYSE","USD","163210","350000","XNYS","CPF","MIC:XNYS","Volume 163210 < Seuil 350000 (1 cotations testées)"
"HMN","HORACE MANN EDUCATORS CORP.","","Etats-Unis","NYSE","USD","244627","350000","XNYS","HMN","MIC:XNYS","Volume 244627 < Seuil 350000 (1 cotations testées)"
"VRTS","VIRTUS INVESTMENT PARTNERS INC.","","Etats-Unis","NYSE","USD","90472","350000","XNYS","VRTS","MIC:XNYS","Volume 90472 < Seuil 350000 (1 cotations testées)"
"MYE","MYERS INDUSTRIES INC.","","Etats-Unis","NYSE","USD","295940","350000","XNYS","MYE","MIC:XNYS","Volume 295940 < Seuil 350000 (1 cotations testées)"
"HGTY","HAGERTY, INC.","","Etats-Unis","NYSE","USD","154100","350000","XNYS","HGTY","MIC:XNYS","Volume 154100 < Seuil 350000 (1 cotations testées)"
"BOWL","LUCKY STRIKE ENTERTAINMENT CORP.","","Etats-Unis","NYSE","USD","117544","350000","XNYS","BOWL","MIC:XNYS","Volume 117544 < Seuil 350000 (1 cotations testées)"
"MTUS","METALLUS INC.","","Etats-Unis","NYSE","USD","301481","350000","XNYS","MTUS","MIC:XNYS","Volume 301481 < Seuil 350000 (1 cotations testées)"
"BNED","BARNES & NOBLE EDUCATION INC.","","Etats-Unis","NYSE","USD","244020","350000","XNYS","BNED","MIC:XNYS","Volume 244020 < Seuil 350000 (1 cotations testées)"
"OWLT","OWLET INC.","","Etats-Unis","NYSE","USD","249350","350000","XNYS","OWLT","MIC:XNYS","Volume 249350 < Seuil 350000 (1 cotations testées)"
"MTNE","CH4 NATURAL SOLUTIONS CORPORATION","","Etats-Unis","NYSE","USD","4063","350000","XNYS","MTNE","MIC:XNYS","Volume 4063 < Seuil 350000 (1 cotations testées)"
"OXM","OXFORD INDUSTRIES INC.","","Etats-Unis","NYSE","USD","268662","350000","XNYS","OXM","MIC:XNYS","Volume 268662 < Seuil 350000 (1 cotations testées)"
"BOH","BANK OF HAWAII CORPORATION","","Etats-Unis","NYSE","USD","298075","350000","XNYS","BOH","MIC:XNYS","Volume 298075 < Seuil 350000 (2 cotations testées)"
"BOC","BOSTON OMAHA CORPORATION","","Etats-Unis","NYSE","USD","141030","350000","XNYS","BOC","MIC:XNYS","Volume 141030 < Seuil 350000 (1 cotations testées)"
"HIPO","HIPPO HOLDINGS INC.","","Etats-Unis","NYSE","USD","187959","350000","XNYS","HIPO","MIC:XNYS","Volume 187959 < Seuil 350000 (1 cotations testées)"
"MTX","MINERALS TECHNOLOGIES INC.","","Etats-Unis","NYSE","USD","153734","350000","XNYS","MTX","MIC:XNYS","Volume 153734 < Seuil 350000 (1 cotations testées)"
"HG","HAMILTON INSURANCE GROUP, LTD.","","Etats-Unis","NYSE","USD","287751","350000","XNYS","HG","MIC:XNYS","Volume 287751 < Seuil 350000 (1 cotations testées)"
"WMK","WEIS MARKETS INC.","","Etats-Unis","NYSE","USD","139894","350000","XNYS","WMK","MIC:XNYS","Volume 139894 < Seuil 350000 (1 cotations testées)"
"CSR","CENTERSPACE INC.","","Etats-Unis","NYSE","USD","108484","350000","XNYS","CSR","MIC:XNYS","Volume 108484 < Seuil 350000 (1 cotations testées)"
"BHR","BRAEMAR HOTELS & RESORTS INC.","","Etats-Unis","NYSE","USD","241782","350000","XNYS","BHR","MIC:XNYS","Volume 241782 < Seuil 350000 (1 cotations testées)"
"MOV","MOVADO GROUP INC.","","Etats-Unis","NYSE","USD","224900","350000","XNYS","MOV","MIC:XNYS","Volume 224900 < Seuil 350000 (1 cotations testées)"
"BHE","BENCHMARK ELECTRONICS INC.","","Etats-Unis","NYSE","USD","307226","350000","XNYS","BHE","MIC:XNYS","Volume 307226 < Seuil 350000 (1 cotations testées)"
"HTBI","HOMETRUST BANCSHARES INC.","","Etats-Unis","NASDAQ","USD","296368","500000","XNAS","HTBI","MIC:XNAS","Volume 296368 < Seuil 500000 (2 cotations testées)"
"HTH","HILLTOP HOLDINGS INC.","","Etats-Unis","NYSE","USD","210030","350000","XNYS","HTH","MIC:XNYS","Volume 210030 < Seuil 350000 (1 cotations testées)"
"CTS","CTS CORPORATION","","Etats-Unis","NYSE","USD","144595","350000","XNYS","CTS","MIC:XNYS","Volume 144595 < Seuil 350000 (1 cotations testées)"
"MPLN","CLARITEV CORPORATION","","Etats-Unis","NYSE","USD","132980","350000","XNYS","MPLN","MIC:XNYS","Volume 132980 < Seuil 350000 (2 cotations testées)"
"CSV","CARRIAGE SERVICES INC.","","Etats-Unis","NYSE","USD","121640","350000","XNYS","CSV","MIC:XNYS","Volume 121640 < Seuil 350000 (1 cotations testées)"
"PINE","ALPINE INCOME PROPERTY TRUST, INC.","","Etats-Unis","NYSE","USD","98908","350000","XNYS","PINE","MIC:XNYS","Volume 98908 < Seuil 350000 (1 cotations testées)"
"HVT","HAVERTY FURNITURE COMPANIES INC.","","Etats-Unis","NYSE","USD","112600","350000","XNYS","HVT","MIC:XNYS","Volume 112600 < Seuil 350000 (1 cotations testées)"
"PKE","PARK AEROSPACE CORP","","Etats-Unis","NYSE","USD","182480","350000","XNYS","PKE","MIC:XNYS","Volume 182480 < Seuil 350000 (1 cotations testées)"
"HOV","HOVNANIAN ENTERPRISES INC.","","Etats-Unis","NYSE","USD","151120","350000","XNYS","HOV","MIC:XNYS","Volume 151120 < Seuil 350000 (1 cotations testées)"
"CRD.B","CRAWFORD & COMPANY","","Etats-Unis","NYSE","USD","23339","350000","XNYS","CRD.B","MIC:XNYS","Volume 23339 < Seuil 350000 (1 cotations testées)"
"GHM","GRAHAM CORPORATION","","Etats-Unis","NYSE","USD","191932","350000","XNYS","GHM","MIC:XNYS","Volume 191932 < Seuil 350000 (1 cotations testées)"
"CPS","COOPER-STANDARD HOLDINGS INC.","","Etats-Unis","NYSE","USD","154200","350000","XNYS","CPS","MIC:XNYS","Volume 154200 < Seuil 350000 (1 cotations testées)"
"GIC","GLOBAL INDUSTRIAL COMPANY","","Etats-Unis","NYSE","USD","114346","350000","XNYS","GIC","MIC:XNYS","Volume 114346 < Seuil 350000 (1 cotations testées)"
"HRTG","HERITAGE INSURANCE HOLDINGS, INC.","","Etats-Unis","NYSE","USD","235270","350000","XNYS","HRTG","MIC:XNYS","Volume 235270 < Seuil 350000 (1 cotations testées)"
"HSHP","HIMALAYA SHIPPING LTD.","","Etats-Unis","NYSE","USD","310408","350000","XNYS","HSHP","MIC:XNYS","Volume 310408 < Seuil 350000 (1 cotations testées)"
"GFF","GRIFFON CORPORATION","","Etats-Unis","NYSE","USD","285460","350000","XNYS","GFF","MIC:XNYS","Volume 285460 < Seuil 350000 (1 cotations testées)"
"PERF","PERFECT CORP.","","Etats-Unis","NYSE","USD","87078","350000","XNYS","PERF","MIC:XNYS","Volume 87078 < Seuil 350000 (1 cotations testées)"
"GGAZD","GOLDGROUP MINING INC.","","Etats-Unis","NYSE","USD","0","350000","XNYS","GGAZD","MIC:XNYS","Volume 0 < Seuil 350000 (1 cotations testées)"
"PEW","GRABAGUN DIGITAL HOLDINGS INC.","","Etats-Unis","NYSE","USD","226740","350000","XNYS","PEW","MIC:XNYS","Volume 226740 < Seuil 350000 (1 cotations testées)"
"WHK","WHITEHAWK MINERALS CORP.","","Etats-Unis","NYSE","USD","114190","350000","XNYS","WHK","MIC:XNYS","Volume 114190 < Seuil 350000 (1 cotations testées)"
"CABO","CABLE ONE INC.","","Etats-Unis","NYSE","USD","319536","350000","XNYS","CABO","MIC:XNYS","Volume 319536 < Seuil 350000 (1 cotations testées)"
"NWN","NORTHWEST NATURAL HOLDING COMPANY","","Etats-Unis","NYSE","USD","219990","350000","XNYS","NWN","MIC:XNYS","Volume 219990 < Seuil 350000 (1 cotations testées)"
"CAAP","CORP AMERICA AIRPORTS S.A.","","Etats-Unis","NYSE","USD","283755","350000","XNYS","CAAP","MIC:XNYS","Volume 283755 < Seuil 350000 (1 cotations testées)"
"NX","QUANEX BUILDING PRODUCTS CORPORATION","","Etats-Unis","NYSE","USD","231148","350000","XNYS","NX","MIC:XNYS","Volume 231148 < Seuil 350000 (1 cotations testées)"
"NHI","NATIONAL HEALTH INVESTORS, INC.","","Etats-Unis","NYSE","USD","289385","350000","XNYS","NHI","MIC:XNYS","Volume 289385 < Seuil 350000 (1 cotations testées)"
"NGVT","INGEVITY CORPORATION","","Etats-Unis","NYSE","USD","202437","350000","XNYS","NGVT","MIC:XNYS","Volume 202437 < Seuil 350000 (1 cotations testées)"
"NGVC","NATURAL GROCERS BY VITAMIN COTTAGE, INC.","","Etats-Unis","NYSE","USD","154650","350000","XNYS","NGVC","MIC:XNYS","Volume 154650 < Seuil 350000 (1 cotations testées)"
"NGS","NATURAL GAS SERVICES GROUP, INC.","","Etats-Unis","NYSE","USD","130940","350000","XNYS","NGS","MIC:XNYS","Volume 130940 < Seuil 350000 (1 cotations testées)"
"NXDT","NEXPOINT DIVERSIFIED REAL ESTATE TRUST","","Etats-Unis","NYSE","USD","202740","350000","XNYS","NXDT","MIC:XNYS","Volume 202740 < Seuil 350000 (1 cotations testées)"
"GRBK","GREEN BRICK PARTNERS INC.","","Etats-Unis","NYSE","USD","343800","350000","XNYS","GRBK","MIC:XNYS","Volume 343800 < Seuil 350000 (1 cotations testées)"
"CHMI","CHERRY HILL MORTGAGE INVESTMENT CORPORATION","","Etats-Unis","NYSE","USD","308383","350000","XNYS","CHMI","MIC:XNYS","Volume 308383 < Seuil 350000 (1 cotations testées)"
"BY","BYLINE BANCORP INC.","","Etats-Unis","NYSE","USD","235323","350000","XNYS","BY","MIC:XNYS","Volume 235323 < Seuil 350000 (1 cotations testées)"
"BXC","BLUELINX HOLDINGS INC.","","Etats-Unis","NYSE","USD","147944","350000","XNYS","BXC","MIC:XNYS","Volume 147944 < Seuil 350000 (1 cotations testées)"
"GRC","THE GORMAN-RUPP COMPANY","","Etats-Unis","NYSE","USD","128084","350000","XNYS","GRC","MIC:XNYS","Volume 128084 < Seuil 350000 (1 cotations testées)"
"NXRT","NEXPOINT RESIDENTIAL TRUST INC.","","Etats-Unis","NYSE","USD","327300","350000","XNYS","NXRT","MIC:XNYS","Volume 327300 < Seuil 350000 (1 cotations testées)"
"CHCT","COMMUNITY HEALTHCARE TRUST INC.","","Etats-Unis","NYSE","USD","335674","350000","XNYS","CHCT","MIC:XNYS","Volume 335674 < Seuil 350000 (1 cotations testées)"
"CHE","CHEMED CORPORATION","","Etats-Unis","NYSE","USD","155507","350000","XNYS","CHE","MIC:XNYS","Volume 155507 < Seuil 350000 (1 cotations testées)"
"NLOP","NET LEASE OFFICE PROPERTIES.","","Etats-Unis","NYSE","USD","73183","350000","XNYS","NLOP","MIC:XNYS","Volume 73183 < Seuil 350000 (1 cotations testées)"
"NOTE","FISCALNOTE HOLDINGS, INC.","","Etats-Unis","NYSE","USD","288238","350000","XNYS","NOTE","MIC:XNYS","Volume 288238 < Seuil 350000 (1 cotations testées)"
"CBL","CBL & ASSOCIATES PROPERTIES, INC.","","Etats-Unis","NYSE","USD","181850","350000","XNYS","CBL","MIC:XNYS","Volume 181850 < Seuil 350000 (1 cotations testées)"
"CBAN","COLONY BANKCORP INC.","","Etats-Unis","NYSE","USD","133130","350000","XNYS","CBAN","MIC:XNYS","Volume 133130 < Seuil 350000 (1 cotations testées)"
"NPB","NORTHPOINTE BANCSHARES INC.","","Etats-Unis","NYSE","USD","199839","350000","XNYS","NPB","MIC:XNYS","Volume 199839 < Seuil 350000 (1 cotations testées)"
"CBT","CABOT CORPORATION","","Etats-Unis","NYSE","USD","334269","350000","XNYS","CBT","MIC:XNYS","Volume 334269 < Seuil 350000 (1 cotations testées)"
"CCS","CENTURY COMMUNITIES, INC.","","Etats-Unis","NYSE","USD","256292","350000","XNYS","CCS","MIC:XNYS","Volume 256292 < Seuil 350000 (1 cotations testées)"
"GTLS","CHART INDUSTRIES INC.","","Etats-Unis","NYSE","USD","0","350000","XNYS","GTLS","MIC:XNYS","Volume 0 < Seuil 350000 (1 cotations testées)"
"CDRE","CADRE HOLDINGS INC.","","Etats-Unis","NYSE","USD","294810","350000","XNYS","CDRE","MIC:XNYS","Volume 294810 < Seuil 350000 (1 cotations testées)"
"CBU","COMMUNITY BANK SYSTEM, INC.","","Etats-Unis","NYSE","USD","172741","350000","XNYS","CBU","MIC:XNYS","Volume 172741 < Seuil 350000 (1 cotations testées)"
"NSA","NATIONAL STORAGE AFFILIATES TRUST","","Etats-Unis","NYSE","USD","0","350000","XNYS","NSA","MIC:XNYS","Volume 0 < Seuil 350000 (2 cotations testées)"
"GSL","GLOBAL SHIP LEASE INC.","","Etats-Unis","NYSE","USD","314532","350000","XNYS","GSL","MIC:XNYS","Volume 314532 < Seuil 350000 (1 cotations testées)"
"NINE","NINE ENERGY SERVICE INC.","","Etats-Unis","NYSE","USD","150266","350000","XNYS","NINE","MIC:XNYS","Volume 150266 < Seuil 350000 (1 cotations testées)"
"NIC","NICOLET BANKSHARES INC.","","Etats-Unis","NYSE","USD","134690","350000","XNYS","NIC","MIC:XNYS","Volume 134690 < Seuil 350000 (1 cotations testées)"
"NSP","INSPERITY INC.","","Etats-Unis","NYSE","USD","312601","350000","XNYS","NSP","MIC:XNYS","Volume 312601 < Seuil 350000 (1 cotations testées)"
"NTB","THE BANK OF N.T. BUTTERFIELD & SON LIMITED","","Etats-Unis","NYSE","USD","179257","350000","XNYS","NTB","MIC:XNYS","Volume 179257 < Seuil 350000 (1 cotations testées)"
"CATO","CATO CORPORATION","","Etats-Unis","NYSE","USD","291210","350000","XNYS","CATO","MIC:XNYS","Volume 291210 < Seuil 350000 (1 cotations testées)"
"NRDY","NERDY INC.","","Etats-Unis","NYSE","USD","38144","350000","XNYS","NRDY","MIC:XNYS","Volume 38144 < Seuil 350000 (1 cotations testées)"
"TBN","TAMBORAN RESOURCES CORPORATION","","Etats-Unis","NYSE","USD","100831","350000","XNYS","TBN","MIC:XNYS","Volume 100831 < Seuil 350000 (1 cotations testées)"
"CLW","CLEARWATER PAPER CORPORATION","","Etats-Unis","NYSE","USD","201100","350000","XNYS","CLW","MIC:XNYS","Volume 201100 < Seuil 350000 (1 cotations testées)"
"CNS","COHEN & STEERS INC.","","Etats-Unis","NYSE","USD","221537","350000","XNYS","CNS","MIC:XNYS","Volume 221537 < Seuil 350000 (1 cotations testées)"
"BRC","BRADY CORPORATION","","Etats-Unis","NYSE","USD","154030","350000","XNYS","BRC","MIC:XNYS","Volume 154030 < Seuil 350000 (1 cotations testées)"
"CNA","CNA FINANCIAL CORPORATION","","Etats-Unis","NYSE","USD","306169","350000","XNYS","CNA","MIC:XNYS","Volume 306169 < Seuil 350000 (1 cotations testées)"
"CNMD","CONMED CORPORATION","","Etats-Unis","NYSE","USD","313122","350000","XNYS","CNMD","MIC:XNYS","Volume 313122 < Seuil 350000 (1 cotations testées)"
"GPMT","GRANITE POINT MORTGAGE TRUST INC.","","Etats-Unis","NYSE","USD","247871","350000","XNYS","GPMT","MIC:XNYS","Volume 247871 < Seuil 350000 (1 cotations testées)"
"CINT","CI&T INC.","","Etats-Unis","NYSE","USD","88830","350000","XNYS","CINT","MIC:XNYS","Volume 88830 < Seuil 350000 (1 cotations testées)"
"NCDL","NUVEEN CHURCHILL DIRECT LENDING CORP.","","Etats-Unis","NYSE","USD","132940","350000","XNYS","NCDL","MIC:XNYS","Volume 132940 < Seuil 350000 (1 cotations testées)"
"ODC","OIL-DRI CORPORATION OF AMERICA","","Etats-Unis","NYSE","USD","101645","350000","XNYS","ODC","MIC:XNYS","Volume 101645 < Seuil 350000 (1 cotations testées)"
"GPOR","GULFPORT ENERGY CORPORATION","","Etats-Unis","NYSE","USD","242510","350000","XNYS","GPOR","MIC:XNYS","Volume 242510 < Seuil 350000 (1 cotations testées)"
"OBK","ORIGIN BANCORP INC.","","Etats-Unis","NYSE","USD","179750","350000","XNYS","OBK","MIC:XNYS","Volume 179750 < Seuil 350000 (1 cotations testées)"
"CLDT-A","CHATHAM LODGING TRUST","","Etats-Unis","NYSE","USD","17912","350000","XNYS","CLDT-A","MIC:XNYS","Volume 17912 < Seuil 350000 (2 cotations testées)"
"WFG","WEST FRASER TIMBER CO. LTD.","","Etats-Unis","NYSE","USD","238129","350000","XNYS","WFG","MIC:XNYS","Volume 238129 < Seuil 350000 (1 cotations testées)"
"OFG","OFG BANCORP","","Etats-Unis","NYSE","USD","225835","350000","XNYS","OFG","MIC:XNYS","Volume 225835 < Seuil 350000 (1 cotations testées)"
"HCI","HCI GROUP, INC.","","Etats-Unis","NYSE","USD","135518","350000","XNYS","HCI","MIC:XNYS","Volume 135518 < Seuil 350000 (1 cotations testées)"
"TBI","TRUEBLUE INC.","","Etats-Unis","NYSE","USD","287621","350000","XNYS","TBI","MIC:XNYS","Volume 287621 < Seuil 350000 (1 cotations testées)"
"NBR","NABORS INDUSTRIES LTD.","","Etats-Unis","NYSE","USD","216600","350000","XNYS","NBR","MIC:XNYS","Volume 216600 < Seuil 350000 (1 cotations testées)"
"LNN","LINDSAY CORPORATION","","Etats-Unis","NYSE","USD","131234","350000","XNYS","LNN","MIC:XNYS","Volume 131234 < Seuil 350000 (1 cotations testées)"
"AVX","AVAX ONE TECHNOLOGY LTD.","","Etats-Unis","NYSE","USD","47440","350000","XNYS","AVX","MIC:XNYS","Volume 47440 < Seuil 350000 (1 cotations testées)"
"PXED","PHOENIX EDUCATION PARTNERS, INC.","","Etats-Unis","NYSE","USD","81927","350000","XNYS","PXED","MIC:XNYS","Volume 81927 < Seuil 350000 (1 cotations testées)"
"FVR","FRONTVIEW REIT INC.","","Etats-Unis","NYSE","USD","274580","350000","XNYS","FVR","MIC:XNYS","Volume 274580 < Seuil 350000 (1 cotations testées)"
"AWR","AMERICAN STATES WATER CO.","","Etats-Unis","NYSE","USD","184440","350000","XNYS","AWR","MIC:XNYS","Volume 184440 < Seuil 350000 (1 cotations testées)"
"AX","AXOS FINANCIAL INC.","","Etats-Unis","NYSE","USD","251760","350000","XNYS","AX","MIC:XNYS","Volume 251760 < Seuil 350000 (1 cotations testées)"
"FPH","FIVE POINT HOLDINGS LLC","","Etats-Unis","NYSE","USD","128535","350000","XNYS","FPH","MIC:XNYS","Volume 128535 < Seuil 350000 (1 cotations testées)"
"TFII","TFI INTERNATIONAL INC.","","Etats-Unis","NYSE","USD","302080","350000","XNYS","TFII","MIC:XNYS","Volume 302080 < Seuil 350000 (1 cotations testées)"
"BESS","BIMERGEN ENERGY CORP.","","Etats-Unis","NYSE","USD","88321","350000","XNYS","BESS","MIC:XNYS","Volume 88321 < Seuil 350000 (1 cotations testées)"
"LOB","LIVE OAK BANCSHARES INC.","","Etats-Unis","NYSE","USD","196960","350000","XNYS","LOB","MIC:XNYS","Volume 196960 < Seuil 350000 (1 cotations testées)"
"AVNS","AVANOS MEDICAL INC.","","Etats-Unis","NYSE","USD","0","350000","XNYS","AVNS","MIC:XNYS","Volume 0 < Seuil 350000 (1 cotations testées)"
"PRSU","PURSUIT ATTRACTIONS AND HOSPITALITY","","Etats-Unis","NYSE","USD","252354","350000","XNYS","PRSU","MIC:XNYS","Volume 252354 < Seuil 350000 (1 cotations testées)"
"WSR","WHITESTONE REIT","","Etats-Unis","NYSE","USD","128264","350000","XNYS","WSR","MIC:XNYS","Volume 128264 < Seuil 350000 (1 cotations testées)"
"PRLB","PROTO LABS INC.","","Etats-Unis","NYSE","USD","171007","350000","XNYS","PRLB","MIC:XNYS","Volume 171007 < Seuil 350000 (1 cotations testées)"
"PSTL","POSTAL REALTY TRUST, INC.","","Etats-Unis","NYSE","USD","264377","350000","XNYS","PSTL","MIC:XNYS","Volume 264377 < Seuil 350000 (1 cotations testées)"
"TG","TREDEGAR CORPORATION","","Etats-Unis","NYSE","USD","163455","350000","XNYS","TG","MIC:XNYS","Volume 163455 < Seuil 350000 (1 cotations testées)"
"MG","MISTRAS GROUP INC","","Etats-Unis","NYSE","USD","250998","350000","XNYS","MG","MIC:XNYS","Volume 250998 < Seuil 350000 (1 cotations testées)"
"ASIX","ADVANSIX INC.","","Etats-Unis","NYSE","USD","273415","350000","XNYS","ASIX","MIC:XNYS","Volume 273415 < Seuil 350000 (1 cotations testées)"
"PSBD","PALMER SQUARE CAPITAL BDC INC.","","Etats-Unis","NYSE","USD","66117","350000","XNYS","PSBD","MIC:XNYS","Volume 66117 < Seuil 350000 (1 cotations testées)"
"SPB","SPECTRUM BRANDS HOLDINGS INC.","","Etats-Unis","NYSE","USD","313129","350000","XNYS","SPB","MIC:XNYS","Volume 313129 < Seuil 350000 (1 cotations testées)"
"AZZ","AZZ INC.","","Etats-Unis","NYSE","USD","225730","350000","XNYS","AZZ","MIC:XNYS","Volume 225730 < Seuil 350000 (1 cotations testées)"
"IPI","INTREPID POTASH INC.","","Etats-Unis","NYSE","USD","213290","350000","XNYS","IPI","MIC:XNYS","Volume 213290 < Seuil 350000 (1 cotations testées)"
"SWX","SOUTHWEST GAS HOLDINGS INC.","","Etats-Unis","NYSE","USD","349920","350000","XNYS","SWX","MIC:XNYS","Volume 349920 < Seuil 350000 (1 cotations testées)"
"DIN","DINE BRANDS GLOBAL INC.","","Etats-Unis","NYSE","USD","266800","350000","XNYS","DIN","MIC:XNYS","Volume 266800 < Seuil 350000 (1 cotations testées)"
"SST","SYSTEM1 INC.","","Etats-Unis","NYSE","USD","103900","350000","XNYS","SST","MIC:XNYS","Volume 103900 < Seuil 350000 (1 cotations testées)"
"INR","INFINITY NATURAL RESOURCES, INC.","","Etats-Unis","NYSE","USD","311102","350000","XNYS","INR","MIC:XNYS","Volume 311102 < Seuil 350000 (1 cotations testées)"
"MITT","AG MORTGAGE INVESTMENT TRUST INC.","","Etats-Unis","NYSE","USD","213082","350000","XNYS","MITT","MIC:XNYS","Volume 213082 < Seuil 350000 (1 cotations testées)"
"STC","STEWART INFORMATION SERVICES CORPORATION","","Etats-Unis","NYSE","USD","148817","350000","XNYS","STC","MIC:XNYS","Volume 148817 < Seuil 350000 (1 cotations testées)"
"STEL","STELLAR BANCORP INC.","","Etats-Unis","NYSE","USD","318","350000","XNYS","STEL","MIC:XNYS","Volume 318 < Seuil 350000 (1 cotations testées)"
"LCII","LCI INDUSTRIES INC.","","Etats-Unis","NYSE","USD","265822","350000","XNYS","LCII","MIC:XNYS","Volume 265822 < Seuil 350000 (1 cotations testées)"
"DMC","FRESH DEL MONTE PRODUCE INC.","","Etats-Unis","NYSE","USD","276631","350000","XNYS","DMC","MIC:XNYS","Volume 276631 < Seuil 350000 (1 cotations testées)"
"SRG","SERITAGE GROWTH PROPERTIES","","Etats-Unis","NYSE","USD","161484","350000","XNYS","SRG","MIC:XNYS","Volume 161484 < Seuil 350000 (1 cotations testées)"
"LAW","CS DISCO INC.","","Etats-Unis","NYSE","USD","217124","350000","XNYS","LAW","MIC:XNYS","Volume 217124 < Seuil 350000 (1 cotations testées)"
"SRI","STONERIDGE INC.","","Etats-Unis","NYSE","USD","104167","350000","XNYS","SRI","MIC:XNYS","Volume 104167 < Seuil 350000 (1 cotations testées)"
"SSD","SIMPSON MANUFACTURING CO., INC.","","Etats-Unis","NYSE","USD","220530","350000","XNYS","SSD","MIC:XNYS","Volume 220530 < Seuil 350000 (1 cotations testées)"
"ATR","APTARGROUP, INC.","","Etats-Unis","NYSE","USD","347037","350000","XNYS","ATR","MIC:XNYS","Volume 347037 < Seuil 350000 (1 cotations testées)"
"MHO","M/I HOMES INC.","","Etats-Unis","NYSE","USD","183623","350000","XNYS","MHO","MIC:XNYS","Volume 183623 < Seuil 350000 (1 cotations testées)"
"DHX","DHI GROUP, INC.","","Etats-Unis","NYSE","USD","280920","350000","XNYS","DHX","MIC:XNYS","Volume 280920 < Seuil 350000 (1 cotations testées)"
"LB","LANDBRIDGE COMPANY LLC","","Etats-Unis","NYSE","USD","329140","350000","XNYS","LB","MIC:XNYS","Volume 329140 < Seuil 350000 (1 cotations testées)"
"VEL","VELOCITY FINANCIAL INC.","","Etats-Unis","NYSE","USD","105536","350000","XNYS","VEL","MIC:XNYS","Volume 105536 < Seuil 350000 (1 cotations testées)"
"AUNA","AUNA S.A.","","Etats-Unis","NYSE","USD","265470","350000","XNYS","AUNA","MIC:XNYS","Volume 265470 < Seuil 350000 (1 cotations testées)"
"DCO","DUCOMMUN INC.","","Etats-Unis","NYSE","USD","259778","350000","XNYS","DCO","MIC:XNYS","Volume 259778 < Seuil 350000 (1 cotations testées)"
"IDT","IDT CORPORATION","","Etats-Unis","NYSE","USD","145355","350000","XNYS","IDT","MIC:XNYS","Volume 145355 < Seuil 350000 (1 cotations testées)"
"GDOT","GREEN DOT CORPORATION","","Etats-Unis","NYSE","USD","280060","350000","XNYS","GDOT","MIC:XNYS","Volume 280060 < Seuil 350000 (1 cotations testées)"
"CURR","CURE PHARMACEUTICAL HOLDING CORP.","","Etats-Unis","NASDAQ","USD","207084","500000","XNAS","CURR","MIC:XNAS","Volume 207084 < Seuil 500000 (2 cotations testées)"
"CVEO","CIVEO CORPORATION","","Etats-Unis","NYSE","USD","77720","350000","XNYS","CVEO","MIC:XNYS","Volume 77720 < Seuil 350000 (1 cotations testées)"
"DVD","DOVER MOTORSPORTS INC","","Etats-Unis","NYSE","USD","141890","350000","XNYS","DVD","MIC:XNYS","Volume 141890 < Seuil 350000 (1 cotations testées)"
"PRA","PROASSURANCE CORPORATION","","Etats-Unis","NYSE","USD","9088","350000","XNYS","PRA","MIC:XNYS","Volume 9088 < Seuil 350000 (1 cotations testées)"
"CVLG","COVENANT LOGISTICS GROUP INC.","","Etats-Unis","NYSE","USD","169974","350000","XNYS","CVLG","MIC:XNYS","Volume 169974 < Seuil 350000 (1 cotations testées)"
"DAC","DANAOS CORPORATION","","Etats-Unis","NYSE","USD","114035","350000","XNYS","DAC","MIC:XNYS","Volume 114035 < Seuil 350000 (1 cotations testées)"
"GCO","GENESCO INC.","","Etats-Unis","NYSE","USD","232050","350000","XNYS","GCO","MIC:XNYS","Volume 232050 < Seuil 350000 (1 cotations testées)"
"CWAN","CLEARWATER ANALYTICS HOLDINGS INC.","","Etats-Unis","NYSE","USD","0","350000","XNYS","CWAN","MIC:XNYS","Volume 0 < Seuil 350000 (1 cotations testées)"
"IBTA","IBOTTA INC.","","Etats-Unis","NYSE","USD","160551","350000","XNYS","IBTA","MIC:XNYS","Volume 160551 < Seuil 350000 (1 cotations testées)"
"SMP","STANDARD MOTOR PRODUCTS, INC.","","Etats-Unis","NYSE","USD","131100","350000","XNYS","SMP","MIC:XNYS","Volume 131100 < Seuil 350000 (1 cotations testées)"
"BDC","BELDEN INC.","","Etats-Unis","NYSE","USD","327124","350000","XNYS","BDC","MIC:XNYS","Volume 327124 < Seuil 350000 (1 cotations testées)"
"BCC","BOISE CASCADE COMPANY","","Etats-Unis","NYSE","USD","244846","350000","XNYS","BCC","MIC:XNYS","Volume 244846 < Seuil 350000 (1 cotations testées)"
"TGLS","TECNOGLASS HOLDINGS INC.","","Etats-Unis","NYSE","USD","228779","350000","XNYS","TGLS","MIC:XNYS","Volume 228779 < Seuil 350000 (1 cotations testées)"
"CVSA","ADTALEM GLOBAL EDUCATION INC.","","Etats-Unis","NYSE","USD","333188","350000","XNYS","CVSA","MIC:XNYS","Volume 333188 < Seuil 350000 (1 cotations testées)"
"CYD","CHINA YUCHAI INTERNATIONAL LTD","","Etats-Unis","NYSE","USD","151022","350000","XNYS","CYD","MIC:XNYS","Volume 151022 < Seuil 350000 (1 cotations testées)"
"GATX","GATX CORPORATION","","Etats-Unis","NYSE","USD","185597","350000","XNYS","GATX","MIC:XNYS","Volume 185597 < Seuil 350000 (1 cotations testées)"
"IIPR","INNOVATIVE INDUSTRIAL PROPERTIES INC.","","Etats-Unis","NYSE","USD","299871","350000","XNYS","IIPR","MIC:XNYS","Volume 299871 < Seuil 350000 (1 cotations testées)"
"IIIN","INSTEEL INDUSTRIES INC.","","Etats-Unis","NYSE","USD","232709","350000","XNYS","IIIN","MIC:XNYS","Volume 232709 < Seuil 350000 (1 cotations testées)"
"LFT","LUMENT FINANCE TRUST INC.","","Etats-Unis","NYSE","USD","227000","350000","XNYS","LFT","MIC:XNYS","Volume 227000 < Seuil 350000 (2 cotations testées)"
"MMI","MARCUS & MILLICHAP INC.","","Etats-Unis","NYSE","USD","104556","350000","XNYS","MMI","MIC:XNYS","Volume 104556 < Seuil 350000 (1 cotations testées)"
"DBD","DIEBOLD NIXDORF INC.","","Etats-Unis","NYSE","USD","306276","350000","XNYS","DBD","MIC:XNYS","Volume 306276 < Seuil 350000 (1 cotations testées)"
"WS","WORTHINGTON STEEL, INC.","","Etats-Unis","NYSE","USD","245450","350000","XNYS","WS","MIC:XNYS","Volume 245450 < Seuil 350000 (1 cotations testées)"
"PLOW","DOUGLAS DYNAMICS INC.","","Etats-Unis","NYSE","USD","204800","350000","XNYS","PLOW","MIC:XNYS","Volume 204800 < Seuil 350000 (1 cotations testées)"
"SMBK","SMARTFINANCIAL INC.","","Etats-Unis","NYSE","USD","89980","350000","XNYS","SMBK","MIC:XNYS","Volume 89980 < Seuil 350000 (1 cotations testées)"
"FOR","FORESTAR GROUP INC.","","Etats-Unis","NYSE","USD","103412","350000","XNYS","FOR","MIC:XNYS","Volume 103412 < Seuil 350000 (1 cotations testées)"
"WOR","WORTHINGTON ENTERPRISES INC.","","Etats-Unis","NYSE","USD","219958","350000","XNYS","WOR","MIC:XNYS","Volume 219958 < Seuil 350000 (1 cotations testées)"
"IFS","INTERCORP FINANCIAL SERVICES INC.","","Etats-Unis","NYSE","USD","242359","350000","XNYS","IFS","MIC:XNYS","Volume 242359 < Seuil 350000 (1 cotations testées)"
"GBX","GREENBRIER COMPANIES, INC.","","Etats-Unis","NYSE","USD","270916","350000","XNYS","GBX","MIC:XNYS","Volume 270916 < Seuil 350000 (1 cotations testées)"
"CURV","TORRID HOLDINGS INC.","","Etats-Unis","NYSE","USD","152145","350000","XNYS","CURV","MIC:XNYS","Volume 152145 < Seuil 350000 (1 cotations testées)"
"GEF","GREIF INC.","","Etats-Unis","NYSE","USD","230788","350000","XNYS","GEF","MIC:XNYS","Volume 230788 < Seuil 350000 (2 cotations testées)"
"CUBI","CUSTOMERS BANCORP INC.","","Etats-Unis","NYSE","USD","272658","350000","XNYS","CUBI","MIC:XNYS","Volume 272658 < Seuil 350000 (1 cotations testées)"
"SLVM","SYLVAMO CORPORATION","","Etats-Unis","NYSE","USD","224816","350000","XNYS","SLVM","MIC:XNYS","Volume 224816 < Seuil 350000 (1 cotations testées)"
"NMFC","NEW MOUNTAIN FINANCE CORPORATION","","Etats-Unis","NASDAQ","USD","387214","500000","XNAS","NMFC","MIC:XNAS","Volume 387214 < Seuil 500000 (1 cotations testées)"
"OCTVV","OCTAVE INTELLIGENCE PLC","","Etats-Unis","NASDAQ","USD","0","500000","XNAS","OCTVV","MIC:XNAS","Volume 0 < Seuil 500000 (1 cotations testées)"
"MFPVV","MIDERA FOOD PROCESSING, INC. WHEN-ISSUED COMMON STOCK","","Etats-Unis","NASDAQ","USD","0","500000","XNAS","MFPVV","MIC:XNAS","Volume 0 < Seuil 500000 (1 cotations testées)"
"LQDT","LIQUIDITY SERVICES INC.","","Etats-Unis","NASDAQ","USD","204321","500000","XNAS","LQDT","MIC:XNAS","Volume 204321 < Seuil 500000 (1 cotations testées)"
"NWE","NORTHWESTERN ENERGY GROUP, INC.","","Etats-Unis","NASDAQ","USD","356949","500000","XNAS","NWE","MIC:XNAS","Volume 356949 < Seuil 500000 (1 cotations testées)"
"AARD","AARDVARK THERAPEUTICS, INC.","","Etats-Unis","NASDAQ","USD","142634","500000","XNAS","AARD","MIC:XNAS","Volume 142634 < Seuil 500000 (1 cotations testées)"
"NSLR","NEOSTELLAR CAPITAL CORP.","","Etats-Unis","NASDAQ","USD","198039","500000","XNAS","NSLR","MIC:XNAS","Volume 198039 < Seuil 500000 (1 cotations testées)"
"KELYA","KELLY SERVICES INC.","","Etats-Unis","NASDAQ","USD","305321","500000","XNAS","KELYA","MIC:XNAS","Volume 305321 < Seuil 500000 (1 cotations testées)"
"NTGR","NETGEAR INC.","","Etats-Unis","NASDAQ","USD","362822","500000","XNAS","NTGR","MIC:XNAS","Volume 362822 < Seuil 500000 (1 cotations testées)"
"ABOS","ACUMEN PHARMACEUTICALS, INC.","","Etats-Unis","NASDAQ","USD","404386","500000","XNAS","ABOS","MIC:XNAS","Volume 404386 < Seuil 500000 (1 cotations testées)"
"NUVL","NUVALENT, INC.","","Etats-Unis","NASDAQ","USD","0","500000","XNAS","NUVL","MIC:XNAS","Volume 0 < Seuil 500000 (1 cotations testées)"
"NWPX","NWPX INFRASTRUCTURE, INC.","","Etats-Unis","NASDAQ","USD","119503","500000","XNAS","NWPX","MIC:XNAS","Volume 119503 < Seuil 500000 (1 cotations testées)"
"MGX","METAGENOMI, INC.","","Etats-Unis","NASDAQ","USD","139043","500000","XNAS","MGX","MIC:XNAS","Volume 139043 < Seuil 500000 (1 cotations testées)"
"LAWS","LAWSON PRODUCTS INC-DE","","Etats-Unis","NASDAQ","USD","192046","500000","XNAS","LAWS","MIC:XNAS","Volume 192046 < Seuil 500000 (1 cotations testées)"
"NOVT","NOVANTA INC.","","Etats-Unis","NASDAQ","USD","341585","500000","XNAS","NOVT","MIC:XNAS","Volume 341585 < Seuil 500000 (1 cotations testées)"
"MGPI","MGP INGREDIENTS INC.","","Etats-Unis","NASDAQ","USD","186678","500000","XNAS","MGPI","MIC:XNAS","Volume 186678 < Seuil 500000 (1 cotations testées)"
"NFBK","NORTHFIELD BANCORP INC.","","Etats-Unis","NASDAQ","USD","0","500000","XNAS","NFBK","MIC:XNAS","Volume 0 < Seuil 500000 (1 cotations testées)"
"MGEE","MGE ENERGY INC.","","Etats-Unis","NASDAQ","USD","137036","500000","XNAS","MGEE","MIC:XNAS","Volume 137036 < Seuil 500000 (1 cotations testées)"
"NSIT","INSIGHT ENTERPRISES INC.","","Etats-Unis","NASDAQ","USD","253654","500000","XNAS","NSIT","MIC:XNAS","Volume 253654 < Seuil 500000 (1 cotations testées)"
"THRM","GENTHERM INC.","","Etats-Unis","NASDAQ","USD","285331","500000","XNAS","THRM","MIC:XNAS","Volume 285331 < Seuil 500000 (1 cotations testées)"
"MZTI","THE MARZETTI COMPANY","","Etats-Unis","NASDAQ","USD","394310","500000","XNAS","MZTI","MIC:XNAS","Volume 394310 < Seuil 500000 (2 cotations testées)"
"NRIM","NORTHRIM BANCORP, INC.","","Etats-Unis","NASDAQ","USD","123645","500000","XNAS","NRIM","MIC:XNAS","Volume 123645 < Seuil 500000 (1 cotations testées)"
"NXTC","NEXTCURE, INC.","","Etats-Unis","NASDAQ","USD","122880","500000","XNAS","NXTC","MIC:XNAS","Volume 122880 < Seuil 500000 (1 cotations testées)"
"KE","KIMBALL ELECTRONICS INC.","","Etats-Unis","NASDAQ","USD","221639","500000","XNAS","KE","MIC:XNAS","Volume 221639 < Seuil 500000 (1 cotations testées)"
"KVHI","KVH INDUSTRIES INC.","","Etats-Unis","NASDAQ","USD","158569","500000","XNAS","KVHI","MIC:XNAS","Volume 158569 < Seuil 500000 (1 cotations testées)"
"AGYS","AGILYSYS INC.","","Etats-Unis","NASDAQ","USD","255962","500000","XNAS","AGYS","MIC:XNAS","Volume 255962 < Seuil 500000 (1 cotations testées)"
"PCRX","PACIRA BIOSCIENCES INC.","","Etats-Unis","NASDAQ","USD","483551","500000","XNAS","PCRX","MIC:XNAS","Volume 483551 < Seuil 500000 (1 cotations testées)"
"MRTN","MARTEN TRANSPORT, LTD.","","Etats-Unis","NASDAQ","USD","426111","500000","XNAS","MRTN","MIC:XNAS","Volume 426111 < Seuil 500000 (1 cotations testées)"
"TMCI","TREACE MEDICAL CONCEPTS, INC.","","Etats-Unis","NASDAQ","USD","299100","500000","XNAS","TMCI","MIC:XNAS","Volume 299100 < Seuil 500000 (1 cotations testées)"
"PEBO","PEOPLES BANCORP INC.","","Etats-Unis","NASDAQ","USD","217408","500000","XNAS","PEBO","MIC:XNAS","Volume 217408 < Seuil 500000 (1 cotations testées)"
"LGIH","LGI HOMES INC.","","Etats-Unis","NASDAQ","USD","217264","500000","XNAS","LGIH","MIC:XNAS","Volume 217264 < Seuil 500000 (1 cotations testées)"
"LIME","NEUTRON HOLDINGS, INC.","","Etats-Unis","NASDAQ","USD","350703","500000","XNAS","LIME","MIC:XNAS","Volume 350703 < Seuil 500000 (1 cotations testées)"
"MSEX","MIDDLESEX WATER COMPANY","","Etats-Unis","NASDAQ","USD","129809","500000","XNAS","MSEX","MIC:XNAS","Volume 129809 < Seuil 500000 (1 cotations testées)"
"ADUS","ADDUS HOMECARE CORPORATION","","Etats-Unis","NASDAQ","USD","191690","500000","XNAS","ADUS","MIC:XNAS","Volume 191690 < Seuil 500000 (1 cotations testées)"
"MMYT","MAKEMYTRIP LIMITED","","Etats-Unis","NASDAQ","USD","382939","500000","XNAS","MMYT","MIC:XNAS","Volume 382939 < Seuil 500000 (1 cotations testées)"
"PRGS","PROGRESS SOFTWARE CORPORATION","","Etats-Unis","NASDAQ","USD","430434","500000","XNAS","PRGS","MIC:XNAS","Volume 430434 < Seuil 500000 (1 cotations testées)"
"MSBI","MIDLAND STATES BANCORP INC.","","Etats-Unis","NASDAQ","USD","157858","500000","XNAS","MSBI","MIC:XNAS","Volume 157858 < Seuil 500000 (1 cotations testées)"
"MBX","MBX BIOSCIENCES, INC.","","Etats-Unis","NASDAQ","USD","406384","500000","XNAS","MBX","MIC:XNAS","Volume 406384 < Seuil 500000 (1 cotations testées)"
"TITN","TITAN MACHINERY INC.","","Etats-Unis","NASDAQ","USD","352958","500000","XNAS","TITN","MIC:XNAS","Volume 352958 < Seuil 500000 (1 cotations testées)"
"LMRI","LUMEXA IMAGING HOLDINGS, INC.","","Etats-Unis","NASDAQ","USD","465731","500000","XNAS","LMRI","MIC:XNAS","Volume 465731 < Seuil 500000 (1 cotations testées)"
"PBLS","PARABILIS MEDICINES, INC.","","Etats-Unis","NASDAQ","USD","380702","500000","XNAS","PBLS","MIC:XNAS","Volume 380702 < Seuil 500000 (1 cotations testées)"
"PBYI","PUMA BIOTECHNOLOGY INC.","","Etats-Unis","NASDAQ","USD","280423","500000","XNAS","PBYI","MIC:XNAS","Volume 280423 < Seuil 500000 (1 cotations testées)"
"PATK","PATRICK INDUSTRIES INC.","","Etats-Unis","NASDAQ","USD","416603","500000","XNAS","PATK","MIC:XNAS","Volume 416603 < Seuil 500000 (1 cotations testées)"
"ACT","ENACT HOLDINGS, INC.","","Etats-Unis","NASDAQ","USD","309241","500000","XNAS","ACT","MIC:XNAS","Volume 309241 < Seuil 500000 (1 cotations testées)"
"PMVP","PMV PHARMACEUTICALS, INC.","","Etats-Unis","NASDAQ","USD","188239","500000","XNAS","PMVP","MIC:XNAS","Volume 188239 < Seuil 500000 (1 cotations testées)"
"ACTG","ACACIA RESEARCH CORPORATION","","Etats-Unis","NASDAQ","USD","174333","500000","XNAS","ACTG","MIC:XNAS","Volume 174333 < Seuil 500000 (1 cotations testées)"
"PLUS","EPLUS INC.","","Etats-Unis","NASDAQ","USD","186579","500000","XNAS","PLUS","MIC:XNAS","Volume 186579 < Seuil 500000 (1 cotations testées)"
"LKFN","LAKELAND FINANCIAL CORPORATION","","Etats-Unis","NASDAQ","USD","133481","500000","XNAS","LKFN","MIC:XNAS","Volume 133481 < Seuil 500000 (1 cotations testées)"
"PLBL","POLIBELI GROUP LTD","","Etats-Unis","NASDAQ","USD","394500","500000","XNAS","PLBL","MIC:XNAS","Volume 394500 < Seuil 500000 (1 cotations testées)"
"PLRX","PLIANT THERAPEUTICS INC.","","Etats-Unis","NASDAQ","USD","467074","500000","XNAS","PLRX","MIC:XNAS","Volume 467074 < Seuil 500000 (1 cotations testées)"
"PLCE","THE CHILDREN'S PLACE, INC.","","Etats-Unis","NASDAQ","USD","238644","500000","XNAS","PLCE","MIC:XNAS","Volume 238644 < Seuil 500000 (1 cotations testées)"
"PNTG","THE PENNANT GROUP, INC.","","Etats-Unis","NASDAQ","USD","231456","500000","XNAS","PNTG","MIC:XNAS","Volume 231456 < Seuil 500000 (1 cotations testées)"
"PRAA","PRA GROUP INC.","","Etats-Unis","NASDAQ","USD","333534","500000","XNAS","PRAA","MIC:XNAS","Volume 333534 < Seuil 500000 (1 cotations testées)"
"PERI","PERION NETWORK LTD.","","Etats-Unis","NASDAQ","USD","285302","500000","XNAS","PERI","MIC:XNAS","Volume 285302 < Seuil 500000 (1 cotations testées)"
"PETS","PETMED EXPRESS INC.","","Etats-Unis","NASDAQ","USD","86053","500000","XNAS","PETS","MIC:XNAS","Volume 86053 < Seuil 500000 (1 cotations testées)"
"KRNT","KORNIT DIGITAL LTD.","","Etats-Unis","NASDAQ","USD","241806","500000","XNAS","KRNT","MIC:XNAS","Volume 241806 < Seuil 500000 (1 cotations testées)"
"LLYVK","LIBERTY MEDIA CORPORATION SERIES C LIBERTY LIVE COMMON STOCK","","Etats-Unis","NASDAQ","USD","264703","500000","XNAS","LLYVK","MIC:XNAS","Volume 264703 < Seuil 500000 (1 cotations testées)"
"LLYVA","LIBERTY MEDIA CORPORATION SERIES A LIBERTY LIVE COMMON STOCK","","Etats-Unis","NASDAQ","USD","145983","500000","XNAS","LLYVA","MIC:XNAS","Volume 145983 < Seuil 500000 (1 cotations testées)"
"ACLS","AXCELIS TECHNOLOGIES, INC.","","Etats-Unis","NASDAQ","USD","311330","500000","XNAS","ACLS","MIC:XNAS","Volume 311330 < Seuil 500000 (1 cotations testées)"
"LUNG","PULMONX CORPORATION","","Etats-Unis","NASDAQ","USD","387011","500000","XNAS","LUNG","MIC:XNAS","Volume 387011 < Seuil 500000 (1 cotations testées)"
"PGC","PEAPACK-GLADSTONE FINANCIAL CORPORATION","","Etats-Unis","NASDAQ","USD","129922","500000","XNAS","PGC","MIC:XNAS","Volume 129922 < Seuil 500000 (1 cotations testées)"
"PRPL","PURPLE INNOVATION INC.","","Etats-Unis","NASDAQ","USD","66134","500000","XNAS","PRPL","MIC:XNAS","Volume 66134 < Seuil 500000 (1 cotations testées)"
"TILE","INTERFACE INC.","","Etats-Unis","NASDAQ","USD","488375","500000","XNAS","TILE","MIC:XNAS","Volume 488375 < Seuil 500000 (1 cotations testées)"
"OLPX","OLAPLEX HOLDINGS, INC.","","Etats-Unis","NASDAQ","USD","0","500000","XNAS","OLPX","MIC:XNAS","Volume 0 < Seuil 500000 (1 cotations testées)"
"MLAB","MESA LABORATORIES INC.","","Etats-Unis","NASDAQ","USD","162907","500000","XNAS","MLAB","MIC:XNAS","Volume 162907 < Seuil 500000 (1 cotations testées)"
"OM","OUTSET MEDICAL INC.","","Etats-Unis","NASDAQ","USD","146264","500000","XNAS","OM","MIC:XNAS","Volume 146264 < Seuil 500000 (1 cotations testées)"
"KLTR","KALTURA, INC.","","Etats-Unis","NASDAQ","USD","273883","500000","XNAS","KLTR","MIC:XNAS","Volume 273883 < Seuil 500000 (1 cotations testées)"
"LOPE","GRAND CANYON EDUCATION INC.","","Etats-Unis","NASDAQ","USD","284694","500000","XNAS","LOPE","MIC:XNAS","Volume 284694 < Seuil 500000 (1 cotations testées)"
"RAIL","FREIGHTCAR AMERICA INC.","","Etats-Unis","NASDAQ","USD","163262","500000","XNAS","RAIL","MIC:XNAS","Volume 163262 < Seuil 500000 (1 cotations testées)"
"NBTB","NBT BANCORP INC.","","Etats-Unis","NASDAQ","USD","239351","500000","XNAS","NBTB","MIC:XNAS","Volume 239351 < Seuil 500000 (1 cotations testées)"
"LSAK","LESAKA TECHNOLOGIES, INC.","","Etats-Unis","NASDAQ","USD","102021","500000","XNAS","LSAK","MIC:XNAS","Volume 102021 < Seuil 500000 (1 cotations testées)"
"OFIX","ORTHOFIX MEDICAL INC.","","Etats-Unis","NASDAQ","USD","253265","500000","XNAS","OFIX","MIC:XNAS","Volume 253265 < Seuil 500000 (1 cotations testées)"
"RDWR","RADWARE LTD.","","Etats-Unis","NASDAQ","USD","268735","500000","XNAS","RDWR","MIC:XNAS","Volume 268735 < Seuil 500000 (1 cotations testées)"
"RBB","RBB BANCORP","","Etats-Unis","NASDAQ","USD","85362","500000","XNAS","RBB","MIC:XNAS","Volume 85362 < Seuil 500000 (1 cotations testées)"
"LCUT","LIFETIME BRANDS INC.","","Etats-Unis","NASDAQ","USD","184339","500000","XNAS","LCUT","MIC:XNAS","Volume 184339 < Seuil 500000 (1 cotations testées)"
"LOCO","EL POLLO LOCO HOLDINGS INC.","","Etats-Unis","NASDAQ","USD","259773","500000","XNAS","LOCO","MIC:XNAS","Volume 259773 < Seuil 500000 (1 cotations testées)"
"OTTR","OTTER TAIL CORPORATION","","Etats-Unis","NASDAQ","USD","179425","500000","XNAS","OTTR","MIC:XNAS","Volume 179425 < Seuil 500000 (1 cotations testées)"
"MTRX","MATRIX SERVICE COMPANY","","Etats-Unis","NASDAQ","USD","315592","500000","XNAS","MTRX","MIC:XNAS","Volume 315592 < Seuil 500000 (1 cotations testées)"
"MCHPP","MICROCHIP TECHNOLOGY DEP SHS REPSTG 1/20TH PFD CONV SER A","","Etats-Unis","NASDAQ","USD","145411","500000","XNAS","MCHPP","MIC:XNAS","Volume 145411 < Seuil 500000 (1 cotations testées)"
"KNSA","KINIKSA PHARMACEUTICALS INTERNATIONAL, PLC","","Etats-Unis","NASDAQ","USD","443065","500000","XNAS","KNSA","MIC:XNAS","Volume 443065 < Seuil 500000 (1 cotations testées)"
"PRTA","PROTHENA CORPORATION PLC","","Etats-Unis","NASDAQ","USD","498115","500000","XNAS","PRTA","MIC:XNAS","Volume 498115 < Seuil 500000 (1 cotations testées)"
"MCRI","MONARCH CASINO & RESORT INC.","","Etats-Unis","NASDAQ","USD","172753","500000","XNAS","MCRI","MIC:XNAS","Volume 172753 < Seuil 500000 (1 cotations testées)"
"TFIN","TRIUMPH FINANCIAL, INC.","","Etats-Unis","NASDAQ","USD","165213","500000","XNAS","TFIN","MIC:XNAS","Volume 165213 < Seuil 500000 (1 cotations testées)"
"OPI","OFFICE PROPERTIES INCOME TRUST","","Etats-Unis","NASDAQ","USD","128871","500000","XNAS","OPI","MIC:XNAS","Volume 128871 < Seuil 500000 (1 cotations testées)"
"OPRT","OPORTUN FINANCIAL CORP.","","Etats-Unis","NASDAQ","USD","284668","500000","XNAS","OPRT","MIC:XNAS","Volume 284668 < Seuil 500000 (1 cotations testées)"
"KMTS","KESTRA MEDICAL TECHNOLOGIES, LTD.","","Etats-Unis","NASDAQ","USD","232993","500000","XNAS","KMTS","MIC:XNAS","Volume 232993 < Seuil 500000 (1 cotations testées)"
"KNDI","KANDI TECHNOLOGIES GROUP INC.","","Etats-Unis","NASDAQ","USD","255170","500000","XNAS","KNDI","MIC:XNAS","Volume 255170 < Seuil 500000 (1 cotations testées)"
"OSBC","OLD SECOND BANCORP, INC.","","Etats-Unis","NASDAQ","USD","388759","500000","XNAS","OSBC","MIC:XNAS","Volume 388759 < Seuil 500000 (1 cotations testées)"
"OSUR","ORASURE TECHNOLOGIES INC.","","Etats-Unis","NASDAQ","USD","403176","500000","XNAS","OSUR","MIC:XNAS","Volume 403176 < Seuil 500000 (1 cotations testées)"
"PLMR","PALOMAR HOLDINGS INC.","","Etats-Unis","NASDAQ","USD","181216","500000","XNAS","PLMR","MIC:XNAS","Volume 181216 < Seuil 500000 (1 cotations testées)"
"IPAR","INTER PARFUMS, INC.","","Etats-Unis","NASDAQ","USD","229053","500000","XNAS","IPAR","MIC:XNAS","Volume 229053 < Seuil 500000 (1 cotations testées)"
"ASMB","ASSEMBLY BIOSCIENCES INC.","","Etats-Unis","NASDAQ","USD","328162","500000","XNAS","ASMB","MIC:XNAS","Volume 328162 < Seuil 500000 (1 cotations testées)"
"ASTE","ASTEC INDUSTRIES INC.","","Etats-Unis","NASDAQ","USD","229224","500000","XNAS","ASTE","MIC:XNAS","Volume 229224 < Seuil 500000 (1 cotations testées)"
"IOBT","IO BIOTECH, INC.","","Etats-Unis","NASDAQ","USD","222246","500000","XNAS","IOBT","MIC:XNAS","Volume 222246 < Seuil 500000 (1 cotations testées)"
"SPFI","SOUTH PLAINS FINANCIAL INC.","","Etats-Unis","NASDAQ","USD","93700","500000","XNAS","SPFI","MIC:XNAS","Volume 93700 < Seuil 500000 (1 cotations testées)"
"SPWH","SPORTSMAN'S WAREHOUSE HOLDINGS INC.","","Etats-Unis","NASDAQ","USD","210259","500000","XNAS","SPWH","MIC:XNAS","Volume 210259 < Seuil 500000 (1 cotations testées)"
"SPSC","SPS COMMERCE INC.","","Etats-Unis","NASDAQ","USD","403722","500000","XNAS","SPSC","MIC:XNAS","Volume 403722 < Seuil 500000 (1 cotations testées)"
"SPRO","SPERO THERAPEUTICS INC.","","Etats-Unis","NASDAQ","USD","418626","500000","XNAS","SPRO","MIC:XNAS","Volume 418626 < Seuil 500000 (1 cotations testées)"
"SPOK","SPOK HOLDINGS INC.","","Etats-Unis","NASDAQ","USD","184024","500000","XNAS","SPOK","MIC:XNAS","Volume 184024 < Seuil 500000 (1 cotations testées)"
"SRCE","1ST SOURCE CORPORATION","","Etats-Unis","NASDAQ","USD","118838","500000","XNAS","SRCE","MIC:XNAS","Volume 118838 < Seuil 500000 (1 cotations testées)"
"SND","SMART SAND INC.","","Etats-Unis","NASDAQ","USD","228494","500000","XNAS","SND","MIC:XNAS","Volume 228494 < Seuil 500000 (1 cotations testées)"
"ISSC","INNOVATIVE SOLUTIONS & SUPPORT, INC.","","Etats-Unis","NASDAQ","USD","291394","500000","XNAS","ISSC","MIC:XNAS","Volume 291394 < Seuil 500000 (1 cotations testées)"
"ITG","ITG, INC.","","Etats-Unis","NASDAQ","USD","129807","500000","XNAS","ITG","MIC:XNAS","Volume 129807 < Seuil 500000 (1 cotations testées)"
"AROW","ARROW FINANCIAL CORPORATION","","Etats-Unis","NASDAQ","USD","99024","500000","XNAS","AROW","MIC:XNAS","Volume 99024 < Seuil 500000 (1 cotations testées)"
"ITRI","ITRON INC.","","Etats-Unis","NASDAQ","USD","497442","500000","XNAS","ITRI","MIC:XNAS","Volume 497442 < Seuil 500000 (1 cotations testées)"
"ITRN","ITURAN LOCATION AND CONTROL LTD.","","Etats-Unis","NASDAQ","USD","153018","500000","XNAS","ITRN","MIC:XNAS","Volume 153018 < Seuil 500000 (1 cotations testées)"
"SIGI","SELECTIVE INSURANCE GROUP INC.","","Etats-Unis","NASDAQ","USD","345745","500000","XNAS","SIGI","MIC:XNAS","Volume 345745 < Seuil 500000 (1 cotations testées)"
"SILC","SILICOM LTD.","","Etats-Unis","NASDAQ","USD","286400","500000","XNAS","SILC","MIC:XNAS","Volume 286400 < Seuil 500000 (1 cotations testées)"
"ARXS","ARXIS, INC.","","Etats-Unis","NASDAQ","USD","418948","500000","XNAS","ARXS","MIC:XNAS","Volume 418948 < Seuil 500000 (1 cotations testées)"
"SNBR","SLEEP NUMBER CORPORATION","","Etats-Unis","NASDAQ","USD","0","500000","XNAS","SNBR","MIC:XNAS","Volume 0 < Seuil 500000 (1 cotations testées)"
"SMFR","SEMA4 HOLDINGS CORP.","","Etats-Unis","NASDAQ","USD","491031","500000","XNAS","SMFR","MIC:XNAS","Volume 491031 < Seuil 500000 (1 cotations testées)"
"SLRC","SLR INVESTMENT CORP.","","Etats-Unis","NASDAQ","USD","336847","500000","XNAS","SLRC","MIC:XNAS","Volume 336847 < Seuil 500000 (1 cotations testées)"
"SLP","SIMULATIONS PLUS, INC.","","Etats-Unis","NASDAQ","USD","160610","500000","XNAS","SLP","MIC:XNAS","Volume 160610 < Seuil 500000 (1 cotations testées)"
"SKYW","SKYWEST INC.","","Etats-Unis","NASDAQ","USD","255145","500000","XNAS","SKYW","MIC:XNAS","Volume 255145 < Seuil 500000 (1 cotations testées)"
"SKWD","SKYWARD SPECIALTY INSURANCE GROUP, INC.","","Etats-Unis","NASDAQ","USD","399378","500000","XNAS","SKWD","MIC:XNAS","Volume 399378 < Seuil 500000 (1 cotations testées)"
"SSP","THE E.W. SCRIPPS COMPANY","","Etats-Unis","NASDAQ","USD","464445","500000","XNAS","SSP","MIC:XNAS","Volume 464445 < Seuil 500000 (1 cotations testées)"
"INGN","INOGEN INC.","","Etats-Unis","NASDAQ","USD","219709","500000","XNAS","INGN","MIC:XNAS","Volume 219709 < Seuil 500000 (1 cotations testées)"
"INMD","INMODE LTD.","","Etats-Unis","NASDAQ","USD","456640","500000","XNAS","INMD","MIC:XNAS","Volume 456640 < Seuil 500000 (1 cotations testées)"
"INNV","INNOVAGE HOLDING CORP.","","Etats-Unis","NASDAQ","USD","183436","500000","XNAS","INNV","MIC:XNAS","Volume 183436 < Seuil 500000 (1 cotations testées)"
"ATLC","ATLANTICUS HOLDINGS CORP.","","Etats-Unis","NASDAQ","USD","120673","500000","XNAS","ATLC","MIC:XNAS","Volume 120673 < Seuil 500000 (1 cotations testées)"
"CRVL","CORVEL CORPORATION","","Etats-Unis","NASDAQ","USD","145874","500000","XNAS","CRVL","MIC:XNAS","Volume 145874 < Seuil 500000 (1 cotations testées)"
"INSG","INSEEGO CORP.","","Etats-Unis","NASDAQ","USD","299382","500000","XNAS","INSG","MIC:XNAS","Volume 299382 < Seuil 500000 (1 cotations testées)"
"TCBX","THIRD COAST BANCSHARES, INC.","","Etats-Unis","NASDAQ","USD","91715","500000","XNAS","TCBX","MIC:XNAS","Volume 91715 < Seuil 500000 (1 cotations testées)"
"STKE","SOL STRATEGIES INC.","","Etats-Unis","NASDAQ","USD","359524","500000","XNAS","STKE","MIC:XNAS","Volume 359524 < Seuil 500000 (1 cotations testées)"
"CWST","CASELLA WASTE SYSTEMS INC.","","Etats-Unis","NASDAQ","USD","398950","500000","XNAS","CWST","MIC:XNAS","Volume 398950 < Seuil 500000 (1 cotations testées)"
"STBA","S&T BANCORP, INC.","","Etats-Unis","NASDAQ","USD","223948","500000","XNAS","STBA","MIC:XNAS","Volume 223948 < Seuil 500000 (1 cotations testées)"
"TCBK","TRICO BANCSHARES","","Etats-Unis","NASDAQ","USD","239043","500000","XNAS","TCBK","MIC:XNAS","Volume 239043 < Seuil 500000 (1 cotations testées)"
"TCBI","TEXAS CAPITAL BANCSHARES INC.","","Etats-Unis","NASDAQ","USD","446398","500000","XNAS","TCBI","MIC:XNAS","Volume 446398 < Seuil 500000 (1 cotations testées)"
"VC","VISTEON CORPORATION","","Etats-Unis","NASDAQ","USD","398679","500000","XNAS","VC","MIC:XNAS","Volume 398679 < Seuil 500000 (1 cotations testées)"
"CTRN","CITI TRENDS INC.","","Etats-Unis","NASDAQ","USD","209426","500000","XNAS","CTRN","MIC:XNAS","Volume 209426 < Seuil 500000 (1 cotations testées)"
"CVCO","CAVCO INDUSTRIES INC.","","Etats-Unis","NASDAQ","USD","80300","500000","XNAS","CVCO","MIC:XNAS","Volume 80300 < Seuil 500000 (1 cotations testées)"
"CVGI","COMMERCIAL VEHICLE GROUP, INC.","","Etats-Unis","NASDAQ","USD","265531","500000","XNAS","CVGI","MIC:XNAS","Volume 265531 < Seuil 500000 (1 cotations testées)"
"SSSS","SURO CAPITAL CORP.","","Etats-Unis","NASDAQ","USD","0","500000","XNAS","SSSS","MIC:XNAS","Volume 0 < Seuil 500000 (1 cotations testées)"
"SHEN","SHENANDOAH TELECOMMUNICATIONS COMPANY","","Etats-Unis","NASDAQ","USD","381567","500000","XNAS","SHEN","MIC:XNAS","Volume 381567 < Seuil 500000 (1 cotations testées)"
"AMPH","AMPHASTAR PHARMACEUTICALS INC.","","Etats-Unis","NASDAQ","USD","344543","500000","XNAS","AMPH","MIC:XNAS","Volume 344543 < Seuil 500000 (1 cotations testées)"
"FSBC","FIVE STAR BANCORP","","Etats-Unis","NASDAQ","USD","163136","500000","XNAS","FSBC","MIC:XNAS","Volume 163136 < Seuil 500000 (1 cotations testées)"
"WW","WW INTERNATIONAL INC.","","Etats-Unis","NASDAQ","USD","193836","500000","XNAS","WW","MIC:XNAS","Volume 193836 < Seuil 500000 (1 cotations testées)"
"RUSHA","RUSH ENTERPRISES INC.","","Etats-Unis","NASDAQ","USD","363860","500000","XNAS","RUSHA","MIC:XNAS","Volume 363860 < Seuil 500000 (1 cotations testées)"
"FTDR","FRONTDOOR, INC.","","Etats-Unis","NASDAQ","USD","426904","500000","XNAS","FTDR","MIC:XNAS","Volume 426904 < Seuil 500000 (1 cotations testées)"
"AMSF","AMERISAFE INC.","","Etats-Unis","NASDAQ","USD","340131","500000","XNAS","AMSF","MIC:XNAS","Volume 340131 < Seuil 500000 (1 cotations testées)"
"SAFT","SAFETY INSURANCE GROUP INC.","","Etats-Unis","NASDAQ","USD","136543","500000","XNAS","SAFT","MIC:XNAS","Volume 136543 < Seuil 500000 (1 cotations testées)"
"FSV","FIRSTSERVICE CORPORATION","","Etats-Unis","NASDAQ","USD","272539","500000","XNAS","FSV","MIC:XNAS","Volume 272539 < Seuil 500000 (1 cotations testées)"
"FSUN","FIRSTSUN CAPITAL BANCORP","","Etats-Unis","NASDAQ","USD","215928","500000","XNAS","FSUN","MIC:XNAS","Volume 215928 < Seuil 500000 (1 cotations testées)"
"JRVR","JAMES RIVER GROUP HOLDINGS, LTD.","","Etats-Unis","NASDAQ","USD","205061","500000","XNAS","JRVR","MIC:XNAS","Volume 205061 < Seuil 500000 (1 cotations testées)"
"RUBI","RUBICO INC.","","Etats-Unis","NASDAQ","USD","72392","500000","XNAS","RUBI","MIC:XNAS","Volume 72392 < Seuil 500000 (1 cotations testées)"
"ROCK","GIBRALTAR INDUSTRIES INC.","","Etats-Unis","NASDAQ","USD","199603","500000","XNAS","ROCK","MIC:XNAS","Volume 199603 < Seuil 500000 (1 cotations testées)"
"DORM","DORMAN PRODUCTS, INC.","","Etats-Unis","NASDAQ","USD","156016","500000","XNAS","DORM","MIC:XNAS","Volume 156016 < Seuil 500000 (1 cotations testées)"
"DOO","BRP INC. SUBORDINATE VOTING SHARES","","Etats-Unis","NYSE","USD","256054","350000","XNYS","DOO","MIC:XNYS","Volume 256054 < Seuil 350000 (2 cotations testées)"
"ROOT","ROOT, INC. CLASS A COMMON STOCK","","Etats-Unis","NASDAQ","USD","230998","500000","XNAS","ROOT","MIC:XNAS","Volume 230998 < Seuil 500000 (1 cotations testées)"
"FRME","FIRST MERCHANTS CORPORATION","","Etats-Unis","NASDAQ","USD","398437","500000","XNAS","FRME","MIC:XNAS","Volume 398437 < Seuil 500000 (1 cotations testées)"
"AMCX","AMC NETWORKS INC.","","Etats-Unis","NASDAQ","USD","474817","500000","XNAS","AMCX","MIC:XNAS","Volume 474817 < Seuil 500000 (1 cotations testées)"
"DMRC","DIGIMARC CORPORATION","","Etats-Unis","NASDAQ","USD","128399","500000","XNAS","DMRC","MIC:XNAS","Volume 128399 < Seuil 500000 (1 cotations testées)"
"ANAB","ANAPTYSBIO INC.","","Etats-Unis","NASDAQ","USD","358263","500000","XNAS","ANAB","MIC:XNAS","Volume 358263 < Seuil 500000 (1 cotations testées)"
"ANDE","THE ANDERSONS, INC.","","Etats-Unis","NASDAQ","USD","327259","500000","XNAS","ANDE","MIC:XNAS","Volume 327259 < Seuil 500000 (1 cotations testées)"
"GABC","GERMAN AMERICAN BANCORP INC.","","Etats-Unis","NASDAQ","USD","119112","500000","XNAS","GABC","MIC:XNAS","Volume 119112 < Seuil 500000 (1 cotations testées)"
"APOG","APOGEE ENTERPRISES INC.","","Etats-Unis","NASDAQ","USD","184784","500000","XNAS","APOG","MIC:XNAS","Volume 184784 < Seuil 500000 (1 cotations testées)"
"SEER","SEER, INC.","","Etats-Unis","NASDAQ","USD","173277","500000","XNAS","SEER","MIC:XNAS","Volume 173277 < Seuil 500000 (1 cotations testées)"
"JBSS","JOHN B. SANFILIPPO & SON, INC.","","Etats-Unis","NASDAQ","USD","180762","500000","XNAS","JBSS","MIC:XNAS","Volume 180762 < Seuil 500000 (1 cotations testées)"
"UVSP","UNIVEST FINANCIAL CORPORATION","","Etats-Unis","NASDAQ","USD","165316","500000","XNAS","UVSP","MIC:XNAS","Volume 165316 < Seuil 500000 (1 cotations testées)"
"SHBI","SHORE BANCSHARES INC.","","Etats-Unis","NASDAQ","USD","160391","500000","XNAS","SHBI","MIC:XNAS","Volume 160391 < Seuil 500000 (1 cotations testées)"
"ARCB","ARCBEST CORPORATION","","Etats-Unis","NASDAQ","USD","237101","500000","XNAS","ARCB","MIC:XNAS","Volume 237101 < Seuil 500000 (1 cotations testées)"
"WSFS","WSFS FINANCIAL CORPORATION","","Etats-Unis","NASDAQ","USD","375600","500000","XNAS","WSFS","MIC:XNAS","Volume 375600 < Seuil 500000 (1 cotations testées)"
"DCOM","DIME COMMUNITY BANCSHARES INC.","","Etats-Unis","NASDAQ","USD","248689","500000","XNAS","DCOM","MIC:XNAS","Volume 248689 < Seuil 500000 (1 cotations testées)"
"GAIN","GLADSTONE INVESTMENT CORPORATION","","Etats-Unis","NASDAQ","USD","168783","500000","XNAS","GAIN","MIC:XNAS","Volume 168783 < Seuil 500000 (1 cotations testées)"
"SGHT","SIGHT SCIENCES, INC.","","Etats-Unis","NASDAQ","USD","227790","500000","XNAS","SGHT","MIC:XNAS","Volume 227790 < Seuil 500000 (1 cotations testées)"
"APEI","AMERICAN PUBLIC EDUCATION, INC.","","Etats-Unis","NASDAQ","USD","250486","500000","XNAS","APEI","MIC:XNAS","Volume 250486 < Seuil 500000 (1 cotations testées)"
"CRNT","CERAGON NETWORKS LTD.","","Etats-Unis","NASDAQ","USD","319895","500000","XNAS","CRNT","MIC:XNAS","Volume 319895 < Seuil 500000 (1 cotations testées)"
"JCAP","JEFFERSON CAPITAL INC.","","Etats-Unis","NASDAQ","USD","340420","500000","XNAS","JCAP","MIC:XNAS","Volume 340420 < Seuil 500000 (1 cotations testées)"
"DGICB","DONEGAL GROUP INC.","","Etats-Unis","NASDAQ","USD","882","500000","XNAS","DGICB","MIC:XNAS","Volume 882 < Seuil 500000 (1 cotations testées)"
"DGII","DIGI INTERNATIONAL INC.","","Etats-Unis","NASDAQ","USD","367509","500000","XNAS","DGII","MIC:XNAS","Volume 367509 < Seuil 500000 (1 cotations testées)"
"DH","DEFINITIVE HEALTHCARE CORP","","Etats-Unis","NASDAQ","USD","214860","500000","XNAS","DH","MIC:XNAS","Volume 214860 < Seuil 500000 (1 cotations testées)"
"JJSF","J&J SNACK FOODS CORP.","","Etats-Unis","NASDAQ","USD","190350","500000","XNAS","JJSF","MIC:XNAS","Volume 190350 < Seuil 500000 (1 cotations testées)"
"USLM","UNITED STATES LIME & MINERALS INC.","","Etats-Unis","NASDAQ","USD","155659","500000","XNAS","USLM","MIC:XNAS","Volume 155659 < Seuil 500000 (1 cotations testées)"
"ANGO","ANGIODYNAMICS INC.","","Etats-Unis","NASDAQ","USD","245464","500000","XNAS","ANGO","MIC:XNAS","Volume 245464 < Seuil 500000 (1 cotations testées)"
"SCSC","SCANSOURCE INC.","","Etats-Unis","NASDAQ","USD","392572","500000","XNAS","SCSC","MIC:XNAS","Volume 392572 < Seuil 500000 (1 cotations testées)"
"FWRD","FORWARD AIR CORPORATION","","Etats-Unis","NASDAQ","USD","372275","500000","XNAS","FWRD","MIC:XNAS","Volume 372275 < Seuil 500000 (1 cotations testées)"
"SCHL","SCHOLASTIC CORPORATION","","Etats-Unis","NASDAQ","USD","416357","500000","XNAS","SCHL","MIC:XNAS","Volume 416357 < Seuil 500000 (1 cotations testées)"
"FWONA","LIBERTY MEDIA CORPORATION","","Etats-Unis","NASDAQ","USD","101001","500000","XNAS","FWONA","MIC:XNAS","Volume 101001 < Seuil 500000 (1 cotations testées)"
"SBGI","SINCLAIR, INC.","","Etats-Unis","NASDAQ","USD","373829","500000","XNAS","SBGI","MIC:XNAS","Volume 373829 < Seuil 500000 (1 cotations testées)"
"ANTX","AN2 THERAPEUTICS, INC.","","Etats-Unis","NASDAQ","USD","240865","500000","XNAS","ANTX","MIC:XNAS","Volume 240865 < Seuil 500000 (1 cotations testées)"
"WAFD","WAFD, INC.","","Etats-Unis","NASDAQ","USD","389730","500000","XNAS","WAFD","MIC:XNAS","Volume 389730 < Seuil 500000 (1 cotations testées)"
"IBCP","INDEPENDENT BANK CORPORATION","","Etats-Unis","NASDAQ","USD","173655","500000","XNAS","IBCP","MIC:XNAS","Volume 173655 < Seuil 500000 (1 cotations testées)"
"IBOC","INTERNATIONAL BANCSHARES CORPORATION","","Etats-Unis","NASDAQ","USD","286272","500000","XNAS","IBOC","MIC:XNAS","Volume 286272 < Seuil 500000 (1 cotations testées)"
"BCPC","BALCHEM CORPORATION","","Etats-Unis","NASDAQ","USD","157060","500000","XNAS","BCPC","MIC:XNAS","Volume 157060 < Seuil 500000 (1 cotations testées)"
"ICFI","ICF INTERNATIONAL INC.","","Etats-Unis","NASDAQ","USD","143044","500000","XNAS","ICFI","MIC:XNAS","Volume 143044 < Seuil 500000 (1 cotations testées)"
"BELFB","BEL FUSE INC.","","Etats-Unis","NASDAQ","USD","147640","500000","XNAS","BELFB","MIC:XNAS","Volume 147640 < Seuil 500000 (2 cotations testées)"
"HURN","HURON CONSULTING GROUP INC.","","Etats-Unis","NASDAQ","USD","256110","500000","XNAS","HURN","MIC:XNAS","Volume 256110 < Seuil 500000 (1 cotations testées)"
"BFST","BUSINESS FIRST BANCSHARES, INC.","","Etats-Unis","NASDAQ","USD","189590","500000","XNAS","BFST","MIC:XNAS","Volume 189590 < Seuil 500000 (1 cotations testées)"
"WABC","WESTAMERICA BANCORPORATION","","Etats-Unis","NASDAQ","USD","113431","500000","XNAS","WABC","MIC:XNAS","Volume 113431 < Seuil 500000 (1 cotations testées)"
"HWKN","HAWKINS INC.","","Etats-Unis","NASDAQ","USD","162006","500000","XNAS","HWKN","MIC:XNAS","Volume 162006 < Seuil 500000 (1 cotations testées)"
"VIVO","MERIDIAN BIOSCIENCE INC","","Etats-Unis","NASDAQ","USD","445129","500000","XNAS","VIVO","MIC:XNAS","Volume 445129 < Seuil 500000 (1 cotations testées)"
"TBRG","TRUBRIDGE, INC.","","Etats-Unis","NASDAQ","USD","386680","500000","XNAS","TBRG","MIC:XNAS","Volume 386680 < Seuil 500000 (1 cotations testées)"
"IIIV","I3 VERTICALS INC.","","Etats-Unis","NASDAQ","USD","399390","500000","XNAS","IIIV","MIC:XNAS","Volume 399390 < Seuil 500000 (1 cotations testées)"
"HAFC","HANMI FINANCIAL CORPORATION","","Etats-Unis","NASDAQ","USD","189126","500000","XNAS","HAFC","MIC:XNAS","Volume 189126 < Seuil 500000 (1 cotations testées)"
"ILPT","INDUSTRIAL LOGISTICS PROPERTIES TRUST","","Etats-Unis","NASDAQ","USD","293440","500000","XNAS","ILPT","MIC:XNAS","Volume 293440 < Seuil 500000 (1 cotations testées)"
"IHRT","IHEARTMEDIA INC.","","Etats-Unis","NASDAQ","USD","482833","500000","XNAS","IHRT","MIC:XNAS","Volume 482833 < Seuil 500000 (1 cotations testées)"
"CARE","CARTER BANKSHARES, INC.","","Etats-Unis","NASDAQ","USD","294365","500000","XNAS","CARE","MIC:XNAS","Volume 294365 < Seuil 500000 (1 cotations testées)"
"IMKTA","INGLES MARKETS INC.","","Etats-Unis","NASDAQ","USD","113246","500000","XNAS","IMKTA","MIC:XNAS","Volume 113246 < Seuil 500000 (1 cotations testées)"
"CASH","PATHWARD FINANCIAL, INC.","","Etats-Unis","NASDAQ","USD","234132","500000","XNAS","CASH","MIC:XNAS","Volume 234132 < Seuil 500000 (1 cotations testées)"
"CATY","CATHAY GENERAL BANCORP","","Etats-Unis","NASDAQ","USD","425842","500000","XNAS","CATY","MIC:XNAS","Volume 425842 < Seuil 500000 (1 cotations testées)"
"BBSI","BARRETT BUSINESS SERVICES INC.","","Etats-Unis","NASDAQ","USD","205274","500000","XNAS","BBSI","MIC:XNAS","Volume 205274 < Seuil 500000 (1 cotations testées)"
"ICUI","ICU MEDICAL INC.","","Etats-Unis","NASDAQ","USD","215481","500000","XNAS","ICUI","MIC:XNAS","Volume 215481 < Seuil 500000 (1 cotations testées)"
"WASH","WASHINGTON TRUST BANCORP INC.","","Etats-Unis","NASDAQ","USD","177800","500000","XNAS","WASH","MIC:XNAS","Volume 177800 < Seuil 500000 (1 cotations testées)"
"STRA","STRATEGIC EDUCATION INC.","","Etats-Unis","NASDAQ","USD","219536","500000","XNAS","STRA","MIC:XNAS","Volume 219536 < Seuil 500000 (1 cotations testées)"
"BANR","BANNER CORPORATION","","Etats-Unis","NASDAQ","USD","289371","500000","XNAS","BANR","MIC:XNAS","Volume 289371 < Seuil 500000 (1 cotations testées)"
"HMST","HOMESTREET INC.","","Etats-Unis","NASDAQ","USD","480168","500000","XNAS","HMST","MIC:XNAS","Volume 480168 < Seuil 500000 (1 cotations testées)"
"BLKB","BLACKBAUD INC.","","Etats-Unis","NASDAQ","USD","397663","500000","XNAS","BLKB","MIC:XNAS","Volume 397663 < Seuil 500000 (1 cotations testées)"
"HFWA","HERITAGE FINANCIAL CORPORATION","","Etats-Unis","NASDAQ","USD","268356","500000","XNAS","HFWA","MIC:XNAS","Volume 268356 < Seuil 500000 (1 cotations testées)"
"BOOM","DMC GLOBAL INC.","","Etats-Unis","NASDAQ","USD","95460","500000","XNAS","BOOM","MIC:XNAS","Volume 95460 < Seuil 500000 (1 cotations testées)"
"BOLD","BOUNDLESS BIO, INC.","","Etats-Unis","NASDAQ","USD","119584","500000","XNAS","BOLD","MIC:XNAS","Volume 119584 < Seuil 500000 (1 cotations testées)"
"BOKF","BOK FINANCIAL CORPORATION","","Etats-Unis","NASDAQ","USD","204586","500000","XNAS","BOKF","MIC:XNAS","Volume 204586 < Seuil 500000 (1 cotations testées)"
"STRZ","STARZ ENTERTAINMENT CORP.","","Etats-Unis","NASDAQ","USD","193050","500000","XNAS","STRZ","MIC:XNAS","Volume 193050 < Seuil 500000 (1 cotations testées)"
"VYGR","VOYAGER THERAPEUTICS INC.","","Etats-Unis","NASDAQ","USD","433705","500000","XNAS","VYGR","MIC:XNAS","Volume 433705 < Seuil 500000 (1 cotations testées)"
"HBNC","HORIZON BANCORP, INC.","","Etats-Unis","NASDAQ","USD","488460","500000","XNAS","HBNC","MIC:XNAS","Volume 488460 < Seuil 500000 (1 cotations testées)"
"HBCP","HOME BANCORP INC.","","Etats-Unis","NASDAQ","USD","89388","500000","XNAS","HBCP","MIC:XNAS","Volume 89388 < Seuil 500000 (1 cotations testées)"
"HTO","SJW GROUP","","Etats-Unis","NASDAQ","USD","414837","500000","XNAS","HTO","MIC:XNAS","Volume 414837 < Seuil 500000 (1 cotations testées)"
"HSTM","HEALTHSTREAM INC.","","Etats-Unis","NASDAQ","USD","191180","500000","XNAS","HSTM","MIC:XNAS","Volume 191180 < Seuil 500000 (1 cotations testées)"
"HCKT","THE HACKETT GROUP, INC.","","Etats-Unis","NASDAQ","USD","197770","500000","XNAS","HCKT","MIC:XNAS","Volume 197770 < Seuil 500000 (1 cotations testées)"
"BJRI","BJ'S RESTAURANTS, INC.","","Etats-Unis","NASDAQ","USD","420104","500000","XNAS","BJRI","MIC:XNAS","Volume 420104 < Seuil 500000 (1 cotations testées)"
"BIOX","BIOCERES CROP SOLUTIONS CORP.","","Etats-Unis","NASDAQ","USD","220897","500000","XNAS","BIOX","MIC:XNAS","Volume 220897 < Seuil 500000 (1 cotations testées)"
"IMMR","IMMERSION CORPORATION","","Etats-Unis","NASDAQ","USD","409335","500000","XNAS","IMMR","MIC:XNAS","Volume 409335 < Seuil 500000 (1 cotations testées)"
"CNOB","CONNECTONE BANCORP INC.","","Etats-Unis","NASDAQ","USD","435820","500000","XNAS","CNOB","MIC:XNAS","Volume 435820 < Seuil 500000 (1 cotations testées)"
"CNXN","PC CONNECTION, INC.","","Etats-Unis","NASDAQ","USD","123525","500000","XNAS","CNXN","MIC:XNAS","Volume 123525 < Seuil 500000 (1 cotations testées)"
"COAG","HEMAB THERAPEUTICS HOLDINGS, INC.","","Etats-Unis","NASDAQ","USD","330358","500000","XNAS","COAG","MIC:XNAS","Volume 330358 < Seuil 500000 (1 cotations testées)"
"INDB","INDEPENDENT BANK CORP.","","Etats-Unis","NASDAQ","USD","288289","500000","XNAS","INDB","MIC:XNAS","Volume 288289 < Seuil 500000 (1 cotations testées)"
"WGS","GENEDX HOLDINGS CORP.","","Etats-Unis","NASDAQ","USD","490843","500000","XNAS","WGS","MIC:XNAS","Volume 490843 < Seuil 500000 (1 cotations testées)"
"GOOD","GLADSTONE COMMERCIAL CORPORATION","","Etats-Unis","NASDAQ","USD","347530","500000","XNAS","GOOD","MIC:XNAS","Volume 347530 < Seuil 500000 (1 cotations testées)"
"INBX","INHIBRX BIOSCIENCES, INC.","","Etats-Unis","NASDAQ","USD","316518","500000","XNAS","INBX","MIC:XNAS","Volume 316518 < Seuil 500000 (1 cotations testées)"
"CMCO","COLUMBUS MCKINNON CORPORATION","","Etats-Unis","NASDAQ","USD","387784","500000","XNAS","CMCO","MIC:XNAS","Volume 387784 < Seuil 500000 (1 cotations testées)"
"CPSI","COMPUTER PROGRAMS & SYSTEMS INC","","Etats-Unis","NASDAQ","USD","0","500000","XNAS","CPSI","MIC:XNAS","Volume 0 < Seuil 500000 (1 cotations testées)"
"GIII","G-III APPAREL GROUP, LTD.","","Etats-Unis","NASDAQ","USD","419243","500000","XNAS","GIII","MIC:XNAS","Volume 419243 < Seuil 500000 (1 cotations testées)"
"CRAI","CRA INTERNATIONAL INC.","","Etats-Unis","NASDAQ","USD","93296","500000","XNAS","CRAI","MIC:XNAS","Volume 93296 < Seuil 500000 (1 cotations testées)"
"AVO","MISSION PRODUCE INC.","","Etats-Unis","NASDAQ","USD","466564","500000","XNAS","AVO","MIC:XNAS","Volume 466564 < Seuil 500000 (1 cotations testées)"
"AVIR","ATEA PHARMACEUTICALS INC.","","Etats-Unis","NASDAQ","USD","188977","500000","XNAS","AVIR","MIC:XNAS","Volume 188977 < Seuil 500000 (1 cotations testées)"
"CPIX","CUMBERLAND PHARMACEUTICALS INC.","","Etats-Unis","NASDAQ","USD","81988","500000","XNAS","CPIX","MIC:XNAS","Volume 81988 < Seuil 500000 (1 cotations testées)"
"GLRE","GREENLIGHT CAPITAL RE, LTD.","","Etats-Unis","NASDAQ","USD","146788","500000","XNAS","GLRE","MIC:XNAS","Volume 146788 < Seuil 500000 (1 cotations testées)"
"GLOO","GLOO HOLDINGS, INC.","","Etats-Unis","NASDAQ","USD","100950","500000","XNAS","GLOO","MIC:XNAS","Volume 100950 < Seuil 500000 (1 cotations testées)"
"GLIBK","GCI LIBERTY, INC.","","Etats-Unis","NASDAQ","USD","292564","500000","XNAS","GLIBK","MIC:XNAS","Volume 292564 < Seuil 500000 (1 cotations testées)"
"GLAD","GLADSTONE CAPITAL CORPORATION","","Etats-Unis","NASDAQ","USD","138372","500000","XNAS","GLAD","MIC:XNAS","Volume 138372 < Seuil 500000 (1 cotations testées)"
"CENTA","CENTRAL GARDEN & PET COMPANY CLASS A COMMON STOCK NONVOTING","","Etats-Unis","NASDAQ","USD","285940","500000","XNAS","CENTA","MIC:XNAS","Volume 285940 < Seuil 500000 (1 cotations testées)"
"GSHD","GOOSEHEAD INSURANCE INC.","","Etats-Unis","NASDAQ","USD","263702","500000","XNAS","GSHD","MIC:XNAS","Volume 263702 < Seuil 500000 (1 cotations testées)"
"GSBC","GREAT SOUTHERN BANCORP INC.","","Etats-Unis","NASDAQ","USD","94049","500000","XNAS","GSBC","MIC:XNAS","Volume 94049 < Seuil 500000 (1 cotations testées)"
"GSIT","GSI TECHNOLOGY INC.","","Etats-Unis","NASDAQ","USD","408854","500000","XNAS","GSIT","MIC:XNAS","Volume 408854 < Seuil 500000 (1 cotations testées)"
"CBLL","CERIBELL, INC.","","Etats-Unis","NASDAQ","USD","353124","500000","XNAS","CBLL","MIC:XNAS","Volume 353124 < Seuil 500000 (1 cotations testées)"
"SVCO","SILVACO GROUP, INC.","","Etats-Unis","NASDAQ","USD","373026","500000","XNAS","SVCO","MIC:XNAS","Volume 373026 < Seuil 500000 (1 cotations testées)"
"TBBK","THE BANCORP, INC.","","Etats-Unis","NASDAQ","USD","265785","500000","XNAS","TBBK","MIC:XNAS","Volume 265785 < Seuil 500000 (1 cotations testées)"
"CCB","COASTAL FINANCIAL CORPORATION","","Etats-Unis","NASDAQ","USD","199300","500000","XNAS","CCB","MIC:XNAS","Volume 199300 < Seuil 500000 (1 cotations testées)"
"CCRN","CROSS COUNTRY HEALTHCARE INC.","","Etats-Unis","NASDAQ","USD","0","500000","XNAS","CCRN","MIC:XNAS","Volume 0 < Seuil 500000 (1 cotations testées)"
"CRMT","AMERICA'S CAR-MART, INC.","","Etats-Unis","NASDAQ","USD","212919","500000","XNAS","CRMT","MIC:XNAS","Volume 212919 < Seuil 500000 (1 cotations testées)"
"CIGI","COLLIERS INTERNATIONAL GROUP INC.","","Etats-Unis","NASDAQ","USD","275018","500000","XNAS","CIGI","MIC:XNAS","Volume 275018 < Seuil 500000 (1 cotations testées)"
"GREE","GREENIDGE GENERATION HOLDINGS INC.","","Etats-Unis","NASDAQ","USD","0","500000","XNAS","GREE","MIC:XNAS","Volume 0 < Seuil 500000 (1 cotations testées)"
"VFS","VINFAST AUTO LTD.","","Etats-Unis","NASDAQ","USD","387879","500000","XNAS","VFS","MIC:XNAS","Volume 387879 < Seuil 500000 (1 cotations testées)"
"IMUX","IMMUNIC, INC.","","Etats-Unis","NASDAQ","USD","357905","500000","XNAS","IMUX","MIC:XNAS","Volume 357905 < Seuil 500000 (1 cotations testées)"
"WDFC","WD-40 COMPANY","","Etats-Unis","NASDAQ","USD","89630","500000","XNAS","WDFC","MIC:XNAS","Volume 89630 < Seuil 500000 (1 cotations testées)"
"CHCO","CITY HOLDING COMPANY","","Etats-Unis","NASDAQ","USD","113243","500000","XNAS","CHCO","MIC:XNAS","Volume 113243 < Seuil 500000 (1 cotations testées)"
"TSAT","TELESAT CORPORATION","","Etats-Unis","NASDAQ","USD","211028","500000","XNAS","TSAT","MIC:XNAS","Volume 211028 < Seuil 500000 (1 cotations testées)"
"TTGT","TECHTARGET, INC.","","Etats-Unis","NASDAQ","USD","290672","500000","XNAS","TTGT","MIC:XNAS","Volume 290672 < Seuil 500000 (1 cotations testées)"
"TRMK","TRUSTMARK CORPORATION","","Etats-Unis","NASDAQ","USD","238405","500000","XNAS","TRMK","MIC:XNAS","Volume 238405 < Seuil 500000 (1 cotations testées)"
"FBNC","FIRST BANCORP, INC.","","Etats-Unis","NASDAQ","USD","168487","500000","XNAS","FBNC","MIC:XNAS","Volume 168487 < Seuil 500000 (1 cotations testées)"
"EVCM","EVERCOMMERCE INC.","","Etats-Unis","NASDAQ","USD","123861","500000","XNAS","EVCM","MIC:XNAS","Volume 123861 < Seuil 500000 (1 cotations testées)"
"ZD","ZIFF DAVIS, INC.","","Etats-Unis","NASDAQ","USD","434331","500000","XNAS","ZD","MIC:XNAS","Volume 434331 < Seuil 500000 (1 cotations testées)"
"DWSN","DAWSON GEOPHYSICAL COMPANY","","Etats-Unis","NASDAQ","USD","236970","500000","XNAS","DWSN","MIC:XNAS","Volume 236970 < Seuil 500000 (1 cotations testées)"
"ENTA","ENANTA PHARMACEUTICALS INC.","","Etats-Unis","NASDAQ","USD","258561","500000","XNAS","ENTA","MIC:XNAS","Volume 258561 < Seuil 500000 (1 cotations testées)"
"FIXX","HOMOLOGY MEDICINES INC","","Etats-Unis","NASDAQ","USD","62682","500000","XNAS","FIXX","MIC:XNAS","Volume 62682 < Seuil 500000 (1 cotations testées)"
"FIZZ","NATIONAL BEVERAGE CORP.","","Etats-Unis","NASDAQ","USD","303262","500000","XNAS","FIZZ","MIC:XNAS","Volume 303262 < Seuil 500000 (1 cotations testées)"
"DSP","VIANT TECHNOLOGY INC.","","Etats-Unis","NASDAQ","USD","251855","500000","XNAS","DSP","MIC:XNAS","Volume 251855 < Seuil 500000 (1 cotations testées)"
"ENLT","ENLIGHT RENEWABLE ENERGY LTD.","","Etats-Unis","NASDAQ","USD","164141","500000","XNAS","ENLT","MIC:XNAS","Volume 164141 < Seuil 500000 (1 cotations testées)"
"TYRA","TYRA BIOSCIENCES, INC.","","Etats-Unis","NASDAQ","USD","345647","500000","XNAS","TYRA","MIC:XNAS","Volume 345647 < Seuil 500000 (1 cotations testées)"
"DSGR","DISTRIBUTION SOLUTIONS GROUP, INC.","","Etats-Unis","NASDAQ","USD","197149","500000","XNAS","DSGR","MIC:XNAS","Volume 197149 < Seuil 500000 (1 cotations testées)"
"EFSC","ENTERPRISE FINANCIAL SERVICES CORP.","","Etats-Unis","NASDAQ","USD","216578","500000","XNAS","EFSC","MIC:XNAS","Volume 216578 < Seuil 500000 (1 cotations testées)"
"UFPI","UFP INDUSTRIES, INC.","","Etats-Unis","NASDAQ","USD","356736","500000","XNAS","UFPI","MIC:XNAS","Volume 356736 < Seuil 500000 (1 cotations testées)"
"SYBT","STOCK YARDS BANCORP INC.","","Etats-Unis","NASDAQ","USD","125390","500000","XNAS","SYBT","MIC:XNAS","Volume 125390 < Seuil 500000 (1 cotations testées)"
"ALLT","ALLOT LTD.","","Etats-Unis","NASDAQ","USD","264491","500000","XNAS","ALLT","MIC:XNAS","Volume 264491 < Seuil 500000 (1 cotations testées)"
"ECPG","ENCORE CAPITAL GROUP INC.","","Etats-Unis","NASDAQ","USD","346583","500000","XNAS","ECPG","MIC:XNAS","Volume 346583 < Seuil 500000 (1 cotations testées)"
"FLWS","1-800-FLOWERS.COM INC.","","Etats-Unis","NASDAQ","USD","256466","500000","XNAS","FLWS","MIC:XNAS","Volume 256466 < Seuil 500000 (1 cotations testées)"
"TUSK","MAMMOTH ENERGY SERVICES INC.","","Etats-Unis","NASDAQ","USD","195033","500000","XNAS","TUSK","MIC:XNAS","Volume 195033 < Seuil 500000 (1 cotations testées)"
"TRS","TRIMAS CORPORATION","","Etats-Unis","NASDAQ","USD","415457","500000","XNAS","TRS","MIC:XNAS","Volume 415457 < Seuil 500000 (1 cotations testées)"
"FDUS","FIDUS INVESTMENT CORPORATION","","Etats-Unis","NASDAQ","USD","315171","500000","XNAS","FDUS","MIC:XNAS","Volume 315171 < Seuil 500000 (1 cotations testées)"
"EHTH","EHEALTH INC.","","Etats-Unis","NASDAQ","USD","213367","500000","XNAS","EHTH","MIC:XNAS","Volume 213367 < Seuil 500000 (1 cotations testées)"
"UFCS","UNITED FIRE GROUP, INC.","","Etats-Unis","NASDAQ","USD","137765","500000","XNAS","UFCS","MIC:XNAS","Volume 137765 < Seuil 500000 (1 cotations testées)"
"ALRM","ALARM.COM HOLDINGS INC.","","Etats-Unis","NASDAQ","USD","358010","500000","XNAS","ALRM","MIC:XNAS","Volume 358010 < Seuil 500000 (1 cotations testées)"
"FEAM","5E ADVANCED MATERIALS, INC.","","Etats-Unis","NASDAQ","USD","324141","500000","XNAS","FEAM","MIC:XNAS","Volume 324141 < Seuil 500000 (1 cotations testées)"
"FELE","FRANKLIN ELECTRIC CO., INC.","","Etats-Unis","NASDAQ","USD","180285","500000","XNAS","FELE","MIC:XNAS","Volume 180285 < Seuil 500000 (1 cotations testées)"
"KALU","KAISER ALUMINUM CORPORATION","","Etats-Unis","NASDAQ","USD","232298","500000","XNAS","KALU","MIC:XNAS","Volume 232298 < Seuil 500000 (1 cotations testées)"
"ZUMZ","ZUMIEZ INC.","","Etats-Unis","NASDAQ","USD","209744","500000","XNAS","ZUMZ","MIC:XNAS","Volume 209744 < Seuil 500000 (1 cotations testées)"
"FISI","FINANCIAL INSTITUTIONS INC.","","Etats-Unis","NASDAQ","USD","193541","500000","XNAS","FISI","MIC:XNAS","Volume 193541 < Seuil 500000 (1 cotations testées)"
"YSWY","YESWAY, INC.","","Etats-Unis","NASDAQ","USD","292230","500000","XNAS","YSWY","MIC:XNAS","Volume 292230 < Seuil 500000 (1 cotations testées)"
"RJET","REPUBLIC AIRWAYS HOLDINGS INC.","","Etats-Unis","NASDAQ","USD","73056","500000","XNAS","RJET","MIC:XNAS","Volume 73056 < Seuil 500000 (1 cotations testées)"
"RELL","RICHARDSON ELECTRONICS, LTD.","","Etats-Unis","NASDAQ","USD","202900","500000","XNAS","RELL","MIC:XNAS","Volume 202900 < Seuil 500000 (1 cotations testées)"
"RIGL","RIGEL PHARMACEUTICALS, INC.","","Etats-Unis","NASDAQ","USD","362861","500000","XNAS","RIGL","MIC:XNAS","Volume 362861 < Seuil 500000 (1 cotations testées)"
"RGP","RESOURCES CONNECTION INC.","","Etats-Unis","NASDAQ","USD","288718","500000","XNAS","RGP","MIC:XNAS","Volume 288718 < Seuil 500000 (1 cotations testées)"
"ALMR","ALAMAR BIOSCIENCES, INC.","","Etats-Unis","NASDAQ","USD","331250","500000","XNAS","ALMR","MIC:XNAS","Volume 331250 < Seuil 500000 (1 cotations testées)"
"TTEC","TTEC HOLDINGS INC.","","Etats-Unis","NASDAQ","USD","457600","500000","XNAS","TTEC","MIC:XNAS","Volume 457600 < Seuil 500000 (1 cotations testées)"
"FOXF","FOX FACTORY HOLDING CORP.","","Etats-Unis","NASDAQ","USD","481850","500000","XNAS","FOXF","MIC:XNAS","Volume 481850 < Seuil 500000 (1 cotations testées)"
"EXPO","EXPONENT INC.","","Etats-Unis","NASDAQ","USD","358712","500000","XNAS","EXPO","MIC:XNAS","Volume 358712 < Seuil 500000 (1 cotations testées)"
"BTMD","BIOTE CORP.","","Etats-Unis","NASDAQ","USD","425452","500000","XNAS","BTMD","MIC:XNAS","Volume 425452 < Seuil 500000 (1 cotations testées)"
"PLBY","PLBY GROUP INC.","","Etats-Unis","NASDAQ","USD","390916","500000","XNAS","PLBY","MIC:XNAS","Volume 390916 < Seuil 500000 (1 cotations testées)"
"CEPT","CANTOR EQUITY PARTNERS","","Etats-Unis","NASDAQ","USD","0","500000","XNAS","CEPT","MIC:XNAS","Volume 0 < Seuil 500000 (1 cotations testées)"
"SHOTR","RMG ML SPORTS HOLDINGS RIGHT","","Etats-Unis","NASDAQ","USD","9062","500000","XNAS","SHOTR","MIC:XNAS","Volume 9062 < Seuil 500000 (1 cotations testées)"
"TCMD","TACTILE SYSTEMS TECHNOLOGY INC.","","Etats-Unis","NASDAQ","USD","349720","500000","XNAS","TCMD","MIC:XNAS","Volume 349720 < Seuil 500000 (1 cotations testées)"
"BGL","BLUE GOLD LIMITED CLASS A ORDINARY SHARES","","Etats-Unis","NASDAQ","USD","426448","500000","XNAS","BGL","MIC:XNAS","Volume 426448 < Seuil 500000 (1 cotations testées)"
"FGMC","FG MERGER II CORP","","Etats-Unis","NASDAQ","USD","240880","500000","XNAS","FGMC","MIC:XNAS","Volume 240880 < Seuil 500000 (2 cotations testées)"
"BWMN","BOWMAN CONSULTING GROUP LTD.","","Etats-Unis","NASDAQ","USD","306827","500000","XNAS","BWMN","MIC:XNAS","Volume 306827 < Seuil 500000 (1 cotations testées)"
"LWAY","LIFEWAY FOODS INC.","","Etats-Unis","NASDAQ","USD","158058","500000","XNAS","LWAY","MIC:XNAS","Volume 158058 < Seuil 500000 (1 cotations testées)"
"FLNA","FILANA THERAPEUTICS, INC.","","Etats-Unis","NASDAQ","USD","200658","500000","XNAS","FLNA","MIC:XNAS","Volume 200658 < Seuil 500000 (1 cotations testées)"
"CUB","LIONHEART HOLDINGS CORP.","","Etats-Unis","NASDAQ","USD","55939","500000","XNAS","CUB","MIC:XNAS","Volume 55939 < Seuil 500000 (1 cotations testées)"
"BRCB","BLACK ROCK COFFEE BAR, INC. CLASS A COMMON STOCK","","Etats-Unis","NASDAQ","USD","316602","500000","XNAS","BRCB","MIC:XNAS","Volume 316602 < Seuil 500000 (1 cotations testées)"
"BWFG","BANKWELL FINANCIAL GROUP INC.","","Etats-Unis","NASDAQ","USD","59732","500000","XNAS","BWFG","MIC:XNAS","Volume 59732 < Seuil 500000 (1 cotations testées)"
"HYFT","IMMUNOPRECISE ANTIBODIES LTD.","","Etats-Unis","NASDAQ","USD","113601","500000","XNAS","HYFT","MIC:XNAS","Volume 113601 < Seuil 500000 (1 cotations testées)"
"TCRX","TSCAN THERAPEUTICS INC.","","Etats-Unis","NASDAQ","USD","246269","500000","XNAS","TCRX","MIC:XNAS","Volume 246269 < Seuil 500000 (1 cotations testées)"
"ARQ","ARQ INC.","","Etats-Unis","NASDAQ","USD","180616","500000","XNAS","ARQ","MIC:XNAS","Volume 180616 < Seuil 500000 (1 cotations testées)"
"OCC","OPTICAL CABLE CORPORATION","","Etats-Unis","NASDAQ","USD","223821","500000","XNAS","OCC","MIC:XNAS","Volume 223821 < Seuil 500000 (1 cotations testées)"
"CEPL","CAPSTONE ENERGY+ INC.","","Etats-Unis","NASDAQ","USD","390887","500000","XNAS","CEPL","MIC:XNAS","Volume 390887 < Seuil 500000 (1 cotations testées)"
"ALVR","KALARIS THERAPEUTICS, INC.","","Etats-Unis","NASDAQ","USD","53407","500000","XNAS","ALVR","MIC:XNAS","Volume 53407 < Seuil 500000 (2 cotations testées)"
"GANX","GAIN THERAPEUTICS INC.","","Etats-Unis","NASDAQ","USD","378483","500000","XNAS","GANX","MIC:XNAS","Volume 378483 < Seuil 500000 (1 cotations testées)"
"ARAI","ARRIVE AI INC.","","Etats-Unis","NASDAQ","USD","441004","500000","XNAS","ARAI","MIC:XNAS","Volume 441004 < Seuil 500000 (1 cotations testées)"
"HVIIR","HENNESSY CAPITAL INVESTMENT CORP.","","Etats-Unis","NASDAQ","USD","137429","500000","XNAS","HVIIR","MIC:XNAS","Volume 137429 < Seuil 500000 (1 cotations testées)"
"SSIC","CHICAGO ATLANTIC BDC INC.","","Etats-Unis","NASDAQ","USD","72881","500000","XNAS","SSIC","MIC:XNAS","Volume 72881 < Seuil 500000 (1 cotations testées)"
"FISN","DEEP FISSION, INC.","","Etats-Unis","NASDAQ","USD","247112","500000","XNAS","FISN","MIC:XNAS","Volume 247112 < Seuil 500000 (1 cotations testées)"
"ATII","ARCHIMEDES TECH SPAC PARTNERS CO.","","Etats-Unis","NASDAQ","USD","316900","500000","XNAS","ATII","MIC:XNAS","Volume 316900 < Seuil 500000 (1 cotations testées)"
"CJET","DIGITAL CURRENCY X TECHNOLOGY INC.","","Etats-Unis","NASDAQ","USD","77866","500000","XNAS","CJET","MIC:XNAS","Volume 77866 < Seuil 500000 (2 cotations testées)"
"EMPD","VOLCON, INC.","","Etats-Unis","NASDAQ","USD","249836","500000","XNAS","EMPD","MIC:XNAS","Volume 249836 < Seuil 500000 (1 cotations testées)"
"TLSI","TRISALUS LIFE SCIENCES INC.","","Etats-Unis","NASDAQ","USD","107307","500000","XNAS","TLSI","MIC:XNAS","Volume 107307 < Seuil 500000 (1 cotations testées)"
"LIMN","LIMINATUS PHARMA INC.","","Etats-Unis","NASDAQ","USD","73273","500000","XNAS","LIMN","MIC:XNAS","Volume 73273 < Seuil 500000 (1 cotations testées)"
"PAHC","PHIBRO ANIMAL HEALTH CORPORATION","","Etats-Unis","NASDAQ","USD","362700","500000","XNAS","PAHC","MIC:XNAS","Volume 362700 < Seuil 500000 (1 cotations testées)"
"HMH","HMH HOLDING INC. CLASS A","","Etats-Unis","NASDAQ","USD","201771","500000","XNAS","HMH","MIC:XNAS","Volume 201771 < Seuil 500000 (1 cotations testées)"
"BBOT","BRIDGEBIO ONCOLOGY THERAPEUTICS, INC.","","Etats-Unis","NASDAQ","USD","284932","500000","XNAS","BBOT","MIC:XNAS","Volume 284932 < Seuil 500000 (1 cotations testées)"
"TATT","TAT TECHNOLOGIES LTD.","","Etats-Unis","NASDAQ","USD","126128","500000","XNAS","TATT","MIC:XNAS","Volume 126128 < Seuil 500000 (1 cotations testées)"
"BRAI","BRAIIN LIMITED","","Etats-Unis","NASDAQ","USD","152153","500000","XNAS","BRAI","MIC:XNAS","Volume 152153 < Seuil 500000 (1 cotations testées)"
"ESPR","ESPERION THERAPEUTICS INC.","","Etats-Unis","NASDAQ","USD","0","500000","XNAS","ESPR","MIC:XNAS","Volume 0 < Seuil 500000 (1 cotations testées)"
"OBIO","ORCHESTRA BIOMED HOLDINGS, INC.","","Etats-Unis","NASDAQ","USD","442083","500000","XNAS","OBIO","MIC:XNAS","Volume 442083 < Seuil 500000 (1 cotations testées)"
"CAMP","CAMP4 THERAPEUTICS CORP.","","Etats-Unis","NASDAQ","USD","299220","500000","XNAS","CAMP","MIC:XNAS","Volume 299220 < Seuil 500000 (1 cotations testées)"
"NHIC","NEWHOLD INVESTMENT CORP III","","Etats-Unis","NASDAQ","USD","342174","500000","XNAS","NHIC","MIC:XNAS","Volume 342174 < Seuil 500000 (1 cotations testées)"
"BXBL","BOXABL INC.","","Etats-Unis","NASDAQ","USD","353171","500000","XNAS","BXBL","MIC:XNAS","Volume 353171 < Seuil 500000 (1 cotations testées)"
"LBRX","LB PHARMACEUTICALS INC.","","Etats-Unis","NASDAQ","USD","258586","500000","XNAS","LBRX","MIC:XNAS","Volume 258586 < Seuil 500000 (1 cotations testées)"
"NGNE","NEUROGENE INC.","","Etats-Unis","NASDAQ","USD","244020","500000","XNAS","NGNE","MIC:XNAS","Volume 244020 < Seuil 500000 (1 cotations testées)"
"TRUP","TRUPANION INC.","","Etats-Unis","NASDAQ","USD","435367","500000","XNAS","TRUP","MIC:XNAS","Volume 435367 < Seuil 500000 (1 cotations testées)"
"GAMB","GAMBLING.COM GROUP LTD.","","Etats-Unis","NASDAQ","USD","207894","500000","XNAS","GAMB","MIC:XNAS","Volume 207894 < Seuil 500000 (1 cotations testées)"
"EDUC","EDUCATIONAL DEVELOPMENT CORPORATION","","Etats-Unis","NASDAQ","USD","92632","500000","XNAS","EDUC","MIC:XNAS","Volume 92632 < Seuil 500000 (1 cotations testées)"
"STRO","SUTRO BIOPHARMA, INC.","","Etats-Unis","NASDAQ","USD","219190","500000","XNAS","STRO","MIC:XNAS","Volume 219190 < Seuil 500000 (1 cotations testées)"
"ARTV","ARTIVA BIOTHERAPEUTICS INC.","","Etats-Unis","NASDAQ","USD","280369","500000","XNAS","ARTV","MIC:XNAS","Volume 280369 < Seuil 500000 (1 cotations testées)"
"TRDA","ENTRADA THERAPEUTICS INC.","","Etats-Unis","NASDAQ","USD","199940","500000","XNAS","TRDA","MIC:XNAS","Volume 199940 < Seuil 500000 (1 cotations testées)"
"NUCL","EAGLE NUCLEAR ENERGY CORP","","Etats-Unis","NASDAQ","USD","266547","500000","XNAS","NUCL","MIC:XNAS","Volume 266547 < Seuil 500000 (1 cotations testées)"
"NEUP","NEUPHORIA THERAPEUTICS INC.","","Etats-Unis","NASDAQ","USD","73531","500000","XNAS","NEUP","MIC:XNAS","Volume 73531 < Seuil 500000 (1 cotations testées)"
"OIO","OIO GROUP","","Etats-Unis","NASDAQ","USD","107612","500000","XNAS","OIO","MIC:XNAS","Volume 107612 < Seuil 500000 (1 cotations testées)"
"NPCE","NEUROPACE INC.","","Etats-Unis","NASDAQ","USD","147392","500000","XNAS","NPCE","MIC:XNAS","Volume 147392 < Seuil 500000 (1 cotations testées)"
"MCFT","MASTERCRAFT BOAT HOLDINGS, INC.","","Etats-Unis","NASDAQ","USD","177312","500000","XNAS","MCFT","MIC:XNAS","Volume 177312 < Seuil 500000 (1 cotations testées)"
"TARA","PROTARA THERAPEUTICS INC.","","Etats-Unis","NASDAQ","USD","399078","500000","XNAS","TARA","MIC:XNAS","Volume 399078 < Seuil 500000 (1 cotations testées)"
"SNWV","SANUWAVE HEALTH INC.","","Etats-Unis","NASDAQ","USD","65545","500000","XNAS","SNWV","MIC:XNAS","Volume 65545 < Seuil 500000 (1 cotations testées)"
"ZSQR","Z SQUARED INC.","","Etats-Unis","NASDAQ","USD","314350","500000","XNAS","ZSQR","MIC:XNAS","Volume 314350 < Seuil 500000 (1 cotations testées)"
"CCIX","CHURCHILL CAPITAL CORP IX","","Etats-Unis","NASDAQ","USD","0","500000","XNAS","CCIX","MIC:XNAS","Volume 0 < Seuil 500000 (2 cotations testées)"
"LGND","LIGAND PHARMACEUTICALS INC.","","Etats-Unis","NASDAQ","USD","175280","500000","XNAS","LGND","MIC:XNAS","Volume 175280 < Seuil 500000 (1 cotations testées)"
"HPK","HIGHPEAK ENERGY INC.","","Etats-Unis","NASDAQ","USD","333086","500000","XNAS","HPK","MIC:XNAS","Volume 333086 < Seuil 500000 (1 cotations testées)"
"PFX","PHENIXFIN CORPORATION","","Etats-Unis","NASDAQ","USD","7488","500000","XNAS","PFX","MIC:XNAS","Volume 7488 < Seuil 500000 (1 cotations testées)"
"PRE","PRENETICS GLOBAL LIMITED","","Etats-Unis","NASDAQ","USD","407720","500000","XNAS","PRE","MIC:XNAS","Volume 407720 < Seuil 500000 (1 cotations testées)"
"ELPW","ELONG POWER HOLDINGS LTD.","","Etats-Unis","NASDAQ","USD","131561","500000","XNAS","ELPW","MIC:XNAS","Volume 131561 < Seuil 500000 (1 cotations testées)"
"III","INFORMATION SERVICES GROUP INC.","","Etats-Unis","NASDAQ","USD","181580","500000","XNAS","III","MIC:XNAS","Volume 181580 < Seuil 500000 (1 cotations testées)"
"TONX","VERB TECHNOLOGY COMPANY, INC.","","Etats-Unis","NASDAQ","USD","269777","500000","XNAS","TONX","MIC:XNAS","Volume 269777 < Seuil 500000 (1 cotations testées)"
"LFMD","LIFEMD INC.","","Etats-Unis","NASDAQ","USD","477360","500000","XNAS","LFMD","MIC:XNAS","Volume 477360 < Seuil 500000 (1 cotations testées)"
"LMAT","LEMAITRE VASCULAR INC.","","Etats-Unis","NASDAQ","USD","326231","500000","XNAS","LMAT","MIC:XNAS","Volume 326231 < Seuil 500000 (1 cotations testées)"
"OCS","OCULIS HOLDING AG","","Etats-Unis","NASDAQ","USD","221869","500000","XNAS","OCS","MIC:XNAS","Volume 221869 < Seuil 500000 (1 cotations testées)"
"CAMT","CAMTEK LTD.","","Etats-Unis","NASDAQ","USD","305280","500000","XNAS","CAMT","MIC:XNAS","Volume 305280 < Seuil 500000 (1 cotations testées)"
"FHTX","FOGHORN THERAPEUTICS INC.","","Etats-Unis","NASDAQ","USD","440201","500000","XNAS","FHTX","MIC:XNAS","Volume 440201 < Seuil 500000 (1 cotations testées)"
"YICC","YORKVILLE INTERNATIONAL CAPITAL CORP.","","Etats-Unis","NASDAQ","USD","63040","500000","XNAS","YICC","MIC:XNAS","Volume 63040 < Seuil 500000 (1 cotations testées)"
"KWM","K WAVE MEDIA LTD.","","Etats-Unis","NASDAQ","USD","417420","500000","XNAS","KWM","MIC:XNAS","Volume 417420 < Seuil 500000 (1 cotations testées)"
"FLGT","FULGENT GENETICS INC.","","Etats-Unis","NASDAQ","USD","222470","500000","XNAS","FLGT","MIC:XNAS","Volume 222470 < Seuil 500000 (1 cotations testées)"
"ETHM","DYNAMIX CORPORATION","","Etats-Unis","NASDAQ","USD","0","500000","XNAS","ETHM","MIC:XNAS","Volume 0 < Seuil 500000 (1 cotations testées)"
"AFJKR","AIMEI HEALTH TECHNOLOGY CO., LTD.","","Etats-Unis","NASDAQ","USD","26386","500000","XNAS","AFJKR","MIC:XNAS","Volume 26386 < Seuil 500000 (1 cotations testées)"
"ISTR","INVESTAR HOLDING CORPORATION","","Etats-Unis","NASDAQ","USD","112820","500000","XNAS","ISTR","MIC:XNAS","Volume 112820 < Seuil 500000 (1 cotations testées)"
"TBPH","THERAVANCE BIOPHARMA INC.","","Etats-Unis","NASDAQ","USD","414568","500000","XNAS","TBPH","MIC:XNAS","Volume 414568 < Seuil 500000 (1 cotations testées)"
"TBCH","TURTLE BEACH CORPORATION","","Etats-Unis","NASDAQ","USD","446873","500000","XNAS","TBCH","MIC:XNAS","Volume 446873 < Seuil 500000 (1 cotations testées)"
"YMAT","J-STAR HOLDING CO., LTD.","","Etats-Unis","NASDAQ","USD","13963","500000","XNAS","YMAT","MIC:XNAS","Volume 13963 < Seuil 500000 (1 cotations testées)"
"KARD","KARDIGAN, INC.","","Etats-Unis","NASDAQ","USD","234537","500000","XNAS","KARD","MIC:XNAS","Volume 234537 < Seuil 500000 (1 cotations testées)"
"ETS","ELITE EXPRESS HOLDING INC.","","Etats-Unis","NASDAQ","USD","40214","500000","XNAS","ETS","MIC:XNAS","Volume 40214 < Seuil 500000 (1 cotations testées)"
"CCAP","CRESCENT CAPITAL BDC, INC.","","Etats-Unis","NASDAQ","USD","226010","500000","XNAS","CCAP","MIC:XNAS","Volume 226010 < Seuil 500000 (1 cotations testées)"
"CAES","CANTOR EQUITY PARTNERS VII, INC.","","Etats-Unis","NASDAQ","USD","3340","500000","XNAS","CAES","MIC:XNAS","Volume 3340 < Seuil 500000 (1 cotations testées)"
"SWMR","SWARMER, INC.","","Etats-Unis","NASDAQ","USD","466793","500000","XNAS","SWMR","MIC:XNAS","Volume 466793 < Seuil 500000 (1 cotations testées)"
"HQ","HORIZON QUANTUM HOLDINGS LTD.","","Etats-Unis","NASDAQ","USD","336485","500000","XNAS","HQ","MIC:XNAS","Volume 336485 < Seuil 500000 (1 cotations testées)"
"PNBK","PATRIOT NATIONAL BANCORP INC.","","Etats-Unis","NASDAQ","USD","321012","500000","XNAS","PNBK","MIC:XNAS","Volume 321012 < Seuil 500000 (1 cotations testées)"
"FBYD","FALCON'S BEYOND GLOBAL INC.","","Etats-Unis","NASDAQ","USD","76568","500000","XNAS","FBYD","MIC:XNAS","Volume 76568 < Seuil 500000 (1 cotations testées)"
"KYIV","KYIVSTAR GROUP LTD.","","Etats-Unis","NASDAQ","USD","272567","500000","XNAS","KYIV","MIC:XNAS","Volume 272567 < Seuil 500000 (1 cotations testées)"
"XGN","EXAGEN INC.","","Etats-Unis","NASDAQ","USD","341380","500000","XNAS","XGN","MIC:XNAS","Volume 341380 < Seuil 500000 (1 cotations testées)"
"RDZN","ROADZEN INC.","","Etats-Unis","NASDAQ","USD","274069","500000","XNAS","RDZN","MIC:XNAS","Volume 274069 < Seuil 500000 (1 cotations testées)"
"MYSE","MYSEUM, INC.","","Etats-Unis","NASDAQ","USD","115067","500000","XNAS","MYSE","MIC:XNAS","Volume 115067 < Seuil 500000 (1 cotations testées)"
"LITS","MEI PHARMA, INC.","","Etats-Unis","NASDAQ","USD","196160","500000","XNAS","LITS","MIC:XNAS","Volume 196160 < Seuil 500000 (1 cotations testées)"
"MYPS","PLAYSTUDIOS INC.","","Etats-Unis","NASDAQ","USD","325067","500000","XNAS","MYPS","MIC:XNAS","Volume 325067 < Seuil 500000 (1 cotations testées)"
"AVBP","ARRIVENT BIOPHARMA INC.","","Etats-Unis","NASDAQ","USD","437236","500000","XNAS","AVBP","MIC:XNAS","Volume 437236 < Seuil 500000 (1 cotations testées)"
"QMLS","QUMULUSAI, INC.","","Etats-Unis","NASDAQ","USD","436696","500000","XNAS","QMLS","MIC:XNAS","Volume 436696 < Seuil 500000 (1 cotations testées)"
"LOVE","LOVESAC COMPANY","","Etats-Unis","NASDAQ","USD","163765","500000","XNAS","LOVE","MIC:XNAS","Volume 163765 < Seuil 500000 (1 cotations testées)"
"ACRX","ACELRX PHARMACEUTICALS INC","","Etats-Unis","NASDAQ","USD","253927","500000","XNAS","ACRX","MIC:XNAS","Volume 253927 < Seuil 500000 (1 cotations testées)"
"MPB","MID PENN BANCORP INC.","","Etats-Unis","NASDAQ","USD","81481","500000","XNAS","MPB","MIC:XNAS","Volume 81481 < Seuil 500000 (1 cotations testées)"
"AMSS","AMASS BRANDS INC.","","Etats-Unis","NASDAQ","USD","127960","500000","XNAS","AMSS","MIC:XNAS","Volume 127960 < Seuil 500000 (1 cotations testées)"
"XOMA","XOMA CORPORATION","","Etats-Unis","NASDAQ","USD","0","500000","XNAS","XOMA","MIC:XNAS","Volume 0 < Seuil 500000 (1 cotations testées)"
"CNTB","CONNECT BIOPHARMA HOLDINGS LTD.","","Etats-Unis","NASDAQ","USD","471698","500000","XNAS","CNTB","MIC:XNAS","Volume 471698 < Seuil 500000 (1 cotations testées)"
"ACRV","ACRIVON THERAPEUTICS INC.","","Etats-Unis","NASDAQ","USD","440842","500000","XNAS","ACRV","MIC:XNAS","Volume 440842 < Seuil 500000 (1 cotations testées)"
"ANIP","ANI PHARMACEUTICALS INC.","","Etats-Unis","NASDAQ","USD","371707","500000","XNAS","ANIP","MIC:XNAS","Volume 371707 < Seuil 500000 (1 cotations testées)"
"FEED","ENVUE MEDICAL, INC.","","Etats-Unis","NASDAQ","USD","233930","500000","XNAS","FEED","MIC:XNAS","Volume 233930 < Seuil 500000 (1 cotations testées)"
"ACIU","ACIMMUNE SA","","Etats-Unis","NASDAQ","USD","231060","500000","XNAS","ACIU","MIC:XNAS","Volume 231060 < Seuil 500000 (1 cotations testées)"
"DFSCW","DEFSEC TECHNOLOGIES INC.","","Etats-Unis","NASDAQ","USD","28061","500000","XNAS","DFSCW","MIC:XNAS","Volume 28061 < Seuil 500000 (1 cotations testées)"
"USIO","USIO INC.","","Etats-Unis","NASDAQ","USD","462586","500000","XNAS","USIO","MIC:XNAS","Volume 462586 < Seuil 500000 (1 cotations testées)"
"MAZE","MAZE THERAPEUTICS INC.","","Etats-Unis","NASDAQ","USD","362105","500000","XNAS","MAZE","MIC:XNAS","Volume 362105 < Seuil 500000 (1 cotations testées)"
"VRXA","VERAXA BIOTECH HOLDING AG","","Etats-Unis","NASDAQ","USD","313514","500000","XNAS","VRXA","MIC:XNAS","Volume 313514 < Seuil 500000 (1 cotations testées)"
"CSTL","CASTLE BIOSCIENCES, INC.","","Etats-Unis","NASDAQ","USD","409159","500000","XNAS","CSTL","MIC:XNAS","Volume 409159 < Seuil 500000 (1 cotations testées)"
"BOT","ROBOSTRATEGY, INC.","","Etats-Unis","NASDAQ","USD","410420","500000","XNAS","BOT","MIC:XNAS","Volume 410420 < Seuil 500000 (1 cotations testées)"
"FEIM","FREQUENCY ELECTRONICS, INC.","","Etats-Unis","NASDAQ","USD","236704","500000","XNAS","FEIM","MIC:XNAS","Volume 236704 < Seuil 500000 (1 cotations testées)"
"WLFC","WILLIS LEASE FINANCE CORPORATION","","Etats-Unis","NASDAQ","USD","251825","500000","XNAS","WLFC","MIC:XNAS","Volume 251825 < Seuil 500000 (1 cotations testées)"
"GFUZ","GENERAL FUSION GROUP LTD.","","Etats-Unis","NASDAQ","USD","175682","500000","XNAS","GFUZ","MIC:XNAS","Volume 175682 < Seuil 500000 (1 cotations testées)"
"DMRA","DAMORA THERAPEUTICS, INC.","","Etats-Unis","NASDAQ","USD","371723","500000","XNAS","DMRA","MIC:XNAS","Volume 371723 < Seuil 500000 (1 cotations testées)"
"RFIL","RF INDUSTRIES LTD.","","Etats-Unis","NASDAQ","USD","181655","500000","XNAS","RFIL","MIC:XNAS","Volume 181655 < Seuil 500000 (1 cotations testées)"
"RILY","BRC GROUP HOLDINGS, INC.","","Etats-Unis","NASDAQ","USD","496623","500000","XNAS","RILY","MIC:XNAS","Volume 496623 < Seuil 500000 (1 cotations testées)"
"RNA","AVIDITY BIOSCIENCES INC.","","Etats-Unis","NASDAQ","USD","179584","500000","XNAS","RNA","MIC:XNAS","Volume 179584 < Seuil 500000 (1 cotations testées)"
"GMEX","GMEX ROBOTICS CORPORATION","","Etats-Unis","NASDAQ","USD","480881","500000","XNAS","GMEX","MIC:XNAS","Volume 480881 < Seuil 500000 (1 cotations testées)"
"RMIX","SUNCRETE INC.","","Etats-Unis","NASDAQ","USD","285808","500000","XNAS","RMIX","MIC:XNAS","Volume 285808 < Seuil 500000 (1 cotations testées)"
"AMAL","AMALGAMATED FINANCIAL CORP.","","Etats-Unis","NASDAQ","USD","159425","500000","XNAS","AMAL","MIC:XNAS","Volume 159425 < Seuil 500000 (1 cotations testées)"
"REFI","CHICAGO ATLANTIC REAL ESTATE FINANCE, INC.","","Etats-Unis","NASDAQ","USD","166599","500000","XNAS","REFI","MIC:XNAS","Volume 166599 < Seuil 500000 (1 cotations testées)"
"AVLN","AVALYN PHARMA INC.","","Etats-Unis","NASDAQ","USD","202893","500000","XNAS","AVLN","MIC:XNAS","Volume 202893 < Seuil 500000 (1 cotations testées)"
"QCRH","QCR HOLDINGS INC.","","Etats-Unis","NASDAQ","USD","163190","500000","XNAS","QCRH","MIC:XNAS","Volume 163190 < Seuil 500000 (1 cotations testées)"
"WLDN","WILLDAN GROUP, INC.","","Etats-Unis","NASDAQ","USD","231754","500000","XNAS","WLDN","MIC:XNAS","Volume 231754 < Seuil 500000 (1 cotations testées)"
"FRST","PRIMIS FINANCIAL CORP.","","Etats-Unis","NASDAQ","USD","150227","500000","XNAS","FRST","MIC:XNAS","Volume 150227 < Seuil 500000 (1 cotations testées)"
"MIRM","MIRUM PHARMACEUTICALS INC.","","Etats-Unis","NASDAQ","USD","480581","500000","XNAS","MIRM","MIC:XNAS","Volume 480581 < Seuil 500000 (1 cotations testées)"
"RYTM","RHYTHM PHARMACEUTICALS INC.","","Etats-Unis","NASDAQ","USD","448501","500000","XNAS","RYTM","MIC:XNAS","Volume 448501 < Seuil 500000 (1 cotations testées)"
"GHRS","GH RESEARCH PLC","","Etats-Unis","NASDAQ","USD","170433","500000","XNAS","GHRS","MIC:XNAS","Volume 170433 < Seuil 500000 (1 cotations testées)"
"FRMM","FORUM MARKETS, INCORPORATED","","Etats-Unis","NASDAQ","USD","133311","500000","XNAS","FRMM","MIC:XNAS","Volume 133311 < Seuil 500000 (1 cotations testées)"
"KROS","KEROS THERAPEUTICS INC.","","Etats-Unis","NASDAQ","USD","328286","500000","XNAS","KROS","MIC:XNAS","Volume 328286 < Seuil 500000 (1 cotations testées)"
"NYXH","NYXOAH SA","","Etats-Unis","NASDAQ","USD","111733","500000","XNAS","NYXH","MIC:XNAS","Volume 111733 < Seuil 500000 (1 cotations testées)"
"ATLN","ATLANTIC INTERNATIONAL CORP","","Etats-Unis","NASDAQ","USD","0","500000","XNAS","ATLN","MIC:XNAS","Volume 0 < Seuil 500000 (1 cotations testées)"
"TECX","TECTONIC THERAPEUTIC INC.","","Etats-Unis","NASDAQ","USD","213049","500000","XNAS","TECX","MIC:XNAS","Volume 213049 < Seuil 500000 (1 cotations testées)"
"CLMB","CLIMB GLOBAL SOLUTIONS INC.","","Etats-Unis","NASDAQ","USD","145275","500000","XNAS","CLMB","MIC:XNAS","Volume 145275 < Seuil 500000 (1 cotations testées)"
"FMBH","FIRST MID BANCSHARES INC.","","Etats-Unis","NASDAQ","USD","138926","500000","XNAS","FMBH","MIC:XNAS","Volume 138926 < Seuil 500000 (1 cotations testées)"
"AISP","AIRSHIP AI HOLDINGS INC.","","Etats-Unis","NASDAQ","USD","279218","500000","XNAS","AISP","MIC:XNAS","Volume 279218 < Seuil 500000 (1 cotations testées)"
"ACET","ADICET BIO, INC.","","Etats-Unis","NASDAQ","USD","111600","500000","XNAS","ACET","MIC:XNAS","Volume 111600 < Seuil 500000 (1 cotations testées)"
"SEGG","LOTTERY.COM INC.","","Etats-Unis","NASDAQ","USD","54793","500000","XNAS","SEGG","MIC:XNAS","Volume 54793 < Seuil 500000 (1 cotations testées)"
"CLFD","CLEARFIELD INC.","","Etats-Unis","NASDAQ","USD","241814","500000","XNAS","CLFD","MIC:XNAS","Volume 241814 < Seuil 500000 (1 cotations testées)"
"KRUS","KURA SUSHI USA INC.","","Etats-Unis","NASDAQ","USD","153589","500000","XNAS","KRUS","MIC:XNAS","Volume 153589 < Seuil 500000 (1 cotations testées)"
"SDST","STARDUST POWER INC.","","Etats-Unis","NASDAQ","USD","448142","500000","XNAS","SDST","MIC:XNAS","Volume 448142 < Seuil 500000 (1 cotations testées)"
"WEST","WESTROCK COFFEE COMPANY, LLC","","Etats-Unis","NASDAQ","USD","365500","500000","XNAS","WEST","MIC:XNAS","Volume 365500 < Seuil 500000 (1 cotations testées)"
"BNC","CEA INDUSTRIES INC.","","Etats-Unis","NASDAQ","USD","274584","500000","XNAS","BNC","MIC:XNAS","Volume 274584 < Seuil 500000 (1 cotations testées)"
"AIRO","AIRO GROUP HOLDINGS, INC.","","Etats-Unis","NASDAQ","USD","413072","500000","XNAS","AIRO","MIC:XNAS","Volume 413072 < Seuil 500000 (1 cotations testées)"
"INAQ","ALPHA MODUS HOLDINGS INC.","","Etats-Unis","NASDAQ","USD","215047","500000","XNAS","INAQ","MIC:XNAS","Volume 215047 < Seuil 500000 (1 cotations testées)"
"RAPP","RAPPORT THERAPEUTICS INC.","","Etats-Unis","NASDAQ","USD","332729","500000","XNAS","RAPP","MIC:XNAS","Volume 332729 < Seuil 500000 (1 cotations testées)"
"SEPN","SEPTARNA INC.","","Etats-Unis","NASDAQ","USD","385900","500000","XNAS","SEPN","MIC:XNAS","Volume 385900 < Seuil 500000 (1 cotations testées)"
"SBLX","AYRO, INC.","","Etats-Unis","NASDAQ","USD","0","500000","XNAS","SBLX","MIC:XNAS","Volume 0 < Seuil 500000 (1 cotations testées)"
"ATOM","ATOMERA INC.","","Etats-Unis","NASDAQ","USD","445810","500000","XNAS","ATOM","MIC:XNAS","Volume 445810 < Seuil 500000 (1 cotations testées)"
"BTZRF","BITZERO HOLDINGS INC.","","Etats-Unis","NASDAQ","CAD","0","500000","XNAS","BTZRF","MIC:XNAS","Volume 0 < Seuil 500000 (2 cotations testées)"
"CHRN","CHRONOSCALE CORPORATION","","Etats-Unis","NASDAQ","USD","204236","500000","XNAS","CHRN","MIC:XNAS","Volume 204236 < Seuil 500000 (1 cotations testées)"
"VIRI","DOGWOOD THERAPEUTICS INC.","","Etats-Unis","NASDAQ","USD","135376","500000","XNAS","VIRI","MIC:XNAS","Volume 135376 < Seuil 500000 (1 cotations testées)"
"CGTX","COGNITION THERAPEUTICS INC.","","Etats-Unis","NASDAQ","USD","397960","500000","XNAS","CGTX","MIC:XNAS","Volume 397960 < Seuil 500000 (1 cotations testées)"
"ATER","ATERIAN INC.","","Etats-Unis","NASDAQ","USD","143081","500000","XNAS","ATER","MIC:XNAS","Volume 143081 < Seuil 500000 (1 cotations testées)"
"CPOP","POP CULTURE GROUP CO., LTD.","","Etats-Unis","NASDAQ","USD","310881","500000","XNAS","CPOP","MIC:XNAS","Volume 310881 < Seuil 500000 (1 cotations testées)"
"MSGY","MASONGLORY LIMITED","","Etats-Unis","NASDAQ","USD","175691","500000","XNAS","MSGY","MIC:XNAS","Volume 175691 < Seuil 500000 (1 cotations testées)"
"EZGO","EZGO TECHNOLOGIES LTD.","","Etats-Unis","NASDAQ","USD","76170","500000","XNAS","EZGO","MIC:XNAS","Volume 76170 < Seuil 500000 (1 cotations testées)"
"KIDZ","CLASSOVER HOLDINGS INC.","","Etats-Unis","NASDAQ","USD","400285","500000","XNAS","KIDZ","MIC:XNAS","Volume 400285 < Seuil 500000 (1 cotations testées)"
"COCH","ENVOY MEDICAL, INC.","","Etats-Unis","NASDAQ","USD","62380","500000","XNAS","COCH","MIC:XNAS","Volume 62380 < Seuil 500000 (1 cotations testées)"
"LEDS","SEMILEDS CORPORATION","","Etats-Unis","NASDAQ","USD","28288","500000","XNAS","LEDS","MIC:XNAS","Volume 28288 < Seuil 500000 (1 cotations testées)"
"WAI","TOP KINGWIN LTD.","","Etats-Unis","NASDAQ","USD","0","500000","XNAS","WAI","MIC:XNAS","Volume 0 < Seuil 500000 (1 cotations testées)"
"NVNI","NVNI GROUP LTD.","","Etats-Unis","NASDAQ","USD","108128","500000","XNAS","NVNI","MIC:XNAS","Volume 108128 < Seuil 500000 (1 cotations testées)"
"COYA","COYA THERAPEUTICS INC.","","Etats-Unis","NASDAQ","USD","152927","500000","XNAS","COYA","MIC:XNAS","Volume 152927 < Seuil 500000 (1 cotations testées)"
"MRNO","MURANO GLOBAL INVESTMENTS PL","","Etats-Unis","NASDAQ","USD","334981","500000","XNAS","MRNO","MIC:XNAS","Volume 334981 < Seuil 500000 (1 cotations testées)"
"LHAI","LINKHOME HOLDINGS INC.","","Etats-Unis","NASDAQ","USD","126936","500000","XNAS","LHAI","MIC:XNAS","Volume 126936 < Seuil 500000 (1 cotations testées)"
"LHSW","LIANHE SOWELL INTERNATIONAL LIMITED","","Etats-Unis","NASDAQ","USD","242669","500000","XNAS","LHSW","MIC:XNAS","Volume 242669 < Seuil 500000 (1 cotations testées)"
"NVCT","NUVECTIS PHARMA INC.","","Etats-Unis","NASDAQ","USD","243770","500000","XNAS","NVCT","MIC:XNAS","Volume 243770 < Seuil 500000 (1 cotations testées)"
"BBCP","CONCRETE PUMPING HOLDINGS, INC.","","Etats-Unis","NASDAQ","USD","305503","500000","XNAS","BBCP","MIC:XNAS","Volume 305503 < Seuil 500000 (1 cotations testées)"
"ENTX","ENTERA BIO LTD.","","Etats-Unis","NASDAQ","USD","376280","500000","XNAS","ENTX","MIC:XNAS","Volume 376280 < Seuil 500000 (1 cotations testées)"
"FABC","FABRIC.AI, INC.","","Etats-Unis","NASDAQ","USD","180744","500000","XNAS","FABC","MIC:XNAS","Volume 180744 < Seuil 500000 (2 cotations testées)"
"CNXU","CONEXEU SCIENCES INC.","","Etats-Unis","NASDAQ","USD","335425","500000","XNAS","CNXU","MIC:XNAS","Volume 335425 < Seuil 500000 (1 cotations testées)"
"WALD","WALDENCAST PLC","","Etats-Unis","NASDAQ","USD","239008","500000","XNAS","WALD","MIC:XNAS","Volume 239008 < Seuil 500000 (1 cotations testées)"
"ATEX","ANTERIX INC.","","Etats-Unis","NASDAQ","USD","292810","500000","XNAS","ATEX","MIC:XNAS","Volume 292810 < Seuil 500000 (1 cotations testées)"
"PSIX","POWER SOLUTIONS INTERNATIONAL, INC.","","Etats-Unis","NASDAQ","USD","289686","500000","XNAS","PSIX","MIC:XNAS","Volume 289686 < Seuil 500000 (1 cotations testées)"
"BCDA","BIOCARDIA, INC.","","Etats-Unis","NASDAQ","USD","228733","500000","XNAS","BCDA","MIC:XNAS","Volume 228733 < Seuil 500000 (1 cotations testées)"
"POWW","AMMO INC.","","Etats-Unis","NASDAQ","USD","475122","500000","XNAS","POWW","MIC:XNAS","Volume 475122 < Seuil 500000 (1 cotations testées)"
"LICN","LICHEN CHINA LTD.","","Etats-Unis","NASDAQ","USD","26564","500000","XNAS","LICN","MIC:XNAS","Volume 26564 < Seuil 500000 (1 cotations testées)"
"CNVS","CINEVERSE CORP.","","Etats-Unis","NASDAQ","USD","115061","500000","XNAS","CNVS","MIC:XNAS","Volume 115061 < Seuil 500000 (1 cotations testées)"
"KAZR","KAZ RESOURCES INC.","","Etats-Unis","NASDAQ","USD","122617","500000","XNAS","KAZR","MIC:XNAS","Volume 122617 < Seuil 500000 (1 cotations testées)"
"BCAL","CALIFORNIA BANCORP","","Etats-Unis","NASDAQ","USD","147518","500000","XNAS","BCAL","MIC:XNAS","Volume 147518 < Seuil 500000 (1 cotations testées)"
"NVEC","NVE CORP.","","Etats-Unis","NASDAQ","USD","124677","500000","XNAS","NVEC","MIC:XNAS","Volume 124677 < Seuil 500000 (1 cotations testées)"
"CPRX","CATALYST PHARMACEUTICALS INC.","","Etats-Unis","NASDAQ","USD","0","500000","XNAS","CPRX","MIC:XNAS","Volume 0 < Seuil 500000 (1 cotations testées)"
"CPSH","CPS TECHNOLOGIES CORP.","","Etats-Unis","NASDAQ","USD","190860","500000","XNAS","CPSH","MIC:XNAS","Volume 190860 < Seuil 500000 (1 cotations testées)"
"CHSN","CHANSON INTERNATIONAL HOLDING","","Etats-Unis","NASDAQ","USD","79731","500000","XNAS","CHSN","MIC:XNAS","Volume 79731 < Seuil 500000 (1 cotations testées)"
"LE","LANDS' END INC.","","Etats-Unis","NASDAQ","USD","146120","500000","XNAS","LE","MIC:XNAS","Volume 146120 < Seuil 500000 (1 cotations testées)"
"ATPC","AGAPE ATP CORPORATION","","Etats-Unis","NASDAQ","USD","50455","500000","XNAS","ATPC","MIC:XNAS","Volume 50455 < Seuil 500000 (1 cotations testées)"
"VLCN","EMPERY DIGITAL INC.","","Etats-Unis","NASDAQ","USD","249942","500000","XNAS","VLCN","MIC:XNAS","Volume 249942 < Seuil 500000 (1 cotations testées)"
"GLTO","GALECTO INC.","","Etats-Unis","NASDAQ","USD","371724","500000","XNAS","GLTO","MIC:XNAS","Volume 371724 < Seuil 500000 (1 cotations testées)"
"GLSI","GREENWICH LIFESCIENCES INC.","","Etats-Unis","NASDAQ","USD","370105","500000","XNAS","GLSI","MIC:XNAS","Volume 370105 < Seuil 500000 (1 cotations testées)"
"TPST","TEMPEST THERAPEUTICS INC.","","Etats-Unis","NASDAQ","USD","198710","500000","XNAS","TPST","MIC:XNAS","Volume 198710 < Seuil 500000 (1 cotations testées)"
"RBKB","RHINEBECK BANCORP INC.","","Etats-Unis","NASDAQ","USD","105202","500000","XNAS","RBKB","MIC:XNAS","Volume 105202 < Seuil 500000 (1 cotations testées)"
"SNPX","TAO SYNERGIES INC.","","Etats-Unis","NASDAQ","USD","182367","500000","XNAS","SNPX","MIC:XNAS","Volume 182367 < Seuil 500000 (2 cotations testées)"
"GRCE","GRACE THERAPEUTICS INC.","","Etats-Unis","NASDAQ","USD","84517","500000","XNAS","GRCE","MIC:XNAS","Volume 84517 < Seuil 500000 (1 cotations testées)"
"SVRN","OCEANPAL INC.","","Etats-Unis","NASDAQ","USD","11272","500000","XNAS","SVRN","MIC:XNAS","Volume 11272 < Seuil 500000 (1 cotations testées)"
"AIHS","SENMIAO TECHNOLOGY LTD.","","Etats-Unis","NASDAQ","USD","143128","500000","XNAS","AIHS","MIC:XNAS","Volume 143128 < Seuil 500000 (1 cotations testées)"
"ELMT","THE ELMET GROUP CO.","","Etats-Unis","NASDAQ","USD","421302","500000","XNAS","ELMT","MIC:XNAS","Volume 421302 < Seuil 500000 (1 cotations testées)"
"ASTI","ASCENT SOLAR TECHNOLOGIES, INC.","","Etats-Unis","NASDAQ","USD","335400","500000","XNAS","ASTI","MIC:XNAS","Volume 335400 < Seuil 500000 (1 cotations testées)"
"GLXG","GALAXY PAYROLL GROUP LTD.","","Etats-Unis","NASDAQ","USD","55360","500000","XNAS","GLXG","MIC:XNAS","Volume 55360 < Seuil 500000 (1 cotations testées)"
"AWH","ASPIRA WOMEN'S HEALTH INC.","","Etats-Unis","NASDAQ","USD","256638","500000","XNAS","AWH","MIC:XNAS","Volume 256638 < Seuil 500000 (1 cotations testées)"
"RBNE","ROBIN ENERGY LTD.","","Etats-Unis","NASDAQ","USD","30062","500000","XNAS","RBNE","MIC:XNAS","Volume 30062 < Seuil 500000 (1 cotations testées)"
"PVLA","PAVELLA THERAPEUTICS INC.","","Etats-Unis","NASDAQ","USD","204980","500000","XNAS","PVLA","MIC:XNAS","Volume 204980 < Seuil 500000 (1 cotations testées)"
"LBGJ","LI BANG INTERNATIONAL CORP.","","Etats-Unis","NASDAQ","USD","361830","500000","XNAS","LBGJ","MIC:XNAS","Volume 361830 < Seuil 500000 (1 cotations testées)"
"ASTC","ASTROTECH CORPORATION","","Etats-Unis","NASDAQ","USD","55692","500000","XNAS","ASTC","MIC:XNAS","Volume 55692 < Seuil 500000 (1 cotations testées)"
"BYRN","BYRNA TECHNOLOGIES INC.","","Etats-Unis","NASDAQ","USD","314890","500000","XNAS","BYRN","MIC:XNAS","Volume 314890 < Seuil 500000 (1 cotations testées)"
"GLMD","GALMED PHARMACEUTICALS LTD.","","Etats-Unis","NASDAQ","USD","62156","500000","XNAS","GLMD","MIC:XNAS","Volume 62156 < Seuil 500000 (1 cotations testées)"
"SRZN","SURROZEN, INC.","","Etats-Unis","NASDAQ","USD","239400","500000","XNAS","SRZN","MIC:XNAS","Volume 239400 < Seuil 500000 (1 cotations testées)"
"FENC","FENNEC PHARMACEUTICALS INC.","","Etats-Unis","NASDAQ","USD","421650","500000","XNAS","FENC","MIC:XNAS","Volume 421650 < Seuil 500000 (1 cotations testées)"
"SSII","SS INNOVATIONS INTERNATIONAL, INC.","","Etats-Unis","NASDAQ","USD","40024","500000","XNAS","SSII","MIC:XNAS","Volume 40024 < Seuil 500000 (1 cotations testées)"
"ASTH","ASTRANA HEALTH INC.","","Etats-Unis","NASDAQ","USD","368695","500000","XNAS","ASTH","MIC:XNAS","Volume 368695 < Seuil 500000 (1 cotations testées)"
"YSXT","YSXT TECH CO. LTD.","","Etats-Unis","NASDAQ","USD","43944","500000","XNAS","YSXT","MIC:XNAS","Volume 43944 < Seuil 500000 (1 cotations testées)"
"CBIO","CRESCENT BIOPHARMA, INC.","","Etats-Unis","NASDAQ","USD","161375","500000","XNAS","CBIO","MIC:XNAS","Volume 161375 < Seuil 500000 (2 cotations testées)"
"MTVA","METAVIA INC.","","Etats-Unis","NASDAQ","USD","71397","500000","XNAS","MTVA","MIC:XNAS","Volume 71397 < Seuil 500000 (1 cotations testées)"
"MTEN","MINGTENG INTERNATIONAL CORP","","Etats-Unis","NASDAQ","USD","466470","500000","XNAS","MTEN","MIC:XNAS","Volume 466470 < Seuil 500000 (1 cotations testées)"
"VBIX","VIEWBIX INC.","","Etats-Unis","NASDAQ","USD","0","500000","XNAS","VBIX","MIC:XNAS","Volume 0 < Seuil 500000 (1 cotations testées)"
"GLE","GLOBAL ENGINE GROUP HOLDING","","Etats-Unis","NASDAQ","USD","476904","500000","XNAS","GLE","MIC:XNAS","Volume 476904 < Seuil 500000 (1 cotations testées)"
"PN","SKYCORP SOLAR GROUP LTD","","Etats-Unis","NASDAQ","USD","206206","500000","XNAS","PN","MIC:XNAS","Volume 206206 < Seuil 500000 (1 cotations testées)"
"LYT","LYTUS TECHNOLOGIES HOLDINGS PTV. LTD.","","Etats-Unis","NASDAQ","USD","217108","500000","XNAS","LYT","MIC:XNAS","Volume 217108 < Seuil 500000 (1 cotations testées)"
"TVRD","CARA THERAPEUTICS INC.","","Etats-Unis","NASDAQ","USD","336796","500000","XNAS","TVRD","MIC:XNAS","Volume 336796 < Seuil 500000 (1 cotations testées)"
"MSW","MING SHING GROUP HOLDINGS LTD.","","Etats-Unis","NASDAQ","USD","8791","500000","XNAS","MSW","MIC:XNAS","Volume 8791 < Seuil 500000 (1 cotations testées)"
"NEXR","JEFFS' BRANDS LTD.","","Etats-Unis","NASDAQ","USD","485689","500000","XNAS","NEXR","MIC:XNAS","Volume 485689 < Seuil 500000 (1 cotations testées)"
"CGEN","COMPUGEN LTD.","","Etats-Unis","NASDAQ","USD","416709","500000","XNAS","CGEN","MIC:XNAS","Volume 416709 < Seuil 500000 (1 cotations testées)"
"GMM","GLOBAL MOFY AI LTD.","","Etats-Unis","NASDAQ","USD","60080","500000","XNAS","GMM","MIC:XNAS","Volume 60080 < Seuil 500000 (1 cotations testées)"
"BEAT","HEARTBEAM INC.","","Etats-Unis","NASDAQ","USD","374478","500000","XNAS","BEAT","MIC:XNAS","Volume 374478 < Seuil 500000 (1 cotations testées)"
"NVVE","NUVVE HOLDING CORP.","","Etats-Unis","NASDAQ","USD","14022","500000","XNAS","NVVE","MIC:XNAS","Volume 14022 < Seuil 500000 (1 cotations testées)"
"VERU","VERU INC.","","Etats-Unis","NASDAQ","USD","140946","500000","XNAS","VERU","MIC:XNAS","Volume 140946 < Seuil 500000 (1 cotations testées)"
"PYPD","POLYPID LTD.","","Etats-Unis","NASDAQ","USD","125600","500000","XNAS","PYPD","MIC:XNAS","Volume 125600 < Seuil 500000 (1 cotations testées)"
"PMA","MING SHING GROUP HOLDINGS LIMITED","","Etats-Unis","NASDAQ","USD","50493","500000","XNAS","PMA","MIC:XNAS","Volume 50493 < Seuil 500000 (1 cotations testées)"
"ATLX","ATLAS LITHIUM INC.","","Etats-Unis","NASDAQ","USD","201205","500000","XNAS","ATLX","MIC:XNAS","Volume 201205 < Seuil 500000 (1 cotations testées)"
"AXG","SOLOWIN HOLDINGS LIMITED","","Etats-Unis","NASDAQ","USD","258255","500000","XNAS","AXG","MIC:XNAS","Volume 258255 < Seuil 500000 (1 cotations testées)"
"MASK","3 E NETWORK TECHNOLOGY GROUP INC.","","Etats-Unis","NASDAQ","USD","243729","500000","XNAS","MASK","MIC:XNAS","Volume 243729 < Seuil 500000 (1 cotations testées)"
"PMAX","POWELL MAX LTD","","Etats-Unis","NASDAQ","USD","47520","500000","XNAS","PMAX","MIC:XNAS","Volume 47520 < Seuil 500000 (1 cotations testées)"
"PLSE","PULSE BIOSCIENCES, INC.","","Etats-Unis","NASDAQ","USD","372018","500000","XNAS","PLSE","MIC:XNAS","Volume 372018 < Seuil 500000 (1 cotations testées)"
"WHWK","WHITEHAWK THERAPEUTICS, INC.","","Etats-Unis","NASDAQ","USD","228869","500000","XNAS","WHWK","MIC:XNAS","Volume 228869 < Seuil 500000 (1 cotations testées)"
"NXL","NEXALIN TECHNOLOGY INC.","","Etats-Unis","NASDAQ","USD","241001","500000","XNAS","NXL","MIC:XNAS","Volume 241001 < Seuil 500000 (1 cotations testées)"
"CTNT","CHEETAH NET SUPPLY CHAIN SERVICE INC.","","Etats-Unis","NASDAQ","USD","95093","500000","XNAS","CTNT","MIC:XNAS","Volume 95093 < Seuil 500000 (1 cotations testées)"
"NERV","MINERVA NEUROSCIENCES INC.","","Etats-Unis","NASDAQ","USD","356393","500000","XNAS","NERV","MIC:XNAS","Volume 356393 < Seuil 500000 (1 cotations testées)"
"MBIN","MERCHANTS BANCORP INC.","","Etats-Unis","NASDAQ","USD","134371","500000","XNAS","MBIN","MIC:XNAS","Volume 134371 < Seuil 500000 (1 cotations testées)"
"PLSM","PULSENMORE LTD.","","Etats-Unis","NASDAQ","USD","50900","500000","XNAS","PLSM","MIC:XNAS","Volume 50900 < Seuil 500000 (1 cotations testées)"
"WATT","ENERGOUS CORPORATION","","Etats-Unis","NASDAQ","USD","174702","500000","XNAS","WATT","MIC:XNAS","Volume 174702 < Seuil 500000 (1 cotations testées)"
"QCLS","Q/C TECHNOLOGIES, INC.","","Etats-Unis","NASDAQ","USD","142234","500000","XNAS","QCLS","MIC:XNAS","Volume 142234 < Seuil 500000 (1 cotations testées)"
"MBAI","CHECK-CAP LTD.","","Etats-Unis","NASDAQ","USD","35020","500000","XNAS","MBAI","MIC:XNAS","Volume 35020 < Seuil 500000 (1 cotations testées)"
"CCHH","CCH HOLDINGS LTD","","Etats-Unis","NASDAQ","USD","74335","500000","XNAS","CCHH","MIC:XNAS","Volume 74335 < Seuil 500000 (1 cotations testées)"
"WETH","WETOUCH TECHNOLOGY INC.","","Etats-Unis","NASDAQ","USD","39422","500000","XNAS","WETH","MIC:XNAS","Volume 39422 < Seuil 500000 (1 cotations testées)"
"QTTB","Q32 BIO INC.","","Etats-Unis","NASDAQ","USD","379064","500000","XNAS","QTTB","MIC:XNAS","Volume 379064 < Seuil 500000 (1 cotations testées)"
"LIXT","LIXTE BIOTECHNOLOGY HOLDINGS INC.","","Etats-Unis","NASDAQ","USD","181200","500000","XNAS","LIXT","MIC:XNAS","Volume 181200 < Seuil 500000 (1 cotations testées)"
"KITT","NAUTICUS ROBOTICS INC.","","Etats-Unis","NASDAQ","USD","265622","500000","XNAS","KITT","MIC:XNAS","Volume 265622 < Seuil 500000 (1 cotations testées)"
"CWD","CALIBERCOS INC.","","Etats-Unis","NASDAQ","USD","305025","500000","XNAS","CWD","MIC:XNAS","Volume 305025 < Seuil 500000 (1 cotations testées)"
"CCTG","CCTG TECHNOLOGY INTERNATIONAL INC.","","Etats-Unis","NASDAQ","USD","129237","500000","XNAS","CCTG","MIC:XNAS","Volume 129237 < Seuil 500000 (1 cotations testées)"
"CMND","CLEARMIND MEDICINE INC.","","Etats-Unis","NASDAQ","USD","136345","500000","XNAS","CMND","MIC:XNAS","Volume 136345 < Seuil 500000 (1 cotations testées)"
"CWBC","COMMUNITY WEST BANCSHARES","","Etats-Unis","NASDAQ","USD","250355","500000","XNAS","CWBC","MIC:XNAS","Volume 250355 < Seuil 500000 (1 cotations testées)"
"ESTA","ESTABLISHMENT LABS HOLDINGS INC.","","Etats-Unis","NASDAQ","USD","346997","500000","XNAS","ESTA","MIC:XNAS","Volume 346997 < Seuil 500000 (1 cotations testées)"
"CDXC","NIAGEN BIOSCIENCE INC.","","Etats-Unis","NASDAQ","USD","498294","500000","XNAS","CDXC","MIC:XNAS","Volume 498294 < Seuil 500000 (2 cotations testées)"
"AIRE","REALPHA TECHNOLOGIES CORP.","","Etats-Unis","NASDAQ","USD","453842","500000","XNAS","AIRE","MIC:XNAS","Volume 453842 < Seuil 500000 (1 cotations testées)"
"IMPP","IMPERIAL PETROLEUM INC.","","Etats-Unis","NASDAQ","USD","466800","500000","XNAS","IMPP","MIC:XNAS","Volume 466800 < Seuil 500000 (1 cotations testées)"
"NOTV","INOTIV INC.","","Etats-Unis","NASDAQ","USD","0","500000","XNAS","NOTV","MIC:XNAS","Volume 0 < Seuil 500000 (1 cotations testées)"
"PRTH","PRIORITY TECHNOLOGY HOLDINGS, INC.","","Etats-Unis","NASDAQ","USD","385730","500000","XNAS","PRTH","MIC:XNAS","Volume 385730 < Seuil 500000 (1 cotations testées)"
"QNTM","QUANTUM BIOPHARMA LTD.","","Etats-Unis","NASDAQ","USD","271918","500000","XNAS","QNTM","MIC:XNAS","Volume 271918 < Seuil 500000 (1 cotations testées)"
"QRTEA","QVC GROUP INC.","","Etats-Unis","NASDAQ","USD","146644","500000","XNAS","QRTEA","MIC:XNAS","Volume 146644 < Seuil 500000 (1 cotations testées)"
"CBUS","CIBUS INC.","","Etats-Unis","NASDAQ","USD","108563","500000","XNAS","CBUS","MIC:XNAS","Volume 108563 < Seuil 500000 (1 cotations testées)"
"GVH","GLOBAVEND HOLDINGS LTD","","Etats-Unis","NASDAQ","USD","131712","500000","XNAS","GVH","MIC:XNAS","Volume 131712 < Seuil 500000 (1 cotations testées)"
"GV","VISIONARY HOLDINGS INC.","","Etats-Unis","NASDAQ","USD","13450","500000","XNAS","GV","MIC:XNAS","Volume 13450 < Seuil 500000 (1 cotations testées)"
"IMNN","IMUNON, INC.","","Etats-Unis","NASDAQ","USD","82345","500000","XNAS","IMNN","MIC:XNAS","Volume 82345 < Seuil 500000 (1 cotations testées)"
"QUIK","QUICKLOGIC CORPORATION","","Etats-Unis","NASDAQ","USD","242208","500000","XNAS","QUIK","MIC:XNAS","Volume 242208 < Seuil 500000 (1 cotations testées)"
"NAKA","KINDLY MD, INC.","","Etats-Unis","NASDAQ","USD","239773","500000","XNAS","NAKA","MIC:XNAS","Volume 239773 < Seuil 500000 (1 cotations testées)"
"CLSN","CELSION CORP","","Etats-Unis","NASDAQ","USD","82359","500000","XNAS","CLSN","MIC:XNAS","Volume 82359 < Seuil 500000 (1 cotations testées)"
"INM","INMED PHARMACEUTICALS INC.","","Etats-Unis","NASDAQ","USD","111847","500000","XNAS","INM","MIC:XNAS","Volume 111847 < Seuil 500000 (1 cotations testées)"
"INMB","INMUNE BIO INC.","","Etats-Unis","NASDAQ","USD","356242","500000","XNAS","INMB","MIC:XNAS","Volume 356242 < Seuil 500000 (1 cotations testées)"
"NMAD","NOMAD POWER SOLUTIONS, INC.","","Etats-Unis","NASDAQ","USD","158864","500000","XNAS","NMAD","MIC:XNAS","Volume 158864 < Seuil 500000 (1 cotations testées)"
"AUC","ATIF HOLDINGS LIMITED","","Etats-Unis","NASDAQ","USD","860","500000","XNAS","AUC","MIC:XNAS","Volume 860 < Seuil 500000 (1 cotations testées)"
"CLRO","CLEARONE INC.","","Etats-Unis","NASDAQ","USD","53603","500000","XNAS","CLRO","MIC:XNAS","Volume 53603 < Seuil 500000 (1 cotations testées)"
"VEEE","TWIN VEE POWERCATS CO","","Etats-Unis","NASDAQ","USD","30690","500000","XNAS","VEEE","MIC:XNAS","Volume 30690 < Seuil 500000 (1 cotations testées)"
"NBBK","NB BANCORP INC.","","Etats-Unis","NASDAQ","USD","334744","500000","XNAS","NBBK","MIC:XNAS","Volume 334744 < Seuil 500000 (1 cotations testées)"
"AUID","AUTHID INC.","","Etats-Unis","NASDAQ","USD","296980","500000","XNAS","AUID","MIC:XNAS","Volume 296980 < Seuil 500000 (1 cotations testées)"
"TBH","BRAG HOUSE HOLDINGS INC.","","Etats-Unis","NASDAQ","USD","80","500000","XNAS","TBH","MIC:XNAS","Volume 80 < Seuil 500000 (1 cotations testées)"
"INLF","INLIFE LTD.","","Etats-Unis","NASDAQ","USD","154670","500000","XNAS","INLF","MIC:XNAS","Volume 154670 < Seuil 500000 (1 cotations testées)"
"PSTV","PLUS THERAPEUTICS INC","","Etats-Unis","NASDAQ","USD","80762","500000","XNAS","PSTV","MIC:XNAS","Volume 80762 < Seuil 500000 (1 cotations testées)"
"EPRX","EUPRAXIA PHARMACEUTICALS INC.","","Etats-Unis","NASDAQ","USD","391243","500000","XNAS","EPRX","MIC:XNAS","Volume 391243 < Seuil 500000 (1 cotations testées)"
"CLIK","CLICK HOLDINGS LTD.","","Etats-Unis","NASDAQ","USD","28031","500000","XNAS","CLIK","MIC:XNAS","Volume 28031 < Seuil 500000 (1 cotations testées)"
"NAOV","NANOVIBRONIX, INC.","","Etats-Unis","NASDAQ","USD","466278","500000","XNAS","NAOV","MIC:XNAS","Volume 466278 < Seuil 500000 (1 cotations testées)"
"GELS","GELTEQ LTD.","","Etats-Unis","NASDAQ","USD","21230","500000","XNAS","GELS","MIC:XNAS","Volume 21230 < Seuil 500000 (1 cotations testées)"
"CUE","CUE BIOPHARMA, INC.","","Etats-Unis","NASDAQ","USD","191745","500000","XNAS","CUE","MIC:XNAS","Volume 191745 < Seuil 500000 (1 cotations testées)"
"EQ","EQUILLIUM, INC.","","Etats-Unis","NASDAQ","USD","424762","500000","XNAS","EQ","MIC:XNAS","Volume 424762 < Seuil 500000 (1 cotations testées)"
"CDT","CONDUIT PHARMACEUTICALS INC.","","Etats-Unis","NASDAQ","USD","484288","500000","XNAS","CDT","MIC:XNAS","Volume 484288 < Seuil 500000 (1 cotations testées)"
"AURE","PRESTIGE WEALTH INC.","","Etats-Unis","NASDAQ","USD","12105","500000","XNAS","AURE","MIC:XNAS","Volume 12105 < Seuil 500000 (1 cotations testées)"
"MOBX","MOBIX LABS INC.","","Etats-Unis","NASDAQ","USD","489726","500000","XNAS","MOBX","MIC:XNAS","Volume 489726 < Seuil 500000 (1 cotations testées)"
"GTBP","GT BIOPHARMA, INC.","","Etats-Unis","NASDAQ","USD","395124","500000","XNAS","GTBP","MIC:XNAS","Volume 395124 < Seuil 500000 (1 cotations testées)"
"ERNA","ETERNA THERAPEUTICS INC.","","Etats-Unis","NASDAQ","USD","38853","500000","XNAS","ERNA","MIC:XNAS","Volume 38853 < Seuil 500000 (1 cotations testées)"
"GRWG","GROWGENERATION CORP.","","Etats-Unis","NASDAQ","USD","359271","500000","XNAS","GRWG","MIC:XNAS","Volume 359271 < Seuil 500000 (1 cotations testées)"
"KGEI","KOLIBRI GLOBAL ENERGY INC.","","Etats-Unis","NASDAQ","USD","133830","500000","XNAS","KGEI","MIC:XNAS","Volume 133830 < Seuil 500000 (1 cotations testées)"
"CIGL","CONCORDE INTERNATIONAL, INC.","","Etats-Unis","NASDAQ","USD","82186","500000","XNAS","CIGL","MIC:XNAS","Volume 82186 < Seuil 500000 (1 cotations testées)"
"CIIT","TIANCI INTERNATIONAL INC.","","Etats-Unis","NASDAQ","USD","370016","500000","XNAS","CIIT","MIC:XNAS","Volume 370016 < Seuil 500000 (1 cotations testées)"
"VERB","TON STRATEGY COMPANY","","Etats-Unis","NASDAQ","USD","294933","500000","XNAS","VERB","MIC:XNAS","Volume 294933 < Seuil 500000 (1 cotations testées)"
"IKT","INHIBIKASE THERAPEUTICS INC.","","Etats-Unis","NASDAQ","USD","426996","500000","XNAS","IKT","MIC:XNAS","Volume 426996 < Seuil 500000 (1 cotations testées)"
"CXDO","CREXENDO, INC.","","Etats-Unis","NASDAQ","USD","241567","500000","XNAS","CXDO","MIC:XNAS","Volume 241567 < Seuil 500000 (1 cotations testées)"
"CING","CINGULATE INC.","","Etats-Unis","NASDAQ","USD","158910","500000","XNAS","CING","MIC:XNAS","Volume 158910 < Seuil 500000 (1 cotations testées)"
"CAPS","CAPSTONE HOLDING CORP.","","Etats-Unis","NASDAQ","USD","263736","500000","XNAS","CAPS","MIC:XNAS","Volume 263736 < Seuil 500000 (1 cotations testées)"
"CISO","CISO GLOBAL INC.","","Etats-Unis","NASDAQ","USD","308489","500000","XNAS","CISO","MIC:XNAS","Volume 308489 < Seuil 500000 (1 cotations testées)"
"IMA","IMAGENEBIO, INC.","","Etats-Unis","NASDAQ","USD","10631","500000","XNAS","IMA","MIC:XNAS","Volume 10631 < Seuil 500000 (1 cotations testées)"
"NTRP","NEXTTRIP INC.","","Etats-Unis","NASDAQ","USD","297706","500000","XNAS","NTRP","MIC:XNAS","Volume 297706 < Seuil 500000 (1 cotations testées)"
"PRHI","PRESURANCE HOLDINGS, INC.","","Etats-Unis","NASDAQ","USD","9370","500000","XNAS","PRHI","MIC:XNAS","Volume 9370 < Seuil 500000 (1 cotations testées)"
"WLGS","WANG & LEE GROUP INC.","","Etats-Unis","NASDAQ","USD","25405","500000","XNAS","WLGS","MIC:XNAS","Volume 25405 < Seuil 500000 (1 cotations testées)"
"MAMA","MAMA'S CREATIONS INC.","","Etats-Unis","NASDAQ","USD","489694","500000","XNAS","MAMA","MIC:XNAS","Volume 489694 < Seuil 500000 (1 cotations testées)"
"AKAN","AKANDA CORP","","Etats-Unis","NASDAQ","USD","459520","500000","XNAS","AKAN","MIC:XNAS","Volume 459520 < Seuil 500000 (1 cotations testées)"
"FBGL","FBS GLOBAL LTD.","","Etats-Unis","NASDAQ","USD","332975","500000","XNAS","FBGL","MIC:XNAS","Volume 332975 < Seuil 500000 (1 cotations testées)"
"BANL","CBL INTERNATIONAL LTD.","","Etats-Unis","NASDAQ","USD","75720","500000","XNAS","BANL","MIC:XNAS","Volume 75720 < Seuil 500000 (1 cotations testées)"
"FBIO","FORTRESS BIOTECH INC.","","Etats-Unis","NASDAQ","USD","471596","500000","XNAS","FBIO","MIC:XNAS","Volume 471596 < Seuil 500000 (1 cotations testées)"
"ESQ","ESQUIRE FINANCIAL HOLDINGS INC.","","Etats-Unis","NASDAQ","USD","146228","500000","XNAS","ESQ","MIC:XNAS","Volume 146228 < Seuil 500000 (1 cotations testées)"
"GNLX","GENELUX CORP.","","Etats-Unis","NASDAQ","USD","415350","500000","XNAS","GNLX","MIC:XNAS","Volume 415350 < Seuil 500000 (1 cotations testées)"
"CSAI","CLOUDASTRUCTURE INC.","","Etats-Unis","NASDAQ","USD","78795","500000","XNAS","CSAI","MIC:XNAS","Volume 78795 < Seuil 500000 (1 cotations testées)"
"ORRF","ORRSTOWN FINANCIAL SERVICES INC.","","Etats-Unis","NASDAQ","USD","99700","500000","XNAS","ORRF","MIC:XNAS","Volume 99700 < Seuil 500000 (1 cotations testées)"
"NIKI","NIKI BIOSOLUTIONS, INC.","","Etats-Unis","NASDAQ","USD","41645","500000","XNAS","NIKI","MIC:XNAS","Volume 41645 < Seuil 500000 (1 cotations testées)"
"PRSO","PERASO INC.","","Etats-Unis","NASDAQ","USD","213723","500000","XNAS","PRSO","MIC:XNAS","Volume 213723 < Seuil 500000 (1 cotations testées)"
"INEO","INNEOVA HOLDINGS LIMITED","","Etats-Unis","NASDAQ","USD","314144","500000","XNAS","INEO","MIC:XNAS","Volume 314144 < Seuil 500000 (1 cotations testées)"
"CNEY","CN ENERGY GROUP INC.","","Etats-Unis","NASDAQ","USD","73742","500000","XNAS","CNEY","MIC:XNAS","Volume 73742 < Seuil 500000 (1 cotations testées)"
"KARO","KAROOOOO LTD.","","Etats-Unis","NASDAQ","USD","72901","500000","XNAS","KARO","MIC:XNAS","Volume 72901 < Seuil 500000 (1 cotations testées)"
"WBUY","WEBUY GLOBAL LTD.","","Etats-Unis","NASDAQ","USD","31690","500000","XNAS","WBUY","MIC:XNAS","Volume 31690 < Seuil 500000 (1 cotations testées)"
"ELTX","ELICIO THERAPEUTICS INC.","","Etats-Unis","NASDAQ","USD","421120","500000","XNAS","ELTX","MIC:XNAS","Volume 421120 < Seuil 500000 (1 cotations testées)"
"GFAI","GUARDFORCE AI CO., LTD.","","Etats-Unis","NASDAQ","USD","329199","500000","XNAS","GFAI","MIC:XNAS","Volume 329199 < Seuil 500000 (1 cotations testées)"
"EVGN","EVOGENE LTD.","","Etats-Unis","NASDAQ","USD","236413","500000","XNAS","EVGN","MIC:XNAS","Volume 236413 < Seuil 500000 (1 cotations testées)"
"RCEL","AVITA MEDICAL INC.","","Etats-Unis","NASDAQ","USD","454475","500000","XNAS","RCEL","MIC:XNAS","Volume 454475 < Seuil 500000 (1 cotations testées)"
"LIQT","LIQTECH INTERNATIONAL INC.","","Etats-Unis","NASDAQ","USD","78381","500000","XNAS","LIQT","MIC:XNAS","Volume 78381 < Seuil 500000 (1 cotations testées)"
"NRSN","NEUROSENSE THERAPEUTICS LTD.","","Etats-Unis","NASDAQ","USD","341192","500000","XNAS","NRSN","MIC:XNAS","Volume 341192 < Seuil 500000 (1 cotations testées)"
"CETX","CEMTREX INC.","","Etats-Unis","NASDAQ","USD","34538","500000","XNAS","CETX","MIC:XNAS","Volume 34538 < Seuil 500000 (1 cotations testées)"
"CRVO","CERVOMED INC.","","Etats-Unis","NASDAQ","USD","296123","500000","XNAS","CRVO","MIC:XNAS","Volume 296123 < Seuil 500000 (1 cotations testées)"
"OCX","INSIGHT MOLECULAR DIAGNOSTICS INC.","","Etats-Unis","NASDAQ","USD","111389","500000","XNAS","OCX","MIC:XNAS","Volume 111389 < Seuil 500000 (2 cotations testées)"
"SNSE","FAETH THERAPEUTICS, INC.","","Etats-Unis","NASDAQ","USD","318662","500000","XNAS","SNSE","MIC:XNAS","Volume 318662 < Seuil 500000 (2 cotations testées)"
"TRNR","INTERACTIVE STRENGTH INC.","","Etats-Unis","NASDAQ","USD","12560","500000","XNAS","TRNR","MIC:XNAS","Volume 12560 < Seuil 500000 (1 cotations testées)"
"FTEL","FITELL CORP.","","Etats-Unis","NASDAQ","USD","483714","500000","XNAS","FTEL","MIC:XNAS","Volume 483714 < Seuil 500000 (1 cotations testées)"
"KRMD","KORU MEDICAL SYSTEMS INC.","","Etats-Unis","NASDAQ","USD","196224","500000","XNAS","KRMD","MIC:XNAS","Volume 196224 < Seuil 500000 (1 cotations testées)"
"EKSO","EKSO BIONICS HOLDINGS, INC.","","Etats-Unis","NASDAQ","USD","205167","500000","XNAS","EKSO","MIC:XNAS","Volume 205167 < Seuil 500000 (1 cotations testées)"
"FTEK","FUEL TECH INC.","","Etats-Unis","NASDAQ","USD","107069","500000","XNAS","FTEK","MIC:XNAS","Volume 107069 < Seuil 500000 (1 cotations testées)"
"SLSN","SOLESENCE INC.","","Etats-Unis","NASDAQ","USD","14815","500000","XNAS","SLSN","MIC:XNAS","Volume 14815 < Seuil 500000 (1 cotations testées)"
"OSPN","ONESPAN INC.","","Etats-Unis","NASDAQ","USD","487793","500000","XNAS","OSPN","MIC:XNAS","Volume 487793 < Seuil 500000 (1 cotations testées)"
"OKYO","OKYO PHARMA LTD.","","Etats-Unis","NASDAQ","USD","135390","500000","XNAS","OKYO","MIC:XNAS","Volume 135390 < Seuil 500000 (1 cotations testées)"
"MF","MISSFRESH LIMITED","","Etats-Unis","NASDAQ","USD","115947","500000","XNAS","MF","MIC:XNAS","Volume 115947 < Seuil 500000 (1 cotations testées)"
"JLHL","JULONG HOLDING LIMITED","","Etats-Unis","NASDAQ","USD","210245","500000","XNAS","JLHL","MIC:XNAS","Volume 210245 < Seuil 500000 (1 cotations testées)"
"FTHM","FATHOM HOLDINGS INC.","","Etats-Unis","NASDAQ","USD","109860","500000","XNAS","FTHM","MIC:XNAS","Volume 109860 < Seuil 500000 (1 cotations testées)"
"ANNA","ALEANNA INC.","","Etats-Unis","NASDAQ","USD","121226","500000","XNAS","ANNA","MIC:XNAS","Volume 121226 < Seuil 500000 (1 cotations testées)"
"LQR","LQR HOUSE INC.","","Etats-Unis","NASDAQ","USD","102354","500000","XNAS","LQR","MIC:XNAS","Volume 102354 < Seuil 500000 (2 cotations testées)"
"PASW","PING AN BIOMEDICAL CO., LTD.","","Etats-Unis","NASDAQ","USD","122808","500000","XNAS","PASW","MIC:XNAS","Volume 122808 < Seuil 500000 (1 cotations testées)"
"SKIN","THE BEAUTY HEALTH COMPANY","","Etats-Unis","NASDAQ","USD","410261","500000","XNAS","SKIN","MIC:XNAS","Volume 410261 < Seuil 500000 (1 cotations testées)"
"VRAR","THE GLIMPSE GROUP, INC.","","Etats-Unis","NASDAQ","USD","235235","500000","XNAS","VRAR","MIC:XNAS","Volume 235235 < Seuil 500000 (1 cotations testées)"
"ANIX","ANIXA BIOSCIENCES INC.","","Etats-Unis","NASDAQ","USD","294308","500000","XNAS","ANIX","MIC:XNAS","Volume 294308 < Seuil 500000 (1 cotations testées)"
"!otc/BNBX","BNB PLUS CORP.","","Etats-Unis","NASDAQ","USD","0","500000","XNAS","!otc/BNBX","MIC:XNAS","Volume 0 < Seuil 500000 (1 cotations testées)"
"FUFU","BITFUFU INC.","","Etats-Unis","NASDAQ","USD","252978","500000","XNAS","FUFU","MIC:XNAS","Volume 252978 < Seuil 500000 (1 cotations testées)"
"FTRK","FAST TRACK GROUP INC.","","Etats-Unis","NASDAQ","USD","37145","500000","XNAS","FTRK","MIC:XNAS","Volume 37145 < Seuil 500000 (1 cotations testées)"
"XPEL","XPEL, INC.","","Etats-Unis","NASDAQ","USD","161977","500000","XNAS","XPEL","MIC:XNAS","Volume 161977 < Seuil 500000 (1 cotations testées)"
"PAVS","PARANOVUS ENTERTAINMENT TECHNOLOGY LTD.","","Etats-Unis","NASDAQ","USD","32110","500000","XNAS","PAVS","MIC:XNAS","Volume 32110 < Seuil 500000 (1 cotations testées)"
"SKBL","SKYLINE BUILDERS GROUP HOLDINGS INC.","","Etats-Unis","NASDAQ","USD","0","500000","XNAS","SKBL","MIC:XNAS","Volume 0 < Seuil 500000 (1 cotations testées)"
"BRPM","B RILEY PRINCIPAL MERGER CORP","","Etats-Unis","NASDAQ","USD","267378","500000","XNAS","BRPM","MIC:XNAS","Volume 267378 < Seuil 500000 (1 cotations testées)"
"BRTX","BIORESTORATIVE THERAPIES INC.","","Etats-Unis","NASDAQ","USD","243942","500000","XNAS","BRTX","MIC:XNAS","Volume 243942 < Seuil 500000 (1 cotations testées)"
"ALTS","ALT5 SIGMA CORP","","Etats-Unis","NASDAQ","USD","7893","500000","XNAS","ALTS","MIC:XNAS","Volume 7893 < Seuil 500000 (1 cotations testées)"
"RENB","LUNAI BIOWORKS INC.","","Etats-Unis","NASDAQ","USD","35205","500000","XNAS","RENB","MIC:XNAS","Volume 35205 < Seuil 500000 (1 cotations testées)"
"TNXP","TONIX PHARMACEUTICALS HOLDING CORP","","Etats-Unis","NASDAQ","USD","490503","500000","XNAS","TNXP","MIC:XNAS","Volume 490503 < Seuil 500000 (1 cotations testées)"
"RELI","RELIANCE GLOBAL GROUP INC.","","Etats-Unis","NASDAQ","USD","133724","500000","XNAS","RELI","MIC:XNAS","Volume 133724 < Seuil 500000 (1 cotations testées)"
"SMTI","SANARA MEDTECH INC.","","Etats-Unis","NASDAQ","USD","344469","500000","XNAS","SMTI","MIC:XNAS","Volume 344469 < Seuil 500000 (1 cotations testées)"
"BIYA","BAIYA INTERNATIONAL GROUP INC.","","Etats-Unis","NASDAQ","USD","79465","500000","XNAS","BIYA","MIC:XNAS","Volume 79465 < Seuil 500000 (1 cotations testées)"
"HDRN","HADRON ENERGY INC.","","Etats-Unis","NASDAQ","USD","99242","500000","XNAS","HDRN","MIC:XNAS","Volume 99242 < Seuil 500000 (1 cotations testées)"
"DTIL","PRECISION BIOSCIENCES INC.","","Etats-Unis","NASDAQ","USD","314782","500000","XNAS","DTIL","MIC:XNAS","Volume 314782 < Seuil 500000 (1 cotations testées)"
"DTI","DRILLING TOOLS INTERNATIONAL CORP.","","Etats-Unis","NASDAQ","USD","169451","500000","XNAS","DTI","MIC:XNAS","Volume 169451 < Seuil 500000 (1 cotations testées)"
"USAU","U.S. GOLD CORP.","","Etats-Unis","NASDAQ","USD","304408","500000","XNAS","USAU","MIC:XNAS","Volume 304408 < Seuil 500000 (1 cotations testées)"
"VTVT","VTV THERAPEUTICS INC.","","Etats-Unis","NASDAQ","USD","90241","500000","XNAS","VTVT","MIC:XNAS","Volume 90241 < Seuil 500000 (1 cotations testées)"
"TIPT","TIPTREE INC.","","Etats-Unis","NASDAQ","USD","242821","500000","XNAS","TIPT","MIC:XNAS","Volume 242821 < Seuil 500000 (1 cotations testées)"
"RDCM","RADCOM LTD.","","Etats-Unis","NASDAQ","USD","138625","500000","XNAS","RDCM","MIC:XNAS","Volume 138625 < Seuil 500000 (1 cotations testées)"
"LABT","LAKEWOOD-AMEDEX BIOTHERAPEUTICS INC.","","Etats-Unis","NASDAQ","USD","130593","500000","XNAS","LABT","MIC:XNAS","Volume 130593 < Seuil 500000 (1 cotations testées)"
"SABS","SAB BIOTHERAPEUTICS INC.","","Etats-Unis","NASDAQ","USD","343060","500000","XNAS","SABS","MIC:XNAS","Volume 343060 < Seuil 500000 (1 cotations testées)"
"REE","REE AUTOMOTIVE LTD.","","Etats-Unis","NASDAQ","USD","28547","500000","XNAS","REE","MIC:XNAS","Volume 28547 < Seuil 500000 (1 cotations testées)"
"KUST","DIGITAL ALLY INC.","","Etats-Unis","NASDAQ","USD","357601","500000","XNAS","KUST","MIC:XNAS","Volume 357601 < Seuil 500000 (1 cotations testées)"
"HLP","HONGLI GROUP INC.","","Etats-Unis","NASDAQ","USD","37217","500000","XNAS","HLP","MIC:XNAS","Volume 37217 < Seuil 500000 (1 cotations testées)"
"HLTH","NOBILIS HEALTH CORP","","Etats-Unis","NASDAQ","USD","20761","500000","XNAS","HLTH","MIC:XNAS","Volume 20761 < Seuil 500000 (1 cotations testées)"
"OPAL","OPAL FUELS INC.","","Etats-Unis","NASDAQ","USD","126697","500000","XNAS","OPAL","MIC:XNAS","Volume 126697 < Seuil 500000 (1 cotations testées)"
"BLNE","EASTSIDE DISTILLING INC.","","Etats-Unis","NASDAQ","USD","220388","500000","XNAS","BLNE","MIC:XNAS","Volume 220388 < Seuil 500000 (2 cotations testées)"
"APXT","APEX TREASURY CORPORATION","","Etats-Unis","NASDAQ","USD","163826","500000","XNAS","APXT","MIC:XNAS","Volume 163826 < Seuil 500000 (1 cotations testées)"
"OPRX","OPTIMIZERX CORPORATION","","Etats-Unis","NASDAQ","USD","271582","500000","XNAS","OPRX","MIC:XNAS","Volume 271582 < Seuil 500000 (1 cotations testées)"
"FMST","FOREMOST CLEAN ENERGY LTD.","","Etats-Unis","NASDAQ","USD","84756","500000","XNAS","FMST","MIC:XNAS","Volume 84756 < Seuil 500000 (1 cotations testées)"
"ZYBT","ZHENGYE BIOTECHNOLOGY HOLDINGS INC.","","Etats-Unis","NASDAQ","USD","268822","500000","XNAS","ZYBT","MIC:XNAS","Volume 268822 < Seuil 500000 (1 cotations testées)"
"KRRO","KORRO BIO INC.","","Etats-Unis","NASDAQ","USD","70720","500000","XNAS","KRRO","MIC:XNAS","Volume 70720 < Seuil 500000 (1 cotations testées)"
"EDBL","EDIBLE GARDEN AG INC.","","Etats-Unis","NASDAQ","USD","194346","500000","XNAS","EDBL","MIC:XNAS","Volume 194346 < Seuil 500000 (1 cotations testées)"
"IZM","ICZOOM GROUP INC.","","Etats-Unis","NASDAQ","USD","146605","500000","XNAS","IZM","MIC:XNAS","Volume 146605 < Seuil 500000 (1 cotations testées)"
"DCTH","DELCATH SYSTEMS INC.","","Etats-Unis","NASDAQ","USD","491047","500000","XNAS","DCTH","MIC:XNAS","Volume 491047 < Seuil 500000 (1 cotations testées)"
"MEDS","SCIENTURE HOLDINGS INC.","","Etats-Unis","NASDAQ","USD","436335","500000","XNAS","MEDS","MIC:XNAS","Volume 436335 < Seuil 500000 (2 cotations testées)"
"APM","APTORUM GROUP LTD.","","Etats-Unis","NASDAQ","USD","42380","500000","XNAS","APM","MIC:XNAS","Volume 42380 < Seuil 500000 (1 cotations testées)"
"VSME","VS MEDIA HOLDINGS LTD.","","Etats-Unis","NASDAQ","USD","93860","500000","XNAS","VSME","MIC:XNAS","Volume 93860 < Seuil 500000 (1 cotations testées)"
"JAGX","JAGUAR HEALTH, INC.","","Etats-Unis","NASDAQ","USD","163195","500000","XNAS","JAGX","MIC:XNAS","Volume 163195 < Seuil 500000 (1 cotations testées)"
"UFPT","UFP TECHNOLOGIES INC.","","Etats-Unis","NASDAQ","USD","116916","500000","XNAS","UFPT","MIC:XNAS","Volume 116916 < Seuil 500000 (1 cotations testées)"
"BNAI","BRAND ENGAGEMENT NETWORK INC.","","Etats-Unis","NASDAQ","USD","112873","500000","XNAS","BNAI","MIC:XNAS","Volume 112873 < Seuil 500000 (1 cotations testées)"
"UGRO","FLASH SPORTS & MEDIA, INC.","","Etats-Unis","NASDAQ","USD","0","500000","XNAS","UGRO","MIC:XNAS","Volume 0 < Seuil 500000 (1 cotations testées)"
"BMRC","BANK OF MARIN BANCORP","","Etats-Unis","NASDAQ","USD","156736","500000","XNAS","BMRC","MIC:XNAS","Volume 156736 < Seuil 500000 (1 cotations testées)"
"VOXR","VOX ROYALTY CORP","","Etats-Unis","NASDAQ","USD","488252","500000","XNAS","VOXR","MIC:XNAS","Volume 488252 < Seuil 500000 (1 cotations testées)"
"FMNB","FARMERS NATIONAL BANC CORP.","","Etats-Unis","NASDAQ","USD","363078","500000","XNAS","FMNB","MIC:XNAS","Volume 363078 < Seuil 500000 (1 cotations testées)"
"SEVN","SEVEN HILLS REALTY TRUST","","Etats-Unis","NASDAQ","USD","109491","500000","XNAS","SEVN","MIC:XNAS","Volume 109491 < Seuil 500000 (1 cotations testées)"
"HKPD","HONG KONG PHARMA DIGITAL TECHNOLOGY CO. LTD.","","Etats-Unis","NASDAQ","USD","137295","500000","XNAS","HKPD","MIC:XNAS","Volume 137295 < Seuil 500000 (1 cotations testées)"
"PANL","PANGAEA LOGISTICS SOLUTIONS LTD.","","Etats-Unis","NASDAQ","USD","389074","500000","XNAS","PANL","MIC:XNAS","Volume 389074 < Seuil 500000 (1 cotations testées)"
"EGBN","EAGLE BANCORP INC.","","Etats-Unis","NASDAQ","USD","207179","500000","XNAS","EGBN","MIC:XNAS","Volume 207179 < Seuil 500000 (1 cotations testées)"
"ALRS","ALERUS FINANCIAL CORPORATION","","Etats-Unis","NASDAQ","USD","127910","500000","XNAS","ALRS","MIC:XNAS","Volume 127910 < Seuil 500000 (1 cotations testées)"
"STSS","SHARPS TECHNOLOGY INC.","","Etats-Unis","NASDAQ","USD","0","500000","XNAS","STSS","MIC:XNAS","Volume 0 < Seuil 500000 (1 cotations testées)"
"WTO","UTIME LIMITED","","Etats-Unis","NASDAQ","USD","0","500000","XNAS","WTO","MIC:XNAS","Volume 0 < Seuil 500000 (1 cotations testées)"
"SHPH","SHUTTLE PHARMACEUTICALS HOLDINGS, INC.","","Etats-Unis","NASDAQ","USD","77677","500000","XNAS","SHPH","MIC:XNAS","Volume 77677 < Seuil 500000 (1 cotations testées)"
"SAVA","CASSAVA SCIENCES INC.","","Etats-Unis","NASDAQ","USD","201440","500000","XNAS","SAVA","MIC:XNAS","Volume 201440 < Seuil 500000 (1 cotations testées)"
"DATS","DATCHAT INC.","","Etats-Unis","NASDAQ","USD","118891","500000","XNAS","DATS","MIC:XNAS","Volume 118891 < Seuil 500000 (1 cotations testées)"
"ARQQ","ARQIT QUANTUM INC.","","Etats-Unis","NASDAQ","USD","277180","500000","XNAS","ARQQ","MIC:XNAS","Volume 277180 < Seuil 500000 (1 cotations testées)"
"HURA","TUHURA BIOSCIENCES, INC.","","Etats-Unis","NASDAQ","USD","225385","500000","XNAS","HURA","MIC:XNAS","Volume 225385 < Seuil 500000 (2 cotations testées)"
"KTTA","PASITHEA THERAPEUTICS CORP.","","Etats-Unis","NASDAQ","USD","455386","500000","XNAS","KTTA","MIC:XNAS","Volume 455386 < Seuil 500000 (1 cotations testées)"
"DYAI","DYADIC INTERNATIONAL INC.","","Etats-Unis","NASDAQ","USD","276547","500000","XNAS","DYAI","MIC:XNAS","Volume 276547 < Seuil 500000 (1 cotations testées)"
"ABL","ABACUS LIFE INC.","","Etats-Unis","NASDAQ","USD","438090","500000","XNAS","ABL","MIC:XNAS","Volume 438090 < Seuil 500000 (1 cotations testées)"
"MNPR","MONOPAR THERAPEUTICS INC.","","Etats-Unis","NASDAQ","USD","221544","500000","XNAS","MNPR","MIC:XNAS","Volume 221544 < Seuil 500000 (1 cotations testées)"
"OMEX","ODYSSEY MARINE EXPLORATION INC.","","Etats-Unis","NASDAQ","USD","465377","500000","XNAS","OMEX","MIC:XNAS","Volume 465377 < Seuil 500000 (1 cotations testées)"
"BNZI","BANZAI INTERNATIONAL INC.","","Etats-Unis","NASDAQ","USD","186731","500000","XNAS","BNZI","MIC:XNAS","Volume 186731 < Seuil 500000 (1 cotations testées)"
"ONCO","ONCONETIX INC.","","Etats-Unis","NASDAQ","USD","238987","500000","XNAS","ONCO","MIC:XNAS","Volume 238987 < Seuil 500000 (1 cotations testées)"
"DERM","JOURNEY MEDICAL CORP","","Etats-Unis","NASDAQ","USD","183100","500000","XNAS","DERM","MIC:XNAS","Volume 183100 < Seuil 500000 (1 cotations testées)"
"OPTX","SYNTEC OPTICS HOLDINGS INC.","","Etats-Unis","NASDAQ","USD","251560","500000","XNAS","OPTX","MIC:XNAS","Volume 251560 < Seuil 500000 (1 cotations testées)"
"TLPH","TALPHERA INC.","","Etats-Unis","NASDAQ","USD","253900","500000","XNAS","TLPH","MIC:XNAS","Volume 253900 < Seuil 500000 (1 cotations testées)"
"GALT","GALECTIN THERAPEUTICS INC.","","Etats-Unis","NASDAQ","USD","278930","500000","XNAS","GALT","MIC:XNAS","Volume 278930 < Seuil 500000 (1 cotations testées)"
"SGRP","SPAR GROUP INC.","","Etats-Unis","NASDAQ","USD","205400","500000","XNAS","SGRP","MIC:XNAS","Volume 205400 < Seuil 500000 (1 cotations testées)"
"HFFG","HF FOODS GROUP INC.","","Etats-Unis","NASDAQ","USD","110493","500000","XNAS","HFFG","MIC:XNAS","Volume 110493 < Seuil 500000 (1 cotations testées)"
"RDVT","RED VIOLET INC.","","Etats-Unis","NASDAQ","USD","221864","500000","XNAS","RDVT","MIC:XNAS","Volume 221864 < Seuil 500000 (1 cotations testées)"
"WTER","THE ALKALINE WATER COMPANY INC.","","Etats-Unis","NASDAQ","USD","453259","500000","XNAS","WTER","MIC:XNAS","Volume 453259 < Seuil 500000 (1 cotations testées)"
"EGAN","EGAIN CORPORATION","","Etats-Unis","NASDAQ","USD","110518","500000","XNAS","EGAN","MIC:XNAS","Volume 110518 < Seuil 500000 (1 cotations testées)"
"DEVS","DEVVSTREAM CORP.","","Etats-Unis","NASDAQ","USD","0","500000","XNAS","DEVS","MIC:XNAS","Volume 0 < Seuil 500000 (1 cotations testées)"
"SHFS","SHF HOLDINGS INC.","","Etats-Unis","NASDAQ","USD","345808","500000","XNAS","SHFS","MIC:XNAS","Volume 345808 < Seuil 500000 (1 cotations testées)"
"ACIC","AMERICAN COASTAL INSURANCE CORP.","","Etats-Unis","NASDAQ","USD","265786","500000","XNAS","ACIC","MIC:XNAS","Volume 265786 < Seuil 500000 (1 cotations testées)"
"DFLI","DRAGONFLY ENERGY HOLDINGS CORP.","","Etats-Unis","NASDAQ","USD","367535","500000","XNAS","DFLI","MIC:XNAS","Volume 367535 < Seuil 500000 (1 cotations testées)"
"SHIP","SEANERGY MARITIME HOLDINGS CORP.","","Etats-Unis","NASDAQ","USD","277172","500000","XNAS","SHIP","MIC:XNAS","Volume 277172 < Seuil 500000 (1 cotations testées)"
"SMXT","SOLARMAX TECHNOLOGY INC.","","Etats-Unis","NASDAQ","USD","20288","500000","XNAS","SMXT","MIC:XNAS","Volume 20288 < Seuil 500000 (1 cotations testées)"
"SNAL","SNAIL INC.","","Etats-Unis","NASDAQ","USD","73418","500000","XNAS","SNAL","MIC:XNAS","Volume 73418 < Seuil 500000 (1 cotations testées)"
"ELAB","PMGC HOLDINGS INC.","","Etats-Unis","NASDAQ","USD","94019","500000","XNAS","ELAB","MIC:XNAS","Volume 94019 < Seuil 500000 (1 cotations testées)"
"FAC","FACTORIAL ENERGY INC.","","Etats-Unis","NASDAQ","USD","325560","500000","XNAS","FAC","MIC:XNAS","Volume 325560 < Seuil 500000 (1 cotations testées)"
"RGC","REGENCELL BIOSCIENCE HOLDINGS LTD.","","Etats-Unis","NASDAQ","USD","126278","500000","XNAS","RGC","MIC:XNAS","Volume 126278 < Seuil 500000 (1 cotations testées)"
"ELBM","ELECTRA BATTERY MATERIALS CORPORATION","","Etats-Unis","NASDAQ","USD","378902","500000","XNAS","ELBM","MIC:XNAS","Volume 378902 < Seuil 500000 (1 cotations testées)"
"XCUR","EXICURE, INC.","","Etats-Unis","NASDAQ","USD","49547","500000","XNAS","XCUR","MIC:XNAS","Volume 49547 < Seuil 500000 (1 cotations testées)"
"ODTX","ODYSSEY THERAPEUTICS, INC.","","Etats-Unis","NASDAQ","USD","175308","500000","XNAS","ODTX","MIC:XNAS","Volume 175308 < Seuil 500000 (1 cotations testées)"
"PHIO","PHIO PHARMACEUTICALS CORP.","","Etats-Unis","NASDAQ","USD","221169","500000","XNAS","PHIO","MIC:XNAS","Volume 221169 < Seuil 500000 (1 cotations testées)"
"BWEN","BROADWIND INC.","","Etats-Unis","NASDAQ","USD","363609","500000","XNAS","BWEN","MIC:XNAS","Volume 363609 < Seuil 500000 (1 cotations testées)"
"JYD","JAYUD GLOBAL LOGISTICS LTD.","","Etats-Unis","NASDAQ","USD","96387","500000","XNAS","JYD","MIC:XNAS","Volume 96387 < Seuil 500000 (1 cotations testées)"
"ADVB","ADVANCED BIOMED INC.","","Etats-Unis","NASDAQ","USD","286008","500000","XNAS","ADVB","MIC:XNAS","Volume 286008 < Seuil 500000 (1 cotations testées)"
"VYNE","VYNE THERAPEUTICS INC.","","Etats-Unis","NASDAQ","USD","43945","500000","XNAS","VYNE","MIC:XNAS","Volume 43945 < Seuil 500000 (1 cotations testées)"
"UBXG","U-BX TECHNOLOGY LTD.","","Etats-Unis","NASDAQ","USD","0","500000","XNAS","UBXG","MIC:XNAS","Volume 0 < Seuil 500000 (1 cotations testées)"
"HRYU","GLOBAL INTERACTIVE TECHNOLOGY INC.","","Etats-Unis","NASDAQ","USD","206049","500000","XNAS","HRYU","MIC:XNAS","Volume 206049 < Seuil 500000 (1 cotations testées)"
"TDTH","TRIDENT DIGITAL TECH HOLDING LIMITED","","Etats-Unis","NASDAQ","USD","105034","500000","XNAS","TDTH","MIC:XNAS","Volume 105034 < Seuil 500000 (1 cotations testées)"
"DRUG","BRIGHT MINDS BIOSCIENCES INC.","","Etats-Unis","NASDAQ","USD","135324","500000","XNAS","DRUG","MIC:XNAS","Volume 135324 < Seuil 500000 (1 cotations testées)"
"OBT","ORANGE COUNTY BANCORP INC.","","Etats-Unis","NASDAQ","USD","40027","500000","XNAS","OBT","MIC:XNAS","Volume 40027 < Seuil 500000 (1 cotations testées)"
"DLXY","DELIXY HOLDINGS LIMITED","","Etats-Unis","NASDAQ","USD","36854","500000","XNAS","DLXY","MIC:XNAS","Volume 36854 < Seuil 500000 (1 cotations testées)"
"PETZ","TDH HOLDINGS INC.","","Etats-Unis","NASDAQ","USD","24474","500000","XNAS","PETZ","MIC:XNAS","Volume 24474 < Seuil 500000 (1 cotations testées)"
"RMR","RMR GROUP INC.","","Etats-Unis","NASDAQ","USD","104040","500000","XNAS","RMR","MIC:XNAS","Volume 104040 < Seuil 500000 (1 cotations testées)"
"UONEK","URBAN ONE INC.","","Etats-Unis","NASDAQ","USD","27538","500000","XNAS","UONEK","MIC:XNAS","Volume 27538 < Seuil 500000 (1 cotations testées)"
"DMAC","DIAMEDICA THERAPEUTICS INC.","","Etats-Unis","NASDAQ","USD","116506","500000","XNAS","DMAC","MIC:XNAS","Volume 116506 < Seuil 500000 (1 cotations testées)"
"AKTS","AKOUSTIS TECHNOLOGIES INC.","","Etats-Unis","NASDAQ","USD","320184","500000","XNAS","AKTS","MIC:XNAS","Volume 320184 < Seuil 500000 (1 cotations testées)"
"BWB","BRIDGEWATER BANCSHARES INC.","","Etats-Unis","NASDAQ","USD","139381","500000","XNAS","BWB","MIC:XNAS","Volume 139381 < Seuil 500000 (1 cotations testées)"
"HUBC","HUB CYBER SECURITY LTD.","","Etats-Unis","NASDAQ","USD","169333","500000","XNAS","HUBC","MIC:XNAS","Volume 169333 < Seuil 500000 (1 cotations testées)"
"AMCI","AMC ROBOTICS CORPORATION","","Etats-Unis","NASDAQ","USD","191974","500000","XNAS","AMCI","MIC:XNAS","Volume 191974 < Seuil 500000 (1 cotations testées)"
"ELE","ELEMENTAL ROYALTY CORPORATION","","Etats-Unis","NASDAQ","USD","283028","500000","XNAS","ELE","MIC:XNAS","Volume 283028 < Seuil 500000 (1 cotations testées)"
"SPGC","NEWTON GOLF COMPANY, INC.","","Etats-Unis","NASDAQ","USD","58245","500000","XNAS","SPGC","MIC:XNAS","Volume 58245 < Seuil 500000 (1 cotations testées)"
"DRTS","ALPHA TAU MEDICAL LTD.","","Etats-Unis","NASDAQ","USD","480815","500000","XNAS","DRTS","MIC:XNAS","Volume 480815 < Seuil 500000 (1 cotations testées)"
"IPA","MINDWALK HOLDINGS CORP.","","Etats-Unis","NASDAQ","USD","115774","500000","XNAS","IPA","MIC:XNAS","Volume 115774 < Seuil 500000 (1 cotations testées)"
"RPAY","REPAY HOLDINGS CORPORATION","","Etats-Unis","NASDAQ","USD","386680","500000","XNAS","RPAY","MIC:XNAS","Volume 386680 < Seuil 500000 (1 cotations testées)"
"HIHO","HIGHWAY HOLDINGS LTD.","","Etats-Unis","NASDAQ","USD","89536","500000","XNAS","HIHO","MIC:XNAS","Volume 89536 < Seuil 500000 (1 cotations testées)"
"RPID","RAPID MICRO BIOSYSTEMS, INC.","","Etats-Unis","NASDAQ","USD","197502","500000","XNAS","RPID","MIC:XNAS","Volume 197502 < Seuil 500000 (1 cotations testées)"
"TOP","TOP FINANCIAL GROUP LTD.","","Etats-Unis","NASDAQ","USD","246943","500000","XNAS","TOP","MIC:XNAS","Volume 246943 < Seuil 500000 (1 cotations testées)"
"LMB","LIMBACH HOLDINGS INC.","","Etats-Unis","NASDAQ","USD","368343","500000","XNAS","LMB","MIC:XNAS","Volume 368343 < Seuil 500000 (1 cotations testées)"
"OCG","ORIENTAL CULTURE HOLDING LTD.","","Etats-Unis","NASDAQ","USD","91127","500000","XNAS","OCG","MIC:XNAS","Volume 91127 < Seuil 500000 (1 cotations testées)"
"BHSE","BULL HORN HOLDINGS CORP.","","Etats-Unis","NASDAQ","USD","314789","500000","XNAS","BHSE","MIC:XNAS","Volume 314789 < Seuil 500000 (1 cotations testées)"
"FRHC","FREEDOM HOLDING CORP.","","Etats-Unis","NASDAQ","USD","204992","500000","XNAS","FRHC","MIC:XNAS","Volume 204992 < Seuil 500000 (1 cotations testées)"
"SUNE","SUNATION ENERGY INC.","","Etats-Unis","NASDAQ","USD","81116","500000","XNAS","SUNE","MIC:XNAS","Volume 81116 < Seuil 500000 (1 cotations testées)"
"VMD","VIEMED HEALTHCARE INC.","","Etats-Unis","NASDAQ","USD","442394","500000","XNAS","VMD","MIC:XNAS","Volume 442394 < Seuil 500000 (1 cotations testées)"
"TDIC","DREAMLAND LIMITED","","Etats-Unis","NASDAQ","USD","44128","500000","XNAS","TDIC","MIC:XNAS","Volume 44128 < Seuil 500000 (1 cotations testées)"
"MDAI","SPECTRAL AI INC.","","Etats-Unis","NASDAQ","USD","141335","500000","XNAS","MDAI","MIC:XNAS","Volume 141335 < Seuil 500000 (1 cotations testées)"
"IPWR","IDEAL POWER INC.","","Etats-Unis","NASDAQ","USD","180249","500000","XNAS","IPWR","MIC:XNAS","Volume 180249 < Seuil 500000 (1 cotations testées)"
"IPW","IPOWER INC.","","Etats-Unis","NASDAQ","USD","229250","500000","XNAS","IPW","MIC:XNAS","Volume 229250 < Seuil 500000 (1 cotations testées)"
"VANI","VIVANI MEDICAL INC.","","Etats-Unis","NASDAQ","USD","231655","500000","XNAS","VANI","MIC:XNAS","Volume 231655 < Seuil 500000 (1 cotations testées)"
"RKTO","ROCKET ONE INC.","","Etats-Unis","NASDAQ","USD","408341","500000","XNAS","RKTO","MIC:XNAS","Volume 408341 < Seuil 500000 (1 cotations testées)"
"VVPR","VIVOPOWER INTERNATIONAL PLC","","Etats-Unis","NASDAQ","USD","446439","500000","XNAS","VVPR","MIC:XNAS","Volume 446439 < Seuil 500000 (1 cotations testées)"
"SNTG","SENTAGE HOLDINGS INC.","","Etats-Unis","NASDAQ","USD","12219","500000","XNAS","SNTG","MIC:XNAS","Volume 12219 < Seuil 500000 (1 cotations testées)"
"SNTI","SENTI BIOSCIENCES INC.","","Etats-Unis","NASDAQ","USD","278741","500000","XNAS","SNTI","MIC:XNAS","Volume 278741 < Seuil 500000 (1 cotations testées)"
"JTAI","JET.AI INC.","","Etats-Unis","NASDAQ","USD","155499","500000","XNAS","JTAI","MIC:XNAS","Volume 155499 < Seuil 500000 (1 cotations testées)"
"PESI","PERMA-FIX ENVIRONMENTAL SERVICES INC.","","Etats-Unis","NASDAQ","USD","343761","500000","XNAS","PESI","MIC:XNAS","Volume 343761 < Seuil 500000 (1 cotations testées)"
"SOBR","SOBR SAFE INC.","","Etats-Unis","NASDAQ","USD","324642","500000","XNAS","SOBR","MIC:XNAS","Volume 324642 < Seuil 500000 (1 cotations testées)"
"JZXN","JIUZHI HOLDINGS INC.","","Etats-Unis","NASDAQ","USD","140027","500000","XNAS","JZXN","MIC:XNAS","Volume 140027 < Seuil 500000 (1 cotations testées)"
"ALMU","AELUMA, INC.","","Etats-Unis","NASDAQ","USD","499812","500000","XNAS","ALMU","MIC:XNAS","Volume 499812 < Seuil 500000 (1 cotations testées)"
"SNGX","SOLIGENIX INC.","","Etats-Unis","NASDAQ","USD","307512","500000","XNAS","SNGX","MIC:XNAS","Volume 307512 < Seuil 500000 (1 cotations testées)"
"HPAI","HELPORT AI LTD.","","Etats-Unis","NASDAQ","USD","154666","500000","XNAS","HPAI","MIC:XNAS","Volume 154666 < Seuil 500000 (1 cotations testées)"
"HOTH","HOTH THERAPEUTICS INC.","","Etats-Unis","NASDAQ","USD","409861","500000","XNAS","HOTH","MIC:XNAS","Volume 409861 < Seuil 500000 (1 cotations testées)"
"BYAH","PARK HA BIOLOGICAL TECHNOLOGY CO., LTD.","","Etats-Unis","NASDAQ","USD","69991","500000","XNAS","BYAH","MIC:XNAS","Volume 69991 < Seuil 500000 (1 cotations testées)"
"SRNE","SORRENTO THERAPEUTICS INC.","","Etats-Unis","NASDAQ","USD","117637","500000","XNAS","SRNE","MIC:XNAS","Volume 117637 < Seuil 500000 (1 cotations testées)"
"PIRS","PALVELLA THERAPEUTICS INC","","Etats-Unis","NASDAQ","USD","204978","500000","XNAS","PIRS","MIC:XNAS","Volume 204978 < Seuil 500000 (1 cotations testées)"
"MNTK","MONTAUK RENEWABLES INC.","","Etats-Unis","NASDAQ","USD","107577","500000","XNAS","MNTK","MIC:XNAS","Volume 107577 < Seuil 500000 (1 cotations testées)"
"MGIH","MILLENNIUM GROUP INTERNATIONAL HOLDINGS LIMITED","","Etats-Unis","NASDAQ","USD","32849","500000","XNAS","MGIH","MIC:XNAS","Volume 32849 < Seuil 500000 (1 cotations testées)"
"ORMP","ORAMED PHARMACEUTICALS INC.","","Etats-Unis","NASDAQ","USD","275443","500000","XNAS","ORMP","MIC:XNAS","Volume 275443 < Seuil 500000 (1 cotations testées)"
"FNRN","FIRST NORTHERN COMMUNITY BANCORP","","Etats-Unis","NASDAQ","USD","94450","500000","XNAS","FNRN","MIC:XNAS","Volume 94450 < Seuil 500000 (1 cotations testées)"
"GOAI","EVA LIVE INC.","","Etats-Unis","NASDAQ","USD","248824","500000","XNAS","GOAI","MIC:XNAS","Volume 248824 < Seuil 500000 (1 cotations testées)"
"ELOXD","ELOXX PHARMACEUTICALS, INC.","","Etats-Unis","NASDAQ","USD","0","500000","XNAS","ELOXD","MIC:XNAS","Volume 0 < Seuil 500000 (1 cotations testées)"
"AVBH","AVIDBANK HOLDINGS INC.","","Etats-Unis","NASDAQ","USD","51020","500000","XNAS","AVBH","MIC:XNAS","Volume 51020 < Seuil 500000 (1 cotations testées)"
"DBGI","DIGITAL BRANDS GROUP INC","","Etats-Unis","NASDAQ","USD","134070","500000","XNAS","DBGI","MIC:XNAS","Volume 134070 < Seuil 500000 (1 cotations testées)"
"VIVKD","VIVAKOR INC.","","Etats-Unis","NASDAQ","USD","0","500000","XNAS","VIVKD","MIC:XNAS","Volume 0 < Seuil 500000 (1 cotations testées)"
"LDDFF","LIBERTY DEFENSE HOLDINGS, LTD.","","Etats-Unis","NASDAQ","USD","0","500000","XNAS","LDDFF","MIC:XNAS","Volume 0 < Seuil 500000 (1 cotations testées)"
"CGEH","CAPSTONE GREEN ENERGY CORPORATION","","Etats-Unis","NASDAQ","USD","0","500000","XNAS","CGEH","MIC:XNAS","Volume 0 < Seuil 500000 (1 cotations testées)"
"HUSA","HOUSTON AMERICAN ENERGY CORP.","","Etats-Unis","NYSE","USD","236171","350000","XNYS","HUSA","MIC:XNYS","Volume 236171 < Seuil 350000 (1 cotations testées)"
"CMCL","CALEDONIA MINING CORPORATION PLC","","Etats-Unis","NYSE","USD","206234","350000","XNYS","CMCL","MIC:XNYS","Volume 206234 < Seuil 350000 (1 cotations testées)"
"OTH","OFF THE HOOK YS INC.","","Etats-Unis","NYSE","USD","0","350000","XNYS","OTH","MIC:XNYS","Volume 0 < Seuil 350000 (1 cotations testées)"
"AGIG","ABUNDIA GLOBAL IMPACT GROUP INC.","","Etats-Unis","NYSE","USD","235544","350000","XNYS","AGIG","MIC:XNYS","Volume 235544 < Seuil 350000 (1 cotations testées)"
"FLYX","FLYEXCLUSIVE INC.","","Etats-Unis","NYSE","USD","305487","350000","XNYS","FLYX","MIC:XNYS","Volume 305487 < Seuil 350000 (1 cotations testées)"
"ARMP","ARMATA PHARMACEUTICALS INC.","","Etats-Unis","NYSE","USD","107926","350000","XNYS","ARMP","MIC:XNYS","Volume 107926 < Seuil 350000 (1 cotations testées)"
"INFU","INFUSYSTEM HOLDINGS INC.","","Etats-Unis","NYSE","USD","91632","350000","XNYS","INFU","MIC:XNYS","Volume 91632 < Seuil 350000 (1 cotations testées)"
"SIF","SIFCO INDUSTRIES INC.","","Etats-Unis","NYSE","USD","97687","350000","XNYS","SIF","MIC:XNYS","Volume 97687 < Seuil 350000 (1 cotations testées)"
"BQ","BOQII HOLDING LIMITED","","Etats-Unis","NYSE","USD","140108","350000","XNYS","BQ","MIC:XNYS","Volume 140108 < Seuil 350000 (1 cotations testées)"
"GPL","GREAT PANTHER MINING LTD","","Etats-Unis","NYSE","USD","155609","350000","XNYS","GPL","MIC:XNYS","Volume 155609 < Seuil 350000 (1 cotations testées)"
"EGG","ENIGMATIG LTD.","","Etats-Unis","NYSE","USD","18700","350000","XNYS","EGG","MIC:XNYS","Volume 18700 < Seuil 350000 (1 cotations testées)"
"MLSS","MILESTONE SCIENTIFIC INC.","","Etats-Unis","NYSE","USD","134197","350000","XNYS","MLSS","MIC:XNYS","Volume 134197 < Seuil 350000 (1 cotations testées)"
"GRO","BRAZIL POTASH CORP.","","Etats-Unis","NYSE","USD","290536","350000","XNYS","GRO","MIC:XNYS","Volume 290536 < Seuil 350000 (1 cotations testées)"
"GDP","GOODRICH PETROLEUM CORP","","Etats-Unis","NYSE","USD","124113","350000","XNYS","GDP","MIC:XNYS","Volume 124113 < Seuil 350000 (1 cotations testées)"
"ELMD","ELECTROMED INC.","","Etats-Unis","NYSE","USD","179700","350000","XNYS","ELMD","MIC:XNYS","Volume 179700 < Seuil 350000 (1 cotations testées)"
"ATNM","ACTINIUM PHARMACEUTICALS INC.","","Etats-Unis","NYSE","USD","157600","350000","XNYS","ATNM","MIC:XNYS","Volume 157600 < Seuil 350000 (1 cotations testées)"
"NHC","NATIONAL HEALTHCARE CORPORATION","","Etats-Unis","NYSE","USD","168009","350000","XNYS","NHC","MIC:XNYS","Volume 168009 < Seuil 350000 (1 cotations testées)"
"PAPL","PINEAPPLE FINANCIAL INC.","","Etats-Unis","NYSE","USD","57730","350000","XNYS","PAPL","MIC:XNYS","Volume 57730 < Seuil 350000 (1 cotations testées)"
"REA","RARE EARTHS AMERICAS INC.","","Etats-Unis","NYSE","USD","86919","350000","XNYS","REA","MIC:XNYS","Volume 86919 < Seuil 350000 (1 cotations testées)"
"APUS","APIMEDS PHARMACEUTICALS INC.","","Etats-Unis","NYSE","USD","273087","350000","XNYS","APUS","MIC:XNYS","Volume 273087 < Seuil 350000 (1 cotations testées)"
"TOPS","TOP SHIPS INC.","","Etats-Unis","NYSE","USD","115340","350000","XNYS","TOPS","MIC:XNYS","Volume 115340 < Seuil 350000 (1 cotations testées)"
"RLGT","RADIANT LOGISTICS, INC.","","Etats-Unis","NYSE","USD","124644","350000","XNYS","RLGT","MIC:XNYS","Volume 124644 < Seuil 350000 (1 cotations testées)"
"INDO","INDONESIA ENERGY CORPORATION LIMITED","","Etats-Unis","NYSE","USD","108570","350000","XNYS","INDO","MIC:XNYS","Volume 108570 < Seuil 350000 (1 cotations testées)"
"CLDI","CALIDI BIOTHERAPEUTICS INC.","","Etats-Unis","NYSE","USD","103982","350000","XNYS","CLDI","MIC:XNYS","Volume 103982 < Seuil 350000 (1 cotations testées)"
"YCBD","CBDMD, INC.","","Etats-Unis","NYSE","USD","153086","350000","XNYS","YCBD","MIC:XNYS","Volume 153086 < Seuil 350000 (1 cotations testées)"
"INUV","INUVO, INC.","","Etats-Unis","NYSE","USD","225419","350000","XNYS","INUV","MIC:XNYS","Volume 225419 < Seuil 350000 (1 cotations testées)"
"SLND","SOUTHLAND HOLDINGS INC.","","Etats-Unis","NYSE","USD","194981","350000","XNYS","SLND","MIC:XNYS","Volume 194981 < Seuil 350000 (1 cotations testées)"
"MPTI","M-TRON INDUSTRIES, INC.","","Etats-Unis","NYSE","USD","98631","350000","XNYS","MPTI","MIC:XNYS","Volume 98631 < Seuil 350000 (1 cotations testées)"
"MPU","MEGA MATRIX INC.","","Etats-Unis","NYSE","USD","216684","350000","XNYS","MPU","MIC:XNYS","Volume 216684 < Seuil 350000 (1 cotations testées)"
"BRN","BARNWELL INDUSTRIES INC.","","Etats-Unis","NYSE","USD","25275","350000","XNYS","BRN","MIC:XNYS","Volume 25275 < Seuil 350000 (1 cotations testées)"
"SACH","SACHEM CAPITAL CORP.","","Etats-Unis","NYSE","USD","150747","350000","XNYS","SACH","MIC:XNYS","Volume 150747 < Seuil 350000 (2 cotations testées)"
"POAS","PHAOS TECHNOLOGY HOLDINGS (CAYMAN) LIMITED - CLASS A ORDINARY SHARES","","Etats-Unis","NYSE","USD","283100","350000","XNYS","POAS","MIC:XNYS","Volume 283100 < Seuil 350000 (1 cotations testées)"
"TMDE","TMD ENERGY LTD","","Etats-Unis","NYSE","USD","85996","350000","XNYS","TMDE","MIC:XNYS","Volume 85996 < Seuil 350000 (1 cotations testées)"
"CPHI","CHINA PHARMA HOLDINGS INC.","","Etats-Unis","NYSE","USD","266315","350000","XNYS","CPHI","MIC:XNYS","Volume 266315 < Seuil 350000 (1 cotations testées)"
"ORLA","ORLA MINING LTD.","","Etats-Unis","NYSE","USD","0","350000","XNYS","ORLA","MIC:XNYS","Volume 0 < Seuil 350000 (1 cotations testées)"
"ELA","ENVELA CORPORATION","","Etats-Unis","NYSE","USD","116910","350000","XNYS","ELA","MIC:XNYS","Volume 116910 < Seuil 350000 (1 cotations testées)"
"JOB","GEE GROUP INC.","","Etats-Unis","NYSE","USD","212542","350000","XNYS","JOB","MIC:XNYS","Volume 212542 < Seuil 350000 (1 cotations testées)"
"TMP","TOMPKINS FINANCIAL CORPORATION","","Etats-Unis","NYSE","USD","103989","350000","XNYS","TMP","MIC:XNYS","Volume 103989 < Seuil 350000 (1 cotations testées)"
"ISOU","ISOENERGY LTD.","","Etats-Unis","NYSE","USD","329010","350000","XNYS","ISOU","MIC:XNYS","Volume 329010 < Seuil 350000 (1 cotations testées)"
"SLSR","SOLARIS RESOURCES INC.","","Etats-Unis","NYSE","USD","151512","350000","XNYS","SLSR","MIC:XNYS","Volume 151512 < Seuil 350000 (1 cotations testées)"
"IDR","IDAHO STRATEGIC RESOURCES, INC.","","Etats-Unis","NYSE","USD","235606","350000","XNYS","IDR","MIC:XNYS","Volume 235606 < Seuil 350000 (1 cotations testées)"
"NNVC","NANOVIRICIDES INC.","","Etats-Unis","NYSE","USD","247937","350000","XNYS","NNVC","MIC:XNYS","Volume 247937 < Seuil 350000 (1 cotations testées)"
"CVM","CEL-SCI CORPORATION","","Etats-Unis","NYSE","USD","166846","350000","XNYS","CVM","MIC:XNYS","Volume 166846 < Seuil 350000 (1 cotations testées)"
"GBR","NEW CONCEPT ENERGY INC.","","Etats-Unis","NYSE","USD","30640","350000","XNYS","GBR","MIC:XNYS","Volume 30640 < Seuil 350000 (1 cotations testées)"
"ITP","IT TECH PACKAGING INC.","","Etats-Unis","NYSE","USD","232400","350000","XNYS","ITP","MIC:XNYS","Volume 232400 < Seuil 350000 (1 cotations testées)"
"TGEN","TECOGEN INC.","","Etats-Unis","NYSE","USD","199248","350000","XNYS","TGEN","MIC:XNYS","Volume 199248 < Seuil 350000 (1 cotations testées)"
"TOON","KARTOON STUDIOS INC.","","Etats-Unis","NYSE","USD","227646","350000","XNYS","TOON","MIC:XNYS","Volume 227646 < Seuil 350000 (1 cotations testées)"
"REPX","RILEY EXPLORATION PERMIAN, INC.","","Etats-Unis","NYSE","USD","181100","350000","XNYS","REPX","MIC:XNYS","Volume 181100 < Seuil 350000 (1 cotations testées)"
"RGNT","REGENTIS BIOMATERIALS LTD.","","Etats-Unis","NYSE","USD","47525","350000","XNYS","RGNT","MIC:XNYS","Volume 47525 < Seuil 350000 (1 cotations testées)"
"RYDE","RYDE GROUP LTD.","","Etats-Unis","NYSE","USD","102442","350000","XNYS","RYDE","MIC:XNYS","Volume 102442 < Seuil 350000 (1 cotations testées)"
"BHB","BAR HARBOR BANKSHARES","","Etats-Unis","NYSE","USD","97735","350000","XNYS","BHB","MIC:XNYS","Volume 97735 < Seuil 350000 (1 cotations testées)"
"BDR","BLONDER TONGUE LABORATORIES INC","","Etats-Unis","NYSE","USD","113565","350000","XNYS","BDR","MIC:XNYS","Volume 113565 < Seuil 350000 (1 cotations testées)"
"WYY","WIDEPOINT CORPORATION","","Etats-Unis","NYSE","USD","112531","350000","XNYS","WYY","MIC:XNYS","Volume 112531 < Seuil 350000 (1 cotations testées)"
"BRIA","BRILLIA INC.","","Etats-Unis","NYSE","USD","3868","350000","XNYS","BRIA","MIC:XNYS","Volume 3868 < Seuil 350000 (1 cotations testées)"
"INTT","INTEST CORPORATION","","Etats-Unis","NYSE","USD","125694","350000","XNYS","INTT","MIC:XNYS","Volume 125694 < Seuil 350000 (1 cotations testées)"