Ticker,Stock,Secteur,Pays,Bourse de valeurs,Devise de marché,roe,de_ratio,roic,roe_avg_3y,roe_std_3y,roic_avg_3y,roic_std_3y,net_margin,revenue_growth_3y
"8585","ORIENT CORPORATION","","Japon","JPX","JPY","","","","","","","","",""
"7048","VELTRA CORPORATION","","Japon","JPX","JPY","","","","","","","","",""
"8584","JACCS CO., LTD.","","Japon","JPX","JPY","","","","","","","","",""
"8572","ACOM CO., LTD.","","Japon","JPX","JPY","","","","","","","","",""
"8289","OLYMPIC GROUP CORP.","","Japon","JPX","JPY","","","","","","","","",""
"1447","SAAF HOLDINGS CO. LTD.","","Japon","JPX","JPY","","","","","","","","",""
"8278","FUJI CO., LTD.","","Japon","JPX","JPY","","","","","","","","",""
"8595","JAFCO GROUP CO. LTD.","","Japon","JPX","JPY","","","","","","","","",""
"2154","OPEN UP GROUP INC.","","Japon","JPX","JPY","","","","","","","","",""
"6023","DAIHATSU DIESEL MANUFACTURING CO., LTD.","","Japon","JPX","JPY","","","","","","","","",""
"6027","BENGO4.COM INC.","","Japon","JPX","JPY","","","","","","","","",""
"8424","FUYO GENERAL LEASE CO., LTD.","","Japon","JPX","JPY","","","","","","","","",""
"6030","ADVENTURE INC.","","Japon","JPX","JPY","","","","","","","","",""
"1833","OKUMURA CORPORATION","","Japon","JPX","JPY","","","","","","","","",""
"8522","BANK OF NAGOYA LTD.","","Japon","JPX","JPY","","","","","","","","",""
"6033","EXTREME CO. LTD.","","Japon","JPX","JPY","","","","","","","","",""
"7033","MANAGEMENT SOLUTIONS CO., LTD.","","Japon","JPX","JPY","","","","","","","","",""
"8346","TOHO BANK LTD.","","Japon","JPX","JPY","","","","","","","","",""
"8558","TOWA BANK LTD.","","Japon","JPX","JPY","","","","","","","","",""
"7003","MITSUI E&S CO., LTD.","","Japon","JPX","JPY","","","","","","","","",""
"8411","MIZUHO FINANCIAL GROUP, INC.","","Japon","JPX","JPY","","","","","","","","",""
"8410","SEVEN BANK LTD.","","Japon","JPX","JPY","","","","","","","","",""
"6952","CASIO COMPUTER CO., LTD.","","Japon","JPX","JPY","","","","","","","","",""
"1803","SHIMIZU CORPORATION","","Japon","JPX","JPY","","","","","","","","",""
"7004","KANADEVIA CORP.","","Japon","JPX","JPY","","","","","","","","",""
"1801","TAISEI CORPORATION","","Japon","JPX","JPY","","","","","","","","",""
"8399","BANK OF THE RYUKYUS LTD.","","Japon","JPX","JPY","","","","","","","","",""
"1799","DAIICHI KENSETSU CORPORATION","","Japon","JPX","JPY","","","","","","","","",""
"1798","MORIYA CORPORATION","","Japon","JPX","JPY","","","","","","","","",""
"6674","GS YUASA CORPORATION","","Japon","JPX","JPY","","","","","","","","",""
"7709","KUBOTEK CORPORATION","","Japon","JPX","JPY","","","","","","","","",""
"7707","PRECISION SYSTEM SCIENCE CO., LTD.","","Japon","JPX","JPY","","","","","","","","",""
"7701","SHIMADZU CORPORATION","","Japon","JPX","JPY","","","","","","","","",""
"6677","SK-ELECTRONICS LTD.","","Japon","JPX","JPY","","","","","","","","",""
"6745","HOCHIKI CORPORATION","","Japon","JPX","JPY","","","","","","","","",""
"7603","MAC HOUSE CO., LTD.","","Japon","JPX","JPY","","","","","","","","",""
"6668","ADTEC PLASMA TECHNOLOGY CO., LTD.","","Japon","JPX","JPY","","","","","","","","",""
"7725","INTER ACTION CORP.","","Japon","JPX","JPY","","","","","","","","",""
"7838","KYORITSU PRINTING CO., LTD.","","Japon","JPX","JPY","","","","","","","","",""
"7731","NIKON CORPORATION","","Japon","JPX","JPY","","","","","","","","",""
"7734","RIKEN KEIKI CO., LTD.","","Japon","JPX","JPY","","","","","","","","",""
"7735","SCREEN HOLDINGS CO., LTD.","","Japon","JPX","JPY","","","","","","","","",""
"7740","TAMRON CO., LTD.","","Japon","JPX","JPY","","","","","","","","",""
"7741","HOYA CORPORATION","","Japon","JPX","JPY","","","","","","","","",""
"7337","HIROGIN HOLDINGS INC.","","Japon","JPX","JPY","","","","","","","","",""
"7350","OKINAWA FINANCIAL GROUP INC.","","Japon","JPX","JPY","","","","","","","","",""
"7272","YAMAHA MOTOR CO., LTD.","","Japon","JPX","JPY","","","","","","","","",""
"7354","DIRECT MARKETING MIX INC.","","Japon","JPX","JPY","","","","","","","","",""
"7359","TOKYO COMMUNICATIONS GROUP INC.","","Japon","JPX","JPY","","","","","","","","",""
"7480","SUZUDEN CORPORATION","","Japon","JPX","JPY","","","","","","","","",""
"6834","SEIKOH GIKEN CO., LTD.","","Japon","JPX","JPY","","","","","","","","",""
"8012","NAGASE & CO., LTD.","","Japon","JPX","JPY","","","","","","","","",""
"6862","MINATO HOLDINGS, INC.","","Japon","JPX","JPY","","","","","","","","",""
"6861","KEYENCE CORPORATION","","Japon","JPX","JPY","","","","","","","","",""
"6859","ESPEC CORP.","","Japon","JPX","JPY","","","","","","","","",""
"6857","ADVANTEST CORPORATION","","Japon","JPX","JPY","","","","","","","","",""
"6856","HORIBA LTD.","","Japon","JPX","JPY","","","","","","","","",""
"6855","JAPAN ELECTRONIC MATERIALS CORPORATION","","Japon","JPX","JPY","","","","","","","","",""
"8029","LOOK HOLDINGS INC.","","Japon","JPX","JPY","","","","","","","","",""
"6237","IWAKI CO., LTD.","","Japon","JPX","JPY","","","","","","","","",""
"6238","FURYU CORPORATION","","Japon","JPX","JPY","","","","","","","","",""
"6227","AIMECHATC LTD.","","Japon","JPX","JPY","","","","","","","","",""
"8023","DAIKO DENSHI TSUSHIN LTD.","","Japon","JPX","JPY","","","","","","","","",""
"8022","MIZUNO CORPORATION","","Japon","JPX","JPY","","","","","","","","",""
"1414","SHO-BOND HOLDINGS CO., LTD.","","Japon","JPX","JPY","","","","","","","","",""
"7069","CYBERBUZZ INC.","","Japon","JPX","JPY","","","","","","","","",""
"8219","AOYAMA TRADING CO., LTD.","","Japon","JPX","JPY","","","","","","","","",""
"1407","WEST HOLDINGS CORPORATION","","Japon","JPX","JPY","","","","","","","","",""
"6039","JAPAN ANIMAL REFERRAL MEDICAL CENTER CO., LTD.","","Japon","JPX","JPY","","","","","","","","",""
"7071","AMVIS HOLDINGS INC.","","Japon","JPX","JPY","","","","","","","","",""
"8016","ONWARD HOLDINGS CO., LTD.","","Japon","JPX","JPY","","","","","","","","",""
"6522","ASTERISK INC.","","Japon","JPX","JPY","","","","","","","","",""
"6524","KOHOKU KOGYO CO., LTD.","","Japon","JPX","JPY","","","","","","","","",""
"6525","KOKUSAI ELECTRIC CORPORATION","","Japon","JPX","JPY","","","","","","","","",""
"7096","STEMCELL INSTITUTE INC.","","Japon","JPX","JPY","","","","","","","","",""
"6425","UNIVERSAL ENTERTAINMENT CORPORATION","","Japon","JPX","JPY","","","","","","","","",""
"4549","EIKEN CHEMICAL CO., LTD.","","Japon","JPX","JPY","","","","","","","","",""
"9990","SAC'S BAR HOLDINGS INC.","","Japon","JPX","JPY","","","","","","","","",""
"4548","SEIKAGAKU CORPORATION","","Japon","JPX","JPY","","","","","","","","",""
"4544","H.U. GROUP HOLDINGS INC.","","Japon","JPX","JPY","","","","","","","","",""
"4543","TERUMO CORPORATION","","Japon","JPX","JPY","","","","","","","","",""
"9993","YAMAZAWA CO., LTD.","","Japon","JPX","JPY","","","","","","","","",""
"4540","TSUMURA & CO.","","Japon","JPX","JPY","","","","","","","","",""
"9996","SATOH & CO. LTD.","","Japon","JPX","JPY","","","","","","","","",""
"4571","NANO MRNA CO., LTD.","","Japon","JPX","JPY","","","","","","","","",""
"456A","HUMAN MADE INC.","","Japon","JPX","JPY","","","","","","","","",""
"4569","KYORIN PHARMACEUTICAL CO., LTD.","","Japon","JPX","JPY","","","","","","","","",""
"4568","DAIICHI SANKYO CO., LTD.","","Japon","JPX","JPY","","","","","","","","",""
"9973","KOZO HOLDINGS CO., LTD.","","Japon","JPX","JPY","","","","","","","","",""
"4565","NXERA PHARMA CO. LTD.","","Japon","JPX","JPY","","","","","","","","",""
"4189","KH NEOCHEM CO., LTD.","","Japon","JPX","JPY","","","","","","","","",""
"421A","MOVIN' STRATEGIC CAREER CO., LTD.","","Japon","JPX","JPY","","","","","","","","",""
"4220","RIKEN TECHNOS CORPORATION","","Japon","JPX","JPY","","","","","","","","",""
"4246","DAIKYONISHIKAWA CORPORATION","","Japon","JPX","JPY","","","","","","","","",""
"4373","SIMPLEX HOLDINGS, INC.","","Japon","JPX","JPY","","","","","","","","",""
"4188","MITSUBISHI CHEMICAL GROUP CORPORATION","","Japon","JPX","JPY","","","","","","","","",""
"9715","TRANSCOSMOS INC.","","Japon","JPX","JPY","","","","","","","","",""
"4928","NOEVIR HOLDINGS CO., LTD.","","Japon","JPX","JPY","","","","","","","","",""
"4927","POLA ORBIS HOLDINGS INC.","","Japon","JPX","JPY","","","","","","","","",""
"9716","NOMURA CO., LTD.","","Japon","JPX","JPY","","","","","","","","",""
"5019","IDEMITSU KOSAN CO., LTD.","","Japon","JPX","JPY","","","","","","","","",""
"5020","ENEOS HOLDINGS, INC.","","Japon","JPX","JPY","","","","","","","","",""
"5038","EWELL CO., LTD.","","Japon","JPX","JPY","","","","","","","","",""
"4970","TOYO GOSEI CO., LTD.","","Japon","JPX","JPY","","","","","","","","",""
"4968","ARAKAWA CHEMICAL INDUSTRIES LTD.","","Japon","JPX","JPY","","","","","","","","",""
"4992","HOKKO CHEMICAL INDUSTRY CO. LTD.","","Japon","JPX","JPY","","","","","","","","",""
"4751","CYBERAGENT INC.","","Japon","JPX","JPY","","","","","","","","",""
"4716","ORACLE CORPORATION JAPAN","","Japon","JPX","JPY","","","","","","","","",""
"4676","FUJI MEDIA HOLDINGS INC.","","Japon","JPX","JPY","","","","","","","","",""
"4674","CRESCO LTD.","","Japon","JPX","JPY","","","","","","","","",""
"9766","KONAMI GROUP CORPORATION","","Japon","JPX","JPY","","","","","","","","",""
"485A","POWERX, INC.","","Japon","JPX","JPY","","","","","","","","",""
"350A","DIGITAL GRID CORP","","Japon","JPX","JPY","","","","","","","","",""
"3189","ANAPLAN INC.","","Japon","JPX","JPY","","","","","","","","",""
"3121","MBK CO., LTD.","","Japon","JPX","JPY","","","","","","","","",""
"3131","SHINDEN HIGHTEX CORPORATION","","Japon","JPX","JPY","","","","","","","","",""
"3132","MACNICA HOLDINGS INC.","","Japon","JPX","JPY","","","","","","","","",""
"3133","KAIHAN CO., LTD.","","Japon","JPX","JPY","","","","","","","","",""
"3110","NITTO BOSEKI CO., LTD.","","Japon","JPX","JPY","","","","","","","","",""
"332A","MEEQ INC.","","Japon","JPX","JPY","","","","","","","","",""
"3329","TOWA FOOD SERVICE CO., LTD.","","Japon","JPX","JPY","","","","","","","","",""
"3306","NIHON SEIMA CO., LTD.","","Japon","JPX","JPY","","","","","","","","",""
"3358","Y.S. FOOD CO., LTD.","","Japon","JPX","JPY","","","","","","","","",""
"3291","IIDA GROUP HOLDINGS CO., LTD.","","Japon","JPX","JPY","","","","","","","","",""
"3445","RS TECHNOLOGIES CO LTD","","Japon","JPX","JPY","","","","","","","","",""
"3232","MIE KOTSU GROUP HOLDINGS INC.","","Japon","JPX","JPY","","","","","","","","",""
"3436","SUMCO CORPORATION","","Japon","JPX","JPY","","","","","","","","",""
"3443","KAWADA TECHNOLOGIES INC.","","Japon","JPX","JPY","","","","","","","","",""
"3993","PKSHA TECHNOLOGY INC.","","Japon","JPX","JPY","","","","","","","","",""
"3991","WANTEDLY, INC.","","Japon","JPX","JPY","","","","","","","","",""
"4116","DAINICHISEIKA COLOR & CHEMICALS MFG. CO., LTD.","","Japon","JPX","JPY","","","","","","","","",""
"4114","NIPPON SHOKUBAI CO., LTD.","","Japon","JPX","JPY","","","","","","","","",""
"4109","STELLA CHEMIFA CORPORATION","","Japon","JPX","JPY","","","","","","","","",""
"4107","ISE CHEMICALS CORPORATION","","Japon","JPX","JPY","","","","","","","","",""
"409A","ORION BREWERIES, LTD.","","Japon","JPX","JPY","","","","","","","","",""
"4099","SHIKOKU KASEI HOLDINGS CORPORATION","","Japon","JPX","JPY","","","","","","","","",""
"3719","GEXEED CO., LTD.","","Japon","JPX","JPY","","","","","","","","",""
"378A","HIT CO., LTD.","","Japon","JPX","JPY","","","","","","","","",""
"3788","GMO GLOBALSIGN HOLDINGS K.K.","","Japon","JPX","JPY","","","","","","","","",""
"9204","SKYMARK AIRLINES INC.","","Japon","JPX","JPY","","","","","","","","",""
"9211","F-CODE INC.","","Japon","JPX","JPY","","","","","","","","",""
"9229","SUNWELS CO., LTD.","","Japon","JPX","JPY","","","","","","","","",""
"5384","FUJIMI INC.","","Japon","JPX","JPY","","","","","","","","",""
"5381","MIPOX CORPORATION","","Japon","JPX","JPY","","","","","","","","",""
"5444","YAMATO KOGYO CO., LTD.","","Japon","JPX","JPY","","","","","","","","",""
"2432","DENA CO., LTD.","","Japon","JPX","JPY","","","","","","","","",""
"5440","KYOEI STEEL LTD.","","Japon","JPX","JPY","","","","","","","","",""
"543A","ARCHION CORPORATION","","Japon","JPX","JPY","","","","","","","","",""
"9256","SUCCEED CO., LTD.","","Japon","JPX","JPY","","","","","","","","",""
"2737","TOMEN DEVICES CORP.","","Japon","JPX","JPY","","","","","","","","",""
"5702","DAIKI ALUMINIUM INDUSTRY CO., LTD.","","Japon","JPX","JPY","","","","","","","","",""
"2531","TAKARA HOLDINGS INC.","","Japon","JPX","JPY","","","","","","","","",""
"5989","H-ONE CO., LTD.","","Japon","JPX","JPY","","","","","","","","",""
"261A","NIHON SUIDO CONSULTANTS CO., LTD.","","Japon","JPX","JPY","","","","","","","","",""
"2593","ITO EN, LTD.","","Japon","JPX","JPY","","","","","","","","",""
"262A","INTERMESTIC INC.","","Japon","JPX","JPY","","","","","","","","",""
"9020","EAST JAPAN RAILWAY COMPANY","","Japon","JPX","JPY","","","","","","","","",""
"2588","PREMIUM WATER HOLDINGS INC.","","Japon","JPX","JPY","","","","","","","","",""
"2585","LIFEDRINK CO INC.","","Japon","JPX","JPY","","","","","","","","",""
"9008","KEIO CORPORATION","","Japon","JPX","JPY","","","","","","","","",""
"9007","ODAKYU ELECTRIC RAILWAY CO., LTD.","","Japon","JPX","JPY","","","","","","","","",""
"5724","ASAKA RIKEN CO., LTD.","","Japon","JPX","JPY","","","","","","","","",""
"5805","SWCC CORPORATION","","Japon","JPX","JPY","","","","","","","","",""
"5803","FUJIKURA LTD.","","Japon","JPX","JPY","","","","","","","","",""
"5802","SUMITOMO ELECTRIC INDUSTRIES LTD.","","Japon","JPX","JPY","","","","","","","","",""
"2762","SANKO MARKETING FOODS CO., LTD.","","Japon","JPX","JPY","","","","","","","","",""
"2602","NISSHIN OILLIO GROUP LTD.","","Japon","JPX","JPY","","","","","","","","",""
"9517","EREX CO., LTD.","","Japon","JPX","JPY","","","","","","","","",""
"5131","LINKERS CORPORATION","","Japon","JPX","JPY","","","","","","","","",""
"9514","EF-ON INC.","","Japon","JPX","JPY","","","","","","","","",""
"9513","ELECTRIC POWER DEVELOPMENT CO., LTD.","","Japon","JPX","JPY","","","","","","","","",""
"5137","SMARTDRIVE INC.","","Japon","JPX","JPY","","","","","","","","",""
"9511","OKINAWA ELECTRIC POWER CO., INC.","","Japon","JPX","JPY","","","","","","","","",""
"288A","LAXUS TECHNOLOGIES INC.","","Japon","JPX","JPY","","","","","","","","",""
"2877","NITTOBEST CORP.","","Japon","JPX","JPY","","","","","","","","",""
"2875","TOYO SUISAN KAISHA LTD.","","Japon","JPX","JPY","","","","","","","","",""
"9502","CHUBU ELECTRIC POWER COMPANY, INC.","","Japon","JPX","JPY","","","","","","","","",""
"2874","YOKOREI CO., LTD.","","Japon","JPX","JPY","","","","","","","","",""
"9501","TOKYO ELECTRIC POWER COMPANY HOLDINGS, INC.","","Japon","JPX","JPY","","","","","","","","",""
"2871","NICHIREI CORPORATION","","Japon","JPX","JPY","","","","","","","","",""
"8789","FINTECH GLOBAL INC.","","Japon","JPX","JPY","","","","","","","","",""
"2292","S FOODS INC.","","Japon","JPX","JPY","","","","","","","","",""
"8795","T&D HOLDINGS INC.","","Japon","JPX","JPY","","","","","","","","",""
"8715","ANICOM HOLDINGS INC.","","Japon","JPX","JPY","","","","","","","","",""
"9531","TOKYO GAS CO., LTD.","","Japon","JPX","JPY","","","","","","","","",""
"8725","MS&AD INSURANCE GROUP HOLDINGS, INC.","","Japon","JPX","JPY","","","","","","","","",""
"2929","PHARMA FOODS INTERNATIONAL CO., LTD.","","Japon","JPX","JPY","","","","","","","","",""
"2928@S","RIZAP GROUP INC","","Japon","JPX","JPY","","","","","","","","",""
"8729","SONY FINANCIAL GROUP INC.","","Japon","JPX","JPY","","","","","","","","",""
"2286","HAYASHIKANE SANGYO CO., LTD.","","Japon","JPX","JPY","","","","","","","","",""
"2926","SHINOZAKIYA INC.","","Japon","JPX","JPY","","","","","","","","",""
"2270","MEGMILK SNOW BRAND CO., LTD.","","Japon","JPX","JPY","","","","","","","","",""
"8739","SPARX GROUP CO., LTD.","","Japon","JPX","JPY","","","","","","","","",""
"2220","KAMEDA SEIKA CO., LTD.","","Japon","JPX","JPY","","","","","","","","",""
"9348","ISPACE, INC.","","Japon","JPX","JPY","","","","","","","","",""
"2776","SHINTO HOLDINGS INC.","","Japon","JPX","JPY","","","","","","","","",""
"2788","APPLE INTERNATIONAL CO. LTD.","","Japon","JPX","JPY","","","","","","","","",""
"2370","MEDINET CO., LTD.","","Japon","JPX","JPY","","","","","","","","",""
"2784","ALFRESA HOLDINGS CORPORATION","","Japon","JPX","JPY","","","","","","","","",""
"2764","HIRAMATSU INC.","","Japon","JPX","JPY","","","","","","","","",""
"9423","FORVAL REALSTRAIGHT INC.","","Japon","JPX","JPY","","","","","","","","",""
"8920","TOSHO CO., LTD.","","Japon","JPX","JPY","","","","","","","","",""
"8836","RISE INC.","","Japon","JPX","JPY","","","","","","","","",""
"5232","SUMITOMO OSAKA CEMENT CO., LTD.","","Japon","JPX","JPY","","","","","","","","",""
"5233","TAIHEIYO CEMENT CORPORATION","","Japon","JPX","JPY","","","","","","","","",""
"5243","NOTE INC.","","Japon","JPX","JPY","","","","","","","","",""
"9332","NISSO HOLDINGS CO., LTD.","","Japon","JPX","JPY","","","","","","","","",""
"9413","TV TOKYO HOLDINGS CORPORATION","","Japon","JPX","JPY","","","","","","","","",""
"8455","LAI GROUP HOLDING CO., LTD.","","Hong Kong","HKEX","HKD","","","","","","","","",""
"8611","MINDTELL TECHNOLOGY LIMITED","","Hong Kong","HKEX","HKD","","","","","","","","",""
"8456","MANSION INTERNATIONAL HOLDINGS LTD.","","Hong Kong","HKEX","HKD","","","","","","","","",""
"8512","HYFUSIN GROUP HOLDINGS LTD.","","Hong Kong","HKEX","HKD","","","","","","","","",""
"6963","SUNSHINE INSURANCE GROUP CO. LTD.","","Hong Kong","HKEX","HKD","","","","","","","","",""
"6960","SHUANGDENG GROUP CO., LTD.","","Hong Kong","HKEX","HKD","","","","","","","","",""
"8460","BASETROPHY GROUP HOLDINGS LIMITED","","Hong Kong","HKEX","HKD","","","","","","","","",""
"6958","ZHENRO SERVICES GROUP LTD.","","Hong Kong","HKEX","HKD","","","","","","","","",""
"6955","SHANDONG BOAN BIOTECH CO., LTD.","","Hong Kong","HKEX","HKD","","","","","","","","",""
"8627","ORANGE TOUR CULTURAL HOLDING CO., LTD.","","Hong Kong","HKEX","HKD","","","","","","","","",""
"8603","FAMEGLOW HOLDINGS LTD.","","Hong Kong","HKEX","HKD","","","","","","","","",""
"4","WHARF","","Hong Kong","HKEX","HKD","","","","","","","","",""
"8562","SINO-LIFE GROUP LIMITED","","Hong Kong","HKEX","HKD","","","","","","","","",""
"45","THE HONGKONG AND SHANGHAI HOTELS, LIMITED","","Hong Kong","HKEX","HKD","","","","","","","","",""
"21","GREAT CHINA PROPERTIES HOLDINGS LIMITED","","Hong Kong","HKEX","HKD","","","","","","","","",""
"8516","GRAND TALENTS GROUP HOLDINGS LIMITED","","Hong Kong","HKEX","HKD","","","","","","","","",""
"8507","I. CENTURY HOLDING LTD.","","Hong Kong","HKEX","HKD","","","","","","","","",""
"6996","ANTENGENE CORPORATION LIMITED","","Hong Kong","HKEX","HKD","","","","","","","","",""
"6993","BLUE MOON GROUP HOLDINGS LTD.","","Hong Kong","HKEX","HKD","","","","","","","","",""
"3","THE HONG KONG AND CHINA GAS COMPANY LIMITED","","Hong Kong","HKEX","HKD","","","","","","","","",""
"8570","JIADING INTERNATIONAL GROUP HOLDINGS LIMITED","","Hong Kong","HKEX","HKD","","","","","","","","",""
"12","HENDERSON LAND DEVELOPMENT COMPANY LIMITED","","Hong Kong","HKEX","HKD","","","","","","","","",""
"9909","POWERLONG COMMERCIAL MANAGEMENT HOLDINGS LTD.","","Hong Kong","HKEX","HKD","","","","","","","","",""
"9911","NEWBORN TOWN INC.","","Hong Kong","HKEX","HKD","","","","","","","","",""
"9887","NANJING LEADS BIOLABS CO., LTD.","","Hong Kong","HKEX","HKD","","","","","","","","",""
"8059","GLORY FLAME HOLDINGS LTD","","Hong Kong","HKEX","HKD","","","","","","","","",""
"8082","SUNNY SIDE UP CULTURE HOLDINGS LTD.","","Hong Kong","HKEX","HKD","","","","","","","","",""
"8083","YOUZAN TECHNOLOGY LIMITED","","Hong Kong","HKEX","HKD","","","","","","","","",""
"9913","CHI KAN HOLDINGS LTD.","","Hong Kong","HKEX","HKD","","","","","","","","",""
"9658","SUPER HI INTERNATIONAL HOLDINGS LTD.","","Hong Kong","HKEX","HKD","","","","","","","","",""
"8095","BEIJING BEIDA JADE BIRD CO., LTD.","","Hong Kong","HKEX","HKD","","","","","","","","",""
"9669","BEISEN HOLDING LTD.","","Hong Kong","HKEX","HKD","","","","","","","","",""
"8020","UNITAS HOLDINGS LTD.","","Hong Kong","HKEX","HKD","","","","","","","","",""
"9676","SHIYUE DAOTIAN GROUP CO., LTD.","","Hong Kong","HKEX","HKD","","","","","","","","",""
"8018","FINSOFT FINANCIAL INVESTMENT LTD.","","Hong Kong","HKEX","HKD","","","","","","","","",""
"9678","UNISOUND AI TECHNOLOGY CO., LTD.","","Hong Kong","HKEX","HKD","","","","","","","","",""
"8017","TRADEGO FINTECH LTD.","","Hong Kong","HKEX","HKD","","","","","","","","",""
"8013","ECI TECHNOLOGY HOLDINGS LTD.","","Hong Kong","HKEX","HKD","","","","","","","","",""
"8117","CHINA PRIMARY ENERGY HOLDINGS LTD.","","Hong Kong","HKEX","HKD","","","","","","","","",""
"9668","CHINA BOHAI BANK CO., LTD.","","Hong Kong","HKEX","HKD","","","","","","","","",""
"8023","KWONG MAN KEE GROUP LTD.","","Hong Kong","HKEX","HKD","","","","","","","","",""
"9600","NEWLINK TECHNOLOGY INC.","","Hong Kong","HKEX","HKD","","","","","","","","",""
"8316","CHINA HONGBAO HOLDINGS LTD.","","Hong Kong","HKEX","HKD","","","","","","","","",""
"9630","CIRCUIT FABOLOGY MICROELECTRONICS EQUIPMENT CO., LTD.","","Hong Kong","HKEX","HKD","","","","","","","","",""
"7489","VOYAH AUTOMOBILE TECHNOLOGY COMPANY LIMITED","","Hong Kong","HKEX","HKD","","","","","","","","",""
"8320","ALLIED SUSTAINABILITY AND ENVIRONMENTAL CONSULTANTS GROUP LIMITED","","Hong Kong","HKEX","HKD","","","","","","","","",""
"8328","XINYI ELECTRIC STORAGE HOLDINGS LTD.","","Hong Kong","HKEX","HKD","","","","","","","","",""
"8329","SHENZHEN NEPTUNUS INTERLONG CO., LTD.","","Hong Kong","HKEX","HKD","","","","","","","","",""
"8375","VERTICAL INTERNATIONAL HOLDINGS LTD.","","Hong Kong","HKEX","HKD","","","","","","","","",""
"8379","PRIME INTELLIGENCE SOLUTIONS INC.","","Hong Kong","HKEX","HKD","","","","","","","","",""
"8","PCCW LIMITED","","Hong Kong","HKEX","HKD","","","","","","","","",""
"8237","LINK HOLDINGS LTD.","","Hong Kong","HKEX","HKD","","","","","","","","",""
"9978","FINELAND LIVING SERVICES GROUP INC.","","Hong Kong","HKEX","HKD","","","","","","","","",""
"9979","GREENTOWN MANAGEMENT HOLDINGS COMPANY LIMITED","","Hong Kong","HKEX","HKD","","","","","","","","",""
"9980","EASTROC BEVERAGE (GROUP) CO., LTD.","","Hong Kong","HKEX","HKD","","","","","","","","",""
"9981","SHENZHEN WOER HEAT-SHRINKABLE MATERIAL CO., LTD.","","Hong Kong","HKEX","HKD","","","","","","","","",""
"9982","CENTRAL CHINA MANAGEMENT CO LTD","","Hong Kong","HKEX","HKD","","","","","","","","",""
"9983","CENTRAL CHINA NEW LIFE LTD.","","Hong Kong","HKEX","HKD","","","","","","","","",""
"8238","WINTO GROUP HOLDINGS LTD.","","Hong Kong","HKEX","HKD","","","","","","","","",""
"9959","LINKLOGIS INC.","","Hong Kong","HKEX","HKD","","","","","","","","",""
"9958","LITIAN PICTURES HOLDINGS LTD.","","Hong Kong","HKEX","HKD","","","","","","","","",""
"9955","CLOUDR GROUP LTD.","","Hong Kong","HKEX","HKD","","","","","","","","",""
"9919","ACTIVATION GROUP HOLDINGS LTD.","","Hong Kong","HKEX","HKD","","","","","","","","",""
"9922","JIUMAOJIU INTERNATIONAL HOLDINGS LIMITED","","Hong Kong","HKEX","HKD","","","","","","","","",""
"9923","YEAHKA LTD.","","Hong Kong","HKEX","HKD","","","","","","","","",""
"8217","WMHW HOLDINGS LTD.","","Hong Kong","HKEX","HKD","","","","","","","","",""
"9926","AKESO INC.","","Hong Kong","HKEX","HKD","","","","","","","","",""
"9927","SERES GROUP CO., LTD.","","Hong Kong","HKEX","HKD","","","","","","","","",""
"9929","SEM HOLDINGS LTD.","","Hong Kong","HKEX","HKD","","","","","","","","",""
"9930","HORIZON CONSTRUCTION DEVELOPMENT LIMITED","","Hong Kong","HKEX","HKD","","","","","","","","",""
"9985","WEILONG DELICIOUS GLOBAL HOLDINGS LTD","","Hong Kong","HKEX","HKD","","","","","","","","",""
"8219","HANVEY GROUP HOLDINGS LTD.","","Hong Kong","HKEX","HKD","","","","","","","","",""
"9933","GHW INTERNATIONAL LTD.","","Hong Kong","HKEX","HKD","","","","","","","","",""
"8221","GAOYU FINANCE GROUP LTD.","","Hong Kong","HKEX","HKD","","","","","","","","",""
"9936","XIMEI RESOURCES HOLDING LIMITED","","Hong Kong","HKEX","HKD","","","","","","","","",""
"9938","WAH WO HOLDINGS GROUP LTD.","","Hong Kong","HKEX","HKD","","","","","","","","",""
"9939","KINTOR PHARMACEUTICAL LIMITED","","Hong Kong","HKEX","HKD","","","","","","","","",""
"8222","E LIGHTING GROUP HOLDINGS LIMITED","","Hong Kong","HKEX","HKD","","","","","","","","",""
"8223","ZIYUANYUAN HOLDINGS GROUP LTD.","","Hong Kong","HKEX","HKD","","","","","","","","",""
"8226","KOALA FINANCIAL GROUP LTD.","","Hong Kong","HKEX","HKD","","","","","","","","",""
"1669","GLOBAL INTERNATIONAL CREDIT GROUP LTD.","","Hong Kong","HKEX","HKD","","","","","","","","",""
"1658","POSTAL SAVINGS BANK OF CHINA CO., LTD.","","Hong Kong","HKEX","HKD","","","","","","","","",""
"1672","ASCLETIS PHARMA INC.","","Hong Kong","HKEX","HKD","","","","","","","","",""
"1675","ASIAINFO TECHNOLOGIES LIMITED","","Hong Kong","HKEX","HKD","","","","","","","","",""
"1676","GAODI HOLDINGS LTD.","","Hong Kong","HKEX","HKD","","","","","","","","",""
"1710","TRIO INDUSTRIAL ELECTRONICS GROUP LIMITED","","Hong Kong","HKEX","HKD","","","","","","","","",""
"1711","ULFERTS INTERNATIONAL LTD.","","Hong Kong","HKEX","HKD","","","","","","","","",""
"197","HENG TAI CONSUMABLES GROUP LIMITED","","Hong Kong","HKEX","HKD","","","","","","","","",""
"1712","DRAGON MINING LIMITED","","Hong Kong","HKEX","HKD","","","","","","","","",""
"1715","VOLCANO SPRING INTERNATIONAL LTD.","","Hong Kong","HKEX","HKD","","","","","","","","",""
"1628","YUZHOU GROUP HOLDINGS CO. LTD.","","Hong Kong","HKEX","HKD","","","","","","","","",""
"191","LAI SUN GARMENT","","Hong Kong","HKEX","HKD","","","","","","","","",""
"189","DONGYUE GROUP LIMITED","","Hong Kong","HKEX","HKD","","","","","","","","",""
"1541","IMMUNEONCO BIOPHARMACEUTICAL INC.","","Hong Kong","HKEX","HKD","","","","","","","","",""
"183","WINFULL GROUP HOLDINGS LIMITED","","Hong Kong","HKEX","HKD","","","","","","","","",""
"1543","GUANGDONG JOIN-SHARE FINANCING GUARANTEE INVESTMENT CO., LTD.","","Hong Kong","HKEX","HKD","","","","","","","","",""
"1545","DESIGN CAPITAL LTD.","","Hong Kong","HKEX","HKD","","","","","","","","",""
"1546","THELLOY DEVELOPMENT GROUP LIMITED","","Hong Kong","HKEX","HKD","","","","","","","","",""
"1547","IBI GROUP HOLDINGS LTD.","","Hong Kong","HKEX","HKD","","","","","","","","",""
"1548","GENSCRIPT BIOTECH CORPORATION","","Hong Kong","HKEX","HKD","","","","","","","","",""
"1549","EVER HARVEST GROUP HOLDINGS LIMITED","","Hong Kong","HKEX","HKD","","","","","","","","",""
"1540","LEFT FIELD PRINTING GROUP LIMITED","","Hong Kong","HKEX","HKD","","","","","","","","",""
"1553","MAIKE TUBE INDUSTRY HOLDINGS LIMITED","","Hong Kong","HKEX","HKD","","","","","","","","",""
"1555","MIE HOLDINGS CORPORATION","","Hong Kong","HKEX","HKD","","","","","","","","",""
"1563","ALLIANCE INTERNATIONAL EDUCATION LEASING HOLDINGS LTD.","","Hong Kong","HKEX","HKD","","","","","","","","",""
"1539","UNITY GROUP HOLDINGS INTERNATIONAL LTD.","","Hong Kong","HKEX","HKD","","","","","","","","",""
"1538","ZHONG AO HOME GROUP LTD.","","Hong Kong","HKEX","HKD","","","","","","","","",""
"1585","YADEA GROUP HOLDINGS LTD.","","Hong Kong","HKEX","HKD","","","","","","","","",""
"1587","SHINEROA INTERNATIONAL HOLDINGS LIMITED","","Hong Kong","HKEX","HKD","","","","","","","","",""
"1591","SHUN WO GROUP HOLDINGS LTD.","","Hong Kong","HKEX","HKD","","","","","","","","",""
"1592","ANCHORSTONE HOLDINGS LTD.","","Hong Kong","HKEX","HKD","","","","","","","","",""
"1981","CATHAY GROUP HOLDINGS INC.","","Hong Kong","HKEX","HKD","","","","","","","","",""
"1982","NAMESON HOLDINGS LIMITED","","Hong Kong","HKEX","HKD","","","","","","","","",""
"1972","SWIRE PROPERTIES LTD.","","Hong Kong","HKEX","HKD","","","","","","","","",""
"1959","CENTENARY UNITED HOLDINGS LIMITED","","Hong Kong","HKEX","HKD","","","","","","","","",""
"1958","BAIC MOTOR CORP. LTD.","","Hong Kong","HKEX","HKD","","","","","","","","",""
"1957","MBV INTERNATIONAL LTD.","","Hong Kong","HKEX","HKD","","","","","","","","",""
"1933","ONEFORCE HOLDINGS LTD.","","Hong Kong","HKEX","HKD","","","","","","","","",""
"1939","TOKYO CHUO AUCTION HOLDINGS LTD.","","Hong Kong","HKEX","HKD","","","","","","","","",""
"1940","CHINA GAS INDUSTRY INVESTMENT HOLDINGS CO., LTD.","","Hong Kong","HKEX","HKD","","","","","","","","",""
"1941","YE XING HOLDINGS LTD.","","Hong Kong","HKEX","HKD","","","","","","","","",""
"1942","MOG DIGITECH HOLDINGS LTD.","","Hong Kong","HKEX","HKD","","","","","","","","",""
"1943","KING'S STONE HOLDINGS GROUP CO. LTD.","","Hong Kong","HKEX","HKD","","","","","","","","",""
"1949","PLATT NERA INTERNATIONAL LTD.","","Hong Kong","HKEX","HKD","","","","","","","","",""
"1950","DIWANG INDUSTRIAL HOLDINGS LIMITED","","Hong Kong","HKEX","HKD","","","","","","","","",""
"1951","JINXIN FERTILITY GROUP LTD.","","Hong Kong","HKEX","HKD","","","","","","","","",""
"1772","GANFENG LITHIUM GROUP CO., LTD.","","Hong Kong","HKEX","HKD","","","","","","","","",""
"1801","INNOVENT BIOLOGICS INC.","","Hong Kong","HKEX","HKD","","","","","","","","",""
"305","WULING MOTORS HOLDINGS LIMITED","","Hong Kong","HKEX","HKD","","","","","","","","",""
"1803","BEIJING SPORTS AND ENTERTAINMENT INDUSTRY GROUP LIMITED","","Hong Kong","HKEX","HKD","","","","","","","","",""
"1842","GROWN UP GROUP INVESTMENTS HOLDINGS LTD.","","Hong Kong","HKEX","HKD","","","","","","","","",""
"1843","SNACK EMPIRE HOLDINGS LTD.","","Hong Kong","HKEX","HKD","","","","","","","","",""
"1848","CHINA AIRCRAFT LEASING GROUP HOLDINGS LTD.","","Hong Kong","HKEX","HKD","","","","","","","","",""
"1850","HSC RESOURCES GROUP LTD.","","Hong Kong","HKEX","HKD","","","","","","","","",""
"1851","CHINA GINGKO EDUCATION GROUP LTD.","","Hong Kong","HKEX","HKD","","","","","","","","",""
"1841","A.PLUS GROUP HOLDINGS LTD","","Hong Kong","HKEX","HKD","","","","","","","","",""
"1855","ZONQING ENVIRONMENTAL LTD.","","Hong Kong","HKEX","HKD","","","","","","","","",""
"1856","ERNEST BOREL HOLDINGS LTD.","","Hong Kong","HKEX","HKD","","","","","","","","",""
"1857","CHINA EVERBRIGHT WATER LIMITED","","Hong Kong","HKEX","HKD","","","","","","","","",""
"1858","BEIJING CHUNLIZHENGDA MEDICAL INSTRUMENTS CO., LTD.","","Hong Kong","HKEX","HKD","","","","","","","","",""
"1860","MOBVISTA INC.","","Hong Kong","HKEX","HKD","","","","","","","","",""
"1865","TRENDZON HOLDINGS GROUP LTD.","","Hong Kong","HKEX","HKD","","","","","","","","",""
"1145","COURAGE INVESTMENT GROUP LTD.","","Hong Kong","HKEX","HKD","","","","","","","","",""
"1146","HUICHENG INTERNATIONAL HOLDINGS LIMITED","","Hong Kong","HKEX","HKD","","","","","","","","",""
"1147","EDENSOFT HOLDINGS LTD","","Hong Kong","HKEX","HKD","","","","","","","","",""
"139","CENTRAL WEALTH GROUP HOLDINGS LIMITED","","Hong Kong","HKEX","HKD","","","","","","","","",""
"1150","MILAN STATION HOLDINGS LTD.","","Hong Kong","HKEX","HKD","","","","","","","","",""
"1152","MOMENTUM FINANCIAL HOLDINGS LIMITED","","Hong Kong","HKEX","HKD","","","","","","","","",""
"1153","JIAYUAN SERVICES HOLDINGS LTD.","","Hong Kong","HKEX","HKD","","","","","","","","",""
"147","INTERNATIONAL BUSINESS SETTLEMENT HOLDINGS LIMITED","","Hong Kong","HKEX","HKD","","","","","","","","",""
"1182","SUCCESS DRAGON INTERNATIONAL HOLDINGS LTD.","","Hong Kong","HKEX","HKD","","","","","","","","",""
"1183","MECOM POWER AND CONSTRUCTION LTD.","","Hong Kong","HKEX","HKD","","","","","","","","",""
"1215","KAI YUAN HOLDINGS LTD.","","Hong Kong","HKEX","HKD","","","","","","","","",""
"1216","ZHONGYUAN BANK CO., LTD.","","Hong Kong","HKEX","HKD","","","","","","","","",""
"1217","CHINA INNOVATION INVESTMENT LTD.","","Hong Kong","HKEX","HKD","","","","","","","","",""
"123","YUEXIU PROPERTY COMPANY LIMITED","","Hong Kong","HKEX","HKD","","","","","","","","",""
"119","POLY PROPERTY GROUP CO., LIMITED","","Hong Kong","HKEX","HKD","","","","","","","","",""
"1030","SEAZEN GROUP LTD.","","Hong Kong","HKEX","HKD","","","","","","","","",""
"120","COSMOPOLITAN INTERNATIONAL HOLDINGS LIMITED","","Hong Kong","HKEX","HKD","","","","","","","","",""
"1033","SINOPEC OILFIELD SERVICE CORP.","","Hong Kong","HKEX","HKD","","","","","","","","",""
"1037","MAXNERVA TECHNOLOGY SERVICES LIMITED","","Hong Kong","HKEX","HKD","","","","","","","","",""
"1038","CK INFRASTRUCTURE HOLDINGS LIMITED","","Hong Kong","HKEX","HKD","","","","","","","","",""
"1039","CHANGYOU INTERNATIONAL GROUP INC.","","Hong Kong","HKEX","HKD","","","","","","","","",""
"1044","HENGAN INTERNATIONAL GROUP CO. LTD.","","Hong Kong","HKEX","HKD","","","","","","","","",""
"1045","APT SATELLITE HOLDINGS LTD.","","Hong Kong","HKEX","HKD","","","","","","","","",""
"1046","UNIVERSE ENTERTAINMENT & CULTURE GROUP COMPANY LIMITED","","Hong Kong","HKEX","HKD","","","","","","","","",""
"1050","KARRIE INTERNATIONAL HOLDINGS LTD.","","Hong Kong","HKEX","HKD","","","","","","","","",""
"1407","JY GAS LTD.","","Hong Kong","HKEX","HKD","","","","","","","","",""
"179","JOHNSON ELECTRIC HOLDINGS LIMITED","","Hong Kong","HKEX","HKD","","","","","","","","",""
"1410","EDVANCE INTERNATIONAL HOLDINGS LIMITED","","Hong Kong","HKEX","HKD","","","","","","","","",""
"1412","Q P GROUP HOLDINGS LIMITED","","Hong Kong","HKEX","HKD","","","","","","","","",""
"1413","FEG HOLDINGS CORPORATION LTD.","","Hong Kong","HKEX","HKD","","","","","","","","",""
"1415","COWELL E HOLDINGS INC.","","Hong Kong","HKEX","HKD","","","","","","","","",""
"1416","CTR HOLDINGS LTD.","","Hong Kong","HKEX","HKD","","","","","","","","",""
"178","SA SA INTERNATIONAL HOLDINGS LIMITED","","Hong Kong","HKEX","HKD","","","","","","","","",""
"1985","MICROWARE GROUP LTD.","","Hong Kong","HKEX","HKD","","","","","","","","",""
"1358","PW MEDTECH GROUP LTD.","","Hong Kong","HKEX","HKD","","","","","","","","",""
"173","K. WAH INTERNATIONAL HOLDINGS LIMITED","","Hong Kong","HKEX","HKD","","","","","","","","",""
"164","CHINA BAOLI TECHNOLOGIES HOLDINGS LIMITED","","Hong Kong","HKEX","HKD","","","","","","","","",""
"1268","CHINA MEIDONG AUTO HOLDINGS LIMITED","","Hong Kong","HKEX","HKD","","","","","","","","",""
"1269","CHINA FIRST CAPITAL GROUP LIMITED","","Hong Kong","HKEX","HKD","","","","","","","","",""
"1271","GRAND MING GROUP HOLDINGS LIMITED","","Hong Kong","HKEX","HKD","","","","","","","","",""
"1272","DATANG ENVIRONMENT INDUSTRY GROUP CO., LTD.","","Hong Kong","HKEX","HKD","","","","","","","","",""
"1274","IMOTION AUTOMOTIVE TECHNOLOGY (SUZHOU) CO., LTD.","","Hong Kong","HKEX","HKD","","","","","","","","",""
"1276","JIANGSU HENGRUI PHARMACEUTICALS CO., LTD.","","Hong Kong","HKEX","HKD","","","","","","","","",""
"1277","KINETIC DEVELOPMENT GROUP LTD.","","Hong Kong","HKEX","HKD","","","","","","","","",""
"1265","TIANJIN JINRAN PUBLIC UTILITIES COMPANY LIMITED","","Hong Kong","HKEX","HKD","","","","","","","","",""
"1278","CHINA NEW TOWN DEVELOPMENT COMPANY LIMITED","","Hong Kong","HKEX","HKD","","","","","","","","",""
"1281","XINDA INVESTMENT HOLDINGS LTD.","","Hong Kong","HKEX","HKD","","","","","","","","",""
"1282","RENZE HARVEST INTERNATIONAL LTD.","","Hong Kong","HKEX","HKD","","","","","","","","",""
"1283","ACCEL GROUP HOLDINGS LTD.","","Hong Kong","HKEX","HKD","","","","","","","","",""
"1284","NEW MEDIA LAB LTD.","","Hong Kong","HKEX","HKD","","","","","","","","",""
"1286","IMPRO PRECISION INDUSTRIES LIMITED","","Hong Kong","HKEX","HKD","","","","","","","","",""
"1310","HKBN LTD.","","Hong Kong","HKEX","HKD","","","","","","","","",""
"1312","KONTAFARMA CHINA HOLDINGS LIMITED","","Hong Kong","HKEX","HKD","","","","","","","","",""
"1313","CHINA RESOURCES BUILDING MATERIALS TECHNOLOGY HOLDINGS LIMITED","","Hong Kong","HKEX","HKD","","","","","","","","",""
"168","TSINGTAO BREWERY COMPANY LIMITED","","Hong Kong","HKEX","HKD","","","","","","","","",""
"169","WANDA HOTEL DEVELOPMENT COMPANY LIMITED","","Hong Kong","HKEX","HKD","","","","","","","","",""
"1316","NEXTEER AUTOMOTIVE GROUP LTD.","","Hong Kong","HKEX","HKD","","","","","","","","",""
"1317","CHINA MAPLE LEAF EDUCATIONAL SYSTEMS LTD.","","Hong Kong","HKEX","HKD","","","","","","","","",""
"1318","MAO GEPING COSMETICS CO., LTD.","","Hong Kong","HKEX","HKD","","","","","","","","",""
"1028","C.BANNER INTERNATIONAL HOLDINGS LIMITED","","Hong Kong","HKEX","HKD","","","","","","","","",""
"1986","TSAKER NEW ENERGY TECH CO., LIMITED","","Hong Kong","HKEX","HKD","","","","","","","","",""
"1988","CHINA MINSHENG BANKING CORP.","","Hong Kong","HKEX","HKD","","","","","","","","",""
"2595","GENFLEET THERAPEUTICS (SHANGHAI) INC.","","Hong Kong","HKEX","HKD","","","","","","","","",""
"2598","LIANLIAN DIGITECH CO., LTD.","","Hong Kong","HKEX","HKD","","","","","","","","",""
"2600","ALUMINUM CORPORATION OF CHINA LTD.","","Hong Kong","HKEX","HKD","","","","","","","","",""
"2601","CHINA PACIFIC INSURANCE GROUP CO., LTD.","","Hong Kong","HKEX","HKD","","","","","","","","",""
"2602","ONEWO INC.","","Hong Kong","HKEX","HKD","","","","","","","","",""
"3396","LEGEND HOLDINGS CORPORATION","","Hong Kong","HKEX","HKD","","","","","","","","",""
"3395","JX ENERGY LTD.","","Hong Kong","HKEX","HKD","","","","","","","","",""
"3393","WASION GROUP HOLDINGS LTD.","","Hong Kong","HKEX","HKD","","","","","","","","",""
"3390","TYCOON GROUP HOLDINGS LTD.","","Hong Kong","HKEX","HKD","","","","","","","","",""
"2631","SICC CO., LTD.","","Hong Kong","HKEX","HKD","","","","","","","","",""
"3389","HENGDELI HOLDINGS LTD.","","Hong Kong","HKEX","HKD","","","","","","","","",""
"2632","JIANGSU NEW VISION AUTOMOTIVE ELECTRONICS CO. LTD. CLASS H","","Hong Kong","HKEX","HKD","","","","","","","","",""
"3388","SHENZHEN CREALITY 3D TECHNOLOGY CO., LTD.","","Hong Kong","HKEX","HKD","","","","","","","","",""
"2633","JACOBSON PHARMA CORPORATION LIMITED","","Hong Kong","HKEX","HKD","","","","","","","","",""
"3383","AGILE GROUP HOLDINGS LTD.","","Hong Kong","HKEX","HKD","","","","","","","","",""
"2635","NUOBIKAN ARTIFICIAL INTELLIGENCE TECHNOLOGY (CHENGDU) CO., LTD.","","Hong Kong","HKEX","HKD","","","","","","","","",""
"3382","TIANJIN PORT DEVELOPMENT HOLDINGS LIMITED","","Hong Kong","HKEX","HKD","","","","","","","","",""
"3380","LOGAN GROUP CO., LTD.","","Hong Kong","HKEX","HKD","","","","","","","","",""
"2637","FUJIAN HAIXI PHARMACEUTICALS CO., LTD.","","Hong Kong","HKEX","HKD","","","","","","","","",""
"2550","EASOU TECHNOLOGY HOLDINGS LTD.","","Hong Kong","HKEX","HKD","","","","","","","","",""
"2552","HUA MEDICINE LTD.","","Hong Kong","HKEX","HKD","","","","","","","","",""
"206","CMIC OCEAN EN-TECH HOLDING CO., LTD.","","Hong Kong","HKEX","HKD","","","","","","","","",""
"2553","BEIJING SHOUGANG LANZATECH TECHNOLOGY CO., LTD.","","Hong Kong","HKEX","HKD","","","","","","","","",""
"2555","SICHUAN BAICHA BAIDAO INDUSTRIAL CO., LTD.","","Hong Kong","HKEX","HKD","","","","","","","","",""
"2556","MARKETINGFORCE MANAGEMENT LTD.","","Hong Kong","HKEX","HKD","","","","","","","","",""
"2559","DIDA INC.","","Hong Kong","HKEX","HKD","","","","","","","","",""
"2549","CAROTE LTD.","","Hong Kong","HKEX","HKD","","","","","","","","",""
"2525","HESAI GROUP","","Hong Kong","HKEX","HKD","","","","","","","","",""
"2500","VENUS MEDTECH (HANGZHOU) INC.","","Hong Kong","HKEX","HKD","","","","","","","","",""
"2501","MAIYUE TECHNOLOGY LTD.","","Hong Kong","HKEX","HKD","","","","","","","","",""
"2503","ZHONGSHEN JIANYE HOLDING LTD.","","Hong Kong","HKEX","HKD","","","","","","","","",""
"228","CHINA ENERGY DEVELOPMENT HOLDINGS LIMITED","","Hong Kong","HKEX","HKD","","","","","","","","",""
"227","FIRST SHANGHAI INVESTMENTS LIMITED","","Hong Kong","HKEX","HKD","","","","","","","","",""
"223","ELIFE HOLDINGS LIMITED","","Hong Kong","HKEX","HKD","","","","","","","","",""
"235","CHINA STRATEGIC HOLDINGS LIMITED","","Hong Kong","HKEX","HKD","","","","","","","","",""
"220","UNI-PRESIDENT CHINA HOLDINGS LTD","","Hong Kong","HKEX","HKD","","","","","","","","",""
"218","SHENWAN HONGYUAN","","Hong Kong","HKEX","HKD","","","","","","","","",""
"217","CHINA CHENGTONG DEVELOPMENT GROUP LIMITED","","Hong Kong","HKEX","HKD","","","","","","","","",""
"2687","SHANGHAI ABLE DIGITAL SCIENCE & TECH CO., LTD.","","Hong Kong","HKEX","HKD","","","","","","","","",""
"3330","LINGBAO GOLD GROUP CO., LTD.","","Hong Kong","HKEX","HKD","","","","","","","","",""
"2688","ENN ENERGY HOLDINGS LTD.","","Hong Kong","HKEX","HKD","","","","","","","","",""
"2689","NINE DRAGONS PAPER HOLDINGS LIMITED","","Hong Kong","HKEX","HKD","","","","","","","","",""
"3329","BOCOM INTERNATIONAL HOLDINGS COMPANY LIMITED","","Hong Kong","HKEX","HKD","","","","","","","","",""
"3328","BANK OF COMMUNICATIONS CO., LTD.","","Hong Kong","HKEX","HKD","","","","","","","","",""
"2691","NANHUA FUTURES CO., LTD.","","Hong Kong","HKEX","HKD","","","","","","","","",""
"2692","SHENZHEN ZHAOWEI MACHINERY & ELECTRONICS CO., LTD.","","Hong Kong","HKEX","HKD","","","","","","","","",""
"3309","C-MER MEDICAL HOLDINGS LTD.","","Hong Kong","HKEX","HKD","","","","","","","","",""
"2672","BAIGE ONLINE DIGITAL TECHNOLOGY CO., LTD.","","Hong Kong","HKEX","HKD","","","","","","","","",""
"3306","JNBY DESIGN LTD.","","Hong Kong","HKEX","HKD","","","","","","","","",""
"2858","YIXIN GROUP LTD.","","Hong Kong","HKEX","HKD","","","","","","","","",""
"2863","GOLDEN FAITH GROUP HOLDINGS LIMITED","","Hong Kong","HKEX","HKD","","","","","","","","",""
"2865","HAINAN DRINDA NEW ENERGY TECHNOLOGY CO. LTD.","","Hong Kong","HKEX","HKD","","","","","","","","",""
"2866","COSCO SHIPPING DEVELOPMENT CO., LTD.","","Hong Kong","HKEX","HKD","","","","","","","","",""
"2869","GREENTOWN SERVICE GROUP CO. LTD.","","Hong Kong","HKEX","HKD","","","","","","","","",""
"2877","CHINA SHINEWAY PHARMACEUTICAL GROUP LIMITED","","Hong Kong","HKEX","HKD","","","","","","","","",""
"2878","SOLOMON SYSTECH (INTERNATIONAL) LTD.","","Hong Kong","HKEX","HKD","","","","","","","","",""
"2880","LIAONING PORT CO., LTD.","","Hong Kong","HKEX","HKD","","","","","","","","",""
"2171","CARSGEN THERAPEUTICS HOLDINGS LIMITED","","Hong Kong","HKEX","HKD","","","","","","","","",""
"2172","MICROPORT NEUROTECH LTD.","","Hong Kong","HKEX","HKD","","","","","","","","",""
"2175","CHINA GENERAL EDUCATION GROUP LTD.","","Hong Kong","HKEX","HKD","","","","","","","","",""
"2190","ZYLOX-TONBRIDGE MEDICAL TECHNOLOGY CO., LTD.","","Hong Kong","HKEX","HKD","","","","","","","","",""
"2176","CCID CONSULTING COMPANY LIMITED","","Hong Kong","HKEX","HKD","","","","","","","","",""
"2178","PETRO-KING OILFIELD SERVICES LTD.","","Hong Kong","HKEX","HKD","","","","","","","","",""
"2185","SHANGHAI BIO-HEART BIOLOGICAL TECHNOLOGY CO., LTD.","","Hong Kong","HKEX","HKD","","","","","","","","",""
"2186","LUYE PHARMA GROUP LTD.","","Hong Kong","HKEX","HKD","","","","","","","","",""
"2187","ZHIXIN GROUP HOLDING LTD","","Hong Kong","HKEX","HKD","","","","","","","","",""
"2188","CHINA TITANS ENERGY TECHNOLOGY GROUP CO., LTD.","","Hong Kong","HKEX","HKD","","","","","","","","",""
"2225","JINHAI MEDICAL TECHNOLOGY LTD.","","Hong Kong","HKEX","HKD","","","","","","","","",""
"2226","HONWORLD GROUP LTD.","","Hong Kong","HKEX","HKD","","","","","","","","",""
"2227","SOLIS HOLDINGS LTD.","","Hong Kong","HKEX","HKD","","","","","","","","",""
"3968","CHINA MERCHANTS BANK CO., LTD.","","Hong Kong","HKEX","HKD","","","","","","","","",""
"2245","LYGEND RESOURCES & TECHNOLOGY CO. LTD.","","Hong Kong","HKEX","HKD","","","","","","","","",""
"2022","DIGITAL HOLLYWOOD INTERACTIVE LTD.","","Hong Kong","HKEX","HKD","","","","","","","","",""
"2018","AAC TECHNOLOGIES HOLDINGS INC.","","Hong Kong","HKEX","HKD","","","","","","","","",""
"1989","DELTON TECHNOLOGY (GUANGZHOU) INC.","","Hong Kong","HKEX","HKD","","","","","","","","",""
"1991","TA YANG GROUP HOLDINGS LTD.","","Hong Kong","HKEX","HKD","","","","","","","","",""
"1995","EVER SUNSHINE SERVICES GROUP LTD.","","Hong Kong","HKEX","HKD","","","","","","","","",""
"1996","REDSUN PROPERTIES GROUP LTD.","","Hong Kong","HKEX","HKD","","","","","","","","",""
"1997","WHARF REAL ESTATE INVESTMENT COMPANY LIMITED","","Hong Kong","HKEX","HKD","","","","","","","","",""
"1999","MAN WAH HOLDINGS LTD.","","Hong Kong","HKEX","HKD","","","","","","","","",""
"2000","SIM TECHNOLOGY GROUP LTD.","","Hong Kong","HKEX","HKD","","","","","","","","",""
"2001","CHINA NEW HIGHER EDUCATION GROUP LIMITED","","Hong Kong","HKEX","HKD","","","","","","","","",""
"2005","SSY GROUP LIMITED","","Hong Kong","HKEX","HKD","","","","","","","","",""
"2007","COUNTRY GARDEN HOLDINGS COMPANY LIMITED","","Hong Kong","HKEX","HKD","","","","","","","","",""
"2009","BBMG CORPORATION","","Hong Kong","HKEX","HKD","","","","","","","","",""
"2369","COOLPAD GROUP LTD.","","Hong Kong","HKEX","HKD","","","","","","","","",""
"2370","REDCO HEALTHY LIVING CO., LTD.","","Hong Kong","HKEX","HKD","","","","","","","","",""
"2372","WEILI HOLDINGS LTD.","","Hong Kong","HKEX","HKD","","","","","","","","",""
"2373","BEAUTY FARM MEDICAL AND HEALTH INDUSTRY INC.","","Hong Kong","HKEX","HKD","","","","","","","","",""
"3692","HANSOH PHARMACEUTICAL GROUP CO., LTD.","","Hong Kong","HKEX","HKD","","","","","","","","",""
"2378","PRUDENTIAL PLC","","Hong Kong","HKEX","HKD","","","","","","","","",""
"2360","BEST MART 360 HOLDINGS LTD.","","Hong Kong","HKEX","HKD","","","","","","","","",""
"3708","CHINA SUPPLY CHAIN HOLDINGS LTD.","","Hong Kong","HKEX","HKD","","","","","","","","",""
"2400","XD INC.","","Hong Kong","HKEX","HKD","","","","","","","","",""
"3686","CLIFFORD MODERN LIVING HOLDINGS LTD.","","Hong Kong","HKEX","HKD","","","","","","","","",""
"1987","BENG SOON MACHINERY HOLDINGS LTD.","","Hong Kong","HKEX","HKD","","","","","","","","",""
"2337","UNITED STRENGTH POWER HOLDINGS LIMITED","","Hong Kong","HKEX","HKD","","","","","","","","",""
"2279","YONGHE MEDICAL GROUP CO., LTD.","","Hong Kong","HKEX","HKD","","","","","","","","",""
"3880","MEDTIDE INC.","","Hong Kong","HKEX","HKD","","","","","","","","",""
"3878","VICON HOLDINGS LTD.","","Hong Kong","HKEX","HKD","","","","","","","","",""
"3877","CSSC HONG KONG SHIPPING CO., LTD.","","Hong Kong","HKEX","HKD","","","","","","","","",""
"2281","LUZHOU XINGLU WATER GROUP CO.","","Hong Kong","HKEX","HKD","","","","","","","","",""
"3868","XINYI ENERGY HOLDINGS LTD.","","Hong Kong","HKEX","HKD","","","","","","","","",""
"2282","MGM CHINA HOLDINGS LTD.","","Hong Kong","HKEX","HKD","","","","","","","","",""
"3881","CIDI INC.","","Hong Kong","HKEX","HKD","","","","","","","","",""
"3866","BANK OF QINGDAO CO., LTD.","","Hong Kong","HKEX","HKD","","","","","","","","",""
"2283","TK GROUP HOLDINGS LTD.","","Hong Kong","HKEX","HKD","","","","","","","","",""
"3858","JIAXIN INTERNATIONAL RESOURCES INVESTMENT LIMITED","","Hong Kong","HKEX","HKD","","","","","","","","",""
"3848","HAOSEN FINTECH GROUP LTD.","","Hong Kong","HKEX","HKD","","","","","","","","",""
"2285","CHERVON HOLDINGS LTD.","","Hong Kong","HKEX","HKD","","","","","","","","",""
"2286","CHEN XING DEVELOPMENT HOLDINGS LTD.","","Hong Kong","HKEX","HKD","","","","","","","","",""
"3838","CHINA STARCH HOLDINGS LIMITED","","Hong Kong","HKEX","HKD","","","","","","","","",""
"3836","CHINA HARMONY AUTO HOLDING LIMITED","","Hong Kong","HKEX","HKD","","","","","","","","",""
"3883","CHINA AOYUAN GROUP LIMITED","","Hong Kong","HKEX","HKD","","","","","","","","",""
"3886","TOWN HEALTH INTERNATIONAL MEDICAL GROUP LTD.","","Hong Kong","HKEX","HKD","","","","","","","","",""
"3900","GREENTOWN CHINA HOLDINGS LIMITED","","Hong Kong","HKEX","HKD","","","","","","","","",""
"3816","KFM KINGDOM HOLDINGS LTD.","","Hong Kong","HKEX","HKD","","","","","","","","",""
"2313","SHENZHOU INTERNATIONAL GROUP HOLDINGS LTD.","","Hong Kong","HKEX","HKD","","","","","","","","",""
"2314","LEE & MAN PAPER MANUFACTURING LIMITED","","Hong Kong","HKEX","HKD","","","","","","","","",""
"3813","POU SHENG INTERNATIONAL HOLDINGS LIMITED","","Hong Kong","HKEX","HKD","","","","","","","","",""
"3808","SINOTRUK HONG KONG LTD.","","Hong Kong","HKEX","HKD","","","","","","","","",""
"2315","BIOCYTOGEN PHARMACEUTICALS CO. LTD.","","Hong Kong","HKEX","HKD","","","","","","","","",""
"2291","LEPU SCIENTECH MEDICAL TECHNOLOGY CO., LTD.","","Hong Kong","HKEX","HKD","","","","","","","","",""
"1332","TOUYUN BIOTECH GROUP LTD.","","Hong Kong","HKEX","HKD","","","","","","","","",""
"6655","HUAXIN CEMENT CO. LTD.","","Hong Kong","HKEX","HKD","","","","","","","","",""
"650","IDG ENERGY INVESTMENT LIMITED","","Hong Kong","HKEX","HKD","","","","","","","","",""
"6622","ZHAOKE OPHTHALMOLOGY LTD.","","Hong Kong","HKEX","HKD","","","","","","","","",""
"648","CHINA WAH YAN HEALTHCARE LIMITED","","Hong Kong","HKEX","HKD","","","","","","","","",""
"643","CARRY WEALTH HOLDINGS LIMITED","","Hong Kong","HKEX","HKD","","","","","","","","",""
"6626","YUEXIU SERVICES GROUP LTD.","","Hong Kong","HKEX","HKD","","","","","","","","",""
"6628","TRANSCENTA HOLDING LTD.","","Hong Kong","HKEX","HKD","","","","","","","","",""
"639","SHOUGANG FUSHAN RESOURCES GROUP LIMITED","","Hong Kong","HKEX","HKD","","","","","","","","",""
"638","KIN YAT HOLDINGS LIMITED","","Hong Kong","HKEX","HKD","","","","","","","","",""
"6636","SHANDONG EXTREME VISION TECHNOLOGY CO., LTD.","","Hong Kong","HKEX","HKD","","","","","","","","",""
"636","KERRY LOGISTICS NETWORK LIMITED","","Hong Kong","HKEX","HKD","","","","","","","","",""
"620","DTXS SILK ROAD INVESTMENT HOLDINGS COMPANY LIMITED","","Hong Kong","HKEX","HKD","","","","","","","","",""
"621","TAUNG GOLD INTERNATIONAL LIMITED","","Hong Kong","HKEX","HKD","","","","","","","","",""
"580","SUN.KING TECHNOLOGY GROUP LIMITED","","Hong Kong","HKEX","HKD","","","","","","","","",""
"579","BEIJING JINGNENG CLEAN ENERGY CO., LIMITED","","Hong Kong","HKEX","HKD","","","","","","","","",""
"6687","JST GROUP CORPORATION LIMITED","","Hong Kong","HKEX","HKD","","","","","","","","",""
"6690","HAIER SMART HOME CO., LTD.","","Hong Kong","HKEX","HKD","","","","","","","","",""
"576","ZHEJIANG EXPRESSWAY CO., LTD.","","Hong Kong","HKEX","HKD","","","","","","","","",""
"6693","CHIFENG JILONG GOLD MINING CO., LTD.","","Hong Kong","HKEX","HKD","","","","","","","","",""
"563","SHANGHAI INDUSTRIAL URBAN DEVELOPMENT GROUP LIMITED","","Hong Kong","HKEX","HKD","","","","","","","","",""
"6715","HANGZHOU QIANDAOHU XUNLONG HOLDINGS CO., LTD.","","Hong Kong","HKEX","HKD","","","","","","","","",""
"564","ZHENGZHOU COAL MINING MACHINERY GROUP COMPANY LIMITED","","Hong Kong","HKEX","HKD","","","","","","","","",""
"565","ART GROUP HOLDINGS LIMITED","","Hong Kong","HKEX","HKD","","","","","","","","",""
"830","CHINA STATE CONSTRUCTION DEVELOPMENT HOLDINGS LIMITED","","Hong Kong","HKEX","HKD","","","","","","","","",""
"799","IGG INC","","Hong Kong","HKEX","HKD","","","","","","","","",""
"804","PINESTONE CAPITAL LIMITED","","Hong Kong","HKEX","HKD","","","","","","","","",""
"805","NEW GONOW RECREATIONAL","","Hong Kong","HKEX","HKD","","","","","","","","",""
"806","VALUE PARTNERS GROUP LIMITED","","Hong Kong","HKEX","HKD","","","","","","","","",""
"807","SIIC ENVIRONMENT HOLDINGS LTD.","","Hong Kong","HKEX","HKD","","","","","","","","",""
"808","PROSPERITY REAL ESTATE INVESTMENT TRUST","","Hong Kong","HKEX","HKD","","","","","","","","",""
"800","A8 NEW MEDIA GROUP LIMITED","","Hong Kong","HKEX","HKD","","","","","","","","",""
"780","TONGCHENG-ELONG HOLDINGS LIMITED","","Hong Kong","HKEX","HKD","","","","","","","","",""
"831","CONVENIENCE RETAIL ASIA LIMITED","","Hong Kong","HKEX","HKD","","","","","","","","",""
"833","ALLTRONICS HOLDINGS LIMITED","","Hong Kong","HKEX","HKD","","","","","","","","",""
"858","EXTRAWELL PHARMACEUTICAL HOLDINGS LIMITED","","Hong Kong","HKEX","HKD","","","","","","","","",""
"857","PETROCHINA COMPANY LIMITED","","Hong Kong","HKEX","HKD","","","","","","","","",""
"6181","LAOPU GOLD CO LTD","","Hong Kong","HKEX","HKD","","","","","","","","",""
"856","VSTECS HOLDINGS LIMITED","","Hong Kong","HKEX","HKD","","","","","","","","",""
"855","CHINA WATER AFFAIRS GROUP LIMITED","","Hong Kong","HKEX","HKD","","","","","","","","",""
"6182","TWINTEK INVESTMENT HOLDINGS LIMITED","","Hong Kong","HKEX","HKD","","","","","","","","",""
"853","MICROPORT SCIENTIFIC CORPORATION","","Hong Kong","HKEX","HKD","","","","","","","","",""
"6185","CANSINO BIOLOGICS INC.","","Hong Kong","HKEX","HKD","","","","","","","","",""
"6186","CHINA FEIHE LTD.","","Hong Kong","HKEX","HKD","","","","","","","","",""
"772","CHINA LITERATURE LIMITED","","Hong Kong","HKEX","HKD","","","","","","","","",""
"775","CK LIFE SCIENCES INT'L.,","","Hong Kong","HKEX","HKD","","","","","","","","",""
"686","BEIJING ENERGY INTERNATIONAL HOLDING CO., LTD.","","Hong Kong","HKEX","HKD","","","","","","","","",""
"752","PICO FAR EAST HOLDINGS LIMITED","","Hong Kong","HKEX","HKD","","","","","","","","",""
"730","SHOUGANG CONCORD GRAND","","Hong Kong","HKEX","HKD","","","","","","","","",""
"731","SAMSON PAPER HOLDINGS LIMITED","","Hong Kong","HKEX","HKD","","","","","","","","",""
"732","TRULY INTERNATIONAL HOLDINGS LIMITED","","Hong Kong","HKEX","HKD","","","","","","","","",""
"753","AIR CHINA LIMITED","","Hong Kong","HKEX","HKD","","","","","","","","",""
"737","SHENZHEN INVESTMENT HOLDINGS BAY AREA DEVELOPMENT COMPANY LIMITED","","Hong Kong","HKEX","HKD","","","","","","","","",""
"743","ASIA CEMENT","","Hong Kong","HKEX","HKD","","","","","","","","",""
"410","SOHO CHINA LIMITED","","Hong Kong","HKEX","HKD","","","","","","","","",""
"412","CHINA SHANDONG HI-SPEED FINANCIAL GROUP LIMITED","","Hong Kong","HKEX","HKD","","","","","","","","",""
"65","GRAND OCEAN ADVANCED RESOURCES COMPANY LIMITED","","Hong Kong","HKEX","HKD","","","","","","","","",""
"524","GREAT WALL BELT & ROAD HOLDINGS LIMITED","","Hong Kong","HKEX","HKD","","","","","","","","",""
"6828","BEIJING GAS BLUE SKY HOLDINGS LIMITED","","Hong Kong","HKEX","HKD","","","","","","","","",""
"6829","DRAGON RISE GROUP HOLDINGS LIMITED","","Hong Kong","HKEX","HKD","","","","","","","","",""
"6830","HUAZHONG IN-VEHICLE HOLDINGS CO. LTD.","","Hong Kong","HKEX","HKD","","","","","","","","",""
"6831","GREEN TEA GROUP LIMITED","","Hong Kong","HKEX","HKD","","","","","","","","",""
"522","ASM PACIFIC TECHNOLOGY LIMITED","","Hong Kong","HKEX","HKD","","","","","","","","",""
"521","CWT INTERNATIONAL LIMITED","","Hong Kong","HKEX","HKD","","","","","","","","",""
"6838","WINOX HOLDINGS LTD.","","Hong Kong","HKEX","HKD","","","","","","","","",""
"520","XIABUXIABU CATERING MANAGEMENT","","Hong Kong","HKEX","HKD","","","","","","","","",""
"519","APPLIED DEVELOPMENT HOLDINGS LIMITED","","Hong Kong","HKEX","HKD","","","","","","","","",""
"517","COSCO SHIPPING INTERNATIONAL","","Hong Kong","HKEX","HKD","","","","","","","","",""
"6855","ASCENTAGE PHARMA GROUP INTERNATIONAL","","Hong Kong","HKEX","HKD","","","","","","","","",""
"6869","YANGTZE OPTICAL FIBRE AND CABLE JOINT STOCK LTD.","","Hong Kong","HKEX","HKD","","","","","","","","",""
"506","CHINA FOODS LIMITED","","Hong Kong","HKEX","HKD","","","","","","","","",""
"508","DINGYI GROUP INVESTMENT LIMITED","","Hong Kong","HKEX","HKD","","","","","","","","",""
"439","KUANGCHI SCIENCE LIMITED","","Hong Kong","HKEX","HKD","","","","","","","","",""
"440","DAH SING FINANCIAL HOLDINGS LIMITED","","Hong Kong","HKEX","HKD","","","","","","","","",""
"85","CHINA ELECTRONICS HUADA TECHNOLOGY COMPANY LIMITED","","Hong Kong","HKEX","HKD","","","","","","","","",""
"76","ELATE HOLDINGS LIMITED","","Hong Kong","HKEX","HKD","","","","","","","","",""
"451","GCL NEW ENERGY HOLDINGS LIMITED","","Hong Kong","HKEX","HKD","","","","","","","","",""
"77","AMS PUBLIC TRANSPORT HOLDINGS LIMITED","","Hong Kong","HKEX","HKD","","","","","","","","",""
"86","SUN HUNG KAI & CO. LIMITED","","Hong Kong","HKEX","HKD","","","","","","","","",""
"474","ACESO LIFE SCIENCE GROUP LIMITED","","Hong Kong","HKEX","HKD","","","","","","","","",""
"928","LIFE HEALTHCARE GROUP LIMITED","","Hong Kong","HKEX","HKD","","","","","","","","",""
"873","SHIMAO SERVICES HOLDINGS LIMITED","","Hong Kong","HKEX","HKD","","","","","","","","",""
"874","GUANGZHOU BAIYUNSHAN PHARMACEUTICAL HOLDINGS COMPANY LIMITED","","Hong Kong","HKEX","HKD","","","","","","","","",""
"875","CHINA FINANCE INVESTMENT HOLDINGS LIMITED","","Hong Kong","HKEX","HKD","","","","","","","","",""
"960","LONGFOR GROUP HOLDINGS LIMITED","","Hong Kong","HKEX","HKD","","","","","","","","",""
"923","INTEGRATED WASTE SOLUTIONS GROUP HOLDINGS LIMITED","","Hong Kong","HKEX","HKD","","","","","","","","",""
"117","TIANLI HOLDINGS GROUP LIMITED","","Hong Kong","HKEX","HKD","","","","","","","","",""
"889","DATRONIX HOLDINGS LIMITED","","Hong Kong","HKEX","HKD","","","","","","","","",""
"880","SJM HOLDINGS LIMITED","","Hong Kong","HKEX","HKD","","","","","","","","",""
"6078","HYGEIA HEALTHCARE HOLDINGS CO. LTD.","","Hong Kong","HKEX","HKD","","","","","","","","",""
"6080","WING CHI HOLDINGS LTD.","","Hong Kong","HKEX","HKD","","","","","","","","",""
"991","DATANG INTERNATIONAL POWER GENERATION CO., LTD.","","Hong Kong","HKEX","HKD","","","","","","","","",""
"6082","SHANGHAI BIREN TECHNOLOGY CO LTD - CLASS H","","Hong Kong","HKEX","HKD","","","","","","","","",""
"871","CHINA DREDGING ENVIRONMENT PROTECTION HOLDINGS LIMITED","","Hong Kong","HKEX","HKD","","","","","","","","",""
"6158","ZHENRO PROPERTIES GROUP LTD.","","Hong Kong","HKEX","HKD","","","","","","","","",""
"995","ANHUI EXPRESSWAY COMPANY LIMITED","","Hong Kong","HKEX","HKD","","","","","","","","",""
"1023","SITOY GROUP HOLDINGS LTD.","","Hong Kong","HKEX","HKD","","","","","","","","",""
"6168","ZHOU LIU FU JEWELLERY CO., LTD.","","Hong Kong","HKEX","HKD","","","","","","","","",""
"934","SINOPEC KANTONS HOLDINGS LIMITED","","Hong Kong","HKEX","HKD","","","","","","","","",""
"865","JIANDE INTERNATIONAL HOLDINGS LIMITED","","Hong Kong","HKEX","HKD","","","","","","","","",""
"951","CHAOWEI POWER HOLDINGS LIMITED","","Hong Kong","HKEX","HKD","","","","","","","","",""
"6169","CHINA YUHUA EDUCATION CORPORATION LIMITED","","Hong Kong","HKEX","HKD","","","","","","","","",""
"863","BC TECHNOLOGY GROUP LIMITED","","Hong Kong","HKEX","HKD","","","","","","","","",""
"118","COSMOS MACHINERY ENTERPRISES LIMITED","","Hong Kong","HKEX","HKD","","","","","","","","",""
"6162","CHINA TIANRUI AUTOMOTIVE SYSTEMS GROUP CO., LTD.","","Hong Kong","HKEX","HKD","","","","","","","","",""
"936","KAISA CAPITAL INVESTMENT HOLDINGS LIMITED","","Hong Kong","HKEX","HKD","","","","","","","","",""
"108","GR PROPERTIES LIMITED","","Hong Kong","HKEX","HKD","","","","","","","","",""
"107","SICHUAN EXPRESSWAY COMPANY LIMITED","","Hong Kong","HKEX","HKD","","","","","","","","",""
"6038","G & M HOLDINGS LTD.","","Hong Kong","HKEX","HKD","","","","","","","","",""
"43340","ESSEN TECH CO., LTD.","","Corée","KRX","KRW","","","","","","","","",""
"50760","S POLYTECH CO., LTD.","","Corée","KRX","KRW","","","","","","","","",""
"251270","NETMARBLE CORP.","","Corée","KRX","KRW","","","","","","","","",""
"39440","SYSTEMS TECHNOLOGY INC.","","Corée","KRX","KRW","","","","","","","","",""
"42700","HANMI SEMICONDUCTOR CO., LTD.","","Corée","KRX","KRW","","","","","","","","",""
"98460","KOH YOUNG TECHNOLOGY INC.","","Corée","KRX","KRW","","","","","","","","",""
"42940","SANGJI CONSTRUCTION INC.","","Corée","KRX","KRW","","","","","","","","",""
"43090","THE TECHNOLOGY CO. LTD.","","Corée","KRX","KRW","","","","","","","","",""
"100","YUHAN CORPORATION","","Corée","KRX","KRW","","","","","","","","",""
"111710","NAMHWA INDUSTRIAL CO. LTD.","","Corée","KRX","KRW","","","","","","","","",""
"234300","STRAFFIC CO., LTD.","","Corée","KRX","KRW","","","","","","","","",""
"114810","HANSOL IONES CO. LTD.","","Corée","KRX","KRW","","","","","","","","",""
"95910","S-ENERGY CO., LTD.","","Corée","KRX","KRW","","","","","","","","",""
"47770","CODES COMBINE CO., LTD.","","Corée","KRX","KRW","","","","","","","","",""
"47400","UNION MATERIALS CORPORATION","","Corée","KRX","KRW","","","","","","","","",""
"47810","KOREA AEROSPACE INDUSTRIES LTD.","","Corée","KRX","KRW","","","","","","","","",""
"114190","KANGWON ENERGY CO., LTD.","","Corée","KRX","KRW","","","","","","","","",""
"112040","WEMADE CO., LTD.","","Corée","KRX","KRW","","","","","","","","",""
"232680","RAONTECH INC.","","Corée","KRX","KRW","","","","","","","","",""
"43610","GENIE MUSIC CORP.","","Corée","KRX","KRW","","","","","","","","",""
"246960","SCL SCIENCE INC.","","Corée","KRX","KRW","","","","","","","","",""
"248070","SOLUM CO., LTD.","","Corée","KRX","KRW","","","","","","","","",""
"97950","CJ CHEILJEDANG CORP","","Corée","KRX","KRW","","","","","","","","",""
"112290","YCCHEM CO., LTD.","","Corée","KRX","KRW","","","","","","","","",""
"32940","WONIK CORPORATION","","Corée","KRX","KRW","","","","","","","","",""
"27710","FARMSTORY CO., LTD.","","Corée","KRX","KRW","","","","","","","","",""
"33050","JEONGMOON INFORMATION CO., LTD.","","Corée","KRX","KRW","","","","","","","","",""
"27740","MANIKER CO. LTD.","","Corée","KRX","KRW","","","","","","","","",""
"28050","SAMSUNG ELECTRONICS CO., LTD.","","Corée","KRX","KRW","","","","","","","","",""
"28260","SAMSUNG C&T CORPORATION","","Corée","KRX","KRW","","","","","","","","",""
"28300","HLB CO., LTD.","","Corée","KRX","KRW","","","","","","","","",""
"101930","INHWA PRECISION CO. LTD.","","Corée","KRX","KRW","","","","","","","","",""
"28670","PAN OCEAN CO., LTD.","","Corée","KRX","KRW","","","","","","","","",""
"299170","WSI CO. LTD.","","Corée","KRX","KRW","","","","","","","","",""
"101390","IM CO., LTD.","","Corée","KRX","KRW","","","","","","","","",""
"295310","HVM CO. LTD.","","Corée","KRX","KRW","","","","","","","","",""
"33640","NEPES CORPORATION","","Corée","KRX","KRW","","","","","","","","",""
"33780","KT&G CORP.","","Corée","KRX","KRW","","","","","","","","",""
"294870","HDC HYUNDAI DEVELOPMENT CO. LTD.","","Corée","KRX","KRW","","","","","","","","",""
"294630","SUNAM CO., LTD.","","Corée","KRX","KRW","","","","","","","","",""
"33790","SKYMOONS TECHNOLOGY","","Corée","KRX","KRW","","","","","","","","",""
"301300","VAIV CO INC.","","Corée","KRX","KRW","","","","","","","","",""
"31510","AUSTEM CO., LTD.","","Corée","KRX","KRW","","","","","","","","",""
"22100","POSCO DX CO., LTD.","","Corée","KRX","KRW","","","","","","","","",""
"22220","TKG AIKANG CO., LTD.","","Corée","KRX","KRW","","","","","","","","",""
"103140","POONGSAN CORPORATION","","Corée","KRX","KRW","","","","","","","","",""
"31980","PSK HOLDINGS INC.","","Corée","KRX","KRW","","","","","","","","",""
"102940","KOLON LIFE SCIENCE INC.","","Corée","KRX","KRW","","","","","","","","",""
"32350","LOTTE TOUR DEVELOPMENT CO., LTD.","","Corée","KRX","KRW","","","","","","","","",""
"32640","LG UPLUS CORP.","","Corée","KRX","KRW","","","","","","","","",""
"25820","LEE KU INDUSTRIAL CO. LTD.","","Corée","KRX","KRW","","","","","","","","",""
"36710","SIMMTECH HOLDINGS CO., LTD.","","Corée","KRX","KRW","","","","","","","","",""
"36810","FINE SEMITECH CORP.","","Corée","KRX","KRW","","","","","","","","",""
"107600","SEBITCHEM CO., LTD.","","Corée","KRX","KRW","","","","","","","","",""
"37710","GWANGJU SHINSEGAE CO., LTD.","","Corée","KRX","KRW","","","","","","","","",""
"289930","WAVICE INC.","","Corée","KRX","KRW","","","","","","","","",""
"34020","DOOSAN ENERBILITY CO., LTD.","","Corée","KRX","KRW","","","","","","","","",""
"289080","SV INVESTMENT CORP.","","Corée","KRX","KRW","","","","","","","","",""
"289010","I-SCREAM EDU CO., LTD.","","Corée","KRX","KRW","","","","","","","","",""
"288980","MOADATA CO., LTD.","","Corée","KRX","KRW","","","","","","","","",""
"34220","LG DISPLAY CO., LTD.","","Corée","KRX","KRW","","","","","","","","",""
"34230","PARADISE CO. LTD.","","Corée","KRX","KRW","","","","","","","","",""
"105840","WOOJIN INC.","","Corée","KRX","KRW","","","","","","","","",""
"101240","CQV CO. LTD.","","Corée","KRX","KRW","","","","","","","","",""
"278470","APR CORP.","","Corée","KRX","KRW","","","","","","","","",""
"35250","KANGWON LAND, INC.","","Corée","KRX","KRW","","","","","","","","",""
"35290","GOLD & CO., LTD.","","Corée","KRX","KRW","","","","","","","","",""
"277880","TSI CO., LTD.","","Corée","KRX","KRW","","","","","","","","",""
"277810","RAINBOW ROBOTICS CO.,LTD.","","Corée","KRX","KRW","","","","","","","","",""
"20","DONGWHA PHARM CO., LTD.","","Corée","KRX","KRW","","","","","","","","",""
"35420","NAVER CORP","","Corée","KRX","KRW","","","","","","","","",""
"274090","KENCOA AEROSPACE CORPORATION","","Corée","KRX","KRW","","","","","","","","",""
"35460","KISAN TELECOM CO. LTD.","","Corée","KRX","KRW","","","","","","","","",""
"1540","AHN-GOOK PHARMACEUTICAL CO., LTD.","","Corée","KRX","KRW","","","","","","","","",""
"69730","DSR WIRE CORP.","","Corée","KRX","KRW","","","","","","","","",""
"460860","DONGKUK STEEL MILL CO., LTD.","","Corée","KRX","KRW","","","","","","","","",""
"67310","HANA MICRON INC.","","Corée","KRX","KRW","","","","","","","","",""
"67390","AEROSPACE TECHNOLOGY OF KOREA CO., LTD.","","Corée","KRX","KRW","","","","","","","","",""
"131370","RSUPPORT CO., LTD.","","Corée","KRX","KRW","","","","","","","","",""
"130660","KOREA ELECTRIC POWER INDUSTRIAL DEVELOPMENT CO., LTD.","","Corée","KRX","KRW","","","","","","","","",""
"187870","FGCI 2013 FLOATER","","Corée","KRX","KRW","","","","","","","","",""
"187790","NANO CO LTD.","","Corée","KRX","KRW","","","","","","","","",""
"83650","BHI CO., LTD.","","Corée","KRX","KRW","","","","","","","","",""
"83790","CRYSTALGENOMICS INC.","","Corée","KRX","KRW","","","","","","","","",""
"86790","HANA FINANCIAL GROUP INC.","","Corée","KRX","KRW","","","","","","","","",""
"1260","NAMKWANG ENGINEERING & CONSTRUCTION CO., LTD.","","Corée","KRX","KRW","","","","","","","","",""
"0011T0","CHAEVI CO., LTD.","","Corée","KRX","KRW","","","","","","","","",""
"77500","UNIQUEST CORP.","","Corée","KRX","KRW","","","","","","","","",""
"1200","EUGENE INVESTMENT & SECURITIES CO., LTD.","","Corée","KRX","KRW","","","","","","","","",""
"77970","STX ENGINE CO., LTD.","","Corée","KRX","KRW","","","","","","","","",""
"78020","LS SECURITIES CO., LTD.","","Corée","KRX","KRW","","","","","","","","",""
"78130","KUK-IL PAPER MFG. CO., LTD.","","Corée","KRX","KRW","","","","","","","","",""
"163730","FINGERMOTION INC.","","Corée","KRX","KRW","","","","","","","","",""
"78150","HB TECHNOLOGY CO., LTD.","","Corée","KRX","KRW","","","","","","","","",""
"78350","HANYANG DIGITECH CO., LTD.","","Corée","KRX","KRW","","","","","","","","",""
"810","SAMSUNG FIRE & MARINE INSURANCE CO., LTD.","","Corée","KRX","KRW","","","","","","","","",""
"160190","HIGEN RNM CO., LTD.","","Corée","KRX","KRW","","","","","","","","",""
"79650","SEO SAN CO., LTD.","","Corée","KRX","KRW","","","","","","","","",""
"228670","RAY CO., LTD.","","Corée","KRX","KRW","","","","","","","","",""
"92440","KISHIN CORPORATION","","Corée","KRX","KRW","","","","","","","","",""
"92300","HYUN WOO INDUSTRIAL CO., LTD.","","Corée","KRX","KRW","","","","","","","","",""
"122640","YEST CO. LTD.","","Corée","KRX","KRW","","","","","","","","",""
"218410","RFHIC CORP.","","Corée","KRX","KRW","","","","","","","","",""
"122690","SEOJIN AUTOMOTIVE CO., LTD.","","Corée","KRX","KRW","","","","","","","","",""
"218150","MILAE BIORESOURCES CO., LTD.","","Corée","KRX","KRW","","","","","","","","",""
"122870","YG ENTERTAINMENT INC.","","Corée","KRX","KRW","","","","","","","","",""
"54940","EXA E&C INC.","","Corée","KRX","KRW","","","","","","","","",""
"52710","AMOTECH CO., LTD.","","Corée","KRX","KRW","","","","","","","","",""
"226950","OLIX PHARMACEUTICALS INC.","","Corée","KRX","KRW","","","","","","","","",""
"120110","KOLON INDUSTRIES INC.","","Corée","KRX","KRW","","","","","","","","",""
"226400","OSTEONIC CO. LTD.","","Corée","KRX","KRW","","","","","","","","",""
"226340","BONNE CO. LTD.","","Corée","KRX","KRW","","","","","","","","",""
"226330","SYNTEKABIO INC.","","Corée","KRX","KRW","","","","","","","","",""
"58610","SPG CO., LTD.","","Corée","KRX","KRW","","","","","","","","",""
"195870","HAESUNG DS CO., LTD.","","Corée","KRX","KRW","","","","","","","","",""
"90850","HYUNDAI EZWEL CO., LTD.","","Corée","KRX","KRW","","","","","","","","",""
"64260","DANAL CO. LTD.","","Corée","KRX","KRW","","","","","","","","",""
"64290","INTEKPLUS CO., LTD.","","Corée","KRX","KRW","","","","","","","","",""
"128660","PJ METAL CO. LTD.","","Corée","KRX","KRW","","","","","","","","",""
"90710","HYULIM ROBOT CO., LTD.","","Corée","KRX","KRW","","","","","","","","",""
"128820","DAESUNG INDUSTRIAL CO., LTD.","","Corée","KRX","KRW","","","","","","","","",""
"64350","HYUNDAI ROTEM COMPANY","","Corée","KRX","KRW","","","","","","","","",""
"64400","LG CNS CO., LTD.","","Corée","KRX","KRW","","","","","","","","",""
"194700","NOVAREX CO., LTD.","","Corée","KRX","KRW","","","","","","","","",""
"194480","DEVSISTERS CO., LTD.","","Corée","KRX","KRW","","","","","","","","",""
"194370","JS CORP.","","Corée","KRX","KRW","","","","","","","","",""
"128940","HANMI PHARM CO., LTD.","","Corée","KRX","KRW","","","","","","","","",""
"64760","TOKAI CARBON KOREA CO., LTD.","","Corée","KRX","KRW","","","","","","","","",""
"64820","CAPE INDUSTRIES LTD.","","Corée","KRX","KRW","","","","","","","","",""
"91580","SANGSIN ENERGY DISPLAY PRECISION CO., LTD.","","Corée","KRX","KRW","","","","","","","","",""
"60230","SONID INC.","","Corée","KRX","KRW","","","","","","","","",""
"125020","TC MATERIALS CO., LTD.","","Corée","KRX","KRW","","","","","","","","",""
"60240","STACO LINK CO., LTD.","","Corée","KRX","KRW","","","","","","","","",""
"209640","YJ LINK CO., LTD.","","Corée","KRX","KRW","","","","","","","","",""
"60250","NHN KCP CORP.","","Corée","KRX","KRW","","","","","","","","",""
"60260","NUVOTEC CO., LTD.","","Corée","KRX","KRW","","","","","","","","",""
"208710","BIOLOG DEVICE CO., LTD.","","Corée","KRX","KRW","","","","","","","","",""
"208640","THUMBAGE CO., LTD.","","Corée","KRX","KRW","","","","","","","","",""
"60280","CUREXO INC.","","Corée","KRX","KRW","","","","","","","","",""
"208370","SELVAS HEALTHCARE INC.","","Corée","KRX","KRW","","","","","","","","",""
"91440","HANWOOL MATERIALS SCIENCE INC.","","Corée","KRX","KRW","","","","","","","","",""
"207940","SAMSUNG BIOLOGICS CO., LTD.","","Corée","KRX","KRW","","","","","","","","",""
"60310","3S KOREA CO., LTD.","","Corée","KRX","KRW","","","","","","","","",""
"60370","LS MARINE SOLUTION CO., LTD.","","Corée","KRX","KRW","","","","","","","","",""
"206650","EUBIOLOGICS CO., LTD.","","Corée","KRX","KRW","","","","","","","","",""
"340570","T&L CO. LTD.","","Corée","KRX","KRW","","","","","","","","",""
"340440","SERIM B&G CO., LTD.","","Corée","KRX","KRW","","","","","","","","",""
"475830","ORUM THERAPEUTICS INC.","","Corée","KRX","KRW","","","","","","","","",""
"339950","IB KIMYOUNG CO., LTD.","","Corée","KRX","KRW","","","","","","","","",""
"476060","ONCONIC THERAPEUTICS INC.","","Corée","KRX","KRW","","","","","","","","",""
"353200","DAEDUCK ELECTRONICS CO., LTD.","","Corée","KRX","KRW","","","","","","","","",""
"458870","SEERS TECHNOLOGY CO., LTD.","","Corée","KRX","KRW","","","","","","","","",""
"459510","NAU ROBOTICS CO. LTD.","","Corée","KRX","KRW","","","","","","","","",""
"462860","DOZN INC.","","Corée","KRX","KRW","","","","","","","","",""
"469750","IVISIONWORKS CO., LTD.","","Corée","KRX","KRW","","","","","","","","",""
"348370","ENCHEM CO., LTD.","","Corée","KRX","KRW","","","","","","","","",""
"348340","NEUROMEKA CO., LTD.","","Corée","KRX","KRW","","","","","","","","",""
"469610","INNOTECH CORPORATION","","Corée","KRX","KRW","","","","","","","","",""
"9830","HANWHA SOLUTIONS CORP.","","Corée","KRX","KRW","","","","","","","","",""
"18290","VT CO., LTD.","","Corée","KRX","KRW","","","","","","","","",""
"18260","SAMSUNG SDS CO., LTD.","","Corée","KRX","KRW","","","","","","","","",""
"10660","HWACHEON MACHINERY CO., LTD.","","Corée","KRX","KRW","","","","","","","","",""
"10690","HWA SHIN CO., LTD.","","Corée","KRX","KRW","","","","","","","","",""
"489460","BIOBIJOU CO. LTD.","","Corée","KRX","KRW","","","","","","","","",""
"321370","SENSORVIEW CO., LTD.","","Corée","KRX","KRW","","","","","","","","",""
"418620","E8IGHT CO. LTD.","","Corée","KRX","KRW","","","","","","","","",""
"393890","W-SCOPE CHUNGJU PLANT CO., LTD.","","Corée","KRX","KRW","","","","","","","","",""
"391710","KORNIC AUTOMATION CO., LTD.","","Corée","KRX","KRW","","","","","","","","",""
"419050","SAMKEE EV CORP.","","Corée","KRX","KRW","","","","","","","","",""
"3010","HAE IN CORPORATION","","Corée","KRX","KRW","","","","","","","","",""
"417200","LS MATERIALS","","Corée","KRX","KRW","","","","","","","","",""
"403870","HPSP CO., LTD.","","Corée","KRX","KRW","","","","","","","","",""
"402490","GREEN RESOURCE CO. LTD.","","Corée","KRX","KRW","","","","","","","","",""
"402340","SK SQUARE CO., LTD.","","Corée","KRX","KRW","","","","","","","","",""
"20120","KIDARISTUDIO INC.","","Corée","KRX","KRW","","","","","","","","",""
"20150","LOTTE ENERGY MATERIALS CORP.","","Corée","KRX","KRW","","","","","","","","",""
"417010","NANOTIM CORP","","Corée","KRX","KRW","","","","","","","","",""
"405000","PLASMAPP CO., LTD.","","Corée","KRX","KRW","","","","","","","","",""
"377480","MAUM AI INC.","","Corée","KRX","KRW","","","","","","","","",""
"448900","PIM KOREA CO., LTD.","","Corée","KRX","KRW","","","","","","","","",""
"450080","ECOPRO MATERIALS CO., LTD.","","Corée","KRX","KRW","","","","","","","","",""
"373220","LG ENERGY SOLUTION LTD.","","Corée","KRX","KRW","","","","","","","","",""
"375500","DL E&C CO., LTD.","","Corée","KRX","KRW","","","","","","","","",""
"377300","KAKAOPAY CORP.","","Corée","KRX","KRW","","","","","","","","",""
"432320","KB STAR REAL ESTATE INVESTMENT TRUST","","Corée","KRX","KRW","","","","","","","","",""
"377220","FROM BIO CO., LTD.","","Corée","KRX","KRW","","","","","","","","",""
"377190","D&D PLATFORM REIT CO. LTD.","","Corée","KRX","KRW","","","","","","","","",""
"376930","NOUL CO. LTD.","","Corée","KRX","KRW","","","","","","","","",""
"376900","ROKIT HEALTHCARE INC.","","Corée","KRX","KRW","","","","","","","","",""
"9900","MYOUNG SHIN INDUSTRIAL CO., LTD.","","Corée","KRX","KRW","","","","","","","","",""
"376300","DEAR U CO., LTD.","","Corée","KRX","KRW","","","","","","","","",""
"3670","POSCO FUTURE M CO., LTD.","","Corée","KRX","KRW","","","","","","","","",""
"3690","KOREAN REINSURANCE COMPANY","","Corée","KRX","KRW","","","","","","","","",""
"437730","SAMHYUN CO., LTD.","","Corée","KRX","KRW","","","","","","","","",""
"7210","BYUCKSAN CORPORATION","","Corée","KRX","KRW","","","","","","","","",""
"9620","SAMBO INDUSTRIAL CO. LTD.","","Corée","KRX","KRW","","","","","","","","",""
"11230","SAMWHA ELECTRONICS CO., LTD.","","Corée","KRX","KRW","","","","","","","","",""
"6730","SEOBU T&D CO., LTD.","","Corée","KRX","KRW","","","","","","","","",""
"17180","MYUNGMOON PHARM CO., LTD.","","Corée","KRX","KRW","","","","","","","","",""
"9730","IREM CO., LTD.","","Corée","KRX","KRW","","","","","","","","",""
"5940","NH INVESTMENT & SECURITIES CO. LTD.","","Corée","KRX","KRW","","","","","","","","",""
"16100","LEADERS COSMETICS CO. LTD.","","Corée","KRX","KRW","","","","","","","","",""
"9190","DAIYANG METAL CO., LTD.","","Corée","KRX","KRW","","","","","","","","",""
"5950","ISU CHEMICAL CO. LTD.","","Corée","KRX","KRW","","","","","","","","",""
"6060","H.S. INDUSTRIES CO. LTD.","","Corée","KRX","KRW","","","","","","","","",""
"14280","KUMKANG KIND CO., LTD.","","Corée","KRX","KRW","","","","","","","","",""
"308100","CASTELBAJAC CO., LTD.","","Corée","KRX","KRW","","","","","","","","",""
"8060","DAEDUCK CO., LTD.","","Corée","KRX","KRW","","","","","","","","",""
"900250","CHINA CRYSTAL NEW MATERIAL HOLDINGS CO. LTD.","","Corée","KRX","KRW","","","","","","","","",""
"13310","AJIN INDUSTRIAL CO., LTD.","","Corée","KRX","KRW","","","","","","","","",""
"14160","DAE YOUNG PACKAGING CO., LTD.","","Corée","KRX","KRW","","","","","","","","",""
"12860","MOBASE ELECTRONICS CO., LTD.","","Corée","KRX","KRW","","","","","","","","",""
"11790","SKC CO., LTD.","","Corée","KRX","KRW","","","","","","","","",""
"11780","KUMHO PETROCHEMICAL CO., LTD.","","Corée","KRX","KRW","","","","","","","","",""
"17510","SEMYUNG ELECTRIC MACHINERY CO., LTD.","","Corée","KRX","KRW","","","","","","","","",""
"4310","HYUNDAI PHARMACEUTICAL CO., LTD.","","Corée","KRX","KRW","","","","","","","","",""
"11560","SEBO MANUFACTURING ENGINEERS CO. LTD.","","Corée","KRX","KRW","","","","","","","","",""
"5420","COSMOCHEMICAL CO. LTD.","","Corée","KRX","KRW","","","","","","","","",""
"11690","Y2 SOLUTION CO., LTD.","","Corée","KRX","KRW","","","","","","","","",""
"4370","NONGSHIM CO., LTD.","","Corée","KRX","KRW","","","","","","","","",""
"1305","CHINA GENERAL PLASTICS CORPORATION","","Taïwan","TWSE","TWD","","","","","","","","",""
"6206","FLYTECH TECHNOLOGY CO., LTD.","","Taïwan","TWSE","TWD","","","","","","","","",""
"1310","TAIWAN STYRENE MONOMER CORP.","","Taïwan","TWSE","TWD","","","","","","","","",""
"8042","TAIWAN CHINSAN ELECTRONIC INDUSTRIAL CO., LTD.","","Taïwan","TWSE","TWD","","","","","","","","",""
"6213","ITEQ CORPORATION","","Taïwan","TWSE","TWD","","","","","","","","",""
"8048","RUBY TECH CORPORATION","","Taïwan","TWSE","TWD","","","","","","","","",""
"5515","CHIEN KUO CONSTRUCTION CO., LTD.","","Taïwan","TWSE","TWD","","","","","","","","",""
"8374","ACE PILLAR CO., LTD.","","Taïwan","TWSE","TWD","","","","","","","","",""
"4563","QUASER MACHINE TOOLS INC.","","Taïwan","TWSE","TWD","","","","","","","","",""
"4562","YING HAN TECHNOLOGY CO., LTD.","","Taïwan","TWSE","TWD","","","","","","","","",""
"1342","CATHAY CONSOLIDATED INC.","","Taïwan","TWSE","TWD","","","","","","","","",""
"4561","KENTURN NANO. TEC. CO., LTD.","","Taïwan","TWSE","TWD","","","","","","","","",""
"1340","VICTORY NEW MATERIALS LTD CO.","","Taïwan","TWSE","TWD","","","","","","","","",""
"4560","STRONG H MACHINERY TECHNOLOGY (CAYMAN) INCORPORATION","","Taïwan","TWSE","TWD","","","","","","","","",""
"1339","YCC PARTS MANUFACTURING CO., LTD.","","Taïwan","TWSE","TWD","","","","","","","","",""
"4559","JOY INDUSTRIAL CO., LTD.","","Taïwan","TWSE","TWD","","","","","","","","",""
"4557","YUSIN HOLDING CORP.","","Taïwan","TWSE","TWD","","","","","","","","",""
"6189","PROMATE ELECTRONIC CO., LTD.","","Taïwan","TWSE","TWD","","","","","","","","",""
"4529","ELECTRIC POWER TECHNOLOGY LIMITED","","Taïwan","TWSE","TWD","","","","","","","","",""
"4546","CHAHENG PRECISION CO., LTD.","","Taïwan","TWSE","TWD","","","","","","","","",""
"6191","GLOBAL BRANDS MANUFACTURE LTD.","","Taïwan","TWSE","TWD","","","","","","","","",""
"1336","TAIHAN PRECISION TECHNOLOGY CO., LTD.","","Taïwan","TWSE","TWD","","","","","","","","",""
"6192","LUMAX INTERNATIONAL CORP LTD.","","Taïwan","TWSE","TWD","","","","","","","","",""
"4545","MIN AIK PRECISION INDUSTRIAL CO., LTD.","","Taïwan","TWSE","TWD","","","","","","","","",""
"4543","MAN ZAI INDUSTRIAL CO., LTD.","","Taïwan","TWSE","TWD","","","","","","","","",""
"8059","CASTLENET TECHNOLOGY INC.","","Taïwan","TWSE","TWD","","","","","","","","",""
"4542","ASIA NEO TECH INDUSTRIAL CO., LTD.","","Taïwan","TWSE","TWD","","","","","","","","",""
"4541","MAGNATE TECHNOLOGY CO., LTD.","","Taïwan","TWSE","TWD","","","","","","","","",""
"4540","TBI MOTION TECHNOLOGY CO., LTD.","","Taïwan","TWSE","TWD","","","","","","","","",""
"1303","NAN YA PLASTICS CORPORATION","","Taïwan","TWSE","TWD","","","","","","","","",""
"8421","XU YUAN PACKAGING TECHNOLOGY CO., LTD.","","Taïwan","TWSE","TWD","","","","","","","","",""
"2101","NAN KANG RUBBER TIRE CO., LTD.","","Taïwan","TWSE","TWD","","","","","","","","",""
"6275","YEN SUN TECHNOLOGY CORP.","","Taïwan","TWSE","TWD","","","","","","","","",""
"1234","HEY SONG CORP.","","Taïwan","TWSE","TWD","","","","","","","","",""
"6274","TAIWAN UNION TECHNOLOGY CORPORATION","","Taïwan","TWSE","TWD","","","","","","","","",""
"8011","TAI TUNG COMMUNICATION CO., LTD.","","Taïwan","TWSE","TWD","","","","","","","","",""
"6278","TAIWAN SURFACE MOUNTING TECHNOLOGY CORP.","","Taïwan","TWSE","TWD","","","","","","","","",""
"2105","CHENG SHIN RUBBER INDUSTRY CO., LTD.","","Taïwan","TWSE","TWD","","","","","","","","",""
"6279","HU LANE ASSOCIATE INC.","","Taïwan","TWSE","TWD","","","","","","","","",""
"4171","GENEREACH BIOTECHNOLOGY CORP.","","Taïwan","TWSE","TWD","","","","","","","","",""
"1108","LUCKY CEMENT CORP.","","Taïwan","TWSE","TWD","","","","","","","","",""
"8462","POWER WIND HEALTH INDUSTRY CO. LTD.","","Taïwan","TWSE","TWD","","","","","","","","",""
"4162","PHARMAENGINE, INC.","","Taïwan","TWSE","TWD","","","","","","","","",""
"6415","SILERGY CORP","","Taïwan","TWSE","TWD","","","","","","","","",""
"4163","INTAI TECHNOLOGY CORPORATION","","Taïwan","TWSE","TWD","","","","","","","","",""
"6414","ENNOCONN CORPORATION","","Taïwan","TWSE","TWD","","","","","","","","",""
"1110","SOUTHEAST CEMENT CO. LTD.","","Taïwan","TWSE","TWD","","","","","","","","",""
"4164","CHC HEALTHCARE GROUP","","Taïwan","TWSE","TWD","","","","","","","","",""
"8454","MOMO.COM INC.","","Taïwan","TWSE","TWD","","","","","","","","",""
"1109","HSING TA CEMENT CO., LTD.","","Taïwan","TWSE","TWD","","","","","","","","",""
"4166","ORIENT PHARMA CO., LTD.","","Taïwan","TWSE","TWD","","","","","","","","",""
"4167","SAVIOR LIFETEC CORPORATION","","Taïwan","TWSE","TWD","","","","","","","","",""
"4168","GLYCONEX INC.","","Taïwan","TWSE","TWD","","","","","","","","",""
"4303","HSIN-LI CHEMICAL INDUSTRIAL CORP.","","Taïwan","TWSE","TWD","","","","","","","","",""
"4426","LI CHENG ENTERPRISE CO., LTD.","","Taïwan","TWSE","TWD","","","","","","","","",""
"2013","CHINA STEEL STRUCTURE CO., LTD.","","Taïwan","TWSE","TWD","","","","","","","","",""
"8932","WISELINK CO., LTD.","","Taïwan","TWSE","TWD","","","","","","","","",""
"2010","CHUN YUAN STEEL INDUSTRY CO. LTD.","","Taïwan","TWSE","TWD","","","","","","","","",""
"4438","QUANG VIET ENTERPRISE CO., LTD.","","Taïwan","TWSE","TWD","","","","","","","","",""
"8937","HER CHEE INDUSTRIAL CO., LTD.","","Taïwan","TWSE","TWD","","","","","","","","",""
"2027","TA CHEN STAINLESS PIPE CO., LTD.","","Taïwan","TWSE","TWD","","","","","","","","",""
"2070","CHING CHAN OPTICAL TECHNOLOGY CO., LTD.","","Taïwan","TWSE","TWD","","","","","","","","",""
"2069","YUEN CHANG STAINLESS STEEL CO. LTD.","","Taïwan","TWSE","TWD","","","","","","","","",""
"1256","SUNJUICE HOLDINGS CO., LTD.","","Taïwan","TWSE","TWD","","","","","","","","",""
"8403","SHAREHOPE MEDICINE CO., LTD.","","Taïwan","TWSE","TWD","","","","","","","","",""
"2067","CHIA YI STEEL CO., LTD.","","Taïwan","TWSE","TWD","","","","","","","","",""
"6261","YOUNGTEK ELECTRONICS CORP.","","Taïwan","TWSE","TWD","","","","","","","","",""
"6259","BULL WILL CO., LTD.","","Taïwan","TWSE","TWD","","","","","","","","",""
"1260","FLAVOR FULL FOODS INC.","","Taïwan","TWSE","TWD","","","","","","","","",""
"5243","ESON PRECISION IND CO., LTD.","","Taïwan","TWSE","TWD","","","","","","","","",""
"1445","UNIVERSAL TEXTILE CO. LTD.","","Taïwan","TWSE","TWD","","","","","","","","",""
"5244","BRIGHTEK OPTOELECTRONIC CO., LTD.","","Taïwan","TWSE","TWD","","","","","","","","",""
"5245","WISECHIP SEMICONDUCTOR INC.","","Taïwan","TWSE","TWD","","","","","","","","",""
"1603","CHINA WIRE & CABLE CO. LTD.","","Taïwan","TWSE","TWD","","","","","","","","",""
"1598","DYACO INTERNATIONAL INC.","","Taïwan","TWSE","TWD","","","","","","","","",""
"1597","CHIEFTEK PRECISION CO., LTD.","","Taïwan","TWSE","TWD","","","","","","","","",""
"5248","PIXON TECHNOLOGIES CORPORATION","","Taïwan","TWSE","TWD","","","","","","","","",""
"5251","JSW PACIFIC CORPORATION","","Taïwan","TWSE","TWD","","","","","","","","",""
"1595","CHIME BALL TECHNOLOGY CO., LTD.","","Taïwan","TWSE","TWD","","","","","","","","",""
"5246","PROBELEADER CO., LTD.","","Taïwan","TWSE","TWD","","","","","","","","",""
"1604","SAMPO CORPORATION","","Taïwan","TWSE","TWD","","","","","","","","",""
"1605","WALSIN LIHWA CORPORATION","","Taïwan","TWSE","TWD","","","","","","","","",""
"1608","HUA ENG WIRE & CABLE CO., LTD.","","Taïwan","TWSE","TWD","","","","","","","","",""
"6117","IN WIN DEVELOPMENT INC.","","Taïwan","TWSE","TWD","","","","","","","","",""
"6116","HANNSTAR DISPLAY CORPORATION","","Taïwan","TWSE","TWD","","","","","","","","",""
"6115","I-SHENG ELECTRIC WIRE & CABLE CO., LTD.","","Taïwan","TWSE","TWD","","","","","","","","",""
"8121","ACME ELECTRONICS CORPORATION","","Taïwan","TWSE","TWD","","","","","","","","",""
"6128","GENERAL PLASTIC INDUSTRIAL CO. LTD.","","Taïwan","TWSE","TWD","","","","","","","","",""
"6142","CAMEO COMMUNICATIONS INC.","","Taïwan","TWSE","TWD","","","","","","","","",""
"8107","TAYIH KENMOS AUTO PARTS CO., LTD.","","Taïwan","TWSE","TWD","","","","","","","","",""
"6141","PLOTECH CO., LTD.","","Taïwan","TWSE","TWD","","","","","","","","",""
"8109","P-DUKE TECHNOLOGY CO., LTD.","","Taïwan","TWSE","TWD","","","","","","","","",""
"5426","CHENG FWA INDUSTRIAL CO., LTD.","","Taïwan","TWSE","TWD","","","","","","","","",""
"5425","TAIWAN SEMICONDUCTOR CO., LTD.","","Taïwan","TWSE","TWD","","","","","","","","",""
"1512","JUI LI ENTERPRISE CO., LTD.","","Taïwan","TWSE","TWD","","","","","","","","",""
"5388","SERCOMM CORPORATION","","Taïwan","TWSE","TWD","","","","","","","","",""
"1519","FORTUNE ELECTRIC CO., LTD.","","Taïwan","TWSE","TWD","","","","","","","","",""
"5392","ABICO AVY CO., LTD.","","Taïwan","TWSE","TWD","","","","","","","","",""
"5398","INALWAYS CORPORATION","","Taïwan","TWSE","TWD","","","","","","","","",""
"1517","LEE CHI ENTERPRISES CO., LTD.","","Taïwan","TWSE","TWD","","","","","","","","",""
"1565","ST.SHINE OPTICAL CO., LTD.","","Taïwan","TWSE","TWD","","","","","","","","",""
"5289","INNODISK CORPORATION","","Taïwan","TWSE","TWD","","","","","","","","",""
"1452","HONG YI FIBER INDUSTRY CO., LTD.","","Taïwan","TWSE","TWD","","","","","","","","",""
"8255","ACTRON TECHNOLOGY CORPORATION","","Taïwan","TWSE","TWD","","","","","","","","",""
"5291","EISO ENTERPRISE CO., LTD.","","Taïwan","TWSE","TWD","","","","","","","","",""
"5538","TONG MING ENTERPRISE CO., LTD.","","Taïwan","TWSE","TWD","","","","","","","","",""
"5297","3S SILICON TECH., INC.","","Taïwan","TWSE","TWD","","","","","","","","",""
"1560","KINIK COMPANY","","Taïwan","TWSE","TWD","","","","","","","","",""
"5536","ACTER GROUP CORPORATION LIMITED","","Taïwan","TWSE","TWD","","","","","","","","",""
"5299","EXCELLIANCEMOS CORPORATION","","Taïwan","TWSE","TWD","","","","","","","","",""
"1558","ZENG HSING INDUSTRIAL CO., LTD.","","Taïwan","TWSE","TWD","","","","","","","","",""
"8210","CHENBRO MICOM CO., LTD.","","Taïwan","TWSE","TWD","","","","","","","","",""
"1451","NIEN HSING TEXTILE CO., LTD.","","Taïwan","TWSE","TWD","","","","","","","","",""
"1540","ROUNDTOP MACHINERY INDUSTRIES CO. LTD.","","Taïwan","TWSE","TWD","","","","","","","","",""
"1539","CHIU TING MACHINERY CO., LTD.","","Taïwan","TWSE","TWD","","","","","","","","",""
"5355","GIA TZOONG ENTERPRISE CO., LTD.","","Taïwan","TWSE","TWD","","","","","","","","",""
"1528","ANDERSON INDUSTRIAL CORP.","","Taïwan","TWSE","TWD","","","","","","","","",""
"8227","PROGATE GROUP CORPORATION","","Taïwan","TWSE","TWD","","","","","","","","",""
"5530","LUNGYEN LIFE SERVICE CORPORATION","","Taïwan","TWSE","TWD","","","","","","","","",""
"1527","BASSO INDUSTRY CORP.","","Taïwan","TWSE","TWD","","","","","","","","",""
"5356","SIRTEC INTERNATIONAL CO., LTD.","","Taïwan","TWSE","TWD","","","","","","","","",""
"1526","SUN RACE STURMEY-ARCHERS INC.","","Taïwan","TWSE","TWD","","","","","","","","",""
"1459","LANFA TEXTILE CO., LTD.","","Taïwan","TWSE","TWD","","","","","","","","",""
"5364","LEALEA HOTELS & RESORTS CO., LTD.","","Taïwan","TWSE","TWD","","","","","","","","",""
"4770","ALLIED SUPREME CORPORATION","","Taïwan","TWSE","TWD","","","","","","","","",""
"4772","TAIWAN SPECIALITY CHEMICALS CORPORATION","","Taïwan","TWSE","TWD","","","","","","","","",""
"1789","SCINOPHARM TAIWAN LTD.","","Taïwan","TWSE","TWD","","","","","","","","",""
"1419","SHINKONG TEXTILE CO., LTD.","","Taïwan","TWSE","TWD","","","","","","","","",""
"8084","CHIP HOPE CO., LTD.","","Taïwan","TWSE","TWD","","","","","","","","",""
"8085","FORWARD ELECTRONICS CO., LTD.","","Taïwan","TWSE","TWD","","","","","","","","",""
"1786","SCIVISION BIOTECH INC.","","Taïwan","TWSE","TWD","","","","","","","","",""
"1785","SOLAR APPLIED MATERIALS TECHNOLOGY CORPORATION","","Taïwan","TWSE","TWD","","","","","","","","",""
"4766","NAN PAO RESINS CHEMICAL CO., LTD.","","Taïwan","TWSE","TWD","","","","","","","","",""
"4729","MILDEX OPTICAL INC.","","Taïwan","TWSE","TWD","","","","","","","","",""
"1417","CARNIVAL INDUSTRIAL CORP.","","Taïwan","TWSE","TWD","","","","","","","","",""
"4764","DOUBLE BOND CHEMICAL IND. CO., LTD.","","Taïwan","TWSE","TWD","","","","","","","","",""
"8083","PRO-HAWK CORPORATION","","Taïwan","TWSE","TWD","","","","","","","","",""
"9905","GREAT CHINA METAL INDUSTRY CO., LTD.","","Taïwan","TWSE","TWD","","","","","","","","",""
"6182","WAFER WORKS CORPORATION","","Taïwan","TWSE","TWD","","","","","","","","",""
"9907","TON YI INDUSTRIAL CORP.","","Taïwan","TWSE","TWD","","","","","","","","",""
"9927","THYE MING INDUSTRIAL CO., LTD.","","Taïwan","TWSE","TWD","","","","","","","","",""
"8341","SUNNY FRIEND ENVIRONMENTAL TECHNOLOGY CO., LTD.","","Taïwan","TWSE","TWD","","","","","","","","",""
"1709","FORMOSAN UNION CHEMICAL CORP.","","Taïwan","TWSE","TWD","","","","","","","","",""
"1733","APEX BIOTECHNOLOGY CORP.","","Taïwan","TWSE","TWD","","","","","","","","",""
"8099","TATUNG SYSTEM TECHNOLOGIES INC.","","Taïwan","TWSE","TWD","","","","","","","","",""
"6156","SONG SHANG ELECTRONICS CO., LTD.","","Taïwan","TWSE","TWD","","","","","","","","",""
"1714","HO TUNG CHEMICAL CORP.","","Taïwan","TWSE","TWD","","","","","","","","",""
"6155","KING CORE ELECTRONICS INC.","","Taïwan","TWSE","TWD","","","","","","","","",""
"1713","CATHAY CHEMICAL WORKS CO., LTD.","","Taïwan","TWSE","TWD","","","","","","","","",""
"5007","SAN SHING FASTECH CORP.","","Taïwan","TWSE","TWD","","","","","","","","",""
"1712","SINON CORPORATION","","Taïwan","TWSE","TWD","","","","","","","","",""
"1436","HUA YU LIEN DEVELOPMENT CO., LTD.","","Taïwan","TWSE","TWD","","","","","","","","",""
"5009","GLORIA MATERIAL TECHNOLOGY CORP.","","Taïwan","TWSE","TWD","","","","","","","","",""
"1711","EVERLIGHT CHEMICAL INDUSTRIAL CORPORATION","","Taïwan","TWSE","TWD","","","","","","","","",""
"5011","OFCO INDUSTRIAL CORPORATION","","Taïwan","TWSE","TWD","","","","","","","","",""
"5013","NEW BEST WIRE INDUSTRIAL CO., LTD.","","Taïwan","TWSE","TWD","","","","","","","","",""
"5014","CHAIN CHON INDUSTRIAL CO., LTD.","","Taïwan","TWSE","TWD","","","","","","","","",""
"1710","ORIENTAL UNION CHEMICAL CORPORATION","","Taïwan","TWSE","TWD","","","","","","","","",""
"5859","FARGLORY LIFE INSURANCE CO., LTD.","","Taïwan","TWSE","TWD","","","","","","","","",""
"1737","TAIYEN BIOTECH CO., LTD.","","Taïwan","TWSE","TWD","","","","","","","","",""
"4960","CHENG MEI MATERIALS TECHNOLOGY CO., LTD.","","Taïwan","TWSE","TWD","","","","","","","","",""
"1736","JOHNSON HEALTH TECH CO., LTD.","","Taïwan","TWSE","TWD","","","","","","","","",""
"1735","EVERMORE CHEMICAL INDUSTRY CO., LTD.","","Taïwan","TWSE","TWD","","","","","","","","",""
"1434","FORMOSA TAFFETA CO., LTD.","","Taïwan","TWSE","TWD","","","","","","","","",""
"4923","FORCE MOS TECHNOLOGY CO., LTD.","","Taïwan","TWSE","TWD","","","","","","","","",""
"1742","TAIWAN WAX COMPANY, LTD.","","Taïwan","TWSE","TWD","","","","","","","","",""
"4925","JMICRON TECHNOLOGY CORP.","","Taïwan","TWSE","TWD","","","","","","","","",""
"5864","CONCORD INTERNATIONAL SECURITIES CO., LTD","","Taïwan","TWSE","TWD","","","","","","","","",""
"4927","APEX INTERNATIONAL CO., LTD.","","Taïwan","TWSE","TWD","","","","","","","","",""
"4931","STL TECHNOLOGY CO., LTD.","","Taïwan","TWSE","TWD","","","","","","","","",""
"1432","TRK CORPORATION","","Taïwan","TWSE","TWD","","","","","","","","",""
"8271","APACER TECHNOLOGY INC.","","Taïwan","TWSE","TWD","","","","","","","","",""
"4933","UBRIGHT OPTRONICS CORPORATION","","Taïwan","TWSE","TWD","","","","","","","","",""
"8089","COMTREND CORPORATION","","Taïwan","TWSE","TWD","","","","","","","","",""
"4934","TAINERGY TECH CO., LTD.","","Taïwan","TWSE","TWD","","","","","","","","",""
"4935","GLOBAL LIGHTING TECHNOLOGIES INC.","","Taïwan","TWSE","TWD","","","","","","","","",""
"6670","FUSHENG PRECISION CO., LTD.","","Taïwan","TWSE","TWD","","","","","","","","",""
"7719","CARBON-BASED TECHNOLOGY INC.","","Taïwan","TWSE","TWD","","","","","","","","",""
"6669","WIWYNN CORPORATION","","Taïwan","TWSE","TWD","","","","","","","","",""
"7722","LINE PAY TAIWAN LTD.","","Taïwan","TWSE","TWD","","","","","","","","",""
"7723","JHU JIAN CATERING CO., LTD.","","Taïwan","TWSE","TWD","","","","","","","","",""
"6668","ZHONG YANG TECHNOLOGY CO., LTD.","","Taïwan","TWSE","TWD","","","","","","","","",""
"2816","UNION INSURANCE CO. LTD.","","Taïwan","TWSE","TWD","","","","","","","","",""
"2812","TAICHUNG COMMERCIAL BANK CO. LTD.","","Taïwan","TWSE","TWD","","","","","","","","",""
"7724","U-ARK TECHNOLOGY CO., LTD.","","Taïwan","TWSE","TWD","","","","","","","","",""
"2801","CHANG HWA COMMERCIAL BANK LTD.","","Taïwan","TWSE","TWD","","","","","","","","",""
"6667","TRUSVAL TECHNOLOGY CO., LTD.","","Taïwan","TWSE","TWD","","","","","","","","",""
"3257","CHAMPION MICROELECTRONIC CORP.","","Taïwan","TWSE","TWD","","","","","","","","",""
"4119","SCI PHARMTECH INC.","","Taïwan","TWSE","TWD","","","","","","","","",""
"2882","CATHAY FINANCIAL HOLDING CO. LTD.","","Taïwan","TWSE","TWD","","","","","","","","",""
"3189","KINSUS INTERCONNECT TECHNOLOGY CORP.","","Taïwan","TWSE","TWD","","","","","","","","",""
"2903","FAR EASTERN DEPARTMENT STORE LTD.","","Taïwan","TWSE","TWD","","","","","","","","",""
"6682","HUA HSU SILICON MATERIALS CO., LTD.","","Taïwan","TWSE","TWD","","","","","","","","",""
"3211","DYNAPACK INTERNATIONAL TECHNOLOGY CORPORATION","","Taïwan","TWSE","TWD","","","","","","","","",""
"3213","MILDEF CRETE INC.","","Taïwan","TWSE","TWD","","","","","","","","",""
"2897","O-BANK CO. LTD.","","Taïwan","TWSE","TWD","","","","","","","","",""
"7689","CLIMAX TECHNOLOGY CO., LTD.","","Taïwan","TWSE","TWD","","","","","","","","",""
"7736","HUSHAN AUTOPARTS INC.","","Taïwan","TWSE","TWD","","","","","","","","",""
"3349","DEXIN CORPORATION","","Taïwan","TWSE","TWD","","","","","","","","",""
"6641","GSD TECHNOLOGIES CO., LTD.","","Taïwan","TWSE","TWD","","","","","","","","",""
"6640","GALLANT MICRO MACHINING CO., LTD.","","Taïwan","TWSE","TWD","","","","","","","","",""
"3354","MICROCOSM TECHNOLOGY CO., LTD.","","Taïwan","TWSE","TWD","","","","","","","","",""
"3356","GEOVISION INC.","","Taïwan","TWSE","TWD","","","","","","","","",""
"6639","GRAND GREEN ENERGY CO., LTD.","","Taïwan","TWSE","TWD","","","","","","","","",""
"3357","TAI-TECH ADVANCED ELECTRONICS CO., LTD.","","Taïwan","TWSE","TWD","","","","","","","","",""
"3360","SUNNIC TECHNOLOGY & MERCHANDISE INC.","","Taïwan","TWSE","TWD","","","","","","","","",""
"7777","ABICO ASIA CAPITAL CORPORATION","","Taïwan","TWSE","TWD","","","","","","","","",""
"2754","KURA SUSHI ASIA CO., LTD.","","Taïwan","TWSE","TWD","","","","","","","","",""
"2753","BAFANG YUNJI INTERNATIONAL CO. LTD.","","Taïwan","TWSE","TWD","","","","","","","","",""
"2748","FDC INTERNATIONAL HOTELS CORPORATION","","Taïwan","TWSE","TWD","","","","","","","","",""
"2745","LIFE TRAVEL & TOURIST SERVICE CO., LTD.","","Taïwan","TWSE","TWD","","","","","","","","",""
"7751","HORNG TERNG AUTOMATION CO., LTD.","","Taïwan","TWSE","TWD","","","","","","","","",""
"2743","RICHMOND INTERNATIONAL TRAVEL & TOURS CO., LTD.","","Taïwan","TWSE","TWD","","","","","","","","",""
"3293","INTERNATIONAL GAMES SYSTEM CO., LTD.","","Taïwan","TWSE","TWD","","","","","","","","",""
"2739","MY HUMBLE HOUSE HOSPITALITY MANAGEMENT CONSULTING INC.","","Taïwan","TWSE","TWD","","","","","","","","",""
"3008","LARGAN PRECISION CO., LTD.","","Taïwan","TWSE","TWD","","","","","","","","",""
"6883","MICRO ELECTRICITY CO. LTD.","","Taïwan","TWSE","TWD","","","","","","","","",""
"3046","AOPEN INC.","","Taïwan","TWSE","TWD","","","","","","","","",""
"3047","EDIMAX TECHNOLOGY CO., LTD.","","Taïwan","TWSE","TWD","","","","","","","","",""
"3048","EDOM TECHNOLOGY CO., LTD.","","Taïwan","TWSE","TWD","","","","","","","","",""
"3049","HANNSTOUCH HOLDINGS CO., LTD.","","Taïwan","TWSE","TWD","","","","","","","","",""
"3050","U-TECH MEDIA CORP.","","Taïwan","TWSE","TWD","","","","","","","","",""
"3036","WT MICROELECTRONICS CO., LTD.","","Taïwan","TWSE","TWD","","","","","","","","",""
"3051","OPTIMAX TECHNOLOGY CORP.","","Taïwan","TWSE","TWD","","","","","","","","",""
"3035","FARADAY TECHNOLOGY CORPORATION","","Taïwan","TWSE","TWD","","","","","","","","",""
"3033","WEIKENG INDUSTRIAL CO., LTD.","","Taïwan","TWSE","TWD","","","","","","","","",""
"3022","IEI INTEGRATION CORP.","","Taïwan","TWSE","TWD","","","","","","","","",""
"3023","SINBON ELECTRONICS CO., LTD.","","Taïwan","TWSE","TWD","","","","","","","","",""
"3024","ACTION ELECTRONICS CO., LTD.","","Taïwan","TWSE","TWD","","","","","","","","",""
"3025","LOOP TELECOMMUNICATION INTERNATIONAL INC.","","Taïwan","TWSE","TWD","","","","","","","","",""
"3010","WAH LEE INDUSTRIAL CORP.","","Taïwan","TWSE","TWD","","","","","","","","",""
"6885","BRIM BIOTECHNOLOGY INC.","","Taïwan","TWSE","TWD","","","","","","","","",""
"3026","HOLY STONE ENTERPRISE CO., LTD.","","Taïwan","TWSE","TWD","","","","","","","","",""
"3027","BILLION ELECTRIC CO., LTD.","","Taïwan","TWSE","TWD","","","","","","","","",""
"6933","AMAX HOLDING CO. LTD.","","Taïwan","TWSE","TWD","","","","","","","","",""
"6932","MERDURY BIOPHARMACEUTICAL CORPORATION","","Taïwan","TWSE","TWD","","","","","","","","",""
"6940","GUS TECHNOLOGY CO., LTD.","","Taïwan","TWSE","TWD","","","","","","","","",""
"3016","EPISIL-PRECISION INC.","","Taïwan","TWSE","TWD","","","","","","","","",""
"6931","QINGSONG HEALTH CO., LTD.","","Taïwan","TWSE","TWD","","","","","","","","",""
"6945","AP BIOSCIENCES INC.","","Taïwan","TWSE","TWD","","","","","","","","",""
"6947","TECHZONE TECHNOLOGY MATERIALS CO., LTD.","","Taïwan","TWSE","TWD","","","","","","","","",""
"6927","INTEGRATED SOLUTIONS TECHNOLOGY, INC.","","Taïwan","TWSE","TWD","","","","","","","","",""
"6949","PELL BIO-MED TECHNOLOGY CO., LTD.","","Taïwan","TWSE","TWD","","","","","","","","",""
"6923","CHUNG TAI RESOURCE TECHNOLOGY CO., LTD.","","Taïwan","TWSE","TWD","","","","","","","","",""
"6967","TRANS-SUN MATERIALS TECHNOLOGY CO., LTD.","","Taïwan","TWSE","TWD","","","","","","","","",""
"3014","ITE TECHNOLOGY INC.","","Taïwan","TWSE","TWD","","","","","","","","",""
"6987","INA ENERGY CORPORATION","","Taïwan","TWSE","TWD","","","","","","","","",""
"6768","SPORTS GEAR CO. LTD.","","Taïwan","TWSE","TWD","","","","","","","","",""
"3114","HOWTEH TECHNOLOGY CO., LTD.","","Taïwan","TWSE","TWD","","","","","","","","",""
"6935","PRINCE PHARMACEUTICAL CO., LTD.","","Taïwan","TWSE","TWD","","","","","","","","",""
"6739","GRADE UPON TECHNOLOGY CORP.","","Taïwan","TWSE","TWD","","","","","","","","",""
"6738","MAYO HUMAN CAPITAL INC.","","Taïwan","TWSE","TWD","","","","","","","","",""
"3162","UNITED ALLOY-TECH COMPANY LTD.","","Taïwan","TWSE","TWD","","","","","","","","",""
"3163","BROWAVE CORPORATION","","Taïwan","TWSE","TWD","","","","","","","","",""
"3167","TA LIANG TECHNOLOGY CO., LTD.","","Taïwan","TWSE","TWD","","","","","","","","",""
"3169","ASIX ELECTRONICS CORPORATION","","Taïwan","TWSE","TWD","","","","","","","","",""
"6719","UPI SEMICONDUCTOR CORP.","","Taïwan","TWSE","TWD","","","","","","","","",""
"6793","TIEN LI OFFSHORE WIND TECHNOLOGY CO., LTD.","","Taïwan","TWSE","TWD","","","","","","","","",""
"3105","WIN SEMICONDUCTORS CORP.","","Taïwan","TWSE","TWD","","","","","","","","",""
"3002","AHOKU ELECTRONIC CO. LTD.","","Taïwan","TWSE","TWD","","","","","","","","",""
"7562","LEX COMPUTECH CO., LTD.","","Taïwan","TWSE","TWD","","","","","","","","",""
"6790","YUEN FOONG YU CONSUMER PRODUCTS CO. LTD.","","Taïwan","TWSE","TWD","","","","","","","","",""
"6804","AXMAN ENTERPRISE CO., LTD.","","Taïwan","TWSE","TWD","","","","","","","","",""
"6808","3D GLOBAL BIOTECH INC.","","Taïwan","TWSE","TWD","","","","","","","","",""
"3094","DAVICOM SEMICONDUCTORS INC.","","Taïwan","TWSE","TWD","","","","","","","","",""
"6820","ACON OPTICS COMMUNICATIONS INC.","","Taïwan","TWSE","TWD","","","","","","","","",""
"6819","ORIENTAL SYSTEM TECHNOLOGY INC.","","Taïwan","TWSE","TWD","","","","","","","","",""
"6787","KINGRAY TECHNOLOGY CO., LTD.","","Taïwan","TWSE","TWD","","","","","","","","",""
"6811","ACER E-ENABLING SERVICE BUSINESS INC.","","Taïwan","TWSE","TWD","","","","","","","","",""
"2359","SOLOMON TECHNOLOGY CORPORATION","","Taïwan","TWSE","TWD","","","","","","","","",""
"3708","SWANCOR HOLDING CO. LTD.","","Taïwan","TWSE","TWD","","","","","","","","",""
"2369","LINGSEN PRECISION INDUSTRIES LTD.","","Taïwan","TWSE","TWD","","","","","","","","",""
"2368","GOLD CIRCUIT ELECTRONICS LTD.","","Taïwan","TWSE","TWD","","","","","","","","",""
"3701","FIC GLOBAL INC.","","Taïwan","TWSE","TWD","","","","","","","","",""
"2367","UNITECH PRINTED CIRCUIT BOARD CORP.","","Taïwan","TWSE","TWD","","","","","","","","",""
"2365","KYE SYSTEMS CORP","","Taïwan","TWSE","TWD","","","","","","","","",""
"2364","TWINHEAD INTERNATIONAL CORPORATION","","Taïwan","TWSE","TWD","","","","","","","","",""
"3709","TRIGOLD HOLDINGS LIMITED","","Taïwan","TWSE","TWD","","","","","","","","",""
"3702","WPG HOLDINGS LTD.","","Taïwan","TWSE","TWD","","","","","","","","",""
"2363","SILICON INTEGRATED SYSTEMS CORP.","","Taïwan","TWSE","TWD","","","","","","","","",""
"3704","ZYXEL GROUP CORPORATION","","Taïwan","TWSE","TWD","","","","","","","","",""
"3705","YUNGSHIN GLOBAL HOLDING CORP.","","Taïwan","TWSE","TWD","","","","","","","","",""
"2362","CLEVO CO.","","Taïwan","TWSE","TWD","","","","","","","","",""
"3706","MITAC HOLDINGS CORP.","","Taïwan","TWSE","TWD","","","","","","","","",""
"3707","EPISIL TECHNOLOGIES INC.","","Taïwan","TWSE","TWD","","","","","","","","",""
"2360","CHROMA ATE INC.","","Taïwan","TWSE","TWD","","","","","","","","",""
"3703","CONTINENTAL HOLDINGS CORP.","","Taïwan","TWSE","TWD","","","","","","","","",""
"2392","CHENG UEI PRECISION INDUSTRY CO. LTD.","","Taïwan","TWSE","TWD","","","","","","","","",""
"2393","EVERLIGHT ELECTRONICS CO., LTD.","","Taïwan","TWSE","TWD","","","","","","","","",""
"6564","ENIMMUNE CORPORATION","","Taïwan","TWSE","TWD","","","","","","","","",""
"2430","TSANN KUEN ENTERPRISE CO., LTD.","","Taïwan","TWSE","TWD","","","","","","","","",""
"3622","YOUNG FAST OPTOELECTRONICS CO., LTD.","","Taïwan","TWSE","TWD","","","","","","","","",""
"2429","ABONMAX CO., LTD.","","Taïwan","TWSE","TWD","","","","","","","","",""
"2428","THINKING ELECTRONIC INDUSTRIAL CO., LTD.","","Taïwan","TWSE","TWD","","","","","","","","",""
"2427","MERCURIES DATA SYSTEMS LTD.","","Taïwan","TWSE","TWD","","","","","","","","",""
"3623","TRANSTOUCH TECHNOLOGY INC.","","Taïwan","TWSE","TWD","","","","","","","","",""
"2414","UNITECH COMPUTER CO., LTD.","","Taïwan","TWSE","TWD","","","","","","","","",""
"2413","UNIVERSAL MICROELECTRONICS CO., LTD.","","Taïwan","TWSE","TWD","","","","","","","","",""
"2412","CHUNGHWA TELECOM CO., LTD.","","Taïwan","TWSE","TWD","","","","","","","","",""
"6561","CHIEF TELECOM INC.","","Taïwan","TWSE","TWD","","","","","","","","",""
"7883","FEASTOGETHER GROUP CO., LTD.","","Taïwan","TWSE","TWD","","","","","","","","",""
"3716","CENRA INC.","","Taïwan","TWSE","TWD","","","","","","","","",""
"3717","EOI HOLDING CO., LTD.","","Taïwan","TWSE","TWD","","","","","","","","",""
"2348","HIYES INTERNATIONAL CO. LTD.","","Taïwan","TWSE","TWD","","","","","","","","",""
"6488","GLOBALWAFERS CO., LTD.","","Taïwan","TWSE","TWD","","","","","","","","",""
"2233","TURVO INTERNATIONAL CO. LTD.","","Taïwan","TWSE","TWD","","","","","","","","",""
"6486","INTERACTIVE DIGITAL TECHNOLOGIES INC.","","Taïwan","TWSE","TWD","","","","","","","","",""
"6485","ASOLID TECHNOLOGY CO., LTD.","","Taïwan","TWSE","TWD","","","","","","","","",""
"2231","CUB ELECPARTS INC.","","Taïwan","TWSE","TWD","","","","","","","","",""
"6483","ORIGINAL BIOMEDICALS CO., LTD.","","Taïwan","TWSE","TWD","","","","","","","","",""
"2230","C.T.I. TRAFFIC INDUSTRIES CO., LTD.","","Taïwan","TWSE","TWD","","","","","","","","",""
"6477","ANJI TECHNOLOGY CO., LTD.","","Taïwan","TWSE","TWD","","","","","","","","",""
"6474","WFE TECHNOLOGY CORPORATION","","Taïwan","TWSE","TWD","","","","","","","","",""
"6505","FORMOSA PETROCHEMICAL CORPORATION","","Taïwan","TWSE","TWD","","","","","","","","",""
"2327","YAGEO CORPORATION","","Taïwan","TWSE","TWD","","","","","","","","",""
"7909","YE SIANG ENTERPRISE CO., LTD.","","Taïwan","TWSE","TWD","","","","","","","","",""
"2324","COMPAL ELECTRONICS INC.","","Taïwan","TWSE","TWD","","","","","","","","",""
"2323","CMC MAGNETICS CORPORATION","","Taïwan","TWSE","TWD","","","","","","","","",""
"6541","TANVEX BIOPHARMA INC.","","Taïwan","TWSE","TWD","","","","","","","","",""
"7911","APOLLO POWER CO LTD","","Taïwan","TWSE","TWD","","","","","","","","",""
"2317","HON HAI PRECISION INDUSTRY CO., LTD.","","Taïwan","TWSE","TWD","","","","","","","","",""
"2316","WUS PRINTED CIRCUIT CO. LTD.","","Taïwan","TWSE","TWD","","","","","","","","",""
"2314","MICROELECTRONICS TECHNOLOGY INC.","","Taïwan","TWSE","TWD","","","","","","","","",""
"6538","BRAVE C&H SUPPLY CO., LTD.","","Taïwan","TWSE","TWD","","","","","","","","",""
"2328","PAN-INTERNATIONAL INDUSTRIAL CO., LTD.","","Taïwan","TWSE","TWD","","","","","","","","",""
"2329","ORIENT SEMICONDUCTOR ELECTRONICS LTD.","","Taïwan","TWSE","TWD","","","","","","","","",""
"2347","SYNNEX TECHNOLOGY INTERNATIONAL CORP.","","Taïwan","TWSE","TWD","","","","","","","","",""
"7898","INPSYTECH INC.","","Taïwan","TWSE","TWD","","","","","","","","",""
"7855","HOTAI LEASING CO., LTD.","","Taïwan","TWSE","TWD","","","","","","","","",""
"3537","PODAK CO., LTD.","","Taïwan","TWSE","TWD","","","","","","","","",""
"3540","THERMALTAKE TECHNOLOGY CO., LTD.","","Taïwan","TWSE","TWD","","","","","","","","",""
"2520","KINDOM DEVELOPMENT CO., LTD.","","Taïwan","TWSE","TWD","","","","","","","","",""
"2528","CROWELL DEVELOPMENT CORP.","","Taïwan","TWSE","TWD","","","","","","","","",""
"2536","HONG PU REAL ESTATE DEVELOPMENT CO., LTD.","","Taïwan","TWSE","TWD","","","","","","","","",""
"3528","MACNICA ANSTEK INC.","","Taïwan","TWSE","TWD","","","","","","","","",""
"2535","DA CIN CONSTRUCTION CO., LTD.","","Taïwan","TWSE","TWD","","","","","","","","",""
"3529","EMEMORY TECHNOLOGY INC.","","Taïwan","TWSE","TWD","","","","","","","","",""
"2534","HUNG SHENG CONSTRUCTION LTD.","","Taïwan","TWSE","TWD","","","","","","","","",""
"6588","EAST TENDER OPTOELECTRONICS CORPORATION","","Taïwan","TWSE","TWD","","","","","","","","",""
"3498","USUN TECHNOLOGY CO., LTD.","","Taïwan","TWSE","TWD","","","","","","","","",""
"3494","HITI DIGITAL INC.","","Taïwan","TWSE","TWD","","","","","","","","",""
"7834","LYDSEC DIGITAL TECHNOLOGY CO., LTD.","","Taïwan","TWSE","TWD","","","","","","","","",""
"3501","WELL SHIN TECHNOLOGY CO., LTD.","","Taïwan","TWSE","TWD","","","","","","","","",""
"6603","FU CHUN SHIN MACHINERY MANUFACTURE CO., LTD.","","Taïwan","TWSE","TWD","","","","","","","","",""
"3466","SKARDIN INDUSTRIAL CORPORATION","","Taïwan","TWSE","TWD","","","","","","","","",""
"3504","YOUNG OPTICS INC.","","Taïwan","TWSE","TWD","","","","","","","","",""
"3492","ADVANCED CONNECTION TECHNOLOGY INC.","","Taïwan","TWSE","TWD","","","","","","","","",""
"3515","ASROCK INC.","","Taïwan","TWSE","TWD","","","","","","","","",""
"3450","ELITE ADVANCED LASER CORP.","","Taïwan","TWSE","TWD","","","","","","","","",""
"3522","TOPLUS GLOBAL CO., LTD.","","Taïwan","TWSE","TWD","","","","","","","","",""
"2543","HWANG CHANG GENERAL CONTRACTOR CO., LTD.","","Taïwan","TWSE","TWD","","","","","","","","",""
"7842","GREENET CO., LTD.","","Taïwan","TWSE","TWD","","","","","","","","",""
"7843","EMBESTOR TECHNOLOGY INC.","","Taïwan","TWSE","TWD","","","","","","","","",""
"6592","HOTAI FINANCE CO., LTD.","","Taïwan","TWSE","TWD","","","","","","","","",""
"7846","HTC & SOLAR TECH SERVICE LTD.","","Taïwan","TWSE","TWD","","","","","","","","",""
"2540","JSL CONSTRUCTION & DEVELOPMENT INC.","","Taïwan","TWSE","TWD","","","","","","","","",""
"2539","SAKURA DEVELOPMENT CO. LTD.","","Taïwan","TWSE","TWD","","","","","","","","",""
"2455","VISUAL PHOTONICS EPITAXY CO., LTD.","","Taïwan","TWSE","TWD","","","","","","","","",""
"2618","EVA AIRWAYS CORP.","","Taïwan","TWSE","TWD","","","","","","","","",""
"3591","EDISON OPTO CORPORATION","","Taïwan","TWSE","TWD","","","","","","","","",""
"2460","GEM TERMINAL INDUSTRIAL CO., LTD.","","Taïwan","TWSE","TWD","","","","","","","","",""
"3587","MATERIALS ANALYSIS TECHNOLOGY INC.","","Taïwan","TWSE","TWD","","","","","","","","",""
"6618","UHT UNITECH CO., LTD.","","Taïwan","TWSE","TWD","","","","","","","","",""
"2461","K LASER TECHNOLOGY INC.","","Taïwan","TWSE","TWD","","","","","","","","",""
"3413","FOXSEMICON INTEGRATED TECHNOLOGY INC.","","Taïwan","TWSE","TWD","","","","","","","","",""
"2616","SHAN-LOONG TRANSPORTATION CO., LTD.","","Taïwan","TWSE","TWD","","","","","","","","",""
"2462","TAIWAN LINE TEK ELECTRONIC CO., LTD.","","Taïwan","TWSE","TWD","","","","","","","","",""
"2464","MIRLE AUTOMATION CORP.","","Taïwan","TWSE","TWD","","","","","","","","",""
"2465","LEADTEK RESEARCH INC.","","Taïwan","TWSE","TWD","","","","","","","","",""
"3416","WINMATE INC.","","Taïwan","TWSE","TWD","","","","","","","","",""
"3592","RAYDIUM SEMICONDUCTOR CORPORATION","","Taïwan","TWSE","TWD","","","","","","","","",""
"7876","OBIGEN PHARMA INC.","","Taïwan","TWSE","TWD","","","","","","","","",""
"2454","MEDIATEK INC.","","Taïwan","TWSE","TWD","","","","","","","","",""
"6570","APLEX TECHNOLOGY INC.","","Taïwan","TWSE","TWD","","","","","","","","",""
"F03","FOOD EMPIRE HOLDINGS LTD.","","Singapour","SGX","SGD","","","","","","","","",""
"S68","SINGAPORE EXCHANGE LTD.","","Singapour","SGX","SGD","","","","","","","","",""
"S63","SINGAPORE TECHNOLOGIES ENGINEERING LTD.","","Singapour","SGX","SGD","","","","","","","","",""
"S69","SERIAL SYSTEM LTD.","","Singapour","SGX","SGD","","","","","","","","",""
"AU8U","CAPITALAND CHINA TRUST","","Singapour","SGX","SGD","","","","","","","","",""
"J91U","ESR-REIT","","Singapour","SGX","SGD","","","","","","","","",""
"J69U","FRASERS CENTREPOINT TRUST","","Singapour","SGX","SGD","","","","","","","","",""
"E28","FRENCKEN GROUP LTD.","","Singapour","SGX","SGD","","","","","","","","",""
"O39","OVERSEA-CHINESE BANKING CORPORATION LIMITED","","Singapour","SGX","SGD","","","","","","","","",""
"TQ5","FRASERS PROPERTY LTD.","","Singapour","SGX","SGD","","","","","","","","",""
"S7P","SOILBUILD CONSTRUCTION GROUP LTD.","","Singapour","SGX","SGD","","","","","","","","",""
"MZH","NANOFILM TECHNOLOGIES INTERNATIONAL LTD.","","Singapour","SGX","SGD","","","","","","","","",""
"43B","SECURA GROUP LTD.","","Singapour","SGX","SGD","","","","","","","","",""
"S61","SBS TRANSIT LTD.","","Singapour","SGX","SGD","","","","","","","","",""
"43F","ACROMETA GROUP LTD.","","Singapour","SGX","SGD","","","","","","","","",""
"AWX","AEM HOLDINGS LTD.","","Singapour","SGX","SGD","","","","","","","","",""
"O9E","PARKSON RETAIL ASIA LTD.","","Singapour","SGX","SGD","","","","","","","","",""
"KUO","INTERNATIONAL CEMENT GROUP LTD.","","Singapour","SGX","SGD","","","","","","","","",""
"SHE","SOON HOCK ENTERPRISE HOLDING LIMITED","","Singapour","SGX","SGD","","","","","","","","",""
"WKS","WINKING STUDIOS LTD.","","Singapour","SGX","SGD","","","","","","","","",""
"NEX","RECLAIMS GLOBAL LTD.","","Singapour","SGX","SGD","","","","","","","","",""
"H78","HONGKONG LAND HOLDINGS LIMITED","","Singapour","SGX","USD","","","","","","","","",""
"UD1U","IREIT GLOBAL LTD.","","Singapour","SGX","SGD","","","","","","","","",""
"H30","HONG FOK CORPORATION LIMITED","","Singapour","SGX","SGD","","","","","","","","",""
"H22","HONG LEONG ASIA LTD.","","Singapour","SGX","SGD","","","","","","","","",""
"5TP","CNMC GOLDMINE HOLDINGS LTD.","","Singapour","SGX","SGD","","","","","","","","",""
"H20","HOE LEONG CORPORATION LTD.","","Singapour","SGX","SGD","","","","","","","","",""
"L02","METIS ENERGY LTD.","","Singapour","SGX","SGD","","","","","","","","",""
"C9Q","SINOSTAR PEC HOLDINGS LTD.","","Singapour","SGX","SGD","","","","","","","","",""
"PRH","LIVINGSTONE HEALTH HOLDINGS LTD.","","Singapour","SGX","SGD","","","","","","","","",""
"WPC","VALLIANZ HOLDINGS LTD.","","Singapour","SGX","SGD","","","","","","","","",""
"41O","LHN LIMITED","","Singapour","SGX","SGD","","","","","","","","",""
"BUOU","FRASERS LOGISTICS & COMMERCIAL TRUST","","Singapour","SGX","SGD","","","","","","","","",""
"BVA","TOP GLOVE CORPORATION BHD.","","Singapour","SGX","SGD","","","","","","","","",""
"42F","TOTM TECHNOLOGIES LTD.","","Singapour","SGX","SGD","","","","","","","","",""
"S9B","AMCORP GLOBAL LTD","","Singapour","SGX","SGD","","","","","","","","",""
"Z25","YANLORD LAND GROUP LTD.","","Singapour","SGX","SGD","","","","","","","","",""
"BSL","RAFFLES MEDICAL GROUP LTD.","","Singapour","SGX","SGD","","","","","","","","",""
"KJ5","BBR HOLDINGS (S) LTD.","","Singapour","SGX","SGD","","","","","","","","",""
"42W","ZIXIN GROUP HOLDINGS LTD.","","Singapour","SGX","SGD","","","","","","","","",""
"42T","TRENDLINES GROUP LTD.","","Singapour","SGX","SGD","","","","","","","","",""
"OU8","CENTURION CORPORATION LIMITED","","Singapour","SGX","SGD","","","","","","","","",""
"T14","TIANJIN PHARMACEUTICAL DA REN TANG GROUP CORPORATION LIMITED","","Singapour","SGX","USD","","","","","","","","",""
"T13","RH PETROGAS LTD.","","Singapour","SGX","SGD","","","","","","","","",""
"5CR","ASIATIC GROUP HOLDINGS LTD.","","Singapour","SGX","SGD","","","","","","","","",""
"5HH","PROSPERA GLOBAL LTD.","","Singapour","SGX","SGD","","","","","","","","",""
"F34","WILMAR INTERNATIONAL LTD.","","Singapour","SGX","SGD","","","","","","","","",""
"5AL","ANNICA HOLDINGS LTD.","","Singapour","SGX","SGD","","","","","","","","",""
"1J5","HYPHENS PHARMA INTERNATIONAL LIMITED","","Singapour","SGX","SGD","","","","","","","","",""
"P34","DELFI LTD.","","Singapour","SGX","SGD","","","","","","","","",""
"DM0","PSC CORPORATION LTD.","","Singapour","SGX","SGD","","","","","","","","",""
"F17","GUOCOLAND LTD.","","Singapour","SGX","SGD","","","","","","","","",""
"5GZ","HGH HOLDINGS LTD.","","Singapour","SGX","SGD","","","","","","","","",""
"W8W","COLIWOO HOLDINGS LIMITED","","Singapour","SGX","SGD","","","","","","","","",""
"OYY","PROPNEX LTD.","","Singapour","SGX","SGD","","","","","","","","",""
"I11","RENAISSANCE UNITED LTD.","","Singapour","SGX","SGD","","","","","","","","",""
"F83","COSCO SHIPPING INTERNATIONAL LTD.","","Singapour","SGX","SGD","","","","","","","","",""
"OXMU","PRIME US REIT","","Singapour","SGX","USD","","","","","","","","",""
"NXR","IWOW TECHNOLOGY PTE. LTD.","","Singapour","SGX","SGD","","","","","","","","",""
"PA3","TA CORP LTD.","","Singapour","SGX","SGD","","","","","","","","",""
"554","KING WAN CORPORATION LIMITED","","Singapour","SGX","SGD","","","","","","","","",""
"P8Z","BUMITAMA AGRI LTD.","","Singapour","SGX","SGD","","","","","","","","",""
"5LY","MARCO POLO MARINE LTD.","","Singapour","SGX","SGD","","","","","","","","",""
"BN2","VALUETRONICS HOLDINGS LIMITED","","Singapour","SGX","SGD","","","","","","","","",""
"F13","FU YU CORPORATION LTD.","","Singapour","SGX","SGD","","","","","","","","",""
"F10","FJ BENJAMIN HOLDINGS LTD.","","Singapour","SGX","SGD","","","","","","","","",""
"P9D","CIVMEC LTD.","","Singapour","SGX","SGD","","","","","","","","",""
"M44U","MAPLETREE LOGISTICS TRUST","","Singapour","SGX","SGD","","","","","","","","",""
"5MD","SOON LIAN HOLDINGS LIMITED","","Singapour","SGX","SGD","","","","","","","","",""
"P40U","STARHILL GLOBAL REAL ESTATE INVESTMENT TRUST","","Singapour","SGX","SGD","","","","","","","","",""
"P52","PAN-UNITED CORPORATION LTD.","","Singapour","SGX","SGD","","","","","","","","",""
"5IG","GALLANT VENTURE LTD.","","Singapour","SGX","SGD","","","","","","","","",""