Ticker,Stock,Secteur,Pays,Bourse de valeurs,Devise de marché,roe,de_ratio,roic,roe_avg_3y,roe_std_3y,roic_avg_3y,roic_std_3y,roic_persist_6y,roe_persist_6y,roic_persist20_6y,roe_persist20_6y,roic_downside_6y,roe_downside_6y,roic_drawdown_6y,roe_drawdown_6y,years_roic_6y,years_roe_6y,roic_persist10_6y,roe_persist10_6y,net_debt_to_ebit,total_equity,net_margin,revenue_growth_3y,assets_to_equity
AIR,AAR CORP.,,Etats-Unis,NYSE,USD,12.88,0.58,8.55,5.99,6.15,6.48,1.80,0,1,0,0,0.87,3.31,29.59,87.71,6,6,0,1,3.06,1703800000.00,5.67,19.44,1.97
ALK,ALASKA AIR GROUP INC.,,Etats-Unis,NYSE,USD,2.36,1.67,2.52,6.01,5.15,4.20,2.38,0,1,0,0,9.90,23.29,57.14,86.91,5,5,0,1,8.63,4118000000.00,0.70,21.34,4.94
KBH,KB HOME,,Etats-Unis,NYSE,USD,10.77,0.44,7.13,14.40,3.17,9.32,1.95,2,4,0,1,3.01,4.32,51.40,55.95,6,6,3,6,2.82,3900858000.00,6.88,-1.37,1.71
ACI,"ALBERTSONS COMPANIES, INC.",,Etats-Unis,NYSE,USD,8.33,8.33,2.83,32.82,25.30,6.16,3.02,0,5,0,5,2.98,24.67,69.60,85.85,6,6,0,5,21.10,1836200000.00,0.26,2.45,14.58
ITW,ILLINOIS TOOL WORKS INC.,,Etats-Unis,NYSE,USD,93.72,2.86,26.26,100.28,8.74,26.61,1.32,6,6,6,6,2.84,16.66,6.45,14.96,6,6,6,6,1.98,3226000000.00,19.11,-0.20,5.01
ECL,ECOLAB INC.,,Etats-Unis,NYSE,USD,22.52,0.92,12.46,21.99,3.59,11.26,1.76,2,5,0,2,1.15,21.26,21.79,10.95,6,6,3,5,2.89,9804500000.00,13.02,2.45,2.52
AIT,APPLIED INDUSTRIAL TECHNOLOGIES INC.,,Etats-Unis,NYSE,USD,22.37,0.14,17.39,23.04,1.27,17.49,0.62,6,6,0,5,2.97,4.67,9.37,16.36,6,6,6,6,0.25,1861749000.00,8.35,5.30,1.62
KTB,KONTOOR BRANDS INC.,,Etats-Unis,NYSE,USD,47.14,2.29,17.11,61.67,13.64,21.93,4.31,5,6,4,6,8.04,19.13,32.98,71.92,6,6,6,6,3.43,564867000.00,7.22,9.95,4.57
ARMK,ARAMARK,,Etats-Unis,NYSE,USD,10.53,1.81,6.24,12.73,6.39,4.98,1.15,0,1,0,0,2.64,15.17,0.00,61.16,6,6,0,2,6.42,3162189000.00,1.77,7.27,4.21
AIV,APARTMENT INVESTMENT AND MANAGEMENT COMPANY,,Etats-Unis,NYSE,USD,137.07,1.56,-1.85,31.03,91.84,-0.76,0.99,0,2,0,1,1.84,17.20,5185.71,271.23,6,6,0,2,,552885000.00,428.18,-13.94,3.03
LYB,LYONDELLBASELL INDUSTRIES N.V.,,Etats-Unis,NYSE,USD,-6.48,1.43,2.06,6.87,11.92,6.54,3.97,2,4,1,2,4.34,14.06,90.07,111.59,6,6,2,5,13.47,10207000000.00,-2.45,-14.35,3.33
KBDC,KAYNE ANDERSON BDC INC.,,Etats-Unis,NYSE,USD,8.16,1.01,,11.46,3.03,,,,2,,0,,2.52,,42.21,0,5,,3,,1109931000.00,91.74,11.47,2.06
KGS,KODIAK GAS SERVICES INC.,,Etats-Unis,NYSE,USD,6.32,2.16,7.27,4.42,1.73,5.95,1.14,0,2,0,0,0.13,2.90,9.04,84.46,5,5,0,2,6.39,1207396000.00,6.24,24.03,3.58
SIG,SIGNET JEWELERS LTD.,,Etats-Unis,NYSE,USD,15.42,0.62,12.95,16.70,14.77,14.02,3.48,4,4,2,2,6.88,12.57,64.89,93.11,6,6,5,4,-1.03,1966200000.00,4.32,-2.52,3.03
SB,SAFE BULKERS INC.,,Etats-Unis,NYSE,USD,4.64,0.65,3.65,8.84,3.79,5.37,1.52,2,2,0,2,3.50,8.74,72.68,84.80,6,6,2,3,5.85,830707000.00,13.99,-1.53,1.69
KGC,KINROSS GOLD CORPORATION,,Etats-Unis,NYSE,USD,31.48,0.08,29.41,17.81,12.53,15.18,12.66,2,3,1,2,6.42,12.94,97.80,147.43,6,6,3,3,-0.85,8694100000.00,35.03,28.96,1.43
SA,SEABRIDGE GOLD INC.,,Etats-Unis,NYSE,USD,-5.40,0.53,,-4.45,0.82,,,,0,,0,,1.42,,3957.14,0,6,,0,,1124971000.00,,,1.57
MBI,MBIA INC.,,Etats-Unis,NYSE,USD,8.50,-1.49,1.15,23.65,15.05,-7.45,12.16,0,4,0,4,8.60,241.13,0.00,98.56,2,6,0,4,112.06,-2230000000.00,-228.75,265.15,
TPR,TAPESTRY INC.,,Etats-Unis,NYSE,USD,197.14,5.71,35.96,79.48,102.48,24.06,10.58,6,5,2,5,1.91,12.81,12.56,76.21,6,6,6,5,1.46,692100000.00,19.09,9.54,9.67
ENVA,ENOVA INTERNATIONAL INC.,,Etats-Unis,NYSE,USD,24.34,3.39,5.61,18.66,5.11,4.99,0.58,2,6,0,3,1.31,4.92,66.91,64.89,6,6,2,6,10.96,1336724000.00,9.78,22.00,4.84
SBH,SALLY BEAUTY HOLDINGS INC.,,Etats-Unis,NYSE,USD,27.54,1.97,10.40,33.51,10.83,10.35,1.11,2,6,0,6,1.32,23.20,40.01,96.32,6,6,4,6,4.31,794207000.00,5.29,-0.36,3.62
ARLO,ARLO TECHNOLOGIES INC.,,Etats-Unis,NYSE,USD,13.05,0.05,0.81,-13.30,23.07,-28.31,26.06,0,1,0,0,25.22,24.91,0.00,0.00,6,6,0,1,-26.30,127841000.00,2.82,3.81,2.43
ARI,APOLLO COMMERCIAL REAL ESTATE FINANCE INC.,,Etats-Unis,NYSE,USD,6.79,4.27,,1.16,6.44,,,,0,,0,,6.59,,151.36,0,6,,1,,1856090000.00,46.45,1.27,5.33
IVT,INVENTRUST PROPERTIES CORP.,,Etats-Unis,NYSE,USD,6.27,0.46,1.51,2.47,3.30,1.42,0.17,0,0,0,0,0.72,0.86,85.92,89.97,6,6,0,0,15.28,1794262000.00,37.24,7.54,1.55
ALLE,ALLEGION PLC,,Etats-Unis,NYSE,USD,36.08,0.96,18.73,42.08,5.86,19.08,0.37,6,6,2,6,0.37,6.88,13.77,40.46,6,6,6,6,1.89,2067600000.00,15.83,5.55,2.53
AHR,"AMERICAN HEALTHCARE REIT, INC.",,Etats-Unis,NYSE,USD,2.50,0.50,2.74,-1.45,3.74,2.15,0.75,0,0,0,0,0.65,1.71,15.03,0.00,5,5,0,0,9.31,3360615000.00,3.13,10.26,1.61
F,FORD MOTOR COMPANY,,Etats-Unis,NYSE,USD,-20.19,4.61,-4.56,1.11,18.52,-0.29,3.70,0,2,0,1,4.46,14.67,257.79,144.78,6,6,0,3,,35980000000.00,-4.36,3.10,8.04
RYN,RAYONIER INC.,,Etats-Unis,NYSE,USD,23.53,0.47,2.14,17.35,7.47,5.97,4.47,0,2,0,1,1.84,5.29,80.33,41.57,6,6,1,3,2.38,2250198000.00,99.16,-32.30,1.51
KIND,"NEXTDOOR HOLDINGS, INC.",,Etats-Unis,NYSE,USD,-19.38,0.09,-39.12,-21.66,3.16,-38.63,7.41,0,1,0,1,16.47,16.15,0.00,268.80,5,5,0,1,,453488000.00,-39.66,7.81,1.13
TYL,TYLER TECHNOLOGIES INC.,,Etats-Unis,NYSE,USD,8.90,0.17,8.45,7.73,1.55,6.92,1.74,0,0,0,0,1.21,1.36,46.18,39.14,6,6,0,0,-1.27,3702789000.00,13.53,9.32,1.52
TPC,TUTOR PERINI CORPORATION,,Etats-Unis,NYSE,USD,,,,,,,,,,,,,,,,,,,,,,,,
RYAN,RYAN SPECIALTY HOLDINGS INC.,,Etats-Unis,NYSE,USD,18.21,2.82,3.84,20.66,2.14,3.91,0.09,0,6,0,4,0.07,3.53,3.27,82.85,2,6,0,6,6.54,1254051000.00,7.02,21.19,8.42
RYAM,RAYONIER ADVANCED MATERIALS INC.,,Etats-Unis,NYSE,USD,-79.92,2.38,0.56,-32.70,41.07,1.30,1.67,0,0,0,0,0.79,44.44,90.24,1008.18,6,6,0,0,62.56,327922000.00,-28.68,-5.54,5.36
TEL,TE CONNECTIVITY PLC,,Etats-Unis,NYSE,USD,14.61,0.46,11.24,19.33,6.27,12.33,1.02,4,5,0,3,3.46,13.22,25.51,44.76,6,6,5,5,1.35,12730000000.00,10.67,3.76,1.97
ANVS,"ANNOVIS BIO, INC.",,Etats-Unis,NYSE,USD,-220.61,0.00,,-1308.70,1610.74,,,,0,,0,,1755.09,,0.00,0,6,,0,,16851250.00,,,1.25
AHH,"ARMADA HOFFLER PROPERTIES, INC.",,Etats-Unis,NYSE,USD,0.45,1.99,2.51,2.12,2.51,2.54,0.34,0,0,0,0,0.86,2.83,13.15,96.21,6,6,0,1,19.59,829192000.00,1.37,-34.62,3.13
FHI,FEDERATED HERMES INC.,,Etats-Unis,NYSE,USD,34.30,0.36,32.52,28.18,5.61,26.73,5.10,6,6,5,6,1.94,2.44,14.25,16.07,6,6,6,6,-0.51,1263477000.00,23.00,5.77,1.76
EOG,"EOG RESOURCES, INC.",,Etats-Unis,NYSE,USD,16.83,0.28,13.66,22.62,5.96,17.08,3.27,5,5,2,4,10.54,14.81,62.15,49.08,6,6,5,5,0.69,29833000000.00,22.05,-1.30,1.74
ABX,"ABACUS GLOBAL MANAGEMENT, INC.",,Etats-Unis,NYSE,USD,8.86,0.98,7.39,1.49,10.43,3.67,5.27,0,0,0,0,3.73,7.38,0.00,0.00,2,2,0,0,4.37,418540930.00,15.86,110.18,2.16
AGX,ARGAN INC.,,Etats-Unis,NYSE,USD,33.85,0.01,54.74,23.92,11.50,37.46,19.43,5,2,4,2,6.88,2.31,32.04,1.05,6,6,6,5,-6.63,462262000.00,14.59,28.36,2.57
LYV,"LIVE NATION ENTERTAINMENT, INC.",,Etats-Unis,NYSE,USD,-2.91,5.72,12.44,42.85,39.63,11.87,2.30,2,3,0,3,24.53,795.01,32.51,104.01,6,6,3,3,2.69,1818847000.00,-0.22,5.25,12.60
XYZ,"BLOCK, INC.",,Etats-Unis,NYSE,USD,6.01,0.40,15.48,6.75,7.27,9.04,6.57,1,1,0,0,4.54,7.19,103.04,167.67,6,6,1,1,-4.71,22169882000.00,5.39,5.07,1.78
FHN,FIRST HORIZON CORPORATION,,Etats-Unis,NYSE,USD,10.94,0.17,,9.95,1.19,,,,1,,0,,1.10,,28.20,0,6,,5,,9142000000.00,30.03,2.63,9.17
AGRO,ADECOAGRO S.A.,,Etats-Unis,NYSE,USD,-0.42,1.09,0.95,8.38,9.63,4.23,2.88,0,2,0,0,3.47,7.00,91.90,102.25,6,6,1,2,17.81,1792291000.00,-0.47,4.84,2.93
LZB,LA-Z-BOY INC.,,Etats-Unis,NYSE,USD,9.83,0.53,7.44,10.79,1.63,7.82,0.52,2,4,0,0,2.07,2.76,50.37,48.32,6,6,3,4,1.75,1062674000.00,4.84,1.93,1.92
SHO,SUNSTONE HOTEL INVESTORS INC.,,Etats-Unis,NYSE,USD,1.21,0.48,3.68,4.32,4.69,2.91,1.02,0,0,0,0,6.30,12.37,47.13,87.55,6,6,0,0,10.78,1944618000.00,2.56,-1.34,0.12
U,UNITY SOFTWARE INC.,,Etats-Unis,NYSE,USD,-11.60,0.64,-10.71,-18.02,5.85,-12.72,1.80,0,0,0,0,4.22,5.37,0.00,0.00,6,6,0,0,,3496137000.00,-21.71,-8.04,1.96
LZM,LIFEZONE METALS LTD.,,Etats-Unis,NYSE,USD,-16.39,0.73,-15.87,-138.26,189.84,-158.06,220.45,0,0,0,0,209.82,183.40,824120.00,61650.00,6,6,0,0,,72832755.00,-1334.56,-15.43,2.41
MEI,METHODE ELECTRONICS INC.,,Etats-Unis,NYSE,USD,-5.21,0.51,0.68,-9.38,4.62,-0.49,1.22,0,1,0,0,4.30,11.54,117.05,207.73,6,6,1,2,23.76,677500000.00,-3.50,-4.37,1.93
ED,"CONSOLIDATED EDISON, INC.",,Etats-Unis,NYSE,USD,8.77,1.17,3.46,9.73,1.95,3.43,0.22,0,0,0,0,0.28,1.70,21.38,29.49,6,6,0,1,8.92,24190000000.00,11.96,7.41,3.08
EMN,EASTMAN CHEMICAL COMPANY,,Etats-Unis,NYSE,USD,7.99,0.79,6.40,13.53,4.81,7.59,1.54,0,4,0,0,0.87,5.32,41.87,51.98,6,6,1,4,4.42,6037000000.00,5.43,-2.52,2.46
IVR,INVESCO MORTGAGE CAPITAL INC.,,Etats-Unis,NYSE,USD,13.25,0.00,,6.39,7.74,,,,1,,0,,70.76,,0.00,0,6,,1,,797544000.00,84.51,434.68,8.12
RYZ,RYERSON HOLDING CORPORATION,,Etats-Unis,NYSE,USD,-6.94,1.07,-1.12,-2.97,3.53,0.09,1.72,2,2,2,2,3.93,25.65,104.44,108.10,5,6,2,2,,763600000.00,-1.21,4387.09,3.15
ACHR,ARCHER AVIATION INC.,,Etats-Unis,NYSE,USD,-41.84,0.06,-66.27,-81.39,34.65,-66.27,,0,0,0,0,,17.92,,0.00,1,6,0,0,,2202800000.00,-206066.67,,1.12
TPL,TEXAS PACIFIC LAND CORPORATION,,Etats-Unis,NYSE,USD,37.15,0.01,40.17,41.18,3.79,59.16,19.77,6,6,6,6,20.96,5.37,65.47,40.71,6,6,6,6,-0.22,1458907000.00,60.31,12.42,1.11
ECO,OKEANIS ECO TANKERS CORP.,,Etats-Unis,NYSE,USD,25.00,1.06,11.54,28.86,5.36,12.28,1.28,1,5,0,5,4.74,14.87,74.08,100.94,6,6,3,5,3.01,573091238.00,31.40,-2.64,2.10
FMC,FMC CORPORATION,,Etats-Unis,NYSE,USD,-67.72,2.00,3.22,-8.79,52.68,5.33,1.86,2,4,0,3,3.96,51.53,77.36,300.83,6,6,3,4,10.89,2098900000.00,-64.53,-12.09,4.62
ACH,"ACCENDRA HEALTH, INC.",,Etats-Unis,NYSE,USD,-2111.58,-4.60,7.64,-699.33,1223.07,5.37,4.43,0,1,0,0,1.21,1220.74,96.71,14281.20,6,6,0,1,8.29,-460978000.00,-39.85,-89.88,
SHW,THE SHERWIN-WILLIAMS COMPANY,,Etats-Unis,NYSE,USD,59.39,2.81,14.56,66.17,5.89,15.12,0.54,6,6,0,6,0.64,6.64,6.91,18.58,6,6,6,6,3.35,4598300000.00,10.90,1.13,5.63
XXI,"TWENTY ONE CAPITAL, INC. - CLASS A",,Etats-Unis,NYSE,USD,,0.14,,,,,,,,,,,,,,0,0,,,,3440068271.00,,,1.14
TWI,TITAN INTERNATIONAL INC.,,Etats-Unis,NYSE,USD,-12.05,1.36,0.69,2.29,16.08,5.96,7.99,2,3,1,2,7.26,30.10,97.50,120.52,6,6,3,3,24.46,521617000.00,-3.35,0.18,3.21
T,AT&T INC.,,Etats-Unis,NYSE,USD,18.81,1.21,6.00,14.29,4.31,5.52,0.49,0,2,0,0,0.51,11.92,8.92,141.08,6,6,0,4,5.47,128492000000.00,18.61,1.31,3.27
TWLO,TWILIO INC.,,Etats-Unis,NYSE,USD,0.43,0.14,1.70,-3.61,5.61,-0.90,2.86,0,0,0,0,4.46,2.81,0.00,0.00,6,6,0,0,-7.95,7821546000.00,0.67,10.45,1.25
TWO,TWO HARBORS INVESTMENT CORP.,,Etats-Unis,NYSE,USD,-23.24,0.73,,-4.77,18.52,,,,1,,0,,34.04,,268.53,0,6,,1,,1787927000.00,-394.84,91.91,6.07
AMP,"AMERIPRISE FINANCIAL, INC.",,Etats-Unis,NYSE,USD,60.51,0.90,3.07,62.91,4.68,3.05,0.03,0,6,0,6,0.02,19.71,0.00,11.42,2,6,0,6,-11.97,6549000000.00,19.28,9.07,29.15
ARIS,ARIS WATER SOLUTIONS INC.,,Etats-Unis,NYSE,USD,,0.36,,,,,,,,,,,,,,0,0,,,,1446060000.00,,,1.73
AIG,AMERICAN INTERNATIONAL GROUP INC.,,Etats-Unis,NYSE,USD,7.40,0.22,2.75,4.54,5.65,2.59,0.23,0,2,0,1,0.16,11.05,0.00,109.82,2,6,0,2,-6.83,41162000000.00,11.57,-24.72,3.92
KIM,KIMCO REALTY CORPORATION,,Etats-Unis,NYSE,USD,5.54,0.79,2.79,5.49,1.38,2.93,0.14,0,1,0,0,0.42,3.18,20.79,93.48,6,6,0,2,11.28,10567878000.00,27.70,9.55,1.86
ALL,ALLSTATE CORPORATION,,Etats-Unis,NYSE,USD,39.52,0.24,9.48,20.63,20.53,7.03,3.47,0,3,0,2,2.46,13.61,0.00,134.25,2,6,0,3,0.14,30589000000.00,15.31,8.38,3.92
ABT,ABBOTT LABORATORIES,,Etats-Unis,NYSE,USD,12.96,0.26,9.41,19.66,9.80,9.20,0.71,2,6,0,2,1.02,3.29,36.24,58.07,6,6,2,6,0.61,52771000000.00,14.72,5.13,1.64
TXNM,TXNM ENERGY INC.,,Etats-Unis,NYSE,USD,5.61,1.65,3.22,6.84,3.07,3.07,0.71,0,0,0,0,0.52,2.85,38.99,52.93,6,6,0,1,12.91,3459535000.00,7.84,5.68,3.49
JELD,"JELD-WEN HOLDING, INC.",,Etats-Unis,NYSE,USD,-174.43,14.81,-1.73,-64.07,97.05,1.38,3.17,0,1,0,0,3.66,106.36,124.03,1054.21,6,6,0,1,,92216000.00,-19.35,-13.63,22.80
AI,C3.AI INC.,,Etats-Unis,NYSE,USD,-63.05,0.01,-95.93,-42.60,17.76,-70.38,22.17,0,0,0,0,26.02,19.53,0.00,0.00,6,6,0,0,,653751000.00,-187.95,-10.23,1.25
XYL,XYLEM INC.,,Etats-Unis,NYSE,USD,8.40,0.18,7.60,8.58,0.28,6.79,0.70,0,1,0,0,0.69,0.26,26.22,39.00,6,6,0,2,0.44,11749000000.00,10.51,10.77,1.50
ECVT,ECOVYST INC.,,Etats-Unis,NYSE,USD,-10.91,0.71,4.01,-0.60,10.49,4.77,0.71,0,0,0,0,2.26,10.66,27.62,207.17,6,6,0,2,2.98,603440000.00,-9.83,2.32,2.09
S,SENTINELONE INC.,,Etats-Unis,NYSE,USD,-29.02,0.01,-29.09,-22.51,5.85,-31.36,1.99,0,1,0,1,6.76,11.68,0.00,211.12,6,6,0,1,,1437145000.00,-45.02,26.96,1.70
V,VISA INC. CLASS A,,Etats-Unis,NYSE,USD,52.07,0.66,41.71,49.76,2.91,39.32,2.29,6,6,6,6,9.64,10.02,0.00,0.00,6,6,6,6,0.23,37909000000.00,50.14,10.68,2.63
TXT,TEXTRON INC.,,Etats-Unis,NYSE,USD,12.22,0.49,6.86,12.30,0.73,7.17,0.92,0,3,0,0,1.89,3.89,21.46,11.10,6,6,0,5,1.85,7875000000.00,6.22,4.00,2.30
JEF,JEFFERIES FINANCIAL GROUP INC.,,Etats-Unis,NYSE,USD,6.54,2.23,11.94,5.43,2.46,10.88,1.38,0,1,0,0,2.66,2.75,20.21,84.39,6,6,3,1,-0.94,10642609000.00,6.30,20.60,7.14
ESTC,ELASTIC N.V.,,Etats-Unis,NYSE,USD,33.38,0.46,-2.83,10.42,23.18,-7.94,6.66,0,1,0,1,11.59,26.64,0.00,219.52,6,6,0,2,,1276500000.00,21.14,17.15,2.47
ANRO,ALTO NEUROSCIENCE INC.,,Etats-Unis,NYSE,USD,-41.80,0.16,,-43.28,109.98,,,0,3,0,3,,173.19,,241.39,1,5,0,3,,151142000.00,,,1.22
ITT,ITT INC.,,Etats-Unis,NYSE,USD,14.32,0.21,14.31,17.07,2.67,15.56,1.09,4,5,0,0,3.72,7.06,12.26,27.12,6,6,5,5,-1.28,4091300000.00,12.47,9.53,1.54
FNF,"FIDELITY NATIONAL FINANCIAL, INC.",,Etats-Unis,NYSE,USD,7.76,0.53,1.50,10.85,5.68,1.94,0.62,0,4,0,1,0.44,7.54,36.97,76.62,2,6,0,4,-16.43,8972000000.00,4.80,10.78,12.15
XPRO,EXPRO GROUP HOLDINGS N.V.,,Etats-Unis,NYSE,USD,3.42,0.11,4.44,1.78,3.11,3.79,1.90,0,0,0,0,4.67,28.85,15.75,8.31,6,6,0,0,-0.24,1534123000.00,3.22,3.07,1.47
USB,U.S. BANCORP,,Etats-Unis,NYSE,USD,12.18,1.04,,11.14,0.99,,,,2,,0,,1.09,,30.33,0,6,,5,,65651000000.00,26.62,0.94,10.55
ARW,ARROW ELECTRONICS INC.,,Etats-Unis,NYSE,USD,9.12,0.46,7.56,10.56,4.72,9.00,2.62,3,3,0,2,2.54,4.92,56.53,74.36,6,6,3,4,2.96,6658699000.00,1.85,-3.46,4.37
ZVIA,ZEVIA PBC,,Etats-Unis,NYSE,USD,-28.43,0.02,-35.82,-37.77,8.62,-49.76,12.08,0,1,0,1,75.30,12.36,0.00,126.91,6,6,0,1,,35601000.00,-6.92,-1.56,1.79
TAP,MOLSON COORS BEVERAGE COMPANY,,Etats-Unis,NYSE,USD,-18.17,0.60,5.81,-0.77,15.09,5.73,0.41,0,0,0,0,1.22,13.81,34.52,311.03,6,6,0,0,3.35,10542700000.00,-19.57,-2.43,2.16
ARX,ACCELERANT HOLDINGS LTD CLASS A ORDINARY SHARES,,Etats-Unis,NYSE,USD,-233.26,0.17,-18.67,-83.07,130.86,-6.17,10.87,0,0,0,0,17.81,210.90,1912.62,3733.33,3,3,0,0,,726400000.00,-152.95,64.38,11.38
MET,METLIFE INC.,,Etats-Unis,NYSE,USD,12.02,0.70,0.69,10.89,5.11,0.80,0.16,0,2,0,0,0.11,3.35,24.18,50.97,2,6,0,3,-17.15,28921000000.00,4.50,6.74,25.77
ENPC,EXECUTIVE NETWORK PARTNERING CORP,,Etats-Unis,NYSE,USD,0.36,0.00,,0.36,,,,,0,,0,,,,,0,1,,0,,405591787.00,,,1.02
LXU,LSB INDUSTRIES INC.,,Etats-Unis,NYSE,USD,4.87,0.94,4.70,2.15,5.18,2.95,2.96,1,1,1,1,4.49,12.56,101.70,108.12,6,6,1,1,5.95,519973000.00,4.00,1.79,2.26
SKE,SKEENA RESOURCES LTD.,,Etats-Unis,NYSE,USD,-146.43,0.40,,-139.90,9.23,,,,0,,0,,266.11,,0.00,0,5,,0,,159124000.00,,,4.84
ANF,ABERCROMBIE & FITCH CO.,,Etats-Unis,NYSE,USD,37.16,0.82,38.12,41.05,5.87,37.65,8.39,4,4,4,4,18.50,32.14,77.92,95.53,6,6,4,4,-0.54,1420411000.00,9.78,10.92,2.49
MBC,"MASTERBRAND, INC.",,Etats-Unis,NYSE,USD,2.02,0.87,3.44,9.55,7.27,7.85,4.17,0,1,0,0,2.59,3.84,70.67,87.77,6,6,1,2,7.38,1344600000.00,0.98,0.16,2.31
FND,"FLOOR & DECOR HOLDINGS, INC.",,Etats-Unis,NYSE,USD,9.11,0.83,5.02,10.95,2.43,6.56,1.57,1,4,0,2,2.80,6.01,62.17,62.68,6,6,2,5,6.45,2408836000.00,4.45,3.02,2.27
ZBH,"ZIMMER BIOMET HOLDINGS, INC.",,Etats-Unis,NYSE,USD,5.60,0.59,5.74,7.07,1.39,6.30,0.50,0,0,0,0,1.65,3.59,14.58,41.80,6,6,0,0,5.11,12705800000.00,8.57,5.51,1.82
IT,GARTNER INC.,,Etats-Unis,NYSE,USD,86.86,10.47,31.08,134.69,54.67,29.89,2.85,5,6,5,6,9.67,55.45,2.72,67.80,6,6,6,6,1.38,319908000.00,11.22,4.88,25.27
ENR,ENERGIZER HOLDINGS INC.,,Etats-Unis,NYSE,USD,156.36,20.79,10.88,86.89,67.30,8.66,2.10,0,4,0,4,1.31,84.57,19.93,296.67,6,6,1,4,7.21,169900000.00,8.09,-0.12,26.82
TSN,TYSON FOODS INC.,,Etats-Unis,NYSE,USD,2.76,0.48,2.87,1.27,4.15,2.28,1.26,0,3,0,0,3.31,8.40,92.48,118.52,6,6,2,3,5.27,18227000000.00,0.93,1.46,2.01
TSLX,SIXTH STREET SPECIALTY LENDING INC.,,Etats-Unis,NYSE,USD,10.61,1.08,,12.76,2.60,,,,4,,0,,3.72,,52.47,0,6,,5,,1607721000.00,78.73,-11.00,2.13
JOBY,"JOBY AVIATION, INC.",,Etats-Unis,NYSE,USD,-80.09,0.03,-78.74,-63.07,16.72,-73.77,10.01,0,1,0,1,1.58,26.15,0.00,298.64,3,6,0,1,,1409713000.00,-1740.46,619.50,1.27
TK,TEEKAY CORPORATION LTD.,,Etats-Unis,NYSE,USD,17.18,0.02,23.59,23.78,7.98,35.88,10.84,3,3,3,2,13.43,9.98,165.64,103.80,6,6,3,3,-4.48,2162603000.00,37.07,-19.49,0.54
KVUE,KENVUE INC.,,Etats-Unis,NYSE,USD,14.39,0.81,9.21,11.64,2.41,8.77,0.47,0,1,0,0,0.55,8.81,21.07,7.93,6,6,1,4,2.80,10765000000.00,9.72,-1.04,2.52
AMTM,"AMENTUM HOLDINGS, INC.",,Etats-Unis,NYSE,USD,1.29,0.90,2.86,-6.44,9.66,2.76,0.52,0,0,0,0,0.61,10.20,45.41,0.00,4,4,0,0,8.92,4620000000.00,0.41,35.28,2.48
ACN,ACCENTURE PLC CLASS A,,Etats-Unis,NYSE,USD,25.51,0.25,22.63,26.88,1.49,24.01,1.83,6,6,6,6,3.43,2.49,28.00,21.80,6,6,6,6,-0.30,32240967000.00,11.24,4.25,2.03
FNB,F.N.B. CORPORATION,,Etats-Unis,NYSE,USD,8.65,0.46,,8.16,0.57,,,,0,,0,,1.36,,9.17,0,6,,0,,6759000000.00,32.01,5.99,7.43
ANGX,"ANGEL STUDIOS, INC.",,Etats-Unis,NYSE,USD,3758.47,-3.90,-302.10,1614.55,3031.95,-239.68,88.28,0,1,0,1,62.42,2143.92,0.00,0.00,2,2,0,1,,-25780324.00,-53.02,233.16,
KVYO,KLAVIYO INC.,,Etats-Unis,NYSE,USD,-2.85,0.10,-13.30,166.73,295.35,-33.58,31.18,0,1,0,1,36.52,6.87,0.00,100.93,5,5,0,1,,1196560000.00,-2.57,32.95,1.32
AMT,AMERICAN TOWER CORPORATION,,Etats-Unis,NYSE,USD,26.28,4.34,7.06,20.09,7.50,6.18,1.06,0,5,0,4,1.04,8.79,34.32,68.31,6,6,0,6,8.82,10355300000.00,24.69,-2.27,6.10
ANET,"ARISTA NETWORKS, INC.",,Etats-Unis,NYSE,USD,31.40,0.00,45.22,33.01,1.55,48.15,4.18,6,6,6,5,11.22,8.23,14.58,8.96,6,6,6,6,-2.79,12370500000.00,38.99,23.97,1.57
TALO,TALOS ENERGY INC.,,Etats-Unis,NYSE,USD,-20.10,0.57,-1.59,-3.98,15.71,1.93,3.21,2,1,1,1,5.83,23.57,105.82,150.69,6,6,2,2,,2168123000.00,-27.83,10.50,2.56
JLL,JONES LANG LASALLE INC.,,Etats-Unis,NYSE,USD,10.91,0.34,8.48,7.58,3.70,6.88,1.50,0,2,0,0,1.22,3.72,38.06,77.42,6,6,0,3,1.70,7623000000.00,3.03,12.16,2.34
ALC,ALCON INC.,,Etats-Unis,NYSE,USD,4.50,0.02,4.17,4.72,0.19,3.81,0.73,0,0,0,0,2.45,3.68,7.41,12.69,6,6,0,0,-0.81,22014000000.00,9.42,4.88,1.43
JNJ,JOHNSON & JOHNSON,,Etats-Unis,NYSE,USD,35.03,0.59,19.73,34.46,14.12,19.66,0.09,6,6,0,6,2.33,5.01,0.00,58.46,6,6,6,6,0.32,81544000000.00,28.46,5.17,2.44
TRNO,TERRENO REALTY CORPORATION,,Etats-Unis,NYSE,USD,10.32,0.23,2.84,7.27,2.64,2.72,0.23,0,0,0,0,0.26,0.70,14.29,39.29,6,6,0,1,4.77,4146278000.00,84.59,21.33,1.30
ENHA,ENHANCED GROUP INC.,,Etats-Unis,NYSE,USD,160.84,0.00,,125.17,50.44,,,,2,,2,,35.67,,0.00,0,2,,2,,-27902844.00,,,
LXFR,LUXFER HOLDINGS PLC,,Etats-Unis,NYSE,USD,3.45,0.23,7.64,3.69,4.71,7.44,1.88,2,2,0,0,2.62,7.60,57.96,105.66,6,6,2,3,1.24,226400000.00,2.00,-2.55,1.63
SLB,SCHLUMBERGER LIMITED,,Etats-Unis,NYSE,USD,13.90,0.43,13.13,18.86,4.31,14.95,1.83,3,5,0,3,5.50,58.61,21.75,36.03,6,6,4,5,0.80,27291000000.00,9.66,3.81,2.01
AS,"AMER SPORTS, INC.",,Etats-Unis,NYSE,USD,8.13,0.30,7.42,64.12,101.26,5.20,2.01,0,4,0,4,1.18,132.82,0.00,99.77,6,6,0,4,0.63,5820900000.00,6.71,22.60,1.73
TRN,TRINITY INDUSTRIES INC.,,Etats-Unis,NYSE,USD,22.61,4.75,3.45,14.91,6.76,3.64,0.40,0,2,0,1,1.30,12.82,15.85,48.27,6,6,0,3,14.62,1145300000.00,12.86,-14.97,7.36
FAF,FIRST AMERICAN FINANCIAL CORPORATION,,Etats-Unis,NYSE,USD,11.96,0.48,5.28,6.40,4.90,3.60,2.38,0,2,0,1,1.69,4.53,0.00,88.39,2,6,0,3,1.22,5524300000.00,8.40,11.41,2.94
LXP,LXP INDUSTRIAL TRUST,,Etats-Unis,NYSE,USD,5.64,0.62,1.22,3.04,2.26,1.31,0.09,0,1,0,0,0.19,2.90,58.75,91.37,6,6,0,1,22.17,2048378000.00,33.58,1.42,1.73
ANDG,ANDERSEN GROUP INC. CLASS A COMMON STOCK,,Etats-Unis,NYSE,USD,458.71,-16.23,18.49,458.71,,18.49,,1,1,0,1,,,,,1,1,1,1,3.49,-28377000.00,-15.52,,
TROX,TRONOX HOLDINGS PLC,,Etats-Unis,NYSE,USD,-29.20,2.34,-0.49,-15.46,13.21,1.39,1.65,0,3,0,2,2.26,24.30,105.45,154.91,6,6,0,3,,1449000000.00,-16.32,0.84,2.73
ALB,ALBEMARLE CORPORATION,,Etats-Unis,NYSE,USD,-4.66,0.34,0.37,0.87,15.81,-0.70,2.33,1,2,1,1,3.85,12.67,116.70,128.41,6,6,1,2,24.95,9781461000.00,-9.05,-26.87,1.67
TRP,TC ENERGY CORPORATION,,Etats-Unis,NYSE,USD,12.58,1.64,5.38,10.91,2.22,4.46,1.03,0,2,0,0,1.08,5.11,34.70,84.13,6,6,0,3,8.94,36899000000.00,26.87,-2.21,3.22
TRV,"THE TRAVELERS COMPANIES, INC.",,Etats-Unis,NYSE,USD,20.70,0.28,5.83,17.50,4.11,5.36,0.66,0,4,0,1,0.47,2.19,0.00,10.63,2,6,0,5,-2.06,32894000000.00,12.88,8.64,4.37
TMO,THERMO FISHER SCIENTIFIC INC.,,Etats-Unis,NYSE,USD,13.02,0.74,7.08,13.08,0.06,6.97,0.10,2,6,0,1,0.99,1.66,47.40,36.39,6,6,2,6,3.61,53536000000.00,15.08,1.96,2.06
USFD,US FOODS HOLDING CORP,,Etats-Unis,NYSE,USD,,1.33,,,,,,,,,,,,,,0,0,,,,4307000000.00,,,3.24
SKT,"TANGER FACTORY OUTLET CENTERS, INC.",,Etats-Unis,NYSE,USD,16.89,2.30,5.53,17.29,1.36,5.20,0.30,0,4,0,0,0.94,17.70,0.00,13.99,6,6,0,4,9.52,735104000.00,20.55,11.90,3.61
ENOV,ENOVIS CORPORATION,,Etats-Unis,NYSE,USD,-58.36,0.92,-0.38,-28.96,28.73,-1.04,0.75,0,0,0,0,0.70,36.79,0.00,3254.59,6,6,0,0,,1491902000.00,-52.65,14.75,2.57
AN,AUTONATION INC.,,Etats-Unis,NYSE,USD,27.05,4.35,6.59,34.88,11.39,8.96,3.34,3,5,0,5,2.98,17.81,64.11,56.55,6,6,3,6,7.73,2341100000.00,2.35,1.26,6.15
KD,KYNDRYL HOLDINGS INC.,,Etats-Unis,NYSE,USD,15.17,3.84,7.47,3.10,25.62,5.25,3.46,0,2,0,1,4.39,22.07,0.00,25.86,6,6,0,2,3.67,1292000000.00,1.32,-3.04,9.71
SKY,SKYLINE CHAMPION CORPORATION,,Etats-Unis,NYSE,USD,13.74,0.08,14.98,12.79,1.51,13.65,1.57,5,5,2,2,3.34,1.97,81.10,71.70,6,6,6,6,-2.06,1572937000.00,8.04,14.69,1.36
TREX,"TREX COMPANY, INC.",,Etats-Unis,NYSE,USD,20.21,0.18,14.97,27.46,6.64,20.28,4.67,6,6,5,6,5.47,5.54,60.15,39.24,6,6,6,6,0.71,1034264000.00,16.22,3.56,1.41
MAX,"MEDIAALPHA, INC.",,Etats-Unis,NYSE,USD,-70.96,-5.25,15.20,-13.25,68.64,5.64,36.68,3,2,1,2,29.11,45.24,316.58,172.31,6,6,3,3,3.00,-29194000.00,2.40,69.38,
TRU,TRANSUNION,,Etats-Unis,NYSE,USD,10.60,1.13,6.45,4.41,7.95,5.47,1.01,0,2,0,1,1.17,7.92,30.86,110.78,6,6,0,3,4.98,4545300000.00,10.27,9.29,2.44
TRTX,TPG RE FINANCE TRUST INC.,,Etats-Unis,NYSE,USD,5.53,3.08,,0.88,9.03,,,,0,,0,,9.26,,193.98,0,6,,1,,1068023000.00,39.87,11.32,4.13
TRGP,TARGA RESOURCES CORP.,,Etats-Unis,NYSE,USD,51.38,5.48,12.37,39.57,10.25,11.84,0.57,1,4,0,4,2.67,34.10,5.71,0.00,6,6,3,4,5.21,3198200000.00,11.49,2.97,7.89
ZWS,ZURN ELKAY WATER SOLUTIONS CORPORATION,,Etats-Unis,NYSE,USD,12.41,0.35,9.80,9.82,2.71,8.27,1.73,0,2,0,0,2.11,2.05,5.73,58.31,6,6,0,3,0.88,1603300000.00,11.68,5.26,1.67
SJM,THE J.M. SMUCKER COMPANY,,Etats-Unis,NYSE,USD,-2.39,1.28,6.76,-3.44,13.93,7.05,0.25,0,0,0,0,0.53,12.91,14.71,265.62,6,6,0,1,5.23,5543800000.00,-1.53,5.20,2.93
ACM,AECOM,,Etats-Unis,NYSE,USD,,1.20,,,,,,,,,,,,,,0,0,,,,2696184000.00,,,4.53
ALH,ALLIANCE LAUNDRY HOLDINGS INC.,,Etats-Unis,NYSE,USD,25.95,5.09,9.31,25.95,,9.31,,0,1,0,1,,,,,1,1,0,1,5.90,392118000.00,5.95,,7.36
EBS,EMERGENT BIOSOLUTIONS INC.,,Etats-Unis,NYSE,USD,10.46,1.09,6.83,-32.63,42.57,-1.94,7.78,2,2,0,1,7.34,46.45,147.79,453.38,6,6,2,3,3.27,522600000.00,7.46,-16.97,2.52
TPX,TEMPUR SEALY INTERNATIONAL INC.,,Etats-Unis,NYSE,USD,85.55,7.86,10.59,213.44,120.12,12.87,2.50,4,6,1,6,3.16,49.51,55.22,73.59,6,6,6,6,6.88,568300000.00,7.82,0.10,10.52
MATV,MATIV HOLDINGS INC.,,Etats-Unis,NYSE,USD,-49.72,2.17,1.84,-28.06,22.18,1.20,0.83,0,2,0,0,1.27,30.88,107.42,472.43,6,6,0,2,21.09,498700000.00,-16.98,-0.97,4.11
ABR,ARBOR REALTY TRUST INC.,,Etats-Unis,NYSE,USD,5.08,2.09,,8.87,3.79,,,,4,,0,,4.87,,72.89,0,6,,4,,3067153000.00,31.49,-16.62,4.73
AMRC,AMERESCO INC.,,Etats-Unis,NYSE,USD,5.22,1.73,2.76,5.77,0.85,2.34,0.43,0,1,0,0,1.07,3.04,65.39,58.27,6,6,0,3,14.58,1124235000.00,2.93,18.56,4.04
JHX,JAMES HARDIE INDUSTRIES PLC,,Etats-Unis,NYSE,USD,2.42,0.74,5.92,17.64,13.82,12.41,5.66,5,5,0,5,5.40,14.72,68.59,93.69,6,6,5,5,6.25,6425500000.00,2.15,10.84,2.13
TTI,TETRA TECHNOLOGIES INC.,,Etats-Unis,NYSE,USD,1.12,0.80,7.69,25.16,26.80,9.50,1.81,0,3,0,3,7.97,88.82,32.01,99.08,6,6,1,3,2.76,282487000.00,0.48,0.37,2.39
M,MACY'S INC.,,Etats-Unis,NYSE,USD,13.64,1.07,6.08,9.87,6.33,7.10,1.50,1,4,0,2,8.33,97.20,57.75,94.47,6,6,2,4,4.48,4860000000.00,2.84,-2.64,3.34
JPM,JPMORGAN CHASE & CO.,,Etats-Unis,NYSE,USD,16.13,1.38,,16.50,0.77,,,,5,,0,,3.74,,23.78,0,6,,6,,362438000000.00,31.37,8.33,12.21
KEYS,"KEYSIGHT TECHNOLOGIES, INC.",,Etats-Unis,NYSE,USD,15.47,0.47,8.92,17.34,5.93,12.90,6.29,4,6,3,3,6.55,6.38,62.71,55.53,6,6,4,6,1.03,5881000000.00,15.81,-0.82,1.92
ARR,ARMOUR RESIDENTIAL REIT INC.,,Etats-Unis,NYSE,USD,17.82,0.00,,3.68,12.46,,,,1,,0,,15.00,,1477.03,0,6,,1,,2261053000.00,97.20,,9.29
MBGL,MOBILITY GLOBAL INC.,,Etats-Unis,NYSE,USD,1.21,0.02,1.65,1.50,0.40,1.66,0.01,0,0,0,0,0.01,0.29,1.20,32.02,2,2,0,0,0.64,11485000000.00,8.00,8.49,1.13
AJG,ARTHUR J. GALLAGHER & CO.,,Etats-Unis,NYSE,USD,6.91,0.58,7.01,8.69,1.54,7.89,0.82,0,3,0,0,0.63,2.73,18.87,49.82,6,6,0,3,4.73,23347000000.00,10.78,17.65,3.03
FG,F&G ANNUITIES & LIFE INC.,,Etats-Unis,NYSE,USD,6.03,0.46,0.65,7.27,10.06,0.99,0.48,0,3,0,1,0.34,10.62,51.13,107.28,2,6,0,4,-56.12,4917000000.00,4.99,12.74,20.02
AMR,"ALPHA METALLURGICAL RESOURCES, INC.",,Etats-Unis,NYSE,USD,-3.86,0.01,-3.33,18.62,26.66,15.78,22.74,3,3,3,3,17.19,147.85,103.97,102.63,6,6,3,4,,1545495000.00,-2.90,-21.68,1.48
ALIT,"ALIGHT, INC.",,Etats-Unis,NYSE,USD,-115.66,2.03,0.48,-42.18,63.67,0.00,0.77,0,0,0,0,0.83,64.74,124.65,3691.93,6,6,0,0,54.29,1046000000.00,-137.00,-18.55,4.37
EMR,EMERSON ELECTRIC CO.,,Etats-Unis,NYSE,USD,9.40,0.68,7.19,26.05,30.74,6.53,0.69,1,4,0,4,1.14,12.91,62.16,88.25,6,6,1,4,3.46,20298000000.00,12.47,9.00,2.07
AROC,ARCHROCK INC.,,Etats-Unis,NYSE,USD,22.90,1.62,11.27,16.91,5.49,9.28,1.82,0,3,0,1,2.20,9.93,31.37,0.00,6,6,1,3,4.20,1491479000.00,21.63,22.65,2.92
KBR,KBR INC.,,Etats-Unis,NYSE,USD,27.06,1.91,9.49,12.15,25.46,9.54,0.04,0,2,0,2,1.61,15.32,0.84,248.96,6,6,0,3,3.51,1512000000.00,5.18,5.80,4.35
ECG,"EVERUS CONSTRUCTION GROUP, INC.",,Etats-Unis,NYSE,USD,38.34,0.59,21.38,34.76,3.10,20.21,1.31,4,4,2,4,1.75,0.24,8.07,0.30,4,4,4,4,0.76,629818000.00,5.39,14.56,2.74
KR,KROGER CO.,,Etats-Unis,NYSE,USD,14.41,4.16,4.73,20.45,6.24,6.76,2.01,0,6,0,4,1.84,4.84,49.47,46.83,6,6,0,6,10.64,5936000000.00,0.69,-0.80,8.42
AIZ,ASSURANT INC.,,Etats-Unis,NYSE,USD,15.90,0.38,3.05,15.15,0.85,2.89,0.23,0,4,0,1,0.16,6.75,0.00,76.06,2,6,0,4,-1.96,5871600000.00,6.81,7.29,6.18
AMPX,AMPRIUS TECHNOLOGIES INC.,,Etats-Unis,NYSE,USD,-49.63,0.38,-30.66,-58.04,10.01,-55.77,21.82,0,0,0,0,71.52,332.88,0.00,0.00,6,6,0,0,,103815000.00,-59.80,186.01,1.51
AMPY,AMPLIFY ENERGY CORP.,,Etats-Unis,NYSE,USD,10.14,0.01,-0.62,72.21,113.54,4.31,4.81,2,3,2,3,8.77,120.70,101.08,112.12,6,6,2,4,,458723000.00,16.69,-7.47,1.31
KRC,KILROY REALTY CORPORATION,,Etats-Unis,NYSE,USD,5.38,0.84,2.24,4.57,0.70,2.27,0.07,0,1,0,0,0.13,0.32,12.65,65.64,6,6,0,1,14.49,5637743000.00,27.20,-0.76,1.94
TU,TELUS CORPORATION,,Etats-Unis,NYSE,USD,5.36,1.90,3.80,4.99,0.35,3.52,0.32,0,0,0,0,0.66,2.72,34.02,60.71,6,6,0,3,11.62,16579000000.00,3.82,0.85,3.60
KFY,KORN FERRY,,Etats-Unis,NYSE,USD,14.58,0.30,17.90,12.89,2.37,17.23,0.99,5,4,1,1,3.95,3.59,45.33,55.09,6,6,6,5,-4.37,1978903000.00,9.56,2.53,2.05
KREF,KKR REAL ESTATE FINANCE TRUST INC.,,Etats-Unis,NYSE,USD,-3.85,3.37,,-1.18,3.26,,,,0,,0,,4.54,,133.77,0,6,,1,,1225204000.00,-44.69,-19.70,5.28
ABM,ABM INDUSTRIES INC.,,Etats-Unis,NYSE,USD,9.10,0.94,6.13,9.31,4.87,6.01,2.33,0,2,0,0,1.84,5.49,56.16,68.16,6,6,0,2,4.84,1785600000.00,1.86,3.93,2.95
KEY,KEYCORP,,Etats-Unis,NYSE,USD,9.49,0.54,,5.13,5.45,,,,2,,0,,5.57,,106.61,0,6,,2,,20381000000.00,25.11,8.27,9.05
KEX,KIRBY CORPORATION,,Etats-Unis,NYSE,USD,10.55,0.34,7.06,8.82,1.70,6.35,1.18,0,0,0,0,2.07,11.61,42.49,0.00,6,6,0,1,2.15,3382793000.00,10.57,4.31,1.78
AMRZ,AMRIZE LTD.,,Etats-Unis,NYSE,USD,8.90,0.48,7.47,9.78,1.24,7.88,0.57,0,0,0,0,0.41,0.88,9.78,16.51,2,2,0,1,2.32,13254000000.00,10.00,0.95,1.83
ENB,ENBRIDGE INC.,,Etats-Unis,NYSE,USD,13.46,1.61,5.19,10.04,3.17,4.32,0.82,0,1,0,0,0.76,2.83,23.46,53.08,6,6,0,1,9.04,65188000000.00,11.95,22.21,3.35
KRMN,KARMAN HOLDINGS INC.,,Etats-Unis,NYSE,USD,6.00,1.53,5.68,5.04,2.30,6.57,1.50,0,0,0,0,2.32,8.68,31.57,10.58,4,4,0,0,7.59,382691000.00,3.68,29.60,2.89
AKR,ACADIA REALTY TRUST,,Etats-Unis,NYSE,USD,-1.55,0.73,1.03,-0.43,1.00,0.83,0.22,0,0,0,0,0.75,1.91,0.00,339.52,6,6,0,0,22.37,2629431000.00,-9.74,10.13,1.84
VAL,VALARIS LIMITED,,Etats-Unis,NYSE,USD,36.16,0.37,8.45,35.40,17.60,4.59,5.69,0,4,0,2,2.53,90.94,0.00,66.85,5,5,0,4,1.13,3171700000.00,41.33,15.23,1.67
TT,TRANE TECHNOLOGIES PLC,,Etats-Unis,NYSE,USD,36.50,0.54,22.97,34.44,2.91,20.56,2.57,5,6,2,5,4.39,10.36,0.00,0.00,6,6,6,6,0.72,8600900000.00,13.77,9.83,2.49
ACVA,ACV AUCTIONS INC.,,Etats-Unis,NYSE,USD,-15.21,0.44,-14.12,-16.32,1.32,-21.19,6.74,0,1,0,1,2.06,12.05,0.00,227.85,6,6,0,1,,429683000.00,-8.71,25.64,2.53
SARO,"STANDARDAERO, INC.",,Etats-Unis,NYSE,USD,11.01,0.92,8.34,2.88,7.27,6.18,1.91,0,0,0,0,1.03,1.91,0.00,0.00,4,4,0,1,3.39,2667311000.00,4.58,15.26,2.46
FN,FABRINET,,Etats-Unis,NYSE,USD,21.33,0.00,30.60,19.20,1.87,26.97,3.17,6,6,6,1,3.16,2.78,13.39,3.20,6,6,6,6,-2.63,2454256000.00,10.19,26.88,1.59
KRG,KITE REALTY GROUP TRUST,,Etats-Unis,NYSE,USD,9.25,0.95,2.58,3.56,4.96,2.17,0.50,0,0,0,0,0.58,1.87,43.48,90.00,6,6,0,0,15.33,3191774000.00,36.18,1.29,2.09
SITE,SITEONE LANDSCAPE SUPPLY INC.,,Etats-Unis,NYSE,USD,9.61,0.58,7.22,10.04,2.21,7.37,1.36,2,4,0,2,2.55,4.21,63.14,68.61,6,6,3,4,3.32,1683200000.00,3.35,4.59,1.91
FF,FUTUREFUEL CORP,,Etats-Unis,NYSE,USD,-27.40,0.00,-36.74,-2.93,21.45,-9.30,24.33,0,2,0,0,24.40,19.88,480.73,317.29,6,6,0,2,,154708000.00,-51.59,-49.01,1.24
SITC,SITE CENTERS CORP.,,Etats-Unis,NYSE,USD,41.78,0.00,-0.81,31.25,16.32,0.70,1.90,0,3,0,2,2.26,5.53,126.13,0.00,6,6,0,3,,334765000.00,143.84,-52.42,1.25
TAC,TRANSALTA CORPORATION,,Etats-Unis,NYSE,USD,-9.55,2.96,0.18,15.89,26.64,5.52,5.44,0,2,0,1,3.17,10.55,98.37,121.91,6,6,1,2,59.11,1465000000.00,-6.57,-15.33,5.91
LRN,"STRIDE, INC.",,Etats-Unis,NYSE,USD,21.74,0.33,28.67,20.89,1.43,25.32,6.21,3,5,2,2,4.67,5.22,1.58,0.00,6,6,5,5,-0.91,1632329000.00,13.43,11.10,1.49
TTE,TOTALENERGIES SE,,Etats-Unis,NYSE,USD,11.23,0.51,6.65,14.33,3.67,8.90,2.73,1,4,1,0,7.31,12.25,67.97,38.90,6,6,2,5,1.65,117523000000.00,7.33,-8.74,2.48
VAC,MARRIOTT VACATIONS WORLDWIDE CORPORATION,,Etats-Unis,NYSE,USD,-13.85,2.85,5.02,1.83,13.59,4.80,0.19,0,1,0,0,2.55,14.25,30.45,197.12,6,6,0,2,9.52,1993000000.00,-6.10,3.18,4.90
ITGR,INTEGER HOLDINGS CORPORATION,,Etats-Unis,NYSE,USD,6.11,0.75,6.47,6.64,0.87,6.20,0.46,0,0,0,0,0.65,0.78,11.13,35.01,6,6,0,0,5.42,1746643000.00,5.55,7.75,1.95
TTC,THE TORO COMPANY,,Etats-Unis,NYSE,USD,21.04,0.72,17.05,23.81,3.22,17.69,1.20,6,6,3,6,2.20,5.34,32.27,41.85,6,6,6,6,1.43,1453300000.00,7.01,-0.47,2.37
EAT,BRINKER INTERNATIONAL INC.,,Etats-Unis,NYSE,USD,119.57,3.96,23.87,3.41,261.54,18.92,6.85,2,2,2,2,2.99,146.61,35.05,35.97,6,6,3,2,2.62,443700000.00,8.39,14.69,6.34
ENS,ENERSYS,,Etats-Unis,NYSE,USD,15.34,0.62,13.72,17.05,2.40,13.83,1.05,3,3,0,0,2.68,3.43,17.33,22.49,6,6,3,4,1.58,1908872000.00,7.83,2.34,2.10
FERG,FERGUSON ENTERPRISES INC,,Etats-Unis,NYSE,USD,,1.02,,35.31,0.66,17.79,0.28,5,5,3,5,3.07,1.62,33.50,23.04,5,5,5,5,,5832000000.00,,3.80,3.04
RY,ROYAL BANK OF CANADA,,Etats-Unis,NYSE,USD,17.70,3.92,,17.70,,,,,3,,0,,4.31,,25.59,0,3,,3,,139151000000.00,30.62,,16.71
FBP,FIRST BANCORP PUERTO RICO,,Etats-Unis,NYSE,USD,18.97,0.15,,19.77,1.47,,,,5,,1,,8.60,,12.07,0,6,,5,,1966865000.00,35.86,3.53,9.73
RHI,ROBERT HALF INC.,,Etats-Unis,NYSE,USD,10.02,0.19,3.71,17.68,8.04,13.63,10.48,5,5,4,4,13.04,10.39,93.40,78.35,6,6,5,6,-2.86,1275857000.00,2.47,-8.27,2.24
SFL,SFL CORPORATION LTD.,,Etats-Unis,NYSE,USD,-2.53,2.67,3.30,5.80,7.51,4.84,1.59,0,3,0,0,2.71,23.22,49.00,112.93,6,6,0,3,13.59,960862000.00,-3.68,-1.32,3.79
EURN,EURONAV NV,,Etats-Unis,NYSE,USD,37.87,0.39,16.36,10.61,26.87,4.78,11.54,2,2,0,2,11.42,22.25,151.34,177.48,4,4,2,2,0.12,2357373000.00,69.47,71.53,1.45
TNL,TRAVEL + LEISURE CO.,,Etats-Unis,NYSE,USD,-24.70,-5.84,7.24,-37.98,11.55,9.55,2.10,0,1,0,1,4.85,5.47,36.16,273.65,6,6,2,1,9.40,-982000000.00,5.72,3.55,
ESAB,ESAB CORPORATION,,Etats-Unis,NYSE,USD,11.60,0.61,9.59,13.72,2.04,10.11,1.01,0,2,0,0,1.98,3.36,14.91,25.97,6,6,1,4,2.64,2211529000.00,8.21,1.21,2.16
YUMC,YUM CHINA HOLDINGS INC.,,Etats-Unis,NYSE,USD,16.03,0.38,11.50,14.37,1.71,10.32,1.07,0,5,0,0,2.49,4.14,42.34,55.41,6,6,2,5,0.72,6099000000.00,8.51,3.66,1.77
JBTM,JBT MAREL CORPORATION,,Etats-Unis,NYSE,USD,,0.42,,,,,,,,,,,,,,0,0,,,,4463800000.00,,,1.83
FLNG,FLEX LNG LTD.,,Etats-Unis,NYSE,USD,9.81,2.57,6.77,12.57,2.41,7.37,0.58,0,4,0,1,2.52,7.87,14.63,53.13,6,6,0,4,7.97,719257000.00,21.52,-3.20,3.65
ES,EVERSOURCE ENERGY,,Etats-Unis,NYSE,USD,10.78,1.84,4.24,4.48,6.90,3.60,0.57,0,0,0,0,0.19,6.80,11.83,131.18,6,6,0,1,9.99,16352839000.00,12.55,6.65,3.90
RGA,"REINSURANCE GROUP OF AMERICA, INC.",,Etats-Unis,NYSE,USD,,0.42,,,,,,,,,,,,,,0,0,,,,13551000000.00,,,11.56
JCI,JOHNSON CONTROLS INTERNATIONAL PLC,,Etats-Unis,NYSE,USD,23.18,0.76,7.91,15.20,6.92,6.68,1.11,0,1,0,1,0.89,3.59,18.57,6.47,6,6,0,4,3.36,12954000000.00,14.89,2.79,2.93
AQN,ALGONQUIN POWER & UTILITIES CORP.,,Etats-Unis,NYSE,USD,1.93,1.29,2.26,-7.21,13.81,1.99,0.31,0,1,0,0,0.34,14.06,30.96,290.12,6,6,0,1,12.43,5048300000.00,4.45,-5.03,2.80
YETI,FNCL SERIES 2007 OTHER FLOATING RATE INSTRUMENT,,Etats-Unis,NYSE,USD,23.79,0.35,30.59,24.99,1.90,37.40,5.97,6,6,6,5,9.81,5.05,62.22,68.20,6,6,6,6,-0.69,650276000.00,8.85,6.14,1.90
SYK,STRYKER CORPORATION,,Etats-Unis,NYSE,USD,15.08,0.71,10.36,16.11,1.62,11.16,1.05,1,6,0,0,1.91,1.68,16.11,16.13,6,6,3,6,2.32,22420000000.00,12.92,10.69,2.13
FBRT,FRANKLIN BSP REALTY TRUST INC.,,Etats-Unis,NYSE,USD,5.51,2.78,1.25,6.86,1.98,1.66,0.41,0,0,0,0,0.20,3.53,52.65,87.46,6,6,0,0,48.02,1531477000.00,16.78,-6.21,3.96
YUM,"YUM! BRANDS, INC.",,Etats-Unis,NYSE,USD,-20.82,-1.80,33.58,-19.69,0.98,38.32,4.62,6,0,6,0,4.39,0.99,21.54,0.00,6,6,6,0,4.93,-7325000000.00,18.98,7.74,
SDRL,SEADRILL LIMITED,,Etats-Unis,NYSE,USD,-2.67,0.22,1.30,8.42,9.67,5.18,4.47,0,5,0,3,8.76,20.21,87.09,101.96,6,6,1,5,4.17,2858000000.00,-5.36,-2.19,1.38
APTV,APTIV PLC,,Etats-Unis,NYSE,USD,1.95,0.85,7.28,15.86,13.25,7.87,1.09,0,3,0,2,0.86,7.39,21.82,93.12,6,6,0,3,3.10,9499000000.00,0.89,0.86,2.46
UPS,"UNITED PARCEL SERVICE, INC.",,Etats-Unis,NYSE,USD,33.77,1.76,22.64,34.62,1.33,16.36,5.48,6,6,3,6,4.51,17.38,43.10,83.18,6,6,6,6,2.89,16255000000.00,6.28,-1.27,1.17
J,JACOBS SOLUTIONS INC.,,Etats-Unis,NYSE,USD,6.05,0.58,7.67,9.82,3.63,6.22,1.40,0,1,0,0,0.56,2.54,18.93,54.51,6,6,0,3,1.71,4666599000.00,2.53,5.29,2.41
RIG,TRANSOCEAN LTD.,,Etats-Unis,NYSE,USD,-31.70,0.74,3.09,-15.22,14.42,1.29,1.82,0,0,0,0,0.57,15.30,187.30,0.00,6,6,0,0,7.59,8108000000.00,-73.52,18.32,1.93
ADNT,ADIENT PLC,,Etats-Unis,NYSE,USD,-8.14,1.11,6.46,2.51,10.02,6.53,0.61,0,1,0,1,3.36,19.32,45.15,115.51,6,6,0,2,3.28,2158000000.00,-1.31,-2.83,4.15
SFBS,SERVISFIRST BANCSHARES INC.,,Etats-Unis,NYSE,USD,15.96,0.02,,15.31,0.57,,,,6,,1,,1.29,,27.57,0,6,,6,,1850347000.00,49.77,14.15,9.58
LVWR,LIVEWIRE GROUP INC.,,Etats-Unis,NYSE,USD,-93.23,1.65,-94.42,-64.83,25.83,-89.10,16.76,0,0,0,0,192.47,2192.88,0.00,0.00,6,6,0,0,,46028000.00,-292.59,-17.83,3.18
TNK,TEEKAY TANKERS LTD,,Etats-Unis,NYSE,USD,18.48,0.02,10.51,27.55,10.86,19.83,9.44,3,4,1,3,9.99,27.96,144.94,412.48,6,6,5,4,-3.75,2043616000.00,36.90,-16.48,1.10
AMBP,ARDAGH METAL PACKAGING S.A.,,Etats-Unis,NYSE,USD,-2.71,-6.55,5.93,-0.18,19.04,3.87,2.15,0,3,0,3,2.36,79.36,79.72,154.38,6,6,0,3,13.88,-675000000.00,0.20,6.88,
TECK,TECK RESOURCES LTD.,,Etats-Unis,NYSE,USD,4.67,0.37,3.15,4.65,3.78,3.03,1.87,0,2,0,0,2.57,7.28,89.57,93.45,6,6,1,2,2.98,26007000000.00,9.97,-15.35,1.75
KSS,KOHL'S CORPORATION,,Etats-Unis,NYSE,USD,6.93,1.64,3.77,6.01,2.84,4.24,0.82,1,1,0,0,4.42,5.68,86.42,102.36,6,6,1,1,11.68,4048000000.00,1.75,-5.74,3.30
YEXT,YEXT INC.,,Etats-Unis,NYSE,USD,24.23,1.12,18.79,1.24,21.59,-2.81,19.58,1,1,0,1,11.62,14.60,0.00,0.00,6,6,1,1,0.55,159421000.00,8.48,5.10,3.90
AMBQ,"AMBIQ MICRO, INC.",,Etats-Unis,NYSE,USD,-29.38,0.00,-45.79,11.72,37.89,-77.70,33.27,0,2,0,1,37.06,48.66,0.00,164.93,3,3,0,2,,162459000.00,-50.28,5.19,1.14
RHP,"RYMAN HOSPITALITY PROPERTIES, INC.",,Etats-Unis,NYSE,USD,23.04,3.41,8.50,34.95,14.84,8.91,0.53,0,4,0,4,9.89,133.83,10.53,67.10,6,6,0,4,7.46,1211776000.00,9.60,9.28,5.10
APD,"AIR PRODUCTS AND CHEMICALS, INC.",,Etats-Unis,NYSE,USD,-1.97,1.06,6.23,12.15,12.66,7.71,1.44,0,5,0,1,2.09,10.34,40.61,108.76,6,6,2,5,5.73,17349800000.00,-2.94,-2.26,2.37
LSPD,LIGHTSPEED COMMERCE INC.,,Etats-Unis,NYSE,USD,-9.18,0.01,-11.39,-16.20,14.37,-9.95,1.57,0,0,0,0,0.62,20.07,0.00,0.00,6,6,0,0,,1483152000.00,-11.77,16.17,1.12
RF,REGIONS FINANCIAL CORPORATION,,Etats-Unis,NYSE,USD,11.65,0.26,,11.58,0.86,,,,3,,0,,3.55,,22.76,0,6,,5,,19103000000.00,28.65,-0.32,8.31
LTH,LIFE TIME GROUP HOLDINGS INC.,,Etats-Unis,NYSE,USD,13.03,1.33,5.17,7.64,4.90,4.00,1.18,0,1,0,0,6.26,24.79,0.00,0.00,6,6,0,1,8.21,3126211000.00,12.48,16.24,2.56
REZI,RESIDEO TECHNOLOGIES INC.,,Etats-Unis,NYSE,USD,-16.93,1.11,7.92,-1.71,13.34,7.80,0.72,0,0,0,0,1.68,13.44,32.14,242.99,6,6,2,2,4.00,2917000000.00,-7.05,9.41,2.89
YELP,YELP INC.,,Etats-Unis,NYSE,USD,20.02,0.03,32.06,17.13,3.26,24.27,8.41,3,3,2,1,10.90,7.55,0.00,0.00,6,6,3,3,-2.79,710852000.00,9.94,4.67,1.35
AMCR,AMCOR PLC,,Etats-Unis,NYSE,USD,9.40,1.26,6.13,11.47,6.17,6.51,1.94,0,4,0,1,2.66,8.48,50.05,74.33,6,6,0,4,6.26,11801000000.00,4.71,31.28,3.14
ERO,ERO COPPER CORP.,,Etats-Unis,NYSE,USD,34.91,0.67,14.49,13.06,22.31,9.29,4.51,4,5,2,4,6.83,19.77,88.11,114.56,6,6,4,5,1.97,937862000.00,33.96,35.58,2.05
LVS,LAS VEGAS SANDS CORP.,,Etats-Unis,NYSE,USD,73.26,8.16,16.52,52.79,18.61,13.70,2.51,2,4,0,4,9.00,76.90,0.00,19.77,6,6,3,4,3.87,1934000000.00,14.34,12.03,11.33
EVC,ENTRAVISION COMMUNICATIONS CORPORATION,,Etats-Unis,NYSE,USD,-78.59,3.85,-0.45,-52.16,40.40,0.36,0.84,0,1,0,0,3.29,59.15,104.58,731.75,6,6,0,1,277.55,55442000.00,-17.69,-36.41,6.99
FDX,FEDEX CORPORATION,,Etats-Unis,NYSE,USD,14.85,1.36,6.47,15.23,0.79,6.18,0.29,0,6,0,1,0.58,0.66,27.21,32.07,6,6,0,6,4.47,31647000000.00,4.68,3.93,3.13
ADM,ARCHER-DANIELS-MIDLAND CO,,Etats-Unis,NYSE,USD,4.72,0.42,3.12,8.81,4.82,4.73,2.65,0,3,0,0,2.04,4.14,65.02,74.38,6,6,0,3,6.12,23027000000.00,1.34,-7.56,2.28
EROC,"EROCK, INC.",,Etats-Unis,NYSE,USD,62.08,-0.65,-68.78,82.22,28.48,-59.34,13.35,0,2,0,2,9.44,20.14,0.00,39.35,2,2,0,2,,-112117000.00,-28.43,42.54,
SG,SWEETGREEN INC.,,Etats-Unis,NYSE,USD,-33.42,1.00,-14.54,-25.01,7.41,-14.39,1.72,0,1,0,1,33.32,35.86,0.00,292.82,6,6,0,1,,356125000.00,-19.73,7.86,2.21
EGP,EASTGROUP PROPERTIES INC.,,Etats-Unis,NYSE,USD,7.58,0.48,4.25,8.03,0.66,4.19,0.05,0,0,0,0,0.25,0.83,0.51,31.65,6,6,0,2,5.79,3496588000.00,35.69,12.44,1.55
UTZ,"UTZ BRANDS, INC.",,Etats-Unis,NYSE,USD,-0.56,0.76,0.32,-0.39,2.52,0.85,0.63,0,0,0,0,0.28,1.20,82.72,594.74,6,6,0,0,88.13,1344900000.00,-0.54,0.02,2.08
RPM,RPM INTERNATIONAL INC.,,Etats-Unis,NYSE,USD,21.37,0.87,11.40,24.09,2.36,12.39,0.96,2,6,0,6,0.75,2.67,14.35,26.03,6,6,6,6,2.65,3313105000.00,8.42,3.54,2.52
EGO,ELDORADO GOLD CORPORATION,,Etats-Unis,NYSE,USD,12.34,0.30,15.17,7.71,4.66,8.42,6.32,1,1,0,0,2.21,9.82,81.36,491.22,6,6,1,1,-0.61,4283079000.00,27.96,33.62,1.57
ZGN,ERMENEGILDO ZEGNA N.V.,,Etats-Unis,NYSE,USD,10.52,0.89,5.87,12.26,3.79,8.31,3.43,1,1,0,0,8.32,19.53,1516.67,41.90,6,6,1,2,3.30,1099081000.00,5.71,0.32,2.58
AME,AMETEK INC.,,Etats-Unis,NYSE,USD,14.59,0.22,11.56,15.26,0.85,11.41,0.20,0,6,0,0,0.80,0.49,2.78,9.99,6,6,5,6,0.99,10628786000.00,20.00,5.92,1.51
LUV,SOUTHWEST AIRLINES CO.,,Etats-Unis,NYSE,USD,4.81,0.75,1.42,4.55,0.23,-0.61,1.83,0,0,0,0,12.25,22.67,123.35,56.66,6,6,0,1,-1.12,7981000000.00,1.57,3.71,3.64
MAN,MANPOWERGROUP INC.,,Etats-Unis,NYSE,USD,-0.64,1.01,3.52,3.27,3.67,4.29,0.67,0,2,0,0,0.68,4.26,65.15,104.17,6,6,2,2,5.10,2060300000.00,-0.07,-2.56,4.45
RPC,P10 INC.,,Etats-Unis,NYSE,USD,5.81,1.00,6.26,2.95,4.15,4.85,2.25,0,1,0,1,3.16,4.14,60.25,104.55,6,6,0,1,5.42,403459000.00,7.72,10.91,2.30
EGY,VAALCO ENERGY INC.,,Etats-Unis,NYSE,USD,-8.76,0.33,4.99,5.31,12.20,11.66,5.96,4,3,2,1,7.84,53.79,91.62,111.01,6,6,4,4,1.87,443497000.00,-11.52,-11.15,2.06
ELME,ELME COMMUNITIES,,Etats-Unis,NYSE,USD,-1.98,2.18,1.61,-3.09,1.46,0.99,0.64,0,1,0,1,0.33,1.92,81.25,116.33,6,6,0,1,-34.59,238915000.00,-5.42,7.49,8.85
FLO,"FLOWERS FOODS, INC.",,Etats-Unis,NYSE,USD,6.18,1.60,6.80,10.99,6.19,6.87,2.21,0,3,0,0,1.99,4.70,50.11,65.61,6,6,0,4,6.35,1303487000.00,1.59,1.61,3.21
AMC,"AMC ENTERTAINMENT HOLDINGS, INC.",,Etats-Unis,NYSE,USD,34.60,-4.29,0.47,23.96,9.26,0.27,0.29,0,6,0,4,7.00,17.15,117.50,88.95,6,6,0,6,190.31,-1894800000.00,-13.04,0.38,
REXR,"REXFORD INDUSTRIAL REALTY, INC.",,Etats-Unis,NYSE,USD,2.50,0.37,2.35,3.07,0.49,2.35,0.09,0,0,0,0,0.38,0.55,3.69,26.25,6,6,0,0,8.11,8838019000.00,21.91,12.13,1.43
UNP,UNION PACIFIC CORPORATION,,Etats-Unis,NYSE,USD,40.38,1.78,11.81,43.44,3.56,11.56,0.30,2,6,0,6,0.87,6.29,10.87,24.05,6,6,6,6,3.18,18467000000.00,29.12,0.81,3.77
UNM,UNUM GROUP,,Etats-Unis,NYSE,USD,6.69,0.34,2.88,12.64,5.41,4.57,2.39,0,3,0,0,1.69,3.89,53.99,61.24,2,6,0,3,-28.42,11119100000.00,5.69,2.71,5.71
FDS,FACTSET RESEARCH SYSTEMS INC.,,Etats-Unis,NYSE,USD,29.13,0.71,18.60,30.42,1.30,17.88,1.10,6,6,3,6,2.02,2.58,47.91,30.28,6,6,6,6,1.61,2186413000.00,25.72,5.51,1.97
ALV,"AUTOLIV, INC.",,Etats-Unis,NYSE,USD,30.24,0.90,17.38,25.25,5.84,15.06,2.77,2,5,0,2,3.44,6.05,4.52,6.50,6,6,5,5,1.57,2582000000.00,6.81,1.61,3.35
EHC,ENCOMPASS HEALTH CORPORATION,,Etats-Unis,NYSE,USD,24.79,0.83,13.88,23.41,1.28,12.33,1.52,2,6,0,4,1.58,4.06,4.19,26.94,6,6,3,6,2.44,3275800000.00,12.79,11.18,2.16
RES,RPC INC.,,Etats-Unis,NYSE,USD,2.95,0.07,3.11,10.80,9.08,10.09,9.22,2,2,2,2,10.01,22.99,88.43,89.87,6,6,2,2,-2.33,1099171000.00,1.97,0.28,1.34
AEE,AMEREN CORPORATION,,Etats-Unis,NYSE,USD,11.34,1.47,3.80,10.60,0.68,3.67,0.54,0,0,0,0,0.43,0.55,25.60,5.03,6,6,0,5,9.78,13530000000.00,16.60,8.31,3.58
UTI,UNIVERSAL TECHNICAL INSTITUTE INC.,,Etats-Unis,NYSE,USD,21.42,0.85,13.09,14.76,8.22,8.30,5.25,1,3,0,1,4.18,4.59,49.81,56.41,6,6,1,3,1.31,328110000.00,7.54,17.29,2.52
FLOC,FLOWCO HOLDINGS INC.,,Etats-Unis,NYSE,USD,11.98,0.15,7.23,24.28,17.54,12.12,5.82,1,3,0,2,2.28,7.15,61.05,73.00,4,4,3,4,1.37,1357924000.00,17.33,76.70,1.21
KNF,KNIFE RIVER CORPORATION,,Etats-Unis,NYSE,USD,10.08,0.74,7.62,13.58,3.09,9.74,1.84,0,3,0,0,0.38,2.84,29.57,36.76,5,5,2,5,3.83,1640939000.00,4.99,5.43,2.22
SF,STIFEL FINANCIAL CORP.,,Etats-Unis,NYSE,USD,11.72,0.26,,11.63,1.74,,,,3,,0,,1.50,,44.69,0,6,,5,,5977317000.00,12.52,12.84,6.90
ETR,ENTERGY CORPORATION,,Etats-Unis,NYSE,USD,11.01,1.82,3.68,11.70,4.99,3.39,0.28,0,2,0,0,0.53,2.17,7.14,58.27,6,6,0,3,8.42,17014167000.00,13.70,3.24,4.23
JBI,"JANUS INTERNATIONAL GROUP, INC.",,Etats-Unis,NYSE,USD,9.86,0.96,7.64,17.92,10.91,12.95,6.08,2,5,0,4,2.29,11.94,60.98,75.56,6,6,4,5,3.19,572500000.00,6.08,-8.94,2.28
KODK,EASTMAN KODAK COMPANY,,Etats-Unis,NYSE,USD,-16.28,0.35,-7.91,0.07,14.29,-3.00,4.29,0,0,0,0,4.33,118.87,15920.00,259.61,6,6,0,1,,713000000.00,-11.97,-2.17,2.27
RMAX,RE/MAX HOLDINGS INC.,,Etats-Unis,NYSE,USD,-30.75,-15.85,8.31,133.76,268.87,9.16,1.07,0,3,0,3,1.70,29.21,33.44,242.70,6,6,1,3,7.49,-28988000.00,4.61,-5.38,
MAIR,MADISON AIR SOLUTIONS CORP. CLASS A,,Etats-Unis,NYSE,USD,-1117.31,68.82,5.43,-355.27,660.22,6.00,1.52,0,1,0,1,0.59,1123.98,29.66,2592.88,3,3,0,1,10.85,82100000.00,1.65,17.33,99.60
RNST,RENASANT CORPORATION,,Etats-Unis,NYSE,USD,5.52,0.27,,6.64,1.17,,,,0,,0,,2.06,,31.85,0,6,,0,,3884905000.00,18.39,24.92,6.89
JBGS,JBG SMITH PROPERTIES,,Etats-Unis,NYSE,USD,-8.61,1.52,-0.10,-6.32,2.85,0.09,0.31,0,0,0,0,0.17,4.21,122.22,389.90,6,6,0,0,,1668932000.00,-33.71,-9.16,2.63
RLJ,RLJ LODGING TRUST,,Etats-Unis,NYSE,USD,1.27,1.06,2.30,2.47,1.05,2.54,0.21,0,0,0,0,5.22,12.48,13.86,60.44,6,6,0,0,15.00,2182660000.00,2.12,0.91,2.17
YOU,CLEAR SECURE INC.,,Etats-Unis,NYSE,USD,76.03,0.55,47.79,53.86,36.83,26.51,20.91,2,2,2,2,28.47,25.73,0.00,0.00,6,6,2,3,-3.15,204385000.00,18.67,21.16,6.38
ADT,ADT INC.,,Etats-Unis,NYSE,USD,15.73,2.04,6.26,13.94,1.56,5.94,0.57,0,3,0,0,3.14,20.38,70.73,0.00,6,6,0,3,5.81,3778610000.00,11.62,1.45,4.19
FIX,"COMFORT SYSTEMS USA, INC.",,Etats-Unis,NYSE,USD,49.24,0.20,49.98,37.56,10.65,36.00,13.45,5,6,3,5,5.74,6.21,17.07,11.46,6,6,6,6,-0.38,2448774000.00,11.23,32.21,2.63
MAIN,MAIN STREET CAPITAL CORPORATION,,Etats-Unis,NYSE,USD,17.04,0.82,,18.33,1.15,,,,5,,1,,9.73,,38.06,0,6,,5,,2993893000.00,83.37,7.74,1.90
APLE,"APPLE HOSPITALITY REIT, INC.",,Etats-Unis,NYSE,USD,5.47,0.52,4.41,5.81,0.60,4.61,0.23,0,0,0,0,3.78,6.71,9.26,15.85,6,6,0,0,6.55,3148595000.00,12.42,2.52,1.56
RL,RALPH LAUREN CORPORATION,,Etats-Unis,NYSE,USD,34.66,1.06,23.67,30.21,4.14,19.55,4.06,5,5,1,5,7.31,17.24,20.43,9.85,6,6,5,5,0.73,2841400000.00,11.60,10.62,2.72
ZIP,ZIPRECRUITER INC.,,Etats-Unis,NYSE,USD,103.48,-7.22,-10.32,83.68,192.49,-0.54,12.97,3,3,2,3,11.88,140.87,115.20,144.43,6,6,3,3,,-77201000.00,-7.35,-16.62,
ETD,ETHAN ALLEN INTERIORS INC.,,Etats-Unis,NYSE,USD,8.36,0.26,5.87,10.81,2.51,8.62,2.77,3,4,2,2,5.47,4.87,75.80,69.29,6,6,4,5,-0.28,471461000.00,6.88,-5.30,1.53
RLI,RLI CORP.,,Etats-Unis,NYSE,USD,24.44,0.06,9.06,23.84,0.52,8.44,0.88,0,6,0,5,0.62,5.64,0.00,51.51,2,6,0,6,-3.12,1778196000.00,21.43,11.15,3.47
RMD,RESMED INC.,,Etats-Unis,NYSE,USD,24.27,0.13,24.04,24.28,1.58,22.22,2.77,6,6,3,5,2.20,4.51,10.40,9.05,6,6,6,6,-0.34,6585393000.00,26.94,9.85,1.36
SEI,SOLARIS ENERGY INFRASTRUCTURE INC.,,Etats-Unis,NYSE,USD,7.82,1.30,7.86,8.66,3.27,7.70,2.53,0,1,0,0,6.57,13.97,49.85,51.96,6,6,1,2,5.36,827251000.00,9.39,45.74,2.59
MDA,MDA SPACE LTD.,,Etats-Unis,NYSE,USD,8.01,0.30,5.98,8.01,,5.98,,0,0,0,0,,,,,1,1,0,0,0.68,1355000000.00,6.64,,2.48
FCF,FIRST COMMONWEALTH FINANCIAL CORPORATION,,Etats-Unis,NYSE,USD,10.29,0.25,,11.35,1.67,,,,2,,0,,2.57,,22.46,0,6,,5,,1554376000.00,29.13,4.13,7.94
FCN,FTI CONSULTING INC.,,Etats-Unis,NYSE,USD,13.57,0.36,13.28,13.93,0.95,13.14,0.28,4,6,0,0,0.60,1.11,4.55,16.13,6,6,6,6,0.87,1733731000.00,7.15,4.21,2.01
ESS,"ESSEX PROPERTY TRUST, INC.",,Etats-Unis,NYSE,USD,12.23,1.19,3.49,11.32,3.49,3.75,1.11,0,2,0,0,0.85,1.42,43.66,25.93,6,6,0,2,11.09,5736895000.00,37.24,6.33,2.29
YSS,"YORK SPACE SYSTEMS, INC.",,Etats-Unis,NYSE,USD,-10.27,0.20,-4.32,-8.51,4.54,-4.63,1.80,0,0,0,0,2.24,1.63,0.00,0.00,3,3,0,0,,867824000.00,-21.89,27.36,1.70
AMBC,AMBAC FINANCIAL GROUP INC.,,Etats-Unis,NYSE,USD,-42.33,0.13,-0.49,0.27,42.55,-0.49,,0,1,0,1,,24.86,,198.97,1,6,0,1,,1195521000.00,-235.82,-25.60,6.74
ESRT,EMPIRE STATE REALTY TRUST INC.,,Etats-Unis,NYSE,USD,4.05,1.32,2.65,4.52,0.45,2.86,0.18,0,0,0,0,0.95,4.04,11.37,18.02,6,6,0,0,16.77,1822192000.00,9.51,1.89,2.45
FCPT,FOUR CORNERS PROPERTY TRUST INC.,,Etats-Unis,NYSE,USD,7.30,0.74,5.12,7.56,0.35,5.12,0.04,0,0,0,0,0.06,1.05,9.82,23.00,6,6,0,0,7.31,1629839000.00,38.24,8.34,1.79
ESNT,ESSENT GROUP LTD.,,Etats-Unis,NYSE,USD,12.15,0.09,19.72,13.45,1.22,20.51,1.11,2,5,1,0,0.79,2.28,7.37,36.45,2,6,2,6,-6.71,5756727000.00,53.56,7.74,1.29
JBL,JABIL INC.,,Etats-Unis,NYSE,USD,40.38,2.22,25.98,43.81,15.07,22.60,3.98,5,5,3,5,6.55,20.49,13.45,33.03,6,6,5,5,1.00,1517000000.00,2.20,-7.33,12.22
SECZ,SECURITIZE CORP.,,Etats-Unis,NYSE,USD,40.00,-0.51,-16.33,32.03,11.28,-16.83,0.71,0,2,0,2,0.50,7.97,0.00,0.00,2,2,0,2,,-141270628.00,-77.96,233.50,
RNG,RINGCENTRAL INC.,,Etats-Unis,NYSE,USD,-7.62,-2.19,12.48,12.33,20.61,-1.02,14.17,1,2,0,2,6.51,69.86,0.00,100.62,6,6,1,3,8.50,-588119000.00,1.73,6.86,
ACCO,ACCO BRANDS CORPORATION,,Etats-Unis,NYSE,USD,6.50,1.39,4.79,-3.61,10.57,5.13,0.31,0,1,0,0,1.10,10.55,41.37,215.06,6,6,0,1,7.39,664600000.00,2.71,-8.79,3.39
RNR,RENAISSANCERE HOLDINGS LTD.,,Etats-Unis,NYSE,USD,19.68,0.12,7.37,22.02,5.68,6.62,1.06,0,3,0,1,0.75,16.89,0.00,227.67,2,6,0,3,-2.99,19210749000.00,28.32,18.55,2.80
MD,"PEDIATRIX MEDICAL GROUP, INC.",,Etats-Unis,NYSE,USD,20.28,0.73,12.58,0.35,17.46,9.27,3.06,1,2,0,1,1.58,62.20,32.23,177.09,6,6,1,2,0.58,865854000.00,8.64,-2.05,2.59
RKT,"ROCKET COMPANIES, INC. CLASS A",,Etats-Unis,NYSE,USD,-1.47,0.68,,0.40,6.21,,,,2,,2,,8.72,,103.90,0,6,,2,,22898000000.00,-3.74,31.00,2.65
JXN,JACKSON FINANCIAL INC.,,Etats-Unis,NYSE,USD,0.71,0.45,0.00,6.67,5.16,0.16,0.23,0,2,0,2,0.16,15.95,100.00,98.83,2,6,0,2,,10342000000.00,1.11,41.74,34.09
ESI,ELEMENT SOLUTIONS INC.,,Etats-Unis,NYSE,USD,7.51,0.61,5.91,7.62,2.64,5.86,0.92,0,0,0,0,0.41,2.93,14.58,40.36,6,6,0,1,2.97,2689400000.00,7.49,4.57,1.90
FCX,FREEPORT-MCMORAN INC.,,Etats-Unis,NYSE,USD,13.95,0.34,8.87,14.67,0.91,9.60,0.63,2,5,0,1,3.73,6.05,46.05,45.80,6,6,2,5,1.03,30766000000.00,16.02,6.48,1.89
AM,ANTERO MIDSTREAM CORPORATION,,Etats-Unis,NYSE,USD,40.43,1.63,9.51,39.17,1.78,9.02,0.70,0,4,0,4,0.33,27.78,6.04,0.00,5,5,0,4,4.15,1972041000.00,65.63,6.99,2.98
KNTK,KINETIK HOLDINGS INC.,,Etats-Unis,NYSE,USD,17.80,1.32,2.04,14.09,4.77,2.21,0.18,0,3,0,0,1.48,71.27,32.67,44.77,6,6,0,3,23.41,2930382000.00,29.81,18.50,2.42
FIS,"FIDELITY NATIONAL INFORMATION SERVICES, INC.",,Etats-Unis,NYSE,USD,2.60,0.96,4.61,-5.88,19.88,3.45,1.12,0,0,0,0,0.91,31.06,0.00,5225.29,6,6,0,0,7.24,13902000000.00,3.61,4.27,2.41
ELF,ELF BEAUTY INC.,,Etats-Unis,NYSE,USD,2.78,0.81,5.77,14.33,10.82,12.89,6.99,3,3,0,1,5.25,7.89,70.78,88.53,6,6,3,3,4.78,1130530000.00,1.61,26.42,2.12
ESE,ESCO TECHNOLOGIES INC.,,Etats-Unis,NYSE,USD,21.54,0.15,7.97,12.88,7.50,7.92,0.27,0,1,0,1,1.47,1.27,2.33,38.09,6,6,0,2,0.75,1540871000.00,27.32,7.04,1.56
SES,SES AI CORPORATION,,Etats-Unis,NYSE,USD,-29.63,0.04,-49.16,-25.10,9.46,-51.27,2.99,0,2,0,2,2.12,9.77,0.00,180.92,2,6,0,2,,214755000.00,-347.81,,1.27
EIX,EDISON INTERNATIONAL,,Etats-Unis,NYSE,USD,25.41,2.16,4.71,14.00,9.89,3.43,1.11,0,1,0,1,0.79,1.55,12.64,14.78,6,6,0,1,7.90,19259000000.00,24.34,8.74,4.88
ETN,EATON CORPORATION PLC,,Etats-Unis,NYSE,USD,21.53,0.54,14.11,19.85,1.87,12.90,1.42,2,5,0,2,3.28,4.31,0.00,0.00,6,6,3,5,1.75,19469000000.00,14.90,8.78,2.12
ROK,"ROCKWELL AUTOMATION, INC.",,Etats-Unis,NYSE,USD,20.28,0.98,13.82,27.88,9.00,14.73,2.58,6,6,0,6,1.77,10.23,32.73,73.31,6,6,6,6,2.23,3711000000.00,8.98,-4.03,3.02
MEC,"MAYVILLE ENGINEERING COMPANY, INC.",,Etats-Unis,NYSE,USD,-3.29,0.98,-0.65,3.66,7.04,2.47,2.73,0,0,0,0,3.39,3.63,111.71,130.52,6,6,0,1,,240737000.00,-1.48,-3.63,2.34
KNSL,KINSALE CAPITAL GROUP INC.,,Etats-Unis,NYSE,USD,29.25,0.11,15.99,31.72,2.24,15.05,1.34,2,6,0,5,0.95,7.18,0.00,13.02,2,6,2,6,-3.81,1959583000.00,26.87,23.71,3.08
FLG,"FLAGSTAR BANK, NATIONAL ASSOCIATION",,Etats-Unis,NYSE,USD,-2.17,1.50,,-5.54,6.94,,,,0,,0,,10.48,,257.58,0,6,,0,,8143000000.00,-8.58,-24.66,10.75
MCK,MCKESSON CORPORATION,,Etats-Unis,NYSE,USD,-403.40,-10.33,32.41,-273.14,112.86,26.18,5.55,5,0,4,0,9.54,289.69,22.06,0.00,6,6,5,0,0.72,-834000000.00,1.26,14.27,
ROL,"ROLLINS, INC.",,Etats-Unis,NYSE,USD,38.94,0.76,23.30,37.46,1.52,23.52,0.30,6,6,5,6,1.90,4.76,2.35,10.77,6,6,6,6,1.15,1374321000.00,14.00,10.63,2.29
LTC,LTC PROPERTIES INC.,,Etats-Unis,NYSE,USD,11.18,0.72,5.67,10.39,0.77,5.48,0.30,0,2,0,0,0.55,2.07,8.87,40.06,6,6,0,4,6.65,1162384000.00,47.13,15.44,1.77
ZIM,ZIM INTEGRATED SHIPPING SERVICES LTD.,,Etats-Unis,NYSE,USD,11.94,1.42,8.84,4.62,65.61,2.51,35.06,4,4,4,4,50.82,90.24,119.42,133.69,6,6,4,5,2.92,4025600000.00,6.97,15.65,2.73
ELAN,ELANCO ANIMAL HEALTH INCORPORATED,,Etats-Unis,NYSE,USD,-3.67,0.61,1.69,-5.47,11.96,1.66,0.18,0,0,0,0,1.15,7.83,27.72,166.85,6,6,0,0,13.78,6547000000.00,-4.92,3.32,2.04
LW,"LAMB WESTON HOLDINGS, INC.",,Etats-Unis,NYSE,USD,16.28,2.16,7.53,27.30,15.77,10.07,3.52,3,6,0,5,2.89,23.17,50.17,85.70,6,6,4,6,5.57,1824900000.00,4.39,1.11,4.04
APG,API GROUP CORPORATION,,Etats-Unis,NYSE,USD,9.50,0.90,6.67,8.91,1.42,5.76,1.32,0,0,0,0,1.85,8.95,0.00,4.52,6,6,0,0,3.90,3408000000.00,3.82,6.86,2.62
APO,"APOLLO GLOBAL MANAGEMENT, INC.",,Etats-Unis,NYSE,USD,14.70,0.31,11.08,23.13,8.67,11.69,1.55,1,4,0,3,11.61,26.50,346.57,154.84,6,6,3,4,-28.42,42515000000.00,16.85,-0.92,10.84
RJF,RAYMOND JAMES FINANCIAL INC.,,Etats-Unis,NYSE,USD,17.67,0.34,,18.11,0.71,,,,5,,0,,3.66,,6.66,0,6,,6,,12504000000.00,15.42,9.86,7.06
EL,THE ESTÃ©E LAUDER COMPANIES INC. CLASS A,,Etats-Unis,NYSE,USD,4.75,2.43,12.09,-4.32,17.67,9.51,2.27,4,3,2,2,3.36,21.30,76.50,159.67,6,6,4,3,1.34,3806000000.00,1.21,-1.81,5.19
SYF,SYNCHRONY FINANCIAL,,Etats-Unis,NYSE,USD,21.30,0.91,,20.33,3.23,,,,5,,4,,7.12,,47.80,0,6,,6,,16766000000.00,23.71,4.85,7.10
MDT,MEDTRONIC PLC,,Etats-Unis,NYSE,USD,9.84,0.56,7.27,8.87,1.40,6.82,0.95,0,0,0,0,0.65,1.21,18.13,25.26,6,6,0,0,2.74,50072000000.00,13.30,6.00,1.86
JBS,JBS N.V.,,Etats-Unis,NYSE,USD,25.26,2.40,13.69,24.73,0.76,14.40,1.00,2,2,0,2,0.71,0.54,9.40,0.00,2,2,2,2,3.19,9522791000.00,2.59,11.66,4.74
MCO,MOODY'S CORPORATION,,Etats-Unis,NYSE,USD,62.08,1.75,26.00,58.67,4.83,24.11,2.68,5,5,4,5,7.28,10.42,41.15,51.35,5,5,5,5,1.42,4205000000.00,31.90,8.89,3.76
RITM,RITHM CAPITAL CORP.,,Etats-Unis,NYSE,USD,8.38,3.85,,9.96,2.27,,,,3,,0,,20.71,,41.72,0,6,,3,,9254710000.00,25.01,16.72,5.73
MDU,"MDU RESOURCES GROUP, INC.",,Etats-Unis,NYSE,USD,6.97,0.97,3.63,9.93,2.91,3.92,0.74,0,2,0,0,0.23,2.50,46.15,45.46,6,6,0,5,9.12,2772917000.00,10.15,-36.55,2.75
KO,THE COCA-COLA COMPANY,,Etats-Unis,NYSE,USD,43.32,1.33,17.07,41.01,2.02,16.10,0.97,5,6,0,6,2.21,2.29,0.00,11.11,6,6,6,6,1.99,34275000000.00,27.40,2.36,3.06
KNX,KNIGHT-SWIFT TRANSPORTATION HOLDINGS INC.,,Etats-Unis,NYSE,USD,0.92,0.38,1.82,1.87,1.10,1.93,0.36,0,0,0,0,1.97,3.28,80.59,92.32,6,6,0,2,7.84,7091866000.00,0.88,2.27,1.69
ACA,ARCOSA INC.,,Etats-Unis,NYSE,USD,8.22,0.58,6.62,6.40,2.21,5.05,1.48,0,0,0,0,0.84,2.13,38.88,66.84,6,6,0,1,3.83,2641400000.00,7.23,11.77,1.89
UNH,UNITEDHEALTH GROUP INCORPORATED,,Etats-Unis,NYSE,USD,12.54,0.77,8.94,17.55,6.56,12.92,3.46,5,6,0,4,3.32,7.77,44.23,50.53,6,6,5,6,2.65,101698000000.00,2.86,10.35,3.04
AR,ANTERO RESOURCES CORPORATION,,Etats-Unis,NYSE,USD,9.04,0.46,5.17,5.05,3.88,2.66,2.43,2,1,1,1,5.43,14.12,98.87,95.80,6,6,2,1,4.25,7715649000.00,13.45,8.24,1.72
EPR,EPR PROPERTIES,,Etats-Unis,NYSE,USD,11.82,1.35,5.97,8.29,3.09,5.76,0.23,0,0,0,0,2.51,6.82,4.66,11.96,6,6,0,1,8.01,2329171000.00,40.87,0.98,2.45
LUMN,LUMEN TECHNOLOGIES INC.,,Etats-Unis,NYSE,USD,532.62,-15.85,-0.66,109.76,376.91,0.83,1.45,0,2,0,1,2.94,103.41,111.07,1179.52,6,6,0,2,,-1117000000.00,-14.02,-7.70,
EXP,EAGLE MATERIALS INC.,,Etats-Unis,NYSE,USD,28.91,1.22,13.64,33.58,4.70,16.02,2.28,5,6,0,6,2.78,4.38,26.23,27.36,6,6,6,6,2.66,1474828000.00,18.36,1.09,2.61
RVLV,"REVOLVE GROUP, INC.",,Etats-Unis,NYSE,USD,12.87,0.06,21.07,10.69,2.93,15.34,6.72,5,4,4,2,11.92,4.81,88.36,80.94,6,6,5,5,-3.50,512535000.00,4.99,7.09,1.49
SCCO,SOUTHERN COPPER CORPORATION,,Etats-Unis,NYSE,USD,42.75,0.67,31.03,38.15,6.15,25.21,5.95,6,6,4,6,5.35,9.36,35.85,29.28,6,6,6,6,0.36,11104900000.00,32.40,16.45,1.93
EXPD,"EXPEDITORS INTERNATIONAL OF WASHINGTON, INC.",,Etats-Unis,NYSE,USD,35.43,0.24,52.72,32.63,4.61,47.89,7.44,6,6,6,6,8.90,6.98,50.37,40.71,6,6,6,6,-1.96,2358093000.00,7.34,9.10,2.08
FIG,FIGMA INC. CLASS A COMMON STOCK,,Etats-Unis,NYSE,USD,-61.86,0.02,-116.36,4.44,93.76,-64.98,72.66,0,1,0,1,51.38,66.30,0.00,187.46,2,2,0,1,,1324053000.00,-97.74,48.36,1.35
AG,FIRST MAJESTIC SILVER CORP,,Etats-Unis,NYSE,USD,9.33,0.10,8.85,-2.65,10.44,2.05,6.05,0,0,0,0,3.07,4.58,166.02,458.82,6,6,0,0,-1.90,3172966000.00,16.68,48.15,1.48
RVTY,REVVITY INC.,,Etats-Unis,NYSE,USD,3.23,0.47,2.60,5.27,3.31,2.11,0.49,0,2,0,0,1.48,4.19,84.86,83.43,6,6,1,2,6.95,7250360000.00,8.45,1.90,1.68
FICO,FAIR ISAAC CORPORATION,,Etats-Unis,NYSE,USD,-48.14,-1.76,66.31,-55.97,7.14,57.38,8.00,6,2,6,2,13.72,17.76,0.00,122.98,6,6,6,2,3.00,-1745784000.00,32.75,14.69,
EPC,EDGEWELL PERSONAL CARE CO.,,Etats-Unis,NYSE,USD,1.62,0.91,4.84,5.19,3.16,5.78,0.81,0,0,0,0,0.70,2.94,36.57,79.26,6,6,0,0,6.07,1553100000.00,1.14,-0.63,2.42
KLC,KINDERCARE LEARNING COMPANIES INC.,,Etats-Unis,NYSE,USD,-13.94,3.34,4.00,-1.68,20.88,4.20,2.45,0,3,0,3,3.59,59.31,80.40,121.09,6,6,0,3,13.00,755262000.00,-4.13,4.35,4.96
AMN,AMN HEALTHCARE SERVICES INC.,,Etats-Unis,NYSE,USD,-14.19,1.25,1.46,-3.61,22.72,5.81,5.24,2,3,1,3,5.21,26.67,93.62,147.47,6,6,3,3,23.19,642106000.00,-3.51,-15.11,3.26
ARCO,ARCOS DORADOS HOLDINGS INC.,,Etats-Unis,NYSE,USD,33.18,2.91,9.32,35.22,7.35,9.84,0.64,0,5,0,5,7.52,61.78,11.66,43.65,6,6,2,5,5.00,772139000.00,4.54,3.92,5.03
EXK,ENDEAVOUR SILVER CORP.,,Etats-Unis,NYSE,USD,-22.40,0.42,4.41,-9.30,12.20,2.46,1.70,0,0,0,0,1.93,14.50,82.98,418.18,6,6,0,0,0.71,579100000.00,-25.48,50.84,2.13
UCB,"UNITED COMMUNITY BANKS, INC.",,Etats-Unis,NYSE,USD,9.28,0.03,,7.70,1.50,,,,1,,0,,1.60,,50.71,0,6,,2,,3638686000.00,31.52,9.26,7.70
MAA,"MID-AMERICA APARTMENT COMMUNITIES, INC.",,Etats-Unis,NYSE,USD,7.62,0.93,4.68,8.47,0.76,5.05,0.37,0,0,0,0,0.82,2.69,13.65,27.91,6,6,0,1,8.67,5839645000.00,20.67,1.40,2.05
KOS,KOSMOS ENERGY LTD.,,Etats-Unis,NYSE,USD,-80.95,5.78,-5.12,-13.49,58.51,4.14,8.34,1,3,0,2,9.31,72.43,128.81,335.32,6,6,2,3,,528590000.00,-54.32,-12.99,8.89
AORT,ARTIVION INC.,,Etats-Unis,NYSE,USD,2.70,0.57,2.43,-4.31,6.78,1.82,2.62,0,0,0,0,1.15,3.54,440.00,0.00,6,6,0,0,7.21,448232000.00,2.21,11.65,1.97
FLT,CORPAY INC.,,Etats-Unis,NYSE,USD,33.72,2.05,13.30,32.00,4.41,12.62,0.67,2,4,0,4,1.44,7.03,0.00,4.45,4,4,4,4,3.22,3282359000.00,26.13,15.15,4.71
MA,MASTERCARD INCORPORATED,,Etats-Unis,NYSE,USD,209.92,2.45,72.46,189.30,21.28,68.72,3.58,6,6,6,6,5.29,38.24,0.00,0.00,6,6,6,6,0.42,7746000000.00,45.65,14.30,6.99
AFI,ARMSTRONG FLOORING INC,,Etats-Unis,NYSE,USD,13.92,-0.33,-22.26,17.68,3.43,-17.56,4.48,0,4,0,2,5.16,4.06,0.00,78.83,4,4,0,4,,-393900000.00,-8.16,1.87,
URI,"UNITED RENTALS, INC.",,Etats-Unis,NYSE,USD,28.36,1.75,11.00,30.34,1.81,12.05,0.93,2,6,0,5,2.04,6.09,13.66,12.06,6,6,4,6,3.83,8968000000.00,15.49,5.99,3.33
UE,URBAN EDGE PROPERTIES,,Etats-Unis,NYSE,USD,7.12,1.21,3.29,12.01,9.61,3.10,0.51,0,1,0,1,1.05,2.83,47.72,74.70,6,6,0,2,12.76,1376472000.00,20.66,6.39,2.41
UDR,UDR INC.,,Etats-Unis,NYSE,USD,9.38,1.45,2.50,7.00,4.30,2.29,0.19,0,0,0,0,0.75,0.96,9.57,78.73,6,6,0,0,18.62,4148763000.00,23.58,2.57,2.56
ZTS,ZOETIS INC.,,Etats-Unis,NYSE,USD,65.99,2.77,25.94,55.65,8.98,24.77,1.31,6,6,6,6,2.12,3.70,11.28,3.52,6,6,6,6,1.93,3331000000.00,28.23,5.26,4.64
AFL,AFLAC INC.,,Etats-Unis,NYSE,USD,13.12,0.29,6.53,19.29,5.35,8.04,2.13,0,6,0,2,1.51,2.16,31.55,42.05,2,6,0,6,-13.04,29490000000.00,21.01,-4.02,3.95
AON,AON PLC,,Etats-Unis,NYSE,USD,46.94,1.68,17.81,-102.09,301.29,21.73,3.54,5,5,3,5,6.29,291.38,36.03,161.83,6,6,6,5,2.82,9548000000.00,21.83,13.33,5.32
SXC,SUNCOKE ENERGY INC.,,Etats-Unis,NYSE,USD,-5.80,1.11,2.43,6.49,10.96,5.88,3.41,0,2,0,0,3.15,10.07,74.01,132.01,6,6,0,3,13.20,626100000.00,-2.11,-5.63,2.86
EPRT,"ESSENTIAL PROPERTIES REALTY TRUST, INC.",,Etats-Unis,NYSE,USD,6.52,0.60,4.89,6.57,0.39,4.64,0.26,0,0,0,0,0.91,2.01,1.77,11.03,6,6,0,0,6.86,4207894000.00,45.21,24.93,1.63
EE,"EXCELERATE ENERGY, INC.",,Etats-Unis,NYSE,USD,8.11,0.64,9.23,7.88,0.56,8.50,0.68,0,0,0,0,2.22,1.78,0.00,2.05,6,6,0,0,2.84,2229078000.00,13.60,2.95,1.85
MC,MOELIS & COMPANY,,Etats-Unis,NYSE,USD,44.77,0.39,52.63,24.69,27.53,28.18,33.37,5,5,5,5,34.24,27.42,110.12,107.31,6,6,5,5,-2.74,680377000.00,17.12,33.21,2.56
FBHS,FORTUNE BRANDS HOME & SECURITY INC,,Etats-Unis,NYSE,USD,31.45,1.03,14.50,29.51,1.75,12.51,1.80,2,3,0,3,1.06,0.98,0.00,0.00,3,3,3,3,2.15,2785200000.00,10.09,15.24,2.85
EPAM,EPAM SYSTEMS INC.,,Etats-Unis,NYSE,USD,10.33,0.04,13.65,12.00,1.45,17.11,3.70,6,5,4,1,7.92,2.38,61.94,51.98,6,6,6,6,-2.22,3677808000.00,6.92,7.86,1.33
EXR,EXTRA SPACE STORAGE INC.,,Etats-Unis,NYSE,USD,7.01,0.98,3.95,7.23,1.40,4.30,0.64,0,3,0,2,1.27,6.06,47.31,77.22,6,6,0,3,9.30,14324036000.00,30.27,14.86,2.04
RXO,RXO INC.,,Etats-Unis,NYSE,USD,-6.34,0.43,-0.22,-10.65,13.99,1.89,2.51,2,1,0,0,3.59,17.31,101.65,287.38,6,6,2,2,,1541000000.00,-1.74,20.92,2.13
UAA,UNDER ARMOUR INC.,,Etats-Unis,NYSE,USD,-30.00,1.37,-0.86,-9.56,20.64,0.79,5.01,1,2,0,1,4.65,24.35,116.09,248.00,6,6,1,3,,1414360000.00,-9.98,-6.67,3.12
ADCT,ADC THERAPEUTICS S.A.,,Etats-Unis,NYSE,USD,73.43,-0.63,-69.69,287.08,355.83,-75.06,5.20,0,3,0,3,3.35,100.31,0.00,89.48,5,6,0,3,,-185834000.00,-175.31,8.15,
RWT,REDWOOD TRUST INC.,,Etats-Unis,NYSE,USD,-6.45,22.52,,-0.71,5.50,,,,1,,1,,28.95,,151.72,0,6,,1,,982616000.00,-53.47,-5.65,24.12
SYY,SYSCO CORPORATION,,Etats-Unis,NYSE,USD,77.69,5.61,12.88,91.55,12.04,14.14,1.56,5,6,0,6,2.28,36.54,22.13,24.15,6,6,5,6,4.26,2666000000.00,2.08,3.56,10.65
ALLY,ALLY FINANCIAL INC.,,Etats-Unis,NYSE,USD,5.80,1.38,,6.10,1.44,,,,1,,0,,1.85,,74.94,0,6,,2,,15498000000.00,9.71,-1.67,12.65
FHS,"FIRST HIGH-SCHOOL EDUCATION GROUP CO., LTD.",,Etats-Unis,NYSE,USD,-33.14,-0.81,24.18,-34.67,16.57,31.62,12.13,3,0,3,0,0.88,18.82,47.00,0.00,3,3,3,0,-2.30,-158185000.00,13.17,9.06,
ADC,AGREE REALTY CORPORATION,,Etats-Unis,NYSE,USD,3.48,0.53,3.28,3.50,0.04,3.18,0.09,0,0,0,0,0.17,0.10,6.93,15.98,6,6,0,0,9.62,6271153000.00,28.53,15.61,1.56
AGO,ASSURED GUARANTY LTD.,,Etats-Unis,NYSE,USD,9.58,0.29,6.37,10.09,3.45,5.65,1.03,0,1,0,0,0.72,2.59,0.00,63.46,2,6,0,1,-0.81,5789000000.00,52.98,0.49,2.10
IVZ,INVESCO LTD.,,Etats-Unis,NYSE,USD,-1.22,0.75,-2.20,0.84,3.40,-0.39,2.36,0,1,0,0,3.83,5.06,144.44,109.81,6,6,0,1,,13004900000.00,-2.74,5.62,2.08
TOST,TOAST INC.,,Etats-Unis,NYSE,USD,18.64,0.01,22.80,-0.48,20.12,-2.72,28.40,1,2,1,1,12.30,85.61,0.00,398.39,6,6,1,2,-6.48,2124000000.00,5.56,26.17,1.48
APH,AMPHENOL CORPORATION,,Etats-Unis,NYSE,USD,36.85,1.15,26.78,29.54,6.38,21.24,4.94,6,6,1,6,1.45,2.88,3.03,11.88,6,6,6,6,0.68,13509700000.00,18.64,35.63,2.68
KLAR,KLARNA GROUP PLC,,Etats-Unis,NYSE,USD,-11.05,0.53,18.02,-5.06,8.47,3.23,20.92,1,0,0,0,14.79,5.99,0.00,1288.17,2,2,1,0,-15.87,2684000000.00,-7.78,24.87,7.00
UBS,UBS GROUP AG,,Etats-Unis,NYSE,USD,8.86,3.71,,17.86,18.14,,,,3,,1,,3.71,,84.56,0,6,,4,,90484000000.00,16.49,9.61,17.88
ARE,"ALEXANDRIA REAL ESTATE EQUITIES, INC.",,Etats-Unis,NYSE,USD,-5.86,0.67,1.25,-0.78,4.43,1.51,0.23,0,0,0,0,0.20,5.05,32.43,195.28,6,6,0,0,22.00,19156436000.00,-41.31,1.03,1.78
AGCO,AGCO CORPORATION,,Etats-Unis,NYSE,USD,16.69,0.56,7.11,10.99,19.92,13.90,9.37,4,5,3,3,6.86,18.64,71.09,140.00,6,6,4,5,1.20,4572700000.00,7.13,-16.36,2.61
FLUT,FLUTTER ENTERTAINMENT PLC,,Etats-Unis,NYSE,USD,-3.88,1.33,2.35,-3.85,5.27,1.34,3.21,0,0,0,0,1.75,3.50,501.79,371.33,6,6,0,0,9.64,9698000000.00,-2.48,17.88,3.02
UBER,"UBER TECHNOLOGIES, INC.",,Etats-Unis,NYSE,USD,39.93,0.43,9.25,38.76,17.85,5.61,3.45,0,3,0,3,11.40,59.60,0.00,28.70,6,6,0,3,0.80,28083000000.00,19.40,18.12,2.20
FI,"FISERV, INC.",,Etats-Unis,NYSE,USD,10.90,0.90,8.79,9.68,1.43,6.91,1.82,0,0,0,0,1.83,3.04,8.17,0.00,6,6,0,2,4.03,27686000000.00,15.55,7.39,2.79
EPAC,ENERPAC TOOL GROUP CORP.,,Etats-Unis,NYSE,USD,22.47,0.44,20.25,20.26,5.09,18.16,4.00,3,3,2,2,5.46,8.36,28.79,56.53,6,6,3,3,0.27,433694000.00,15.03,1.55,1.91
UWMC,UWM HOLDINGS CORPORATION,,Etats-Unis,NYSE,USD,13.38,2.76,,8.49,9.51,,,,5,,3,,15.55,,101.73,0,6,,5,,1593629000.00,15.71,39.89,10.62
EME,"EMCOR GROUP, INC.",,Etats-Unis,NYSE,USD,38.49,0.13,36.30,34.74,5.44,32.12,7.28,6,5,3,3,4.59,10.96,1.31,0.00,6,6,6,5,-0.41,3674981000.00,7.49,16.19,2.53
AGI,ALAMOS GOLD INC.,,Etats-Unis,NYSE,USD,22.06,0.05,14.35,12.75,8.09,9.60,4.16,1,1,0,1,1.75,5.77,38.57,147.23,6,6,1,1,-0.52,4445800000.00,48.97,32.95,1.44
ARES,ARES MANAGEMENT CORPORATION,,Etats-Unis,NYSE,USD,14.04,1.64,1.13,20.58,7.05,3.65,5.50,0,5,0,2,1.09,4.08,101.41,60.54,6,6,0,6,14.31,8676092000.00,19.43,5.98,3.30
MAS,MASCO CORPORATION,,Etats-Unis,NYSE,USD,7800.00,42.87,30.55,3016.93,4666.63,31.97,1.27,6,4,6,4,4.27,1286.50,29.34,602.76,6,6,6,4,2.05,75000000.00,11.35,-2.57,69.35
KKR,KKR & CO. INC.,,Etats-Unis,NYSE,USD,8.56,0.67,-1.10,8.71,0.65,-0.82,0.36,0,2,0,1,0.38,5.64,155.00,102.94,6,6,0,2,-159.48,81631911000.00,31.99,15.80,5.02
FBIN,FORTUNE BRANDS INNOVATIONS INC.,,Etats-Unis,NYSE,USD,12.42,1.17,8.69,16.97,4.02,10.22,1.34,1,6,0,3,1.97,4.46,29.29,53.41,6,6,4,6,4.06,2388600000.00,6.69,-1.78,2.73
EFC,ELLINGTON FINANCIAL INC 1EL REIT,,Etats-Unis,NYSE,USD,8.71,9.07,,8.19,1.61,,,,1,,0,,8.03,,144.49,0,6,,1,,1871155000.00,49.19,9.31,10.34
AFG,AMERICAN FINANCIAL GROUP INC.,,Etats-Unis,NYSE,USD,18.13,0.38,3.04,19.66,1.33,3.15,0.16,0,5,0,3,0.11,5.57,6.75,46.38,2,6,0,6,-0.46,4820000000.00,10.37,2.49,6.77
MEG,"ONTERRIS, INC.",,Etats-Unis,NYSE,USD,-0.19,0.80,0.96,-8.72,8.07,-1.89,2.47,0,0,0,0,1.35,18.54,272.20,0.00,6,6,0,0,27.55,451175000.00,-0.10,15.35,2.17
UMH,"UMH PROPERTIES, INC.",,Etats-Unis,NYSE,USD,2.88,0.84,1.95,2.26,0.88,1.90,0.07,0,0,0,0,0.17,1.71,27.59,109.38,6,6,0,0,13.92,907196000.00,10.04,8.85,1.87
FLR,FLUOR CORPORATION,,Etats-Unis,NYSE,USD,-1.71,0.33,-9.69,23.72,39.28,-1.52,7.27,0,1,0,1,6.52,24.42,259.64,102.48,6,6,0,1,,3277000000.00,-0.40,0.09,2.51
ELS,EQUITY LIFESTYLE PROPERTIES INC.,,Etats-Unis,NYSE,USD,22.10,1.83,6.39,22.38,0.70,5.99,0.45,0,6,0,3,0.44,1.62,13.39,4.62,6,6,0,6,7.40,1814826000.00,27.72,1.62,3.17
RSG,"REPUBLIC SERVICES, INC.",,Etats-Unis,NYSE,USD,18.30,1.15,9.07,18.01,0.79,8.92,0.60,0,5,0,0,0.62,3.13,3.72,1.72,6,6,0,6,4.13,11969000000.00,12.89,5.29,2.87
RSI,RUSH STREET INTERACTIVE INC.,,Etats-Unis,NYSE,USD,29.50,0.02,35.05,-0.06,31.76,3.67,38.89,2,2,1,2,21.70,196.37,0.00,815.23,5,6,2,2,-3.78,303491000.00,6.53,28.11,2.17
EFOR,"EVERFORTH, INC.",,Etats-Unis,NYSE,USD,6.29,0.65,5.07,6.29,,5.07,,0,0,0,0,,,,,1,1,0,0,4.38,1804000000.00,2.85,,2.04
EVH,EVOLENT HEALTH INC.,,Etats-Unis,NYSE,USD,,2.38,,,,,,,,,,,,,,0,0,,,,415194000.00,,,4.57
RSKD,RISKIFIED LTD.,,Etats-Unis,NYSE,USD,-8.14,0.08,-13.14,-9.37,2.26,-16.45,4.35,0,1,0,1,8.41,37.37,0.00,382.10,6,6,0,1,,294759000.00,-8.00,7.61,1.39
RDW,REDWIRE CORPORATION,,Etats-Unis,NYSE,USD,-41.76,0.11,-19.68,-8348.31,14385.05,-15.97,6.78,0,0,0,0,4.63,17589.11,0.00,0.00,5,5,0,0,,1137050000.00,-67.55,17.29,1.27
APAM,ARTISAN PARTNERS ASSET MANAGEMENT INC.,,Etats-Unis,NYSE,USD,49.32,0.40,32.77,54.07,6.31,32.96,0.45,6,6,6,6,6.33,8.51,62.91,61.62,6,6,6,6,0.14,782419000.00,31.58,10.78,2.02
KMX,CARMAX INC.,,Etats-Unis,NYSE,USD,4.08,3.15,-5.84,6.80,2.36,-5.81,0.23,0,2,0,1,0.39,2.61,0.00,82.99,6,6,0,2,,5888856000.00,0.96,-1.24,4.48
KMT,KENNAMETAL INC.,,Etats-Unis,NYSE,USD,23.85,0.47,16.15,13.38,9.09,9.66,5.66,1,1,0,1,1.40,2.94,22.42,33.19,6,6,1,2,1.39,1613437000.00,14.87,7.30,1.96
AER,AERCAP HOLDINGS N.V.,,Etats-Unis,NYSE,USD,21.13,2.38,3.33,17.59,4.57,2.86,0.41,0,3,0,1,0.53,11.52,16.67,155.64,6,6,0,3,15.68,18323491000.00,44.04,6.04,3.91
FIGS,FIGS INC.,,Etats-Unis,NYSE,USD,8.41,0.14,9.19,5.25,4.02,5.18,6.85,2,1,1,1,6.88,8.22,102.82,110.93,6,6,2,1,-6.31,437462000.00,5.43,7.55,1.33
EVR,EVERCORE INC.,,Etats-Unis,NYSE,USD,30.07,0.50,,22.92,6.92,,,,6,,5,,8.22,,70.75,0,6,,6,,2319866000.00,16.62,26.07,2.31
EVMN,"EVOMMUNE, INC.",,Etats-Unis,NYSE,USD,-33.50,0.01,-61.07,-33.50,,-61.07,,0,0,0,0,,,,,1,1,0,0,,205566000.00,-529.77,,1.09
MANE,VERADERMICS INC.,,Etats-Unis,NYSE,USD,82.59,0.00,,77.21,4.67,,,,3,,3,,0.77,,0.00,0,3,,3,,-121014000.00,,,
EFX,EQUIFAX INC.,,Etats-Unis,NYSE,USD,13.76,1.07,7.71,13.05,0.62,7.20,0.51,0,6,0,1,0.71,2.09,40.00,42.49,6,6,1,6,4.49,4738200000.00,10.94,7.41,2.50
ALSN,ALLISON TRANSMISSION HOLDINGS INC.,,Etats-Unis,NYSE,USD,35.42,1.55,16.95,39.85,6.26,18.27,1.87,4,5,0,5,4.51,7.10,13.52,49.70,5,5,5,5,1.53,1867000000.00,20.70,-6.67,3.26
UNFI,UNITED NATURAL FOODS INC.,,Etats-Unis,NYSE,USD,-7.20,2.22,1.45,-4.00,4.95,1.68,0.46,0,1,0,0,1.77,12.75,74.54,146.84,6,6,0,2,32.45,1554000000.00,-0.36,2.47,4.89
UNF,UNIFIRST CORP.,,Etats-Unis,NYSE,USD,6.93,0.03,5.70,6.43,0.99,5.39,0.72,0,0,0,0,0.73,1.33,43.58,36.72,6,6,0,0,-0.74,2168957000.00,6.10,4.37,1.28
FDXF,FEDEX FREIGHT HOLDING COMPANY INC.,,Etats-Unis,NYSE,USD,69.09,-12.81,9.33,67.60,7.37,17.72,8.34,2,3,1,3,8.49,9.49,64.13,19.58,3,3,2,3,5.68,-497000000.00,7.45,-3.39,
SGHC,SUPER GROUP (SGHC) LIMITED,,Etats-Unis,NYSE,USD,31.61,0.10,69.68,17.06,16.98,39.13,28.97,6,5,5,5,24.18,21.27,81.79,100.76,6,6,6,5,-2.26,801000000.00,9.77,24.64,1.58
AEM,AGNICO EAGLE MINES LIMITED,,Etats-Unis,NYSE,USD,19.58,0.01,15.33,13.30,5.49,9.49,5.15,1,1,0,0,0.98,2.04,25.13,37.32,6,6,1,2,-0.86,24742464000.00,37.47,34.05,1.39
SGI,SOMNIGROUP INTERNATIONAL INC.,,Etats-Unis,NYSE,USD,20.91,2.14,7.71,112.45,107.54,10.26,2.40,4,6,1,6,4.23,67.64,67.40,93.54,6,6,5,6,8.55,3116900000.00,5.15,23.21,3.72
RRC,RANGE RESOURCES CORPORATION,,Etats-Unis,NYSE,USD,15.94,0.32,10.20,16.36,9.66,7.23,3.14,2,4,1,3,7.32,36.80,91.33,85.49,6,6,3,4,1.59,4318681000.00,22.02,8.18,1.72
AMG,AFFILIATED MANAGERS GROUP INC.,,Etats-Unis,NYSE,USD,19.93,0.61,4.83,18.07,2.36,7.08,1.98,0,5,0,2,2.36,5.53,57.52,49.90,6,6,1,6,4.25,4422100000.00,43.58,0.40,2.08
FIHL,FIDELIS INSURANCE HOLDINGS LIMITED,,Etats-Unis,NYSE,USD,9.30,0.35,2.41,36.69,51.53,1.87,0.77,0,1,0,1,0.55,1.75,0.00,95.18,2,6,0,1,-1.16,2399600000.00,10.38,-22.24,5.19
AEO,"AMERICAN EAGLE OUTFITTERS, INC.",,Etats-Unis,NYSE,USD,10.73,1.01,8.41,13.24,4.82,10.71,2.51,2,2,1,1,5.33,17.21,68.64,75.23,6,6,3,4,3.73,1691434000.00,3.34,2.68,2.37
FE,FIRSTENERGY CORP.,,Etats-Unis,NYSE,USD,9.19,1.91,4.61,9.75,1.00,4.20,0.41,0,2,0,0,0.66,3.26,35.09,71.85,6,6,0,3,9.35,13926000000.00,8.42,8.28,4.01
EVEX,EVE HOLDING INC.,,Etats-Unis,NYSE,USD,-181.08,1.45,,-111.07,63.71,,,,0,,0,,64.33,,0.00,0,6,,0,,123758000.00,,,3.51
RRX,REGAL REXNORD CORPORATION,,Etats-Unis,NYSE,USD,4.28,0.72,4.23,2.19,2.69,3.76,0.49,0,0,0,0,0.88,3.39,49.38,111.02,6,6,0,0,6.45,6853300000.00,4.73,-2.56,2.03
EG,"EVEREST GROUP, LTD.",,Etats-Unis,NYSE,USD,10.85,0.23,4.32,14.75,7.38,4.09,0.33,0,2,0,1,0.23,3.82,0.00,56.41,2,6,0,4,-7.81,15460000000.00,9.24,9.11,4.04
KN,KNOWLES CORPORATION,,Etats-Unis,NYSE,USD,5.77,0.18,6.21,-4.55,19.08,4.25,1.71,0,0,0,0,0.98,27.99,50.72,422.13,6,6,0,1,1.11,775800000.00,7.45,-8.44,1.35
EFXT,ENERFLEX LTD.,,Etats-Unis,NYSE,USD,5.98,0.60,10.91,0.00,7.96,7.68,2.80,0,0,0,0,3.68,7.32,93.10,243.04,6,6,1,0,1.84,1093000000.00,2.49,3.86,2.46
RS,RELIANCE INC.,,Etats-Unis,NYSE,USD,10.29,0.24,8.12,13.37,4.14,10.86,3.51,3,3,1,2,4.00,5.47,62.89,63.20,6,6,3,5,1.52,7179500000.00,5.19,-1.74,1.44
KMPR,KEMPER CORPORATION,,Etats-Unis,NYSE,USD,4.86,0.35,1.39,2.05,11.43,2.24,1.20,0,0,0,0,0.85,8.92,55.02,217.15,2,6,0,1,2.46,2669400000.00,2.77,-1.35,4.67
ULS,UL SOLUTIONS INC.,,Etats-Unis,NYSE,USD,31.01,0.53,20.92,35.11,6.73,19.69,1.78,5,4,2,3,3.81,17.30,11.44,27.68,5,5,5,5,0.70,1294000000.00,11.30,6.77,2.26
KMI,"KINDER MORGAN, INC.",,Etats-Unis,NYSE,USD,9.83,0.98,5.42,8.72,1.03,5.16,0.25,0,0,0,0,1.01,4.49,14.62,5.00,6,6,0,0,6.71,32449000000.00,18.66,5.10,2.24
ZETA,ZETA GLOBAL HOLDINGS CORP.,,Etats-Unis,NYSE,USD,-4.25,0.24,3.20,-47.35,64.51,-19.39,27.89,0,1,0,1,58.19,5221.93,0.00,14652.72,6,6,0,1,-4.26,804589000.00,-2.42,33.80,1.87
ELV,"ELEVANCE HEALTH, INC.",,Etats-Unis,NYSE,USD,13.25,0.73,7.71,14.61,1.29,7.81,0.13,0,6,0,0,0.09,1.50,2.41,25.31,2,6,0,6,-0.41,44026000000.00,2.84,7.80,2.76
TKO,TKO GROUP HOLDINGS INC.,,Etats-Unis,NYSE,USD,6.08,0.44,5.76,3.29,3.03,4.09,2.24,1,2,0,2,3.03,4.56,89.12,99.83,5,5,2,2,3.87,9250079000.00,11.54,68.14,1.68
SCI,SERVICE CORPORATION INTERNATIONAL,,Etats-Unis,NYSE,USD,32.73,3.18,4.26,32.80,0.62,4.56,0.28,0,6,0,6,0.33,1.82,32.91,27.97,6,6,0,6,4.86,1638841000.00,12.60,2.52,11.38
TOL,TOLL BROTHERS INC,,Etats-Unis,NYSE,USD,16.86,0.35,12.62,19.97,2.70,14.38,1.76,4,5,0,3,5.14,6.18,21.76,25.56,6,6,4,5,0.96,8286064000.00,12.28,4.75,1.75
MANU,MANCHESTER UNITED PLC,,Etats-Unis,NYSE,USD,-16.89,3.33,-2.38,-47.99,47.20,-4.05,2.32,0,0,0,0,3.67,46.85,0.00,0.00,6,6,0,0,,193733000.00,-4.95,1.39,8.45
SCHW,CHARLES SCHWAB CORPORATION,,Etats-Unis,NYSE,USD,18.10,0.63,,14.82,2.84,,,,4,,0,,4.51,,15.51,0,6,,5,,49425000000.00,37.01,12.69,9.93
EQH,"EQUITABLE HOLDINGS, INC.",,Etats-Unis,NYSE,USD,-38.72,3.67,-0.27,13.53,45.30,0.24,0.72,0,4,0,3,0.51,37.15,136.00,192.68,2,6,0,4,,1788000000.00,-8.89,5.26,177.85
MAC,THE MACERICH COMPANY,,Etats-Unis,NYSE,USD,-7.49,2.03,,-8.34,1.58,1.77,0.12,0,0,0,0,0.54,2.18,9.19,1851.72,5,6,0,0,28.94,2527070000.00,,3.86,3.31
RTX,RTX CORPORATION,,Etats-Unis,NYSE,USD,10.95,0.59,6.76,8.02,2.99,5.13,1.47,0,0,0,0,2.33,6.30,25.76,30.15,6,6,0,1,3.45,67138000000.00,7.98,13.38,2.55
KAR,OPENLANE INC.,,Etats-Unis,NYSE,USD,8.23,0.21,4.64,4.44,13.77,5.05,2.27,0,1,0,0,1.55,10.55,67.54,168.07,6,6,0,2,0.93,1342700000.00,6.14,8.49,3.44
AOS,A. O. SMITH CORPORATION,,Etats-Unis,NYSE,USD,29.20,0.10,25.51,29.61,1.23,26.87,1.70,6,6,6,4,2.93,9.78,11.33,50.25,6,6,6,6,0.00,1858000000.00,14.26,-0.29,1.69
EMA,EMERA INCORPORATED,,Etats-Unis,NYSE,USD,9.43,1.60,4.90,6.85,3.65,3.66,1.75,0,0,0,0,1.24,2.58,0.00,0.00,2,2,0,0,10.30,13396000000.00,12.42,66.69,3.35
UGI,UGI CORPORATION,,Etats-Unis,NYSE,USD,14.84,1.49,6.65,-2.57,23.04,3.00,5.57,1,4,0,1,5.79,24.97,126.58,194.56,6,6,1,4,6.23,4786000000.00,9.30,-9.66,3.23
UIS,UNISYS CORPORATION,,Etats-Unis,NYSE,USD,126.49,-2.94,9.55,317.95,359.44,9.81,4.94,1,5,0,5,3.55,251.77,84.52,87.06,6,6,1,5,2.80,-268300000.00,-17.44,-1.63,
EVTC,"EVERTEC, INC.",,Etats-Unis,NYSE,USD,23.44,1.58,9.51,19.24,4.56,9.32,0.25,3,6,1,4,3.37,8.64,58.70,71.53,6,6,3,6,4.42,713992000.00,15.51,15.81,3.14
AES,AES CORPORATION,,Etats-Unis,NYSE,USD,1.93,3.28,2.93,3.39,7.70,3.22,0.31,0,0,0,0,1.01,12.95,49.48,736.02,6,6,0,1,14.39,9105000000.00,1.32,-1.73,5.69
FLS,FLOWSERVE CORPORATION,,Etats-Unis,NYSE,USD,17.18,0.78,10.07,14.28,3.29,9.44,1.28,0,2,0,0,2.04,2.39,30.92,5.37,6,6,2,4,1.93,2254324000.00,7.82,4.62,2.53
EQT,EQT CORPORATION,,Etats-Unis,NYSE,USD,9.01,0.29,6.07,7.87,6.14,3.15,2.69,2,2,1,0,5.18,13.46,97.68,92.62,6,6,2,2,2.57,27360148000.00,27.84,28.36,1.53
EVTL,VERTICAL AEROSPACE LTD.,,Etats-Unis,NYSE,USD,-75.04,-1.58,,163.95,206.98,,,0,3,0,3,126.73,579.53,0.00,161.57,2,6,0,3,,-121445000.00,,,
UHS,"UNIVERSAL HEALTH SERVICES, INC.",,Etats-Unis,NYSE,USD,21.33,0.70,11.98,17.03,4.82,10.05,2.28,0,4,0,1,2.22,3.27,33.17,31.08,6,6,2,6,2.52,7409408000.00,8.70,10.27,2.10
EQR,EQUITY RESIDENTIAL,,Etats-Unis,NYSE,USD,10.10,0.74,3.42,10.10,,3.42,,0,0,0,0,,,,,1,1,0,1,9.69,11409134000.00,37.23,,1.82
AMH,AMERICAN HOMES 4 RENT,,Etats-Unis,NYSE,USD,6.60,0.66,2.72,6.16,0.40,2.50,0.21,0,0,0,0,0.19,1.99,0.00,0.00,6,6,0,0,10.78,7709506000.00,27.75,6.75,1.72
AESI,ATLAS ENERGY SOLUTIONS INC.,,Etats-Unis,NYSE,USD,-4.48,0.51,-0.46,11.55,19.21,11.54,15.07,2,2,2,2,6.25,9.58,101.28,108.77,6,6,2,2,,1208924000.00,-4.59,33.57,1.84
TKR,TIMKEN CO.,,Etats-Unis,NYSE,USD,10.03,0.61,7.77,13.12,3.06,8.96,1.53,0,5,0,0,1.08,2.95,30.38,43.11,6,6,3,6,2.99,3345700000.00,6.93,-1.98,2.00
MCD,MCDONALD'S CORPORATION,,Etats-Unis,NYSE,USD,-306.48,-30.61,18.08,-219.35,77.49,18.93,0.94,5,0,0,0,3.46,101.65,9.33,0.00,6,6,6,0,4.36,-1791000000.00,31.85,2.69,
SHAK,SHAKE SHACK INC.,,Etats-Unis,NYSE,USD,,1.63,,,,,,,,,,,,,,0,0,,,,553749000.00,,,3.42
EW,EDWARDS LIFESCIENCES CORPORATION,,Etats-Unis,NYSE,USD,10.48,0.07,15.69,27.50,20.11,17.91,3.50,6,5,4,4,4.87,8.79,35.14,78.91,6,6,6,6,-2.15,10337600000.00,17.62,0.52,1.32
CCK,CROWN HOLDINGS INC.,,Etats-Unis,NYSE,USD,26.33,1.77,11.98,22.50,3.98,10.52,1.40,0,5,0,4,1.67,24.09,5.84,163.06,6,6,2,5,3.30,3480000000.00,7.14,1.47,4.10
SLG,SL GREEN REALTY CORP.,,Etats-Unis,NYSE,USD,-2.18,1.14,0.53,-4.77,7.11,-0.33,1.70,0,0,0,0,1.88,7.27,251.66,244.09,6,6,0,0,33.69,4353090000.00,-10.31,1.45,2.55
HLLY,HOLLEY INC.,,Etats-Unis,NYSE,USD,4.41,1.18,5.60,1.17,5.68,5.63,0.36,0,2,0,1,0.87,10.07,53.54,172.86,6,6,0,2,5.75,448925000.00,3.13,-3.56,2.59
MS,MORGAN STANLEY,,Etats-Unis,NYSE,USD,15.61,3.29,,12.65,3.25,,,,3,,0,,1.91,,36.41,0,6,,5,,112652000000.00,25.81,14.10,12.61
MSM,"MSC INDUSTRIAL DIRECT CO., INC.",,Etats-Unis,NYSE,USD,14.14,0.39,11.18,18.62,5.02,13.94,2.63,5,6,0,2,1.79,2.52,31.95,47.59,6,6,6,6,1.54,1396502000.00,5.25,-3.04,1.76
GLAS,GLASS HOUSE BRANDS INC.,,Etats-Unis,NYSE,USD,-35.26,0.91,-4.54,-35.26,,-4.54,,0,0,0,0,,,,,1,1,0,0,,82102000.00,-15.91,,3.88
MSI,"MOTOROLA SOLUTIONS, INC.",,Etats-Unis,NYSE,USD,104.20,4.02,20.84,208.98,160.72,24.28,3.10,6,4,5,4,2.06,364.72,22.44,95.88,6,6,6,4,2.91,2427000000.00,18.49,8.20,7.99
PAAS,PAN AMERICAN SILVER CORP.,,Etats-Unis,NYSE,USD,16.73,0.12,15.79,5.37,10.20,7.00,7.75,1,1,0,0,4.16,10.50,127.14,307.68,6,6,1,1,-1.48,7001000000.00,27.08,25.00,1.39
HLT,HILTON WORLDWIDE HOLDINGS INC.,,Etats-Unis,NYSE,USD,-32.34,-2.45,16.49,-50.05,17.26,15.97,2.09,4,1,0,1,9.22,52.80,7.10,370.67,6,6,4,1,4.52,-5346000000.00,12.14,8.46,
PACE,TPG PACE TECH OPPORTUNITIES CORP.,,Etats-Unis,NYSE,USD,,0.00,,,,,,,,,,,,,,0,0,,,,428889480.00,,,1.05
MSGS,MADISON SQUARE GARDEN SPORTS CORP.,,Etats-Unis,NYSE,USD,-2.85,-4.41,2.15,-4.71,13.93,4.71,5.50,0,0,0,0,6.35,12.07,91.38,457.23,6,6,1,0,32.18,-263296000.00,0.67,5.99,
PACK,RANPAK HOLDINGS CORP.,,Etats-Unis,NYSE,USD,-7.07,0.80,-1.85,-5.16,1.69,-1.12,0.67,0,0,0,0,1.48,1.91,401.98,0.00,6,6,0,0,,534900000.00,-9.70,8.38,2.10
PACS,PACS GROUP INC.,,Etats-Unis,NYSE,USD,22.96,3.64,4.53,56.34,66.14,4.07,1.80,0,4,0,3,2.14,59.67,73.16,93.82,4,4,0,4,10.58,952449000.00,3.62,30.38,5.86
TIC,ACUREN CORPORATION,,Etats-Unis,NYSE,USD,-5.23,0.79,0.22,-1.02,4.11,1.39,1.65,0,0,0,0,2.34,4.66,96.72,244.48,3,4,0,0,149.24,2179916000.00,-5.69,,2.02
HLI,HOULIHAN LOKEY INC.,,Etats-Unis,NYSE,USD,18.33,0.20,27.15,18.17,1.85,23.56,5.26,6,6,5,2,5.54,2.25,65.71,47.60,6,6,6,6,-1.33,2452931000.00,16.21,16.93,1.76
HLF,HERBALIFE LTD.,,Etats-Unis,NYSE,USD,-34.77,-4.29,25.38,-24.77,11.48,20.58,4.29,6,0,4,0,7.85,9.05,64.64,0.00,6,6,6,0,3.81,-509400000.00,4.52,-0.25,
MTH,MERITAGE HOMES CORPORATION,,Etats-Unis,NYSE,USD,8.76,0.36,6.71,14.05,4.61,11.82,4.48,5,5,2,2,4.87,5.21,72.24,69.12,6,6,5,5,2.06,5195643000.00,7.73,-2.28,1.47
BN,BROOKFIELD CORPORATION,,Etats-Unis,NYSE,USD,1.95,1.56,2.98,2.12,1.10,2.86,0.16,0,0,0,0,0.54,1.52,12.13,88.47,6,6,0,0,13.08,166194000000.00,4.31,-11.52,3.12
BMY,BRISTOL-MYERS SQUIBB COMPANY,,Etats-Unis,NYSE,USD,40.44,2.55,17.23,9.34,42.39,11.50,5.22,1,4,0,2,4.67,41.53,31.68,246.81,6,6,3,4,2.66,18506000000.00,14.64,3.48,4.87
MTG,MGIC INVESTMENT CORPORATION,,Etats-Unis,NYSE,USD,14.31,0.13,23.26,14.63,0.30,23.71,0.64,2,5,2,0,0.45,2.98,3.73,21.42,2,6,2,5,-5.72,5147551000.00,60.84,2.50,1.29
HL,HECLA MINING COMPANY,,Etats-Unis,NYSE,USD,13.89,0.11,12.24,3.80,9.25,5.80,5.76,1,1,0,0,2.05,3.27,83.51,311.39,6,6,1,1,-0.05,2591646000.00,22.61,40.56,1.37
MTDR,MATADOR RESOURCES COMPANY,,Etats-Unis,NYSE,USD,15.03,0.58,9.55,19.92,4.72,13.50,4.38,4,5,2,4,7.86,34.32,74.03,68.19,6,6,4,5,2.91,5996652000.00,23.54,13.92,1.95
MTD,METTLER-TOLEDO INTERNATIONAL INC.,,Etats-Unis,NYSE,USD,-1154.87,-91.05,38.36,-1013.01,341.37,38.47,2.07,6,3,6,3,3.82,854.57,6.75,241.74,6,6,6,3,1.86,-23636000.00,21.59,3.09,
HLX,"HELIX ENERGY SOLUTIONS GROUP, INC.",,Etats-Unis,NYSE,USD,1.99,0.40,2.66,1.65,2.22,3.35,0.68,0,0,0,0,2.61,4.04,380.00,582.61,6,6,0,0,2.22,1579912000.00,2.39,0.07,1.66
COP,CONOCOPHILLIPS,,Etats-Unis,NYSE,USD,12.36,0.36,7.18,17.03,5.13,10.14,3.35,3,5,1,3,8.75,16.51,70.57,69.10,6,6,3,5,0.88,64487000000.00,13.55,2.47,1.89
VOYG,"VOYAGER TECHNOLOGIES, INC.",,Etats-Unis,NYSE,USD,-45.90,1.09,-28.41,-91.54,50.32,-23.77,11.39,0,0,0,0,3.70,62.29,0.00,0.00,3,3,0,0,,429533000.00,-67.50,10.59,2.45
BMO,BANK OF MONTREAL,,Etats-Unis,NYSE,USD,11.70,3.18,,8.49,2.91,,,,2,,1,,3.02,,71.37,0,6,,3,,88100000000.00,24.17,7.71,16.76
MTB,M&T BANK CORPORATION,,Etats-Unis,NYSE,USD,9.80,0.45,,9.85,0.62,,,,0,,0,,0.71,,15.49,0,6,,2,,29177000000.00,29.60,1.24,7.32
VOYA,VOYA FINANCIAL INC.,,Etats-Unis,NYSE,USD,11.24,0.46,0.64,12.25,0.98,0.66,0.02,0,3,0,1,0.02,7.85,4.48,80.42,2,6,0,4,-23.44,7039000000.00,9.18,5.23,25.41
COR,"CENCORA, INC.",,Etats-Unis,NYSE,USD,123.75,4.38,16.36,267.56,180.28,15.98,1.01,6,5,0,5,0.68,884.24,8.05,398.95,6,6,6,5,0.84,1747085000.00,0.49,10.71,43.84
P,EVERPURE INC.,,Etats-Unis,NYSE,USD,13.02,0.15,3.13,13.02,,3.13,,0,1,0,0,,,,,1,1,0,1,-11.59,1445668000.00,5.14,,3.23
GLOB,GLOBANT S.A.,,Etats-Unis,NYSE,USD,4.96,0.22,7.11,7.76,2.45,9.29,2.38,2,0,0,0,2.87,2.71,59.92,52.49,6,6,4,1,-0.10,2161636000.00,4.23,8.22,1.54
PAG,PENSKE AUTOMOTIVE GROUP INC.,,Etats-Unis,NYSE,USD,17.36,1.56,6.18,19.86,3.39,6.93,0.85,0,6,0,3,1.72,3.79,32.31,48.21,6,6,0,6,6.71,5580900000.00,2.95,3.79,3.15
GKOS,GLAUKOS CORPORATION,,Etats-Unis,NYSE,USD,-26.38,0.16,-28.31,-25.79,1.74,-20.27,7.02,0,0,0,0,7.06,5.06,0.00,0.00,6,6,0,0,,656155000.00,-36.99,26.98,1.36
BLDR,"BUILDERS FIRSTSOURCE, INC.",,Etats-Unis,NYSE,USD,10.06,1.17,8.47,21.91,10.99,13.90,5.37,5,5,2,5,5.21,11.75,74.40,82.64,6,6,5,6,6.26,4352251000.00,2.86,-5.74,1.91
PAY,PAYMENTUS HOLDINGS INC.,,Etats-Unis,NYSE,USD,12.80,0.01,17.26,9.28,3.71,10.94,5.91,2,2,1,0,5.40,5.03,103.59,100.80,6,6,3,2,-4.16,560389000.00,5.59,39.54,1.19
BLCO,BAUSCH + LOMB CORPORATION,,Etats-Unis,NYSE,USD,-5.39,0.78,1.13,-4.49,0.93,1.23,0.10,0,0,0,0,0.18,2.74,49.33,370.85,6,6,0,0,24.99,6519000000.00,-6.90,10.92,2.15
PAYC,"PAYCOM SOFTWARE, INC.",,Etats-Unis,NYSE,USD,27.42,0.05,23.44,29.90,4.30,27.13,4.79,6,6,5,6,3.41,3.31,27.97,21.37,6,6,6,6,-0.49,1731500000.00,22.10,10.06,4.39
PB,PROSPERITY BANCSHARES INC.,,Etats-Unis,NYSE,USD,7.21,0.26,,6.63,0.56,,,,0,,0,,1.07,,29.43,0,6,,0,,7616140000.00,45.19,6.05,5.05
PBA,PEMBINA PIPELINE CORPORATION,,Etats-Unis,NYSE,USD,9.88,0.79,5.99,10.79,0.79,6.37,0.33,0,1,0,0,1.22,7.42,18.17,49.87,6,6,0,3,4.90,16771000000.00,21.78,-7.68,2.12
PBF,PBF ENERGY INC.,,Etats-Unis,NYSE,USD,-2.88,0.53,-7.51,8.45,24.90,1.63,14.25,2,3,1,2,13.92,39.10,116.29,111.21,6,6,2,3,,5449900000.00,-0.55,-12.52,2.39
CPNG,COUPANG INC.,,Etats-Unis,NYSE,USD,4.91,1.00,3.84,16.12,22.33,4.87,1.99,0,2,0,2,48.19,8.18,49.72,102.46,6,6,0,3,-3.56,4623000000.00,0.62,19.01,3.85
PBH,PRESTIGE CONSUMER HEALTHCARE INC.,,Etats-Unis,NYSE,USD,10.22,0.55,6.96,12.01,1.66,7.79,0.72,0,4,0,0,0.47,10.25,15.43,138.88,6,6,0,5,3.17,1887516000.00,17.48,-1.64,1.85
PBI,PITNEY BOWES INC.,,Etats-Unis,NYSE,USD,-20.96,-2.64,21.05,90.84,141.90,13.16,8.14,2,3,1,3,0.66,161.64,21.18,108.37,6,6,2,3,4.71,-802360000.00,7.65,-23.88,
HOG,HARLEY-DAVIDSON INC.,,Etats-Unis,NYSE,USD,10.42,0.97,4.25,15.63,6.26,4.91,1.58,0,4,0,3,2.69,11.68,54.75,65.72,6,6,0,5,-0.10,3156850000.00,7.36,-12.45,2.55
CPRI,CAPRI HOLDINGS LTD.,,Etats-Unis,NYSE,USD,60.53,16.90,1.76,-24.11,90.54,2.39,2.00,1,3,0,3,2.44,78.26,94.24,442.51,6,6,2,3,16.47,84000000.00,3.97,-18.03,38.50
BKV,BKV CORPORATION,,Etats-Unis,NYSE,USD,10.39,0.55,-2.42,3.24,10.96,-3.28,1.05,2,1,2,1,1.47,12.94,109.38,122.31,6,6,2,2,,2066741000.00,16.51,24.22,1.91
MSA,MSA SAFETY INC.,,Etats-Unis,NYSE,USD,,0.46,,,,,,,,,,,,,,0,0,,,,1367012000.00,,,1.87
PATH,UIPATH INC.,,Etats-Unis,NYSE,USD,14.37,0.04,0.60,1.99,10.73,-9.79,9.00,0,1,0,0,23.27,52.38,0.00,917.39,6,6,0,2,-24.51,2082587000.00,17.53,10.96,1.53
GIS,"GENERAL MILLS, INC.",,Etats-Unis,NYSE,USD,-1.03,1.89,6.95,16.10,14.84,9.34,2.24,0,5,0,5,1.85,14.74,38.93,103.99,6,6,3,5,4.80,7380600000.00,-0.46,-3.67,4.07
PAGS,PAGSEGURO DIGITAL LTD.,,Etats-Unis,NYSE,USD,14.46,2.94,-5.21,14.27,1.00,8.36,12.30,4,5,1,0,12.62,1.14,120.84,15.09,6,6,5,6,4.55,14639570000.00,10.38,14.09,5.08
COTY,COTY INC.,,Etats-Unis,NYSE,USD,-16.09,0.98,2.33,-7.35,9.39,3.43,0.96,0,1,0,0,1.50,9.85,43.58,219.81,6,6,0,1,11.06,3379100000.00,-10.16,-2.58,3.02
BLSH,BULLISH INC.,,Etats-Unis,NYSE,USD,-27.57,0.18,1.11,26.04,67.16,0.77,0.62,0,1,0,1,1.06,31.89,2.63,127.19,3,3,0,1,-20.47,3298329000.00,-0.32,45.00,1.20
MSDL,MORGAN STANLEY DIRECT LENDING CORP.,,Etats-Unis,NYSE,USD,6.80,1.19,,11.24,4.08,,,,2,,0,,3.68,,66.43,0,6,,3,,1748089000.00,91.75,-28.08,2.24
COUR,COURSERA INC.,,Etats-Unis,NYSE,USD,-8.27,0.00,-26.58,-13.05,4.76,-34.15,7.47,0,1,0,1,4.04,23.96,0.00,285.56,6,6,0,1,,635700000.00,-6.73,9.15,1.57
HNGE,HINGE HEALTH INC.,,Etats-Unis,NYSE,USD,-132.86,0.02,-201.28,-53.67,69.50,-85.49,101.64,0,0,0,0,157.09,107.55,0.00,0.00,3,3,0,0,,378536000.00,-89.86,41.71,1.97
GL,GLOBE LIFE INC.,,Etats-Unis,NYSE,USD,20.59,0.44,8.52,21.82,1.21,8.30,0.32,0,4,0,3,0.22,6.41,0.00,10.52,2,6,0,5,-9.78,5974579000.00,19.37,4.90,5.16
MSCI,MSCI INC.,,Etats-Unis,NYSE,USD,-66.90,-2.38,39.36,-110.13,37.44,36.42,2.57,6,0,6,0,1.87,61.45,11.60,0.00,6,6,6,0,3.38,-2654540000.00,38.36,11.33,
BLND,BLEND LABS INC.,,Etats-Unis,NYSE,USD,40.54,-0.05,-22.93,-175.36,209.64,-43.40,22.74,0,1,0,1,10.49,170.66,0.00,0.00,6,6,0,1,,-30473000.00,-5.65,-11.23,
PAR,PAR TECHNOLOGY CORPORATION,,Etats-Unis,NYSE,USD,-9.95,0.49,-4.39,-10.16,9.44,-6.24,1.71,0,0,0,0,4.81,2.96,0.00,0.00,6,6,0,0,,825150000.00,-18.54,4.67,1.66
HNI,HNI CORPORATION,,Etats-Unis,NYSE,USD,4.05,0.87,6.03,9.53,6.99,8.39,2.55,0,2,0,1,1.38,2.92,45.63,80.27,6,6,1,3,5.76,1835600000.00,1.91,8.00,2.66
BLK,"BLACKROCK, INC.",,Etats-Unis,NYSE,USD,10.72,0.24,4.13,13.10,2.06,4.30,0.21,0,5,0,0,0.66,2.09,8.83,33.87,6,6,0,6,0.09,61542000000.00,24.54,16.45,2.76
PARR,PAR PACIFIC HOLDINGS INC.,,Etats-Unis,NYSE,USD,26.76,0.79,14.00,32.57,38.45,14.71,14.01,3,3,2,3,13.96,106.27,96.47,103.30,6,6,3,3,2.09,1552516000.00,4.92,-4.77,2.47
CP,CANADIAN PACIFIC KANSAS CITY LIMITED,,Etats-Unis,NYSE,USD,10.00,0.50,5.82,8.87,1.66,4.83,0.86,0,2,0,1,0.82,1.67,64.23,79.16,6,6,1,3,4.17,46825000000.00,27.44,9.59,1.84
BKU,"BANKUNITED, INC.",,Etats-Unis,NYSE,USD,9.15,0.61,,8.30,1.05,,,,1,,0,,1.66,,48.30,0,6,,2,,3053829000.00,24.55,6.68,11.47
OXY,OCCIDENTAL PETROLEUM CORPORATION,,Etats-Unis,NYSE,USD,6.67,0.64,3.09,10.57,4.53,5.59,2.58,1,2,0,1,4.04,52.35,82.50,87.36,6,6,1,3,5.75,36598000000.00,10.97,-12.58,2.30
MTN,"VAIL RESORTS, INC.",,Etats-Unis,NYSE,USD,33.25,4.57,9.08,23.97,8.16,9.26,0.59,0,4,0,3,3.09,9.58,19.89,10.63,6,6,1,4,5.58,753904000.00,10.05,1.29,7.66
ORCL,ORACLE CORPORATION,,Etats-Unis,NYSE,USD,53.38,3.63,11.17,109.89,74.20,11.88,0.61,5,5,0,5,0.83,318.30,40.71,105.53,6,6,6,5,5.54,43056000000.00,25.37,12.78,6.08
ORI,OLD REPUBLIC INTERNATIONAL CORP.,,Etats-Unis,NYSE,USD,16.31,0.27,3.85,13.34,3.47,3.76,0.13,0,3,0,1,0.09,2.73,0.00,59.42,2,6,0,4,-1.31,5928200000.00,10.31,12.19,5.04
HHH,HOWARD HUGHES HOLDINGS INC.,,Etats-Unis,NYSE,USD,3.71,1.33,2.34,-2.05,12.64,2.66,2.03,0,0,0,0,2.08,11.13,73.42,429.03,6,6,0,0,12.09,3842246000.00,8.40,20.01,2.77
WHR,WHIRLPOOL CORPORATION,,Etats-Unis,NYSE,USD,12.08,2.65,5.14,6.76,15.93,7.07,2.37,2,4,0,2,3.12,35.87,69.78,209.12,6,6,2,4,8.97,2715000000.00,2.20,-10.67,5.89
CODI,COMPASS DIVERSIFIED HOLDINGS,,Etats-Unis,NYSE,USD,-53.20,3.27,1.18,-22.16,36.61,1.66,2.18,0,1,0,0,1.93,38.12,105.69,392.15,6,6,0,2,42.45,573663000.00,-15.68,-4.61,5.30
COF,CAPITAL ONE FINANCIAL CORPORATION,,Etats-Unis,NYSE,USD,2.81,0.44,,6.54,3.26,,,,2,,1,,3.95,,86.25,0,6,,2,,113616000000.00,4.59,20.52,5.89
BORR,BORR DRILLING LTD.,,Etats-Unis,NYSE,USD,4.06,1.76,6.69,4.90,3.06,6.95,1.13,0,0,0,0,5.14,19.77,18.32,51.08,6,6,0,0,5.50,1222600000.00,4.41,15.02,2.97
MUX,MCEWEN MINING INC.,,Etats-Unis,NYSE,USD,6.61,0.23,-1.49,1.86,9.21,-7.09,9.62,0,0,0,0,6.53,18.46,0.00,213.32,6,6,0,0,,546237000.00,17.43,9.01,1.50
HIG,"THE HARTFORD INSURANCE GROUP, INC.",,Etats-Unis,NYSE,USD,21.66,0.23,6.38,19.50,2.20,5.89,0.70,0,4,0,1,0.50,4.13,0.00,11.44,2,6,0,5,-3.59,18979000000.00,13.67,7.41,4.53
GMED,GLOBUS MEDICAL INC.,,Etats-Unis,NYSE,USD,12.29,0.03,10.95,6.34,5.22,6.91,3.52,2,1,0,0,3.91,3.90,64.61,76.23,6,6,3,2,-0.82,4573250000.00,18.30,36.88,1.16
ORN,ORION GROUP HOLDINGS INC.,,Etats-Unis,NYSE,USD,1.61,0.41,4.47,-4.46,8.20,1.47,3.81,0,1,0,0,4.74,6.09,208.39,208.75,6,6,0,1,5.21,159032000.00,0.29,9.42,2.61
HII,HUNTINGTON INGALLS INDUSTRIES INC.,,Etats-Unis,NYSE,USD,12.42,0.58,5.21,14.31,3.16,5.75,1.33,0,6,0,2,0.58,4.64,58.90,66.07,6,6,1,6,3.52,5073000000.00,4.85,4.40,2.51
VRT,VERTIV HOLDINGS CO,,Etats-Unis,NYSE,USD,41.81,0.82,30.15,30.24,10.25,21.00,8.02,3,4,1,3,6.74,47.51,65.02,56.77,6,6,3,4,-0.17,3941300000.00,13.03,22.09,3.10
ORC,ORCHID ISLAND CAPITAL INC.,,Etats-Unis,NYSE,USD,15.59,0.00,,4.53,12.24,,,,1,,0,,22.89,,8498.04,0,6,,1,,1371948000.00,88.59,,8.51
MWA,MUELLER WATER PRODUCTS INC.,,Etats-Unis,NYSE,USD,21.40,0.46,17.16,16.34,4.61,13.06,4.01,2,3,0,1,0.50,0.87,9.70,6.23,6,6,2,6,0.07,981700000.00,13.41,5.86,1.87
BOW,BOWHEAD SPECIALTY HOLDINGS INC.,,Etats-Unis,NYSE,USD,13.12,0.33,4.94,14.97,2.80,4.82,0.18,0,4,0,0,0.13,0.31,0.00,27.87,2,4,0,4,-11.82,449274000.00,9.75,39.50,5.28
TRLV,TRULIEVE CANNABIS CORP.,,Etats-Unis,NYSE,USD,-10.70,0.49,3.67,-10.70,,3.67,,0,0,0,0,,,,,1,1,0,0,2.08,1143009000.00,-10.35,,2.36
OOMA,OOMA INC.,,Etats-Unis,NYSE,USD,7.25,0.79,3.06,-1.03,11.70,-3.78,9.68,0,0,0,0,4.35,0.94,0.00,0.00,5,5,0,0,7.72,92916000.00,2.36,6.52,2.45
CNX,CNX RESOURCES CORPORATION,,Etats-Unis,NYSE,USD,15.01,0.60,7.75,19.98,24.98,4.19,3.17,1,2,1,1,4.40,6.47,93.80,104.55,6,6,2,2,3.31,4337016000.00,29.55,19.26,2.10
STT,STATE STREET CORP,,Etats-Unis,NYSE,USD,11.08,1.04,,9.99,1.77,,,,0,,0,,1.51,,24.81,0,6,,4,,27841000000.00,21.09,8.13,13.15
HGV,HILTON GRAND VACATIONS INC.,,Etats-Unis,NYSE,USD,5.94,5.10,4.31,7.87,6.07,5.52,1.31,0,3,0,0,4.38,37.30,42.84,82.42,6,6,0,3,10.89,1440000000.00,1.96,12.64,8.01
OPFI,OPPFI INC.,,Etats-Unis,NYSE,USD,53.86,1.08,61.83,38.46,15.76,53.90,7.37,6,5,6,5,5.88,29.48,7.68,97.30,6,6,6,5,0.61,308876000.00,24.49,8.31,2.44
GME,GAMESTOP CORP.,,Etats-Unis,NYSE,USD,8.07,0.80,0.28,4.25,3.79,-4.42,4.36,0,0,0,0,8.33,28.02,0.00,0.00,6,6,0,0,-16.27,5444400000.00,11.53,-17.03,1.91
VSH,VISHAY INTERTECHNOLOGY INC.,,Etats-Unis,NYSE,USD,-0.44,0.51,0.95,4.49,9.39,5.38,6.47,3,3,1,1,7.49,10.44,95.32,106.22,6,6,3,3,9.81,2088273000.00,-0.29,-5.02,2.03
MX,MAGNACHIP SEMICONDUCTOR CORPORATION,,Etats-Unis,NYSE,USD,-11.32,0.19,-13.35,-12.76,4.19,-17.21,3.37,1,2,0,1,9.75,7.89,232.93,117.51,6,6,2,2,,248250000.00,-16.62,-11.83,1.42
GMRS,GMR SOLUTIONS INC.,,Etats-Unis,NYSE,USD,105.18,26.31,8.88,58.02,66.69,8.34,0.77,0,1,0,1,0.55,47.16,0.00,0.00,2,2,0,2,5.68,204155000.00,3.59,-3.96,36.65
OPTU,ALTICE USA INC.,,Etats-Unis,NYSE,USD,133.36,-11.54,4.11,44.69,78.69,4.19,0.10,0,2,0,1,0.16,42.97,36.26,0.00,6,6,0,2,16.16,-2292228000.00,-21.34,-3.56,
OR,OR ROYALTIES INC COMMON STOCK,,Etats-Unis,NYSE,USD,15.73,0.00,13.44,4.68,9.78,8.03,4.68,1,1,0,0,1.50,5.69,0.37,1284.09,6,6,1,1,-1.38,1432041000.00,74.30,5.90,1.09
BOX,BOX INC.,,Etats-Unis,NYSE,USD,58.51,2.68,10.36,399.22,481.24,11.59,1.68,1,4,0,4,12.74,55.45,23.26,136.76,6,6,3,4,0.60,197098000.00,9.80,6.51,7.84
CON,CONCENTRA GROUP HOLDINGS INC.,,Etats-Unis,NYSE,USD,48.07,5.00,11.52,27.85,18.37,11.07,0.47,0,4,0,2,0.86,6.11,0.00,29.50,4,4,3,4,5.82,420429000.00,7.99,8.49,6.80
BOOT,"BOOT BARN HOLDINGS, INC.",,Etats-Unis,NYSE,USD,18.44,0.59,11.94,17.66,0.70,11.51,0.45,2,6,1,2,1.34,1.77,53.92,55.84,6,6,5,6,2.11,1318656000.00,10.02,16.28,1.86
MUSA,MURPHY USA INC.,,Etats-Unis,NYSE,USD,64.31,4.40,15.28,66.77,8.07,16.67,1.59,6,6,1,6,1.55,10.44,30.20,35.21,6,6,6,6,3.67,623500000.00,2.43,-5.11,7.58
VPG,VISHAY PRECISION GROUP INC.,,Etats-Unis,NYSE,USD,1.62,0.13,1.58,4.27,3.45,4.40,3.58,0,1,0,0,3.95,3.15,85.68,87.07,6,6,1,1,-4.44,336227000.00,1.74,-6.98,1.36
THC,TENET HEALTHCARE CORPORATION,,Etats-Unis,NYSE,USD,27.02,1.47,12.93,36.92,18.11,10.58,2.13,1,6,0,6,0.73,2.49,9.24,53.28,6,6,2,6,2.99,8973000000.00,11.11,1.84,3.31
OVV,OVINTIV INC.,,Etats-Unis,NYSE,USD,11.54,0.57,,15.17,6.87,13.06,4.45,2,3,1,3,6.25,101.86,58.64,80.93,5,6,2,5,2.98,11195000000.00,,-15.91,1.82
GLW,CORNING INCORPORATED,,Etats-Unis,NYSE,USD,14.90,0.76,8.13,8.48,5.56,4.86,2.85,0,2,0,0,1.61,3.56,57.74,65.35,6,6,0,3,3.44,12307000000.00,11.15,11.43,2.52
MTRN,MATERION CORPORATION,,Etats-Unis,NYSE,USD,8.26,0.56,6.26,6.76,5.50,6.62,1.15,0,0,0,0,2.19,6.50,28.07,94.10,6,6,0,3,4.58,943277000.00,4.19,3.58,1.91
BNL,BROADSTONE NET LEASE INC.,,Etats-Unis,NYSE,USD,3.22,0.83,3.63,4.54,1.15,3.58,0.06,0,0,0,0,0.40,1.29,13.70,39.59,6,6,0,0,10.86,3033461000.00,21.89,1.26,1.88
OWL,BLUE OWL CAPITAL INC.,,Etats-Unis,NYSE,USD,5.15,0.64,3.05,5.61,1.80,3.64,1.15,0,1,0,0,47.00,41.70,38.51,509.85,6,6,0,1,8.04,6054199000.00,10.64,28.74,2.06
GLT,MAGNERA CORP.,,Etats-Unis,NYSE,USD,-27.50,3.37,1.09,-23.79,23.40,1.21,0.11,0,0,0,0,0.11,20.82,72.26,1300.00,6,6,0,0,40.83,256854000.00,-5.71,13.02,6.09
COMP,COMPASS INC.,,Etats-Unis,NYSE,USD,-9.79,0.60,-2.02,-37.86,28.73,-12.07,9.93,0,2,0,2,13.98,45.85,0.00,101.36,6,6,0,2,,787300000.00,-0.84,19.38,1.96
HIW,"HIGHWOODS PROPERTIES, INC.",,Etats-Unis,NYSE,USD,6.68,1.46,2.69,5.64,1.26,2.80,0.12,0,2,0,0,0.28,1.35,21.80,70.74,6,6,0,2,16.84,2435654000.00,20.18,-1.69,2.58
BNS,BANK OF NOVA SCOTIA,,Etats-Unis,NYSE,USD,10.43,3.55,,9.46,1.18,,,,2,,0,,1.18,,41.35,0,6,,3,,88587000000.00,20.91,8.03,16.48
OUT,OUTFRONT MEDIA INC.,,Etats-Unis,NYSE,USD,19.37,5.63,5.43,4.07,40.01,4.60,0.92,0,2,0,1,2.02,28.59,19.78,479.87,6,6,0,3,12.95,733900000.00,8.03,0.30,7.24
BNY,BLACKROCK NEW YORK MUNICIPAL INCOME TRUST,,Etats-Unis,NYSE,USD,24.76,0.77,,9.32,13.53,,,,1,,1,,11.36,,355.68,0,6,,1,,44808000000.00,28.26,,10.54
GM,GENERAL MOTORS COMPANY,,Etats-Unis,NYSE,USD,4.32,2.08,0.97,9.08,4.84,3.24,1.98,0,4,0,0,2.04,5.83,81.02,74.91,6,6,0,4,28.43,63168000000.00,1.50,3.76,4.45
MUR,MURPHY OIL CORPORATION,,Etats-Unis,NYSE,USD,2.62,0.42,3.72,8.36,5.48,6.67,2.91,1,2,0,1,6.06,20.19,78.32,89.11,6,6,1,2,4.28,5236697000.00,5.16,-11.69,1.88
OSCR,"OSCAR HEALTH, INC.",,Etats-Unis,NYSE,USD,-44.35,0.44,-10.34,-24.45,24.47,-4.39,8.41,0,1,0,1,5.95,660.91,762.82,3867.82,2,6,0,1,,980735000.00,-3.79,41.29,6.45
OSG,"OCTAVE SPECIALTY GROUP, INC.",,Etats-Unis,NYSE,USD,-22.71,0.11,-1.28,-25.49,44.95,1.98,5.30,0,1,0,0,2.36,42.07,157.05,498.50,6,6,0,1,,1086166000.00,-104.20,-25.82,2.05
OSK,OSHKOSH CORPORATION,,Etats-Unis,NYSE,USD,14.90,0.24,10.38,16.53,1.41,11.44,1.03,2,4,0,0,3.15,6.51,57.56,64.93,6,6,4,4,0.66,4530500000.00,6.21,3.88,2.22
HIMS,"HIMS & HERS HEALTH, INC.",,Etats-Unis,NYSE,USD,25.23,2.07,10.79,16.25,20.48,6.58,17.95,1,3,1,2,35.51,69.21,51.07,1030.17,6,6,2,3,5.14,540928000.00,5.47,64.08,3.98
COLD,AMERICOLD REALTY TRUST,,Etats-Unis,NYSE,USD,-3.70,1.54,2.05,-5.16,3.41,2.10,0.23,0,0,0,0,0.52,4.40,36.54,1493.85,6,6,0,0,21.54,2922013000.00,-4.43,-1.35,2.78
COHR,COHERENT CORP.,,Etats-Unis,NYSE,USD,7.98,0.31,5.84,2.09,5.25,3.13,2.56,2,1,1,1,3.04,6.54,98.96,111.19,6,6,2,1,1.72,11238200000.00,11.05,22.96,1.63
OTIS,OTIS WORLDWIDE CORPORATION,,Etats-Unis,NYSE,USD,-29.10,-1.61,51.92,-32.58,3.85,56.24,4.03,6,0,6,0,8.94,6.84,13.31,0.00,6,6,6,0,3.34,-5271000000.00,10.08,0.78,
MTZ,"MASTEC, INC. COMMON STOCK",,Etats-Unis,NYSE,USD,13.35,0.84,8.18,6.20,7.57,4.84,3.68,0,3,0,0,4.11,8.77,90.26,110.75,6,6,0,3,3.68,3334521000.00,2.95,9.18,2.98
BOBS,"BOB'S DISCOUNT FURNITURE, INC.",,Etats-Unis,NYSE,USD,38.76,7.19,10.68,26.48,10.64,9.15,1.34,0,3,0,3,0.45,0.55,5.23,0.00,3,3,1,3,6.20,163920000.00,5.14,8.59,11.05
MTW,MANITOWOC COMPANY INC.,,Etats-Unis,NYSE,USD,1.08,0.74,3.01,5.64,4.09,4.37,2.06,0,0,0,0,0.38,12.94,55.34,1326.19,6,6,0,0,7.45,695200000.00,0.32,0.29,2.62
OTF,BLUE OWL TECHNOLOGY FINANCE CORP.,,Etats-Unis,NYSE,USD,12.35,0.78,,10.58,2.50,7.03,,0,1,0,0,,1.77,,0.00,1,2,0,1,,8041598000.00,92.43,120.49,1.83
GIL,GILDAN ACTIVEWEAR INC.,,Etats-Unis,NYSE,USD,15.90,1.30,10.68,22.39,6.02,14.27,3.12,4,5,2,4,10.35,23.85,58.72,54.45,6,6,5,5,5.87,3562221000.00,11.02,6.42,2.94
BKSY,BLACKSKY TECHNOLOGY INC.,,Etats-Unis,NYSE,USD,-74.40,2.21,-19.32,-61.88,12.17,-23.67,6.12,0,1,0,1,21.91,161.49,0.00,662.15,6,6,0,1,,94875000.00,-65.93,6.20,4.07
WMB,"THE WILLIAMS COMPANIES, INC.",,Etats-Unis,NYSE,USD,18.56,1.96,6.30,19.06,3.55,6.11,0.86,0,4,0,1,0.83,8.52,24.53,30.88,6,6,0,5,6.65,14995000000.00,23.16,4.67,3.91
HUM,HUMANA INC.,,Etats-Unis,NYSE,USD,7.04,0.70,6.09,10.04,4.89,6.23,0.20,0,4,0,1,0.14,7.80,4.40,71.30,2,6,0,4,-3.45,17737000000.00,0.93,10.41,2.76
CSL,CARLISLE COMPANIES INC.,,Etats-Unis,NYSE,USD,34.79,1.60,16.95,36.86,11.81,15.65,2.38,4,6,0,4,4.24,12.47,12.47,29.82,6,6,4,6,1.77,1795400000.00,14.76,4.61,3.49
BH.A,BIGLARI HOLDINGS INC.,,Etats-Unis,NYSE,USD,-6.84,0.69,2.66,0.71,8.31,3.56,1.52,0,0,0,0,0.81,3.31,50.74,191.72,6,6,0,0,0.95,523429000.00,-9.48,4.02,1.96
PHM,PULTEGROUP INC.,,Etats-Unis,NYSE,USD,17.67,0.18,15.75,24.01,5.50,19.55,3.38,6,6,4,5,4.16,6.43,36.47,44.63,6,6,6,6,-0.10,12985442000.00,12.82,3.82,1.39
HUN,HUNTSMAN CORPORATION,,Etats-Unis,NYSE,USD,-7.42,0.81,-0.28,-2.35,5.94,0.60,0.77,0,3,0,2,1.76,11.72,102.77,125.57,6,6,1,3,,2957000000.00,-3.99,-3.57,2.37
CSLT,CASTLIGHT HEALTH INC,,Etats-Unis,NYSE,USD,12.79,-0.03,-22.24,10.52,1.97,-60.04,32.74,0,1,0,0,0.18,0.37,0.00,3.87,3,3,0,1,,-517209000.00,-42.39,-3.15,
BGS,B&G FOODS INC.,,Etats-Unis,NYSE,USD,-8.85,4.42,5.12,-17.85,16.54,5.22,0.11,0,1,0,0,0.74,18.98,29.62,332.77,6,6,0,1,10.60,452925000.00,-2.37,-5.83,6.26
CSPR,CASPER SLEEP INC,,Etats-Unis,NYSE,USD,24.20,-0.16,-71.33,26.41,3.12,-77.99,9.42,0,2,0,2,6.66,2.21,0.00,15.41,2,2,0,2,,-414781000.00,-18.02,13.15,
CSQR,"CSQUARE, INC.",,Etats-Unis,NYSE,USD,-36.80,-44.44,1.52,11.06,67.68,0.40,1.58,0,1,0,1,1.12,47.86,0.00,162.47,2,2,0,1,54.71,-126746000.00,-12.15,8.75,
VLTO,VERALTO CORPORATION,,Etats-Unis,NYSE,USD,36.50,0.93,23.60,40.42,7.01,23.31,0.25,5,5,5,5,0.49,9.69,1.14,24.76,5,5,5,5,0.66,3106000000.00,17.08,4.69,2.48
HUBS,"HUBSPOT, INC.",,Etats-Unis,NYSE,USD,2.31,0.13,-2.82,-4.22,9.61,-7.83,5.02,0,0,0,0,4.33,3.05,0.00,0.00,6,6,0,0,-126.28,2066244000.00,1.47,20.12,1.87
HUBB,HUBBELL INC.,,Etats-Unis,NYSE,USD,24.98,0.64,16.05,26.50,2.29,16.26,0.69,4,6,0,4,3.92,5.39,7.81,14.25,6,6,5,6,1.65,3857900000.00,15.26,4.30,2.13
PH,PARKER-HANNIFIN CORPORATION,,Etats-Unis,NYSE,USD,25.08,0.55,14.24,25.96,1.27,13.17,1.30,2,6,0,5,1.17,5.04,14.80,26.59,6,6,6,6,1.73,15413000000.00,16.97,3.86,2.00
GETY,"GETTY IMAGES HOLDINGS, INC. CLASS A COMMON STOCK",,Etats-Unis,NYSE,USD,-31.26,3.33,6.03,-7.52,20.60,6.37,0.32,0,1,0,1,0.45,17.16,27.00,190.69,6,6,0,1,10.34,600626000.00,-21.01,3.47,5.39
PFS,PROVIDENT FINANCIAL SERVICES INC.,,Etats-Unis,NYSE,USD,10.72,0.86,,7.97,2.67,,,,0,,0,,2.78,,49.53,0,6,,3,,2833212000.00,33.45,34.76,8.82
WM,"WASTE MANAGEMENT, INC.",,Etats-Unis,NYSE,USD,29.70,2.29,9.03,33.01,3.27,9.62,0.61,0,6,0,6,1.10,7.14,11.82,18.05,6,6,1,6,4.93,9991000000.00,10.75,11.08,4.59
PFSI,PENNYMAC FINANCIAL SERVICES INC.,,Etats-Unis,NYSE,USD,12.31,5.35,1.87,8.30,4.09,1.83,0.20,0,4,0,2,0.86,5.81,71.30,91.50,6,6,0,4,39.98,4308976000.00,11.34,47.23,6.82
MOS,MOSAIC COMPANY,,Etats-Unis,NYSE,USD,4.83,0.43,3.25,5.44,4.10,3.61,1.91,1,2,0,1,2.29,4.42,90.07,94.67,6,6,2,2,4.64,12234200000.00,4.77,-6.19,2.00
VMC,VULCAN MATERIALS COMPANY,,Etats-Unis,NYSE,USD,12.92,0.57,7.66,12.51,0.72,7.68,0.18,0,2,0,0,1.10,1.76,17.00,19.91,6,6,0,4,3.00,8548900000.00,13.58,1.02,1.95
WMS,"ADVANCED DRAINAGE SYSTEMS, INC.",,Etats-Unis,NYSE,USD,23.88,0.92,15.10,33.34,10.80,20.94,5.43,6,6,3,6,3.92,5.00,41.59,50.97,6,6,6,6,2.11,1955964000.00,14.06,3.01,2.30
PG,PROCTER & GAMBLE CO,,Etats-Unis,NYSE,USD,30.29,0.64,16.79,30.74,0.48,17.33,0.49,6,6,0,6,0.35,0.47,5.36,4.27,6,6,6,6,1.27,54311000000.00,18.55,1.77,2.33
HSY,THE HERSHEY COMPANY,,Etats-Unis,NYSE,USD,18.89,1.24,9.76,39.87,18.17,19.07,8.10,5,6,5,5,7.12,19.39,60.18,68.18,6,6,5,6,3.29,4636750000.00,7.55,2.34,2.96
BHC,BAUSCH HEALTH COMPANIES INC.,,Etats-Unis,NYSE,USD,436.36,55.31,6.49,-71.51,569.06,5.72,0.67,0,2,0,2,0.84,334.84,4.01,0.00,6,6,0,2,8.94,377000000.00,1.17,8.27,69.94
HTGC,HERCULES CAPITAL INC.,,Etats-Unis,NYSE,USD,16.16,1.04,,17.03,3.68,,,,5,,1,,4.47,,57.19,0,6,,5,,2216053000.00,77.47,1.40,2.07
PGR,PROGRESSIVE CORPORATION,,Etats-Unis,NYSE,USD,40.45,0.23,11.30,33.00,10.04,10.05,1.77,0,5,0,4,1.25,14.73,0.00,87.37,2,6,1,5,-0.89,30323000000.00,12.90,18.81,4.06
GEV,GE VERNOVA INC.,,Etats-Unis,NYSE,USD,42.63,0.10,5.32,18.11,23.73,0.50,5.38,0,2,0,1,9.17,22.03,0.00,0.00,4,4,0,2,-5.86,12296000000.00,12.82,7.02,5.12
WLY,JOHN WILEY & SONS INC.,,Etats-Unis,NYSE,USD,27.69,0.91,12.18,5.51,25.56,9.77,2.09,1,3,0,1,1.54,20.99,22.46,265.19,6,6,1,4,2.34,848242000.00,13.22,-5.39,3.06
PHR,PHREESIA INC.,,Etats-Unis,NYSE,USD,0.77,0.30,-2.08,-24.22,25.81,-29.37,30.93,0,0,0,0,27.59,18.04,0.00,0.00,6,6,0,0,,337207000.00,0.48,16.14,1.97
TGT,TARGET CORPORATION,,Etats-Unis,NYSE,USD,24.03,1.26,12.54,28.90,4.76,13.46,0.85,6,6,2,6,1.01,5.02,69.41,54.64,6,6,6,6,1.82,16165000000.00,3.54,-1.23,3.68
VLN,VALENS SEMICONDUCTOR LTD.,,Etats-Unis,NYSE,USD,-25.50,0.08,-43.32,-20.39,7.45,-39.10,8.13,0,1,0,1,9.65,19.61,0.00,322.28,6,6,0,1,,104983000.00,-44.72,-8.39,1.28
BF.B,BROWN-FORMAN CORPORATION,,Etats-Unis,NYSE,USD,17.85,0.62,13.32,23.72,6.19,13.24,0.10,6,6,0,5,0.94,6.70,30.57,47.50,6,6,6,6,1.90,4020000000.00,18.20,-3.04,1.96
BFAM,BRIGHT HORIZONS FAMILY SOLUTIONS INC.,,Etats-Unis,NYSE,USD,14.75,1.31,7.18,10.83,4.16,5.40,1.85,0,1,0,0,1.30,2.79,6.43,9.38,6,6,0,2,5.10,1339291000.00,6.58,10.14,2.90
PL,PLANET LABS PBC,,Etats-Unis,NYSE,USD,-78.40,2.45,-26.18,-43.25,30.44,-35.12,10.03,0,0,0,0,8.70,57.09,0.00,0.00,6,6,0,0,,188431000.00,-80.22,18.08,6.08
MOG.A,MOOG INC.,,Etats-Unis,NYSE,USD,12.20,0.47,9.62,11.73,0.55,9.67,0.46,0,1,0,0,1.19,6.22,5.22,8.07,6,6,1,5,2.16,1992555000.00,6.09,7.85,2.22
CTO,"CTO REALTY GROWTH, INC.",,Etats-Unis,NYSE,USD,1.71,1.09,2.45,0.83,1.08,1.69,0.88,0,1,0,1,0.63,1.14,61.38,101.65,6,6,0,1,17.19,567346000.00,6.75,17.07,2.23
GENI,GENIUS SPORTS LTD.,,Etats-Unis,NYSE,USD,-17.21,0.04,-20.95,-14.37,3.13,-13.42,6.64,0,1,0,1,49.99,111.73,0.00,1060.86,6,6,0,1,,724475000.00,-16.67,27.32,1.56
CTOS,"CUSTOM TRUCK ONE SOURCE, INC.",,Etats-Unis,NYSE,USD,-3.72,2.99,3.23,-0.44,5.25,3.79,1.36,0,1,0,1,1.50,25.90,83.57,164.05,6,6,0,1,17.03,809103000.00,-1.60,2.09,4.25
CTRE,CARETRUST REIT INC.,,Etats-Unis,NYSE,USD,9.17,0.22,2.32,6.54,2.33,2.83,1.41,0,0,0,0,2.02,4.61,66.28,109.60,6,6,0,0,3.25,4058968000.00,86.70,36.39,1.27
CTRI,CENTURI HOLDINGS INC.,,Etats-Unis,NYSE,USD,3.15,1.07,3.80,-13.62,25.09,4.21,0.86,0,0,0,0,0.91,34.10,30.38,711.96,5,5,0,0,8.74,878393000.00,0.76,1.43,2.74
BETA,"BETA TECHNOLOGIES, INC.",,Etats-Unis,NYSE,USD,-41.03,0.11,-28.92,-41.03,,-28.92,,0,0,0,0,,,,,1,1,0,0,,1817836000.00,-2094.19,,1.16
PLD,PROLOGIS INC.,,Etats-Unis,NYSE,USD,6.13,0.62,3.11,6.18,0.58,2.99,0.11,0,0,0,0,0.40,1.27,3.02,33.88,6,6,0,0,10.11,57754008000.00,40.56,4.67,1.71
HWM,HOWMET AEROSPACE INC.,,Etats-Unis,NYSE,USD,30.44,0.60,19.56,25.79,5.29,15.59,4.13,2,4,0,3,2.51,7.86,0.00,0.27,6,6,3,4,1.16,5353000000.00,18.27,11.48,2.09
VLO,VALERO ENERGY CORPORATION,,Etats-Unis,NYSE,USD,8.30,0.44,7.44,17.64,14.13,11.55,7.61,2,2,2,2,6.13,8.95,75.68,84.18,6,6,2,3,1.63,26605000000.00,1.83,-7.94,2.18
BFH,BREAD FINANCIAL HOLDINGS INC.,,Etats-Unis,NYSE,USD,16.24,1.32,,17.74,9.31,,,0,4,0,2,3.73,4.46,0.00,79.10,2,6,1,5,,3327000000.00,13.47,-5.38,6.81
PKG,PACKAGING CORPORATION OF AMERICA,,Etats-Unis,NYSE,USD,,0.95,,,,,,,,,,,,,,0,0,,,,4598000000.00,,,2.33
CSTM,CONSTELLIUM SE,,Etats-Unis,NYSE,USD,32.39,2.00,9.21,18.63,12.64,7.38,1.86,0,5,0,3,1.48,11.92,51.11,97.27,6,6,1,5,3.85,971000000.00,3.25,8.03,5.51
BG,BUNGE GLOBAL S.A.,,Etats-Unis,NYSE,USD,5.94,0.91,3.17,12.61,7.98,7.77,5.21,1,4,0,2,3.95,8.25,76.38,79.68,6,6,3,5,10.53,17422000000.00,1.20,8.68,2.56
PII,POLARIS INC.,,Etats-Unis,NYSE,USD,-43.70,2.00,0.82,1.45,42.19,8.03,8.05,4,3,3,3,12.24,41.39,96.04,204.82,6,6,4,4,44.51,832900000.00,-6.50,-10.53,5.88
CSW,CSW INDUSTRIALS INC.,,Etats-Unis,NYSE,USD,10.44,0.88,9.04,11.52,1.52,11.20,3.06,1,1,0,0,2.16,1.08,32.39,17.08,2,2,1,2,4.95,1069398000.00,10.42,23.25,2.17
GEO,"THE GEO GROUP, INC.",,Etats-Unis,NYSE,USD,17.92,1.15,6.28,9.69,7.79,6.97,0.72,0,3,0,0,1.35,4.99,18.65,84.86,6,6,0,3,5.61,1504134000.00,9.66,4.43,2.56
MOH,MOLINA HEALTHCARE INC.,,Etats-Unis,NYSE,USD,11.02,0.97,15.72,22.83,10.36,29.75,12.27,6,5,5,5,10.69,9.88,59.43,65.68,6,6,6,6,-5.51,4069000000.00,1.04,15.47,3.83
PIPR,PIPER SANDLER COMPANIES,,Etats-Unis,NYSE,USD,19.61,0.07,,12.99,6.05,,,,2,,1,,3.07,,74.75,0,6,,3,,1582793000.00,16.01,18.86,1.64
PJT,PJT PARTNERS INC.,,Etats-Unis,NYSE,USD,32.42,0.41,26.07,25.82,7.30,22.82,4.00,6,6,5,5,4.00,6.23,34.32,41.77,6,6,6,6,-0.34,1009043000.00,18.07,21.90,1.83
PK,PARK HOTELS & RESORTS INC.,,Etats-Unis,NYSE,USD,-8.31,1.32,2.11,0.15,7.54,2.49,0.41,0,0,0,0,4.41,16.39,27.74,235.34,6,6,0,0,16.88,3076000000.00,-10.90,-2.95,2.50
WNC,WABASH NATIONAL CORPORATION,,Etats-Unis,NYSE,USD,75.81,1.24,25.11,16.07,81.29,8.48,31.47,3,3,2,3,23.27,58.69,198.86,256.46,6,6,3,3,1.32,368542000.00,13.72,-22.01,3.18
BFLY,"BUTTERFLY NETWORK, INC.",,Etats-Unis,NYSE,USD,-42.25,0.10,-57.58,-42.85,5.90,-59.09,13.06,0,1,0,1,141.77,19.17,0.00,268.07,6,6,0,1,,195979000.00,-78.95,21.70,1.51
PINS,"PINTEREST, INC. CLASS A",,Etats-Unis,NYSE,USD,8.78,0.06,10.83,18.38,25.69,3.94,8.47,1,1,0,1,7.75,7.37,130.61,125.38,6,6,2,2,-9.92,4745238000.00,9.87,17.55,1.16
PCG,PG&E CORPORATION,,Etats-Unis,NYSE,USD,8.55,1.87,2.60,8.97,0.39,2.47,0.16,0,0,0,0,0.43,9.79,8.98,8.36,6,6,0,0,12.50,32792000000.00,10.84,1.03,4.32
BHVN,BIOHAVEN LTD.,,Etats-Unis,NYSE,USD,-310.75,5.47,,-198.01,113.16,,,,0,,0,,78.31,,0.00,0,6,,0,,52072000.00,,,8.67
PFLT,PENNANTPARK FLOATING RATE CAPITAL LTD.,,Etats-Unis,NYSE,USD,6.80,1.65,,8.48,3.05,,,,1,,0,,3.86,,94.18,0,6,,2,,1074516000.00,84.76,36.28,2.71
PEB,PEBBLEBROOK HOTEL TRUST,,Etats-Unis,NYSE,USD,-2.33,0.96,1.12,-1.61,1.40,1.02,0.23,0,0,0,0,3.31,5.74,39.68,0.00,6,6,0,0,30.21,2562738000.00,-4.22,1.94,2.09
WKC,WORLD KINECT CORPORATION,,Etats-Unis,NYSE,USD,-37.48,0.53,5.46,-10.42,23.43,5.22,0.30,0,0,0,0,0.82,23.77,25.95,732.04,6,6,0,0,2.21,1307900000.00,-1.66,-12.04,4.48
CRBG,COREBRIDGE FINANCIAL INC.,,Etats-Unis,NYSE,USD,-2.97,0.78,0.00,7.90,10.36,0.41,0.57,0,3,0,2,1.29,11.68,100.00,106.87,4,6,0,3,-5057.64,13960000000.00,-2.16,-2.84,29.62
PEG,PUBLIC SERVICE ENTERPRISE GROUP INCORPORATED,,Etats-Unis,NYSE,USD,12.76,1.43,4.75,13.84,3.30,4.89,1.00,0,2,0,0,0.61,9.47,33.28,135.74,6,6,0,4,8.08,16982000000.00,17.35,4.06,3.39
PEN,PENUMBRA INC.,,Etats-Unis,NYSE,USD,13.78,0.15,13.24,7.78,6.31,7.78,4.78,1,1,0,0,5.56,2.27,23.87,163.64,6,6,1,1,-1.72,1427603000.00,12.66,15.15,1.28
HP,HELMERICH & PAYNE INC.,,Etats-Unis,NYSE,USD,-5.57,0.78,2.76,7.40,11.38,6.48,3.64,0,2,0,0,6.19,8.55,72.51,135.52,6,6,1,2,8.57,2829338000.00,-4.27,14.20,2.37
HPE,HEWLETT PACKARD ENTERPRISE COMPANY,,Etats-Unis,NYSE,USD,0.23,0.97,2.83,7.08,5.97,4.81,1.72,0,1,0,0,1.63,6.77,51.46,98.79,6,6,0,2,11.13,24754000000.00,0.17,8.50,3.07
BIRK,BIRKENSTOCK HOLDING PLC,,Etats-Unis,NYSE,USD,12.01,0.48,8.84,7.79,4.44,7.11,2.01,0,1,0,0,6.53,20.06,38.39,66.56,6,6,0,1,1.76,2722726000.00,16.61,18.57,1.82
CRC,CALIFORNIA RESOURCES CORP,,Etats-Unis,NYSE,USD,10.07,0.37,5.25,16.92,9.39,10.98,9.32,3,4,3,3,16.13,16.13,85.40,76.88,5,5,3,5,2.78,3674000000.00,10.67,9.99,2.01
MRP,MILLROSE PROPERTIES INC.,,Etats-Unis,NYSE,USD,6.90,0.36,5.73,-69930667.55,121123466.91,5.73,,0,0,0,0,,209791990.45,,0.00,1,3,0,0,4.20,5856262000.00,63.26,,1.58
CRCL,"CIRCLE INTERNET GROUP, INC.",,Etats-Unis,NYSE,USD,-3.56,0.01,-6.84,36.49,41.24,5.99,11.79,1,2,0,2,15.32,37.77,141.86,104.52,3,3,1,2,,3330773000.00,-2.53,37.61,23.63
BJ,"BJ'S WHOLESALE CLUB HOLDINGS, INC.",,Etats-Unis,NYSE,USD,28.60,1.24,12.55,34.24,6.80,12.60,0.24,6,6,0,6,0.29,17.82,10.67,78.31,6,6,6,6,3.17,2197659000.00,2.70,3.66,3.42
MRSH,"MARSH & MCLENNAN COMPANIES, INC.",,Etats-Unis,NYSE,USD,29.35,1.40,12.92,31.34,1.81,13.79,0.96,5,6,0,6,2.28,4.83,12.82,10.76,6,6,5,6,3.01,15315000000.00,15.69,8.94,3.83
HOMB,HOME BANCSHARES INC.,,Etats-Unis,NYSE,USD,11.51,0.18,,10.88,0.58,,,,0,,0,,1.44,,18.35,0,6,,4,,4296871000.00,44.10,4.98,5.33
PCOR,PROCORE TECHNOLOGIES INC.,,Etats-Unis,NYSE,USD,-7.90,0.06,-15.98,-11.09,4.87,-20.69,6.25,0,1,0,1,13.27,27.09,0.00,263.61,6,6,0,1,,1262262000.00,-7.62,17.99,1.77
BKKT,"BAKKT HOLDINGS, INC.",,Etats-Unis,NYSE,USD,-150.58,0.00,-79.84,-116.83,29.53,-61.98,19.41,0,0,0,0,38.50,41.70,0.00,0.00,6,6,0,0,,112782000.00,-5.66,73.01,1.44
BKH,BLACK HILLS CORPORATION,,Etats-Unis,NYSE,USD,8.00,1.20,4.65,8.29,0.32,4.51,0.15,0,0,0,0,0.13,0.61,10.32,12.28,6,6,0,0,8.41,3905700000.00,12.98,-0.46,2.78
BKE,BUCKLE INC.,,Etats-Unis,NYSE,USD,49.44,0.90,35.92,50.62,4.61,38.78,4.35,6,6,6,6,6.38,12.04,42.91,36.78,6,6,6,6,0.42,424643000.00,16.16,1.45,2.33
HPP,HUDSON PACIFIC PROPERTIES INC,,Etats-Unis,NYSE,USD,-18.60,1.17,-0.51,-11.52,7.00,-0.26,0.40,0,0,0,0,1.00,10.68,134.69,2795.65,6,6,0,0,,3202170000.00,-71.27,-6.58,2.27
BKD,BROOKDALE SENIOR LIVING INC.,,Etats-Unis,NYSE,USD,-308.16,-127.17,1.01,-137.21,148.66,0.50,0.51,0,0,0,0,1.68,156.97,6550.00,3118.22,6,6,0,1,60.46,-43377000.00,-8.23,3.07,
PD,PAGERDUTY INC.,,Etats-Unis,NYSE,USD,82.50,1.53,-3.86,6.37,66.12,-18.01,13.03,0,1,0,1,8.27,12.59,0.00,0.00,6,6,0,1,-50.33,270665000.00,35.06,6.94,3.66
BK,THE BANK OF NEW YORK MELLON CORPORATION,,Etats-Unis,NYSE,USD,12.90,0.77,,10.64,2.45,,,,1,,0,,1.26,,27.88,0,6,,2,,44808000000.00,28.26,6.89,10.54
C,CITIGROUP INC.,,Etats-Unis,NYSE,USD,6.83,1.72,,5.87,1.15,,,,0,,0,,1.25,,57.91,0,6,,1,,213822000000.00,16.96,4.20,12.43
CR,CRANE NXT CO.,,Etats-Unis,NYSE,USD,19.79,0.59,13.21,18.37,2.33,12.93,3.37,2,5,0,2,2.95,5.11,42.08,39.39,6,6,2,6,1.67,2063400000.00,15.90,5.11,1.87
WK,WORKIVA INC.,,Etats-Unis,NYSE,USD,111.07,-146.68,-14.26,166.95,121.00,-22.76,8.46,0,3,0,3,11.11,155.83,0.00,72.53,6,6,0,3,,-5436000.00,-2.96,18.49,
PDM,PIEDMONT OFFICE REALTY TRUST INC.,,Etats-Unis,NYSE,USD,-5.42,1.50,1.54,-4.30,1.42,1.49,0.06,0,1,0,0,0.12,3.14,24.06,144.21,6,6,0,1,28.31,1496703000.00,-14.80,-1.11,2.69
CPT,CAMDEN PROPERTY TRUST,,Etats-Unis,NYSE,USD,8.60,0.88,2.88,6.74,2.82,2.96,0.13,0,1,0,0,0.10,3.67,7.40,75.41,6,6,0,1,13.41,4438253000.00,25.10,1.02,2.04
SLF,SUN LIFE FINANCIAL INC.,,Etats-Unis,NYSE,USD,16.89,0.74,1.34,14.27,2.87,1.23,0.16,0,4,0,0,0.12,2.63,0.00,38.39,2,6,0,6,-1.72,25492000000.00,9.84,0.39,15.63
BIPC,BROOKFIELD INFRASTRUCTURE PARTNERS L.P.,,Etats-Unis,NYSE,USD,33.12,6.62,9.09,22.70,17.68,9.12,0.41,2,3,1,3,0.40,115.75,67.34,547.24,6,6,2,3,5.50,2005000000.00,19.08,21.06,11.98
VNT,VONTIER CORPORATION,,Etats-Unis,NYSE,USD,35.14,1.71,14.15,43.14,7.98,13.88,0.65,6,6,1,6,0.66,18.40,38.31,80.30,6,6,6,6,2.93,1251200000.00,13.20,-0.32,3.49
CRK,COMSTOCK RESOURCES INC.,,Etats-Unis,NYSE,USD,15.87,0.98,5.21,5.23,13.01,2.21,3.92,2,2,1,1,3.97,14.50,105.42,114.10,6,6,2,2,7.53,2962903000.00,21.79,11.00,2.36
CRL,"CHARLES RIVER LABORATORIES INTERNATIONAL, INC.",,Etats-Unis,NYSE,USD,-4.23,0.80,4.83,3.62,9.64,5.55,1.80,0,4,0,0,2.58,14.34,55.01,124.12,6,6,0,4,5.87,3211194000.00,-3.54,-1.39,2.22
PFE,PFIZER INC.,,Etats-Unis,NYSE,USD,8.91,0.74,7.87,6.77,3.85,5.03,3.71,2,3,1,2,3.70,5.91,96.71,93.57,6,6,2,3,2.89,86775000000.00,12.48,3.43,2.40
WLK,WESTLAKE CORPORATION,,Etats-Unis,NYSE,USD,-14.47,0.69,-1.51,-1.21,11.50,2.62,3.74,2,2,0,2,3.75,11.71,108.99,152.79,6,6,2,2,,9295000000.00,-13.17,-5.65,2.15
CRM,SALESFORCE INC,,Etats-Unis,NYSE,USD,12.40,0.29,10.48,9.89,2.71,9.63,1.35,0,1,0,0,3.78,5.69,0.00,96.33,6,6,2,2,0.85,59142000000.00,17.96,9.15,1.90
PFGC,PERFORMANCE FOOD GROUP CO.,,Etats-Unis,NYSE,USD,7.67,1.59,4.73,8.88,1.90,5.40,0.84,0,0,0,0,1.66,3.98,25.39,32.00,6,6,0,2,8.56,4899300000.00,0.53,7.89,3.85
GFL,GFL ENVIRONMENTAL INC.,,Etats-Unis,NYSE,USD,59.50,1.06,1.65,17.14,36.97,1.38,0.30,0,1,0,1,1.48,7.81,0.00,1885.42,6,6,0,1,22.43,7485400000.00,57.64,-6.18,2.58
VMI,"VALMONT INDUSTRIES, INC.",,Etats-Unis,NYSE,USD,21.86,0.56,17.58,18.21,7.59,14.72,3.16,2,4,0,2,1.67,4.40,1.39,43.03,6,6,4,5,1.41,1642285000.00,8.62,-0.85,2.05
MPC,MARATHON PETROLEUM CORPORATION,,Etats-Unis,NYSE,USD,24.19,1.43,7.40,25.31,7.80,10.62,5.98,2,5,1,4,5.96,36.38,73.87,61.22,6,6,2,5,5.32,24086000000.00,4.43,-5.43,3.49
MP,MP MATERIALS CORP.,,Etats-Unis,NYSE,USD,-5.66,0.51,-7.50,-3.08,4.25,-5.95,5.57,2,2,1,1,9.45,4.40,137.20,122.73,6,6,2,2,,1978757000.00,-38.26,-5.90,1.95
CRS,CARPENTER TECHNOLOGY CORPORATION,,Etats-Unis,NYSE,USD,25.75,0.31,19.45,19.82,6.85,15.35,4.07,2,3,0,2,9.87,16.00,0.00,0.00,6,6,3,3,0.44,2227600000.00,16.96,6.40,1.72
BILL,BILL HOLDINGS INC.,,Etats-Unis,NYSE,USD,-0.30,0.53,-1.58,-0.14,0.66,-3.73,2.12,0,0,0,0,3.17,4.87,0.00,150.85,6,6,0,0,-3.03,3530602000.00,-0.68,13.20,2.89
GFR,GREENFIRE RESOURCES LTD.,,Etats-Unis,NYSE,USD,4.78,0.01,4.41,1.03,17.17,3.46,7.21,1,3,0,1,6.13,25.12,121.48,109.43,5,5,2,3,-0.61,1166857000.00,7.87,-5.53,1.10
MPT,"MEDICAL PROPERTIES TRUST, INC.",,Etats-Unis,NYSE,USD,-5.85,2.13,2.95,-27.83,31.09,2.55,0.57,0,0,0,0,0.40,21.99,0.00,0.00,2,2,0,0,17.20,4607249000.00,-28.39,-2.36,3.26
LII,LENNOX INTERNATIONAL INC.,,Etats-Unis,NYSE,USD,,1.52,,,,,,,,,,,,,,0,0,,,,1163100000.00,,,3.51
VNO,VORNADO REALTY TRUST,,Etats-Unis,NYSE,USD,14.44,1.16,1.31,5.09,8.10,1.12,0.18,0,1,0,0,0.31,5.12,30.15,298.58,6,6,0,1,25.88,6804523000.00,51.77,-0.02,2.28
MRK,"MERCK & CO., INC.",,Etats-Unis,NYSE,USD,36.88,0.94,20.93,26.19,21.99,14.94,11.02,4,5,3,5,11.35,20.59,89.04,97.81,6,6,4,5,1.57,52662000000.00,28.09,3.99,2.60
GGG,GRACO INC.,,Etats-Unis,NYSE,USD,19.92,0.02,22.59,21.65,2.74,25.19,3.75,6,6,6,5,3.88,4.26,28.96,32.22,6,6,6,6,-0.94,2653931000.00,23.33,0.93,1.23
HR,HEALTHCARE REALTY TRUST INCORPORATED,,Etats-Unis,NYSE,USD,-5.00,0.89,0.74,-6.57,3.76,0.43,0.27,0,0,0,0,0.36,5.92,85.37,392.72,6,6,0,0,43.41,4676625000.00,-21.65,-7.40,1.97
HPQ,HP INC.,,Etats-Unis,NYSE,USD,-303.06,-31.45,27.86,-231.49,71.83,35.21,6.51,6,0,6,0,9.84,104.96,63.43,0.00,6,6,6,0,1.98,-346000000.00,4.57,1.46,
BIO,BIO-RAD LABORATORIES INC.,,Etats-Unis,NYSE,USD,10.84,0.19,1.18,-6.73,17.47,1.47,0.26,0,2,0,2,0.53,24.85,56.78,180.65,6,6,0,3,-0.71,7453600000.00,29.42,-1.66,1.42
HRB,H&R BLOCK INC.,,Etats-Unis,NYSE,USD,710.90,17.89,47.74,785.53,161.36,44.43,3.01,6,6,6,6,3.52,319.95,4.26,30.46,6,6,6,6,1.26,117488000.00,18.59,4.54,27.72
CRH,CRH PLC,,Etats-Unis,NYSE,USD,15.68,0.77,9.19,15.09,1.16,9.86,0.73,0,5,0,0,2.47,5.31,13.63,22.26,6,6,3,5,2.93,25478000000.00,10.12,3.51,2.29
HRI,HERC HOLDINGS INC.,,Etats-Unis,NYSE,USD,0.06,4.97,5.16,15.01,14.56,6.48,1.83,0,4,0,3,1.61,13.94,42.79,99.81,6,6,0,4,15.48,1948000000.00,0.02,14.84,7.07
HRL,HORMEL FOODS CORPORATION,,Etats-Unis,NYSE,USD,6.00,0.36,5.44,8.87,2.48,6.39,0.89,0,3,0,0,1.84,3.71,53.78,57.54,6,6,1,5,2.41,7915815000.00,3.95,-0.02,1.69
CRI,CARTER'S INC.,,Etats-Unis,NYSE,USD,10.32,1.31,6.11,20.16,9.12,10.87,4.13,4,4,1,4,4.35,11.65,72.65,71.33,6,6,5,6,4.89,925048000.00,3.17,-0.80,2.77
CRGY,CRESCENT ENERGY INC.,,Etats-Unis,NYSE,USD,3.51,1.11,3.67,3.12,6.37,5.10,1.92,1,1,1,0,5.03,3.50,85.33,122.62,6,6,1,1,13.05,5165435000.00,4.67,22.58,2.41
ONTO,ONTO INNOVATION INC.,,Etats-Unis,NYSE,USD,6.79,0.01,7.36,8.36,2.31,8.87,2.56,2,1,0,0,4.87,4.05,60.39,54.06,6,6,3,3,-4.11,2100647000.00,13.60,11.00,1.13
NVGS,NAVIGATOR HOLDINGS LTD.,,Etats-Unis,NYSE,USD,8.46,0.72,5.64,7.76,0.64,5.66,0.16,0,0,0,0,1.91,6.17,3.31,2128.57,6,6,0,0,5.34,1256741000.00,18.04,3.24,1.81
CAL,CALERES INC.,,Etats-Unis,NYSE,USD,-1.63,1.46,1.35,17.01,18.13,7.51,5.67,3,4,0,3,10.92,140.55,90.40,103.11,6,6,3,4,31.59,608956000.00,-0.36,-1.06,3.23
NVR,"NVR, INC.",,Etats-Unis,NYSE,USD,33.18,0.27,42.57,37.62,3.89,55.05,11.47,6,6,6,6,12.34,7.33,44.68,37.42,6,6,6,6,-0.51,3864869000.00,12.96,4.15,1.52
NVRI,ENVIRI CORP.,,Etats-Unis,NYSE,USD,44.56,-3.03,-3.12,-84.92,169.00,-0.76,2.20,0,1,0,1,2.30,152.07,222.83,76794.44,6,6,0,1,,-568361000.00,-17.70,-6.18,
NVST,ENVISTA HOLDINGS CORPORATION,,Etats-Unis,NYSE,USD,1.56,0.51,4.19,-10.77,18.04,3.58,1.05,0,0,0,0,2.31,18.99,55.11,459.66,6,6,0,0,1.64,3106300000.00,1.73,2.94,1.83
CAH,CARDINAL HEALTH INC.,,Etats-Unis,NYSE,USD,-63.64,-3.26,16.56,-48.32,18.58,15.45,1.06,3,1,0,1,3.72,77.48,5.80,604.95,6,6,3,1,1.27,-2724000000.00,0.67,5.87,
CAG,CONAGRA BRANDS INC.,,Etats-Unis,NYSE,USD,-25.06,1.14,5.63,-2.61,19.98,5.07,1.98,0,2,0,0,1.64,19.85,62.68,266.29,6,6,0,3,5.60,6357600000.00,-16.99,-3.24,2.72
NVT,NVENT ELECTRIC PLC,,Etats-Unis,NYSE,USD,20.39,0.45,8.23,16.70,5.48,7.98,1.70,0,3,0,1,1.96,8.99,35.32,46.14,6,6,0,5,2.36,3730200000.00,18.24,9.22,1.84
CAE,CAE INC.,,Etats-Unis,NYSE,USD,6.23,0.60,5.69,2.84,8.34,5.28,0.86,0,0,0,0,0.58,7.50,3.07,224.49,6,6,0,0,4.31,5388100000.00,6.57,7.12,2.07
NFG,NATIONAL FUEL GAS COMPANY,,Etats-Unis,NYSE,USD,17.45,0.92,8.89,13.01,8.98,8.23,0.57,0,4,0,1,1.39,16.73,23.56,90.88,6,6,1,4,2.92,3094604000.00,22.77,2.36,2.82
CACI,CACI INTERNATIONAL INC.,,Etats-Unis,NYSE,USD,12.82,1.21,7.80,12.92,0.52,8.64,0.82,0,6,0,0,0.64,0.39,17.29,28.55,6,6,0,6,5.65,4462697000.00,5.60,11.76,2.65
WAL,WESTERN ALLIANCE BANCORPORATION,,Etats-Unis,NYSE,USD,13.52,0.82,,12.83,0.62,,,,6,,2,,1.45,,42.62,0,6,,6,,7946000000.00,28.52,27.82,11.68
CALX,CALIX INC.,,Etats-Unis,NYSE,USD,2.18,0.02,1.04,0.80,4.25,-0.91,6.80,2,1,2,1,9.80,5.75,138.08,107.07,6,6,2,2,-24.56,859219000.00,1.79,-1.92,1.23
NUVB,NUVATION BIO INC.,,Etats-Unis,NYSE,USD,-53.18,0.19,-69.62,-57.16,47.25,-119.33,70.30,0,0,0,0,49.71,54.32,0.00,0.00,2,6,0,0,,305716000.00,-325.31,,1.95
WD,WALKER & DUNLOP INC.,,Etats-Unis,NYSE,USD,3.25,1.42,1.75,4.99,1.51,2.28,0.54,0,3,0,1,1.55,4.50,70.49,84.19,6,6,0,3,20.22,1745862000.00,4.62,8.19,2.90
CFR,CULLEN/FROST BANKERS INC.,,Etats-Unis,NYSE,USD,15.31,0.05,,16.02,1.24,,,,4,,0,,5.29,,12.32,0,6,,5,,4573036000.00,29.02,6.06,11.60
GS,"THE GOLDMAN SACHS GROUP, INC.",,Etats-Unis,NYSE,USD,13.91,3.09,,11.05,3.41,,,,2,,1,,2.28,,65.37,0,6,,3,,124972000000.00,29.47,12.25,14.48
NTR,NUTRIEN LTD.,,Etats-Unis,NYSE,USD,9.22,0.47,6.75,5.69,3.25,5.71,1.16,1,2,0,1,1.96,4.03,76.03,90.91,6,6,2,2,2.93,25365000000.00,8.54,-3.81,2.06
CANG,CANGO INC. - ADR,,Etats-Unis,NYSE,USD,-130.00,1.41,-0.55,-43.02,75.34,0.26,0.75,0,1,0,1,10.10,75.57,460.91,422.74,6,6,0,1,,397041286.00,-90.39,-36.42,2.85
NTST,NETSTREIT CORP.,,Etats-Unis,NYSE,USD,0.50,0.77,1.51,0.06,0.85,1.06,0.40,0,0,0,0,0.10,0.85,8.97,203.37,6,6,0,0,20.11,1452566000.00,3.83,21.38,1.80
WAB,WABTEC CORPORATION,,Etats-Unis,NYSE,USD,11.10,0.50,8.38,9.80,1.63,7.59,1.10,0,0,0,0,1.45,2.06,0.00,0.00,6,6,0,2,2.24,11190000000.00,10.59,7.42,1.97
CGAU,CENTERRA GOLD INC.,,Etats-Unis,NYSE,USD,31.43,0.01,13.82,10.53,18.71,8.20,6.53,1,2,0,1,4.03,10.74,86.50,202.17,6,6,1,2,-1.66,2059762000.00,42.18,12.45,1.44
NU,NU HOLDINGS LTD.,,Etats-Unis,NYSE,USD,30.28,0.17,,25.53,6.41,,,,3,,2,,28.01,,0.00,0,6,,3,,11321562000.00,27.02,37.36,6.62
WAT,WATERS CORPORATION,,Etats-Unis,NYSE,USD,29.28,0.19,18.18,49.91,24.94,20.49,2.92,6,6,4,6,6.74,72.96,50.72,87.33,6,6,6,6,-0.12,2561242000.00,20.30,3.47,1.98
NUE,NUCOR CORPORATION,,Etats-Unis,NYSE,USD,9.36,0.32,7.22,14.53,7.86,11.65,6.58,3,3,2,3,5.96,8.07,82.60,83.03,6,6,3,4,1.66,22124000000.00,6.27,-3.25,1.59
NUS,NU SKIN ENTERPRISES INC.,,Etats-Unis,NYSE,USD,22.00,0.38,7.34,1.03,20.95,4.67,2.31,2,3,0,2,4.24,20.96,81.18,192.99,6,6,2,4,0.73,805240000.00,10.79,-13.15,1.75
HAL,HALLIBURTON COMPANY,,Etats-Unis,NYSE,USD,12.27,0.77,12.55,22.68,9.41,16.20,3.38,4,5,0,4,4.86,48.03,34.74,59.88,6,6,4,5,1.92,10505000000.00,5.82,-1.83,2.38
WCN,WASTE CONNECTIONS INC.,,Etats-Unis,NYSE,USD,13.37,1.11,7.41,10.53,2.73,7.47,0.38,0,1,0,0,0.82,3.98,5.84,33.08,6,6,0,3,4.99,8245381000.00,11.37,8.63,2.56
SVV,SAVERS VALUE VILLAGE INC.,,Etats-Unis,NYSE,USD,5.28,3.17,4.68,10.06,6.62,5.66,1.20,1,3,0,2,3.29,28.71,70.47,88.62,6,6,2,3,10.44,435579000.00,1.35,5.79,4.62
WEC,WEC ENERGY GROUP INC.,,Etats-Unis,NYSE,USD,11.58,1.59,4.25,11.69,0.52,4.25,0.08,0,2,0,0,0.08,0.42,3.70,9.35,6,6,0,6,9.38,14052800000.00,15.87,4.98,3.67
NYT,NEW YORK TIMES CO.,,Etats-Unis,NYSE,USD,17.34,0.02,17.94,15.70,1.76,14.90,2.84,5,4,0,0,1.73,4.54,20.66,27.84,6,6,6,5,-1.34,2041363000.00,12.18,7.91,1.47
BYD,BOYD GAMING CORPORATION,,Etats-Unis,NYSE,USD,87.79,1.04,12.38,53.25,29.94,13.20,1.10,5,5,0,5,5.84,27.73,14.33,14.93,6,6,5,5,2.69,2607882000.00,44.94,4.62,2.52
HAWK,"HAWKEYE 360, INC.",,Etats-Unis,NYSE,USD,-2.11,0.02,-6.45,-7.33,7.39,-14.43,11.29,0,0,0,0,7.98,5.23,0.00,0.00,2,2,0,0,,735975000.00,-5.74,162.61,1.12
O,REALTY INCOME CORPORATION,,Etats-Unis,NYSE,USD,2.70,0.73,3.19,2.64,0.22,3.01,0.30,0,0,0,0,0.43,0.49,32.94,44.44,6,6,0,0,11.15,40123968000.00,18.61,18.72,1.81
CHPT,"CHARGEPOINT HOLDINGS, INC.",,Etats-Unis,NYSE,USD,-277.38,12.75,-46.27,-176.86,87.38,-56.68,17.80,0,1,0,1,19.69,106.47,0.00,101.16,6,6,0,1,,21299000.00,-53.55,-9.91,37.20
BXSL,BLACKSTONE SECURED LENDING FUND,,Etats-Unis,NYSE,USD,9.15,1.29,,11.72,2.27,,,0,2,0,0,,2.57,,31.87,1,6,0,3,,6245175000.00,92.69,-1.62,2.35
BXP,"BOSTON PROPERTIES, INC.",,Etats-Unis,NYSE,USD,4.91,2.26,3.04,3.16,1.96,3.05,0.05,0,2,0,0,0.15,3.54,15.45,91.64,6,6,0,2,15.66,7692240000.00,11.03,3.14,3.40
BXMT,BLACKSTONE MORTGAGE TRUST INC,,Etats-Unis,NYSE,USD,3.01,4.61,,1.23,5.49,,,,0,,0,,5.56,,149.75,0,6,,0,,3504390000.00,19.84,-9.21,5.71
BXDC,BLACKSTONE DIGITAL INFRASTRUCTURE TRUST INC.,,Etats-Unis,NYSE,USD,,,,,,,,,,,,,,,,0,0,,,,0.00,,,
NET,CLOUDFLARE INC.,,Etats-Unis,NYSE,USD,-8.16,2.41,-13.35,-14.46,10.45,-15.20,1.87,0,0,0,0,1.78,8.23,0.00,0.00,6,6,0,0,,1459123000.00,-4.72,29.30,4.14
CHH,CHOICE HOTELS INTERNATIONAL INC.,,Etats-Unis,NYSE,USD,544.21,11.16,16.04,-1793.32,3815.19,17.30,1.10,5,4,2,4,5.50,3787.42,45.11,2380.09,6,6,5,4,4.36,181229000.00,23.17,1.69,16.10
CHGG,CHEGG INC.,,Etats-Unis,NYSE,USD,-66.17,0.58,-41.68,-70.52,74.56,-18.90,19.79,0,1,0,1,22.60,92.70,1152.53,713.68,6,6,0,1,,119623000.00,-27.44,-27.46,2.32
GRNT,GRANITE RIDGE RESOURCES INC.,,Etats-Unis,NYSE,USD,3.92,0.64,7.08,6.31,5.08,9.36,2.81,2,2,1,1,6.36,2.77,84.08,93.77,6,6,2,2,3.78,605760000.00,5.41,6.90,1.93
NXE,NEXGEN ENERGY LTD.,,Etats-Unis,NYSE,USD,-20.57,0.32,,-5.78,15.88,,,,0,,0,,48.31,,287.00,0,6,,1,,1832108000.00,,,1.35
GRND,GRINDR INC.,,Etats-Unis,NYSE,USD,-224.09,8.52,26.26,244.67,507.29,18.46,7.76,2,2,1,2,4.87,130.81,45.98,128.61,6,6,3,2,2.48,47006000.00,21.54,30.15,11.30
GRMN,GARMIN LTD.,,Etats-Unis,NYSE,USD,19.78,0.02,23.19,19.43,0.40,19.85,4.79,6,6,4,0,4.88,1.80,37.67,15.05,6,6,6,6,-1.37,8972564000.00,22.96,17.72,1.23
HASI,HANNON ARMSTRONG SUSTAINABLE INFRASTRUCTURE CAPITAL INC.,,Etats-Unis,NYSE,USD,7.44,1.79,-0.26,8.11,0.78,-0.26,,0,0,0,0,,2.98,,71.76,1,6,0,0,,2657869000.00,47.00,17.55,3.08
CHCT,COMMUNITY HEALTHCARE TRUST INC.,,Etats-Unis,NYSE,USD,1.13,1.25,1.77,0.67,1.15,1.88,0.40,0,0,0,0,1.12,2.50,61.06,112.70,6,6,0,0,26.29,429387000.00,4.21,3.63,2.31
NEXA,NEXA RESOURCES S.A.,,Etats-Unis,NYSE,USD,18.99,1.42,11.98,-4.72,20.60,7.82,5.23,1,1,0,0,5.05,22.33,85.01,291.00,6,6,2,1,1.63,1289563000.00,7.43,8.01,4.09
CHD,"CHURCH & DWIGHT CO., INC.",,Etats-Unis,NYSE,USD,17.62,0.55,11.71,17.48,3.16,12.02,0.60,3,6,0,3,3.13,4.89,48.42,53.48,6,6,5,6,1.67,4002200000.00,11.88,2.82,2.23
BZH,BEAZER HOMES USA INC.,,Etats-Unis,NYSE,USD,3.67,0.85,1.24,10.40,6.09,5.07,3.48,1,4,0,1,3.73,6.58,89.98,86.16,6,6,1,4,23.01,1248906000.00,1.92,3.67,2.09
THO,THOR INDUSTRIES INC.,,Etats-Unis,NYSE,USD,6.14,0.22,4.95,7.53,2.04,6.38,1.56,2,2,1,2,2.07,2.70,78.40,82.34,6,6,2,2,1.12,4289552000.00,2.68,-7.19,1.65
WEAV,WEAVE COMMUNICATIONS INC.,,Etats-Unis,NYSE,USD,-37.56,0.63,-37.73,-38.23,0.65,-37.68,0.51,0,0,0,0,39.62,38.27,0.00,0.00,6,6,0,0,,82384000.00,-11.74,18.41,2.52
NYCB,FLAGSTAR FINANCIAL CORPORATION,,Etats-Unis,NYSE,USD,-0.92,2.54,,5.28,5.38,,,,0,,0,,4.59,,110.72,0,6,,0,,8367000000.00,-2.17,64.05,
GRDN,GUARDIAN PHARMACY SERVICES INC.,,Etats-Unis,NYSE,USD,26.61,0.17,23.88,4.82,64.45,6.08,29.61,5,5,3,5,27.78,66.36,205.05,188.09,6,6,5,5,-0.39,217924000.00,3.38,17.67,1.89
NEU,NEWMARKET CORPORATION,,Etats-Unis,NYSE,USD,25.85,0.55,13.97,34.85,8.33,17.94,3.44,5,6,1,6,2.50,8.62,30.43,38.86,6,6,6,6,1.65,1778243000.00,15.37,0.49,1.96
OBDC,BLUE OWL CAPITAL CORPORATION,,Etats-Unis,NYSE,USD,9.40,1.26,,10.89,2.13,,,,1,,0,,1.98,,29.48,0,6,,2,,7397279000.00,88.41,-9.39,2.32
CFG,"CITIZENS FINANCIAL GROUP, INC.",,Etats-Unis,NYSE,USD,7.24,0.43,,6.72,0.52,,,,0,,0,,1.41,,38.27,0,6,,1,,26317000000.00,22.20,0.14,8.60
NLY,"ANNALY CAPITAL MANAGEMENT, INC.",,Etats-Unis,NYSE,USD,14.22,1.98,,2.74,15.15,,,,3,,0,,18.04,,181.94,0,6,,3,,16159911000.00,91.41,,8.39
CE,CELANESE CORPORATION,,Etats-Unis,NYSE,USD,-22.84,2.89,2.92,-5.70,29.84,3.48,0.53,1,4,0,4,1.61,45.10,83.91,144.99,6,6,1,4,15.28,4472000000.00,-12.06,-6.60,4.85
CBRE,CBRE GROUP INC.,,Etats-Unis,NYSE,USD,13.57,1.04,5.72,12.18,1.21,6.39,0.68,0,3,0,1,0.79,1.72,41.51,48.03,6,6,0,6,6.28,9626000000.00,3.15,12.66,3.21
NOTE,"FISCALNOTE HOLDINGS, INC.",,Etats-Unis,NYSE,USD,-81.67,2.44,-12.71,-63.64,69.87,-13.10,3.13,0,2,0,1,4.33,364.20,0.00,144.76,6,6,0,2,,61951000.00,-68.39,-15.19,4.12
NOV,NOV INC.,,Etats-Unis,NYSE,USD,2.37,0.37,4.24,9.90,7.48,6.06,1.78,0,1,0,0,6.21,29.62,45.64,86.32,6,6,0,2,1.40,6322000000.00,1.73,0.93,1.79
GTY,GETTY REALTY CORP.,,Etats-Unis,NYSE,USD,7.79,0.94,4.58,7.40,0.39,4.42,0.17,0,0,0,0,0.23,1.02,20.60,41.44,6,6,0,2,8.22,1072129000.00,35.72,9.23,2.03
GTN,"GRAY TELEVISION, INC.",,Etats-Unis,NYSE,USD,-2.96,2.07,3.23,2.57,9.46,4.34,1.95,0,3,0,0,1.72,9.81,65.37,116.83,6,6,0,3,12.35,2805000000.00,-2.75,-2.88,3.72
NOW,"SERVICENOW, INC.",,Etats-Unis,NYSE,USD,15.49,0.19,13.01,19.79,6.57,11.15,3.10,2,3,0,1,1.46,5.43,8.93,43.36,6,6,2,3,-2.13,12964000000.00,13.16,21.66,2.01
NP,NEPTUNE INSURANCE HOLDINGS INC.,,Etats-Unis,NYSE,USD,-21.20,-1.05,925.98,-15.28,5.26,577.86,488.81,5,1,2,1,5.62,9.80,41.18,175.88,6,6,5,1,2.90,-227494000.00,23.45,37.11,
NMAX,NEWSMAX INC.,,Etats-Unis,NYSE,USD,-205.18,0.09,-168.65,138.01,325.40,-186.91,115.37,0,2,0,2,141.68,382.32,0.00,146.41,3,3,0,2,,106048552.00,-52.57,18.28,2.26
TBBB,BBB FOODS INC.,,Etats-Unis,NYSE,USD,-69.60,3.39,-5.42,-58.17,59.83,5.41,9.38,1,2,0,0,11.62,99.31,134.79,707.74,5,5,4,2,,4125433000.00,-3.63,33.16,7.40
NMG,NOUVEAU MONDE GRAPHITE INC.,,Etats-Unis,NYSE,USD,-90.09,0.24,,-82.95,10.87,,,,1,,1,,11.94,,126.75,0,6,,1,,79848000.00,,,2.18
CBT,CABOT CORPORATION,,Etats-Unis,NYSE,USD,22.82,0.71,13.34,30.27,8.61,14.41,1.55,5,5,0,5,4.96,30.53,17.60,42.50,6,6,5,5,1.54,1705000000.00,10.13,-2.81,2.24
CCI,CROWN CASTLE INC.,,Etats-Unis,NYSE,USD,-50.23,-18.08,5.73,-51.15,73.33,5.44,0.43,0,3,0,2,0.82,86.66,12.57,675.23,6,6,0,4,14.13,-1635000000.00,10.41,-21.85,
CCL,CARNIVAL CORPORATION LTD.,,Etats-Unis,NYSE,USD,25.63,2.28,10.00,16.10,14.91,6.93,3.20,0,2,0,2,9.40,32.17,0.00,0.00,6,6,1,2,5.39,12284000000.00,10.37,11.03,4.21
CCO,"CLEAR CHANNEL OUTDOOR HOLDINGS, INC.",,Etats-Unis,NYSE,USD,-0.70,-1.91,6.87,4.49,4.97,5.69,1.16,0,2,0,1,4.45,5.24,15.90,103.25,6,6,0,2,20.22,-3394368000.00,1.54,-13.16,
NOC,NORTHROP GRUMMAN CORPORATION,,Etats-Unis,NYSE,USD,26.17,1.02,10.76,22.53,7.72,9.63,2.49,0,6,0,5,2.12,9.00,38.34,77.08,6,6,3,6,2.95,16674000000.00,9.97,3.33,3.08
NOG,NORTHERN OIL AND GAS INC.,,Etats-Unis,NYSE,USD,1.74,1.13,7.87,30.55,32.70,14.31,7.22,4,4,3,4,11.99,119.14,86.40,138.38,6,6,4,4,3.96,2126341000.00,1.85,4.81,2.54
CDE,"COEUR MINING, INC.",,Etats-Unis,NYSE,USD,26.41,0.11,22.69,7.02,18.67,10.28,11.26,1,1,1,1,4.83,8.34,99.12,392.70,6,6,1,1,-0.26,3313051000.00,28.30,58.77,1.42
CCC,CCC INTELLIGENT SOLUTIONS HOLDINGS INC.,,Etats-Unis,NYSE,USD,0.09,0.76,1.94,0.82,1.03,1.87,0.10,0,0,0,0,0.07,0.73,0.00,94.19,2,2,0,0,13.33,1787010000.00,0.16,11.88,2.00
NOMD,NOMAD FOODS LTD.,,Etats-Unis,NYSE,USD,5.30,0.92,6.74,7.12,1.69,6.88,0.62,0,0,0,0,0.21,1.89,10.85,49.95,6,6,0,2,4.87,2496800000.00,4.51,-0.20,2.54
NNN,"NNN REIT, INC.",,Etats-Unis,NYSE,USD,8.89,1.09,4.67,9.23,0.31,4.63,0.04,0,0,0,0,0.30,2.12,0.00,6.22,6,6,0,0,8.45,4408302000.00,42.08,5.76,2.13
CDP,COPT DEFENSE PROPERTIES,,Etats-Unis,NYSE,USD,10.13,1.77,4.54,4.96,8.21,4.02,0.67,0,0,0,0,0.21,7.25,10.41,143.28,6,6,0,2,11.02,1587675000.00,20.88,5.61,2.96
CC,CHEMOURS CO.,,Etats-Unis,NYSE,USD,-90.19,17.51,-0.40,-34.36,52.04,1.23,4.20,2,4,0,3,6.06,68.86,114.55,240.70,6,6,2,4,,251000000.00,-6.65,-1.83,29.41
CBZ,CBIZ INC.,,Etats-Unis,NYSE,USD,6.52,1.04,4.36,8.59,6.69,4.79,3.11,0,2,0,0,2.75,4.90,79.79,80.15,6,6,0,4,7.74,1762067000.00,4.19,31.65,2.50
GVA,GRANITE CONSTRUCTION INCORPORATED,,Etats-Unis,NYSE,USD,19.15,1.23,9.74,11.81,8.21,7.03,4.37,0,2,0,0,5.15,13.25,67.22,63.07,6,6,0,2,2.91,1221533000.00,4.98,12.29,3.30
HAFN,HAFNIA LTD,,Etats-Unis,NYSE,USD,14.79,0.48,9.23,28.91,12.32,16.43,6.24,3,5,2,3,9.75,19.20,101.05,137.89,6,6,3,5,2.56,2329587000.00,14.89,-7.58,1.64
CB,CHUBB LIMITED,,Etats-Unis,NYSE,USD,14.34,0.22,5.12,14.91,0.77,5.02,0.14,0,4,0,0,0.10,5.58,0.00,33.47,2,6,0,4,-1.84,79779000000.00,17.77,9.54,3.41
NPKI,NPK INTERNATIONAL INC.,,Etats-Unis,NYSE,USD,11.49,0.08,9.67,-8.52,27.99,6.81,2.53,0,0,0,0,7.64,21.53,0.00,1270.81,6,6,0,1,0.46,351156000.00,14.06,-39.21,1.26
NSC,NORFOLK SOUTHERN CORPORATION,,Etats-Unis,NYSE,USD,19.25,1.11,8.93,17.64,2.88,9.34,0.63,0,6,0,2,0.92,4.37,17.85,42.26,6,6,3,6,3.45,15547000000.00,23.59,0.10,2.91
H,HYATT HOTELS CORPORATION,,Etats-Unis,NYSE,USD,-1.31,1.25,2.24,13.27,19.23,2.27,0.33,0,2,0,1,6.15,15.06,36.36,103.74,6,6,0,2,7.81,3659000000.00,-0.69,3.20,3.84
NIQ,NIQ GLOBAL INTELLIGENCE PLC,,Etats-Unis,NYSE,USD,-40.33,3.16,2.10,-60.91,19.32,0.55,1.47,0,0,0,0,1.20,40.38,0.00,1183.33,3,6,0,0,23.66,1225600000.00,-8.22,3.63,5.55
LION,LIONSGATE STUDIOS CORP.,,Etats-Unis,NYSE,USD,19.47,-3.71,2.77,19.08,0.55,3.76,1.39,0,2,0,0,0.57,33.11,41.56,0.00,3,3,0,2,23.98,-1049400000.00,-7.30,-17.64,
WCC,WESCO INTERNATIONAL INC.,,Etats-Unis,NYSE,USD,12.86,1.30,8.00,14.47,1.65,8.60,0.89,0,5,0,1,3.00,6.24,24.67,38.65,6,6,1,5,4.81,5026400000.00,2.73,2.48,3.28
CF,"CF INDUSTRIES HOLDINGS, INC.",,Etats-Unis,NYSE,USD,23.40,0.47,19.25,21.52,2.64,17.39,3.35,5,5,1,4,9.06,8.60,74.60,67.37,6,6,5,5,-0.14,7775000000.00,25.38,3.36,1.81
GSBD,GOLDMAN SACHS BDC INC.,,Etats-Unis,NYSE,USD,7.96,1.32,,8.18,4.33,,,,1,,0,,4.72,,70.39,0,6,,3,,1423019000.00,90.27,-20.30,2.38
NI,NISOURCE INC.,,Etats-Unis,NYSE,USD,9.07,1.39,4.84,8.22,0.80,4.44,0.36,0,0,0,0,0.37,5.12,3.04,28.35,6,6,0,1,8.79,11659900000.00,15.24,9.84,3.08
HAE,HAEMONETICS CORPORATION,,Etats-Unis,NYSE,USD,12.03,1.54,9.67,14.69,3.63,8.93,0.66,0,4,0,0,4.35,4.05,6.35,46.04,6,6,0,5,4.06,796320000.00,7.29,0.95,3.01
CARR,CARRIER GLOBAL CORPORATION,,Etats-Unis,NYSE,USD,11.13,0.87,5.44,25.59,20.29,6.87,2.33,0,5,0,4,2.53,11.54,52.15,77.19,6,6,1,6,5.61,14128000000.00,7.30,-0.80,2.63
WBS,WEBSTER FINANCIAL CORPORATION,,Etats-Unis,NYSE,USD,10.77,0.39,,9.92,1.14,,,,1,,0,,2.44,,29.55,0,6,,4,,9492236000.00,34.75,4.32,8.86
CARS,CARS.COM INC.,,Etats-Unis,NYSE,USD,4.08,0.96,4.20,13.57,11.97,4.20,0.01,0,1,0,1,1.06,141.14,24.64,84.90,6,6,0,1,6.56,472530000.00,2.77,2.44,2.25
CAVA,CAVA GROUP INC.,,Etats-Unis,NYSE,USD,8.64,0.60,6.80,16.98,7.25,5.74,1.94,0,3,0,2,11.52,4.96,1.73,60.22,5,5,0,3,0.92,779656000.00,5.40,27.23,1.74
NPWR,NET POWER INC.,,Etats-Unis,NYSE,USD,-124.08,0.01,,-45.33,68.22,-5.97,2.26,0,0,0,0,1.60,116.75,0.00,0.00,2,3,0,0,,535205000.00,,,1.12
GWRE,GUIDEWIRE SOFTWARE INC,,Etats-Unis,NYSE,USD,4.99,0.49,-1.17,-1.31,6.75,-7.74,6.41,0,0,0,0,5.44,6.22,0.00,0.00,6,6,0,0,-10.56,1457230000.00,5.81,15.25,1.87
GTES,GATES INDUSTRIAL CORPORATION PLC,,Etats-Unis,NYSE,USD,7.86,0.64,8.16,7.20,0.75,7.35,0.88,0,0,0,0,2.14,2.55,15.97,35.71,6,6,0,0,1.48,3689200000.00,8.02,-1.79,1.94
CAT,CATERPILLAR INC.,,Etats-Unis,NYSE,USD,43.53,2.03,13.34,52.41,7.84,15.61,1.97,3,6,0,5,4.17,13.29,20.78,25.44,6,6,4,6,2.99,21318000000.00,13.14,0.39,4.62
GWH,ESS TECH INC.,,Etats-Unis,NYSE,USD,-338.33,2.46,-211.03,-177.76,142.90,-158.28,55.75,0,1,0,1,60.34,290.63,0.00,593.48,4,6,0,1,,8618000.00,-4007.58,-54.18,5.94
GWW,"W.W. GRAINGER, INC.",,Etats-Unis,NYSE,USD,46.10,0.69,27.67,54.47,7.84,31.09,2.99,6,6,6,6,5.66,11.38,16.58,30.05,6,6,6,6,0.91,4141000000.00,10.08,4.35,2.16
NKE,"NIKE, INC. - CLASS B",,Etats-Unis,NYSE,USD,22.14,0.74,22.06,28.51,10.05,27.11,8.72,6,6,6,6,10.56,12.07,46.62,50.65,6,6,6,6,-1.46,14865000000.00,6.70,-4.96,2.58
NJR,NEW JERSEY RESOURCES CORPORATION,,Etats-Unis,NYSE,USD,14.62,1.58,5.07,14.12,0.44,5.48,0.38,0,4,0,0,0.93,4.47,13.48,27.42,6,6,0,4,8.36,2391666000.00,16.48,1.85,3.17
NRG,"NRG ENERGY, INC.",,Etats-Unis,NYSE,USD,41.55,9.89,8.98,25.78,27.52,5.00,8.44,1,5,1,5,8.31,25.39,120.58,107.24,6,6,3,5,6.13,1681000000.00,2.81,3.23,17.33
GXO,GXO LOGISTICS INC.,,Etats-Unis,NYSE,USD,1.19,1.94,3.13,4.70,3.55,3.92,0.73,0,0,0,0,1.51,4.26,31.66,85.65,6,6,0,0,11.76,3015000000.00,0.27,16.09,4.07
NRGV,ENERGY VAULT HOLDINGS INC.,,Etats-Unis,NYSE,USD,-96.48,1.09,-44.01,-70.86,29.58,-65.89,23.34,0,2,0,2,25.78,28.90,0.00,258.16,4,6,0,2,,88616000.00,-50.89,-22.78,3.53
WBI,WATERBRIDGE INFRASTRUCTURE LLC,,Etats-Unis,NYSE,USD,0.00,0.79,1.96,0.00,,1.96,,0,0,0,0,,,,,1,1,0,0,15.41,1847609000.00,0.00,,2.00
BX,BLACKSTONE INC.,,Etats-Unis,NYSE,USD,29.23,0.61,,23.71,9.32,,,,6,,3,,8.00,,81.01,0,6,,6,,21881172000.00,48.72,33.09,2.18
NEM,NEWMONT CORPORATION,,Etats-Unis,NYSE,USD,22.34,0.16,15.55,7.87,16.51,8.32,7.26,1,1,0,1,2.98,10.92,85.41,186.57,6,6,1,3,-0.24,34042000000.00,31.62,38.53,1.68
BWXT,BWX TECHNOLOGIES INC.,,Etats-Unis,NYSE,USD,28.52,1.64,9.55,28.62,0.64,10.56,0.88,2,6,0,6,0.89,3.29,30.49,42.55,6,6,5,6,4.67,1233012000.00,10.31,13.19,3.46
OKE,"ONEOK, INC.",,Etats-Unis,NYSE,USD,15.49,1.45,7.32,18.25,4.25,8.33,1.55,0,5,0,3,1.07,6.31,27.67,43.73,6,6,1,6,5.62,22569000000.00,10.29,37.93,2.95
CMRE,COSTAMARE INC.,,Etats-Unis,NYSE,USD,15.61,0.70,8.86,14.94,2.05,7.40,1.52,0,5,0,2,2.34,9.13,40.91,55.76,6,6,0,5,2.03,2158956000.00,42.03,-23.79,1.79
BRX,BRIXMOR PROPERTY GROUP INC.,,Etats-Unis,NYSE,USD,12.89,1.83,4.68,11.73,1.11,4.47,0.21,0,2,0,0,0.52,3.90,0.93,15.84,6,6,0,5,10.21,3010056000.00,28.16,4.96,3.03
BRSP,BRIGHTSPIRE CAPITAL INC.,,Etats-Unis,NYSE,USD,-3.93,2.68,0.68,-5.59,5.44,-0.07,0.92,0,0,0,0,0.93,9.07,175.86,458.77,6,6,0,0,80.78,928405000.00,-12.02,-9.30,3.84
BRSL,BRIGHTSTAR LOTTERY INC.,,Etats-Unis,NYSE,USD,15.72,2.69,6.76,20.21,6.35,6.57,0.27,0,2,0,1,0.19,4.49,0.00,36.36,2,2,0,2,4.28,1590000000.00,11.43,-0.04,5.76
VTS,VITESSE ENERGY INC.,,Etats-Unis,NYSE,USD,4.48,0.21,1.58,1.65,4.50,3.08,1.36,1,1,1,1,3.97,5.36,92.88,115.71,6,6,1,1,7.53,629317000.00,9.23,8.23,1.42
HEI,HEICO CORPORATION,,Etats-Unis,NYSE,USD,18.46,0.50,11.76,16.37,2.03,10.63,0.99,0,6,0,0,0.69,0.67,15.12,8.37,6,6,5,6,1.94,4379175000.00,16.62,22.93,1.94
CMS,CMS ENERGY CORPORATION,,Etats-Unis,NYSE,USD,10.86,1.95,3.82,10.79,0.48,3.69,0.24,0,2,0,1,0.22,0.51,10.24,48.73,6,6,0,6,10.65,9711000000.00,11.73,6.97,4.11
OKLO,OKLO INC.,,Etats-Unis,NYSE,USD,-12.24,0.00,,-11.85,54.45,,,,2,,2,,54.01,,254.44,0,4,,2,,1476210000.00,,,1.04
CMTG,CLAROS MORTGAGE TRUST INC.,,Etats-Unis,NYSE,USD,-27.63,0.84,,-12.55,14.08,,,,0,,0,,18.81,,452.42,0,6,,0,,1531895000.00,-529.69,-39.09,3.08
BROS,DUTCH BROS INC.,,Etats-Unis,NYSE,USD,14.11,1.21,5.89,8.50,6.01,4.25,1.83,0,1,0,0,16.44,50.54,619.50,1121.46,6,6,0,1,5.09,897869000.00,7.16,30.24,3.35
BRO,BROWN & BROWN INC.,,Etats-Unis,NYSE,USD,11.23,0.63,7.19,15.00,3.27,8.83,1.48,0,5,0,0,1.30,2.54,31.59,34.29,6,6,2,6,4.55,12573000000.00,18.51,17.15,2.39
VTR,VENTAS INC.,,Etats-Unis,NYSE,USD,2.23,1.05,2.59,0.93,1.27,2.03,0.63,0,0,0,0,0.31,0.86,32.84,109.09,6,6,0,0,14.55,12585808000.00,4.48,13.89,2.19
CMP,COMPASS MINERALS INTERNATIONAL INC.,,Etats-Unis,NYSE,USD,-28.98,3.62,4.39,-25.17,26.15,3.77,0.60,0,1,0,0,1.17,25.89,57.74,503.69,6,6,0,1,9.97,234100000.00,-6.42,1.61,6.49
STWD,STARWOOD PROPERTY TRUST INC.,,Etats-Unis,NYSE,USD,6.04,1.76,,5.76,0.36,,,,1,,0,,1.07,,65.03,0,6,,1,,7489506000.00,53.42,-9.67,8.44
WHD,CACTUS INC.,,Etats-Unis,NYSE,USD,14.95,0.03,12.69,19.71,4.63,18.13,5.31,4,4,2,2,3.49,5.29,45.51,38.22,6,6,6,6,-0.34,1433048000.00,18.69,-0.82,1.31
WH,"WYNDHAM HOTELS & RESORTS, INC.",,Etats-Unis,NYSE,USD,34.53,5.48,9.91,36.59,4.18,10.70,1.05,0,5,0,5,3.61,28.30,16.65,16.59,6,6,3,5,4.91,468000000.00,13.51,1.14,8.94
CLX,THE CLOROX COMPANY,,Etats-Unis,NYSE,USD,163.76,21.90,13.50,133.11,57.87,16.22,5.51,6,6,2,6,0.66,45.07,44.11,76.26,6,6,6,6,6.07,252000000.00,8.94,-2.66,30.93
NATL,NCR ATLEOS CORPORATION,,Etats-Unis,NYSE,USD,51.84,7.21,11.38,25.39,30.15,7.77,3.52,0,2,0,2,0.26,11.32,6.26,192.88,5,5,1,2,5.11,402000000.00,3.72,1.93,14.10
NAT,NORDIC AMERICAN TANKERS LTD.,,Etats-Unis,NYSE,USD,2.57,0.95,4.93,9.93,7.92,8.54,4.33,1,1,0,0,7.99,21.41,198.03,474.01,6,6,1,1,7.99,445521000.00,4.21,-13.70,2.02
CM,CANADIAN IMPERIAL BANK OF COMMERCE,,Etats-Unis,NYSE,USD,15.78,3.54,,12.10,3.23,,,,3,,0,,2.10,,34.21,0,6,,4,,64413000000.00,29.14,11.59,17.34
BSX,BOSTON SCIENTIFIC CORPORATION,,Etats-Unis,NYSE,USD,12.45,0.47,9.34,9.97,2.15,7.72,1.44,0,1,0,0,2.61,5.12,18.72,37.42,6,6,0,1,2.39,24472000000.00,14.41,18.73,1.78
CMBT,CMB.TECH NV,,Etats-Unis,NYSE,USD,7.29,2.12,5.29,31.41,21.62,10.44,5.57,2,3,0,3,8.45,18.72,151.34,177.48,6,6,2,3,14.21,2623320000.00,8.35,16.14,3.20
CMC,COMMERCIAL METALS COMPANY,,Etats-Unis,NYSE,USD,1.99,0.32,7.88,12.24,10.63,11.78,5.12,3,4,1,2,3.61,9.52,69.46,95.44,6,6,4,5,0.60,4193326000.00,1.09,-5.86,1.71
CMG,"CHIPOTLE MEXICAN GRILL, INC.",,Etats-Unis,NYSE,USD,47.36,1.79,22.23,46.10,1.11,21.85,1.35,5,6,3,5,8.16,15.67,3.26,0.00,6,6,5,6,1.83,2830607000.00,12.88,9.91,3.18
OI,"O-I GLASS, INC.",,Etats-Unis,NYSE,USD,-7.77,3.46,6.94,-6.31,1.32,6.59,1.62,0,3,0,3,1.16,17.75,39.75,111.80,6,6,0,3,7.05,1445000000.00,-1.60,-4.90,6.40
CMI,CUMMINS INC.,,Etats-Unis,NYSE,USD,23.93,0.61,12.55,23.55,15.01,9.87,5.21,2,5,0,5,4.43,8.55,67.32,64.51,6,6,5,5,1.17,13408000000.00,8.78,-0.58,2.54
HE,HAWAIIAN ELECTRIC INDUSTRIES INC.,,Etats-Unis,NYSE,USD,8.10,1.84,2.11,-18.96,47.51,-2.54,7.87,0,0,0,0,7.92,47.64,578.60,797.73,6,6,0,2,10.44,1605919000.00,4.09,-8.44,5.56
WGO,"WINNEBAGO INDUSTRIES, INC.",,Etats-Unis,NYSE,USD,2.06,0.47,2.80,6.48,8.61,6.98,5.62,3,3,2,2,5.82,8.89,90.41,97.09,6,6,3,3,7.09,1224700000.00,0.92,-10.47,1.76
NABL,N-ABLE INC.,,Etats-Unis,NYSE,USD,-2.41,0.54,2.25,1.75,3.63,4.09,1.60,0,0,0,0,0.51,2.70,56.48,157.24,6,6,0,0,9.40,802044000.00,-3.70,9.82,1.76
OII,"OCEANEERING INTERNATIONAL, INC.",,Etats-Unis,NYSE,USD,39.37,0.81,16.63,25.98,11.86,13.20,3.26,2,3,0,2,7.20,58.93,0.00,0.00,6,6,3,3,0.58,1076663000.00,12.71,7.16,2.48
OIS,OIL STATES INTERNATIONAL INC.,,Etats-Unis,NYSE,USD,-17.45,0.13,0.05,-5.74,10.28,1.35,1.13,0,0,0,0,6.09,33.50,97.56,1048.37,6,6,0,0,2.16,573191000.00,-16.35,-7.52,1.54
OHI,OMEGA HEALTHCARE INVESTORS INC.,,Etats-Unis,NYSE,USD,11.98,0.78,6.74,9.47,2.72,6.00,1.02,0,0,0,0,0.91,4.11,29.69,40.67,6,6,0,3,5.68,5440499000.00,51.21,11.94,1.85
GNW,GENWORTH FINANCIAL INC.,,Etats-Unis,NYSE,USD,3.65,0.15,0.54,3.61,1.22,0.60,0.08,0,0,0,0,0.06,2.01,18.18,71.97,2,6,0,0,-12.26,9767000000.00,4.93,-1.81,9.02
CNC,CENTENE CORPORATION,,Etats-Unis,NYSE,USD,-28.68,0.91,-0.79,-1.79,23.31,4.70,4.76,0,1,0,0,3.98,20.03,110.51,328.34,6,6,0,2,,20056000000.00,-3.43,12.46,3.83
CNO,CNO FINANCIAL GROUP INC.,,Etats-Unis,NYSE,USD,8.93,1.54,1.39,13.32,4.13,1.75,0.51,0,3,0,0,0.36,4.44,34.12,50.22,2,6,0,4,-8.63,2638200000.00,5.11,4.03,14.70
BRBR,BELLRING BRANDS INC.,,Etats-Unis,NYSE,USD,-65.54,-2.39,43.08,-68.66,23.06,44.62,5.88,6,0,6,0,7.81,27.33,15.73,0.00,6,6,6,0,2.83,-453900000.00,9.33,17.89,
VSTS,VESTIS CORPORATION,,Etats-Unis,NYSE,USD,-4.55,1.64,1.90,3.69,8.98,3.97,2.12,0,1,0,0,1.64,5.50,69.06,134.29,5,5,0,1,21.56,865644000.00,-1.47,-1.61,3.36
GNL,"GLOBAL NET LEASE, INC.",,Etats-Unis,NYSE,USD,-11.71,1.55,2.61,-9.17,3.29,2.31,0.45,0,0,0,0,0.23,7.30,15.96,1601.28,6,6,0,0,12.77,1663498000.00,-45.52,-1.94,2.61
VST,VISTRA CORP,,Etats-Unis,NYSE,USD,17.66,3.93,5.59,32.79,17.25,8.86,3.43,1,3,0,2,8.11,24.15,181.40,345.58,6,6,1,3,9.04,5110000000.00,5.32,9.55,8.13
STUB,"STUBHUB HOLDINGS, INC.",,Etats-Unis,NYSE,USD,-148.82,1.27,-36.90,-74.51,105.09,-17.41,27.56,0,0,0,0,19.49,74.31,1882.61,0.00,2,2,0,0,,1183588000.00,-109.21,-1.44,4.27
CNP,CENTERPOINT ENERGY INC.,,Etats-Unis,NYSE,USD,9.64,2.06,4.33,9.65,0.36,4.29,0.12,0,1,0,0,0.40,11.03,7.24,44.41,6,6,0,3,10.63,11153000000.00,11.24,3.73,4.17
THG,"HANOVER INSURANCE GROUP, INC.",,Etats-Unis,NYSE,USD,20.66,0.34,5.06,12.73,10.02,4.22,1.19,0,3,0,1,0.84,7.79,0.00,88.96,2,6,0,4,-2.00,3571500000.00,10.09,4.94,4.74
BR,"BROADRIDGE FINANCIAL SOLUTIONS, INC.",,Etats-Unis,NYSE,USD,40.91,1.24,15.23,35.80,4.70,14.08,1.60,3,6,0,6,2.41,1.33,0.00,4.43,6,6,4,6,2.09,2840600000.00,15.04,7.19,3.15
CNQ,CANADIAN NATURAL RESOURCES LIMITED,,Etats-Unis,NYSE,USD,25.81,0.37,8.08,20.77,5.21,10.13,2.16,2,5,0,4,6.29,13.73,52.39,47.12,6,6,3,5,1.94,44366000000.00,24.50,4.00,2.07
CNR,"CORE NATURAL RESOURCES, INC.",,Etats-Unis,NYSE,USD,-5.84,0.12,-5.08,22.04,29.13,12.07,18.11,2,3,2,2,9.07,14.32,116.07,111.17,6,6,3,3,,3678234000.00,-3.68,28.90,1.67
ONL,ORION OFFICE REIT INC.,,Etats-Unis,NYSE,USD,-20.04,0.74,-0.14,-12.88,6.95,-0.34,0.78,0,0,0,0,0.80,7.62,144.28,0.00,6,6,0,0,,624515000.00,-94.34,-12.99,1.87
GNK,GENCO SHIPPING & TRADING LIMITED,,Etats-Unis,NYSE,USD,-0.49,0.22,0.49,2.17,5.33,2.74,2.49,1,2,0,1,2.91,20.13,96.45,105.98,6,6,2,2,17.13,897820000.00,-1.32,-5.60,1.27
ONON,ON HOLDING AG,,Etats-Unis,NYSE,USD,13.47,0.32,28.53,13.63,5.93,23.16,4.65,3,2,3,0,30.58,24.46,0.00,31.42,6,6,4,2,-1.48,1632400000.00,6.76,29.69,1.74
CNNE,CANNAE HOLDINGS INC.,,Etats-Unis,NYSE,USD,-37.41,0.21,-6.34,-21.78,13.58,-4.58,1.53,0,1,0,1,1.55,13.81,0.00,180.47,6,6,0,1,,990900000.00,-123.91,-13.79,1.33
OMI,OWENS & MINOR INC.,,Etats-Unis,NYSE,USD,-2111.58,-4.60,7.64,-721.57,1203.99,7.05,0.66,1,1,0,1,0.70,1218.84,62.57,7964.36,6,6,1,1,8.29,-460978000.00,-39.85,-48.30,
OMF,ONEMAIN HOLDINGS INC.,,Etats-Unis,NYSE,USD,23.76,6.67,,20.13,3.93,,,,6,,5,,3.98,,60.32,0,6,,6,,3401000000.00,15.75,7.76,8.05
STVN,STEVANATO GROUP S.P.A.,,Etats-Unis,NYSE,USD,9.67,0.32,7.48,10.88,2.44,8.65,2.69,3,4,1,2,4.99,4.25,67.03,63.38,6,6,4,4,1.70,1486521000.00,11.79,4.55,1.71
OLN,OLIN CORPORATION,,Etats-Unis,NYSE,USD,-5.15,1.68,0.43,6.17,12.02,4.80,4.88,2,3,2,2,5.97,46.64,98.06,108.15,6,6,3,3,76.79,1870600000.00,-1.49,-0.38,3.92
BRK.B,BERKSHIRE HATHAWAY INC. CLASS B,,Etats-Unis,NYSE,USD,,0.18,,,,,,,,,,,,,,0,0,,,,719703000000.00,,,1.70
BRK.A,BERKSHIRE HATHAWAY INC.,,Etats-Unis,NYSE,USD,9.81,0.18,8.47,14.31,4.34,9.90,2.02,0,3,0,0,1.42,9.83,25.18,123.43,2,6,1,3,-2.79,719703000000.00,16.38,-3.33,1.70
VTEX,VTEX INC.,,Etats-Unis,NYSE,USD,8.19,0.01,8.97,2.57,7.04,-4.54,14.82,0,0,0,0,20.72,17.58,637.27,0.00,6,6,0,0,-11.32,233559000.00,8.33,9.25,1.48
CNH,CNH INDUSTRIAL N.V.,,Etats-Unis,NYSE,USD,6.48,3.45,5.43,17.85,12.56,8.40,3.10,0,4,0,3,2.80,20.73,53.27,79.32,6,6,1,4,8.72,7825000000.00,2.79,-14.39,5.46
CNA,CNA FINANCIAL CORPORATION,,Etats-Unis,NYSE,USD,11.55,0.26,2.16,11.34,1.84,1.93,0.33,0,1,0,0,0.23,2.83,0.00,31.14,2,6,0,2,-0.66,11621000000.00,8.69,5.88,5.98
CNI,CANADIAN NATIONAL RAILWAY COMPANY,,Etats-Unis,NYSE,USD,25.49,1.00,10.36,23.66,4.65,10.17,2.21,1,6,0,4,1.48,4.04,35.91,32.24,6,6,5,6,3.23,21568000000.00,27.28,1.40,2.71
CNK,CINEMARK HOLDINGS INC.,,Etats-Unis,NYSE,USD,27.82,7.23,7.34,61.02,30.36,7.10,0.45,0,3,0,3,9.17,69.53,10.70,68.16,6,6,0,3,7.75,413800000.00,4.54,0.78,10.72
HESM,HESS MIDSTREAM LP,,Etats-Unis,NYSE,USD,151.59,8.61,20.93,148.97,11.65,20.47,0.61,6,6,2,6,2.84,57.85,0.55,4.71,6,6,6,6,3.74,437900000.00,42.33,9.61,10.02
OMC,OMNICOM GROUP INC.,,Etats-Unis,NYSE,USD,0.48,0.82,1.55,22.01,18.66,12.53,9.51,5,5,1,5,9.53,18.81,93.38,98.77,6,6,5,5,8.66,13056200000.00,0.25,8.42,4.17
GNRC,GENERAC HOLDINGS INC.,,Etats-Unis,NYSE,USD,6.28,0.57,5.73,9.52,3.41,7.57,2.27,2,4,1,2,3.72,6.46,72.28,78.96,6,6,4,4,4.00,2639046000.00,3.83,2.29,2.11
CNM,CORE & MAIN INC.,,Etats-Unis,NYSE,USD,24.01,1.18,10.63,25.78,1.57,11.99,1.71,2,5,0,4,3.69,12.76,34.18,12.37,6,6,5,5,3.07,2074000000.00,6.04,6.82,2.93
BRCC,BRC INC.,,Etats-Unis,NYSE,USD,-54.86,0.91,-12.52,-50.14,32.11,-12.29,14.04,1,1,1,1,30.52,47.74,407.45,106.31,6,6,1,2,,68017000.00,-8.09,0.33,3.08
VSXY,VICTORIA'S SECRET & CO.,,Etats-Unis,NYSE,USD,20.77,3.13,6.74,20.77,,6.74,,0,1,0,1,,,,,1,1,0,1,8.59,910000000.00,2.88,,5.51
BTE,BAYTEX ENERGY CORP,,Etats-Unis,NYSE,USD,-18.41,0.05,3.90,-5.73,12.67,6.41,2.28,1,2,0,2,6.81,244.16,77.57,115.91,6,6,2,2,-7.90,2389049000.00,-35.84,-15.31,1.40
CLVT,CLARIVATE PLC,,Etats-Unis,NYSE,USD,-4.03,0.92,1.35,-9.90,5.27,1.61,0.23,0,0,0,0,1.05,20.40,25.00,0.00,6,6,0,0,24.11,4842900000.00,-8.19,-3.36,2.29
OGS,ONE GAS INC.,,Etats-Unis,NYSE,USD,8.07,0.98,4.63,8.10,0.53,4.54,0.08,0,0,0,0,0.51,0.75,13.54,15.76,6,6,0,0,7.35,3440123000.00,10.88,1.16,2.57
GPN,GLOBAL PAYMENTS INC.,,Etats-Unis,NYSE,USD,6.22,0.92,2.64,5.90,1.32,3.36,0.64,0,0,0,0,0.55,2.29,31.96,84.05,6,6,0,0,9.19,23779481000.00,18.90,-10.66,2.24
GPK,GRAPHIC PACKAGING HOLDING COMPANY,,Etats-Unis,NYSE,USD,13.98,1.69,6.63,22.00,7.69,8.77,2.08,0,4,0,3,1.87,6.28,38.55,52.32,6,6,1,6,6.36,3337000000.00,5.15,-4.40,3.53
GPGI,GPGI INC,,Etats-Unis,NYSE,USD,-272.84,0.00,-3.38,-107.43,233.92,9.61,18.36,1,1,1,1,12.99,165.40,114.96,570.66,2,2,1,1,,243141000.00,-227.34,-85.78,2.13
CION,CION INVESTMENT CORPORATION,,Etats-Unis,NYSE,USD,-2.70,1.59,,4.03,6.76,,,,1,,0,,5.55,,120.56,0,6,,2,,707628000.00,,,2.62
WELL,WELLTOWER INC.,,Etats-Unis,NYSE,USD,2.54,0.49,0.50,2.45,0.90,1.60,0.96,0,0,0,0,0.82,0.99,77.58,86.73,6,6,0,0,46.03,43202939000.00,9.02,28.32,1.56
BV,BRIGHTVIEW HOLDINGS INC.,,Etats-Unis,NYSE,USD,3.13,0.51,3.23,2.13,2.31,2.85,0.33,0,0,0,0,1.35,3.51,22.53,114.69,6,6,0,0,6.23,1800100000.00,2.10,-2.58,1.88
GPC,GENUINE PARTS COMPANY,,Etats-Unis,NYSE,USD,1.50,1.47,7.72,18.05,15.43,10.77,3.20,2,4,0,4,2.46,19.20,48.01,95.37,6,6,4,4,4.99,4440363000.00,0.27,2.59,4.68
GOOS,CANADA GOOSE HOLDINGS INC.,,Etats-Unis,NYSE,USD,4.69,1.25,7.44,12.91,8.23,11.02,3.83,4,5,1,1,5.11,5.56,65.12,77.81,6,6,5,5,-0.35,627800000.00,1.82,7.04,2.79
CL,COLGATE-PALMOLIVE COMPANY,,Etats-Unis,NYSE,USD,497.47,23.44,30.43,394.08,109.99,28.62,2.80,6,6,6,6,1.67,37.66,9.92,14.78,6,6,6,6,1.72,365000000.00,11.09,2.35,44.74
NCLH,NORWEGIAN CRUISE LINE HOLDINGS LTD.,,Etats-Unis,NYSE,USD,23.29,6.61,7.93,72.91,43.66,6.67,1.60,0,3,0,3,9.49,107.46,0.00,77.92,6,6,0,3,9.22,2209888000.00,4.31,7.21,10.20
CLB,CORE LABORATORIES INC.,,Etats-Unis,NYSE,USD,11.47,0.60,6.88,14.11,3.21,7.78,1.51,0,3,0,0,1.21,81.61,40.38,35.12,6,6,0,5,2.80,272208000.00,5.77,1.63,2.15
CIM,CHIMERA INVESTMENT CORPORATION,,Etats-Unis,NYSE,USD,9.04,5.08,,6.93,2.11,,,,1,,0,,12.82,,189.90,0,6,,1,,2572694000.00,64.59,32.01,6.14
NE,NOBLE CORPORATION PLC,,Etats-Unis,NYSE,USD,4.71,0.43,5.95,9.32,4.16,9.26,2.92,0,1,0,0,7.38,1507.28,48.08,63.20,5,5,2,2,2.92,4548850000.00,6.60,12.65,1.66
W,WAYFAIR INC.,,Etats-Unis,NYSE,USD,11.31,-1.54,9.18,19.14,8.44,-31.42,39.35,1,3,1,2,53.50,17.80,493.30,82.29,6,6,1,4,13.75,-2782000000.00,-2.51,1.87,
SW,SMURFIT WESTROCK PLC,,Etats-Unis,NYSE,USD,3.91,0.75,4.08,7.17,6.78,6.46,4.65,1,4,0,0,5.50,9.36,76.49,86.53,6,6,4,4,5.79,18354000000.00,2.24,52.42,2.46
HAYW,HAYWARD HOLDINGS INC.,,Etats-Unis,NYSE,USD,10.05,0.61,7.35,8.37,1.86,6.53,0.89,0,2,0,0,1.57,2.90,49.00,66.03,6,6,1,3,2.39,1593008000.00,13.51,6.33,1.98
CHWY,CHEWY INC.,,Etats-Unis,NYSE,USD,58.68,1.04,42.39,57.42,45.00,12.65,29.17,2,4,1,4,26.43,715.97,219.09,125.60,6,6,3,5,-4.80,497900000.00,1.77,6.32,6.76
NEEXU,"NEXTERA ENERGY, INC.",,Etats-Unis,NYSE,USD,8.58,1.44,3.41,9.73,1.62,4.33,1.30,0,0,0,0,0.92,1.14,35.05,21.07,2,2,0,1,11.57,66479000000.00,19.45,-2.50,3.20
BWLP,BW LPG LIMITED,,Etats-Unis,NYSE,USD,15.00,0.51,8.50,22.80,8.00,14.14,5.78,2,6,1,2,2.32,2.80,57.61,51.58,6,6,2,6,2.52,1925553000.00,8.09,10.24,1.64
OC,OWENS CORNING,,Etats-Unis,NYSE,USD,-11.58,1.47,9.04,8.41,18.28,12.15,3.16,4,4,0,3,3.90,23.89,42.75,141.79,6,6,4,4,3.43,3893000000.00,-5.17,2.18,3.33
CI,THE CIGNA GROUP,,Etats-Unis,NYSE,USD,15.13,0.75,5.23,11.85,3.25,4.19,1.47,0,3,0,0,1.04,3.08,0.00,48.78,2,6,0,5,2.80,41874000000.00,2.30,18.45,3.77
CIEN,CIENA CORPORATION,,Etats-Unis,NYSE,USD,4.45,0.60,5.86,5.52,3.24,5.47,2.77,2,2,0,0,3.26,3.15,85.69,83.64,6,6,2,2,1.02,2729323000.00,2.59,4.27,2.15
GPS,"THE GAP, INC.",,Etats-Unis,NYSE,USD,20.80,2.10,6.85,7.42,14.60,4.89,5.09,0,1,0,1,9.51,19.54,110.23,184.90,4,4,0,1,3.03,2595000000.00,3.37,-5.49,4.26
BWA,BORGWARNER INC.,,Etats-Unis,NYSE,USD,5.92,0.72,9.39,7.65,2.29,9.35,1.38,0,1,0,0,1.69,2.03,14.54,57.38,6,6,1,2,1.32,5614000000.00,2.34,0.41,2.45
BW,"BABCOCK & WILCOX ENTERPRISES, INC.",,Etats-Unis,NYSE,USD,17.44,-2.80,3.39,78.92,100.25,4.10,0.91,0,3,0,2,2.15,63.38,161.73,3124.12,6,6,0,3,12.19,-131541000.00,-6.15,-23.32,
GPRK,GEOPARK LTD.,,Etats-Unis,NYSE,USD,22.12,2.36,18.40,49.71,27.05,30.78,10.72,5,5,4,5,19.25,81.82,71.04,133.49,6,6,5,5,2.45,245797000.00,10.08,-19.32,4.23
OCANF,OCEANAGOLD CORPORATION,,Etats-Unis,NYSE,USD,30.05,0.02,25.13,15.14,13.21,14.03,9.73,1,1,1,1,5.30,10.17,8.65,40.70,6,6,1,2,-0.55,2371200000.00,34.11,35.82,1.37
BURL,BURLINGTON STORES INC.,,Etats-Unis,NYSE,USD,38.40,3.32,9.14,39.62,2.55,8.64,0.86,1,5,0,5,8.51,49.17,54.59,55.66,6,6,1,5,5.65,1807259000.00,5.27,9.05,5.49
BUR,BURFORD CAPITAL LIMITED,,Etats-Unis,NYSE,USD,2.26,0.68,,11.68,12.36,,,,1,,1,,4.11,,104.38,0,6,,1,,3127730000.00,37.25,-51.00,2.12
SU,SUNCOR ENERGY INC.,,Etats-Unis,NYSE,USD,15.24,0.32,9.16,15.64,4.25,8.61,1.07,1,3,0,2,8.22,14.81,47.66,51.44,6,6,1,5,0.90,45124000000.00,11.30,0.16,1.99
STZ,"CONSTELLATION BRANDS, INC.",,Etats-Unis,NYSE,USD,22.64,1.34,10.51,13.69,12.32,10.94,0.54,0,3,0,1,1.53,7.54,10.00,102.54,6,6,3,3,3.88,8386900000.00,19.22,-4.22,2.61
BTU,PEABODY ENERGY CORPORATION,,Etats-Unis,NYSE,USD,-1.17,0.13,-1.00,11.16,12.40,7.43,10.08,2,3,1,3,7.22,120.78,103.70,102.27,6,6,2,4,,3582200000.00,-1.10,-11.65,1.62
OFRM,ONCE UPON A FARM PBC,,Etats-Unis,NYSE,USD,13.90,-0.49,-6.76,13.90,,-6.76,,0,1,0,0,,,,,1,1,0,1,,-124067000.00,-7.17,,
HCC,WARRIOR MET COAL INC.,,Etats-Unis,NYSE,USD,2.69,0.13,0.97,14.72,13.19,15.05,16.54,3,4,3,2,14.37,14.25,98.50,95.14,6,6,4,4,-1.80,2141385000.00,4.35,-11.61,1.30
CLS,CELESTICA INC.,,Etats-Unis,NYSE,USD,40.49,0.35,38.16,26.02,13.34,25.14,11.78,3,3,2,2,4.09,5.21,0.00,0.00,6,6,4,3,-0.39,2216300000.00,6.72,24.76,3.25
VVX,V2X INC.,,Etats-Unis,NYSE,USD,7.38,1.01,7.25,2.85,4.85,5.78,1.69,0,2,0,0,2.65,6.32,70.86,116.26,6,6,0,2,3.75,1084636000.00,1.74,6.32,3.02
VVV,VALVOLINE INC.,,Etats-Unis,NYSE,USD,80.40,4.10,13.06,248.72,267.32,12.60,1.89,2,5,0,5,2.97,330.83,8.16,94.40,6,6,3,5,3.42,338500000.00,12.32,8.85,7.89
OGE,OGE ENERGY CORP.,,Etats-Unis,NYSE,USD,9.79,1.14,5.06,9.59,0.23,4.93,0.21,0,2,0,0,0.54,8.37,0.00,51.30,6,6,0,2,7.08,4977300000.00,14.44,10.41,2.89
OGG,OSISKO GOLD GROUP INC.,,Etats-Unis,NYSE,USD,-24.76,0.21,-9.08,-24.76,,-9.08,,0,0,0,0,,,,,1,1,0,0,,682689000.00,-476.39,,1.85
HD,"THE HOME DEPOT, INC.",,Etats-Unis,NYSE,USD,145.54,5.10,20.11,564.36,531.42,24.80,4.58,6,5,6,5,6.56,14964.15,46.63,1345.19,6,6,6,5,3.06,12813000000.00,8.60,3.86,8.20
BTGO,"BITGO HOLDINGS, INC.",,Etats-Unis,NYSE,USD,-4.64,1.13,1.65,-4.64,,1.65,,0,0,0,0,,,,,1,1,0,0,16.93,318548000.00,-0.09,,14.28
OGN,ORGANON & CO.,,Etats-Unis,NYSE,USD,30.56,11.49,8.01,82.58,324.41,10.73,2.36,5,4,2,4,4.80,156.80,69.89,413.13,6,6,5,4,6.58,752000000.00,3.01,-0.38,17.11
PLGO,PELAGOS INSURANCE CAPITAL LIMITED,,Etats-Unis,NYSE,USD,9.40,0.35,2.35,9.40,,2.35,,0,0,0,0,,,,,1,1,0,0,-1.16,2399600000.00,10.38,,5.19
GOLD,"GOLD.COM, INC.",,Etats-Unis,NYSE,USD,0.10,1.19,0.09,3.16,3.04,3.78,3.20,0,1,0,0,3.24,5.64,99.04,99.35,6,6,0,3,13.97,702671000.00,0.14,-0.16,3.15
VZ,VERIZON COMMUNICATIONS INC.,,Etats-Unis,NYSE,USD,17.07,1.72,6.47,16.18,2.85,6.25,0.33,0,6,0,3,0.52,5.91,29.62,56.22,6,6,0,6,5.56,105741000000.00,12.74,1.56,3.82
HBM,HUDBAY MINERALS INC.,,Etats-Unis,NYSE,USD,19.20,0.33,7.90,8.56,9.23,6.34,1.57,0,1,0,0,4.60,12.71,24.76,39.61,6,6,0,1,0.88,3231000000.00,25.52,14.38,1.93
SUNB,"SUNBELT RENTALS HOLDINGS, INC.",,Etats-Unis,NYSE,USD,17.58,1.41,7.82,18.64,1.50,8.64,1.15,0,2,0,0,0.81,1.06,17.25,10.76,2,2,0,2,4.78,7409000000.00,11.88,3.36,3.01
VYX,NCR VOYIX CORP,,Etats-Unis,NYSE,USD,5.25,1.15,0.54,30.33,86.81,-0.15,0.91,0,1,0,1,0.93,26.99,152.91,700.15,6,6,0,1,42.12,1155000000.00,2.31,-16.24,3.39
GOLF,ACUSHNET HOLDINGS CORP.,,Etats-Unis,NYSE,USD,23.65,1.20,12.79,22.74,1.55,13.50,0.66,5,5,0,3,1.94,6.33,14.68,0.00,6,6,6,5,2.98,785336000.00,7.31,3.64,2.98
WEX,WEX INC.,,Etats-Unis,NYSE,USD,22.33,3.94,15.10,18.80,3.48,15.27,0.69,3,3,0,1,7.24,15.43,5.80,0.00,6,6,4,3,-0.57,1234500000.00,11.43,2.19,11.66
OFC,CORPORATE OFFICE PROPERTIES TRUST,,Etats-Unis,NYSE,USD,10.42,1.41,3.51,7.05,2.98,3.43,0.07,0,1,0,1,0.25,2.87,0.00,89.19,4,4,0,2,13.58,1747748000.00,24.20,10.13,2.44
CLF,CLEVELAND-CLIFFS INC.,,Etats-Unis,NYSE,USD,-21.60,1.15,-6.35,-8.49,13.61,-1.52,5.32,1,2,1,1,5.56,14.65,128.92,128.90,6,6,1,2,,6323000000.00,-7.67,-8.02,3.16
CLH,CLEAN HARBORS INC.,,Etats-Unis,NYSE,USD,14.70,1.11,8.39,16.50,1.72,9.13,0.71,0,5,0,1,0.81,3.41,29.26,38.67,6,6,1,6,3.09,2745660000.00,6.48,5.59,2.78
OEC,ORION S.A.,,Etats-Unis,NYSE,USD,-16.31,2.89,4.78,5.01,19.54,7.24,2.13,0,3,0,3,3.10,19.41,47.59,130.32,6,6,0,4,10.37,384600000.00,-3.88,-2.33,4.96
HCA,HCA HEALTHCARE INC.,,Etats-Unis,NYSE,USD,-702.35,-17.57,19.22,452.10,1020.57,17.84,1.21,6,5,0,5,1.14,798.45,10.30,156.91,6,6,6,5,3.98,-2771000000.00,10.29,7.87,
CLNC,COLONY CREDIT REAL ESTATE INC,,Etats-Unis,NYSE,USD,,,,,,,,,,,,,,,,,,,,,,,,
SUI,SUN COMMUNITIES INC.,,Etats-Unis,NYSE,USD,20.05,0.60,2.15,6.25,12.14,2.30,0.13,0,1,0,1,0.28,3.54,32.18,141.49,6,6,0,1,8.30,7072800000.00,63.35,-15.73,1.77
WFC,WELLS FARGO & COMPANY,,Etats-Unis,NYSE,USD,11.73,1.05,,10.96,0.72,,,,1,,0,,5.34,,43.25,0,6,,4,,183038000000.00,25.52,0.66,11.74
ODV,OSISKO DEVELOPMENT CORP.,,Etats-Unis,NYSE,USD,-26.97,0.21,-8.06,-23.19,7.15,-8.26,0.17,0,0,0,0,1.33,4.21,0.00,0.00,5,6,0,0,,682689000.00,-476.39,5.92,1.85
WOLF,"WOLFSPEED, INC.",,Etats-Unis,NYSE,USD,,1.93,,-404.44,474.35,-9.65,0.52,0,0,0,0,0.88,506.67,0.00,0.00,5,5,0,0,,930200000.00,,-6.14,3.23
ORA,ORMAT TECHNOLOGIES INC.,,Etats-Unis,NYSE,USD,4.84,1.06,2.37,5.34,0.56,2.61,0.30,0,0,0,0,0.65,0.97,37.30,26.44,6,6,0,0,14.83,2691276000.00,12.83,9.23,2.32
FVRR,FIVERR INTERNATIONAL LTD.,,Etats-Unis,NYSE,USD,5.42,0.01,-7.57,3.89,2.36,-7.75,0.66,0,0,0,0,2.36,16.11,0.00,0.00,6,6,0,0,,411984000.00,4.87,9.20,1.66
SPNT,SIRIUSPOINT LTD.,,Etats-Unis,NYSE,USD,20.87,0.28,5.69,15.23,5.92,4.28,2.00,0,2,0,1,1.42,15.43,0.00,283.13,2,6,0,2,-3.85,2470900000.00,14.47,8.48,5.09
AVTR,AVANTOR INC.,,Etats-Unis,NYSE,USD,-9.20,0.71,3.88,3.28,11.26,4.77,0.91,0,3,0,0,1.39,11.36,48.34,155.19,6,6,0,3,6.58,5565000000.00,-8.09,-3.02,2.12
DRI,"DARDEN RESTAURANTS, INC.",,Etats-Unis,NYSE,USD,53.41,2.87,13.00,48.59,4.18,12.81,0.35,5,6,0,6,3.21,13.94,8.01,0.32,6,6,5,6,3.66,2207500000.00,9.13,7.70,5.83
LEG,"LEGGETT & PLATT, INC.",,Etats-Unis,NYSE,USD,27.49,1.62,7.71,-10.75,39.03,6.40,1.25,0,4,0,2,2.10,42.79,52.19,292.86,6,6,1,4,4.46,1022600000.00,5.81,-7.36,3.46
PWR,QUANTA SERVICES INC.,,Etats-Unis,NYSE,USD,12.74,0.71,7.93,13.07,0.48,8.09,0.21,0,3,0,0,1.32,1.43,19.07,6.46,6,6,0,5,3.77,9027874000.00,3.66,16.78,2.76
SPIR,SPIRE GLOBAL INC.,,Etats-Unis,NYSE,USD,101.35,0.12,-87.30,-106.90,228.45,-52.02,31.35,0,1,0,1,39.19,206.43,0.00,0.00,5,5,0,1,,112928000.00,71.70,-17.72,1.87
IP,INTERNATIONAL PAPER COMPANY,,Etats-Unis,NYSE,USD,-30.57,0.70,-0.59,-6.80,20.65,1.00,1.58,0,2,0,1,2.38,21.44,109.28,247.68,6,6,0,2,,14827000000.00,-14.88,11.78,2.56
AVY,AVERY DENNISON CORPORATION,,Etats-Unis,NYSE,USD,30.21,1.66,13.24,28.71,4.00,12.90,0.98,5,6,0,6,1.29,6.73,27.00,44.31,6,6,6,6,3.14,2242100000.00,7.77,2.89,3.93
DRQ,"INNOVEX INTERNATIONAL, INC.",,Etats-Unis,NYSE,USD,0.07,0.02,0.14,0.07,,0.14,,0,0,0,0,,,,,1,1,0,0,-141.31,881260000.00,0.14,,1.17
TFPM,TRIPLE FLAG PRECIOUS METALS CORP,,Etats-Unis,NYSE,USD,12.70,0.00,10.19,4.57,7.27,6.46,3.36,0,1,0,0,1.28,3.27,24.22,123.85,6,6,1,1,-0.73,2045217000.00,61.74,38.03,1.03
PVH,PVH CORP.,,Etats-Unis,NYSE,USD,0.51,0.90,4.72,8.43,6.89,6.27,1.35,0,2,0,0,4.58,18.99,40.10,97.32,6,6,0,3,5.48,4792300000.00,0.28,-1.46,2.44
AWK,"AMERICAN WATER WORKS COMPANY, INC.",,Etats-Unis,NYSE,USD,10.50,1.47,4.30,10.58,0.19,4.20,0.10,0,1,0,0,0.21,0.33,6.99,43.17,6,6,0,6,8.42,10837000000.00,21.61,10.18,3.27
MGM,MGM RESORTS INTERNATIONAL,,Etats-Unis,NYSE,USD,14.89,9.58,2.74,22.74,6.81,3.41,0.59,0,3,0,2,5.23,15.44,312.93,76.76,6,6,0,4,21.91,3276318000.00,2.97,4.16,12.63
PUMP,PROPETRO HOLDING CORP.,,Etats-Unis,NYSE,USD,0.10,0.26,1.16,-2.11,12.13,6.08,6.60,1,0,0,0,3.49,8.93,91.46,273.20,6,6,2,0,6.58,829842000.00,0.06,-11.77,1.56
TFX,TELEFLEX INCORPORATED,,Etats-Unis,NYSE,USD,-24.47,0.87,3.06,-4.82,17.36,5.65,2.24,0,1,0,0,2.27,19.71,60.26,278.74,6,6,0,2,9.18,3124768000.00,-45.45,-18.15,2.22
SPHR,SPHERE ENTERTAINMENT CO.,,Etats-Unis,NYSE,USD,1.44,0.43,-3.36,4.91,14.98,-4.30,0.82,0,1,0,1,1.02,5.24,297.55,263.58,6,6,0,1,,2233239000.00,2.74,45.81,1.89
SPGI,S&P GLOBAL INC.,,Etats-Unis,NYSE,USD,13.09,0.38,9.09,10.51,2.86,7.70,1.64,2,4,2,2,1.71,4.47,90.78,90.17,6,6,2,5,1.91,36152000000.00,31.43,10.78,1.69
VET,VERMILION ENERGY INC.,,Etats-Unis,NYSE,USD,-25.97,0.58,2.50,-12.14,12.51,3.67,1.23,2,2,1,2,4.84,92.45,88.39,133.82,6,6,2,2,7.49,2221861000.00,-34.69,-7.44,2.41
AXP,AMERICAN EXPRESS COMPANY,,Etats-Unis,NYSE,USD,33.99,1.73,,33.49,1.56,,,,6,,5,,11.23,,11.07,0,6,,6,,33474000000.00,15.00,9.39,8.96
SPG,"SIMON PROPERTY GROUP, INC.",,Etats-Unis,NYSE,USD,104.11,4.35,8.44,82.90,18.56,8.65,0.57,0,6,0,6,1.82,18.88,9.25,6.45,6,6,0,6,8.93,6705393000.00,84.28,6.05,6.06
MGA,MAGNA INTERNATIONAL INC.,,Etats-Unis,NYSE,USD,7.13,0.52,6.93,9.02,1.88,7.71,1.01,0,1,0,0,0.26,2.10,35.77,58.06,6,6,1,2,2.41,12839000000.00,2.10,-0.92,2.45
AWI,"ARMSTRONG WORLD INDUSTRIES, INC.",,Etats-Unis,NYSE,USD,37.24,0.55,15.34,38.75,1.32,13.70,1.55,3,5,0,5,2.51,34.70,0.00,6.24,6,6,4,5,1.19,900700000.00,19.05,11.87,2.14
AXS,AXIS CAPITAL HOLDINGS LIMITED,,Etats-Unis,NYSE,USD,16.21,0.23,3.86,14.29,5.97,3.50,0.51,0,2,0,0,0.36,7.54,0.00,61.59,2,6,0,3,-3.29,6356435000.00,15.70,7.21,5.42
WTI,W&T OFFSHORE INC.,,Etats-Unis,NYSE,USD,118.94,-1.82,-5.72,338.10,413.47,-2.44,4.35,2,4,1,3,5.14,146.29,111.38,1159.80,6,6,2,4,,-199752000.00,-29.92,-2.97,
WTRG,ESSENTIAL UTILITIES INC.,,Etats-Unis,NYSE,USD,9.44,1.21,4.31,9.37,0.50,3.65,0.57,0,0,0,0,0.52,1.59,2.37,4.07,6,6,0,0,8.98,6857456000.00,24.91,9.77,2.84
AVB,"AVALONBAY COMMUNITIES, INC.",,Etats-Unis,NYSE,USD,8.89,0.80,3.23,8.69,0.56,3.67,0.38,0,0,0,0,0.43,0.93,17.39,21.29,6,6,0,1,10.12,11834317000.00,34.75,4.81,1.88
QGEN,QIAGEN N.V.,,Etats-Unis,NYSE,USD,11.57,0.48,10.55,7.74,4.86,6.90,4.10,2,3,0,0,6.07,5.97,82.17,86.95,6,6,4,4,-0.24,3778154000.00,20.33,3.12,1.66
DG,DOLLAR GENERAL CORPORATION,,Etats-Unis,NYSE,USD,18.99,1.85,6.60,20.64,5.75,6.43,1.23,1,6,0,4,3.12,12.37,62.10,61.19,6,6,3,6,6.62,8511962000.00,3.54,5.08,3.64
AVD,AMERICAN VANGUARD CORPORATION,,Etats-Unis,NYSE,USD,-23.45,0.99,2.65,-21.11,22.06,0.31,4.77,0,0,0,0,4.86,30.20,176.14,667.75,6,6,0,0,12.10,192397000.00,-9.68,-5.71,3.10
AVEX,AEVEX CORP.,,Etats-Unis,NYSE,USD,-0.53,0.18,0.50,23.66,34.20,4.10,5.09,0,1,0,1,3.60,24.19,93.51,101.11,2,2,0,1,-13.98,590069000.00,-0.46,10.39,1.37
DFNS,T3 DEFENSE INC.,,Etats-Unis,NYSE,USD,49.14,0.01,,24.62,34.68,,,,1,,1,,24.53,,0.00,0,2,,1,,157200000.00,,,1.29
AA,ALCOA CORPORATION,,Etats-Unis,NYSE,USD,19.72,0.44,5.44,2.58,16.18,3.03,4.03,1,1,0,0,4.34,7.49,112.91,223.19,6,6,1,2,1.46,6194000000.00,8.72,10.28,2.60
LPX,LOUISIANA-PACIFIC CORPORATION,,Etats-Unis,NYSE,USD,8.58,0.22,8.86,15.50,9.26,13.38,5.32,5,4,3,4,16.82,19.05,90.29,92.24,6,6,5,5,0.34,1731000000.00,5.39,2.43,1.52
AVK.RI,ADVENT CONVERTIBLE AND INCOME F,,Etats-Unis,NYSE,USD,,,,,,,,,,,,,,,,,,,,,,,,
Q,QNITY ELECTRONICS INC.,,Etats-Unis,NYSE,USD,7.98,0.55,6.60,6.13,2.62,6.08,0.74,0,0,0,0,0.52,1.86,0.00,0.00,2,2,0,0,3.07,7366000000.00,15.33,9.67,1.91
XHR,XENIA HOTELS & RESORTS INC.,,Etats-Unis,NYSE,USD,5.43,1.21,3.48,2.72,2.35,3.00,0.55,0,0,0,0,5.52,9.45,33.70,67.34,6,6,0,0,12.02,1183537000.00,6.20,2.55,2.37
LOAR,LOAR HOLDINGS INC.,,Etats-Unis,NYSE,USD,6.38,0.62,6.21,2.74,3.74,5.75,0.63,0,0,0,0,1.24,2.04,0.00,0.00,4,4,0,0,5.37,1174753000.00,14.54,25.03,1.73
IOT,SAMSARA INC. CLASS A COMMON STOCK,,Etats-Unis,NYSE,USD,-0.73,0.05,-4.64,-15.76,15.11,-18.91,13.10,0,1,0,1,14.53,78.23,0.00,494.58,6,6,0,1,,1420447000.00,-0.56,31.41,1.79
XIFR,XPLR INFRASTRUCTURE PARTNERS L.P.,,Etats-Unis,NYSE,USD,-3.67,0.57,0.23,-1.74,2.83,0.17,0.24,0,0,0,0,2.21,2.52,330.38,142.43,6,6,0,0,90.38,10899000000.00,-36.70,4.98,1.80
FPI,FARMLAND PARTNERS INC.,,Etats-Unis,NYSE,USD,5.67,0.30,2.45,6.81,2.81,2.13,0.39,0,0,0,0,0.33,1.66,25.27,43.36,6,6,0,1,6.58,537970000.00,61.66,-4.71,1.34
AVNT,AVIENT CORPORATION,,Etats-Unis,NYSE,USD,3.55,0.84,3.26,4.70,2.26,4.06,1.13,0,2,0,1,0.90,3.39,44.56,90.43,6,6,0,2,7.32,2386300000.00,2.56,1.85,2.53
SPOT,SPOTIFY TECHNOLOGY S.A.,,Etats-Unis,NYSE,USD,29.78,0.23,34.27,12.63,29.65,16.11,31.86,2,2,2,2,15.95,10.30,1034.52,0.00,6,6,2,2,-3.42,8329000000.00,12.87,13.90,1.80
STNG,SCORPIO TANKERS INC.,,Etats-Unis,NYSE,USD,11.35,0.19,8.08,19.21,6.98,11.88,3.34,3,3,0,3,8.14,18.07,137.23,363.38,6,6,3,4,-2.86,3198998000.00,36.70,-16.36,1.22
DFIN,DONNELLEY FINANCIAL SOLUTIONS INC.,,Etats-Unis,NYSE,USD,7.95,0.47,19.05,17.49,8.26,17.36,1.71,5,4,1,4,4.53,20.61,45.35,82.98,6,6,6,4,1.02,379200000.00,4.22,-1.91,2.11
DRH,DIAMONDROCK HOSPITALITY COMPANY,,Etats-Unis,NYSE,USD,6.67,0.81,4.37,4.99,1.87,4.34,0.09,0,0,0,0,6.37,18.29,16.04,57.81,6,6,0,0,6.91,1457085000.00,9.10,2.10,2.06
DFH,DREAM FINDERS HOMES INC.,,Etats-Unis,NYSE,USD,14.38,1.00,7.28,24.73,9.37,14.40,6.52,5,6,1,5,4.79,11.89,63.75,64.42,6,6,5,6,5.09,1604111000.00,5.03,7.39,2.32
QBTS,D-WAVE QUANTUM INC.,,Etats-Unis,NYSE,USD,-77.62,0.05,-34.97,-174.98,536.99,-171.21,179.07,0,2,0,2,252.83,487.30,0.00,345.86,6,6,0,2,,852230000.00,-1444.10,67.55,1.07
AADX,"APPLIED AEROSPACE & DEFENSE, INC.",,Etats-Unis,NYSE,USD,-30.14,4.20,4.86,-25.55,6.49,3.90,1.36,0,0,0,0,0.97,4.59,0.00,0.00,2,2,0,0,11.48,159464000.00,-8.11,51.17,6.27
AACT,"KODIAK AI, INC.",,Etats-Unis,NYSE,USD,5.04,0.01,,-7.08,22.47,,,,0,,0,,38.04,,25.11,0,3,,0,,528660451.00,,,1.04
LNG,CHENIERE ENERGY INC.,,Etats-Unis,NYSE,USD,58.73,1.95,17.97,126.12,126.94,22.29,11.55,3,4,1,4,8.58,1515.11,122.82,11535.72,6,6,4,4,2.68,13078000000.00,34.01,-1.03,3.66
AXTA,AXALTA COATING SYSTEMS LTD.,,Etats-Unis,NYSE,USD,17.43,1.35,9.13,18.27,2.39,9.31,0.95,0,5,0,1,1.75,5.59,15.36,27.80,6,6,1,5,3.50,2393000000.00,7.41,-0.65,3.18
PSX,PHILLIPS 66,,Etats-Unis,NYSE,USD,15.43,0.65,4.48,14.90,7.40,5.51,3.98,1,3,0,2,3.76,16.89,85.13,82.29,6,6,1,3,5.50,30241000000.00,3.42,-5.23,2.44
BA-A,BOEING COMPANY,,Etats-Unis,NYSE,USD,290.08,9.97,-11.84,138.51,140.17,-12.50,11.06,0,6,0,5,11.70,26.55,0.00,79.47,6,6,0,6,,5457000000.00,2.50,7.24,30.83
DECK,DECKERS OUTDOOR CORPORATION,,Etats-Unis,NYSE,USD,40.86,0.15,63.61,40.63,1.31,61.31,5.09,6,6,6,6,6.52,6.25,6.52,2.30,6,6,6,6,-1.21,2499638000.00,18.71,12.97,1.48
BAC,BANK OF AMERICA CORPORATION,,Etats-Unis,NYSE,USD,10.19,1.21,,9.61,0.51,,,,0,,0,,1.88,,21.56,0,6,,3,,303243000000.00,26.98,7.11,11.25
LC,HAPPEN INC.,,Etats-Unis,NYSE,USD,9.55,0.01,,5.58,3.46,,,,1,,1,,17.04,,88.80,0,6,,1,,1500428000.00,13.58,7.48,7.71
DEC,DIVERSIFIED ENERGY COMPANY PLC,,Etats-Unis,NYSE,USD,48.60,3.04,4.18,117.99,183.22,0.73,3.15,2,2,1,2,3.00,130.81,107.16,106.27,6,6,2,2,12.29,994990000.00,21.22,36.23,6.20
WSO,WATSCO INC.,,Etats-Unis,NYSE,USD,18.69,0.15,17.81,22.38,3.69,19.63,1.77,6,6,3,4,3.30,4.86,32.92,43.62,6,6,6,6,-0.37,3222061000.00,8.12,-0.31,1.37
TDAY,"USA TODAY CO., INC.",,Etats-Unis,NYSE,USD,1.14,7.34,5.75,-8.07,13.03,4.59,1.64,0,0,0,0,1.16,9.22,0.00,0.00,2,2,0,0,9.30,154612000.00,0.08,-8.25,11.88
FOUR,"SHIFT4 PAYMENTS, INC.",,Etats-Unis,NYSE,USD,9.88,2.36,4.29,19.78,10.76,4.99,0.83,0,3,0,1,6.89,24.06,27.41,68.36,6,6,0,3,10.84,1957000000.00,3.52,27.66,4.45
DE,DEERE & COMPANY,,Etats-Unis,NYSE,USD,20.43,2.47,7.84,33.38,13.91,11.12,3.58,1,6,0,6,3.00,11.01,47.52,57.51,6,6,3,6,6.48,26007000000.00,11.19,-13.90,4.08
PRU,"PRUDENTIAL FINANCIAL, INC.",,Etats-Unis,NYSE,USD,11.36,0.65,,9.66,1.62,,,,1,,0,,8.84,,125.92,0,6,,2,,35581000000.00,6.12,6.00,21.75
DDS,DILLARD'S INC.,,Etats-Unis,NYSE,USD,31.90,0.31,29.55,36.91,6.95,33.19,5.11,5,5,5,5,22.31,26.18,40.91,46.51,6,6,5,5,-0.75,1778970000.00,8.69,-2.29,1.97
WSM,"WILLIAMS-SONOMA, INC.",,Etats-Unis,NYSE,USD,51.52,0.70,38.39,51.28,1.56,37.56,3.87,6,6,6,6,6.38,6.45,30.93,26.99,6,6,6,6,0.31,2082559000.00,13.94,0.36,2.60
DDD,3D SYSTEMS CORPORATION,,Etats-Unis,NYSE,USD,14.21,0.65,-21.47,-43.84,51.54,-20.17,5.24,0,2,0,1,7.67,40.49,0.00,266.50,6,6,0,2,,242551000.00,7.72,-10.97,2.15
PRMW,PRIMO BRANDS CORPORATION,,Etats-Unis,NYSE,USD,17.48,1.00,3.87,6.50,9.59,3.18,0.69,0,2,0,1,0.45,6.86,10.11,131.98,6,6,0,2,5.76,1441300000.00,13.44,6.02,2.44
TDC,TERADATA CORPORATION,,Etats-Unis,NYSE,USD,71.63,2.42,29.96,62.75,27.84,25.72,5.54,4,5,3,5,12.50,13.92,51.38,73.12,6,6,5,5,0.31,230000000.00,7.82,-4.75,7.73
VICI,VICI PROPERTIES INC.,,Etats-Unis,NYSE,USD,10.22,0.63,6.90,10.41,0.23,6.68,0.36,0,0,0,0,1.36,1.90,30.34,30.19,6,6,0,3,4.67,28222587000.00,70.36,5.31,1.66
BAH,BOOZ ALLEN HAMILTON HOLDING CORPORATION,,Etats-Unis,NYSE,USD,80.74,3.73,17.66,77.13,16.21,18.30,3.02,5,6,1,6,5.47,19.95,58.26,53.19,6,6,5,6,3.29,1105000000.00,7.59,2.57,6.44
DD,"DUPONT DE NEMOURS, INC.",,Etats-Unis,NYSE,USD,-3.89,0.23,1.95,0.31,3.69,2.99,0.90,0,2,0,1,1.02,6.78,51.85,117.77,6,6,0,2,2.88,14103000000.00,-10.78,-24.67,1.53
PRMB,PRIMO BRANDS CORP. COMMON STOCK,,Etats-Unis,NYSE,USD,1.87,1.91,4.40,45.37,77.79,5.73,1.60,0,1,0,1,2.15,66.89,41.33,100.70,4,4,0,1,8.44,2992600000.00,0.90,19.09,3.54
PRM,PERIMETER SOLUTIONS INC.,,Etats-Unis,NYSE,USD,-18.02,0.62,-6.94,-4.21,12.38,-0.85,5.76,0,0,0,0,5.02,14.60,241.92,318.16,6,6,0,0,,1133319000.00,-31.61,42.37,2.34
AAMI,ACADIAN ASSET MANAGEMENT INC.,,Etats-Unis,NYSE,USD,124.61,3.11,17.35,244.23,205.05,17.49,0.51,6,5,1,5,1.16,369.86,39.93,205.01,6,6,6,5,1.21,84000000.00,18.91,14.95,8.06
TJX,"THE TJX COMPANIES, INC.",,Etats-Unis,NYSE,USD,59.13,1.32,27.41,62.20,3.18,26.50,0.81,5,5,5,5,13.08,32.55,7.65,9.70,6,6,5,5,1.01,10190000000.00,9.10,5.52,3.51
TDG,TRANSDIGM GROUP INC.,,Etats-Unis,NYSE,USD,-25.99,-3.10,20.20,-37.58,10.21,18.03,2.75,4,0,1,0,2.08,14.28,6.37,0.00,6,6,6,0,6.50,-9679000000.00,23.49,15.80,
LNC,LINCOLN NATIONAL CORPORATION,,Etats-Unis,NYSE,USD,12.28,0.59,0.36,14.31,27.93,0.67,0.43,0,3,0,1,0.31,14.81,62.89,172.11,2,6,0,4,-18.11,10906000000.00,6.42,25.15,38.25
XOM,EXXONMOBIL HOLDINGS CORPORATION,,Etats-Unis,NYSE,USD,11.08,0.16,6.50,14.53,3.46,8.72,2.29,1,4,0,1,8.72,16.48,61.24,63.61,6,6,2,5,0.97,266626000000.00,9.19,-1.63,1.68
MLI,MUELLER INDUSTRIES INC.,,Etats-Unis,NYSE,USD,25.61,0.01,32.61,26.25,2.71,35.60,4.44,6,6,5,5,11.68,5.93,32.92,48.19,6,6,6,6,-1.53,3235906000.00,18.51,10.53,1.15
TD,THE TORONTO-DOMINION BANK,,Etats-Unis,NYSE,USD,19.45,3.46,,11.84,6.76,,,,4,,0,,4.71,,60.30,0,6,,4,,127827000000.00,33.51,9.10,16.39
AYI,ACUITY BRANDS INC.,,Etats-Unis,NYSE,USD,15.54,0.37,19.14,17.46,1.85,19.27,2.54,5,5,1,0,3.53,3.10,12.52,19.94,6,6,6,6,0.27,2724900000.00,9.13,4.86,1.75
MLM,"MARTIN MARIETTA MATERIALS, INC.",,Etats-Unis,NYSE,USD,11.67,0.57,6.77,16.62,5.68,10.11,3.71,1,4,0,1,0.73,0.80,51.99,48.86,6,6,1,6,3.87,10034000000.00,18.49,-4.74,1.86
LEN,LENNAR CORPORATION,,Etats-Unis,NYSE,USD,8.41,0.27,6.37,12.82,3.86,10.13,3.39,3,5,0,2,3.63,3.91,62.46,63.11,6,6,4,5,0.76,22140609000.00,6.17,-0.07,1.56
PSN,PARSONS CORPORATION,,Etats-Unis,NYSE,USD,11.65,0.50,9.10,10.93,1.41,9.73,1.05,0,0,0,0,2.99,2.20,32.35,26.76,6,6,1,2,2.20,2767672000.00,4.85,8.13,2.08
VFC,V.F. CORPORATION,,Etats-Unis,NYSE,USD,15.28,2.69,6.85,-13.06,28.86,4.51,2.04,1,3,0,1,2.02,31.83,75.00,200.71,6,6,1,3,5.47,1849878000.00,2.65,-4.15,5.02
RCL,ROYAL CARIBBEAN GROUP,,Etats-Unis,NYSE,USD,47.73,2.15,13.56,45.81,1.93,10.84,2.76,1,3,0,3,11.14,60.85,0.00,0.00,6,6,2,3,4.32,10245000000.00,23.93,13.59,4.06
WT,"WISDOMTREE, INC.",,Etats-Unis,NYSE,USD,26.83,2.31,15.70,24.00,6.57,13.55,2.24,3,5,0,2,3.42,18.21,36.00,42.52,6,6,4,5,3.01,413672000.00,22.10,18.94,3.66
VG,VENTURE GLOBAL INC.,,Etats-Unis,NYSE,USD,30.79,3.39,9.61,112.49,135.39,11.90,9.09,2,4,2,4,7.85,2157.30,90.87,4534.70,5,6,2,4,6.31,10300000000.00,18.64,32.04,5.19
DELL,DELL TECHNOLOGIES INC.,,Etats-Unis,NYSE,USD,-307.80,-12.75,18.09,-225.07,96.01,14.52,3.50,2,2,0,2,4.63,137.18,5.05,273.80,6,6,4,2,2.37,-2470000000.00,5.23,13.31,
AZO,AUTOZONE INC.,,Etats-Unis,NYSE,USD,-61.20,-3.60,30.08,-61.27,2.79,34.50,3.86,6,0,6,0,5.50,85.05,20.32,0.00,6,6,6,0,3.33,-3414313000.00,13.19,4.16,
SPCE,VIRGIN GALACTIC HOLDINGS INC.,,Etats-Unis,NYSE,USD,-93.55,1.18,-62.24,-93.09,9.08,-73.16,13.04,0,0,0,0,15.45,21.09,0.00,0.00,6,6,0,0,,273964000.00,-18063.92,-52.35,2.93
IMPX,AEA-BRIDGES IMPACT CORP.,,Etats-Unis,NYSE,USD,1.32,0.00,,1.32,,,,,0,,0,,,,,0,1,,0,,346933322.00,,,1.16
VGNT,VERSIGENT PLC,,Etats-Unis,NYSE,USD,28.63,0.38,21.64,24.93,3.22,20.38,1.10,3,3,1,3,0.28,0.65,0.00,0.00,3,3,3,3,-0.10,1841000000.00,5.78,-0.08,2.71
B,BARRICK MINING CORP COMMON STOCK (ABR0),,Etats-Unis,NYSE,USD,20.68,0.15,17.87,13.23,10.53,11.38,8.07,2,2,0,1,1.43,3.96,54.65,86.34,6,6,2,2,-1.02,35916000000.00,42.19,241.86,1.44
DEI,DOUGLAS EMMETT INC.,,Etats-Unis,NYSE,USD,-0.32,1.60,1.62,-0.66,1.08,1.53,0.27,0,0,0,0,0.30,1.52,38.19,179.91,6,6,0,0,27.40,3474931000.00,-1.14,-0.81,2.67
PSA,PUBLIC STORAGE COMMON STOCK,,Etats-Unis,NYSE,USD,18.76,1.10,8.73,20.33,1.38,9.77,1.07,0,6,0,4,0.94,3.33,22.12,57.92,6,6,3,6,4.40,9341834000.00,37.25,3.34,2.16
G,GENPACT LTD.,,Etats-Unis,NYSE,USD,22.37,0.69,15.66,25.17,5.04,14.60,1.00,6,6,0,3,1.23,2.75,8.49,28.53,6,6,6,6,0.74,2549401000.00,10.88,6.52,2.29
SPXC,SPX TECHNOLOGIES INC.,,Etats-Unis,NYSE,USD,13.47,0.22,10.75,12.31,3.95,10.71,0.88,0,4,0,1,3.37,9.18,42.17,99.96,6,6,2,4,0.39,2237500000.00,10.77,14.06,1.61
WTS,WATTS WATER TECHNOLOGIES INC.,,Etats-Unis,NYSE,USD,18.25,0.10,19.34,18.32,0.28,18.55,0.68,5,5,1,1,4.81,4.75,13.43,11.07,6,6,6,6,-0.44,2027700000.00,13.98,8.90,1.42
WTTR,SELECT WATER SOLUTIONS INC.,,Etats-Unis,NYSE,USD,2.33,0.38,2.09,5.06,3.44,3.80,1.72,0,0,0,0,10.58,35.17,62.14,73.88,6,6,0,0,9.36,927067000.00,1.53,-5.78,1.72
LBRT,LIBERTY ENERGY INC.,,Etats-Unis,NYSE,USD,7.29,0.30,2.41,19.05,13.20,13.26,11.77,2,3,2,2,12.44,20.94,90.65,78.13,6,6,3,3,6.55,2078889000.00,3.69,-8.14,1.71
LDI,"LOANDEPOT, INC.",,Etats-Unis,NYSE,USD,-24.09,12.84,,-28.81,4.65,,,,2,,2,,13.01,,139.38,0,6,,2,,386010000.00,-11.99,10.13,17.77
A,AGILENT TECHNOLOGIES INC.,,Etats-Unis,NYSE,USD,20.62,0.50,13.50,21.60,0.86,14.07,0.51,5,6,0,5,2.39,4.33,22.77,12.55,6,6,6,6,1.06,6741000000.00,18.75,0.84,1.89
LDOS,LEIDOS HOLDINGS INC.,,Etats-Unis,NYSE,USD,31.03,0.00,16.59,21.52,14.50,13.40,4.06,2,5,0,2,0.55,7.31,5.56,73.86,6,6,2,5,-0.52,4962000000.00,8.51,5.47,2.72
DIS,THE WALT DISNEY COMPANY,,Etats-Unis,NYSE,USD,12.20,0.39,6.05,6.85,4.77,5.00,1.23,0,1,0,0,1.21,3.34,0.00,8.11,6,6,0,1,2.83,114612000000.00,14.22,3.06,1.72
ATEN,"A10 NETWORKS, INC.",,Etats-Unis,NYSE,USD,19.01,1.08,14.00,20.79,1.91,17.36,3.58,6,6,3,4,4.03,4.02,57.32,67.46,6,6,6,6,-4.69,211546000.00,14.50,7.44,2.98
DINO,HF SINCLAIR CORPORATION,,Etats-Unis,NYSE,USD,6.30,0.35,5.16,8.36,7.71,6.03,5.30,1,2,1,1,4.96,11.01,95.02,94.96,6,6,2,3,2.43,9249000000.00,2.18,-8.32,1.79
STN,STANTEC INC.,,Etats-Unis,NYSE,USD,15.50,0.79,10.28,13.77,1.51,9.80,0.51,0,3,0,0,1.48,2.19,17.33,3.50,6,6,1,5,2.41,3240400000.00,5.89,12.11,2.46
INSW,INTERNATIONAL SEAWAYS INC.,,Etats-Unis,NYSE,USD,15.96,0.29,9.19,24.67,9.46,14.49,6.06,3,4,1,3,8.51,22.06,138.86,54.05,6,6,3,4,1.34,2020277000.00,36.67,-11.30,1.32
ATI,ATI INC.,,Etats-Unis,NYSE,USD,21.62,0.91,16.19,25.33,5.87,15.11,1.32,4,5,0,5,8.67,154.93,8.58,36.56,6,6,4,5,1.43,1916700000.00,9.12,4.84,2.66
MKC,"MCCORMICK & COMPANY, INCORPORATED",,Etats-Unis,NYSE,USD,14.24,0.72,7.54,14.44,0.65,7.38,0.26,0,6,0,0,0.62,0.81,20.22,26.67,6,6,0,6,3.73,5768100000.00,11.54,1.33,2.29
FSK,FS KKR CAPITAL CORP.,,Etats-Unis,NYSE,USD,0.18,1.31,,6.30,5.35,,,,1,,1,,10.99,,99.36,0,6,,2,,5849000000.00,9.73,-61.91,2.35
RC,READY CAPITAL CORPORATION,,Etats-Unis,NYSE,USD,-12.35,2.14,,-5.26,18.17,,,,3,,0,,20.49,,222.29,0,6,,3,,1643267000.00,,,4.73
LOW,LOWE'S COMPANIES INC.,,Etats-Unis,NYSE,USD,-55.11,-4.51,23.38,-51.79,3.88,28.28,4.72,6,1,6,1,2.79,257.47,32.09,223.06,6,6,6,1,4.30,-9917000000.00,7.71,-0.05,
ATKR,ATKORE INC.,,Etats-Unis,NYSE,USD,-1.03,0.67,8.59,27.06,26.18,23.17,14.48,5,5,4,5,15.31,28.23,86.24,101.09,6,6,5,5,1.79,1398341000.00,-0.53,-10.00,2.04
DOLE,DOLE PLC,,Etats-Unis,NYSE,USD,5.58,0.83,4.60,9.00,3.03,5.11,0.45,0,0,0,0,2.35,4.93,86.92,83.00,6,6,0,3,4.44,1501773000.00,0.89,5.48,2.93
RBRK,"RUBRIK, INC.",,Etats-Unis,NYSE,USD,65.00,-2.20,-61.23,136.78,101.51,-210.68,211.36,0,2,0,2,149.45,71.78,0.00,68.83,2,2,0,2,,-519562000.00,-26.50,48.46,
FSLY,"FASTLY, INC.",,Etats-Unis,NYSE,USD,-12.84,0.46,-11.95,-14.28,1.76,-13.62,1.50,0,0,0,0,0.58,4.56,0.00,0.00,6,6,0,0,,929578000.00,-19.50,11.05,1.61
RBLX,ROBLOX CORPORATION,,Etats-Unis,NYSE,USD,-367.22,4.81,-52.22,-555.33,165.48,-58.12,8.48,0,1,0,1,10.32,268.54,0.00,711.83,6,6,0,1,,374980000.00,-21.91,32.18,25.49
FSM,FORTUNA MINING CORP,,Etats-Unis,NYSE,USD,19.79,0.13,15.74,8.90,11.65,10.21,5.48,1,1,0,0,1.85,9.36,49.28,281.49,6,6,2,2,-0.95,1677034000.00,32.85,6.03,1.41
RBC,RBC BEARINGS INCORPORATED,,Etats-Unis,NYSE,USD,9.00,0.29,7.44,8.48,0.53,6.86,0.55,0,0,0,0,1.66,2.70,54.40,58.41,6,6,0,0,2.03,3361000000.00,15.37,9.50,1.52
FR,FIRST INDUSTRIAL REALTY TRUST INC.,,Etats-Unis,NYSE,USD,9.59,0.93,4.52,10.55,0.84,4.57,0.15,0,2,0,0,0.20,0.94,4.44,39.95,6,6,0,5,8.11,2758930000.00,36.32,8.82,2.06
ATMU,ATMUS FILTRATION TECHNOLOGIES INC.,,Etats-Unis,NYSE,USD,68.46,1.62,26.48,84.27,31.44,27.57,1.04,5,5,5,5,0.28,25.34,7.22,43.18,5,5,5,5,1.42,378500000.00,11.76,4.10,3.57
INSP,"INSPIRE MEDICAL SYSTEMS, INC.",,Etats-Unis,NYSE,USD,19.77,0.04,5.67,8.10,11.87,-2.52,12.19,0,1,0,0,8.79,11.56,0.00,0.00,6,6,0,1,-5.42,781160000.00,15.95,20.82,1.16
WWW,WOLVERINE WORLD WIDE INC.,,Etats-Unis,NYSE,USD,27.31,1.80,11.03,10.58,20.49,6.34,4.90,0,2,0,1,2.89,26.59,83.20,449.32,6,6,1,3,3.70,423100000.00,5.39,-8.59,4.04
FRT,FEDERAL REALTY INVESTMENT TRUST,,Etats-Unis,NYSE,USD,12.24,1.44,4.07,9.69,2.33,3.89,0.17,0,2,0,0,0.51,2.71,0.00,40.92,6,6,0,2,10.71,3500641000.00,33.12,6.29,2.61
DNOW,DNOW INC.,,Etats-Unis,NYSE,USD,-5.23,0.26,-3.13,9.42,15.71,6.41,8.49,2,2,0,1,15.03,38.07,115.73,120.11,6,6,2,2,,2238000000.00,-3.12,10.23,1.75
MIAX,"MIAMI INTERNATIONAL HOLDINGS, INC.",,Etats-Unis,NYSE,USD,-11.22,0.01,13.07,8.26,27.55,5.96,10.06,1,1,0,1,7.11,19.48,0.00,140.45,2,2,1,1,-4.48,881017000.00,-5.13,19.65,1.43
STDN,STANDARD NUCLEAR INC.,,Etats-Unis,NYSE,USD,24.58,0.00,-36.32,24.58,,-36.32,,0,1,0,1,,,,,1,1,0,1,,-70115572.00,-494.92,,
STE,STERIS PLC,,Etats-Unis,NYSE,USD,11.37,0.29,8.81,9.01,2.66,7.68,1.08,0,0,0,0,1.40,4.12,36.31,83.53,6,6,0,2,1.49,7197200000.00,13.23,7.48,1.49
DNA,GINKGO BIOWORKS HOLDINGS INC.,,Etats-Unis,NYSE,USD,-51.08,0.86,-35.79,-58.15,6.26,-50.51,13.83,0,0,0,0,107.04,78.33,0.00,0.00,6,6,0,0,,508590000.00,-183.81,-17.74,2.20
MICC,THE MAGNUM ICE CREAM COMPANY N.V.,,Etats-Unis,NYSE,USD,17.88,5.14,16.85,20.34,2.25,18.90,2.74,4,4,2,3,2.63,2.66,26.96,32.88,4,4,4,4,2.57,633000000.00,3.88,1.90,11.83
INVH,INVITATION HOMES INC.,,Etats-Unis,NYSE,USD,6.09,0.88,3.07,5.24,0.78,2.99,0.10,0,0,0,0,0.51,1.35,0.00,10.24,6,6,0,0,10.97,9567892000.00,21.61,5.93,1.95
LCLN,LINCOLN INTERNATIONAL INC.,,Etats-Unis,NYSE,USD,3.36,0.96,5.66,24.76,30.26,25.62,28.23,1,1,1,1,19.96,21.40,87.58,92.72,2,2,1,1,3.48,438606000.00,1.56,47.59,2.55
DOC,"HEALTHPEAK PROPERTIES, INC.",,Etats-Unis,NYSE,USD,1.16,1.22,2.41,3.07,1.79,2.31,0.12,0,0,0,0,0.55,2.64,0.00,84.02,6,6,0,0,17.78,8302451000.00,3.58,13.76,2.45
DOCN,DIGITALOCEAN HOLDINGS INC.,,Etats-Unis,NYSE,USD,-223.84,-55.84,10.63,-90.38,115.93,6.81,5.23,0,1,0,1,2.92,123.06,0.00,470.41,6,6,1,1,6.96,-28690000.00,28.76,14.06,
STAG,STAG INDUSTRIAL INC.,,Etats-Unis,NYSE,USD,7.76,0.90,3.49,6.34,1.24,3.21,0.26,0,0,0,0,0.41,0.54,0.00,28.69,6,6,0,0,10.25,3671029000.00,33.04,9.27,1.96
DOCS,DOXIMITY INC.,,Etats-Unis,NYSE,USD,19.28,0.01,27.01,19.20,3.35,27.98,3.81,6,6,6,3,5.95,5.87,65.09,83.74,6,6,6,6,-3.44,950837000.00,30.40,16.46,1.18
DLX,DELUXE CORPORATION,,Etats-Unis,NYSE,USD,12.63,2.18,7.89,8.54,4.15,6.81,1.01,0,1,0,0,0.58,6.07,44.37,62.39,6,6,1,3,5.61,680700000.00,3.85,-1.36,4.21
STLA,STELLANTIS N.V.,,Etats-Unis,NYSE,USD,-32.81,0.85,-23.66,-1.26,28.41,1.14,23.69,3,3,3,3,25.24,28.55,172.98,192.58,6,6,4,3,,54001000000.00,-14.55,-10.01,3.61
DLR,"DIGITAL REALTY TRUST, INC.",,Etats-Unis,NYSE,USD,5.47,0.79,1.94,4.27,1.45,1.72,0.19,0,0,0,0,0.07,1.50,18.95,78.92,6,6,0,0,17.57,24845974000.00,21.48,5.64,1.99
LPG,DORIAN LPG LTD.,,Etats-Unis,NYSE,USD,17.73,0.62,10.09,19.62,11.96,10.16,5.30,1,3,0,1,2.92,5.09,68.43,73.13,6,6,3,3,1.80,1138996378.00,40.22,-7.33,1.64
FRO,FRONTLINE PLC,,Etats-Unis,NYSE,USD,15.63,1.22,8.86,22.01,6.67,10.42,1.85,1,5,0,4,5.44,14.42,99.69,103.59,6,6,1,5,4.75,2510878000.00,19.29,4.42,2.29
DLB,DOLBY LABORATORIES INC.,,Etats-Unis,NYSE,USD,10.02,0.01,14.83,9.87,1.09,15.49,1.28,6,1,1,0,1.07,1.40,34.69,39.89,6,6,6,3,-4.88,2631946000.00,19.01,1.88,1.23
WY,WEYERHAEUSER COMPANY,,Etats-Unis,NYSE,USD,3.38,0.59,2.07,5.12,2.51,3.90,1.91,2,2,0,1,3.71,4.01,88.83,87.36,6,6,2,2,11.48,9426000000.00,4.69,-5.14,1.76
DKS,"DICK'S SPORTING GOODS, INC.",,Etats-Unis,NYSE,USD,19.44,1.40,12.16,33.41,12.10,22.76,9.19,6,6,4,5,12.60,15.85,69.93,71.60,6,6,6,6,3.79,5540120000.00,4.93,15.14,3.14
MIR,"MIRION TECHNOLOGIES, INC.",,Etats-Unis,NYSE,USD,1.71,0.64,1.31,-2.39,4.13,0.41,0.98,0,0,0,0,1.70,8.74,0.00,0.00,4,6,0,0,15.82,1916900000.00,3.22,7.49,1.87
DK,DELEK US HOLDINGS INC.,,Etats-Unis,NYSE,USD,7.71,6.04,6.27,-18.52,42.77,2.26,6.49,0,1,0,1,9.72,47.43,156.60,343.35,6,6,0,1,8.41,547300000.00,0.40,-20.39,12.51
ST,SENSATA TECHNOLOGIES HOLDING PLC,,Etats-Unis,NYSE,USD,1.10,1.03,5.70,1.78,2.32,5.42,0.24,0,1,0,0,0.44,3.93,45.10,101.04,6,6,0,2,4.46,2785400000.00,0.84,-4.41,2.40
SSTK,SHUTTERSTOCK INC.,,Etats-Unis,NYSE,USD,8.28,0.50,4.44,12.59,8.72,7.27,3.39,3,4,3,2,11.82,7.57,88.02,69.64,6,6,4,4,1.52,581038000.00,4.60,6.39,2.33
PRKS,UNITED PARKS & RESORTS INC.,,Etats-Unis,NYSE,USD,-37.52,-5.39,12.73,-59.32,19.02,15.99,2.82,5,1,1,1,16.00,174.19,37.32,224.39,6,6,5,1,6.13,-435806000.00,10.13,-1.87,
RBA,RB GLOBAL INC.,,Etats-Unis,NYSE,USD,7.26,0.69,5.61,7.15,0.59,6.38,1.39,0,3,0,1,2.46,4.01,53.60,75.93,6,6,2,3,4.94,6067700000.00,9.31,11.70,2.00
MKL,MARKEL GROUP INC.,,Etats-Unis,NYSE,USD,11.77,0.23,4.21,14.46,2.75,5.02,1.14,0,3,0,0,0.81,8.87,27.66,104.10,2,6,0,4,-2.29,19102189000.00,13.18,1.95,3.61
SRFM,SURF AIR MOBILITY INC.,,Etats-Unis,NYSE,USD,126.46,-1.83,-232.34,123.23,45.84,-211.88,28.93,0,6,0,5,20.46,32.33,0.00,54.68,2,6,0,6,,-54857000.00,-103.75,32.71,
SRE,SEMPRA,,Etats-Unis,NYSE,USD,5.19,0.83,2.03,8.83,3.26,2.87,0.87,0,1,0,0,0.55,2.94,46.01,68.47,6,6,0,2,11.36,41999000000.00,15.12,-9.47,2.64
FTI,TECHNIPFMC PLC,,Etats-Unis,NYSE,USD,29.56,0.39,14.93,19.43,15.48,13.06,5.64,2,2,0,2,4.27,44.98,14.83,742.11,6,6,2,2,0.22,3405300000.00,9.74,12.67,2.97
FTK,FLOTEK INDUSTRIES INC.,,Etats-Unis,NYSE,USD,26.90,0.44,14.60,27.97,18.79,6.00,10.03,1,2,0,2,77.41,240.75,0.00,79.42,6,6,1,2,1.58,113058000.00,12.87,12.32,1.95
INGR,INGREDION INC.,,Etats-Unis,NYSE,USD,17.83,0.45,13.88,18.01,0.76,12.80,0.94,3,4,0,0,2.14,7.74,6.16,65.54,6,6,3,5,0.90,4366000000.00,10.20,-5.94,1.81
R,RYDER SYSTEM INC.,,Etats-Unis,NYSE,USD,16.18,2.84,5.48,15.17,1.44,5.43,0.10,0,5,0,2,2.30,12.44,35.12,55.29,6,6,0,5,7.66,3052000000.00,3.93,2.91,5.37
INGM,INGRAM MICRO HOLDING CORPORATION,,Etats-Unis,NYSE,USD,8.22,0.86,7.31,8.76,1.79,7.29,0.64,1,2,1,1,0.99,3.03,81.13,91.23,5,5,1,3,2.01,4248418000.00,0.62,4.59,5.00
FTS,FORTIS INC.,,Etats-Unis,NYSE,USD,8.72,1.34,4.71,7.50,1.18,4.10,0.59,0,0,0,0,0.28,0.31,12.81,14.17,6,6,0,0,9.82,25869000000.00,16.11,2.80,2.89
QXO,QXO INC.,,Etats-Unis,NYSE,USD,-3.79,0.40,-3.76,-5.08,6.93,3.04,17.37,1,0,1,0,3.97,6.00,243.70,621.58,6,6,1,0,,9706800000.00,-4.08,1020.29,1.64
ASPN,ASPEN AEROGELS INC.,,Etats-Unis,NYSE,USD,-91.64,0.61,-9.35,-33.00,51.15,-3.68,11.00,0,0,0,0,17.63,35.60,203.89,3871.19,6,6,0,0,,235518000.00,-143.69,6.57,1.73
QUAD,QUAD GRAPHICS INC.,,Etats-Unis,NYSE,USD,30.25,3.45,14.76,-22.58,47.08,11.53,3.30,1,2,0,2,1.79,83.30,0.00,276.11,6,6,2,2,3.20,128600000.00,1.12,-9.55,9.74
QTWO,Q2 HOLDINGS INC.,,Etats-Unis,NYSE,USD,8.82,0.52,3.75,-4.74,12.27,-5.02,7.91,0,0,0,0,1.81,4.12,0.00,0.00,6,6,0,0,-10.33,661811000.00,6.54,12.80,1.93
IONQ,"IONQ, INC.",,Etats-Unis,NYSE,USD,-24.40,0.01,-24.28,-43.57,28.52,-49.51,25.76,0,0,0,0,40.23,27.22,0.00,0.00,5,6,0,0,,3813692000.00,-393.89,142.87,1.72
FTV,FORTIVE CORPORATION,,Etats-Unis,NYSE,USD,6.95,0.51,4.98,7.91,0.87,6.36,1.20,0,1,0,0,1.17,1.01,30.25,63.40,6,6,0,1,4.07,6461100000.00,13.93,-17.19,1.82
FUBO,FUBOTV INC.,,Etats-Unis,NYSE,USD,-75.80,2.09,-31.28,-88.07,14.88,-41.64,9.77,0,0,0,0,5.22,38.56,0.00,0.00,6,6,0,0,,180782000.00,-10.85,26.84,5.96
FUL,H.B. FULLER CO.,,Etats-Unis,NYSE,USD,7.93,1.04,6.01,7.94,0.67,6.13,0.12,0,0,0,0,0.84,1.01,6.68,35.38,6,6,0,2,5.21,2003194000.00,4.38,-0.53,2.59
AVA,AVISTA CORP.,,Etats-Unis,NYSE,USD,7.28,1.21,3.78,7.16,0.11,3.23,0.62,0,0,0,0,0.68,0.41,34.80,1.85,6,6,0,0,9.23,2709000000.00,9.83,5.89,3.09
DPC,DPC HOLDINGS PLC,,Etats-Unis,NYSE,USD,19.73,-1.50,-1.03,22.08,3.32,1.59,3.71,0,2,0,1,2.63,2.35,124.41,19.24,2,2,0,2,,-964000000.00,-20.67,12.20,
INFQ,INFLEQTION INC.,,Etats-Unis,NYSE,USD,33.78,-0.03,-90.41,36.41,3.72,-114.41,33.95,0,2,0,2,24.00,2.63,0.00,13.47,2,2,0,2,,-183175000.00,-186.45,163.34,
QSR,RESTAURANT BRANDS INTERNATIONAL INC.,,Etats-Unis,NYSE,USD,21.50,3.04,8.06,29.96,8.35,8.18,0.46,0,6,0,6,0.77,8.88,7.14,43.70,6,6,0,6,5.83,5159000000.00,11.39,15.91,4.97
SR,SPIRE INC.,,Etats-Unis,NYSE,USD,8.21,1.53,4.10,7.98,0.35,3.96,0.15,0,0,0,0,0.22,2.67,18.22,27.60,6,6,0,1,9.86,3389400000.00,10.97,-3.63,3.42
DGX,QUEST DIAGNOSTICS INC.,,Etats-Unis,NYSE,USD,14.75,0.90,15.29,14.40,0.49,10.36,4.28,3,6,0,2,2.93,1.12,52.49,55.24,6,6,3,6,3.96,7286000000.00,9.48,9.21,0.33
MH,"MCGRAW HILL, INC.",,Etats-Unis,NYSE,USD,7.02,3.64,6.26,-23.92,29.76,4.75,1.45,0,0,0,0,1.23,25.89,0.00,0.00,3,3,0,0,7.58,726218000.00,1.68,3.57,7.55
QS,QUANTUMSCAPE CORP,,Etats-Unis,NYSE,USD,-37.39,0.06,,-36.38,2.56,,,,0,,0,,254.24,,0.00,0,6,,0,,1168973000.00,,,1.12
MGY,MAGNOLIA OIL & GAS CORP.,,Etats-Unis,NYSE,USD,17.01,0.21,15.13,20.69,3.71,19.45,4.61,5,5,3,4,33.35,141.60,76.91,77.44,6,6,5,5,0.33,1999173000.00,25.71,3.40,1.45
FUN,SIX FLAGS ENTERTAINMENT CORPORATION,,Etats-Unis,NYSE,USD,-100.99,6.88,1.79,-48.83,45.20,6.52,5.85,2,1,0,1,13.14,47.42,89.39,214.02,6,6,2,1,28.77,784804000.00,-49.98,31.29,9.94
FPS,"FORGENT POWER SOLUTIONS, INC.",,Etats-Unis,NYSE,USD,-1.53,1.10,2.14,-2.39,1.21,0.82,1.87,0,0,0,0,1.32,0.86,0.00,0.00,2,2,0,0,14.20,573286000.00,-1.19,315.41,2.68
DOW,DOW INC.,,Etats-Unis,NYSE,USD,-13.82,1.12,0.01,-1.35,10.92,1.92,1.66,1,2,0,2,1.89,13.08,99.92,134.25,6,6,1,2,99.89,17522000000.00,-6.11,-5.36,3.34
DHI,"D.R. HORTON, INC.",,Etats-Unis,NYSE,USD,14.32,0.24,11.00,18.76,4.08,14.67,3.27,5,6,2,3,3.29,4.01,56.79,57.49,6,6,6,6,0.69,24742200000.00,10.57,-1.72,1.43
ATR,"APTARGROUP, INC.",,Etats-Unis,NYSE,USD,15.10,0.56,10.43,14.54,1.40,10.50,0.69,0,4,0,0,0.85,0.93,7.12,6.93,6,6,2,6,2.20,2712225000.00,10.39,4.07,1.94
SSB,"SOUTHSTATE BANK CORPORATION (COMMON STOCK), FRANKFURT EXCHANGE TICKER IV1",,Etats-Unis,NYSE,USD,10.68,0.08,,9.79,0.77,,,,0,,0,,4.11,,7.36,0,6,,3,,9059108000.00,30.51,24.06,7.42
RAMP,"LIVERAMP HOLDINGS, INC.",,Etats-Unis,NYSE,USD,15.20,0.03,10.72,5.46,8.46,4.39,5.75,0,1,0,0,8.26,7.16,117.57,107.09,6,6,1,1,-8.33,971979000.00,17.95,11.01,1.33
FSS,FEDERAL SIGNAL CORP.,,Etats-Unis,NYSE,USD,19.20,0.43,15.07,18.62,1.52,14.52,1.62,3,6,0,0,1.72,1.87,11.26,2.88,6,6,5,6,1.49,1382000000.00,11.31,12.51,1.73
RAL,RALLIANT CORPORATION,,Etats-Unis,NYSE,USD,-45.30,0.75,5.44,-5.60,34.64,10.61,5.64,1,1,0,0,4.33,55.36,67.29,345.66,3,3,1,2,3.50,1634300000.00,-59.09,-2.04,2.34
LEA,LEAR CORPORATION,,Etats-Unis,NYSE,USD,10.75,0.56,6.96,12.02,1.17,7.83,0.84,0,2,0,0,1.58,3.19,19.44,17.69,6,6,0,3,2.42,5201000000.00,2.27,-0.44,2.85
INN,"SUMMIT HOTEL PROPERTIES, INC.",,Etats-Unis,NYSE,USD,-0.88,1.11,1.64,-0.02,2.50,1.90,0.24,0,0,0,0,3.39,7.91,22.64,2288.89,6,6,0,0,22.68,1273971000.00,-1.60,-0.45,2.18
WU,WESTERN UNION CO.,,Etats-Unis,NYSE,USD,51.86,2.79,29.34,103.92,45.09,25.04,6.38,6,6,4,6,10.42,79.78,63.38,87.00,6,6,6,6,-0.55,957800000.00,12.33,-3.58,8.67
RACE,FERRARI N.V.,,Etats-Unis,NYSE,USD,39.49,0.74,22.34,44.50,5.10,24.19,2.35,6,6,5,6,3.27,3.93,16.73,20.53,6,6,6,6,0.67,3914742000.00,22.38,9.40,2.46
TFC,TRUIST FINANCIAL CORPORATION,,Etats-Unis,NYSE,USD,8.24,0.99,,4.79,5.66,,,,0,,0,,5.75,,118.12,0,6,,0,,65189000000.00,26.12,-6.80,8.40
MHK,"MOHAWK INDUSTRIES, INC.",,Etats-Unis,NYSE,USD,4.64,0.29,3.82,1.95,6.64,4.33,0.81,0,1,0,0,0.96,6.97,59.01,146.14,6,6,0,1,3.14,8378700000.00,3.43,-1.58,1.63
DOUG,DOUGLAS ELLIMAN INC.,,Etats-Unis,NYSE,USD,8.28,0.56,-10.44,-15.89,23.58,-13.17,2.57,1,1,1,1,7.61,20.41,157.05,187.67,6,6,1,1,,183278000.00,1.39,3.97,2.42
DHT,DHT HOLDINGS INC.,,Etats-Unis,NYSE,USD,19.39,0.38,9.94,17.41,2.03,10.81,0.83,1,4,0,1,7.68,11.81,104.07,104.46,6,6,3,4,2.04,1133257000.00,42.33,-5.71,1.41
AU,ANGLOGOLD ASHANTI PLC,,Etats-Unis,NYSE,USD,34.45,0.23,30.47,15.30,20.13,16.17,12.85,3,4,2,2,3.62,14.26,74.46,121.24,6,6,4,4,-0.15,9916000000.00,32.08,46.94,1.52
LAZ,LAZARD LTD.,,Etats-Unis,NYSE,USD,28.62,2.20,10.66,21.77,25.32,6.39,7.88,3,5,2,5,10.04,24.14,110.36,115.33,6,6,5,5,1.42,989130000.00,7.97,11.08,5.00
AUB,ATLANTIC UNION BANKSHARES CORPORATION,,Etats-Unis,NYSE,USD,6.72,0.28,,7.42,0.74,,,,0,,0,,1.29,,31.01,0,6,,0,,5006398000.00,20.01,40.15,7.51
VEEV,VEEVA SYSTEMS INC.,,Etats-Unis,NYSE,USD,13.93,0.01,14.85,13.38,0.71,13.55,1.61,5,6,3,0,4.42,1.11,61.76,24.99,6,6,6,6,-7.05,7214752000.00,28.44,16.27,1.24
DHR,DANAHER CORPORATION,,Etats-Unis,NYSE,USD,7.08,0.37,5.56,7.95,1.11,5.65,0.13,0,2,0,0,0.23,1.53,36.96,53.24,6,6,0,2,3.22,52541000000.00,14.71,1.41,1.59
RCI,ROGERS COMMUNICATIONS INC.,,Etats-Unis,NYSE,USD,43.19,1.82,6.66,21.87,18.70,5.50,1.01,0,5,0,1,1.15,4.52,32.27,50.27,6,6,0,5,8.54,24286000000.00,31.81,6.04,3.71
DOV,DOVER CORPORATION,,Etats-Unis,NYSE,USD,15.24,0.48,10.80,27.49,15.37,11.25,1.29,3,6,0,5,1.20,5.43,25.69,65.93,6,6,6,6,1.38,7405206000.00,13.52,-2.07,1.81
CCJ,CAMECO CORPORATION,,Etats-Unis,NYSE,USD,10.18,0.14,6.33,6.19,3.92,3.75,2.35,0,0,0,0,1.59,2.96,0.00,61.32,6,6,0,1,-0.35,6903378000.00,16.93,16.00,1.49
ATO,ATMOS ENERGY CORPORATION,,Etats-Unis,NYSE,USD,9.32,0.69,4.90,9.04,0.30,4.70,0.40,0,0,0,0,0.34,0.18,12.80,3.64,6,6,0,0,5.83,13558890000.00,25.49,4.88,2.08
WST,"WEST PHARMACEUTICAL SERVICES, INC.",,Etats-Unis,NYSE,USD,16.85,0.10,17.63,18.63,2.37,19.65,3.23,6,6,3,3,3.26,2.37,47.93,46.66,6,6,6,6,-0.74,3176000000.00,16.06,2.09,1.34
DSX,DIANA SHIPPING INC.,,Etats-Unis,NYSE,USD,3.54,1.04,2.43,5.44,4.16,3.78,1.52,0,2,0,1,3.27,22.27,79.18,90.53,6,6,1,3,9.07,502413000.00,8.35,-9.74,2.33
PPL,PPL CORPORATION,,Etats-Unis,NYSE,USD,8.16,1.30,4.25,6.60,1.44,3.81,0.38,0,0,0,0,0.41,9.72,3.63,199.45,6,6,0,1,8.59,14881000000.00,13.06,4.30,3.04
GCTS,"GCT SEMICONDUCTOR, INC.",,Etats-Unis,NYSE,USD,60.83,-0.76,,38.44,31.66,,,,2,,1,,10.64,,0.00,0,3,,2,,-83293000.00,-1513.33,-68.60,
CVNA,CARVANA CO.,,Etats-Unis,NYSE,USD,67.95,1.31,18.43,42.87,55.62,10.18,10.00,2,3,0,3,10.07,65.88,0.00,101.90,6,6,2,3,1.44,4203000000.00,9.32,37.36,3.14
GD,GENERAL DYNAMICS CORPORATION,,Etats-Unis,NYSE,USD,17.66,0.38,10.91,17.24,0.54,10.11,0.84,0,6,0,1,0.18,1.05,3.35,17.75,6,6,2,6,1.39,25622000000.00,8.01,11.50,2.23
DX,DYNEX CAPITAL INC.,,Etats-Unis,NYSE,USD,17.50,0.00,,9.30,9.23,,,,4,,1,,9.96,,102.46,0,6,,5,,2462144000.00,85.74,272.98,7.04
PPG,PPG INDUSTRIES INC.,,Etats-Unis,NYSE,USD,21.14,0.98,10.23,18.08,2.91,9.90,0.70,0,6,0,2,1.00,2.00,19.86,35.76,6,6,3,6,2.62,8097000000.00,10.03,-6.72,2.73
FNV,FRANCO-NEVADA CORPORATION,,Etats-Unis,NYSE,USD,16.32,0.00,19.58,6.02,12.33,16.10,3.03,5,2,0,0,1.83,10.69,3.78,159.81,6,6,6,3,-1.03,7635300000.00,61.01,22.28,1.08
BAX,BAXTER INTERNATIONAL INC.,,Etats-Unis,NYSE,USD,-14.58,1.60,0.52,4.75,28.17,0.94,0.40,0,3,0,1,0.66,22.97,94.69,322.26,6,6,0,3,44.15,6102000000.00,-8.51,-12.88,3.29
GDDY,GODADDY INC.,,Etats-Unis,NYSE,USD,192.90,17.96,22.30,-196.24,722.62,16.36,5.51,2,4,1,4,11.11,779.42,0.00,124.60,6,6,4,4,2.44,215100000.00,17.67,7.88,37.35
SNDR,"SCHNEIDER NATIONAL, INC.",,Etats-Unis,NYSE,USD,3.45,0.13,2.90,5.21,2.63,3.98,1.80,2,2,0,0,3.37,4.59,79.20,80.94,6,6,2,3,0.94,3024700000.00,1.83,1.58,1.60
SNDA,SONIDA SENIOR LIVING INC.,,Etats-Unis,NYSE,USD,-78.01,12.26,-1.54,-18.19,56.34,-1.81,0.25,0,3,0,3,1.86,78.59,0.00,183.39,6,6,0,3,,56255000.00,-19.02,22.18,15.02
CVS,CVS HEALTH CORPORATION,,Etats-Unis,NYSE,USD,2.29,1.06,4.92,6.53,4.52,5.30,1.28,0,0,0,0,1.50,3.85,44.08,79.70,6,6,0,3,6.68,75382000000.00,0.43,6.01,3.36
DXC,DXC TECHNOLOGY CO.,,Etats-Unis,NYSE,USD,0.84,1.32,0.93,5.14,6.07,0.95,2.76,0,2,0,0,4.96,8.48,255.20,189.33,6,6,0,2,8.37,3209000000.00,0.22,-3.82,4.02
BB,BLACKBERRY LTD.,,Etats-Unis,NYSE,USD,7.26,0.29,8.82,-6.41,12.14,0.74,8.48,0,0,0,0,7.52,44.32,0.00,7900.00,6,6,0,0,-8.32,746000000.00,9.69,-19.77,1.67
BBAI,BIGBEAR.AI HOLDINGS INC.,,Etats-Unis,NYSE,USD,-96.66,0.19,-27.01,283.35,486.72,-27.36,6.80,0,2,0,2,6.83,148.22,1362.13,4730.23,6,6,0,2,,611870000.00,-230.21,-9.29,1.46
PNM,PNM RESOURCES INC,,Etats-Unis,NYSE,USD,4.58,2.06,2.30,7.52,2.65,3.08,0.74,0,0,0,0,0.61,3.14,38.99,52.93,4,4,0,0,16.36,2410580000.00,5.51,4.38,4.25
TDY,TELEDYNE TECHNOLOGIES INCORPORATED,,Etats-Unis,NYSE,USD,8.93,0.25,7.21,9.29,0.79,7.05,0.15,0,1,0,0,0.42,0.89,40.71,34.06,6,6,1,2,1.99,10513900000.00,14.65,4.17,1.45
LHX,"L3HARRIS TECHNOLOGIES, INC.",,Etats-Unis,NYSE,USD,8.19,0.57,5.15,7.49,0.95,5.18,0.22,0,0,0,0,0.22,1.49,17.41,39.04,6,6,0,0,4.67,19635000000.00,7.35,6.11,2.10
BBDC,BARINGS BDC INC.,,Etats-Unis,NYSE,USD,8.67,1.23,,9.54,1.06,,,,0,,0,,6.66,,95.49,0,6,,2,,1160682000.00,89.71,-9.81,2.27
SNAP,SNAP INC.,,Etats-Unis,NYSE,USD,-19.46,1.82,-15.10,-33.70,17.30,-23.33,9.82,0,0,0,0,6.96,12.60,0.00,0.00,6,6,0,0,,2281495000.00,-7.76,13.48,3.37
WPM,WHEATON PRECIOUS METALS CORP.,,Etats-Unis,NYSE,USD,18.45,0.00,20.98,11.24,6.24,12.68,7.31,1,2,1,0,0.55,1.67,9.56,41.13,6,6,1,3,-1.45,8690508000.00,63.58,50.93,1.05
SNA,SNAP-ON INC.,,Etats-Unis,NYSE,USD,18.33,0.22,16.88,20.08,1.63,14.37,4.90,2,6,0,4,2.45,2.58,3.60,14.98,6,6,2,6,-0.25,5956800000.00,20.21,4.40,1.41
LAD,LITHIA MOTORS INC.,,Etats-Unis,NYSE,USD,12.41,2.34,3.07,14.21,2.89,5.08,2.69,1,6,0,2,3.19,4.13,77.19,57.24,6,6,2,6,10.36,6628400000.00,2.19,10.11,3.79
LH,LABCORP HOLDINGS INC.,,Etats-Unis,NYSE,USD,10.51,0.76,7.75,8.18,3.10,6.17,1.52,2,3,0,1,2.26,4.20,66.60,80.66,6,6,2,4,3.95,8636700000.00,6.29,7.11,2.13
SMG,SCOTTS MIRACLE-GRO CO.,,Etats-Unis,NYSE,USD,-38.82,-6.66,12.63,202.47,375.93,7.76,5.06,3,3,0,3,5.51,76.12,85.98,225.97,6,6,3,4,5.55,-357500000.00,4.25,-1.97,
CVE,CENOVUS ENERGY INC.,,Etats-Unis,NYSE,USD,14.72,0.45,8.88,12.81,3.21,8.79,1.61,1,3,0,1,8.57,16.00,60.65,63.89,6,6,2,3,1.89,31638000000.00,7.45,-2.49,2.00
BDN,BRANDYWINE REALTY TRUST,,Etats-Unis,NYSE,USD,-19.42,3.23,1.74,-16.45,3.04,1.96,0.19,0,1,0,0,0.21,10.43,21.97,214.03,6,6,0,1,31.54,797854000.00,-36.92,-2.98,4.49
IFF,INTERNATIONAL FLAVORS & FRAGRANCES INC.,,Etats-Unis,NYSE,USD,-2.56,0.47,2.62,-5.55,9.15,2.26,0.70,0,0,0,0,0.64,10.42,65.06,376.75,6,6,0,0,7.16,14186000000.00,-3.30,-2.60,1.80
SO,THE SOUTHERN COMPANY,,Etats-Unis,NYSE,USD,11.04,1.91,4.34,11.31,0.47,4.19,0.27,0,0,0,0,0.66,2.15,24.86,25.68,6,6,0,4,9.94,38867000000.00,14.11,8.18,4.01
DAL,"DELTA AIR LINES, INC.",,Etats-Unis,NYSE,USD,27.69,0.97,9.16,35.33,14.56,9.21,0.17,0,4,0,4,8.66,481.05,3.51,49.75,6,6,0,5,2.74,20853000000.00,7.90,4.48,3.90
CVI,CVR ENERGY INC.,,Etats-Unis,NYSE,USD,10.08,1.98,5.45,36.92,51.24,13.13,16.78,2,2,2,2,7.00,20.36,95.18,95.14,6,6,2,3,6.98,898000000.00,1.26,-11.99,4.13
BAP,CREDICORP LTD.,,Etats-Unis,NYSE,USD,28.61,0.65,,17.38,10.54,,,,4,,1,,8.92,,54.36,0,6,,4,,39096109000.00,29.53,10.81,6.84
IEX,IDEX CORPORATION,,Etats-Unis,NYSE,USD,12.34,0.46,9.50,14.73,3.00,10.64,1.40,4,6,0,1,2.72,2.42,36.28,38.55,6,6,5,6,1.76,4026200000.00,13.96,2.77,1.72
TDW,TIDEWATER INC.,,Etats-Unis,NYSE,USD,26.97,0.50,13.19,17.90,8.53,12.30,2.86,2,2,0,1,9.58,20.19,9.72,0.00,6,6,2,3,0.36,1361254000.00,24.65,15.73,1.75
SNX,TD SYNNEX CORPORATION,,Etats-Unis,NYSE,USD,10.04,0.55,8.45,8.76,1.17,7.81,0.55,0,1,0,0,1.21,1.15,0.00,47.13,6,6,0,2,1.53,8450429000.00,1.32,4.21,4.05
DVN,DEVON ENERGY CORPORATION,,Etats-Unis,NYSE,USD,17.74,0.55,10.77,23.92,7.43,14.46,4.37,4,5,2,4,10.99,66.96,68.30,69.59,6,6,5,5,1.85,15528000000.00,15.60,6.14,2.03
XPER,XPERI INC.,,Etats-Unis,NYSE,USD,-13.36,0.17,-8.77,-15.66,16.72,-15.06,7.06,0,0,0,0,6.95,44.27,0.00,0.00,6,6,0,0,,414075000.00,-12.57,-7.29,1.49
AAT,"AMERICAN ASSETS TRUST, INC.",,Etats-Unis,NYSE,USD,6.44,1.56,3.03,6.12,0.51,3.43,0.35,0,0,0,0,0.47,1.81,17.44,0.00,6,6,0,0,15.54,1091205000.00,16.36,-0.56,2.68
AAUC,ALLIED GOLD CORPORATION,,Etats-Unis,NYSE,USD,0.72,0.34,41.00,-14.00,20.82,30.52,14.82,2,0,2,0,10.48,14.72,0.00,0.00,2,2,2,0,-2.16,504679000.00,0.25,82.35,4.21
LADR,LADDER CAPITAL CORP.,,Etats-Unis,NYSE,USD,4.23,1.95,,5.93,1.49,,,,0,,0,,3.66,,61.01,0,6,,1,,1481357000.00,29.91,-11.03,3.48
SNOW,SNOWFLAKE INC.,,Etats-Unis,NYSE,USD,-53.91,1.42,-46.32,-33.69,19.19,-41.66,6.33,0,0,0,0,13.05,24.05,0.00,0.00,6,6,0,0,,1924102000.00,-28.37,29.19,4.75
PR,PERMIAN RESOURCES CORPORATION,,Etats-Unis,NYSE,USD,9.97,0.32,9.38,11.48,1.38,10.95,1.38,1,2,0,0,6.85,21.74,48.91,44.11,6,6,3,3,1.89,11533883000.00,21.70,27.40,1.55
SN,"SHARKNINJA, INC.",,Etats-Unis,NYSE,USD,30.41,0.34,25.26,22.07,10.63,18.46,7.47,3,4,1,2,4.77,7.41,32.03,46.28,5,5,5,5,0.13,2676211000.00,10.96,22.65,2.00
D,"DOMINION ENERGY, INC.",,Etats-Unis,NYSE,USD,9.64,1.46,4.04,8.02,1.41,3.48,0.52,0,1,0,0,0.69,5.54,45.57,62.19,6,6,0,1,9.87,33417000000.00,18.57,7.09,3.47
ASAN,ASANA INC.,,Etats-Unis,NYSE,USD,-99.06,1.62,-70.55,-88.86,12.25,-72.56,4.16,0,1,0,1,23.04,122.49,0.00,118.23,6,6,0,1,,154117000.00,-23.90,10.09,5.48
BCE,BCE INC.,,Etats-Unis,NYSE,USD,36.18,1.76,7.54,16.21,17.89,6.09,1.40,0,4,0,1,1.24,6.51,34.53,87.38,6,6,0,5,7.46,23310000000.00,26.62,-0.42,3.44
LAC,LITHIUM AMERICAS CORP.,,Etats-Unis,NYSE,USD,-6.81,0.34,,-5.07,2.58,,,,1,,1,,32.88,,103.82,0,6,,1,,1586649000.00,,,1.63
CXM,SPRINKLR INC.,,Etats-Unis,NYSE,USD,3.80,0.08,11.12,10.33,7.71,8.40,3.01,0,1,0,0,18.00,19.18,42.09,79.82,6,6,1,1,-7.99,592643000.00,2.67,8.19,2.03
ICE,"INTERCONTINENTAL EXCHANGE, INC.",,Etats-Unis,NYSE,USD,11.88,0.70,7.40,10.80,0.96,6.77,0.56,0,1,0,0,0.33,2.35,13.41,65.73,6,6,0,5,3.33,28991000000.00,26.66,12.98,4.72
ASC,ARDMORE SHIPPING CORPORATION,,Etats-Unis,NYSE,USD,6.46,0.20,6.46,16.69,8.86,13.63,6.21,3,3,1,3,9.83,17.84,161.40,80.51,6,6,3,3,1.56,634337000.00,13.22,-11.49,1.24
BCO,BRINK'S COMPANY,,Etats-Unis,NYSE,USD,58.41,11.33,9.33,39.47,20.31,7.75,1.40,0,5,0,4,1.87,23.60,11.58,65.02,6,6,0,6,4.91,407300000.00,4.00,3.89,18.02
CWT,CALIFORNIA WATER SERVICE GROUP,,Etats-Unis,NYSE,USD,7.68,0.95,3.00,7.93,4.34,2.92,1.75,0,1,0,0,1.21,2.97,70.99,64.51,6,6,0,2,8.49,1691975000.00,12.78,12.19,3.35
SMRT,SMARTRENT INC.,,Etats-Unis,NYSE,USD,-23.22,0.02,-17.61,-14.55,7.52,-17.18,1.55,0,0,0,0,28.61,51.16,0.00,0.00,6,6,0,0,,232139000.00,-39.76,-19.80,1.38
SMR,NUSCALE POWER CORPORATION,,Etats-Unis,NYSE,USD,-84.82,0.00,-131.65,-97.69,19.09,-129.82,54.61,0,1,0,1,879.71,236.57,0.00,251.25,6,6,0,1,,1113551000.00,-2110.81,17.48,1.27
ASB,ASSOCIATED BANC-CORP,,Etats-Unis,NYSE,USD,9.91,0.78,,5.73,3.71,,,,0,,0,,3.70,,69.15,0,6,,0,,4975347000.00,32.10,16.11,9.09
CXW,CORECIVIC INC.,,Etats-Unis,NYSE,USD,8.04,0.96,5.96,5.78,1.96,5.16,0.85,0,0,0,0,0.72,4.85,24.20,195.15,6,6,0,0,5.69,1405249000.00,5.27,7.97,2.32
CWK,CUSHMAN & WAKEFIELD LTD.,,Etats-Unis,NYSE,USD,4.75,1.53,7.56,3.43,5.02,5.68,1.98,0,2,0,0,4.03,15.96,57.56,110.79,6,6,0,2,4.82,1955800000.00,0.86,4.10,3.93
BCSF,BAIN CAPITAL SPECIALTY FINANCE INC.,,Etats-Unis,NYSE,USD,8.75,1.32,,10.06,1.16,,,,0,,0,,5.38,,20.81,0,6,,3,,1117410000.00,86.24,-8.91,2.38
VIRT,"VIRTU FINANCIAL, INC.",,Etats-Unis,NYSE,USD,52.72,4.55,10.38,35.65,17.76,8.48,1.80,2,6,0,5,2.00,15.94,62.12,71.42,6,6,3,6,4.22,1973403000.00,25.12,25.85,10.21
CWEN,CLEARWAY ENERGY INC.,,Etats-Unis,NYSE,USD,-4.03,1.59,0.88,-1.84,1.94,1.22,0.40,0,1,0,1,0.46,1.43,67.65,113.94,6,6,0,1,52.11,5914000000.00,-16.17,4.28,2.82
PNW,PINNACLE WEST CAPITAL CORPORATION,,Etats-Unis,NYSE,USD,9.06,2.02,3.36,8.98,0.60,3.29,0.24,0,0,0,0,0.34,0.84,16.33,23.89,6,6,0,1,13.39,7087075000.00,11.83,6.64,4.24
BDC,BELDEN INC.,,Etats-Unis,NYSE,USD,18.56,1.11,10.86,18.56,2.44,11.33,1.52,2,4,0,2,3.19,15.32,26.49,33.58,6,6,5,4,3.21,1264424000.00,8.75,3.96,2.80
IBP,INSTALLED BUILDING PRODUCTS INC.,,Etats-Unis,NYSE,USD,37.51,1.40,18.90,38.90,2.58,19.62,0.62,6,6,0,6,3.54,4.98,5.41,23.98,6,6,6,6,1.73,709900000.00,8.93,3.40,2.91
TE,T1 ENERGY INC.,,Etats-Unis,NYSE,USD,-131.60,1.70,-15.23,-81.92,63.20,-11.82,4.83,0,0,0,0,3.41,83.34,0.00,0.00,2,6,0,0,,321885000.00,-48.70,,4.26
IBM,INTERNATIONAL BUSINESS MACHINES CORPORATION,,Etats-Unis,NYSE,USD,35.23,1.97,8.71,30.98,6.02,7.92,0.73,0,5,0,5,2.25,11.74,6.80,72.33,6,6,0,5,4.02,32741000000.00,15.68,4.49,4.64
CWH,CAMPING WORLD HOLDINGS INC.,,Etats-Unis,NYSE,USD,-24.66,10.97,2.62,-8.44,26.30,3.41,1.10,2,3,1,3,4.56,2152.78,87.66,104.31,6,6,3,3,21.63,371799000.00,-1.66,1.14,13.57
RCUS,ARCUS BIOSCIENCES INC.,,Etats-Unis,NYSE,USD,-63.26,0.18,-68.98,-59.37,4.23,-60.82,7.27,0,0,0,0,19.50,14.54,1064.76,901.77,6,6,0,0,,631000000.00,-142.91,45.30,1.81
CW,CURTISS-WRIGHT CORPORATION,,Etats-Unis,NYSE,USD,19.43,0.46,12.86,17.61,1.60,11.73,1.13,1,5,0,0,1.09,2.84,0.00,0.00,6,6,3,6,1.25,2533574000.00,13.84,10.88,2.06
IDA,IDACORP INC.,,Etats-Unis,NYSE,USD,9.37,1.02,2.83,9.26,0.12,3.18,0.31,0,0,0,0,0.53,0.11,29.60,3.38,6,6,0,0,9.74,3578686000.00,17.88,1.31,2.86
POST,POST HOLDINGS INC.,,Etats-Unis,NYSE,USD,8.54,2.05,5.29,8.73,0.43,5.17,0.46,0,1,0,1,0.78,5.09,14.65,63.41,6,6,0,1,9.08,3763800000.00,4.12,8.03,3.59
LLY,ELI LILLY AND COMPANY,,Etats-Unis,NYSE,USD,101.16,1.60,37.73,77.95,26.93,31.04,6.54,6,6,6,6,1.70,20.51,1.60,54.45,6,6,6,6,1.19,26535000000.00,31.67,38.20,4.24
MNTN,"MNTN, INC.",,Etats-Unis,NYSE,USD,-6.49,0.00,16.26,-46.20,102.78,-4.26,21.90,1,1,0,1,25.59,112.96,0.00,181122.22,3,4,1,1,-8.74,305736000.00,-2.22,28.27,1.24
POR,PORTLAND GENERAL ELECTRIC COMPANY,,Etats-Unis,NYSE,USD,7.72,1.20,3.95,8.00,0.70,3.77,0.32,0,0,0,0,0.64,1.33,10.05,18.43,6,6,0,0,8.79,4133000000.00,8.56,10.61,3.20
BE,BLOOM ENERGY CORPORATION,,Etats-Unis,NYSE,USD,-12.65,3.77,1.74,-28.68,34.68,-4.02,8.42,0,0,0,0,6.95,112.09,0.00,0.00,6,6,0,0,7.39,792963000.00,-4.31,23.20,5.54
CVSA,ADTALEM GLOBAL EDUCATION INC.,,Etats-Unis,NYSE,USD,17.47,0.63,14.15,14.69,4.35,12.18,2.11,2,3,0,1,3.25,6.46,7.69,71.56,6,6,2,3,1.28,1446185000.00,12.87,11.05,2.08
DY,DYCOM INDUSTRIES INC.,,Etats-Unis,NYSE,USD,18.15,1.61,9.52,20.42,2.31,11.30,1.65,1,4,0,2,4.21,10.32,25.51,20.25,6,6,3,4,5.37,1859136000.00,5.07,15.25,3.22
CYH,"COMMUNITY HEALTH SYSTEMS, INC.",,Etats-Unis,NYSE,USD,-62.77,-13.19,8.00,-10.33,48.82,5.89,1.86,0,1,0,1,1.02,24.11,51.58,285.60,6,6,0,1,9.97,-837000000.00,5.41,-0.02,
WPC,W. P. CAREY INC.,,Etats-Unis,NYSE,USD,5.71,1.07,4.48,6.36,1.43,4.21,0.23,0,0,0,0,0.52,0.67,1.46,32.88,6,6,0,0,9.82,8134142000.00,27.55,-0.72,2.21
PNNT,PENNANTPARK INVESTMENT CORPORATION,,Etats-Unis,NYSE,USD,6.83,1.59,,3.47,8.53,,,,1,,1,,6.44,,122.14,0,6,,1,,463950000.00,78.36,,2.91
SMWB,SIMILARWEB LTD.,,Etats-Unis,NYSE,USD,-129.58,1.86,-48.40,-113.15,53.64,-37.75,16.77,0,1,0,1,59.48,25.22,0.00,176.68,6,6,0,1,,23326000.00,-11.65,13.85,11.20
GE,GENERAL ELECTRIC COMPANY,,Etats-Unis,NYSE,USD,45.23,1.08,8.30,34.09,9.73,5.52,3.05,0,4,0,3,1.16,24.76,148.00,208.89,6,6,0,4,0.93,18898000000.00,18.97,-17.85,6.89
MO,"ALTRIA GROUP, INC.",,Etats-Unis,NYSE,USD,-246.35,-7.45,36.38,-287.48,95.60,35.74,2.50,6,2,5,2,9.68,107.26,3.88,208.93,6,6,6,2,1.76,-3452000000.00,34.50,-0.89,
BBT,BEACON FINANCIAL CORPORATION,,Etats-Unis,NYSE,USD,4.86,0.35,,5.24,0.54,,,,0,,0,,0.38,,13.52,0,2,,0,,2496061000.00,16.32,55.53,9.30
ICL,ICL GROUP LTD.,,Etats-Unis,NYSE,USD,4.58,0.44,4.48,8.00,3.56,6.36,2.19,1,2,1,1,3.39,6.15,81.98,89.22,6,6,2,3,3.28,6243000000.00,3.91,-2.57,1.99
BBW,BUILD-A-BEAR WORKSHOP INC.,,Etats-Unis,NYSE,USD,35.50,0.82,20.90,38.83,3.48,25.28,4.24,5,5,5,5,19.70,43.21,28.84,39.54,6,6,5,5,1.51,155028000.00,9.85,4.40,2.23
CVX,CHEVRON CORPORATION,,Etats-Unis,NYSE,USD,7.23,0.21,4.26,10.60,3.09,6.16,2.28,1,2,0,1,4.46,9.31,68.44,69.52,6,6,1,4,2.07,192176000000.00,6.77,-3.22,1.69
BBWI,"BATH & BODY WORKS, INC.",,Etats-Unis,NYSE,USD,-48.76,-3.87,25.69,-49.21,3.62,29.30,3.64,6,0,6,0,5.93,60.59,27.29,0.00,6,6,6,0,3.55,-1279000000.00,8.90,-0.93,
BBY,"BEST BUY CO., INC.",,Etats-Unis,NYSE,USD,37.04,1.39,19.90,37.04,5.41,19.12,0.98,6,6,3,6,5.87,5.81,68.81,50.98,6,6,6,6,1.37,2964000000.00,2.56,-2.05,4.95
BDX,"BECTON, DICKINSON AND COMPANY",,Etats-Unis,NYSE,USD,6.54,0.76,5.16,6.32,0.44,4.78,0.41,0,0,0,0,1.32,1.73,3.76,34.13,6,6,0,0,6.21,25390000000.00,7.68,6.18,2.18
BC,BRUNSWICK CORPORATION,,Etats-Unis,NYSE,USD,-7.81,1.40,5.35,6.36,14.09,7.97,3.38,3,4,1,4,7.72,19.83,75.13,122.54,6,6,4,4,6.48,1625600000.00,-2.56,-8.47,3.27
GCI,"GANNETT CO., INC.",,Etats-Unis,NYSE,USD,-11.23,8.43,3.27,-13.10,5.19,2.71,0.78,0,0,0,0,1.55,49.43,69.20,0.00,6,6,0,0,16.63,152634000.00,-1.05,-7.70,13.37
PNC,"THE PNC FINANCIAL SERVICES GROUP, INC.",,Etats-Unis,NYSE,USD,12.16,0.94,,11.69,0.45,,,,3,,0,,0.89,,25.45,0,6,,6,,60636000000.00,30.32,3.58,9.46
DVA,DAVITA INC.,,Etats-Unis,NYSE,USD,66.39,11.11,10.90,52.22,13.94,10.24,1.23,0,6,0,6,1.29,6.95,25.90,26.06,6,6,2,6,6.05,1158438000.00,7.91,6.01,15.09
DV,DOUBLEVERIFY HOLDINGS INC.,,Etats-Unis,NYSE,USD,4.57,0.09,5.12,5.70,1.44,6.09,1.67,0,0,0,0,1.21,0.30,36.16,37.65,6,6,0,0,-2.01,1131332000.00,6.77,14.32,1.20
AAP,ADVANCE AUTO PARTS INC.,,Etats-Unis,NYSE,USD,2.01,2.38,2.64,-3.72,9.19,-1.85,6.78,0,3,0,0,8.95,13.86,200.94,180.27,6,6,0,3,13.05,2198000000.00,0.51,-12.71,5.38
DB,DEUTSCHE BANK AG,,Etats-Unis,NYSE,USD,8.17,2.05,,6.58,1.62,,,,0,,0,,3.02,,38.83,0,6,,0,,80203000000.00,22.24,5.43,17.89
ABBV,ABBVIE INC.,,Etats-Unis,NYSE,USD,6225.00,-20.91,13.28,2107.50,3565.89,10.58,2.37,3,6,0,6,3.02,26.37,36.18,56.52,6,6,3,6,3.10,-3228000000.00,6.92,6.11,
BEPC,BROOKFIELD RENEWABLE CORPORATION,,Etats-Unis,NYSE,USD,-21.96,1.69,1.70,-5.73,14.07,1.81,0.17,0,0,0,0,0.24,20.75,42.18,284.23,6,6,0,1,16.18,9232000000.00,-62.85,-3.06,5.01
LMT,LOCKHEED MARTIN CORPORATION,,Etats-Unis,NYSE,USD,76.87,3.23,18.47,81.29,4.55,18.46,1.77,6,6,4,6,2.24,13.19,23.37,49.92,6,6,6,6,2.27,6721000000.00,6.69,5.39,8.90
GBCI,GLACIER BANCORP INC.,,Etats-Unis,NYSE,USD,6.43,0.18,,6.71,0.79,,,,0,,0,,2.22,,47.27,0,6,,3,,4213821000.00,23.80,12.80,7.59
TDS,"TELEPHONE AND DATA SYSTEMS, INC.",,Etats-Unis,NYSE,USD,0.36,0.27,-0.78,-2.60,4.45,0.28,0.92,0,0,0,0,0.92,4.92,135.14,260.83,6,6,0,0,,5267353000.00,1.65,-51.21,1.59
MFC,MANULIFE FINANCIAL CORPORATION,,Etats-Unis,NYSE,USD,13.23,0.28,0.86,11.56,1.68,0.86,,0,2,0,0,,8.81,,130.06,1,6,0,4,-1.39,52488000000.00,11.43,11.94,19.54
MFA,MFA FINANCIAL INC.,,Etats-Unis,NYSE,USD,9.64,3.61,,6.71,2.78,,,,1,,0,,20.61,,178.74,0,6,,1,,1827695000.00,59.21,20.55,7.14
CUBE,CUBESMART,,Etats-Unis,NYSE,USD,11.55,1.25,5.52,13.08,1.39,5.99,0.41,0,2,0,0,0.71,1.90,12.52,19.06,6,6,0,3,7.71,2782076000.00,29.50,3.41,2.39
SLGN,SILGAN HOLDINGS INC.,,Etats-Unis,NYSE,USD,13.53,1.91,7.08,15.28,2.44,7.67,0.63,0,6,0,3,0.65,4.60,17.58,46.96,6,6,0,6,4.96,2274301000.00,4.45,4.05,4.13
IRM,IRON MOUNTAIN INC.,,Etats-Unis,NYSE,USD,-34.94,-29.54,5.61,74.50,134.79,5.74,0.24,0,5,0,5,0.34,42.84,13.20,115.52,6,6,0,5,13.46,-644908000.00,2.21,12.22,
RDN,RADIAN GROUP INC.,,Etats-Unis,NYSE,USD,12.39,0.24,15.99,13.43,1.06,15.91,0.11,2,5,0,0,0.08,2.74,0.00,31.81,2,6,2,5,-5.48,4781514000.00,48.67,-1.77,1.70
TEX,TEREX CORPORATION,,Etats-Unis,NYSE,USD,11.26,1.23,8.08,22.23,12.81,15.53,9.16,4,4,1,3,7.21,13.56,68.62,68.99,6,6,4,5,3.81,2095000000.00,4.08,2.58,2.93
LEVI,LEVI STRAUSS & CO.,,Etats-Unis,NYSE,USD,27.21,1.01,13.26,16.78,9.10,11.52,1.81,3,4,0,3,6.10,18.48,47.21,71.90,6,6,4,5,2.07,2278600000.00,9.20,0.83,3.01
DTM,DT MIDSTREAM INC.,,Etats-Unis,NYSE,USD,9.42,0.69,4.79,8.97,0.75,4.30,0.48,0,0,0,0,0.33,0.93,12.16,13.63,6,6,0,0,5.40,4878000000.00,36.52,16.11,2.07
IRT,INDEPENDENCE REALTY TRUST INC.,,Etats-Unis,NYSE,USD,1.61,0.64,1.54,0.75,1.10,1.64,0.12,0,0,0,0,0.44,1.42,51.01,114.98,6,6,0,0,18.63,3589426000.00,8.77,-0.25,1.68
RDDT,REDDIT INC CLASS A,,Etats-Unis,NYSE,USD,20.94,0.01,25.79,-4.17,45.23,-11.56,36.11,1,5,1,5,16.59,50.98,0.00,196.46,6,6,1,5,-5.55,2929038000.00,24.05,65.51,1.11
XPOF,XPONENTIAL FITNESS INC.,,Etats-Unis,NYSE,USD,15.72,-1.41,12.44,18.33,18.94,7.47,4.63,1,3,0,2,4.07,170.75,51.04,102.74,6,6,1,3,10.76,-371953000.00,-17.04,-0.60,
L,LOEWS CORPORATION,,Etats-Unis,NYSE,USD,9.43,0.48,2.74,9.28,0.55,2.60,0.21,0,0,0,0,0.15,9.16,0.00,41.07,2,6,0,0,0.57,19641000000.00,9.75,7.67,4.40
WRE,WASHINGTON REAL ESTATE INVESTMENT TRUST,,Etats-Unis,NYSE,USD,-4.62,-1.31,-0.17,-39.49,69.94,0.69,0.74,0,0,0,0,0.91,81.25,106.07,175.00,4,4,0,0,,-380722000.00,9.69,-26.03,
IHS,IHS HOLDING LTD.,,Etats-Unis,NYSE,USD,-65.77,-39.09,19.92,-2226.10,3598.07,13.10,5.93,1,0,0,0,0.51,3657.17,16.03,0.00,6,6,3,0,3.17,-89800000.00,8.02,-13.73,
MOD,MODINE MANUFACTURING COMPANY,,Etats-Unis,NYSE,USD,11.63,0.36,14.31,19.31,6.72,15.45,1.08,3,4,0,4,3.96,46.85,13.11,59.95,6,6,4,5,0.98,1202800000.00,3.88,14.94,2.22
TDOC,TELADOC HEALTH INC.,,Etats-Unis,NYSE,USD,-13.93,0.75,-8.29,-25.30,23.62,-7.68,1.08,0,0,0,0,3.63,82.60,0.00,0.00,6,6,0,0,,1385706000.00,-7.92,-1.40,2.06
PRIM,PRIMORIS SERVICES CORPORATION,,Etats-Unis,NYSE,USD,17.79,0.57,12.32,14.07,3.53,9.61,2.50,1,5,0,0,1.96,1.74,38.01,26.75,6,6,2,6,1.00,1681000000.00,3.63,15.12,2.62
HXL,HEXCEL CORPORATION,,Etats-Unis,NYSE,USD,7.87,0.79,6.00,7.49,0.90,6.76,0.78,0,0,0,0,4.01,4.59,20.63,49.05,6,6,0,0,5.37,1250700000.00,5.78,2.89,2.16
MMM,3M COMPANY,,Etats-Unis,NYSE,USD,75.50,2.65,14.52,33.34,90.98,2.32,19.75,4,5,0,5,19.89,65.45,221.63,268.12,6,6,4,5,1.39,4747000000.00,13.08,-12.63,7.95
MMS,MAXIMUS INC.,,Etats-Unis,NYSE,USD,18.14,0.86,11.45,15.23,4.49,9.71,2.60,2,5,0,1,3.62,4.79,51.55,52.97,6,6,4,6,2.31,1674035000.00,5.87,5.23,2.43
IQV,IQVIA HOLDINGS INC.,,Etats-Unis,NYSE,USD,21.44,2.41,10.06,22.29,0.75,9.89,0.29,0,5,0,3,3.24,9.07,0.00,6.25,6,6,2,5,5.17,6630000000.00,8.34,4.33,4.52
SON,SONOCO PRODUCTS CO.,,Etats-Unis,NYSE,USD,33.91,1.26,5.48,20.66,13.49,6.11,2.43,0,3,0,3,3.73,13.21,66.00,140.55,6,6,2,4,5.91,3631832000.00,13.35,5.30,3.07
DT,"DYNATRACE, INC.",,Etats-Unis,NYSE,USD,6.22,0.06,9.98,11.87,7.87,9.08,0.79,0,1,0,1,1.88,1.69,22.07,70.18,6,6,0,1,-3.82,2611390000.00,8.06,18.78,1.69
DCI,"DONALDSON COMPANY, INC.",,Etats-Unis,NYSE,USD,24.94,0.46,19.90,27.88,2.55,19.78,0.90,6,6,1,6,2.26,2.32,3.49,15.37,6,6,6,6,0.88,1453500000.00,9.94,3.72,2.05
IR,INGERSOLL RAND INC.,,Etats-Unis,NYSE,USD,5.77,0.48,7.69,7.47,1.48,7.94,0.26,0,0,0,0,3.55,3.93,6.33,31.47,6,6,0,0,2.38,10154000000.00,7.70,5.48,1.80
DCH,DAUCH CORPORATION,,Etats-Unis,NYSE,USD,-3.28,6.52,3.00,1.47,6.72,3.75,1.05,0,0,0,0,0.75,4.75,33.18,152.73,2,2,0,0,14.83,640000000.00,-0.34,-4.71,10.42
PLNT,PLANET FITNESS INC.,,Etats-Unis,NYSE,USD,-63.05,-6.00,11.14,-85.41,20.81,9.34,1.66,0,0,0,0,3.29,44.34,13.79,4947.44,6,6,1,0,6.20,-483378000.00,16.63,11.17,
CTVA,CORTEVA INC.,,Etats-Unis,NYSE,USD,4.56,0.11,6.35,3.74,0.81,5.37,0.92,0,0,0,0,1.96,1.06,15.01,57.88,6,6,0,0,-0.74,24386000000.00,6.35,0.51,1.76
DBRG,DIGITALBRIDGE GROUP INC.,,Etats-Unis,NYSE,USD,-1.10,0.14,-1.86,2.02,3.55,2.71,4.21,0,0,0,0,2.24,26.81,128.93,118.71,6,6,0,0,,2450223000.00,-37.92,-70.52,1.40
PRGO,PERRIGO COMPANY PLC,,Etats-Unis,NYSE,USD,-39.29,1.24,3.07,-14.44,21.59,2.70,0.38,0,0,0,0,0.89,21.05,76.50,0.00,6,6,0,0,9.94,2935500000.00,-33.51,-4.42,2.91
GAP,GAP INC.,,Etats-Unis,NYSE,USD,23.10,1.48,15.05,24.24,4.12,12.38,4.79,2,3,0,3,11.38,27.25,110.23,184.90,6,6,2,3,-0.01,3801000000.00,5.31,1.59,3.32
SOLV,SOLVENTUM CORPORATION,,Etats-Unis,NYSE,USD,38.86,1.00,4.93,21.00,15.74,7.03,2.14,0,3,0,1,3.41,2.19,57.17,24.61,5,5,2,4,6.58,5050000000.00,18.69,0.51,2.83
IMAX,IMAX CORPORATION,,Etats-Unis,NYSE,USD,11.30,0.65,11.47,10.04,1.15,8.44,2.63,0,0,0,0,11.82,22.36,139.77,7.66,6,6,1,1,1.36,427733000.00,11.10,4.61,2.09
PRG,PROG HOLDINGS INC.,,Etats-Unis,NYSE,USD,21.02,0.81,22.25,25.56,5.56,23.70,1.47,6,5,6,4,1.60,17.02,28.98,45.98,6,6,6,5,0.73,746417000.00,6.09,0.02,2.16
DBI,DESIGNER BRANDS INC.,,Etats-Unis,NYSE,USD,-1.96,4.19,1.71,0.75,5.72,2.21,0.77,0,2,0,2,14.06,117.73,84.85,106.58,6,6,1,2,28.09,287760000.00,-0.19,-3.01,6.77
DTE,DTE ENERGY COMPANY,,Etats-Unis,NYSE,USD,12.18,2.14,4.25,12.51,0.45,4.13,0.57,0,3,0,0,0.61,1.97,24.19,22.13,6,6,0,5,10.32,12308000000.00,9.24,11.39,4.39
PRI,PRIMERICA INC.,,Etats-Unis,NYSE,USD,31.93,0.74,5.90,27.28,5.14,5.80,0.14,0,6,0,6,0.10,1.77,0.00,22.70,2,6,0,6,-0.15,2445902000.00,22.82,8.12,6.14
WRBY,WARBY PARKER INC.,,Etats-Unis,NYSE,USD,0.46,0.63,-1.05,-9.12,11.23,-9.50,9.63,0,0,0,0,26.60,19.83,0.00,0.00,6,6,0,0,,367730000.00,0.19,14.10,1.96
SLQT,"SELECTQUOTE, INC.",,Etats-Unis,NYSE,USD,10.15,0.61,5.40,3.51,11.95,5.25,0.34,1,1,0,0,18.59,34.20,235.58,400.37,6,6,1,3,5.14,650025000.00,3.84,10.66,1.98
DUK,DUKE ENERGY CORPORATION,,Etats-Unis,NYSE,USD,9.73,1.71,4.03,8.15,2.21,3.85,0.22,0,0,0,0,0.48,2.63,0.00,33.19,6,6,0,0,10.57,53019000000.00,15.73,5.32,3.69
BALL,BALL CORP.,,Etats-Unis,NYSE,USD,16.12,1.29,8.35,39.21,37.26,7.82,1.25,0,6,0,3,1.24,2.54,30.47,80.39,6,6,0,6,4.17,5421000000.00,6.95,-3.14,3.60
PMT,PENNYMAC MORTGAGE INVESTMENT TRUST,,Etats-Unis,NYSE,USD,6.68,5.87,,8.38,1.76,,,,0,,0,,4.92,,238.52,0,6,,1,,1887331000.00,80.90,-24.85,11.31
WRB,W.R. BERKLEY CORPORATION,,Etats-Unis,NYSE,USD,19.70,0.29,8.90,20.41,1.47,9.02,0.16,0,5,0,2,0.12,6.78,2.52,10.86,2,6,0,5,-10.27,9711894000.00,12.19,9.95,4.54
IGT,INTERNATIONAL GAME TECHNOLOGY PLC,,Etats-Unis,NYSE,USD,25.36,2.65,5.97,20.65,4.88,7.14,1.05,0,4,0,3,3.00,35.42,54.78,1026.62,6,6,0,4,6.74,2061000000.00,20.26,-22.89,4.99
SWK,STANLEY BLACK & DECKER INC.,,Etats-Unis,NYSE,USD,4.52,0.66,5.16,1.51,4.22,3.67,1.76,0,1,0,0,1.94,6.70,79.03,122.23,6,6,0,2,4.55,9054600000.00,2.66,-2.08,2.35
BAM,BROOKFIELD ASSET MANAGEMENT INC.,,Etats-Unis,NYSE,USD,35.30,0.35,31.15,25.23,8.72,12.04,16.55,1,4,1,3,1.54,12.90,0.00,98.26,5,6,1,4,0.15,10310000000.00,52.04,246.86,1.65
VIK,VIKING HOLDINGS LTD,,Etats-Unis,NYSE,USD,254.46,5.12,39.11,97.00,138.42,33.78,5.94,3,3,3,3,43.80,50.25,0.00,119.86,5,5,3,3,-1.04,1121342000.00,17.66,17.48,10.91
LAR,LITHIUM ARGENTINA AG,,Etats-Unis,NYSE,USD,-9.00,0.31,,49.66,95.41,,,,1,,1,,5.90,,105.63,0,6,,1,,816933000.00,,,1.35
BANC,BANC OF CALIFORNIA INC.,,Etats-Unis,NYSE,USD,6.50,0.85,,-13.85,32.84,,,,2,,1,,32.89,,183.64,0,6,,2,,3541277000.00,20.76,99.07,9.83
IAG,IAMGOLD CORPORATION,,Etats-Unis,NYSE,USD,19.15,0.18,17.37,17.91,12.69,9.28,8.73,1,2,0,1,3.82,8.76,163.66,554.11,6,6,2,2,0.31,4245900000.00,25.67,70.00,1.38
ASGN,ASGN INC.,,Etats-Unis,NYSE,USD,6.34,0.65,5.25,9.15,2.63,7.06,1.68,0,3,0,1,1.75,3.64,49.32,73.31,6,6,1,4,4.38,1804000000.00,2.85,-5.43,2.04
DAN,DANA INC.,,Etats-Unis,NYSE,USD,8.21,3.91,3.13,2.66,5.54,3.89,0.66,0,0,0,0,0.77,9.35,31.96,263.98,6,6,0,0,14.31,899000000.00,1.36,-15.71,8.69
GBTG,"GLOBAL BUSINESS TRAVEL GROUP, INC.",,Etats-Unis,NYSE,USD,8.17,0.91,4.49,-4.72,11.18,3.06,1.86,0,0,0,0,16.34,31.64,0.00,0.00,6,6,0,0,5.89,1661000000.00,4.08,8.94,2.96
SOC,SABLE OFFSHORE CORP.,,Etats-Unis,NYSE,USD,-89.31,1.77,,-35.86,46.86,,,,0,,0,,56.93,,5825.00,0,4,,0,,534303000.00,,,3.26
SOBO,SOUTH BOW CORPORATION,,Etats-Unis,NYSE,USD,16.28,2.14,6.17,14.20,2.95,6.10,0.11,0,2,0,0,0.08,2.09,0.00,0.00,2,2,0,2,7.33,2709000000.00,21.80,-6.32,4.14
SM,SM ENERGY COMPANY,,Etats-Unis,NYSE,USD,14.32,0.56,8.00,19.45,5.05,11.89,3.73,4,4,2,2,10.68,32.92,77.36,66.84,6,6,4,4,2.86,4810000000.00,20.65,15.22,1.92
CUZ,COUSINS PROPERTIES INCORPORATED,,Etats-Unis,NYSE,USD,0.86,0.72,2.06,1.22,0.52,1.92,0.19,0,0,0,0,0.13,1.56,14.50,85.97,6,6,0,0,15.02,4702202000.00,4.15,11.26,1.89
SMA,SMARTSTOP SELF STORAGE REIT INC.,,Etats-Unis,NYSE,USD,-0.18,0.86,1.71,-0.53,0.49,2.12,0.57,0,0,0,0,0.41,0.35,32.14,0.00,2,2,0,0,17.10,1279923000.00,-0.62,18.62,1.90
PNR,PENTAIR PLC,,Etats-Unis,NYSE,USD,17.59,0.46,13.80,19.02,1.78,12.56,2.09,3,6,0,2,1.70,1.08,33.07,27.97,6,6,6,6,1.79,3869200000.00,15.66,0.87,1.78
HZO,MARINEMAX INC.,,Etats-Unis,NYSE,USD,-3.18,1.31,3.65,4.59,8.04,6.12,3.61,3,4,2,2,7.35,12.00,86.64,110.78,6,6,4,4,10.44,948753000.00,-1.33,-1.80,2.60
PM,PHILIP MORRIS INTERNATIONAL INC.,,Etats-Unis,NYSE,USD,-132.39,-6.08,27.89,-105.01,27.35,24.37,3.15,6,0,6,0,6.03,22.71,52.81,0.00,6,6,6,0,2.94,-8028000000.00,29.15,7.50,
XPO,XPO INC.,,Etats-Unis,NYSE,USD,18.26,2.20,8.04,20.62,5.59,8.36,0.89,0,5,0,2,4.10,7.87,14.19,73.22,6,6,0,5,5.19,1861000000.00,3.87,2.63,4.40
ASH,ASHLAND INC.,,Etats-Unis,NYSE,USD,-35.41,0.78,1.39,-8.03,23.71,1.55,0.55,0,1,0,1,0.75,27.00,75.17,214.08,6,6,0,1,14.49,1904000000.00,-46.33,-8.76,2.42
BEN,FRANKLIN RESOURCES INC.,,Etats-Unis,NYSE,USD,3.82,0.94,2.87,5.21,1.99,3.66,0.98,0,1,0,0,1.86,2.57,72.00,77.97,6,6,1,2,8.84,14188800000.00,6.26,5.71,2.28
CURB,CURBLINE PROPERTIES CORP.,,Etats-Unis,NYSE,USD,2.07,0.22,0.59,2.26,1.64,2.03,1.48,0,0,0,0,1.44,1.64,83.38,81.70,4,4,0,0,4.37,1913470000.00,21.81,39.74,1.29
LMND,LEMONADE INC.,,Etats-Unis,NYSE,USD,-29.37,0.34,,-30.16,0.84,,,,0,,0,,1.10,,0.00,0,6,,0,,533600000.00,-22.43,31.03,3.61
DAR,DARLING INGREDIENTS INC.,,Etats-Unis,NYSE,USD,1.52,0.87,3.33,7.71,7.05,3.68,1.71,0,3,0,2,1.79,7.66,74.41,92.71,6,6,0,4,9.84,4809515000.00,1.15,-4.93,2.14
NNBR,NN INC.,,Etats-Unis,NASDAQ,USD,-62.67,5.97,-3.86,-44.42,16.10,-4.22,0.82,0,0,0,0,0.85,16.10,0.00,0.00,6,6,0,0,,33998000.00,-8.05,-7.11,12.96
LITE,LUMENTUM HOLDINGS INC.,,Etats-Unis,NASDAQ,USD,-240.03,0.36,12.46,-94.93,128.09,-2.83,13.69,3,1,0,1,13.04,139.36,184.05,1291.81,6,6,3,2,-5.80,4643900000.00,-230.10,48.91,1.57
NDSN,NORDSON CORPORATION,,Etats-Unis,NASDAQ,USD,16.21,0.69,10.65,17.68,1.98,11.42,1.56,3,6,0,2,1.51,2.89,39.52,30.10,6,6,6,6,2.74,3043571000.00,17.35,3.05,1.94
KYTX,"KYVERNA THERAPEUTICS, INC.",,Etats-Unis,NASDAQ,USD,-64.67,0.12,,-64.83,123.69,,,0,3,0,3,7.12,185.34,0.00,420.84,2,5,0,3,,232276000.00,,,1.26
TRIN,TRINITY CAPITAL INC.,,Etats-Unis,NASDAQ,USD,14.15,1.18,,14.88,1.08,,,,4,,1,,15.51,,117.35,0,6,,4,,1093999000.00,66.27,28.17,2.27
NCNO,"NCINO, INC.",,Etats-Unis,NASDAQ,USD,0.90,0.26,0.14,-2.12,2.67,-1.40,1.59,0,0,0,0,5.96,3.53,0.00,0.00,6,6,0,0,51.07,1068652000.00,1.63,11.72,1.54
LBRDK,LIBERTY BROADBAND CORPORATION,,Etats-Unis,NASDAQ,USD,-34.52,0.31,,-5.81,24.87,0.43,0.06,0,1,0,0,0.29,24.10,0.00,355.89,5,6,0,1,,5698000000.00,,,1.55
OCSL,OAKTREE SPECIALTY LENDING CORPORATION,,Etats-Unis,NASDAQ,USD,2.30,1.01,,4.89,3.22,,,,1,,1,,1.46,,89.30,0,6,,1,,1465813000.00,135.95,-55.36,2.05
TRI,THOMSON REUTERS CORP.,,Etats-Unis,NASDAQ,USD,12.56,0.20,10.39,18.39,5.50,9.65,0.66,1,4,0,2,2.26,4.53,62.31,78.23,6,6,2,6,0.96,11914000000.00,20.09,4.90,1.51
NDAQ,"NASDAQ, INC.",,Etats-Unis,NASDAQ,USD,15.25,0.77,9.36,12.60,2.57,7.71,1.47,0,5,0,0,2.25,3.09,37.79,45.27,6,6,2,6,2.51,12232000000.00,21.63,16.72,2.54
ABCL,ABCELLERA BIOLOGICS INC.,,Etats-Unis,NASDAQ,USD,-14.47,0.15,-26.44,-13.83,1.36,-30.84,6.02,3,3,3,0,28.69,14.75,229.60,189.23,6,6,3,3,,966904000.00,-194.88,40.56,1.40
META,META PLATFORMS INC CLASS A,,Etats-Unis,NASDAQ,USD,30.24,0.39,33.62,31.81,4.75,39.98,9.08,6,6,6,5,7.51,7.19,51.18,40.45,6,6,6,6,-0.40,217243000000.00,30.08,22.05,1.68
LYTS,LSI INDUSTRIES INC.,,Etats-Unis,NASDAQ,USD,7.64,0.85,5.45,10.64,2.76,8.35,2.64,1,2,0,0,3.52,4.24,55.44,51.77,6,6,2,4,7.62,360677000.00,3.28,21.16,2.30
NMRA,"NEUMORA THERAPEUTICS, INC.",,Etats-Unis,NASDAQ,USD,-121.21,0.53,,-769.55,1172.43,,,,3,,3,,1218.73,,1976.90,0,6,,3,,103871000.00,,,1.84
TRIP,TRIPADVISOR INC.,,Etats-Unis,NASDAQ,USD,5.04,1.94,7.12,2.25,2.44,5.93,1.46,0,0,0,0,13.80,22.09,32.50,77.27,6,6,0,0,-6.68,645000000.00,2.12,2.84,4.07
NMRK,NEWMARK GROUP INC.,,Etats-Unis,NASDAQ,USD,9.53,1.21,4.75,6.35,2.85,3.29,1.30,0,1,0,1,1.81,3.03,86.99,94.69,6,6,0,2,8.01,1739755000.00,4.72,15.47,2.88
LRCX,LAM RESEARCH CORPORATION,,Etats-Unis,NASDAQ,USD,65.07,0.30,82.14,56.34,9.82,63.96,17.87,6,6,6,6,9.84,10.78,36.37,38.93,6,6,6,6,-0.91,12470921000.00,31.27,24.85,1.89
ACAD,ACADIA PHARMACEUTICALS INC.,,Etats-Unis,NASDAQ,USD,39.89,0.04,10.43,21.35,31.25,-0.71,23.64,1,2,0,2,25.02,19.74,31.83,0.00,6,6,2,2,-7.32,1227390000.00,36.49,21.45,1.27
LBTYK,LIBERTY GLOBAL PLC,,Etats-Unis,NASDAQ,USD,-63.11,0.94,-0.12,-23.77,37.04,-0.50,0.35,0,1,0,1,0.67,37.41,127.99,190.18,6,6,0,2,107.60,9945800000.00,-145.47,-19.30,2.27
OCTV,OCTAVE INTELLIGENCE PLC CLASS B ORDINARY SHARES,,Etats-Unis,NASDAQ,USD,4.09,0.01,3.92,3.66,0.62,3.50,0.59,0,0,0,0,0.42,0.44,0.00,0.00,2,2,0,0,-0.08,7537626000.00,19.27,4.12,1.12
NKLA,NIKOLA CORPORATION,,Etats-Unis,NASDAQ,USD,-155.14,0.40,-95.57,-122.07,36.75,-108.84,18.77,0,0,0,0,21.78,60.82,0.00,0.00,4,5,0,0,,719174000.00,-2696.17,,1.77
LAB,STANDARD BIOTOOLS INC.,,Etats-Unis,NASDAQ,USD,-16.72,0.07,-27.68,-12.50,75.52,-35.97,14.33,0,1,0,1,15.36,1646.45,0.00,231.93,6,6,0,1,,424291000.00,-87.77,-10.42,1.34
NTAP,"NETAPP, INC.",,Etats-Unis,NASDAQ,USD,106.73,2.02,35.72,100.26,12.77,32.74,3.69,6,6,6,6,5.31,12.77,22.37,32.95,6,6,6,6,-1.72,1351000000.00,18.43,5.11,7.95
NFLX,"NETFLIX, INC.",,Etats-Unis,NASDAQ,USD,42.76,0.54,39.51,35.78,8.62,30.59,9.39,6,6,5,6,4.84,6.91,33.10,35.48,6,6,6,6,-0.27,26615488000.00,24.30,15.75,2.09
NWBI,NORTHWEST BANCSHARES INC.,,Etats-Unis,NASDAQ,USD,7.23,0.37,,7.49,1.27,,,,0,,0,,2.06,,35.59,0,6,,0,,1890424000.00,19.33,9.09,8.87
NSSC,"NAPCO SECURITY TECHNOLOGIES, INC.",,Etats-Unis,NASDAQ,USD,23.93,0.03,53.30,26.71,3.95,50.69,6.08,6,6,6,4,14.42,4.10,20.52,23.37,6,6,6,6,-4.21,191002000.00,21.27,3.51,1.25
NFE,NEW FORTRESS ENERGY INC.,,Etats-Unis,NASDAQ,USD,-158.70,27.68,-1.27,-45.82,100.54,4.58,5.79,0,1,0,1,9.72,98.50,112.32,565.53,6,6,2,2,,309631000.00,-121.80,-21.06,34.09
ABSI,ABSCI CORPORATION,,Etats-Unis,NASDAQ,USD,-62.50,0.03,-97.58,-56.54,6.83,-80.16,20.51,0,1,0,0,32.57,12.61,0.00,554.70,6,6,0,1,,189449000.00,-4113.68,-30.02,1.14
KURA,KURA ONCOLOGY INC.,,Etats-Unis,NASDAQ,USD,-94.82,0.12,-75.75,-58.36,31.70,-67.31,11.94,0,0,0,0,8.44,36.01,0.00,0.00,2,6,0,0,,174135000.00,-412.95,,4.24
NWL,NEWELL BRANDS INC.,,Etats-Unis,NASDAQ,USD,-11.09,2.18,4.14,-10.05,2.34,3.55,0.84,0,1,0,0,1.46,6.33,68.38,175.78,6,6,0,1,10.65,2391000000.00,-3.96,-5.88,4.48
LASR,"NLIGHT, INC.",,Etats-Unis,NASDAQ,USD,-10.59,0.16,-15.15,-17.43,7.73,-21.56,7.98,0,0,0,0,8.00,7.82,0.00,0.00,6,6,0,0,,226749000.00,-8.98,11.57,1.39
MFP,"MIDERA FOOD PROCESSING, INC.",,Etats-Unis,NASDAQ,USD,3.15,0.04,3.90,7.69,6.42,7.72,5.40,0,1,0,0,3.82,4.54,66.20,74.24,2,2,1,1,-0.83,1060737000.00,3.81,10.51,1.38
NTCT,NETSCOUT SYSTEMS INC.,,Etats-Unis,NASDAQ,USD,5.95,0.02,6.10,-7.61,13.61,3.85,2.03,0,0,0,0,0.89,14.03,32.06,828.08,6,6,0,0,-5.68,1649260000.00,11.11,1.79,1.43
NVMI,NOVA LTD.,,Etats-Unis,NASDAQ,USD,23.08,0.61,20.37,21.79,1.35,19.78,2.21,6,6,4,5,4.27,5.32,39.83,22.92,6,6,6,6,-0.98,1318248000.00,29.44,30.39,1.79
AKAM,AKAMAI TECHNOLOGIES INC.,,Etats-Unis,NASDAQ,USD,9.17,1.14,4.67,10.69,1.53,5.80,1.33,0,3,0,0,2.39,1.82,55.61,38.21,6,6,1,5,7.15,4977371000.00,10.74,5.07,2.31
MFIC,MIDCAP FINANCIAL INVESTMENT CORPORATION,,Etats-Unis,NASDAQ,USD,4.66,1.53,,8.23,3.58,,,,0,,0,,11.42,,60.58,0,6,,2,,1307261000.00,80.95,-23.44,2.54
NTSK,"NETSKOPE, INC.",,Etats-Unis,NASDAQ,USD,466.84,3.88,-135.62,269.93,278.48,-123.88,16.60,0,2,0,2,11.74,196.92,0.00,0.00,2,2,0,2,,194531000.00,-95.82,31.72,9.11
NTRS,NORTHERN TRUST CORPORATION,,Etats-Unis,NASDAQ,USD,13.49,1.08,,13.17,3.46,,,,3,,0,,1.96,,26.69,0,6,,5,,12957900000.00,21.48,9.26,13.67
AAON,AAON INC.,,Etats-Unis,NASDAQ,USD,12.51,0.47,10.67,20.51,7.51,17.87,6.87,5,6,2,3,4.73,5.91,56.20,54.36,6,6,6,6,2.79,894985000.00,7.46,11.09,1.88
NTRA,NATERA INC (COMMON STOCK) Â€“ TICKER 45E,,Etats-Unis,NASDAQ,USD,-14.32,0.13,-30.85,-30.95,24.52,-39.99,16.35,0,0,0,0,20.07,23.56,0.00,0.00,6,6,0,0,,1712413000.00,-9.03,45.95,1.40
NTNX,"NUTANIX, INC.",,Etats-Unis,NASDAQ,USD,-26.48,-2.14,13.31,8.22,31.15,-6.90,19.78,1,5,0,4,54.56,58.55,0.00,108.34,6,6,1,5,-2.96,-694520000.00,7.42,16.72,
ABNB,"AIRBNB, INC.",,Etats-Unis,NASDAQ,USD,30.23,0.25,27.40,44.00,22.38,21.86,8.02,5,4,3,4,66.47,111.62,66.06,56.71,6,6,5,4,-3.52,8199000000.00,20.51,11.10,2.71
NVCR,NOVOCURE LTD.,,Etats-Unis,NASDAQ,USD,-38.89,0.73,-30.43,-45.69,6.37,-32.35,4.87,0,0,0,0,11.28,16.24,928.88,1338.46,6,6,0,0,,340466000.00,-20.79,13.43,2.36
MEOH,METHANEX CORPORATION,,Etats-Unis,NASDAQ,USD,5.67,1.29,5.40,9.67,3.53,4.75,0.89,1,3,0,2,3.77,12.26,72.59,82.68,6,6,1,4,6.66,2726659000.00,4.03,-1.82,2.67
NVDA,NVIDIA CORPORATION,,Etats-Unis,NASDAQ,USD,101.49,0.07,126.16,104.04,14.04,126.89,29.42,6,6,5,5,44.21,40.30,62.33,60.00,6,6,6,6,-0.40,157293000000.00,55.60,88.27,1.31
KTOS,"KRATOS DEFENSE & SECURITY SOLUTIONS, INC.",,Etats-Unis,NASDAQ,USD,1.31,0.07,0.53,0.98,0.64,1.04,0.53,0,0,0,0,0.75,2.54,87.83,141.18,6,6,0,0,-14.97,1996300000.00,1.63,13.96,1.24
AAPL,APPLE INC.,,Etats-Unis,NASDAQ,USD,171.42,1.34,88.30,166.93,8.25,74.40,12.70,6,6,6,6,11.50,45.45,6.03,10.29,6,6,6,6,0.06,73733000000.00,26.92,4.20,4.87
NVAX,NOVAVAX INC.,,Etats-Unis,NASDAQ,USD,-117.16,-1.95,165.37,-2.83,102.46,-165.74,351.12,1,3,1,3,206.26,722.32,0.00,187.77,6,6,1,3,-0.88,-127753000.00,39.19,42.10,
NWS,NEWS CORPORATION CLASS B COMMON STOCK,,Etats-Unis,NASDAQ,USD,7.98,0.32,7.47,8.83,5.37,5.89,1.58,0,1,0,0,1.04,2.86,46.15,75.09,6,6,0,1,0.72,9236000000.00,8.23,-5.39,1.68
NWSA,NEWS CORPORATION,,Etats-Unis,NASDAQ,USD,7.98,0.32,7.47,8.83,5.37,5.89,1.58,0,1,0,0,1.04,2.86,46.15,75.09,6,6,0,1,0.72,9236000000.00,8.23,-5.39,1.68
AAL,AMERICAN AIRLINES GROUP INC.,,Etats-Unis,NASDAQ,USD,-2.88,-9.90,2.21,-12.08,8.16,4.63,2.17,0,2,0,2,14.29,11.75,65.36,114.24,6,6,0,2,18.51,-3727000000.00,0.20,1.73,
MELI,"MERCADOLIBRE, INC.",,Etats-Unis,NASDAQ,USD,35.99,1.69,26.35,42.60,8.01,27.36,10.30,4,4,2,4,9.93,24.49,30.89,30.12,6,6,4,4,0.69,6748000000.00,6.91,41.29,6.32
MGTX,MEIRAGTX HOLDINGS PLC,,Etats-Unis,NASDAQ,USD,-368.19,-15.31,-82.45,-192.45,157.09,-88.70,12.49,0,0,0,0,17.02,173.51,0.00,0.00,6,6,0,0,,-5793000.00,-140.31,140.97,
NYMT,NEW YORK MORTGAGE TRUST INC.,,Etats-Unis,NASDAQ,USD,-6.18,2.52,,-8.83,6.15,,,,0,,0,,7.47,,299.50,0,6,,0,,1411134000.00,-38.81,389.09,6.53
TRAX,"FIRST TRACKS BIOTHERAPEUTICS, INC.",,Etats-Unis,NASDAQ,USD,-40.85,0.04,,-33.37,10.57,,,,0,,0,,7.48,,0.00,0,2,,0,,391596000.00,,,1.13
LYFT,LYFT INC.,,Etats-Unis,NASDAQ,USD,140.77,0.39,-7.22,23.69,108.39,-30.75,26.01,0,1,0,1,38.60,67.05,0.00,0.00,6,6,0,1,,3273523000.00,45.03,19.76,2.76
TREE,LENDINGTREE INC.,,Etats-Unis,NASDAQ,USD,76.49,1.53,9.92,-11.01,78.11,5.61,4.55,0,2,0,1,1.66,34.76,11800.00,533.39,6,6,0,2,4.37,286797000.00,13.54,28.90,2.98
ALAB,ASTERA LABS INC COMMON STOCK (TICKER: 1ALAB),,Etats-Unis,NASDAQ,USD,18.82,0.00,16.28,9.43,25.31,-18.56,30.41,1,3,0,2,13.30,30.61,0.00,128.12,4,4,1,3,-6.83,1363634000.00,25.70,171.34,1.12
METC,"RAMACO RESOURCES, INC.",,Etats-Unis,NASDAQ,USD,-12.16,0.97,-7.33,5.05,18.29,3.22,11.01,3,3,1,3,12.97,17.17,123.75,127.26,6,6,3,3,,483566000.00,-9.59,-12.04,2.36
OAS,OASIS PETROLEUM INC,,Etats-Unis,NASDAQ,USD,290.31,1.51,32.11,-405.80,947.40,10.94,18.36,1,1,1,1,1.84,1461.70,0.00,0.00,3,3,1,1,0.40,269890000.00,20.23,-9.54,7.07
NEOG,NEOGEN CORPORATION,,Etats-Unis,NASDAQ,USD,-0.38,0.38,-0.52,-14.19,23.98,0.10,0.75,0,0,0,0,1.09,23.99,104.39,678.45,6,6,1,0,,2092900000.00,-0.91,-2.96,1.60
ABUS,ARBUTUS BIOPHARMA CORPORATION,,Etats-Unis,NASDAQ,USD,-38.52,0.01,-45.38,-55.76,15.56,-76.52,27.27,0,0,0,0,20.35,6.76,0.00,0.00,6,6,0,0,,76576000.00,-237.88,-11.89,1.24
KHC,THE KRAFT HEINZ COMPANY,,Etats-Unis,NASDAQ,USD,-12.84,0.51,4.44,-0.51,10.68,4.74,0.26,0,0,0,0,0.31,9.56,9.57,322.53,6,6,0,0,3.78,41789000000.00,-23.45,-3.24,1.96
TPG,TPG INC.,,Etats-Unis,NASDAQ,USD,15.52,0.44,,4.68,9.50,,,,3,,2,,9.06,,103.03,0,6,,3,,4136375000.00,18.61,33.14,3.26
NKTX,NKARTA INC.,,Etats-Unis,NASDAQ,USD,-28.90,0.24,,-32.42,3.78,,,,0,,0,,4.49,,0.00,0,6,,0,,312325000.00,,,1.29
OCFC,OCEANFIRST FINANCIAL CORP.,,Etats-Unis,NASDAQ,USD,4.22,0.95,,5.53,1.16,,,,0,,0,,1.59,,55.58,0,6,,0,,1662550000.00,17.74,0.20,8.76
LAUR,LAUREATE EDUCATION INC.,,Etats-Unis,NASDAQ,USD,26.43,0.43,18.41,23.31,9.70,15.79,2.76,3,3,0,2,8.68,22.99,0.00,39.80,6,6,4,4,0.86,1188760000.00,16.67,7.08,1.86
MERC,MERCER INTERNATIONAL INC.,,Etats-Unis,NASDAQ,USD,-200.02,23.89,-7.81,-82.95,101.74,-3.81,5.38,2,2,0,2,7.81,110.93,154.20,720.60,6,6,2,2,,68060000.00,-26.65,-3.21,29.99
MGNI,"MAGNITE, INC.",,Etats-Unis,NASDAQ,USD,17.11,0.68,7.63,-0.37,19.45,-0.11,11.62,0,1,0,0,6.14,10.46,0.00,213300.00,6,6,0,1,0.75,922350000.00,20.26,7.33,3.43
NXPI,NXP SEMICONDUCTORS N.V.,,Etats-Unis,NASDAQ,USD,20.70,1.17,13.52,27.33,6.55,17.95,4.24,5,5,2,5,9.14,14.67,44.11,46.99,6,6,5,5,2.11,10451000000.00,16.86,-3.87,2.54
KDP,KEURIG DR PEPPER INC.,,Etats-Unis,NASDAQ,USD,8.36,0.63,5.79,7.57,1.57,5.53,0.27,0,0,0,0,0.55,1.38,5.05,34.81,6,6,0,0,4.14,25516000000.00,12.52,5.87,2.17
MGNX,MACROGENICS INC.,,Etats-Unis,NASDAQ,USD,-86.95,0.66,-55.06,-47.65,40.44,-81.47,27.86,0,0,0,0,24.96,21.20,0.00,0.00,6,6,0,0,,55591000.00,-49.91,61.68,4.62
NXST,NEXSTAR MEDIA GROUP INC.,,Etats-Unis,NASDAQ,USD,3.83,3.09,5.38,14.76,13.48,6.02,2.09,0,4,0,4,2.26,19.04,52.93,88.57,6,6,0,5,7.06,2062000000.00,1.68,0.16,5.26
LAMR,LAMAR ADVERTISING COMPANY,,Etats-Unis,NASDAQ,USD,57.22,4.80,9.18,43.49,12.74,8.44,1.19,0,6,0,6,1.13,8.26,22.14,22.19,6,6,0,6,6.95,1024779000.00,26.17,3.61,6.76
NXT,NEXTRACKER INC.,,Etats-Unis,NASDAQ,USD,29.57,0.00,34.17,45.42,19.50,40.08,6.97,6,6,4,6,16.57,8.61,73.04,56.00,6,6,6,6,-1.57,2334397000.00,16.46,19.33,1.74
MYGN,MYRIAD GENETICS INC.,,Etats-Unis,NASDAQ,USD,-68.45,0.57,-8.44,-39.05,26.46,-10.13,2.69,0,0,0,0,1.03,29.17,0.00,0.00,6,6,0,0,,368000000.00,-44.38,4.63,1.92
TOWN,TOWNEBANK,,Etats-Unis,NASDAQ,USD,7.45,0.14,,7.68,0.21,,,,1,,0,,1.02,,38.73,0,6,,2,,2429009000.00,20.49,9.52,8.11
MRX,MAREX GROUP PLC,,Etats-Unis,NASDAQ,USD,27.47,8.10,18.79,23.93,4.10,13.92,10.03,3,4,1,2,12.28,5.65,84.53,0.00,5,5,3,5,3.21,1263600000.00,8.48,24.22,27.44
PCTY,PAYLOCITY HOLDING CORPORATION,,Etats-Unis,NASDAQ,USD,21.97,0.11,22.71,21.35,1.14,24.49,2.35,6,6,4,3,7.52,3.31,16.35,9.07,6,6,6,6,-0.36,1221417000.00,15.23,12.38,4.00
LFTO,"LIFTOFF MOBILE, INC.",,Etats-Unis,NASDAQ,USD,2.43,-1.91,9.51,2.43,,9.51,,0,0,0,0,,,,,1,1,0,0,10.08,-951488000.00,-3.38,,
MRVL,"MARVELL TECHNOLOGY, INC.",,Etats-Unis,NASDAQ,USD,19.25,0.33,-3.21,2.29,14.69,-2.23,0.85,0,1,0,0,0.89,2.29,369.75,0.00,6,6,0,1,-0.36,14308400000.00,32.58,21.98,1.56
MRVI,MARAVAI LIFESCIENCES HOLDINGS INC.,,Etats-Unis,NASDAQ,USD,-48.59,0.98,-24.63,-34.30,16.44,-13.77,10.33,3,3,2,3,19.93,53.32,142.83,136.25,6,6,3,3,,372711000.00,-124.24,-19.82,2.07
ACGL,ARCH CAPITAL GROUP LTD,,Etats-Unis,NASDAQ,USD,19.54,0.11,6.68,23.32,4.58,6.51,0.25,0,4,0,2,0.17,5.85,0.00,31.22,2,6,0,6,-1.72,24206000000.00,22.79,20.49,3.27
PCVX,"VAXCYTE, INC.",,Etats-Unis,NASDAQ,USD,-25.59,0.04,,-27.56,8.31,,,,0,,0,,6.45,,0.00,0,6,,0,,2685510000.00,,,1.12
PRDO,PERDOCEO EDUCATION CORPORATION,,Etats-Unis,NASDAQ,USD,16.55,0.12,26.07,17.26,1.37,28.24,3.38,6,6,6,1,4.52,2.11,48.43,37.67,6,6,6,6,-2.23,972412000.00,18.90,9.16,1.28
LFUS,LITTELFUSE INC.,,Etats-Unis,NASDAQ,USD,-2.96,0.37,7.91,4.06,7.01,7.86,1.94,2,2,0,0,2.22,7.94,63.80,116.27,6,6,2,3,0.90,2426034000.00,-3.00,0.50,1.63
PDFS,PDF SOLUTIONS INC.,,Etats-Unis,NASDAQ,USD,-0.25,0.27,1.28,0.96,1.06,0.55,0.68,0,0,0,0,7.29,10.62,0.00,114.62,6,6,0,0,5.23,271022000.00,-0.29,14.92,1.54
ACHC,"ACADIA HEALTHCARE COMPANY, INC.",,Etats-Unis,NASDAQ,USD,-40.96,1.24,5.56,-10.93,26.41,7.38,1.58,0,0,0,0,1.40,34.62,34.28,501.18,6,6,0,1,6.47,2140552000.00,-32.96,6.35,2.58
LILAK,LIBERTY LATIN AMERICA LTD.,,Etats-Unis,NASDAQ,USD,-41.22,7.87,5.19,-25.56,19.61,4.30,0.81,0,0,0,0,1.08,14.32,14.25,0.00,6,6,0,0,10.55,1063500000.00,-12.48,-0.77,11.50
MBLY,MOBILEYE GLOBAL INC.,,Etats-Unis,NASDAQ,USD,-3.27,0.00,-3.12,-8.78,12.31,-2.16,1.74,0,0,0,0,2.06,12.77,0.00,0.00,6,6,0,0,,11881000000.00,-20.70,-4.55,1.05
PECO,"PHILLIPS EDISON & COMPANY, INC.",,Etats-Unis,NASDAQ,USD,4.71,0.96,2.98,3.26,1.26,2.71,0.26,0,0,0,0,0.51,1.46,0.00,0.00,6,6,0,0,12.52,2589378000.00,16.92,9.13,2.04
PRAX,PRAXIS PRECISION MEDICINES INC.,,Etats-Unis,NASDAQ,USD,-45.83,0.00,,-95.31,65.15,-179.93,91.19,0,0,0,0,64.48,69.99,0.00,0.00,2,6,0,0,,878136000.00,,,1.07
KRNY,KEARNY FINANCIAL CORP.,,Etats-Unis,NASDAQ,USD,4.79,1.50,,-0.80,8.58,,,,0,,0,,8.91,,253.23,0,6,,0,,766670000.00,20.36,12.55,10.02
PEGA,PEGASYSTEMS INC.,,Etats-Unis,NASDAQ,USD,57.32,0.10,36.91,35.47,19.23,21.76,13.32,2,3,1,3,12.96,77.07,0.00,24.52,6,6,3,3,-1.23,787381000.00,22.54,10.39,2.07
MNRO,"MONRO, INC.",,Etats-Unis,NASDAQ,USD,0.36,0.82,1.21,1.70,3.39,1.92,1.64,0,0,0,0,2.12,4.24,85.06,110.09,6,6,0,0,23.53,591473000.00,0.19,-4.80,2.65
PENG,"PENGUIN SOLUTIONS, INC.",,Etats-Unis,NASDAQ,USD,5.72,0.86,8.35,-23.76,34.10,6.20,3.28,1,1,0,0,4.02,38.38,80.64,410.68,6,6,1,1,-5.16,608227000.00,2.11,-2.55,2.66
PENN,"PENN ENTERTAINMENT, INC.",,Etats-Unis,NASDAQ,USD,-36.08,6.17,1.48,-20.29,13.83,1.29,0.49,0,1,0,0,0.51,15.58,88.08,389.80,6,6,0,1,38.96,1827500000.00,-12.14,4.59,7.81
MNST,MONSTER BEVERAGE CORPORATION,,Etats-Unis,NASDAQ,USD,26.81,0.00,33.17,23.15,3.17,31.55,3.55,6,6,6,5,4.65,2.97,46.05,35.81,6,6,6,6,-1.14,8254108000.00,22.97,7.78,1.21
LFST,"LIFESTANCE HEALTH GROUP, INC.",,Etats-Unis,NASDAQ,USD,0.65,0.31,1.05,-5.33,6.74,-2.54,4.35,0,0,0,0,6.15,9.87,1931.08,4432.73,6,6,0,0,9.35,1521015000.00,0.68,16.15,1.45
ADP,AUTOMATIC DATA PROCESSING INC.,,Etats-Unis,NASDAQ,USD,72.24,0.87,44.24,80.46,11.14,40.43,9.25,6,6,6,6,4.93,16.98,6.19,28.71,6,6,6,6,0.18,6031200000.00,20.11,9.88,10.48
PCAR,PACCAR INC.,,Etats-Unis,NASDAQ,USD,12.92,0.81,8.38,23.18,9.50,14.59,6.18,3,6,1,3,3.81,6.82,59.59,59.22,6,6,3,6,2.07,19264000000.00,8.35,-10.01,2.30
PRLD,PRELUDE THERAPEUTICS INCORPORATED,,Etats-Unis,NASDAQ,USD,-99.45,0.26,-128.76,-74.93,22.16,-115.51,18.74,0,0,0,0,13.25,29.09,0.00,0.00,2,6,0,0,,68637000.00,-819.59,,2.06
MSFT,MICROSOFT CORP.,,Etats-Unis,NASDAQ,USD,34.04,0.13,28.14,34.82,2.04,31.81,4.14,6,6,6,6,8.11,3.57,42.09,29.42,6,6,6,6,-0.26,442387000000.00,40.31,16.35,1.71
MLYS,"MINERALYS THERAPEUTICS, INC.",,Etats-Unis,NASDAQ,USD,-36.91,0.00,,-65.09,24.60,,,,3,,3,,88.58,,156.19,0,6,,3,,646693000.00,,,1.02
ADTN,"ADTRAN HOLDINGS, INC.",,Etats-Unis,NASDAQ,USD,-6.78,0.47,-1.73,-28.43,25.42,-6.95,4.53,0,0,0,0,4.50,31.62,0.00,8915.63,6,6,0,0,,519158000.00,-3.34,-2.88,2.32
PAL,"PROFICIENT AUTO LOGISTICS, INC.",,Etats-Unis,NASDAQ,USD,-11.09,0.28,-1.30,-11.09,,-1.30,,0,0,0,0,,,,,1,1,0,0,,311390471.00,-8.37,,1.53
MMSI,"MERIT MEDICAL SYSTEMS, INC.",,Etats-Unis,NASDAQ,USD,8.67,0.52,6.57,8.68,0.64,6.55,0.47,0,0,0,0,2.84,5.12,13.41,7.07,6,6,0,0,2.02,1584303000.00,8.48,9.80,1.70
REG,REGENCY CENTERS CORPORATION,,Etats-Unis,NASDAQ,USD,7.68,0.74,3.52,6.35,1.16,3.26,0.23,0,0,0,0,0.72,2.98,7.99,30.10,6,6,0,0,8.98,7181606000.00,34.82,8.38,1.81
PANW,"PALO ALTO NETWORKS, INC.",,Etats-Unis,NASDAQ,USD,17.45,0.04,5.63,45.62,28.54,4.01,1.50,0,3,0,2,4.78,43.18,0.00,76.58,6,6,0,3,-2.06,7824400000.00,12.30,15.67,3.01
ADSK,"AUTODESK, INC.",,Etats-Unis,NASDAQ,USD,39.68,0.90,28.96,49.36,13.70,28.15,1.15,5,4,5,4,1.37,655.98,6.93,67.01,5,5,5,4,0.08,3045000000.00,15.60,17.53,4.09
MRNA,"MODERNA, INC.",,Etats-Unis,NASDAQ,USD,-28.87,0.15,-45.44,-28.74,0.14,-43.30,5.90,2,2,2,2,7.04,0.31,119.84,119.76,6,6,2,2,,8650000000.00,-146.83,-46.65,1.43
TIGO,MILLICOM INTERNATIONAL CELLULAR S.A.,,Etats-Unis,NASDAQ,USD,37.86,2.62,10.26,12.86,22.84,7.17,3.07,0,2,0,2,1.76,15.11,14.14,132.01,6,6,1,2,5.27,3620000000.00,23.41,1.39,4.77
PAX,PATRIA INVESTMENTS LTD. - CLASS A,,Etats-Unis,NASDAQ,USD,16.11,0.31,13.68,18.14,4.55,18.46,4.21,6,6,5,3,5.01,4.35,92.34,85.72,6,6,6,6,0.39,633419000.00,23.72,7.94,2.36
TGHL,THE GROWHUB LIMITED,,Etats-Unis,NASDAQ,USD,743.57,-1.07,-612.26,307.61,378.06,-232.59,328.80,0,4,0,4,402.49,19.97,0.00,10.33,4,4,0,4,,-2956318.00,-20715.61,-19.63,
MNDY,MONDAY.COM LTD.,,Etats-Unis,NASDAQ,USD,10.43,0.14,-7.84,4.56,5.42,-11.47,3.19,0,1,0,1,331.01,34.02,0.00,176.09,6,6,0,2,,1246836000.00,9.64,29.94,1.69
PAYX,PAYCHEX INC.,,Etats-Unis,NASDAQ,USD,44.77,1.23,22.15,44.31,2.31,31.56,12.56,6,6,6,6,11.49,5.22,52.23,11.72,6,6,6,6,1.39,3735100000.00,27.03,11.07,4.33
KRYS,KRYSTAL BIOTECH INC.,,Etats-Unis,NASDAQ,USD,18.91,0.01,18.25,10.31,8.62,0.59,27.28,2,1,0,0,45.18,13.90,0.00,0.00,3,6,2,2,-5.07,1219560000.00,52.64,177.04,1.09
MNMD,"DEFINIUM THERAPEUTICS, INC.",,Etats-Unis,NASDAQ,USD,-64.06,0.12,,-71.89,10.33,,,,0,,0,,13.66,,0.00,0,6,,0,,332327000.00,,,1.32
ADPT,ADAPTIVE BIOTECHNOLOGIES CORPORATION,,Etats-Unis,NASDAQ,USD,-27.82,0.35,-22.16,-49.55,18.93,-39.81,15.29,0,0,0,0,11.66,21.60,0.00,0.00,6,6,0,0,,225001000.00,-21.47,27.54,2.28
PACB,"PACIFIC BIOSCIENCES OF CALIFORNIA, INC.",,Etats-Unis,NASDAQ,USD,-213.45,131.32,-73.77,-104.43,94.43,-43.22,26.47,0,0,0,0,28.59,95.85,0.00,2536.64,6,6,0,0,,5349000.00,-341.47,-10.67,146.58
LGO,LARGO INC.,,Etats-Unis,NASDAQ,USD,-44.67,0.78,-14.14,-26.85,16.47,-11.48,4.94,1,0,0,0,11.91,24.38,179.55,607.61,6,6,2,0,,136536000.00,-62.55,-25.63,2.33
PEP,"PEPSICO, INC.",,Etats-Unis,NASDAQ,USD,42.85,2.43,15.30,48.71,5.12,15.37,0.12,6,6,0,6,1.82,5.32,1.35,20.23,6,6,6,6,2.99,20547000000.00,8.83,1.33,5.23
ADBE,ADOBE INC.,,Etats-Unis,NASDAQ,USD,55.43,0.57,67.80,42.42,11.28,57.53,9.37,6,6,6,6,8.95,1.93,4.22,16.87,6,6,6,6,-0.62,11623000000.00,30.00,10.66,2.54
ACRS,"ACLARIS THERAPEUTICS, INC.",,Etats-Unis,NASDAQ,USD,-50.20,0.00,-76.47,-61.51,19.87,-69.32,22.32,0,0,0,0,33.59,43.81,0.00,0.00,6,6,0,0,,103082000.00,-829.58,-49.96,1.56
PNFP,PINNACLE FINANCIAL PARTNERS INC.,,Etats-Unis,NASDAQ,USD,9.53,0.31,,8.96,1.16,,,,0,,0,,2.21,,26.45,0,6,,2,,7043715000.00,35.83,13.80,8.19
PHVS,PHARVARIS N.V.,,Etats-Unis,NASDAQ,USD,-65.19,0.00,,-48.07,14.92,,,,0,,0,,15.00,,0.00,0,6,,0,,271274334.00,,,1.11
PI,"IMPINJ, INC.",,Etats-Unis,NASDAQ,USD,-6.04,1.45,-0.17,-45.36,114.59,-6.36,9.39,0,1,0,1,15.47,580.59,0.00,113.61,6,6,0,1,,209231000.00,-3.00,8.35,2.61
PICS,PICS N.V.,,Etats-Unis,NASDAQ,USD,40.38,0.22,,27.33,18.46,,,,2,,1,,13.06,,0.00,0,2,,2,,3889914000.00,18.17,64.96,10.79
LIF,"LIFE360, INC.",,Etats-Unis,NASDAQ,USD,33.27,0.57,1.22,6.77,23.48,-4.53,6.69,0,1,0,1,21.32,17.79,0.00,0.00,6,6,0,1,-9.69,548182000.00,30.81,26.78,1.75
LULU,LULULEMON ATHLETICA INC.,,Etats-Unis,NASDAQ,USD,34.01,0.36,32.62,39.48,4.74,40.62,6.93,6,6,6,6,8.55,8.09,27.20,21.14,6,6,6,6,0.00,4961840000.00,14.22,7.43,1.70
MAT,MATTEL INC.,,Etats-Unis,NASDAQ,USD,17.68,1.20,9.90,17.47,7.18,10.55,2.59,2,5,0,4,2.60,6.54,39.80,87.71,6,6,3,6,2.64,2233048000.00,7.43,-0.86,2.97
PLXS,PLEXUS CORP.,,Etats-Unis,NASDAQ,USD,12.44,0.11,15.77,11.10,1.99,14.51,1.29,6,5,0,0,1.29,1.99,28.12,36.39,6,6,6,5,-2.15,1454588000.00,4.29,-2.13,2.16
PLTR,PALANTIR TECHNOLOGIES INC.,,Etats-Unis,NASDAQ,USD,25.98,0.03,30.61,14.60,10.04,11.39,16.82,1,1,1,1,46.87,44.47,0.00,0.00,6,6,1,2,-4.91,7488011000.00,36.52,41.82,1.19
PLTK,PLAYTIKA HOLDING CORP,,Etats-Unis,NASDAQ,USD,76.09,-6.15,-0.78,-25.13,89.16,10.65,10.72,5,1,4,1,15.11,26.81,101.83,0.00,6,6,5,1,1316.77,-411400000.00,-7.49,3.60,
PLAB,PHOTRONICS INC.,,Etats-Unis,NASDAQ,USD,12.36,0.00,18.14,14.26,2.49,18.67,2.49,4,4,1,0,8.61,5.73,22.87,28.88,6,6,4,4,-5.16,1597307000.00,22.40,-2.43,1.13
LIVN,LIVANOVA PLC,,Etats-Unis,NASDAQ,USD,-19.24,0.36,8.93,-4.32,13.04,4.26,4.49,0,0,0,0,2.44,14.23,100.94,495.07,6,6,0,0,-1.01,1199987000.00,-17.47,9.69,2.17
LKQ,LKQ CORPORATION,,Etats-Unis,NASDAQ,USD,9.66,0.77,6.39,12.36,3.32,7.70,1.41,0,3,0,1,1.43,3.06,39.55,52.53,6,6,2,5,4.36,6561000000.00,4.45,-0.78,2.31
KPTI,KARYOPHARM THERAPEUTICS INC.,,Etats-Unis,NASDAQ,USD,81.86,-0.80,-207.19,105.51,72.84,-145.75,58.90,0,5,0,5,68.97,307.54,0.00,94.43,6,6,0,5,,-292926000.00,-134.21,0.01,
PLAY,DAVE & BUSTER'S ENTERTAINMENT INC.,,Etats-Unis,NASDAQ,USD,-41.10,34.71,2.11,8.88,43.51,5.08,2.74,0,4,0,4,9.10,106.74,74.24,181.05,6,6,0,4,29.96,91200000.00,-2.32,-2.35,45.14
MATW,MATTHEWS INTERNATIONAL CORPORATION,,Etats-Unis,NASDAQ,USD,-5.33,1.59,0.95,-3.33,10.21,2.06,2.59,0,0,0,0,0.69,6.37,95.62,3963.04,6,6,0,0,36.02,480942000.00,-1.63,-10.77,3.52
TMUS,"T-MOBILE US, INC.",,Etats-Unis,NASDAQ,USD,18.18,2.07,7.25,16.16,3.28,6.69,0.95,0,3,0,0,1.32,4.25,0.00,20.47,6,6,0,3,6.29,59203000000.00,12.45,6.02,3.70
PHAT,PHATHOM PHARMACEUTICALS INC.,,Etats-Unis,NASDAQ,USD,63.97,-0.48,-119.07,180.69,106.70,-117.45,14.67,0,4,0,4,12.18,186.27,0.00,99.57,3,6,0,4,,-438169000.00,-126.35,1502.37,
PGNY,PROGYNY INC.,,Etats-Unis,NASDAQ,USD,12.48,0.05,19.11,12.32,1.11,17.67,4.23,4,4,2,2,6.63,2.15,52.94,69.25,6,6,4,5,-3.31,516044000.00,4.54,8.80,1.44
PODD,INSULET CORPORATION,,Etats-Unis,NASDAQ,USD,18.12,0.63,24.66,31.76,12.62,19.07,4.86,3,3,1,2,8.91,8.92,83.20,69.31,6,6,4,3,-1.02,1515300000.00,9.12,26.32,2.11
ACIW,"ACI WORLDWIDE, INC.",,Etats-Unis,NASDAQ,USD,15.40,0.56,10.18,13.28,3.16,9.21,1.71,0,2,0,0,1.64,3.03,8.05,17.24,6,6,2,4,1.98,1519078000.00,12.88,10.07,2.04
PEPG,PEPGEN INC.,,Etats-Unis,NASDAQ,USD,-67.39,0.12,,-67.08,12.34,,,,0,,0,,20.36,,0.00,0,6,,0,,147444000.00,,,1.18
PPLI,PEOPLE INCORPORATED,,Etats-Unis,NASDAQ,USD,-2.12,0.30,0.84,-2.12,,0.84,,0,0,0,0,,,,,1,1,0,0,4.23,4789023000.00,-4.24,,1.49
MRCY,MERCURY SYSTEMS INC.,,Etats-Unis,NASDAQ,USD,-2.00,0.33,-0.01,-4.54,3.92,-1.67,2.42,0,0,0,0,2.50,4.14,198.45,316.75,6,6,0,0,36.48,1497458000.00,-3.02,8.52,1.55
MQ,"MARQETA, INC.",,Etats-Unis,NASDAQ,USD,-1.51,0.02,-7.36,-5.20,9.91,-13.89,14.78,0,0,0,0,6.03,2.64,0.00,164.53,6,6,0,0,,761957000.00,-2.23,-3.87,2.00
MPWR,"MONOLITHIC POWER SYSTEMS, INC.",,Etats-Unis,NASDAQ,USD,18.61,0.01,30.37,36.79,27.79,31.85,6.33,6,6,6,4,5.91,3.85,51.29,72.94,6,6,6,6,-3.21,3531497000.00,22.27,23.79,1.19
PPC,PILGRIM'S PRIDE CORPORATION,,Etats-Unis,NASDAQ,USD,27.26,0.91,16.75,22.09,10.15,13.57,6.08,3,3,0,3,6.20,14.27,50.00,67.21,6,6,3,4,1.65,3693731000.00,5.86,3.22,2.80
POWL,POWELL INDUSTRIES INC.,,Etats-Unis,NASDAQ,USD,32.17,0.00,53.76,28.45,10.13,44.78,18.91,3,3,3,2,12.89,8.12,96.51,96.13,6,6,4,3,-2.18,640770000.00,16.37,25.66,1.73
MRLN,"MERLIN, INC.",,Etats-Unis,NASDAQ,USD,52.72,-0.28,-169.59,-40.26,118.56,-168.70,1.25,0,3,0,3,0.89,138.77,0.00,912.01,2,5,0,3,,-131522000.00,-4495.77,-89.04,
MANH,MANHATTAN ASSOCIATES INC.,,Etats-Unis,NASDAQ,USD,71.66,0.18,115.64,72.41,2.93,120.61,5.12,6,6,6,6,27.06,16.07,8.13,5.26,6,6,6,6,-0.96,314765000.00,20.34,7.91,2.67
MPLT,"MAPLIGHT THERAPEUTICS, INC.",,Etats-Unis,NASDAQ,USD,-35.16,0.01,,-35.16,,,,,0,,0,,,,,0,1,,0,,458372000.00,,,1.05
PFG,"PRINCIPAL FINANCIAL GROUP, INC.",,Etats-Unis,NASDAQ,USD,10.52,0.32,,10.28,3.93,,,,2,,1,,2.46,,82.61,0,6,,3,,12391300000.00,8.03,6.93,27.55
PFHC,PROFRAC HOLDING CORP.,,Etats-Unis,NASDAQ,USD,-155492.86,5385.11,-1.24,-155492.86,,-7.35,8.64,0,0,0,0,6.11,,0.00,,2,1,0,0,,56000.00,-5.67,40.29,11867.32
POOL,POOL CORPORATION,,Etats-Unis,NASDAQ,USD,33.06,1.30,15.97,35.91,4.48,17.65,1.86,6,6,3,6,6.38,13.80,52.67,56.53,6,6,6,6,2.46,1185229000.00,7.68,-2.30,3.06
ADI,"ANALOG DEVICES, INC.",,Etats-Unis,NASDAQ,USD,6.57,0.26,5.95,6.80,2.30,5.76,1.78,0,0,0,0,1.85,1.60,47.64,54.57,6,6,0,1,0.84,33815755000.00,20.58,-5.37,1.42
MAR,MARRIOTT INTERNATIONAL INC. - CLASS A,,Etats-Unis,NASDAQ,USD,-76.92,-4.53,16.02,-1871.66,3063.34,16.49,1.42,4,2,0,2,8.80,3082.82,15.04,2373.17,6,6,4,2,4.04,-3771000000.00,9.93,5.09,
MORN,"MORNINGSTAR, INC.",,Etats-Unis,NASDAQ,USD,26.35,1.03,17.69,20.86,8.45,13.49,4.97,2,4,0,2,3.52,6.80,52.44,69.41,6,6,4,5,1.45,1221900000.00,15.30,9.53,2.94
ADEA,ADEIA INC.,,Etats-Unis,NASDAQ,USD,25.33,0.89,17.51,20.99,4.11,13.73,3.27,2,3,0,2,3.79,30.65,48.75,467.00,6,6,3,3,1.46,480541000.00,25.05,6.79,2.16
PGEN,PRECIGEN INC.,,Etats-Unis,NASDAQ,USD,-843.57,4.70,-135.00,-360.91,420.02,-106.25,31.96,0,1,0,1,57.92,416.30,0.00,3580.07,6,6,0,1,,20911000.00,-2588.21,24.73,7.44
POWI,POWER INTEGRATIONS INC.,,Etats-Unis,NASDAQ,USD,3.11,0.00,1.62,4.93,2.21,3.42,2.16,3,2,2,1,6.84,3.63,95.18,84.82,6,6,3,2,-24.48,672845000.00,4.98,-0.12,1.15
NCMI,"NATIONAL CINEMEDIA, INC.",,Etats-Unis,NASDAQ,USD,-2.70,0.06,-2.79,-1577.12,2724.75,-3.51,0.67,0,3,0,2,2.58,2730.79,381.51,10145.49,6,6,0,3,,375400000.00,-4.36,21.33,1.31
MKSI,MKS INSTRUMENTS INC.,,Etats-Unis,NASDAQ,USD,11.70,1.64,6.25,-11.10,36.28,4.62,1.55,2,2,1,1,2.78,36.59,84.78,352.10,6,6,2,3,6.65,2719000000.00,7.50,4.18,3.24
KLIC,"KULICKE & SOFFA INDUSTRIES, INC.",,Etats-Unis,NASDAQ,USD,0.02,0.05,-8.28,-0.56,5.69,-5.09,7.37,2,2,2,2,12.85,7.92,115.98,116.43,6,6,2,2,,821491000.00,0.03,-6.14,1.34
OLED,UNIVERSAL DISPLAY CORPORATION,,Etats-Unis,NASDAQ,USD,14.33,0.01,14.56,14.58,0.30,15.14,1.33,6,6,3,0,4.57,0.30,53.82,21.74,6,6,6,6,-2.90,1761019000.00,37.21,6.24,1.12
MKTX,MARKETAXESS HOLDINGS INC.,,Etats-Unis,NASDAQ,USD,19.39,0.25,22.35,20.53,1.18,25.12,2.41,6,6,6,5,5.02,2.34,51.85,38.15,6,6,6,6,-0.69,1158259000.00,29.18,6.04,1.67
OLMA,OLEMA PHARMACEUTICALS INC.,,Etats-Unis,NASDAQ,USD,-36.61,0.01,,-39.50,3.13,,,,0,,0,,4.40,,0.00,0,6,,0,,478559000.00,,,1.11
KLRA,"KAILERA THERAPEUTICS, INC.",,Etats-Unis,NASDAQ,USD,51.79,-0.03,,51.79,,,,,1,,1,,,,,0,1,,1,,-356458000.00,,,
KLXE,"KLX ENERGY SERVICES HOLDINGS, INC.",,Etats-Unis,NASDAQ,USD,182.05,-4.29,-9.17,-8.52,317.09,0.33,12.82,1,2,0,2,13.57,216.65,161.46,324.34,6,6,1,2,,-74200000.00,-12.11,-15.35,
LSTR,LANDSTAR SYSTEM INC.,,Etats-Unis,NASDAQ,USD,13.01,0.17,18.16,20.43,7.63,23.67,5.90,6,6,5,5,6.98,9.81,57.38,73.59,6,6,6,6,-1.87,795665000.00,2.42,-5.42,2.06
LINE,"LINEAGE, INC.",,Etats-Unis,NASDAQ,USD,-1.19,0.86,1.05,-4.11,4.72,1.53,0.52,0,0,0,0,0.35,5.78,49.52,0.00,5,5,0,0,31.44,9243000000.00,-2.11,0.12,2.08
AEVA,"AEVA TECHNOLOGIES, INC.",,Etats-Unis,NASDAQ,USD,-258.38,7.75,-152.33,-134.92,108.72,-121.47,36.59,0,0,0,0,37.56,108.26,0.00,0.00,6,6,0,0,,13215000.00,-804.40,104.76,13.60
OMCL,OMNICELL INC.,,Etats-Unis,NASDAQ,USD,0.17,0.17,0.32,-0.19,1.43,-0.72,1.55,0,0,0,0,1.56,1.51,134.67,123.91,6,6,0,0,-39.41,1231814000.00,0.17,1.63,1.60
QURE,UNIQURE N.V.,,Etats-Unis,NASDAQ,USD,-207.10,0.32,-47.78,-178.60,78.11,-53.30,9.82,1,1,1,1,11.97,125.30,167.16,403.77,6,6,1,1,,198901000.00,-1236.00,0.80,4.15
KMB,KIMBERLY-CLARK CORPORATION,,Etats-Unis,NASDAQ,USD,157.31,4.48,16.56,203.08,47.63,21.17,4.86,6,6,3,6,2.21,54.32,36.91,42.95,6,6,6,6,2.77,1630000000.00,12.46,-10.28,10.49
OMDA,"OMADA HEALTH, INC.",,Etats-Unis,NASDAQ,USD,-8.68,0.00,-15.85,-44.86,31.78,-51.83,33.28,0,0,0,0,23.38,10.61,0.00,0.00,3,3,0,0,,229680000.00,-4.91,45.58,1.33
MYRG,MYR GROUP INC.,,Etats-Unis,NASDAQ,USD,18.78,0.16,14.56,12.88,7.21,9.82,5.63,3,5,0,0,4.71,6.07,75.17,73.01,6,6,5,5,-0.29,660423000.00,3.24,0.19,2.49
ON,ON SEMICONDUCTOR CORPORATION,,Etats-Unis,NASDAQ,USD,1.50,0.39,5.97,17.22,14.93,15.70,9.74,4,4,2,3,9.01,14.78,80.62,95.74,6,6,4,4,0.61,7691900000.00,2.06,-14.77,1.63
ONB,OLD NATIONAL BANCORP,,Etats-Unis,NASDAQ,USD,9.02,0.83,,9.66,1.07,,,,0,,0,,0.90,,17.17,0,6,,2,,8494788000.00,26.51,17.24,8.49
QRVO,QORVO INC.,,Etats-Unis,NASDAQ,USD,10.06,0.46,10.28,3.26,6.14,6.56,3.30,2,2,0,1,3.90,5.84,85.22,108.40,6,6,3,3,0.67,3344299000.00,9.22,-1.21,1.74
QNST,QUINSTREET INC.,,Etats-Unis,NASDAQ,USD,28.65,0.24,9.51,5.55,21.56,0.42,10.31,0,1,0,1,8.12,17.54,327.43,434.59,6,6,0,1,-1.43,323092000.00,6.28,45.21,2.23
QLYS,"QUALYS, INC.",,Etats-Unis,NASDAQ,USD,38.20,0.09,53.13,41.81,4.01,56.45,5.03,6,6,6,5,16.87,12.10,15.21,25.49,6,6,6,6,-1.77,561153000.00,29.64,9.85,1.95
REAL,"THE REALREAL, INC.",,Etats-Unis,NASDAQ,USD,10.16,-1.11,-21.50,39.70,30.56,-38.39,16.89,0,3,0,3,1.01,134.96,0.00,97.49,6,6,0,4,,-415518000.00,-6.03,12.31,
OKTA,OKTA INC.,,Etats-Unis,NASDAQ,USD,3.51,0.06,0.84,-0.76,4.99,-3.26,4.62,0,0,0,0,4.42,18.61,0.00,0.00,6,6,0,0,-19.54,6999000000.00,8.05,13.57,1.39
RARE,ULTRAGENYX PHARMACEUTICAL INC.,,Etats-Unis,NASDAQ,USD,-607.51,-0.49,-72.12,-337.48,234.03,-69.96,1.89,0,0,0,0,3.88,266.24,0.00,0.00,6,6,0,0,,-73000000.00,-85.44,24.49,
MEDP,MEDPACE HOLDINGS INC.,,Etats-Unis,NASDAQ,USD,70.23,0.25,109.32,62.83,6.45,77.94,29.59,6,6,6,5,17.85,23.87,0.00,2.36,6,6,6,6,-0.72,459071000.00,17.83,15.83,4.30
LZ,"LEGALZOOM.COM, INC.",,Etats-Unis,NASDAQ,USD,11.64,0.08,2.60,14.49,7.37,12.51,12.15,2,2,2,2,64.70,23.58,165.13,146.58,6,6,2,3,-17.74,171882000.00,2.04,6.97,2.98
ODFL,"OLD DOMINION FREIGHT LINE, INC.",,Etats-Unis,NASDAQ,USD,23.93,0.01,20.48,27.72,3.71,24.06,3.55,6,6,6,6,4.61,5.65,40.45,36.29,6,6,6,6,-0.06,4311057000.00,18.63,-3.20,1.27
LCID,"LUCID GROUP, INC.",,Etats-Unis,NASDAQ,USD,-117.56,4.46,-66.14,-80.42,32.17,-64.29,4.39,0,1,0,1,7.23,85.56,0.00,465.10,6,6,0,1,,717287000.00,-199.30,50.81,11.69
MIDD,THE MIDDLEBY CORPORATION,,Etats-Unis,NASDAQ,USD,-8.66,0.79,8.11,5.68,12.43,8.81,0.69,0,4,0,1,1.45,12.50,14.45,139.63,6,6,0,5,3.35,2776229000.00,-8.68,-10.95,2.27
LSCC,LATTICE SEMICONDUCTOR CORPORATION,,Etats-Unis,NASDAQ,USD,0.43,0.06,1.56,17.69,23.10,11.99,13.45,3,4,2,3,8.78,12.13,94.84,99.02,6,6,4,4,-6.01,714054000.00,0.59,-15.75,1.24
AGNC,AGNC INVESTMENT CORP.,,Etats-Unis,NASDAQ,USD,15.08,0.00,,8.86,6.61,,,,1,,0,,10.99,,287.02,0,6,,1,,12393000000.00,92.93,167.57,9.29
LPLA,LPL FINANCIAL HOLDINGS INC.,,Etats-Unis,NASDAQ,USD,20.86,1.40,10.94,37.78,15.18,16.93,5.88,5,6,2,6,3.35,11.71,51.81,58.46,6,6,6,6,3.42,5344485000.00,5.08,30.00,3.46
NBIX,NEUROCRINE BIOSCIENCES INC.,,Etats-Unis,NASDAQ,USD,16.38,0.13,15.92,14.41,1.86,18.13,2.63,6,4,2,1,1.49,4.13,49.83,80.18,6,6,6,5,-1.67,3253100000.00,16.73,23.12,1.42
NBIS,NEBIUS GROUP N.V.,,Etats-Unis,NASDAQ,USD,2.10,1.08,-12.77,-3.70,13.78,-7.37,10.09,0,1,0,0,9.58,14.61,418.97,224.63,6,6,0,1,,4594000000.00,15.57,-75.79,2.71
MIST,MILESTONE PHARMACEUTICALS INC.,,Etats-Unis,NASDAQ,USD,-229.65,1.40,-116.06,-216.94,67.87,-129.07,18.40,0,0,0,0,24.61,125.41,0.00,0.00,4,6,0,0,,41769000.00,-4078.78,24.34,2.72
LOGI,LOGITECH INTERNATIONAL S.A.,,Etats-Unis,NASDAQ,USD,32.78,0.04,50.04,29.67,2.83,41.89,7.99,6,6,6,5,12.81,7.34,65.27,62.61,6,6,6,6,-2.11,2211394000.00,14.69,6.12,1.74
AGIO,AGIOS PHARMACEUTICALS INC.,,Etats-Unis,NASDAQ,USD,-30.20,0.03,-55.98,-3.25,52.53,-60.77,4.49,0,2,0,2,4.77,33.87,0.00,119.41,4,6,0,2,,1193114000.00,-764.01,41.92,1.09
NAVN,"NAVAN, INC.",,Etats-Unis,NASDAQ,USD,-32.95,0.14,-22.08,-32.95,,-22.08,,0,0,0,0,,,,,1,1,0,0,,1208061000.00,-56.68,,1.41
NAVI,NAVIENT CORPORATION,,Etats-Unis,NASDAQ,USD,-3.17,18.83,,3.21,5.74,,,,3,,2,,10.31,,111.17,0,6,,3,,2399000000.00,-13.11,-30.94,20.29
OGI,ORGANIGRAM GLOBAL INC.,,Etats-Unis,NASDAQ,USD,-8.67,0.03,-4.46,-6.87,3.45,-7.12,2.35,0,0,0,0,10.45,24.54,1641.29,0.00,6,6,0,0,,349130000.00,-9.55,33.32,1.61
NAUT,"NAUTILUS BIOTECHNOLOGY, INC.",,Etats-Unis,NASDAQ,USD,-32.27,0.19,,-28.03,5.40,,,,1,,1,,4.97,,161.41,0,6,,1,,156973000.00,,,1.22
KLAC,KLA CORPORATION,,Etats-Unis,NASDAQ,USD,87.50,0.97,55.25,92.04,7.57,50.11,8.28,6,6,6,6,7.81,19.68,33.75,44.22,6,6,6,6,0.22,6349820000.00,35.57,17.64,2.83
TLN,TALEN ENERGY CORPORATION,,Etats-Unis,NASDAQ,USD,-17.66,6.23,0.16,-30.67,89.56,1.09,1.17,0,1,0,1,3.09,440.87,217.17,134.18,6,6,0,1,382.63,1093000000.00,-8.34,4.34,9.98
REGN,"REGENERON PHARMACEUTICALS, INC.",,Etats-Unis,NASDAQ,USD,14.87,0.09,9.58,15.69,0.73,13.02,3.66,5,6,3,3,7.65,2.97,82.34,72.57,6,6,5,6,-1.59,31256900000.00,31.41,4.57,1.30
RBBN,RIBBON COMMUNICATIONS INC.,,Etats-Unis,NASDAQ,USD,9.29,0.90,1.83,-5.66,12.96,1.32,1.47,0,1,0,0,2.50,9.82,198.06,326.28,6,6,0,1,14.94,448994000.00,4.69,1.10,2.70
TLRY,"TILRAY BRANDS, INC.",,Etats-Unis,NASDAQ,USD,-6.82,0.25,-2.73,-33.94,47.20,-2.88,0.43,0,0,0,0,0.55,48.93,0.00,0.00,6,6,0,0,,1594867000.00,-11.49,7.72,1.46
AFRM,"AFFIRM HOLDINGS, INC.",,Etats-Unis,NASDAQ,USD,45.13,1.83,5.97,9.09,33.00,2.18,4.63,0,1,0,1,8.44,12.57,0.00,0.00,6,6,0,1,8.52,5483824000.00,45.29,35.44,2.88
MSTR,STRATEGY INC.,,Etats-Unis,NASDAQ,USD,-11.11,0.16,-0.07,8.54,34.32,-0.12,0.18,0,1,0,1,0.32,280.38,108.56,123.75,6,6,0,1,,51042972000.00,-806.35,-1.94,1.21
OPCH,OPTION CARE HEALTH INC.,,Etats-Unis,NASDAQ,USD,15.20,0.96,10.10,16.41,2.27,10.05,0.13,0,4,0,0,3.24,8.59,0.49,21.23,6,6,2,5,3.08,1326393000.00,3.67,14.59,2.61
PTLO,PORTILLO'S INC.,,Etats-Unis,NASDAQ,USD,4.27,1.35,2.98,5.74,1.56,3.76,0.83,0,0,0,0,0.62,5.62,58.77,154.59,6,6,0,0,12.70,497273000.00,2.88,3.77,3.23
PTEN,PATTERSON-UTI ENERGY INC.,,Etats-Unis,NASDAQ,USD,-2.78,0.40,-0.75,-6.17,15.72,2.52,4.78,0,0,0,0,12.83,21.27,109.36,346.82,6,6,0,0,,3224715000.00,-1.93,7.89,1.73
PTCT,"PTC THERAPEUTICS, INC.",,Etats-Unis,NASDAQ,USD,-104.75,-13.19,74.47,13.56,108.21,9.74,56.55,1,3,1,3,2.90,124.45,0.00,132.38,6,6,1,3,0.89,-205313000.00,39.44,35.85,
PTC,PTC INC.,,Etats-Unis,NASDAQ,USD,20.85,0.36,15.33,14.50,5.69,11.16,3.70,1,4,0,2,1.22,3.43,22.15,64.03,6,6,2,4,1.19,3826229000.00,26.80,14.29,1.73
LIN,LINDE PLC,,Etats-Unis,NASDAQ,USD,17.82,0.71,9.91,16.64,1.22,9.62,0.25,0,3,0,0,3.19,5.15,0.00,0.00,6,6,0,3,2.49,39741000000.00,20.77,1.71,2.18
OUST,"OUSTER, INC.",,Etats-Unis,NASDAQ,USD,-27.28,0.07,-51.37,-98.03,100.44,-85.99,42.24,0,1,0,1,49.27,92.33,0.00,251.41,6,6,0,1,,261738000.00,-35.65,42.62,1.34
AEBI,AEBI SCHMIDT HOLDING AG,,Etats-Unis,NASDAQ,USD,1.64,0.93,5.26,4.26,3.20,5.05,0.49,0,0,0,0,0.77,1.67,2.77,79.05,3,3,0,0,9.03,814951000.00,0.64,10.01,2.46
MLKN,"MILLERKNOLL, INC.",,Etats-Unis,NASDAQ,USD,6.98,1.28,5.01,3.41,5.06,5.08,0.44,1,1,1,0,2.11,5.21,93.47,112.38,6,6,1,1,6.97,1405900000.00,2.49,2.90,2.85
MTSI,"MACOM TECHNOLOGY SOLUTIONS HOLDINGS, INC.",,Etats-Unis,NASDAQ,USD,-4.42,0.41,6.59,4.41,7.77,6.01,1.67,0,1,0,1,4.09,15.77,65.20,106.60,6,6,1,2,-1.91,1327095000.00,-5.60,22.14,1.58
OVID,OVID THERAPEUTICS INC.,,Etats-Unis,NASDAQ,USD,-17.51,0.10,-56.07,-32.99,15.05,-71.75,17.76,1,1,1,1,96.59,87.76,150.36,143.25,6,6,1,1,,130660000.00,-240.13,330.28,1.16
PSMT,PRICESMART INC.,,Etats-Unis,NASDAQ,USD,12.48,0.26,12.14,11.78,1.19,11.66,0.73,2,2,0,0,1.02,1.06,4.30,7.22,6,6,5,5,0.06,1247372000.00,2.81,9.29,1.82
PSKY,PARAMOUNT SKYDANCE CORPORATION CLASS B COMMON STOCK,,Etats-Unis,NASDAQ,USD,-41.45,1.15,3.36,-41.45,,3.36,,0,0,0,0,,,,,1,1,0,0,7.17,12887000000.00,-21.05,,3.36
PSEC,PROSPECT CAPITAL CORPORATION,,Etats-Unis,NASDAQ,USD,5.19,0.64,,-0.59,11.67,,,,2,,1,,12.69,,157.43,0,6,,2,,2928846000.00,79.42,-22.35,2.20
MCHP,MICROCHIP TECHNOLOGY INCORPORATED,,Etats-Unis,NASDAQ,USD,3.40,0.86,3.27,10.78,15.83,6.42,6.84,2,3,0,3,4.68,11.72,89.47,100.03,6,6,3,3,9.99,6432400000.00,4.88,-21.43,2.23
OXSQ,OXFORD SQUARE CAPITAL CORP.,,Etats-Unis,NASDAQ,USD,-12.24,1.04,,1.14,12.28,,,,1,,0,,28.36,,365.14,0,6,,2,,145404802.00,,,2.11
LENZ,"LENZ THERAPEUTICS, INC.",,Etats-Unis,NASDAQ,USD,-33.63,0.00,-61.69,-44.48,15.34,-61.69,,0,1,0,1,15.18,21.70,0.00,172.75,2,3,0,1,,284339000.00,-430.25,,1.08
OZK,BANK OZK,,Etats-Unis,NASDAQ,USD,12.09,0.08,,13.12,0.98,,,,4,,0,,3.24,,13.95,0,6,,5,,6129851000.00,41.41,5.17,
TMC,TMC THE METALS COMPANY INC.,,Etats-Unis,NASDAQ,USD,1265.18,0.00,,1209.01,1463.21,,,,2,,2,,69.02,,52.14,0,6,,2,,-33443000.00,,,
MTCH,"MATCH GROUP, INC.",,Etats-Unis,NASDAQ,USD,-386.98,-15.68,24.65,-688.17,558.66,23.78,1.84,6,0,6,0,1.99,641.30,37.24,0.00,6,6,6,0,3.23,-253396000.00,17.59,1.81,
PRVA,"PRIVIA HEALTH GROUP, INC.",,Etats-Unis,NASDAQ,USD,4.03,0.01,6.21,3.47,0.73,4.94,1.44,1,1,0,1,54.03,39.05,634.38,398.51,6,6,1,1,-13.73,790943000.00,1.40,13.16,1.73
LESL,"LESLIE'S, INC.",,Etats-Unis,NASDAQ,USD,81.00,-2.48,1.54,26.55,49.33,5.41,3.97,3,2,3,1,14.43,38.60,95.70,0.00,6,6,3,2,67.82,-407992000.00,-19.08,-7.49,
PTON,"PELOTON INTERACTIVE, INC.",,Etats-Unis,NASDAQ,USD,-22.84,-12.24,16.56,46.07,81.17,-3.31,23.32,1,2,0,2,39.87,496.84,0.00,116.85,6,6,1,2,2.36,-139700000.00,2.58,-4.83,
MU,"MICRON TECHNOLOGY, INC.",,Etats-Unis,NASDAQ,USD,17.20,0.28,16.01,2.18,14.81,2.14,13.36,3,3,1,0,14.65,14.34,151.28,167.04,6,6,3,3,-0.48,54165000000.00,22.84,55.09,1.53
OTEX,OPEN TEXT CORPORATION,,Etats-Unis,NASDAQ,USD,16.19,1.49,8.87,12.75,3.00,7.49,1.86,0,1,0,0,2.13,4.07,44.27,61.72,6,6,0,3,4.13,4016066000.00,12.26,-4.64,3.26
QDEL,QUIDELORTHO CORPORATION,,Etats-Unis,NASDAQ,USD,-46.15,1.48,0.74,-32.57,28.15,1.20,1.03,3,3,2,2,8.00,46.54,99.37,184.47,6,6,3,3,48.61,1920500000.00,-41.45,-4.57,3.00
AEP,"AMERICAN ELECTRIC POWER COMPANY, INC.",,Etats-Unis,NASDAQ,USD,12.49,1.54,4.53,10.95,1.81,3.90,0.55,0,1,0,0,0.19,1.36,7.25,21.75,6,6,0,4,9.12,32218000000.00,16.90,7.35,3.55
MXL,MAXLINEAR INC.,,Etats-Unis,NASDAQ,USD,-28.23,0.32,-13.93,-26.58,15.09,-12.37,9.23,1,1,0,1,9.38,15.03,209.92,290.03,6,6,1,1,,451895000.00,-29.23,-17.87,1.76
OPEN,OPENDOOR TECHNOLOGIES INC.,,Etats-Unis,NASDAQ,USD,-151.34,1.31,-14.17,-74.93,66.91,-12.13,2.48,0,0,0,0,0.77,68.06,0.00,0.00,6,6,0,0,,1005000000.00,-29.74,-20.67,2.40
MXCT,"MAXCYTE, INC.",,Etats-Unis,NASDAQ,USD,-23.63,0.10,-38.06,-19.32,4.05,-36.81,2.73,0,0,0,0,3.54,11.29,0.00,0.00,6,6,0,0,,171490000.00,-135.14,-10.56,1.18
OPK,OPKO HEALTH INC.,,Etats-Unis,NASDAQ,USD,-17.14,0.31,-7.22,-11.27,6.77,-8.79,3.20,0,0,0,0,3.56,8.93,846.71,1205.46,6,6,0,0,,1267959000.00,-37.19,-16.17,1.52
QCOM,QUALCOMM INCORPORATED,,Etats-Unis,NASDAQ,USD,23.34,0.70,23.39,34.09,9.76,22.46,2.61,6,6,5,6,5.73,30.92,61.14,79.32,6,6,6,6,0.38,21206000000.00,12.51,11.19,2.36
MDLZ,"MONDELEZ INTERNATIONAL, INC.",,Etats-Unis,NASDAQ,USD,9.33,0.84,4.76,14.67,4.67,7.10,2.28,0,4,0,0,0.98,3.80,48.87,48.08,6,6,0,4,5.44,25891000000.00,6.40,3.44,2.76
LECO,"LINCOLN ELECTRIC HOLDINGS, INC.",,Etats-Unis,NASDAQ,USD,37.22,0.88,21.82,39.71,5.99,22.96,1.23,6,6,5,6,4.19,6.14,10.68,28.94,6,6,6,6,1.33,1469794000.00,12.30,0.49,2.57
MDGL,"MADRIGAL PHARMACEUTICALS, INC.",,Etats-Unis,NASDAQ,USD,-42.49,0.58,-55.50,-82.27,40.78,-86.24,43.47,0,0,0,0,30.74,34.79,0.00,0.00,2,6,0,0,,602689000.00,-30.08,,2.09
PZZA,"PAPA JOHN'S INTERNATIONAL, INC.",,Etats-Unis,NASDAQ,USD,-7.59,-2.16,9.15,-16.84,8.21,15.45,5.72,5,0,3,0,6.05,20.92,62.59,0.00,6,6,5,0,10.65,-432686000.00,1.56,-1.94,
AEIS,ADVANCED ENERGY INDUSTRIES INC.,,Etats-Unis,NASDAQ,USD,11.57,0.50,9.83,9.27,4.02,6.06,4.27,3,3,0,1,6.80,5.59,92.06,77.58,6,6,3,5,-0.62,1362800000.00,8.25,4.23,1.87
LNT,ALLIANT ENERGY CORPORATION,,Etats-Unis,NASDAQ,USD,11.30,1.65,3.39,10.69,0.65,3.53,0.52,0,0,0,0,0.21,0.61,28.47,11.81,6,6,0,6,11.28,7334000000.00,18.57,4.08,3.41
ORIC,ORIC PHARMACEUTICALS INC.,,Etats-Unis,NASDAQ,USD,-41.27,0.01,,-47.04,6.93,,,,0,,0,,10.14,,0.00,0,6,,0,,384362000.00,,,1.06
PYPL,PAYPAL HOLDINGS INC,,Etats-Unis,NASDAQ,USD,25.73,0.49,20.79,22.09,3.16,18.39,2.36,5,5,1,4,2.27,5.06,20.32,44.99,6,6,6,6,-0.07,20256000000.00,15.78,5.56,3.96
ORLY,O'REILLY AUTOMOTIVE INC.,,Etats-Unis,NASDAQ,USD,-237.85,-11.12,35.52,-186.31,45.19,37.49,2.07,6,2,6,2,4.48,137.40,10.42,106.57,6,6,6,2,2.40,-763352000.00,14.27,6.05,
PWP,PERELLA WEINBERG PARTNERS,,Etats-Unis,NASDAQ,USD,19.57,0.71,8.82,-19.55,34.03,-10.52,17.46,1,1,0,0,11.29,15.16,272.65,1916.74,6,6,1,1,-1.45,260740000.00,6.39,7.59,3.06
TFSL,TFS FINANCIAL CORP.,,Etats-Unis,NASDAQ,USD,4.84,2.59,,4.34,0.44,,,,0,,0,,0.37,,19.88,0,6,,0,,1893924000.00,28.29,2.67,9.22
LINC,LINCOLN EDUCATIONAL SERVICES CORPORATION,,Etats-Unis,NASDAQ,USD,10.58,1.02,6.38,11.00,5.49,3.67,2.50,1,3,0,2,3.66,5.62,88.53,87.84,6,6,1,4,6.05,199688000.00,3.86,17.08,2.47
TNYA,"TENAYA THERAPEUTICS, INC.",,Etats-Unis,NASDAQ,USD,-83.84,0.09,,-81.45,15.57,,,,1,,1,,17.59,,302.65,0,6,,1,,123265000.00,,,1.19
OSIS,OSI SYSTEMS INC.,,Etats-Unis,NASDAQ,USD,17.34,1.20,11.36,16.65,0.63,11.60,0.28,0,5,0,0,0.87,3.19,4.62,25.48,6,6,5,6,2.72,832961000.00,8.66,7.73,3.00
PYXS,"PYXIS ONCOLOGY, INC.",,Etats-Unis,NASDAQ,USD,-91.43,0.35,-123.97,-68.56,20.59,-101.03,32.43,0,1,0,1,22.94,18.57,0.00,211.51,2,6,0,1,,53408000.00,-574.55,,1.71
TSHA,TAYSHA GENE THERAPIES INC.,,Etats-Unis,NASDAQ,USD,-68.45,0.28,-79.00,-161.48,117.88,-97.51,16.57,0,0,0,0,42.50,171.23,0.00,0.00,4,6,0,0,,246938000.00,-1115.27,-20.47,1.39
TRMB,TRIMBLE INC.,,Etats-Unis,NASDAQ,USD,7.32,0.24,6.94,14.66,12.74,5.89,1.11,0,2,0,1,1.30,3.06,44.87,75.08,6,6,0,4,1.86,5836200000.00,11.82,-2.82,1.60
IPGP,IPG PHOTONICS CORPORATION,,Etats-Unis,NASDAQ,USD,1.50,0.01,1.24,0.81,8.67,5.30,7.35,3,0,0,0,8.83,8.07,95.43,178.65,6,6,4,1,-35.65,2128130000.00,3.10,-11.70,1.14
DAKT,DAKTRONICS INC.,,Etats-Unis,NASDAQ,USD,15.85,0.05,16.75,9.21,11.41,13.95,9.29,2,2,1,0,4.29,5.53,83.36,125.14,6,6,2,2,-2.06,300747000.00,5.41,1.25,1.84
IPSC,"CENTURY THERAPEUTICS, INC.",,Etats-Unis,NASDAQ,USD,-5.98,0.27,-12.31,-45.06,34.91,-46.80,32.52,0,1,0,1,21.14,19.64,0.00,245.26,4,6,0,1,,158936000.00,-8.78,598.88,1.41
SOPH,SOPHIA GENETICS SA,,Etats-Unis,NASDAQ,USD,-110.00,1.34,-88.79,-68.45,36.09,-72.77,14.49,0,0,0,0,20.06,39.55,0.00,0.00,6,6,0,0,,47145000.00,-102.24,11.31,3.46
SONO,SONOS INC.,,Etats-Unis,NASDAQ,USD,-15.60,0.17,-9.91,-8.52,6.86,-7.63,3.85,2,1,1,1,3.39,7.00,123.77,142.63,6,6,2,2,,355225000.00,-4.24,-6.62,2.32
SOLS,SOLLENSYS CORP.,,Etats-Unis,NASDAQ,USD,12.50,1.81,13.21,24.30,14.81,24.61,14.52,4,4,2,2,96.97,46637.33,99.95,346199.70,5,6,4,4,2.68,1377000000.00,7.33,3.20,4.12
IRDM,IRIDIUM COMMUNICATIONS INC.,,Etats-Unis,NASDAQ,USD,22.01,3.81,8.28,12.98,10.45,5.96,3.06,0,2,0,1,1.17,3.12,4.96,0.00,6,6,0,2,6.64,462600000.00,13.12,4.99,5.47
GCL,GCL GLOBAL HOLDINGS LTD.,,Etats-Unis,NASDAQ,USD,18.85,0.36,7.07,7.20,16.40,4.31,9.17,1,3,1,1,10.98,19.95,126.76,131.77,4,4,2,3,-1.52,36957262.00,3.55,35.44,2.75
IRTC,IRHYTHM TECHNOLOGIES INC.,,Etats-Unis,NASDAQ,USD,-36.57,4.79,-12.98,-55.57,19.36,-29.97,16.00,0,0,0,0,6.59,21.73,0.00,0.00,6,6,0,0,,152746000.00,-5.96,23.15,6.68
IRWD,IRONWOOD PHARMACEUTICALS INC.,,Etats-Unis,NASDAQ,USD,-8.53,-2.28,36.24,-227.61,386.64,28.07,7.43,6,3,6,3,8.18,397.40,56.80,497.66,6,6,6,3,3.22,-261835000.00,8.11,-18.21,
SOFI,"SOFI TECHNOLOGIES, INC.",,Etats-Unis,NASDAQ,USD,5.66,0.18,,2.83,7.27,,,,0,,0,,3.94,,31.48,0,6,,0,,10489495000.00,13.32,30.92,4.83
TDUP,THREDUP INC.,,Etats-Unis,NASDAQ,USD,-35.00,0.88,-21.44,-63.17,30.83,-31.25,10.49,0,2,0,2,19.97,31.53,0.00,112.51,6,6,0,2,,59193000.00,-6.50,-1.76,2.83
SNPS,"SYNOPSYS, INC.",,Etats-Unis,NASDAQ,USD,7.14,0.50,2.24,19.10,11.22,12.71,9.22,4,5,0,2,7.76,5.69,88.57,75.71,6,6,5,5,12.39,28327015000.00,18.90,15.17,1.70
IREN,IREN LIMITED,,Etats-Unis,NASDAQ,USD,-23.41,1.87,-6.74,-7.19,14.93,-4.22,4.43,0,1,0,1,6.62,113.15,8823.53,269.36,6,6,0,1,,4185613000.00,-99.38,93.53,3.77
SNEX,STONEX GROUP INC.,,Etats-Unis,NASDAQ,USD,14.97,7.79,7.19,17.11,2.26,8.11,0.82,0,6,0,2,2.54,3.17,21.92,37.01,6,6,0,6,8.91,2377400000.00,0.23,47.49,19.04
ASND,ASCENDIS PHARMA A/S,,Etats-Unis,NASDAQ,USD,158.04,-5.35,-27.94,-109.67,619.90,-61.21,30.79,0,2,0,2,16.14,446.35,0.00,52.31,6,6,0,2,,-162821000.00,-31.67,64.32,
SSNC,SS&C TECHNOLOGIES HOLDINGS INC.,,Etats-Unis,NASDAQ,USD,11.79,1.10,7.92,11.08,1.16,7.32,1.11,0,1,0,0,0.68,1.05,15.76,27.37,6,6,0,5,5.00,6941800000.00,12.73,6.76,2.98
SRRK,SCHOLAR ROCK HOLDING CORPORATION,,Etats-Unis,NASDAQ,USD,-123.08,0.44,,-91.44,28.36,,,0,0,0,0,4.72,34.95,0.00,0.00,3,6,0,0,,245488000.00,,,1.65
SRPT,SAREPTA THERAPEUTICS INC.,,Etats-Unis,NASDAQ,USD,-53.47,0.91,-31.53,-39.97,54.21,-14.72,20.10,0,1,0,0,3.82,29.24,517.62,371.28,6,6,0,1,,1140622000.00,-32.45,32.97,2.94
TCPC,BLACKROCK TCP CAPITAL CORP.,,Etats-Unis,NASDAQ,USD,-12.86,1.73,,-5.36,9.53,,,,1,,0,,10.77,,176.64,0,6,,1,,598013197.00,,,2.76
IONS,"IONIS PHARMACEUTICALS, INC.",,Etats-Unis,NASDAQ,USD,-70.80,4.22,-19.41,-80.08,11.61,-22.77,3.80,0,0,0,0,5.05,15.62,0.00,0.00,6,6,0,0,,489089000.00,-40.41,9.46,7.20
SRAD,SPORTRADAR GROUP AG,,Etats-Unis,NASDAQ,USD,10.52,0.06,5.51,6.11,3.83,5.12,0.92,0,0,0,0,2.35,1.57,80.57,84.37,6,6,0,1,-2.40,978337000.00,7.78,21.24,2.94
ASO,"ACADEMY SPORTS AND OUTDOORS, INC.",,Etats-Unis,NASDAQ,USD,18.05,0.87,9.83,22.72,5.63,11.91,2.62,3,6,1,5,2.55,7.29,56.66,65.34,6,6,5,6,3.05,2171377000.00,6.22,-0.86,2.43
SNDX,SYNDAX PHARMACEUTICALS INC.,,Etats-Unis,NASDAQ,USD,-161.82,5.34,-85.01,-92.83,62.22,-88.62,5.11,0,0,0,0,27.29,75.08,950.05,2243.31,4,6,1,0,,64630000.00,-165.60,,8.20
SNDK,SANDISK CORPORATION,,Etats-Unis,NASDAQ,USD,91.64,0.01,91.36,22.49,60.02,30.14,53.15,3,3,1,1,11.12,19.00,124.76,208.02,6,6,3,3,-0.37,15736000000.00,56.46,74.32,1.43
ARVN,ARVINAS INC.,,Etats-Unis,NASDAQ,USD,-16.23,0.02,-32.68,-36.25,22.10,-48.58,16.29,0,0,0,0,19.51,18.93,0.00,0.00,6,6,0,0,,433800000.00,-30.77,82.90,1.65
GBDC,"GOLUB CAPITAL BDC, INC.",,Etats-Unis,NASDAQ,USD,9.42,1.23,,9.31,0.92,,,,1,,0,,4.17,,56.18,0,6,,2,,3982567000.00,92.35,19.74,2.25
TECH,BIO-TECHNE CORPORATION,,Etats-Unis,NASDAQ,USD,9.03,0.14,9.10,7.01,2.91,8.41,0.76,1,2,0,0,1.61,3.07,41.76,77.11,6,6,3,2,0.09,2108221000.00,14.97,2.39,1.23
SIRI,SIRIUS XM HOLDINGS INC.,,Etats-Unis,NASDAQ,USD,7.11,0.84,5.87,3.40,18.99,6.83,1.91,3,1,2,1,6.26,28.73,76.46,184.75,6,6,3,1,5.04,11563000000.00,9.41,-2.23,2.36
ARWR,ARROWHEAD PHARMACEUTICALS INC.,,Etats-Unis,NASDAQ,USD,8.67,0.73,6.96,-101.88,136.88,-52.04,58.11,0,0,0,0,36.33,126.22,0.00,0.00,6,6,0,0,-5.62,503416000.00,3.63,85.62,2.75
ARQT,ARCUTIS BIOTHERAPEUTICS INC.,,Etats-Unis,NASDAQ,USD,-9.30,0.60,-11.06,-99.62,84.14,-60.52,46.08,0,0,0,0,24.17,52.03,0.00,0.00,4,6,0,0,,189479000.00,-4.29,151.18,2.29
ARHS,"ARHAUS, INC.",,Etats-Unis,NASDAQ,USD,17.65,1.39,8.95,27.75,15.46,13.76,7.38,4,5,4,4,14.46,48.86,81.36,91.56,6,6,5,5,3.68,418228000.00,4.88,3.49,3.33
SHOP,SHOPIFY INC.,,Etats-Unis,NASDAQ,USD,9.84,0.01,15.90,10.32,9.03,8.13,10.88,2,2,0,1,9.49,25.17,376.10,207.43,6,6,2,2,-2.96,13473000000.00,10.65,27.94,1.13
ISRG,"INTUITIVE SURGICAL, INC.",,Etats-Unis,NASDAQ,USD,16.69,0.00,21.38,15.71,0.93,20.42,1.18,6,4,3,0,3.26,3.23,22.39,26.76,6,6,6,6,-3.16,17941700000.00,28.58,18.86,1.14
TEAM,ATLASSIAN CORPORATION CLASS A,,Etats-Unis,NASDAQ,USD,-4.48,1.16,-2.63,-20.56,15.60,-9.68,6.11,1,0,0,0,13.57,95.84,253.47,0.00,6,6,1,0,-0.64,1058442000.00,-0.82,22.80,5.77
SMTC,SEMTECH CORPORATION,,Etats-Unis,NASDAQ,USD,-7.39,0.90,9.01,-210.58,247.81,2.34,7.84,1,1,0,0,7.62,292.33,137.79,2882.50,6,6,1,1,2.45,549718000.00,-3.85,9.94,2.57
SMCI,SUPER MICRO COMPUTER INC,,Etats-Unis,NASDAQ,USD,21.47,0.61,16.22,23.52,6.88,18.35,4.28,5,5,2,4,4.65,7.25,49.12,52.48,6,6,5,6,0.45,14479616000.00,5.71,61.43,2.07
DASH,"DOORDASH, INC.",,Etats-Unis,NASDAQ,USD,10.44,0.33,6.92,1.24,9.39,-2.92,9.18,0,0,0,0,7.49,8.61,0.00,0.00,6,6,0,1,-3.06,10046000000.00,6.79,26.04,1.96
SLM,SLM CORPORATION,,Etats-Unis,NASDAQ,USD,32.31,2.39,,31.55,1.25,,,,6,,6,,4.82,,50.86,0,6,,6,,2451358000.00,37.54,4.73,12.13
TEAD,TEADS B.V.,,Etats-Unis,NASDAQ,USD,-316.46,6.85,-2.70,-92.36,195.09,13.24,31.41,2,2,2,2,16.32,232.80,114.18,898.74,4,4,2,2,,95437000.00,-39.76,55.15,13.91
SLDP,"SOLID POWER, INC.",,Etats-Unis,NASDAQ,USD,-22.60,0.02,-32.21,-18.70,5.53,-28.95,2.96,0,0,0,0,42.39,204.72,0.00,451.48,6,6,0,0,,416174000.00,-521.46,1.43,1.09
SLDE,"SLIDE INSURANCE HOLDINGS, INC.",,Etats-Unis,NASDAQ,USD,57.42,0.04,28.85,51.93,7.77,21.72,10.09,2,2,1,2,7.14,5.49,0.00,0.00,2,2,2,2,-2.03,1113241000.00,38.41,36.50,2.62
SLDB,SOLID BIOSCIENCES INC.,,Etats-Unis,NASDAQ,USD,-109.90,0.12,,-87.09,27.33,,,0,0,0,0,3.72,33.72,0.00,0.00,2,6,0,0,,180010000.00,,,1.29
SLAB,SILICON LABORATORIES INC.,,Etats-Unis,NASDAQ,USD,-5.97,0.02,-8.63,-8.43,7.34,-9.39,6.38,0,1,0,1,6.46,9.71,359.58,113.45,6,6,0,1,,1094418000.00,-8.27,0.16,1.16
SHOO,STEVEN MADDEN LTD.,,Etats-Unis,NASDAQ,USD,5.51,0.54,4.66,15.50,8.65,15.90,9.77,4,4,4,4,13.50,15.75,84.38,78.89,6,6,4,4,4.59,903982000.00,1.93,13.09,2.12
SSRM,SSR MINING INC.,,Etats-Unis,NASDAQ,USD,8.77,0.09,7.64,-0.88,8.83,3.03,5.56,1,0,0,0,4.79,8.75,125.80,179.31,6,6,1,1,-0.42,4314254000.00,22.24,6.87,1.41
SSYS,STRATASYS LTD.,,Etats-Unis,NASDAQ,USD,-12.75,0.03,-7.69,-13.48,0.80,-8.16,0.41,0,0,0,0,1.11,26.23,0.00,0.00,6,6,0,0,,842900000.00,-18.92,-6.29,1.27
CSX,CSX CORPORATION,,Etats-Unis,NASDAQ,USD,22.51,1.47,8.93,26.90,3.91,10.06,1.02,1,6,0,6,1.22,5.34,26.01,29.41,6,6,4,6,3.96,13160000000.00,20.50,-1.95,3.32
CTAS,CINTAS CORPORATION,,Etats-Unis,NASDAQ,USD,40.71,0.53,24.53,39.80,1.22,23.37,1.38,6,6,3,6,2.57,4.81,0.00,0.00,6,6,6,6,0.92,5139887000.00,17.75,8.34,2.05
WMT,WALMART INC.,,Etats-Unis,NASDAQ,USD,21.85,0.63,12.30,20.63,1.74,12.51,0.48,4,6,0,2,2.64,2.79,30.22,18.01,6,6,4,6,1.89,106180000000.00,3.12,4.90,2.68
CTKB,"CYTEK BIOSCIENCES, INC.",,Etats-Unis,NASDAQ,USD,-18.05,0.07,-15.34,-7.52,9.15,-12.36,2.61,0,0,0,0,6.40,69.23,248.07,1264.52,6,6,1,0,,341739000.00,-33.02,2.17,1.35
INIO,INNIO N.V.,,Etats-Unis,NASDAQ,USD,28.62,11.96,9.61,20.34,11.71,9.63,0.03,0,2,0,1,0.02,8.28,0.41,0.00,2,2,0,2,5.88,228100000.00,5.38,22.12,21.49
AUR,"AURORA INNOVATION, INC.",,Etats-Unis,NASDAQ,USD,-40.65,0.04,-62.98,-40.55,1.74,-62.98,,0,1,0,1,15.26,15.56,0.00,186.70,3,6,0,1,,2140000000.00,-27200.00,,1.09
CTMX,CYTOMX THERAPEUTICS INC.,,Etats-Unis,NASDAQ,USD,-35.25,0.04,-55.47,-55.82,69.28,-4.78,64.04,1,3,1,3,21.03,180.54,182.56,104.73,6,6,1,3,,99008000.00,-22.79,-13.23,1.53
ATRO,ASTRONICS CORPORATION,,Etats-Unis,NASDAQ,USD,14.82,2.70,12.17,-0.80,13.70,5.04,6.66,1,1,0,0,2.83,18.96,0.00,0.00,6,6,1,1,4.71,140074000.00,3.41,11.84,5.05
CTNM,"CONTINEUM THERAPEUTICS, INC.",,Etats-Unis,NASDAQ,USD,-26.13,0.03,,-39.76,21.84,22.48,,1,2,1,2,,27.49,,258.76,1,5,1,2,,260989000.00,,,1.06
VECO,VEECO INSTRUMENTS INC.,,Etats-Unis,NASDAQ,USD,4.27,0.30,3.45,3.21,7.60,6.16,2.48,0,1,0,1,3.03,7.19,59.84,114.78,6,6,0,2,-2.87,885509000.00,5.33,-0.16,1.50
AUGO,AURA MINERALS INC.,,Etats-Unis,NASDAQ,USD,-32.47,1.64,52.16,-23.02,13.36,39.72,17.59,2,0,2,0,12.43,9.45,0.00,0.00,2,2,2,0,-0.30,265737000.00,-8.61,55.13,6.05
CSWC,CAPITAL SOUTHWEST CORPORATION,,Etats-Unis,NASDAQ,USD,11.93,1.12,,10.98,2.06,,,,2,,0,,3.41,,56.77,0,6,,4,,1010992000.00,74.66,17.80,2.15
GERN,GERON CORPORATION,,Etats-Unis,NASDAQ,USD,-32.99,0.54,-21.63,-70.46,39.83,-75.38,57.20,0,0,0,0,48.52,48.01,0.00,0.00,6,6,0,0,,225872000.00,-45.41,2685.44,2.53
CRNX,CRINETICS PHARMACEUTICALS INC.,,Etats-Unis,NASDAQ,USD,-40.17,0.05,-70.22,-40.78,9.09,-68.26,9.74,0,0,0,0,7.36,5.74,0.00,0.00,5,6,0,0,,992083000.00,-6046.22,38.48,1.14
CROX,"CROCS, INC.",,Etats-Unis,NASDAQ,USD,-5.19,1.25,15.25,40.78,40.26,19.03,3.76,6,5,4,5,4.93,58.12,72.92,101.09,6,6,6,5,1.67,1293283000.00,-2.01,0.98,3.23
WLTW,WILLIS TOWERS WATSON PUBLIC LIMITED COMPANY,,Etats-Unis,NASDAQ,USD,333.23,2.22,52.39,-131.61,444.85,45.14,11.29,4,1,4,1,10.12,298.61,36.86,0.00,4,4,4,1,-4.65,2459000000.00,46.92,-0.23,8.64
CRSR,CORSAIR GAMING INC.,,Etats-Unis,NASDAQ,USD,-2.37,0.30,0.05,-5.07,6.70,-1.90,3.62,2,2,1,2,4.88,7.94,126.91,153.81,6,6,2,2,-1.85,645754000.00,-1.02,0.43,1.94
CRUS,"CIRRUS LOGIC, INC.",,Etats-Unis,NASDAQ,USD,20.33,0.06,23.01,17.91,2.28,19.00,3.54,6,5,3,2,3.26,3.47,48.07,50.32,6,6,6,6,-1.64,2127996000.00,20.75,5.67,1.17
AVAH,AVEANNA HEALTHCARE HOLDINGS INC.,,Etats-Unis,NASDAQ,USD,615.68,7.76,13.32,276.29,309.78,8.95,3.81,1,2,0,2,2.37,117.85,65.11,95.71,6,6,1,2,5.08,195191000.00,9.25,13.31,10.31
AVAV,AEROVIRONMENT INC.,,Etats-Unis,NASDAQ,USD,-10.03,0.19,-1.86,1.25,9.94,4.12,5.37,0,0,0,0,4.06,19.67,146.61,897.90,6,6,0,0,,4400400000.00,-13.41,66.08,1.30
CRWD,"CROWDSTRIKE HOLDINGS, INC.",,Etats-Unis,NASDAQ,USD,-4.14,0.18,-12.03,0.00,4.47,-9.14,2.79,0,0,0,0,2.84,10.77,0.00,187.34,6,6,0,0,,4472605000.00,-3.35,25.49,2.48
CRWV,"COREWEAVE, INC.",,Etats-Unis,NASDAQ,USD,-79.89,8.94,-0.13,63.53,129.24,0.75,1.65,0,2,0,2,0.14,179.41,104.89,146.73,3,3,0,2,,3335000000.00,-22.74,373.41,14.78
CSCO,"CISCO SYSTEMS, INC.",,Etats-Unis,NASDAQ,USD,27.32,0.59,15.62,24.12,2.81,14.58,1.77,6,6,3,6,3.92,3.30,48.56,26.44,6,6,6,6,0.85,50285000000.00,20.95,8.49,2.58
CSGP,"COSTAR GROUP, INC.",,Etats-Unis,NASDAQ,USD,0.09,0.14,-1.87,2.41,2.63,1.10,3.59,0,0,0,0,5.89,3.18,120.26,98.47,6,6,0,0,,8371000000.00,0.22,15.00,1.26
CSIQ,CANADIAN SOLAR INC.,,Etats-Unis,NASDAQ,USD,-4.37,1.80,-0.02,1.92,8.90,1.38,3.40,0,2,0,0,3.26,8.09,120.95,132.44,6,6,0,2,146.19,4269628000.00,-3.28,-14.27,3.55
WMG,WARNER MUSIC GROUP CORP.,,Etats-Unis,NASDAQ,USD,51.68,6.09,13.99,95.01,48.13,14.63,1.75,4,6,0,6,10.91,240.97,15.77,99.92,6,6,5,6,4.39,757000000.00,5.52,5.40,12.98
INDV,"INDIVIOR PHARMACEUTICALS, INC.",,Etats-Unis,NASDAQ,USD,-93.96,-3.55,112.26,-29.28,56.22,50.44,61.51,3,1,3,1,27.22,101.36,166.73,165.31,6,6,3,1,0.59,-99000000.00,16.95,6.47,
INSM,INSMED INC.,,Etats-Unis,NASDAQ,USD,-249.28,0.79,-84.10,1430.56,2204.26,-82.04,2.60,0,2,0,2,12.16,88.62,0.00,106.35,6,6,0,2,,738976000.00,-210.54,40.96,3.06
VCTR,"VICTORY CAPITAL HOLDINGS, INC. CLASS A",,Etats-Unis,NASDAQ,USD,18.61,0.40,12.79,21.77,4.23,12.93,1.59,5,6,0,5,1.51,6.35,32.70,45.26,6,6,6,6,1.45,2424729000.00,25.27,26.13,1.75
INTR,"INTER & CO, INC.",,Etats-Unis,NASDAQ,USD,14.36,1.45,,10.28,4.93,,,,1,,0,,3.02,,201.09,0,6,,2,,10392962000.00,16.63,32.95,9.49
STLD,STEEL DYNAMICS INC.,,Etats-Unis,NASDAQ,USD,13.28,0.47,9.50,19.95,8.22,15.83,7.63,4,6,3,3,7.84,8.90,78.18,78.18,6,6,5,6,2.15,8930411000.00,6.53,-1.66,1.84
INTU,INTUIT INC.,,Etats-Unis,NASDAQ,USD,20.29,0.34,17.33,17.01,3.10,14.51,2.94,5,6,2,3,3.23,3.13,71.71,60.46,6,6,6,6,0.42,19710000000.00,20.55,14.48,1.88
STGW,STAGWELL INC.,,Etats-Unis,NASDAQ,USD,3.86,2.00,3.93,3.86,0.77,3.39,0.64,0,1,0,0,1.00,1.26,79.09,82.74,6,6,1,1,9.41,801335000.00,1.05,7.29,5.26
ASYS,AMTECH SYSTEMS INC.,,Etats-Unis,NASDAQ,USD,-44.68,0.37,-4.85,-22.70,19.12,-6.25,5.66,0,1,0,0,6.98,19.56,323.66,336.65,6,6,0,1,,53385000.00,-38.21,-16.31,1.74
CYTK,"CYTOKINETICS, INCORPORATED",,Etats-Unis,NASDAQ,USD,197.47,-1.95,-78.19,212.14,14.28,-86.35,7.45,0,3,0,3,19.12,377.94,0.00,12.62,6,6,0,3,,-659625000.00,-891.60,241.93,
CZR,"CAESARS ENTERTAINMENT, INC.",,Etats-Unis,NASDAQ,USD,-10.84,6.76,5.26,1.36,16.06,5.76,0.54,0,1,0,0,2.73,11.82,16.90,155.45,6,6,0,1,11.56,3686000000.00,-3.80,-0.18,8.58
ASTS,"AST SPACEMOBILE, INC.",,Etats-Unis,NASDAQ,USD,-30.12,0.94,-16.93,-75.68,44.60,-37.11,28.55,0,0,0,0,4.92,56.70,0.00,0.00,5,6,0,0,,2392325000.00,-650.06,,2.10
INVA,INNOVIVA INC.,,Etats-Unis,NASDAQ,USD,29.09,0.23,12.58,20.49,14.79,10.49,1.98,4,5,2,5,5.46,18.66,79.30,94.74,6,6,5,5,-1.82,1172841000.00,65.92,15.10,1.39
GDRX,"GOODRX HOLDINGS, INC. CLASS A COMMON STOCK",,Etats-Unis,NASDAQ,USD,4.54,0.88,5.64,1.88,2.84,1.16,5.87,0,0,0,0,17.32,22.60,505.93,0.00,6,6,0,0,3.21,616262000.00,3.82,3.06,2.28
STEP,STEPSTONE GROUP INC.,,Etats-Unis,NASDAQ,USD,-55.88,1.47,-25.20,-18.61,33.64,-8.89,16.26,2,2,2,2,25.67,35.24,147.92,217.17,5,6,2,2,,886026000.00,-37.28,67.38,7.63
SWKS,SKYWORKS SOLUTIONS INC.,,Etats-Unis,NASDAQ,USD,7.89,0.21,7.39,11.50,4.85,10.21,2.92,4,4,2,2,5.89,7.86,70.86,75.09,6,6,5,4,-0.33,5757100000.00,11.67,-7.46,1.38
INTA,"INTAPP, INC.",,Etats-Unis,NASDAQ,USD,-9.87,0.05,-13.75,-7.47,3.12,-10.64,2.87,0,1,0,1,12.37,42.92,0.00,123.62,6,6,0,1,,317603000.00,-7.15,15.85,2.37
INTC,INTEL CORPORATION,,Etats-Unis,NASDAQ,USD,0.02,0.37,-0.46,-5.43,10.82,-1.54,1.64,2,2,0,2,2.28,13.53,118.86,169.37,6,6,2,2,,126360000000.00,0.05,-1.28,1.67
ATEC,ALPHATEC HOLDINGS INC.,,Etats-Unis,NASDAQ,USD,16449.57,47.97,-8.66,5027.80,9893.11,-18.98,10.12,0,1,0,1,7.34,386.61,0.00,0.00,6,6,0,1,,12426000.00,-18.76,25.88,63.67
CTSH,COGNIZANT TECHNOLOGY SOLUTIONS CORPORATION,,Etats-Unis,NASDAQ,USD,15.16,0.08,13.75,16.01,0.77,15.37,1.45,6,6,0,0,2.30,2.20,23.48,19.58,6,6,6,6,-0.23,15015000000.00,10.56,4.44,1.38
GEN,GEN DIGITAL INC.,,Etats-Unis,NASDAQ,USD,39.88,3.16,11.83,32.23,6.63,9.42,2.27,3,4,2,4,3.68,196.39,77.14,78.12,6,6,4,4,3.46,2611000000.00,19.46,14.53,5.97
GEHC,GE HEALTHCARE TECHNOLOGIES INC.,,Etats-Unis,NASDAQ,USD,22.38,0.99,9.00,22.39,3.30,8.70,0.72,0,6,0,3,1.12,5.05,33.89,84.62,6,6,3,6,2.16,10599000000.00,10.44,2.71,3.48
SWIM,"LATHAM GROUP, INC.",,Etats-Unis,NASDAQ,USD,2.81,0.77,4.02,-0.78,3.68,2.70,1.16,0,0,0,0,4.40,10.90,181.49,445.60,6,6,0,0,5.54,405861000.00,2.04,-1.83,2.03
WOOF,"PETCO HEALTH AND WELLNESS COMPANY, INC.",,Etats-Unis,NASDAQ,USD,0.80,2.46,2.00,-26.62,39.42,0.87,1.01,0,0,0,0,1.68,41.54,98.30,1068.96,6,6,0,0,21.66,1164254000.00,0.15,-2.38,4.44
CVBF,CVB FINANCIAL CORP.,,Etats-Unis,NASDAQ,USD,9.34,0.22,,9.92,0.94,,,,0,,0,,0.76,,20.03,0,6,,3,,2295224000.00,40.60,-2.95,6.81
CVLT,COMMVAULT SYSTEMS INC.,,Etats-Unis,NASDAQ,USD,42.49,122.43,14.17,46.83,24.07,22.57,7.27,5,3,2,3,3.98,24.95,47.44,256.43,6,6,6,4,0.17,7494000.00,5.97,18.76,251.71
CVRX,"CVRX, INC.",,Etats-Unis,NASDAQ,USD,-96.59,1.28,-71.61,-74.23,26.81,-68.86,10.21,0,1,0,1,17.95,41.91,0.00,265.11,6,6,0,1,,39324000.00,-94.10,20.07,2.66
SHOE,"SHOE STATION GROUP, INC.",,Etats-Unis,NASDAQ,USD,7.58,0.54,4.69,7.58,,4.69,,0,0,0,0,,,,,1,1,0,0,3.61,689666000.00,4.60,,1.74
WSBC,WESBANCO INC.,,Etats-Unis,NASDAQ,USD,6.54,0.40,,6.21,0.46,,,,0,,0,,1.27,,36.00,0,6,,0,,4031913000.00,22.90,27.99,6.87
WWD,WOODWARD INC.,,Etats-Unis,NASDAQ,USD,18.64,0.28,11.11,15.97,3.73,9.33,2.19,0,3,0,0,1.12,2.34,25.72,30.85,6,6,2,4,0.82,2566390000.00,12.39,10.63,1.80
DIOD,DIODES INC.,,Etats-Unis,NASDAQ,USD,3.63,0.05,0.38,6.66,6.02,4.58,6.29,2,3,1,2,7.36,7.03,98.31,88.26,6,6,3,3,-7.73,1938409000.00,4.67,-5.56,1.26
FRVO,FERVO ENERGY CO.,,Etats-Unis,NASDAQ,USD,47.41,-3.76,-9.44,35.31,17.12,-11.73,3.25,0,2,0,2,2.30,12.11,0.00,0.00,2,2,0,2,,-66568000.00,-41875.36,-30.65,
FRSH,FRESHWORKS INC. CLASS A COMMON STOCK,,Etats-Unis,NASDAQ,USD,16.93,0.04,-3.17,-1.55,16.15,-18.37,13.47,0,2,0,1,9.83,11.72,0.00,177.01,6,6,0,2,-54.29,1032650000.00,21.90,18.59,1.55
FROG,JFROG LTD,,Etats-Unis,NASDAQ,USD,-8.65,0.01,-19.73,-9.19,0.48,-21.10,1.49,0,0,0,0,1.48,2.88,0.00,0.00,6,6,0,0,,887447000.00,-13.50,23.29,1.51
RXT,"RACKSPACE TECHNOLOGY, INC.",,Etats-Unis,NASDAQ,USD,20.31,-2.66,-3.37,-61.44,260.26,-3.53,1.01,0,2,0,2,2.38,197.53,1252.50,86.29,6,6,0,2,,-1219500000.00,-8.41,-4.70,
RXRX,"RECURSION PHARMACEUTICALS, INC.",,Etats-Unis,NASDAQ,USD,-59.54,0.07,-73.75,-63.52,4.99,-81.45,11.25,0,1,0,1,15.12,29.32,0.00,362.66,6,6,0,1,,1130865000.00,-868.29,30.09,1.30
RWAY,RUNWAY GROWTH FINANCE CORP,,Etats-Unis,NASDAQ,USD,6.81,0.93,,9.52,3.80,,,,1,,0,,1.79,,50.87,0,6,,2,,484969000.00,71.92,-7.95,1.98
RVMD,REVOLUTION MEDICINES INC.,,Etats-Unis,NASDAQ,USD,-58.07,0.10,,-40.72,15.27,-59.81,,0,0,0,0,6.76,13.65,0.00,0.00,4,6,0,0,,1631297000.00,,,1.44
AMLX,"AMYLYX PHARMACEUTICALS, INC. COMMON STOCK",,Etats-Unis,NASDAQ,USD,-61.59,0.02,,-49.91,57.70,-61.97,101.52,0,3,0,2,8.02,117.54,1463.51,359.48,3,6,0,3,,305259000.00,,,1.09
DKNG,DRAFTKINGS INC.,,Etats-Unis,NASDAQ,USD,0.45,2.99,-0.55,-42.84,38.72,-25.80,23.10,0,0,0,0,25.39,18.61,0.00,0.00,6,6,0,0,,631461000.00,0.06,28.52,7.18
RUN,SUNRUN INC.,,Etats-Unis,NASDAQ,USD,-22.06,2.96,-0.50,-45.41,29.55,-2.13,1.52,0,0,0,0,0.53,36.80,0.00,0.00,6,6,0,0,,4983974000.00,-34.13,14.39,4.54
FSLR,"FIRST SOLAR, INC.",,Etats-Unis,NASDAQ,USD,17.45,0.07,20.23,16.11,2.46,17.90,2.51,3,3,1,0,11.34,7.08,155.87,109.18,6,6,4,3,-3.13,9537993000.00,29.28,25.41,1.40
TEM,"TEMPUS AI, INC.",,Etats-Unis,NASDAQ,USD,-89.48,2.70,-26.43,11.35,98.10,-105.92,97.77,0,5,0,4,83.12,72.40,0.00,184.04,6,6,0,5,,491326000.00,-19.27,54.64,4.63
AMZN,"AMAZON.COM, INC.",,Etats-Unis,NASDAQ,USD,22.29,0.37,13.34,21.36,3.49,13.47,3.29,4,5,0,4,7.07,14.43,76.12,106.63,6,6,5,5,0.37,411065000000.00,10.83,11.68,1.99
SAIL,"SAILPOINT, INC.",,Etats-Unis,NASDAQ,USD,-42.94,0.00,-3.57,25.51,77.18,-3.12,0.86,0,4,0,4,3.96,59.85,0.00,133.82,6,6,0,5,,6846231000.00,-25.21,23.76,1.11
SAIC,SCIENCE APPLICATIONS INTERNATIONAL CORPORATION COMMON STOCK,,Etats-Unis,NASDAQ,USD,23.27,1.79,10.40,24.05,2.98,10.20,1.21,0,6,0,3,0.80,3.97,7.96,21.25,6,6,2,6,4.80,1500000000.00,4.93,-1.23,3.57
SAIA,"SAIA, INC.",,Etats-Unis,NASDAQ,USD,10.43,0.12,8.63,15.87,4.97,13.73,4.69,4,5,1,3,5.52,5.38,60.08,59.15,6,6,5,6,0.81,2577699000.00,7.89,5.95,1.35
FTAI,FTAI AVIATION LTD.,,Etats-Unis,NASDAQ,USD,241.16,10.32,17.30,165.87,137.87,10.96,6.11,1,2,0,2,1.91,22.00,51.05,97.30,6,6,2,2,4.09,334174000.00,19.98,46.34,13.09
SABR,SABRE CORPORATION,,Etats-Unis,NASDAQ,USD,-40.06,-4.29,7.57,8.69,44.54,5.20,3.57,0,4,0,3,11.42,281.78,0.00,104.64,6,6,0,4,12.19,-1024437000.00,18.91,-2.38,
AMRX,AMNEAL PHARMACEUTICALS INC.,,Etats-Unis,NASDAQ,USD,-141.49,-37.70,12.86,-8.06,157.10,9.34,3.61,1,2,0,1,1.53,82.31,0.00,565.24,6,6,1,2,6.05,-71329000.00,4.24,12.30,
AMSC,AMERICAN SUPERCONDUCTOR CORPORATION,,Etats-Unis,NASDAQ,USD,35.56,0.01,2.29,9.76,23.32,-1.39,5.57,0,1,0,1,12.19,14.03,0.00,0.00,6,6,0,1,-8.75,555447000.00,44.73,43.32,1.33
AMKR,AMKOR TECHNOLOGY INC.,,Etats-Unis,NASDAQ,USD,8.66,0.35,7.54,8.92,0.42,7.66,0.43,3,3,0,2,2.46,3.03,61.36,64.27,6,6,3,3,-0.92,4506287000.00,5.61,1.56,1.81
FRMI,FERMI INC.,,Etats-Unis,NASDAQ,USD,-44.38,0.12,,-44.38,,,,,0,,0,,,,,0,1,,0,,1095872000.00,,,1.29
DNUT,"KRISPY KREME, INC.",,Etats-Unis,NASDAQ,USD,-57.65,2.18,-1.01,-20.07,32.59,-0.26,0.69,0,0,0,0,0.76,32.20,187.07,18696.77,6,6,0,0,,652780000.00,-34.40,-4.97,3.97
ROAD,"CONSTRUCTION PARTNERS, INC. CLASS A COMMON STOCK",,Etats-Unis,NASDAQ,USD,13.70,1.85,9.56,12.14,1.86,7.62,1.93,0,2,0,0,2.58,4.30,70.54,52.77,6,6,1,4,6.39,911963000.00,3.62,34.12,3.55
RNW,RENEW ENERGY GLOBAL PLC,,Etats-Unis,NASDAQ,USD,7.54,5.41,5.16,4.87,2.31,4.54,0.54,0,0,0,0,0.77,12.03,25.36,0.00,6,6,0,0,11.04,144396000000.00,7.86,27.50,7.31
DOCU,DOCUSIGN INC.,,Etats-Unis,NASDAQ,USD,15.77,0.10,15.54,30.81,32.57,9.52,8.94,2,2,0,1,10.36,41.35,0.00,76.87,6,6,2,2,-2.28,1917820000.00,9.60,7.97,2.21
XE,X-ENERGY INC.,,Etats-Unis,NASDAQ,USD,-32.44,0.01,-26.97,7.60,35.21,-105.04,106.98,0,3,0,3,86.92,37.89,0.00,196.20,4,4,0,3,,2066078000.00,-225.81,-5.20,1.04
ROIV,ROIVANT SCIENCES LTD,,Etats-Unis,NASDAQ,USD,-7.59,0.02,-40.89,30.44,64.61,-40.00,6.07,0,1,0,1,25.39,25.37,0.00,107.23,6,6,0,1,,5292412000.00,-4817.28,-74.27,1.08
AMBA,"AMBARELLA, INC.",,Etats-Unis,NASDAQ,USD,-13.12,0.02,-19.15,-21.02,7.97,-25.33,5.43,0,0,0,0,7.97,10.44,0.00,0.00,6,6,0,0,,594789000.00,-19.42,31.35,1.34
AMAT,"APPLIED MATERIALS, INC.",,Etats-Unis,NASDAQ,USD,35.51,0.35,39.40,41.39,6.30,44.92,5.08,6,6,6,6,6.25,8.04,38.62,33.49,6,6,6,6,-1.03,20415000000.00,24.67,3.43,1.78
RMBS,RAMBUS INC.,,Etats-Unis,NASDAQ,USD,18.55,0.02,27.54,23.99,11.09,19.40,8.49,2,3,2,1,11.40,11.06,0.00,184.06,6,6,4,3,-3.53,1364425000.00,32.57,23.88,1.12
XEL,XCEL ENERGY INC.,,Etats-Unis,NASDAQ,USD,9.36,1.47,3.04,10.04,0.59,3.07,0.23,0,0,0,0,0.17,0.61,13.90,12.93,6,6,0,5,11.99,23609000000.00,13.76,1.62,3.45
DOX,AMDOCS LIMITED,,Etats-Unis,NASDAQ,USD,16.29,0.24,14.26,15.19,1.12,13.83,0.43,4,6,0,0,1.29,1.19,0.09,25.50,6,6,6,6,0.62,3470680000.00,12.53,-3.70,1.80
XERS,"XERIS BIOPHARMA HOLDINGS, INC.",,Etats-Unis,NASDAQ,USD,-6.96,18.85,9.71,-9.95,312.77,-10.24,17.53,0,1,0,1,50.23,113.19,0.00,102.31,6,6,0,1,5.91,13689000.00,0.19,33.43,28.02
ROKU,"ROKU, INC.",,Etats-Unis,NASDAQ,USD,3.43,0.20,-0.30,-10.16,16.51,-15.77,18.64,1,0,0,0,20.26,16.99,368.36,341.05,6,6,1,1,,2657945000.00,1.87,16.60,1.67
ROLL,ISHARES BLOOMBERG ROLL SELECT COMMODITY SWAP UCITS ETF,,Etats-Unis,NASDAQ,USD,7.41,1.92,4.30,12.19,5.39,8.42,4.00,2,2,0,0,4.43,4.94,65.01,58.92,4,4,2,3,9.52,906404000.00,6.90,13.85,5.35
AMGN,AMGEN INC.,,Etats-Unis,NASDAQ,USD,106.10,6.31,12.62,103.15,34.22,11.34,1.69,4,6,0,6,4.35,19.42,51.47,50.25,6,6,5,6,5.01,8658000000.00,20.98,14.18,10.46
DLO,DLOCAL LIMITED,,Etats-Unis,NASDAQ,USD,37.21,0.16,55.11,32.54,6.19,46.64,9.89,6,6,6,6,12.19,6.55,67.74,59.21,6,6,6,6,-3.97,569429000.00,18.01,29.67,2.71
DLTR,"DOLLAR TREE, INC.",,Etats-Unis,NASDAQ,USD,33.17,1.88,11.27,-10.98,43.44,6.48,5.34,0,4,0,1,4.40,45.01,91.86,373.60,6,6,1,4,3.83,3754900000.00,6.61,-20.36,3.59
TENB,TENABLE HOLDINGS INC.,,Etats-Unis,NASDAQ,USD,-9.95,1.27,-3.10,-15.02,8.97,-6.23,4.94,0,0,0,0,3.68,7.41,0.00,0.00,6,6,0,0,,326376000.00,-3.61,11.86,5.35
RRR,RED ROCK RESORTS INC.,,Etats-Unis,NASDAQ,USD,111.30,10.36,14.18,153.91,78.63,14.38,0.90,5,5,0,5,6.46,80.13,22.90,88.85,6,6,5,5,5.35,332284000.00,17.68,8.01,12.54
WYNN,"WYNN RESORTS, LIMITED",,Etats-Unis,NASDAQ,USD,-40.92,-11.81,12.21,-53.27,10.96,13.06,2.64,2,3,0,3,12.27,62.10,23.78,119.59,6,6,3,3,7.17,-1031279000.00,5.73,4.54,
URBN,URBAN OUTFITTERS INC.,,Etats-Unis,NASDAQ,USD,17.59,0.44,13.06,16.63,1.64,11.25,1.90,2,4,0,0,6.51,10.18,51.19,53.14,6,6,3,4,0.87,2815287000.00,7.54,9.38,1.78
RPRX,ROYALTY PHARMA PLC,,Etats-Unis,NASDAQ,USD,13.20,0.92,7.59,14.52,2.44,7.53,0.74,0,5,0,0,1.83,6.24,52.97,86.45,6,6,1,5,4.78,9714939000.00,55.68,0.50,2.02
AMD,"ADVANCED MICRO DEVICES, INC.",,Etats-Unis,NASDAQ,USD,7.19,0.06,4.50,3.87,2.95,2.49,2.13,2,2,2,2,2.13,3.03,99.59,96.75,6,6,2,2,-1.82,62999000000.00,12.51,23.58,1.22
ROST,"ROSS STORES, INC.",,Etats-Unis,NASDAQ,USD,36.68,0.84,25.20,39.30,2.29,25.05,0.61,5,5,5,5,12.65,20.79,28.15,22.72,6,6,5,5,0.23,6187443000.00,9.43,5.66,2.51
ROP,ROPER TECHNOLOGIES INC.,,Etats-Unis,NASDAQ,USD,7.93,0.47,5.96,8.24,0.30,5.76,0.24,0,1,0,1,0.90,0.60,0.00,75.92,6,6,0,2,3.92,19881500000.00,19.44,13.10,1.74
DNLI,DENALI THERAPEUTICS INC.,,Etats-Unis,NASDAQ,USD,-45.69,0.04,,-32.37,16.43,-34.05,,0,0,0,0,10.89,10.11,945.35,839.32,4,6,0,0,,1013761000.00,,,1.13
SANA,"SANA BIOTECHNOLOGY, INC.",,Etats-Unis,NASDAQ,USD,-118.70,0.49,,-96.62,23.45,,,,1,,1,,86.81,,441.94,0,6,,1,,160884000.00,,,2.59
DDOG,"DATADOG, INC. CLASS A COMMON STOCK",,Etats-Unis,NASDAQ,USD,3.34,0.34,-8.37,4.64,2.71,-7.13,2.23,0,0,0,0,2.33,3.39,0.00,56.90,6,6,0,0,,3732206000.00,3.14,26.90,1.78
TARS,TARSUS PHARMACEUTICALS INC.,,Etats-Unis,NASDAQ,USD,-23.39,0.21,-35.96,-49.31,23.65,-72.49,34.36,0,0,0,0,41.00,28.05,0.00,0.00,5,6,0,0,,343426000.00,-14.72,408.63,1.64
FWRG,"FIRST WATCH RESTAURANT GROUP, INC.",,Etats-Unis,NASDAQ,USD,3.18,1.61,1.48,3.71,0.84,2.21,0.74,0,0,0,0,3.02,10.38,49.83,32.05,6,6,0,0,32.38,626279000.00,1.59,17.10,2.78
APP,APPLOVIN CORPORATION CLASS A COMMON STOCK,,Etats-Unis,NASDAQ,USD,206.78,1.66,90.99,121.34,92.82,45.78,40.47,3,4,2,4,7.36,47.42,120.29,112.00,6,6,3,4,0.25,2134671000.00,60.83,29.20,3.40
JACK,JACK IN THE BOX INC.,,Etats-Unis,NASDAQ,USD,9.02,-3.33,6.82,-1.43,14.50,7.75,0.82,1,0,0,0,1.15,5.25,53.76,0.00,6,6,2,0,13.86,-938271000.00,-5.51,-6.95,
JAZZ,JAZZ PHARMACEUTICALS PLC,,Etats-Unis,NASDAQ,USD,-8.47,1.26,6.26,6.00,12.58,6.76,1.36,1,2,1,0,2.61,7.97,91.08,232.67,6,6,1,2,3.07,4318584000.00,-8.35,5.50,2.70
JBHT,"J.B. HUNT TRANSPORT SERVICES, INC.",,Etats-Unis,NASDAQ,USD,15.79,0.41,9.38,16.20,2.37,9.92,1.50,2,6,0,2,2.03,3.49,49.60,50.80,6,6,4,6,1.68,3565085000.00,4.99,-3.29,2.22
SEIC,SEI INVESTMENTS COMPANY,,Etats-Unis,NASDAQ,USD,28.96,0.01,23.10,26.03,3.19,24.86,2.40,6,6,6,6,4.77,2.13,39.54,25.46,6,6,6,6,-0.65,2703776000.00,31.23,9.39,1.21
SEDG,SOLAREDGE TECHNOLOGIES INC.,,Etats-Unis,NASDAQ,USD,-74.68,0.97,-20.35,-63.62,60.35,-27.15,32.26,1,2,0,0,42.59,83.21,500.13,933.36,6,6,3,2,,427464000.00,-34.23,-36.92,5.10
JBLU,JETBLUE AIRWAYS CORPORATION,,Etats-Unis,NASDAQ,USD,-25.29,4.44,-3.65,-20.29,9.81,-2.14,1.36,0,0,0,0,9.51,11.87,0.00,0.00,6,6,0,0,,2120000000.00,-6.64,-2.92,7.82
APLD,APPLIED DIGITAL CORPORATION,,Etats-Unis,NASDAQ,USD,-8.55,1.39,-3.05,-74.46,73.61,-8.00,8.38,0,1,0,1,26.18,53.59,0.00,799.86,5,6,0,1,,3680811000.00,-30.15,92.15,2.70
SFD,"SMITHFIELD FOODS, INC.",,Etats-Unis,NASDAQ,USD,15.21,0.34,11.11,9.94,8.37,6.09,6.34,0,3,0,0,4.15,7.04,116.33,97.95,6,6,1,4,0.66,7065000000.00,6.43,3.00,1.72
SFIX,STITCH FIX INC.,,Etats-Unis,NASDAQ,USD,-14.74,0.46,-24.71,-44.81,26.04,-44.14,18.34,0,0,0,0,20.01,22.95,0.00,0.00,6,6,0,0,,202978000.00,-2.27,-10.80,2.37
SFM,"SPROUTS FARMERS MARKET, INC.",,Etats-Unis,NASDAQ,USD,38.43,1.39,16.29,30.94,7.42,13.36,2.79,3,6,0,6,0.97,3.53,14.52,27.68,6,6,6,6,2.44,1403074000.00,5.95,13.49,2.96
DBX,DROPBOX INC.,,Etats-Unis,NASDAQ,USD,-39.88,-2.00,54.31,-109.77,76.14,40.97,12.02,6,1,5,1,9.51,81.54,0.27,111.34,6,6,6,1,2.41,-1797200000.00,20.17,0.39,
SHC,SOTERA HEALTH COMPANY,,Etats-Unis,NASDAQ,USD,15.42,3.75,8.77,12.94,2.48,7.86,0.80,0,3,0,1,0.87,37.38,7.59,321.63,6,6,0,4,5.33,606035000.00,6.70,5.31,5.38
ARCC,ARES CAPITAL CORPORATION,,Etats-Unis,NASDAQ,USD,9.39,1.12,,12.15,2.65,,,,3,,0,,3.59,,66.67,0,6,,3,,14318000000.00,86.25,-4.06,2.18
SGRY,SURGERY PARTNERS INC.,,Etats-Unis,NASDAQ,USD,2.76,1.14,5.43,2.40,1.88,5.14,0.68,0,0,0,0,0.98,2.23,22.42,91.15,6,6,0,0,8.04,3526800000.00,2.99,9.82,2.30
ARAY,ACCURAY INCORPORATED,,Etats-Unis,NASDAQ,USD,-80.08,4.41,-3.48,-38.03,39.19,-0.50,2.71,0,0,0,0,2.88,40.05,139.91,0.00,6,6,0,0,,41699000.00,-12.24,-5.13,10.64
WSE,WISE PLC,,Etats-Unis,NASDAQ,USD,27.23,0.25,35.40,39.84,14.24,57.03,21.08,4,4,4,3,16.16,9.39,54.33,50.75,4,4,4,4,-28.91,1925200000.00,18.47,18.18,17.28
SFNC,SIMMONS FIRST NATIONAL CORPORATION,,Etats-Unis,NASDAQ,USD,-11.44,0.18,,-0.61,9.39,,,,0,,0,,10.49,,231.34,0,6,,0,,3419240000.00,-423.34,-65.34,7.18
TASK,"TASKUS, INC.",,Etats-Unis,NASDAQ,USD,18.65,0.50,15.05,12.87,5.01,11.05,3.47,1,1,0,0,9.96,15.26,183.00,259.61,6,6,1,3,0.61,599989000.00,8.64,13.15,1.75
SCVL,SHOE CARNIVAL INC.,,Etats-Unis,NASDAQ,USD,7.81,0.54,4.81,11.00,2.84,6.60,1.63,2,3,1,2,2.84,5.12,83.19,80.77,6,6,2,4,3.61,689666000.00,4.60,-1.74,1.74
ANNX,"ANNEXON, INC.",,Etats-Unis,NASDAQ,USD,-81.90,0.12,,-62.82,16.70,,,,0,,0,,17.21,,0.00,0,6,,0,,211648000.00,,,1.31
FULT,FULTON FINANCIAL CORPORATION,,Etats-Unis,NASDAQ,USD,11.71,0.18,,10.68,1.01,,,,0,,0,,2.19,,10.61,0,6,,4,,3490447000.00,29.82,10.17,9.20
FTRE,FORTREA HOLDINGS INC.,,Etats-Unis,NASDAQ,USD,-102.41,1.98,-1.06,-41.24,54.01,-0.72,2.16,0,0,0,0,3.56,73.84,142.43,1853.60,5,5,0,0,,563500000.00,-36.21,-6.41,4.82
JKHY,"JACK HENRY & ASSOCIATES, INC.",,Etats-Unis,NASDAQ,USD,24.04,0.02,18.68,23.04,0.96,17.15,1.66,6,6,0,6,1.21,1.11,21.89,17.64,6,6,6,6,0.04,2051949000.00,19.76,7.16,1.53
ANGI,ANGI INC. CLASS A COMMON STOCK,,Etats-Unis,NASDAQ,USD,4.40,0.55,3.64,1.35,4.53,0.43,3.08,0,0,0,0,2.26,6.00,0.00,0.00,6,6,0,0,2.65,927366000.00,4.25,-12.91,1.81
DHC,DIVERSIFIED HEALTHCARE TRUST,,Etats-Unis,NASDAQ,USD,-15.78,1.44,-0.57,-14.94,2.82,-0.92,0.36,0,0,0,0,0.51,6.87,257.78,353.16,6,6,0,0,,1665568000.00,-18.59,4.42,2.62
SANM,SANMINA CORPORATION,,Etats-Unis,NASDAQ,USD,10.87,0.12,12.59,12.29,3.09,13.06,2.87,3,3,0,0,2.14,2.52,35.21,35.82,6,6,5,5,-1.58,2539163000.00,3.28,-4.62,2.31
FTNT,FORTINET INC.,,Etats-Unis,NASDAQ,USD,135.72,0.81,53.73,55.44,330.82,57.12,3.45,6,5,6,5,10.15,240.50,11.38,192.95,6,6,6,5,-1.24,1237500000.00,27.26,13.22,8.40
SATS,ECHOSTAR CORPORATION,,Etats-Unis,NASDAQ,USD,-111.35,5.18,-0.56,-39.89,61.99,-0.26,0.58,1,2,1,1,1.24,63.81,101.10,255.04,6,6,1,2,,5811998000.00,-96.68,-6.09,7.40
SBAC,SBA COMMUNICATIONS CORPORATION,,Etats-Unis,NASDAQ,USD,-21.45,-3.21,11.97,-15.24,5.95,11.42,1.74,1,0,0,0,1.88,7.78,6.63,0.00,6,6,2,0,9.68,-4775257000.00,37.46,1.89,
UTHR,UNITED THERAPEUTICS CORPORATION,,Etats-Unis,NASDAQ,USD,19.71,0.00,25.22,19.07,0.73,24.81,1.16,6,6,4,0,5.69,2.95,13.54,14.64,6,6,6,6,-1.92,7096200000.00,41.94,16.94,1.11
APA,APA CORPORATION,,Etats-Unis,NASDAQ,USD,25.32,0.66,11.31,58.31,59.82,16.27,5.14,4,5,2,5,9.12,161.21,65.86,125.36,6,6,5,5,1.48,7003000000.00,18.97,3.80,2.54
FWONK,LIBERTY MEDIA CORPORATION SERIES C FORMULA ONE GROUP COMMON STOCK,,Etats-Unis,NASDAQ,USD,7.01,0.60,4.53,3.11,3.73,3.75,0.68,0,0,0,0,3.76,6.21,0.00,105.31,6,6,0,0,6.70,8450000000.00,12.38,17.94,1.82
AOSL,ALPHA AND OMEGA SEMICONDUCTOR LIMITED,,Etats-Unis,NASDAQ,USD,-5.22,0.04,-4.92,-5.93,5.07,-2.77,2.31,1,1,0,1,4.04,7.30,138.05,117.12,6,6,1,2,,797901000.00,-6.23,1.63,1.21
SBUX,STARBUCKS CORPORATION,,Etats-Unis,NASDAQ,USD,-23.91,-3.29,11.58,-40.71,14.55,16.81,4.78,4,0,1,0,7.65,9.44,44.73,0.00,6,6,5,0,6.46,-8089200000.00,4.99,1.67,
SBRA,"SABRA HEALTH CARE REIT, INC.",,Etats-Unis,NASDAQ,USD,5.59,0.90,4.29,3.54,2.71,4.00,0.44,0,0,0,0,0.58,4.34,26.67,182.27,6,6,0,0,9.39,2823788000.00,20.08,9.38,1.95
SBLK,STAR BULK CARRIERS CORP.,,Etats-Unis,NASDAQ,USD,3.41,0.50,3.31,9.18,5.65,5.72,2.33,2,3,1,2,3.58,8.43,83.60,90.91,6,6,2,3,4.92,2449263000.00,8.07,4.80,1.55
WTFC,WINTRUST FINANCIAL CORPORATION,,Etats-Unis,NASDAQ,USD,12.11,0.62,,12.05,0.19,,,,2,,0,,2.51,,3.03,0,6,,5,,7258715000.00,30.22,9.54,9.80
SBCF,SEACOAST BANKING CORPORATION OF FLORIDA,,Etats-Unis,NASDAQ,USD,5.53,0.31,,5.59,0.06,,,,0,,0,,0.67,,45.73,0,6,,1,,3055787000.00,22.20,7.25,6.82
SDGR,"SCHRÃ¶DINGER, INC.",,Etats-Unis,NASDAQ,USD,-26.29,0.30,-41.67,-18.90,24.24,-45.32,3.17,0,0,0,0,7.45,11.09,0.00,572.22,6,6,0,0,,364053000.00,-40.36,8.67,1.99
DPZ,DOMINO'S PIZZA INC.,,Etats-Unis,NASDAQ,USD,-15.30,-1.29,60.15,-14.14,1.41,57.42,2.77,6,0,6,0,4.22,0.90,12.03,0.00,6,6,6,0,5.18,-3901142000.00,12.18,5.02,
CRNC,CERENCE INC.,,Etats-Unis,NASDAQ,USD,-12.83,1.44,1.53,-53.84,75.26,1.40,2.73,0,0,0,0,2.10,76.63,134.41,3151.84,6,6,0,0,9.88,150676000.00,-7.43,-7.53,4.19
SWBI,"SMITH & WESSON BRANDS, INC.",,Etats-Unis,NASDAQ,USD,4.93,0.14,4.80,6.18,3.49,5.51,2.67,2,2,2,2,4.48,4.78,96.91,96.32,6,6,3,3,0.68,376559000.00,3.53,-1.12,1.36
CACC,CREDIT ACCEPTANCE CORPORATION,,Etats-Unis,NASDAQ,USD,25.90,4.17,5.43,19.00,6.14,4.01,1.28,1,6,0,3,1.87,5.89,78.09,69.53,6,6,1,6,10.21,1523600000.00,18.53,10.32,5.67
IART,INTEGRA LIFESCIENCES HOLDINGS CORPORATION,,Etats-Unis,NASDAQ,USD,-39.90,1.95,0.41,-12.12,24.16,1.02,1.25,0,0,0,0,2.27,27.07,96.92,477.48,6,6,0,2,98.33,1043463000.00,-31.58,2.99,3.45
CAI,"CARIS LIFE SCIENCES, INC.",,Etats-Unis,NASDAQ,USD,7.09,0.74,6.16,20.23,18.55,-37.42,55.34,0,3,0,1,59.47,4.63,5700.56,82.90,6,6,0,3,-8.22,577307000.00,-8.38,62.87,1.95
BEAM,BEAM THERAPEUTICS INC.,,Etats-Unis,NASDAQ,USD,-8.11,0.12,-49.32,-22.50,18.92,-42.68,18.19,0,0,0,0,11.79,27.88,0.00,0.00,6,6,0,0,,1238358000.00,-57.24,-39.17,1.20
VISN,"VISTANCE NETWORKS, INC.",,Etats-Unis,NASDAQ,USD,-233.72,26.49,0.16,-109.78,175.28,1.45,1.82,0,1,0,0,1.29,123.94,94.14,1750.56,2,2,0,1,205.02,274600000.00,118.23,-54.07,34.13
BDTX,"BLACK DIAMOND THERAPEUTICS, INC.",,Etats-Unis,NASDAQ,USD,22.88,0.17,20.06,-39.24,53.80,20.06,,1,1,1,1,,13.40,,0.00,1,6,1,1,-5.53,112211000.00,31.95,,1.27
CAKE,THE CHEESECAKE FACTORY INCORPORATED,,Etats-Unis,NASDAQ,USD,33.74,4.88,8.66,36.05,4.45,7.45,1.48,0,5,0,3,5.47,44.18,25.22,19.84,6,6,0,5,7.42,436427000.00,3.96,4.44,7.47
IBRX,"IMMUNITYBIO, INC.",,Etats-Unis,NASDAQ,USD,71.17,-1.04,-94.25,86.98,22.50,-117.20,20.02,0,6,0,6,46.42,34.79,0.00,63.14,6,6,0,6,,-499574000.00,-310.25,1249.57,
BCRX,BIOCRYST PHARMACEUTICALS INC.,,Etats-Unis,NASDAQ,USD,-88.68,-3.68,172.11,-3.07,76.97,40.28,115.62,1,5,1,4,37.27,113.74,0.00,109.34,6,6,1,5,0.48,-119153000.00,30.16,62.47,
VIR,VIR BIOTECHNOLOGY INC.,,Etats-Unis,NASDAQ,USD,-45.73,0.13,-70.69,-39.12,6.16,-63.10,6.93,2,2,2,2,9.19,6.77,232.78,192.95,6,6,2,2,,765276000.00,-658.43,29.78,1.31
IBKR,INTERACTIVE BROKERS GROUP INC.,,Etats-Unis,NASDAQ,USD,23.51,0.00,21.06,22.54,0.85,24.97,3.58,4,6,3,3,7.26,4.21,25.05,0.88,6,6,4,6,-0.56,20472000000.00,42.62,14.57,9.93
BWIN,"THE BALDWIN GROUP, INC.",,Etats-Unis,NASDAQ,USD,-5.17,1.63,2.25,-8.14,6.13,1.46,0.88,0,0,0,0,0.47,5.60,92.98,0.00,6,6,0,0,20.71,1084398000.00,-3.64,11.01,3.56
VLY,VALLEY NATIONAL BANCORP,,Etats-Unis,NASDAQ,USD,7.85,0.43,,6.95,1.36,,,,0,,0,,1.66,,45.71,0,6,,0,,7807698000.00,29.52,3.80,8.21
BGC,"BGC GROUP, INC.",,Etats-Unis,NASDAQ,USD,13.36,1.74,6.87,10.19,4.73,4.97,1.73,0,3,0,1,5.07,4.24,136.60,77.19,6,6,0,3,3.80,1145342000.00,5.15,20.76,3.85
HUT,HUT 8 CORP.,,Etats-Unis,NASDAQ,USD,-18.58,0.25,-3.88,-22.32,90.00,14.29,29.09,1,1,1,1,3.51,70.76,142.58,128.25,4,4,1,1,,1689470000.00,-105.48,64.64,1.63
BYND,BEYOND MEAT INC.,,Etats-Unis,NASDAQ,USD,-59.12,-509.50,-47.09,21.32,76.99,-37.57,12.76,0,3,0,3,11.39,61.31,0.00,105.74,6,6,0,3,,-997000.00,64.62,-10.43,
HWC,HANCOCK WHITNEY CORPORATION,,Etats-Unis,NASDAQ,USD,11.32,0.30,,11.31,0.32,,,,2,,0,,7.38,,26.49,0,6,,5,,4460117000.00,32.21,5.08,7.95
HAS,HASBRO INC.,,Etats-Unis,NASDAQ,USD,-36.36,5.83,19.82,-25.66,55.81,11.37,8.84,2,2,0,1,3.73,53.90,75.48,623.63,6,6,2,2,2.28,565500000.00,-6.77,-3.06,9.82
CABA,CABALETTA BIO INC.,,Etats-Unis,NASDAQ,USD,-126.98,0.24,,-75.45,45.73,,,,0,,0,,48.69,,0.00,0,6,,0,,112051000.00,,,1.47
STRL,"STERLING INFRASTRUCTURE, INC.",,Etats-Unis,NASDAQ,USD,32.05,0.32,29.49,31.78,5.72,24.23,5.91,4,6,2,5,3.93,6.45,0.00,14.21,6,6,6,6,-0.10,1106435000.00,12.44,12.36,2.38
ICHR,ICHOR HOLDINGS LTD.,,Etats-Unis,NASDAQ,USD,-7.75,0.24,-3.82,-6.17,2.49,-1.84,1.72,1,2,0,0,6.07,8.80,130.15,149.87,6,6,1,2,,663886000.00,-5.57,8.09,1.42
ICLR,ICON PLC,,Etats-Unis,NASDAQ,USD,2.45,0.39,6.35,5.93,3.11,6.64,0.65,1,1,1,0,0.70,3.07,77.14,86.39,6,6,1,1,2.87,9193384000.00,2.78,0.80,1.77
ILMN,"ILLUMINA, INC.",,Etats-Unis,NASDAQ,USD,33.36,0.94,14.67,-5.19,33.86,6.38,8.62,1,2,0,1,5.57,31.68,121.49,463.38,6,6,2,2,1.13,2723000000.00,19.57,-1.80,2.44
VICR,VICOR CORPORATION,,Etats-Unis,NASDAQ,USD,18.50,0.01,16.05,10.09,8.71,10.63,7.92,4,2,1,0,7.38,4.69,93.48,92.47,6,6,4,3,-9.76,711816000.00,26.20,5.72,1.10
CAR,"AVIS BUDGET GROUP, INC.",,Etats-Unis,NASDAQ,USD,37.13,-9.39,0.50,-46.59,236.46,2.75,3.72,1,3,0,3,4.74,436.33,96.28,259.75,6,6,1,3,152.37,-3042000000.00,-8.72,-5.06,
CART,MAPLEBEAR INC.,,Etats-Unis,NASDAQ,USD,15.93,0.01,16.89,-19.57,59.28,-20.83,65.74,2,3,0,0,70.45,126.09,3878.91,1154.79,5,5,2,3,-1.31,2518000000.00,11.95,10.91,1.46
VIAV,VIAVI SOLUTIONS INC.,,Etats-Unis,NASDAQ,USD,-2.73,0.48,4.69,-0.58,4.65,2.99,1.90,0,0,0,0,2.49,5.10,91.99,142.53,6,6,1,0,0.40,1448500000.00,-2.00,23.19,1.87
CARG,"CARGURUS, INC.",,Etats-Unis,NASDAQ,USD,34.04,0.51,43.03,13.61,17.69,22.88,20.55,5,3,4,3,16.31,10.54,94.21,84.83,6,6,5,4,0.00,374198000.00,17.19,-0.40,1.77
WAY,WAYSTAR HOLDING CORP.,,Etats-Unis,NASDAQ,USD,3.22,0.38,3.32,0.00,2.92,2.60,0.63,0,0,0,0,0.94,0.23,10.17,0.00,5,5,0,0,5.63,3878826000.00,10.20,17.89,1.49
HAIN,"THE HAIN CELESTIAL GROUP, INC.",,Etats-Unis,NASDAQ,USD,-74.88,1.64,2.65,-31.21,37.86,3.14,0.43,0,0,0,0,0.90,39.51,57.26,1352.17,6,6,0,0,13.00,475005000.00,-34.03,-6.82,3.38
BAND,BANDWIDTH INC.,,Etats-Unis,NASDAQ,USD,-3.62,1.20,-1.35,-3.83,1.81,-2.25,1.16,0,0,0,0,1.29,3.43,0.00,200.35,6,6,0,0,,399973000.00,-1.71,11.98,2.63
CALM,CAL-MAINE FOODS INC.,,Etats-Unis,NASDAQ,USD,12.22,0.00,13.20,28.09,24.11,38.31,39.44,4,5,2,2,10.65,8.34,84.24,78.12,6,6,5,5,-2.70,2640532000.00,10.93,11.87,1.18
BBIO,"BRIDGEBIO PHARMA, INC.",,Etats-Unis,NASDAQ,USD,41.48,-0.90,-109.98,43.59,6.12,-154.93,46.66,0,5,0,5,54.01,295.76,0.00,74.93,6,6,0,5,,-2076581000.00,-145.98,634.64,
IDCC,"INTERDIGITAL, INC.",,Etats-Unis,NASDAQ,USD,41.53,0.44,42.89,41.18,8.85,35.35,13.98,4,4,2,3,7.63,15.15,2.39,16.69,6,6,5,4,-1.64,1101120000.00,48.76,23.19,1.87
BBBY,BED BATH & BEYOND INC.,,Etats-Unis,NASDAQ,USD,-44.46,0.10,-44.66,-82.54,44.97,-37.85,7.12,0,0,0,0,21.37,68.09,0.00,0.00,6,6,0,0,,217944000.00,-8.10,-55.79,1.95
HALO,HALOZYME THERAPEUTICS INC.,,Etats-Unis,NASDAQ,USD,153.59,43.89,57.66,191.36,34.78,37.05,18.95,6,6,6,6,14.34,65.90,59.82,52.37,6,6,6,6,2.49,48814000.00,22.69,29.78,16.91
BATRK,"ATLANTA BRAVES HOLDINGS, INC.",,Etats-Unis,NASDAQ,USD,-4.33,1.56,0.95,-13.32,14.31,-1.45,2.09,0,0,0,0,3.16,16.19,359.46,0.00,6,6,0,0,44.41,538182000.00,-3.18,6.93,3.00
IDXX,"IDEXX LABORATORIES, INC.",,Etats-Unis,NASDAQ,USD,66.20,0.61,42.82,68.20,11.67,39.96,2.61,6,6,6,6,2.55,20.51,23.91,48.80,6,6,6,6,0.59,1605383000.00,24.62,8.42,2.09
IDYA,IDEAYA BIOSCIENCES INC.,,Etats-Unis,NASDAQ,USD,-10.92,0.03,-28.87,-22.29,10.91,-47.79,19.01,0,0,0,0,24.57,8.31,0.00,0.00,6,6,0,0,,1022934000.00,-51.99,205.82,1.08
IFRX,INFLARX N.V.,,Etats-Unis,NASDAQ,USD,-88.63,0.02,-143.49,-63.17,22.79,-106.87,34.29,0,0,0,0,41.91,24.48,0.00,0.00,3,6,0,0,,41556781.00,-155582.08,-31.82,1.33
HBAN,HUNTINGTON BANCSHARES INCORPORATED,,Etats-Unis,NASDAQ,USD,10.09,0.76,,10.24,0.33,,,,1,,0,,2.46,,17.48,0,6,,4,,24379000000.00,27.41,5.11,9.23
VIA,"VIA TRANSPORTATION, INC.",,Etats-Unis,NASDAQ,USD,53.52,0.03,-21.72,30.72,22.05,-29.67,9.38,1,3,1,3,20.97,15.54,223.91,109.23,6,6,1,3,,627736000.00,-22.19,32.11,1.17
HUMA,"HUMACYTE, INC.",,Etats-Unis,NASDAQ,USD,164.78,20.86,-131.66,251.71,471.05,-131.66,,0,4,0,3,,111.68,,831.62,1,6,0,4,,3109000.00,-2003.58,,37.43
HTZ,"HERTZ GLOBAL HOLDINGS, INC.",,Etats-Unis,NASDAQ,USD,488.24,-42.11,0.05,111.11,341.26,-0.53,3.57,0,4,0,4,5.21,1088.79,144.98,340.81,6,6,0,4,1340.29,-459000000.00,-8.78,-4.74,
STTK,SHATTUCK LABS INC.,,Etats-Unis,NASDAQ,USD,-60.25,0.03,-96.90,-60.63,6.42,-98.55,11.61,0,0,0,0,22.17,11.88,0.00,0.00,6,6,0,0,,82390000.00,-4880.90,-22.31,1.10
BLMN,BLOOMIN' BRANDS INC.,,Etats-Unis,NASDAQ,USD,5.55,5.96,3.27,11.75,59.57,7.05,4.45,0,3,0,3,7.02,852.04,72.64,123.33,6,6,2,3,17.65,337165000.00,0.33,-7.98,9.41
BLLN,"BILLIONTOONE, INC.",,Etats-Unis,NASDAQ,USD,1.55,0.23,2.38,1.55,,2.38,,0,0,0,0,,,,,1,1,0,0,-24.16,480105000.00,2.44,,1.32
BRKR,BRUKER CORPORATION,,Etats-Unis,NASDAQ,USD,-0.38,0.81,3.11,13.45,17.90,8.33,6.23,3,4,0,3,7.25,15.63,82.90,101.13,6,6,4,4,7.39,2510300000.00,-0.24,7.67,2.49
HELE,HELEN OF TROY LIMITED,,Etats-Unis,NASDAQ,USD,-72.45,1.04,3.72,-18.07,47.12,6.38,2.76,2,2,0,1,3.37,47.91,75.84,453.59,6,6,2,4,7.63,798197000.00,-50.33,-5.61,2.65
HNST,"THE HONEST COMPANY, INC.",,Etats-Unis,NASDAQ,USD,-9.12,0.08,-9.35,-14.12,13.23,-10.40,7.27,0,1,0,1,7.63,18.84,0.00,122.47,6,6,0,1,,169669000.00,-4.22,3.84,1.33
VTRS,VIATRIS INC.,,Etats-Unis,NASDAQ,USD,-21.08,1.00,0.58,-8.02,11.44,0.95,0.49,0,0,0,0,0.45,10.51,78.36,310.80,6,6,0,1,52.01,14711300000.00,-24.58,-3.72,2.53
BRP,BRP INC.,,Etats-Unis,NASDAQ,USD,-15.19,1.60,0.52,-9.24,5.16,0.38,0.29,0,0,0,0,0.31,6.32,92.98,0.00,4,4,0,0,81.78,1018882000.00,-13.46,46.56,3.44
BRZE,"BRAZE, INC.",,Etats-Unis,NASDAQ,USD,-23.80,0.13,-34.00,-25.24,3.54,-36.39,4.79,0,1,0,1,17.25,7.70,0.00,230.42,6,6,0,1,,624156000.00,-17.72,25.08,1.78
BKR,BAKER HUGHES COMPANY,,Etats-Unis,NASDAQ,USD,14.55,0.32,12.83,15.38,2.77,11.55,2.25,2,3,0,0,3.42,53.57,0.39,21.22,6,6,2,3,0.67,19010000000.00,9.46,4.27,2.15
VOR,VOR BIOPHARMA INC.,,Etats-Unis,NASDAQ,USD,2057.65,-0.02,,634.80,1232.36,,,,1,,1,,30.12,,0.00,0,6,,1,,-164312000.00,,,
BKNG,BOOKING HOLDINGS INC.,,Etats-Unis,NASDAQ,USD,-112.61,-3.46,93.63,7429.05,13115.67,73.63,22.26,5,3,5,3,28.38,128.65,0.00,100.77,6,6,5,3,0.23,-5578000000.00,20.08,12.24,
BPOP,POPULAR INC.,,Etats-Unis,NASDAQ,USD,14.05,0.25,,12.40,1.44,,,,3,,1,,2.81,,47.90,0,6,,5,,6249079000.00,27.35,7.34,12.06
HLIT,HARMONIC INC.,,Etats-Unis,NASDAQ,USD,-10.21,0.35,2.31,6.85,16.21,5.68,4.85,0,1,0,1,3.33,14.34,79.45,146.28,6,6,1,1,0.53,383246000.00,-12.01,-22.99,1.87
VRTX,VERTEX PHARMACEUTICALS INCORPORATED,,Etats-Unis,NASDAQ,USD,22.54,0.11,24.09,14.13,14.96,18.15,20.58,5,5,5,5,29.14,15.68,107.63,110.09,6,6,5,5,-1.01,18665800000.00,32.94,10.27,1.37
VRSK,VERISK ANALYTICS INC.,,Etats-Unis,NASDAQ,USD,437.95,15.82,31.34,315.01,221.94,26.06,7.09,4,6,2,6,5.65,20.94,10.57,8.94,6,6,6,6,2.03,309800000.00,29.56,7.05,20.00
VRNS,"VARONIS SYSTEMS, INC.",,Etats-Unis,NASDAQ,USD,-24.53,0.87,-23.94,-21.71,2.44,-24.25,3.51,0,0,0,0,5.38,44.47,0.00,0.00,6,6,0,0,,598656000.00,-20.74,11.77,2.99
VREX,VAREX IMAGING CORPORATION,,Etats-Unis,NASDAQ,USD,-13.50,0.81,5.16,-4.40,11.59,4.29,2.19,0,0,0,0,4.98,9.34,73.36,256.25,6,6,0,0,3.64,486600000.00,-8.28,-2.77,2.28
HLNE,HAMILTON LANE INC.,,Etats-Unis,NASDAQ,USD,32.44,0.24,19.02,36.00,3.40,22.08,3.25,6,6,2,6,3.50,4.89,25.38,23.38,6,6,6,6,-0.02,1466539000.00,51.08,17.06,1.57
VSEC,VSE CORPORATION,,Etats-Unis,NASDAQ,USD,0.96,0.24,5.68,3.40,3.44,6.16,0.81,0,0,0,0,3.35,2.07,105.23,86.92,6,6,0,0,2.30,1438808000.00,1.05,13.69,1.41
VSNT,"VERSANT MEDIA GROUP, INC.",,Etats-Unis,NASDAQ,USD,8.73,0.09,8.32,11.33,2.32,10.68,2.09,1,2,0,0,3.08,3.35,32.47,33.81,3,3,2,2,0.73,10402000000.00,13.92,-5.21,1.19
BMRN,BIOMARIN PHARMACEUTICAL INC.,,Etats-Unis,NASDAQ,USD,5.94,0.10,5.75,5.83,2.27,5.00,2.64,0,1,0,1,2.71,3.78,19.92,107.36,6,6,0,1,-5.53,6086999000.00,10.83,15.39,1.25
BMEA,"BIOMEA FUSION, INC.",,Etats-Unis,NASDAQ,USD,-152.35,0.05,,-120.72,34.20,,,,0,,0,,38.85,,0.00,0,6,,0,,29552000.00,,,1.98
BMBL,BUMBLE INC.,,Etats-Unis,NASDAQ,USD,-88.20,0.88,10.77,-43.32,44.08,5.97,4.75,0,1,0,0,4.12,64.63,0.00,813.02,5,5,1,1,1.76,681109000.00,-92.72,-4.18,2.09
VSAT,VIASAT INC.,,Etats-Unis,NASDAQ,USD,0.08,1.47,-0.50,-11.51,11.90,-3.12,4.07,0,1,0,1,3.76,15.06,0.00,171.06,6,6,0,1,48.03,4729262000.00,0.08,4.08,3.22
HON,HONEYWELL INTERNATIONAL INC.,,Etats-Unis,NASDAQ,USD,27.91,2.37,10.62,31.25,2.97,12.78,2.11,5,6,0,6,2.16,1.66,28.72,16.91,6,6,6,6,3.45,15030000000.00,12.75,1.06,4.90
HONA,HONEYWELL AEROSPACE INC.,,Etats-Unis,NASDAQ,USD,20.95,0.03,22.60,26.61,8.00,24.72,3.00,2,2,2,2,2.12,5.66,15.80,35.08,2,2,2,2,0.02,8496000000.00,10.43,12.68,2.08
HRZN,HORIZON TECHNOLOGY FINANCE CORPORATION,,Etats-Unis,NASDAQ,USD,-0.81,1.49,,-2.62,2.40,,,,1,,0,,4.20,,144.11,0,6,,1,,318502000.00,-36.87,,2.55
BIIB,BIOGEN INC.,,Etats-Unis,NASDAQ,USD,7.39,0.36,8.74,8.66,1.53,7.88,1.03,3,3,0,2,3.30,4.67,64.75,80.55,6,6,3,4,1.12,18256800000.00,13.07,0.28,1.61
HSIC,"HENRY SCHEIN, INC.",,Etats-Unis,NASDAQ,USD,8.70,0.72,6.49,8.52,0.48,6.65,0.36,0,2,0,0,1.01,0.88,41.61,45.75,6,6,2,2,4.33,4794000000.00,3.18,3.37,2.34
HST,HOST HOTELS & RESORTS INC.,,Etats-Unis,NASDAQ,USD,11.49,0.84,5.62,10.95,0.55,5.40,0.19,0,0,0,0,8.14,13.73,3.47,5.29,6,6,0,3,5.86,6732000000.00,12.69,7.29,1.94
SUJA,"SUJA LIFE, INC.",,Etats-Unis,NASDAQ,USD,-28.50,1.02,-4.09,-18.52,8.86,-1.90,2.11,0,0,0,0,2.34,13.03,3246.15,0.00,3,3,0,0,,185046000.00,-10.57,20.64,2.30
BUSE,FIRST BUSEY CORPORATION,,Etats-Unis,NASDAQ,USD,7.02,0.13,,8.57,1.56,,,,0,,0,,1.38,,32.56,0,6,,2,,2468982000.00,18.80,27.62,7.33
BHF,BRIGHTHOUSE FINANCIAL INC.,,Etats-Unis,NASDAQ,USD,7.39,0.46,0.35,-1.88,16.44,0.34,0.02,0,1,0,1,0.01,18.18,0.00,158.59,2,6,0,1,-136.49,6833000000.00,6.85,27.20,35.39
HTLD,HEARTLAND EXPRESS INC.,,Etats-Unis,NASDAQ,USD,-6.65,0.21,-4.06,-2.82,4.23,-1.91,2.03,0,1,0,0,5.20,9.24,154.13,139.40,6,6,0,2,,755319000.00,-6.51,-18.31,1.58
BVS,BIOVENTUS INC. CLASS A COMMON STOCK,,Etats-Unis,NASDAQ,USD,13.17,1.29,8.34,-23.39,37.51,3.97,4.11,0,1,0,0,3.46,37.30,140.66,705.09,6,6,0,2,4.31,228447000.00,4.80,5.30,2.99
HCAT,HEALTH CATALYST INC.,,Etats-Unis,NASDAQ,USD,-58.26,0.70,-10.58,-35.70,20.28,-20.98,11.51,0,0,0,0,3.22,14.81,0.00,0.00,6,6,0,0,,245780000.00,-57.20,2.54,2.05
BIOA,"BIOAGE LABS, INC.",,Etats-Unis,NASDAQ,USD,-27.09,0.02,-51.67,-25.80,69.83,-51.67,,0,2,0,2,,73.45,,312.67,1,4,0,2,,272051000.00,-896.11,,1.08
TBLA,TABOOLA.COM LTD.,,Etats-Unis,NASDAQ,USD,4.32,0.21,3.77,-1.57,6.58,0.06,4.86,0,1,0,0,4.47,5.40,147.22,147.61,6,6,1,1,-1.08,907195000.00,2.21,15.24,1.77
BSP,BENDING SPOONS S.P.A.,,Etats-Unis,NASDAQ,USD,2.74,2.69,13.54,8.36,7.95,10.75,3.95,1,1,0,0,2.79,5.62,0.00,80.40,2,2,1,1,4.03,994863000.00,0.86,288.72,4.78
BSY,"BENTLEY SYSTEMS, INCORPORATED CLASS B",,Etats-Unis,NASDAQ,USD,24.91,1.08,11.22,31.37,11.67,9.14,2.22,1,6,1,6,2.03,5.55,74.63,45.67,6,6,2,6,3.20,1189492000.00,18.50,10.57,2.99
HOOD,"ROBINHOOD MARKETS, INC.",,Etats-Unis,NASDAQ,USD,21.99,1.27,19.34,11.10,16.54,7.77,14.34,2,2,0,1,15.47,52.95,0.00,0.00,6,6,2,2,0.56,9151000000.00,42.10,54.87,4.17
HOPE,HOPE BANCORP INC.,,Etats-Unis,NASDAQ,USD,2.79,0.20,,4.64,1.84,,,,0,,0,,1.98,,73.73,0,6,,1,,2283268000.00,12.35,-6.58,8.12
HOWL,"WEREWOLF THERAPEUTICS, INC.",,Etats-Unis,NASDAQ,USD,-123.88,1.52,,-77.40,45.96,-67.25,27.81,0,1,0,1,30.24,46.30,0.00,527.17,3,6,0,1,,24805000.00,,,2.80
STX,SEAGATE TECHNOLOGY HOLDINGS PLC,,Etats-Unis,NASDAQ,USD,371.53,1.78,69.27,65.16,272.72,38.00,30.93,4,4,4,4,20.04,205.67,97.57,133.91,6,6,4,4,0.51,2167000000.00,26.11,36.44,4.60
BIRD,"ALLBIRDS, INC.",,Etats-Unis,NASDAQ,USD,-112.33,1.10,-78.51,-79.36,28.63,-60.83,17.07,0,1,0,1,26.97,41.92,0.00,210.80,6,6,0,1,,35914000.00,-50.69,-22.53,3.05
HCSG,HEALTHCARE SERVICES GROUP INC.,,Etats-Unis,NASDAQ,USD,11.69,0.02,9.19,9.57,1.85,8.42,0.72,1,1,1,1,0.97,1.34,69.67,61.73,6,6,2,3,-2.84,510210000.00,3.21,4.84,1.56
VNOM,VIPER ENERGY INC. CLASS A COMMON STOCK,,Etats-Unis,NASDAQ,USD,-2.89,0.21,5.27,11.44,12.43,10.07,5.11,2,4,0,1,4.90,18.15,69.61,110.05,6,6,3,4,3.46,10363000000.00,-14.78,29.85,1.22
BTSG,"BRIGHTSPRING HEALTH SERVICES, INC.",,Etats-Unis,NASDAQ,USD,10.69,1.44,4.83,-4.53,16.74,3.57,1.20,0,0,0,0,0.68,14.01,40.24,436.23,6,6,0,1,8.87,1886366000.00,1.46,20.94,3.40
HQY,HEALTHEQUITY INC.,,Etats-Unis,NASDAQ,USD,10.19,0.48,8.20,5.89,3.83,5.63,2.51,0,0,0,0,1.50,3.21,62.45,528.13,6,6,0,1,2.08,2107196000.00,16.38,14.63,1.60
HUBG,HUB GROUP INC.,,Etats-Unis,NASDAQ,USD,6.26,0.30,4.38,13.63,9.45,9.74,7.02,1,2,0,1,2.11,3.06,75.24,74.22,6,6,1,3,2.95,1691951000.00,2.64,-14.04,1.70
CBC,"CENTRAL BANCOMPANY, INC.",,Etats-Unis,NASDAQ,USD,11.34,0.00,,10.82,0.46,,,,0,,0,,0.50,,2.06,0,5,,4,,3783977000.00,38.27,10.26,5.48
WBD,"WARNER BROS. DISCOVERY, INC.",,Etats-Unis,NASDAQ,USD,2.08,0.88,0.84,-10.87,15.62,-0.01,0.79,0,0,0,0,2.43,19.57,151.10,357.86,6,6,0,1,21.39,37166000000.00,2.01,-5.00,2.69
CNDT,CONDUENT INC.,,Etats-Unis,NASDAQ,USD,-22.25,1.23,-3.01,-0.91,51.39,-0.58,3.25,0,1,0,1,3.41,15.04,164.45,138.55,6,6,0,1,,685000000.00,-5.59,-9.60,3.50
CNXC,CONCENTRIX CORPORATION,,Etats-Unis,NASDAQ,USD,-37.70,1.69,4.95,-7.46,26.23,5.44,0.86,0,2,0,0,0.79,26.52,51.71,328.76,6,6,1,2,7.07,2744345000.00,-13.02,17.52,3.92
AXON,"AXON ENTERPRISE, INC.",,Etats-Unis,NASDAQ,USD,4.48,0.59,-4.21,11.91,7.33,1.01,5.35,0,3,0,0,11.82,9.81,155.91,76.59,6,6,0,3,,3242658000.00,4.48,33.34,2.16
GNTX,GENTEX CORPORATION,,Etats-Unis,NASDAQ,USD,15.50,0.00,17.07,17.33,2.07,18.62,1.99,6,6,3,0,1.94,1.33,18.83,20.80,6,6,6,6,-0.30,2490931937.00,15.18,4.99,1.18
INCY,INCYTE CORPORATION,,Etats-Unis,NASDAQ,USD,29.87,0.01,41.29,14.38,14.65,17.96,21.40,4,3,2,2,18.06,13.80,103.02,97.44,6,6,4,3,-2.64,5167478000.00,25.03,17.95,1.35
COCO,"THE VITA COCO COMPANY, INC.",,Etats-Unis,NASDAQ,USD,24.16,0.04,38.47,25.19,1.70,40.30,4.79,5,5,5,4,21.05,11.39,94.80,81.50,6,6,5,5,-2.21,331542000.00,11.70,11.15,1.39
COGT,"COGENT BIOSCIENCES, INC.",,Etats-Unis,NASDAQ,USD,-73.70,0.38,,-82.73,14.57,,,0,0,0,0,,19.97,,0.00,1,6,0,0,,636371000.00,,,1.47
COHU,COHU INC.,,Etats-Unis,NASDAQ,USD,-9.04,0.42,-7.61,-4.59,6.61,-4.44,6.57,2,1,0,1,8.86,7.18,152.56,137.68,6,6,2,2,,785539000.00,-16.40,-15.63,1.58
COIN,"COINBASE GLOBAL, INC.",,Etats-Unis,NASDAQ,USD,10.05,0.53,12.93,14.27,15.21,14.53,16.56,4,3,3,3,34.21,39.54,137.36,144.94,6,6,4,4,-2.80,14793058000.00,17.55,52.00,2.01
COKE,COCA-COLA CONSOLIDATED INC.,,Etats-Unis,NASDAQ,USD,168.34,-3.93,22.47,81.58,75.39,21.71,2.21,5,6,2,6,6.52,7.37,4.10,31.99,6,6,5,6,2.76,-739723000.00,7.89,4.23,
COLB,"COLUMBIA BANKING SYSTEM, INC.",,Etats-Unis,NASDAQ,USD,8.49,0.46,,9.46,1.04,,,,2,,0,,38.27,,44.91,0,6,,3,,7840000000.00,23.90,7.34,8.52
COLL,COLLEGIUM PHARMACEUTICAL INC.,,Etats-Unis,NASDAQ,USD,23.70,2.70,11.64,27.00,4.89,13.24,1.68,3,5,1,4,5.55,21.97,77.51,134.19,6,6,4,5,2.40,301675000.00,8.05,17.36,5.49
CMTL,COMTECH TELECOMMUNICATIONS CORP.,,Etats-Unis,NASDAQ,USD,-39.81,0.85,-6.40,-21.30,17.60,-2.68,3.23,0,0,0,0,3.28,18.11,276.31,3210.16,6,6,0,0,,293967000.00,-31.09,-4.70,2.52
CLBT,CELLEBRITE DI LTD.,,Etats-Unis,NASDAQ,USD,19.10,0.05,14.87,-94.62,98.49,15.65,1.17,4,2,0,1,9.82,825.83,103.81,16615.45,6,6,4,2,-6.23,484318000.00,16.47,20.96,1.94
CLMT,"CALUMET, INC.",,Etats-Unis,NASDAQ,USD,7.09,-5.05,2.02,17.16,41.19,5.53,7.52,1,4,0,4,4.57,52.13,97.18,115.60,6,6,1,4,43.06,-487100000.00,-0.82,-0.53,
CLNE,CLEAN ENERGY FUELS CORP.,,Etats-Unis,NASDAQ,USD,-34.66,0.58,-9.68,-19.96,12.78,-7.30,3.21,0,0,0,0,3.38,12.80,0.00,0.00,6,6,0,0,,565067000.00,-52.41,-0.04,1.87
CLOV,"CLOVER HEALTH INVESTMENTS, CORP.",,Etats-Unis,NASDAQ,USD,-26.33,0.00,-29.52,-35.46,27.48,-43.01,31.87,0,2,0,2,102.41,42.01,0.00,104.76,6,6,0,2,,308704000.00,-4.45,-2.73,1.75
GO,GROCERY OUTLET HOLDING CORP,,Etats-Unis,NASDAQ,USD,-20.62,1.84,2.14,-3.51,14.92,2.49,0.90,0,0,0,0,0.92,15.64,48.15,278.22,6,6,0,1,20.00,983663000.00,-4.80,8.68,3.14
GOGO,GOGO INC.,,Etats-Unis,NASDAQ,USD,15.16,8.96,6.57,-145.46,286.74,6.88,4.99,4,3,2,2,9.73,271.42,91.72,1321.82,6,6,4,3,6.84,101129000.00,1.42,51.33,12.89
STOK,STOKE THERAPEUTICS INC.,,Etats-Unis,NASDAQ,USD,-2.37,0.01,-10.34,-36.32,30.35,-53.74,37.95,0,0,0,0,7.68,13.85,0.00,0.00,4,6,0,0,,352457000.00,-3.73,358.31,1.19
CMCSA,COMCAST CORP,,Etats-Unis,NASDAQ,USD,21.41,1.02,6.79,19.46,1.70,7.74,1.02,0,4,0,1,0.59,6.98,22.93,62.22,6,6,0,5,4.33,97376000000.00,15.89,0.87,2.80
CME,CME GROUP INC.,,Etats-Unis,NASDAQ,USD,14.75,0.12,9.69,13.34,1.36,8.94,0.90,0,3,0,0,1.24,1.95,0.00,0.00,6,6,0,3,-0.26,28728200000.00,62.45,8.11,6.91
AYA,AYA GOLD & SILVER INC.,,Etats-Unis,NASDAQ,USD,10.92,0.27,8.81,10.92,,8.81,,0,0,0,0,,,,,1,1,0,1,-0.40,423824000.00,22.90,,1.49
AXTI,"AXT, INC.",,Etats-Unis,NASDAQ,USD,-7.87,0.19,-5.33,-6.41,1.73,-4.56,1.16,0,0,0,0,5.08,5.34,180.15,219.60,6,6,0,0,,334631000.00,-26.27,7.95,1.30
WFRD,WEATHERFORD INTERNATIONAL PLC,,Etats-Unis,NASDAQ,USD,30.68,0.97,20.73,47.18,15.32,23.65,2.55,3,3,3,3,14.19,136.87,18.39,49.67,6,6,3,3,0.88,1696000000.00,9.29,-2.14,3.06
COLM,COLUMBIA SPORTSWEAR COMPANY,,Etats-Unis,NASDAQ,USD,10.16,0.28,15.40,11.72,1.43,13.28,2.11,4,4,1,0,4.87,4.05,48.50,45.17,6,6,5,5,-1.33,1710143000.00,5.22,-1.30,1.15
WING,WINGSTOP INC.,,Etats-Unis,NASDAQ,USD,-24.68,-1.72,35.93,-20.14,4.15,39.68,3.82,6,0,6,0,2.64,5.48,17.54,0.00,6,6,6,0,5.78,-736762000.00,25.01,23.07,
GLXY,GALAXY DIGITAL INC. CLASS A COMMON STOCK,,Etats-Unis,NASDAQ,USD,-11.90,1.76,10.49,-2.10,13.87,10.49,,0,0,0,0,,9.81,,254.35,1,2,1,0,4.17,3034777000.00,-0.40,,3.74
CPRT,COPART INC.,,Etats-Unis,NASDAQ,USD,18.48,0.01,30.05,20.64,2.46,30.28,0.93,6,6,6,5,2.96,4.82,10.83,40.62,6,6,6,6,-2.76,9207491000.00,33.32,9.59,1.10
CRBU,"CARIBOU BIOSCIENCES, INC.",,Etats-Unis,NASDAQ,USD,-78.97,0.22,-93.87,-52.49,24.55,-70.91,23.82,0,1,0,1,97.56,27.53,0.00,153.95,6,6,0,1,,122175000.00,-1327.40,-43.11,1.44
GH,GUARDANT HEALTH INC.,,Etats-Unis,NASDAQ,USD,348.42,-17.22,-46.70,-1558.06,2650.29,-52.42,6.24,0,1,0,1,8.15,2589.35,0.00,0.00,6,6,0,1,,-99307000.00,-42.39,31.96,
WIX,WIX.COM LTD.,,Etats-Unis,NASDAQ,USD,-22.77,-4.33,-5.57,-83.74,107.26,-0.72,9.03,0,1,0,1,20.17,98.71,157.42,128.71,6,6,0,1,231.80,-366002000.00,2.54,12.97,
CRCT,"CRICUT, INC.",,Etats-Unis,NASDAQ,USD,18.93,0.03,28.09,13.45,5.09,19.61,7.65,6,4,3,2,8.11,5.85,88.78,86.85,6,6,6,4,-5.42,343561000.00,10.82,-3.75,1.69
CRDO,CREDO TECHNOLOGY GROUP HOLDING LTD.,,Etats-Unis,NASDAQ,USD,34.41,0.01,53.88,12.19,20.64,17.46,33.39,1,2,1,2,9.85,11.94,0.00,132.06,6,6,2,2,-3.19,2063612000.00,35.37,163.04,1.11
STNE,STONECO LTD.,,Etats-Unis,NASDAQ,USD,20.46,1.59,29.88,6.89,16.43,34.28,4.02,4,1,3,1,14.73,9.67,50.32,272.27,6,6,4,2,1.40,11034771000.00,17.46,8.59,5.65
GFS,GLOBALFOUNDRIES INC.,,Etats-Unis,NASDAQ,USD,7.79,0.14,5.62,5.02,6.47,6.57,2.99,1,1,0,0,11.03,13.16,70.11,114.81,6,6,1,1,-4.02,11983000000.00,13.08,-4.15,1.43
AVGO,BROADCOM INC.,,Etats-Unis,NASDAQ,USD,31.05,0.80,13.64,34.74,23.94,16.07,7.93,4,6,2,4,4.98,13.66,61.29,78.68,6,6,4,6,1.88,81292000000.00,36.20,33.55,2.10
AVPT,"AVEPOINT, INC.",,Etats-Unis,NASDAQ,USD,9.37,0.02,11.83,-3.86,11.53,2.36,10.18,0,0,0,0,19.80,41.12,0.00,0.00,6,6,1,0,-14.26,478699000.00,8.37,24.23,1.65
GILD,GILEAD SCIENCES INC.,,Etats-Unis,NASDAQ,USD,40.66,1.10,24.48,22.83,19.33,18.91,4.90,6,4,1,4,2.42,18.16,11.05,92.75,6,6,6,4,1.31,22618000000.00,28.90,4.20,2.61
GILT,GILAT SATELLITE NETWORKS LTD.,,Etats-Unis,NASDAQ,USD,5.15,0.02,3.92,7.60,2.13,5.32,1.34,0,1,0,0,6.74,7.17,40.61,117.20,6,6,0,1,-9.40,500278000.00,4.59,30.28,1.49
GLUE,"MONTE ROSA THERAPEUTICS, INC.",,Etats-Unis,NASDAQ,USD,-16.94,0.17,-29.87,-37.72,21.61,-40.13,14.51,0,1,0,1,10.26,16.25,0.00,181.58,2,6,0,1,,233056000.00,-31.23,,1.93
COMM,"COMMSCOPE HOLDING COMPANY, INC.",,Etats-Unis,NASDAQ,USD,-233.72,26.49,0.16,-29.75,185.49,2.34,2.04,0,2,0,1,1.30,323.76,96.20,281.42,6,6,0,2,205.02,274600000.00,118.23,-42.24,34.13
GLPI,"GAMING AND LEISURE PROPERTIES, INC.",,Etats-Unis,NASDAQ,USD,17.62,1.50,8.22,17.59,0.07,8.27,0.23,0,6,0,0,0.18,0.07,5.28,7.35,6,6,0,6,6.03,5008260000.00,53.32,5.22,2.58
GLNG,GOLAR LNG LTD.,,Etats-Unis,NASDAQ,USD,5.07,1.34,2.15,2.74,2.62,1.07,1.05,0,2,0,2,0.99,8.72,96.92,100.27,6,6,0,2,11.29,2067554000.00,28.61,14.83,2.58
COO,"THE COOPER COMPANIES, INC.",,Etats-Unis,NASDAQ,USD,4.59,0.30,4.00,4.54,0.51,3.97,0.37,0,1,0,1,0.44,0.82,29.53,92.69,6,6,0,1,3.51,8239100000.00,9.16,6.72,1.50
AVXL,ANAVEX LIFE SCIENCES CORP.,,Etats-Unis,NASDAQ,USD,-43.11,0.00,,-36.44,5.78,,,,0,,0,,34.00,,0.00,0,6,,0,,94869000.00,,,1.09
GLBE,GLOBAL-E ONLINE LTD.,,Etats-Unis,NASDAQ,USD,7.48,0.03,12.92,-5.19,11.40,-3.82,14.78,2,0,0,0,10.88,9.82,242.06,0.00,6,6,2,0,-8.36,932684000.00,7.10,29.93,1.57
CORZ,"CORE SCIENTIFIC, INC.",,Etats-Unis,NASDAQ,USD,32.38,-1.21,-16.92,88.99,84.07,-5.43,10.16,0,3,0,3,9.56,277.98,254.95,7058.46,6,6,1,3,,-962740000.00,-90.47,-20.31,
COST,COSTCO WHOLESALE CORPORATION,,Etats-Unis,NASDAQ,USD,30.69,0.28,25.05,29.50,1.72,23.62,1.77,6,6,5,6,2.54,4.33,9.19,9.89,6,6,6,6,-0.68,29164000000.00,2.94,6.58,2.64
CPB,THE CAMPBELL'S COMPANY,,Etats-Unis,NASDAQ,USD,,1.85,,16.18,0.05,8.91,0.33,0,5,0,3,0.36,10.28,13.20,58.62,5,5,1,5,,3904000000.00,,6.40,3.82
AVT,AVNET INC.,,Etats-Unis,NASDAQ,USD,6.67,0.69,7.30,7.27,2.79,7.41,1.03,2,2,0,0,2.11,3.21,50.80,71.98,6,6,2,3,3.86,5022503000.00,1.21,7.85,3.07
CLBK,COLUMBIA FINANCIAL INC.,,Etats-Unis,NASDAQ,USD,4.62,1.02,,2.32,3.02,,,,0,,0,,3.76,,112.49,0,6,,0,,1160728000.00,20.01,5.31,9.49
WETF,WISDOMTREE INVESTMENTS INC,,Etats-Unis,NASDAQ,USD,-140.03,-15.71,11.99,23.10,141.31,8.03,3.54,0,2,0,2,1.75,241.41,0.00,229.72,3,3,1,2,0.48,-20312000.00,16.36,6.48,
GOOG,ALPHABET INC.,,Etats-Unis,NASDAQ,USD,35.70,0.14,33.03,31.99,4.25,34.29,1.88,6,6,6,5,5.26,7.70,24.54,26.35,6,6,6,6,-0.52,415265000000.00,32.81,14.48,1.43
WERN,WERNER ENTERPRISES INC.,,Etats-Unis,NASDAQ,USD,-1.59,0.54,1.42,2.66,4.50,2.58,1.77,0,3,0,1,4.43,8.90,87.04,107.78,6,6,1,3,12.38,1391005000.00,-0.77,-4.82,2.08
GTX,GARRETT MOTION INC.,,Etats-Unis,NASDAQ,USD,-42.03,-1.83,40.94,-47.81,11.76,38.70,2.50,6,0,5,0,13.43,54.69,9.02,0.00,6,6,6,0,2.63,-802000000.00,8.65,-3.96,
CEG,CONSTELLATION ENERGY CORPORATION,,Etats-Unis,NASDAQ,USD,16.36,0.61,6.01,20.13,8.73,6.15,2.64,0,3,0,1,2.15,8.64,269.81,136.71,6,6,0,3,1.27,14853000000.00,9.10,1.23,3.85
GTM,ZOOMINFO TECHNOLOGIES INC.,,Etats-Unis,NASDAQ,USD,7.76,1.04,2.65,4.74,4.27,2.07,0.83,0,0,0,0,0.59,3.02,0.00,0.00,2,2,0,0,5.38,1508700000.00,9.94,2.90,4.27
GTLB,GITLAB INC.,,Etats-Unis,NASDAQ,USD,-6.31,0.00,-18.10,-22.31,32.17,-33.55,13.81,0,1,0,1,56.86,35.55,0.00,171.39,6,6,0,1,,1036248000.00,-6.13,28.34,1.66
GT,THE GOODYEAR TIRE & RUBBER COMPANY,,Etats-Unis,NASDAQ,USD,-40.92,2.13,3.44,-17.68,21.41,3.42,0.38,0,1,0,0,2.99,27.76,48.29,321.43,6,6,0,1,9.90,3403000000.00,-9.30,-4.55,5.35
CECO,CECO ENVIRONMENTAL CORP.,,Etats-Unis,NASDAQ,USD,18.47,0.74,6.24,10.24,7.13,7.17,0.81,0,1,0,0,2.61,3.22,44.56,75.81,6,6,0,1,4.00,323182000.00,6.86,19.22,2.77
WBTN,WEBTOON ENTERTAINMENT INC.,,Etats-Unis,NASDAQ,USD,-26.82,0.02,-7.02,-15.82,9.53,-5.37,3.19,0,0,0,0,0.97,11.67,0.00,0.00,4,4,0,0,,1228272000.00,-27.00,3.82,1.30
CENX,CENTURY ALUMINUM COMPANY,,Etats-Unis,NASDAQ,USD,1.98,0.59,6.81,17.21,41.06,5.49,3.09,0,1,0,1,5.16,17.18,88.73,96.89,6,6,0,1,2.62,929900000.00,0.63,7.55,2.44
CERT,"CERTARA, INC.",,Etats-Unis,NASDAQ,USD,-0.15,0.29,1.09,-2.17,2.68,0.46,0.60,0,0,0,0,1.58,3.55,104.88,474.82,6,6,0,0,5.55,1062795000.00,-0.38,8.72,1.46
AZTA,"AZENTA, INC.",,Etats-Unis,NASDAQ,USD,-3.19,0.03,-2.07,-3.77,3.61,-4.21,1.86,0,1,0,1,2.46,6.86,0.00,108.39,6,6,0,1,,1726986000.00,-9.39,-5.51,1.19
CEVA,CEVA INC.,,Etats-Unis,NASDAQ,USD,-3.53,0.05,-8.22,-3.79,0.66,-8.32,1.20,0,0,0,0,4.00,3.09,531.08,5873.33,6,6,0,0,,336458000.00,-9.71,6.07,1.15
CDXS,CODEXIS INC.,,Etats-Unis,NASDAQ,USD,-74.88,1.45,-48.45,-75.27,9.58,-61.75,16.32,0,0,0,0,29.03,32.41,0.00,0.00,6,6,0,0,,50529000.00,-62.47,0.17,2.92
CDW,CDW CORPORATION,,Etats-Unis,NASDAQ,USD,43.02,2.22,13.15,50.88,8.92,14.29,1.17,6,6,0,6,1.54,12.22,29.87,56.42,6,6,6,6,3.12,2606100000.00,4.76,2.42,6.15
SVC,SERVICE PROPERTIES TRUST,,Etats-Unis,NASDAQ,USD,-27.01,8.26,2.50,-18.68,14.01,2.22,0.26,0,0,0,0,1.77,7.25,512.50,0.00,6,6,0,0,23.63,646124000.00,-11.15,-1.59,10.05
CBRL,"CRACKER BARREL OLD COUNTRY STORE, INC.",,Etats-Unis,NASDAQ,USD,10.29,2.55,3.22,13.02,6.00,4.21,1.83,0,3,0,2,1.92,13.96,55.54,81.16,6,6,0,4,15.18,461689000.00,1.33,0.59,4.68
CBRS,CEREBRAS SYSTEMS INC.,,Etats-Unis,NASDAQ,USD,-30.78,-0.45,-17.76,19.05,47.22,-57.40,56.07,0,3,0,3,6.57,44.26,0.00,148.76,3,4,0,3,,-578655000.00,46.63,154.49,
CBSH,"COMMERCE BANCSHARES, INC.",,Etats-Unis,NASDAQ,USD,15.97,0.00,,16.92,0.93,,,,5,,0,,3.50,,10.38,0,6,,6,,3814772000.00,32.28,5.57,8.63
CCCC,C4 THERAPEUTICS INC.,,Etats-Unis,NASDAQ,USD,-44.44,0.23,-53.61,-46.51,2.65,-58.48,4.22,0,0,0,0,8.88,5.82,0.00,0.00,6,6,0,0,,256587000.00,-292.08,31.60,1.40
CCEP,COCA-COLA EUROPACIFIC PARTNERS PLC,,Etats-Unis,NASDAQ,USD,22.89,1.29,9.68,19.96,2.93,8.72,0.98,0,5,0,2,1.41,6.31,9.92,23.91,6,6,0,5,3.16,8303000000.00,9.47,6.86,3.60
CCOI,"COGENT COMMUNICATIONS HOLDINGS, INC.",,Etats-Unis,NASDAQ,USD,-229.15,-41.69,-3.37,840.98,1699.91,-5.05,1.46,2,1,0,1,8.95,129.71,148.75,108.18,6,6,3,1,,-63848000.00,-18.67,1.83,
CCXI,CHEMOCENTRYX INC,,Etats-Unis,NASDAQ,USD,121.03,0.00,-31.70,47.73,63.49,-26.50,6.52,0,2,0,1,9.53,1.38,0.00,17.23,4,4,0,3,,399788865.00,-413.03,-5.80,1.04
CDNS,"CADENCE DESIGN SYSTEMS, INC.",,Etats-Unis,NASDAQ,USD,21.85,0.48,21.70,27.28,6.09,27.18,7.65,6,6,6,6,10.41,3.03,51.03,35.47,6,6,6,6,-0.33,5474181000.00,20.94,13.80,1.85
GSAT,"GLOBALSTAR, INC.",,Etats-Unis,NASDAQ,USD,-2.42,1.54,0.75,-8.89,7.51,0.25,0.44,0,0,0,0,3.27,31.56,250.00,0.00,6,6,0,0,6.74,355729000.00,-3.17,10.44,6.54
CFFN,"CAPITOL FEDERAL FINANCIAL, INC.",,Etats-Unis,NASDAQ,USD,6.54,1.86,,0.23,8.55,,,,0,,0,,8.74,,231.58,0,6,,0,,1047677000.00,34.32,,9.33
CGBD,"CARLYLE SECURED LENDING, INC.",,Etats-Unis,NASDAQ,USD,6.75,1.31,,8.87,1.84,,,,1,,0,,5.28,,61.05,0,6,,2,,1167388000.00,86.40,-10.49,2.39
GRAL,"GRAIL, INC.",,Etats-Unis,NASDAQ,USD,-16.07,0.02,-20.53,-37.65,25.59,-18.54,3.38,0,2,0,2,1.71,169.82,0.00,1243.98,4,6,0,2,,2577862000.00,-277.47,25.73,1.13
GRAB,GRAB HOLDINGS LIMITED,,Etats-Unis,NASDAQ,USD,3.05,0.30,1.03,-2.27,5.22,-5.09,6.12,0,1,0,1,15.46,235.37,0.00,1045.13,6,6,0,1,-36.86,6757000000.00,5.93,19.52,1.77
CHRD,CHORD ENERGY CORP,,Etats-Unis,NASDAQ,USD,0.53,0.20,1.06,11.28,10.27,9.76,8.78,3,4,2,3,10.17,224.78,97.06,99.16,6,6,3,4,7.61,8079954000.00,0.91,11.88,1.62
CHRW,"C.H. ROBINSON WORLDWIDE, INC.",,Etats-Unis,NASDAQ,USD,32.91,0.76,18.99,28.67,4.80,15.35,3.77,5,6,2,6,3.78,5.25,55.05,57.90,6,6,6,6,1.55,1845647000.00,3.62,-3.95,2.74
CHTR,CHARTER COMMUNICATIONS INC,,Etats-Unis,NASDAQ,USD,28.67,4.73,7.31,33.75,4.96,7.31,0.20,0,6,0,5,1.09,12.43,2.66,25.71,6,6,0,6,7.25,20519000000.00,10.53,0.15,7.52
CHYM,"CHIME FINANCIAL, INC. Â€“ CLASS A COMMON STOCK",,Etats-Unis,NASDAQ,USD,-85.54,0.10,-115.98,-36.64,43.41,-52.86,56.10,0,0,0,0,82.09,63.84,0.00,0.00,3,3,0,0,,1401706000.00,-46.18,30.79,1.40
CHKP,CHECK POINT SOFTWARE TECHNOLOGIES LTD.,,Etats-Unis,NASDAQ,USD,37.27,0.68,22.13,32.22,4.40,30.28,7.06,6,6,6,6,5.38,2.76,35.61,0.66,6,6,6,6,-3.42,2882100000.00,38.78,6.24,2.71
GPRO,GOPRO INC.,,Etats-Unis,NASDAQ,USD,-81.92,1.09,-26.81,-71.08,57.32,-22.36,9.05,1,1,1,1,15.30,69.27,219.09,236.95,6,6,1,1,,76550000.00,-14.35,-19.50,5.59
GPRE,GREEN PLAINS INC.,,Etats-Unis,NASDAQ,USD,-14.70,0.59,-5.00,-10.28,3.88,-4.58,0.41,0,0,0,0,0.45,3.51,0.00,0.00,6,6,0,0,,771971000.00,-5.78,-20.33,2.04
CINF,CINCINNATI FINANCIAL CORPORATION,,Etats-Unis,NASDAQ,USD,16.04,0.06,11.93,16.64,0.85,12.02,0.13,1,4,0,1,0.09,12.04,1.57,116.59,2,6,2,5,-6.20,15911000000.00,18.95,12.31,2.58
WEN,THE WENDY'S COMPANY,,Etats-Unis,NASDAQ,USD,87.63,35.31,6.37,69.55,17.49,6.97,0.56,0,6,0,6,1.01,15.58,14.73,3.27,6,6,0,6,10.00,117383000.00,7.58,-0.11,42.23
GOSS,GOSSAMER BIO INC.,,Etats-Unis,NASDAQ,USD,365.33,-1.65,-130.10,-79.24,424.57,-81.98,68.04,0,1,0,1,48.11,249.56,0.00,0.00,2,6,0,1,,-122760000.00,-351.49,,
CIFR,CIPHER MINING INC.,,Etats-Unis,NASDAQ,USD,-108.35,3.31,-14.18,-40.71,58.58,-12.28,2.05,0,0,0,0,4.67,69.97,0.00,0.00,4,4,0,0,,835854000.00,-367.17,32.87,5.13
CHEF,"THE CHEFS' WAREHOUSE, INC.",,Etats-Unis,NASDAQ,USD,12.67,1.61,7.11,10.64,2.34,6.18,1.00,0,1,0,0,9.74,19.10,10.49,0.00,6,6,0,2,5.58,604309000.00,1.74,9.93,3.36
CHDN,CHURCHILL DOWNS INCORPORATED,,Etats-Unis,NASDAQ,USD,35.71,4.87,8.09,45.48,11.23,7.96,0.40,0,5,0,5,2.99,43.04,24.56,65.12,6,6,0,5,6.71,1055800000.00,13.18,9.02,7.09
CGC,CANOPY GROWTH CORPORATION,,Etats-Unis,NASDAQ,USD,-44.38,0.40,-11.33,-90.90,40.88,-10.16,1.93,0,0,0,0,1.72,53.07,0.00,0.00,6,6,0,0,,697594000.00,-92.38,-2.13,1.60
CGEM,"CULLINAN THERAPEUTICS, INC.",,Etats-Unis,NASDAQ,USD,-44.02,0.01,,-35.83,7.10,,,0,1,0,1,,7.86,,293.58,1,6,0,1,,408730000.00,,,1.10
IMSR,TERRESTRIAL ENERGY INC.,,Etats-Unis,NASDAQ,USD,-19.88,0.01,,129.46,151.58,-303.61,44.92,0,2,0,2,31.76,144.95,0.00,107.02,2,3,0,2,,295406242.00,,,1.03
SVRA,SAVARA INC.,,Etats-Unis,NASDAQ,USD,-63.45,0.15,,-56.34,10.67,,,0,0,0,0,,16.11,,0.00,1,6,0,0,,203133000.00,,,1.25
WDAY,WORKDAY INC.,,Etats-Unis,NASDAQ,USD,8.23,0.49,7.55,11.53,7.59,2.62,4.67,0,1,0,1,3.53,9.44,0.00,1079.73,6,6,0,1,-1.58,7805000000.00,7.26,14.71,2.32
WDC,WESTERN DIGITAL CORPORATION,,Etats-Unis,NASDAQ,USD,130.85,0.12,42.23,48.89,72.52,18.16,21.54,1,3,1,2,7.85,17.51,148.59,203.86,6,6,2,3,-0.11,8864000000.00,72.95,-0.32,1.56
CGNT,COGNYTE SOFTWARE LTD.,,Etats-Unis,NASDAQ,USD,2.07,0.19,3.92,-2.26,3.90,-1.98,5.50,0,0,0,0,18.15,22.97,768.40,675.37,6,6,0,0,-5.57,228863000.00,1.15,12.98,2.28
CGNX,COGNEX CORPORATION,,Etats-Unis,NASDAQ,USD,7.61,0.05,7.87,7.44,0.36,7.51,0.72,3,3,1,1,4.84,3.39,70.16,66.19,6,6,3,3,-3.22,1491901000.00,11.51,8.96,1.35
CGON,"CG ONCOLOGY, INC.",,Etats-Unis,NASDAQ,USD,-21.67,0.01,-44.28,-24.07,6.43,-47.11,3.42,0,0,0,0,6.28,8.13,0.00,0.00,5,5,0,0,,752602000.00,-3985.02,345.02,1.05
GRPN,"GROUPON, INC.",,Etats-Unis,NASDAQ,USD,12202.69,-8.25,3.31,-918.48,13791.60,-2.25,6.80,0,3,0,3,18.64,8791.65,583.81,4644.16,6,6,0,3,4.13,-42390000.00,-16.39,-1.61,
IMVT,IMMUNOVANT INC.,,Etats-Unis,NASDAQ,USD,-64.82,0.00,,-60.06,6.31,,,,0,,0,,9.74,,0.00,0,6,,0,,852592000.00,,,1.12
CG,THE CARLYLE GROUP INC.,,Etats-Unis,NASDAQ,USD,14.10,1.97,,8.07,13.95,,,,5,,2,,13.97,,111.17,0,6,,5,,7057100000.00,29.40,55.77,4.13
UPWK,UPWORK INC.,,Etats-Unis,NASDAQ,USD,19.15,0.59,19.93,26.37,16.34,9.69,11.28,1,3,0,1,7.72,27.15,0.00,57.52,6,6,2,3,-2.33,630315000.00,14.65,6.92,2.06
VRSN,VERISIGN INC.,,Etats-Unis,NASDAQ,USD,-40.16,-0.83,,-45.53,6.01,345.00,107.24,5,0,5,0,29.94,7.48,2.17,0.00,5,6,5,0,1.09,-2154200000.00,49.84,5.33,
ALGM,"ALLEGRO MICROSYSTEMS, INC.",,Etats-Unis,NASDAQ,USD,-1.55,0.32,1.56,1.99,11.24,5.70,9.77,3,3,2,1,8.94,11.44,104.65,132.00,6,6,3,3,5.47,956445000.00,-1.65,-7.90,1.48
EVGO,"EVGO, INC.",,Etats-Unis,NASDAQ,USD,-23.01,0.81,-13.72,-24.79,1.55,-19.71,6.46,0,0,0,0,2.26,16.83,0.00,0.00,6,6,0,0,,385944000.00,-24.85,54.48,2.50
FORM,FORMFACTOR INC.,,Etats-Unis,NASDAQ,USD,5.48,0.03,5.25,7.53,2.06,3.12,2.52,1,0,0,0,3.66,2.30,97.51,49.07,6,6,2,2,-4.04,1035403000.00,6.93,8.80,1.18
FIGR,FIGURE TECHNOLOGY SOLUTIONS INC CL A,,Etats-Unis,NASDAQ,USD,16.78,0.76,8.06,11.13,7.99,2.48,7.89,0,1,0,0,5.58,5.65,0.00,0.00,2,2,0,1,-2.04,1237198000.00,26.37,82.60,1.87
RELY,"REMITLY GLOBAL, INC.",,Etats-Unis,NASDAQ,USD,8.86,0.22,12.97,-6.89,16.12,-8.75,21.26,1,0,0,0,14.86,7.14,0.00,0.00,6,6,1,0,-4.52,868789000.00,4.15,31.59,1.68
DUOL,"DUOLINGO, INC.",,Etats-Unis,NASDAQ,USD,38.14,0.07,7.92,17.60,18.39,-0.53,10.33,0,2,0,1,7.91,23.12,0.00,242.30,6,6,0,3,-15.37,1347006000.00,39.91,39.77,1.48
SYNA,SYNAPTICS INCORPORATED,,Etats-Unis,NASDAQ,USD,-42.23,0.90,-4.06,-12.10,26.84,-5.33,1.61,1,1,1,1,6.89,29.09,128.59,283.13,6,6,1,1,,929500000.00,-41.00,11.71,2.26
EVRG,EVERGY INC.,,Etats-Unis,NASDAQ,USD,8.57,1.48,4.12,8.44,0.64,4.01,0.20,0,0,0,0,0.24,0.76,12.70,21.95,6,6,0,0,9.90,10267800000.00,14.56,4.03,3.31
XP,XP INC.,,Etats-Unis,NASDAQ,USD,37.75,4.43,-3.73,22.18,15.18,-2.77,1.56,0,5,0,4,0.41,8.63,0.00,73.82,6,6,0,5,,23547708000.00,64.89,10.44,16.84
ALGN,"ALIGN TECHNOLOGY, INC.",,Etats-Unis,NASDAQ,USD,10.39,0.03,17.99,11.32,0.96,19.53,1.34,5,3,4,2,5.40,1.34,43.46,81.77,6,6,6,6,-3.55,4049147000.00,10.17,2.21,1.54
ALEC,ALECTOR INC.,,Etats-Unis,NASDAQ,USD,-181.56,1.18,-79.98,-115.87,57.48,-57.83,20.53,0,0,0,0,23.29,63.59,0.00,0.00,6,6,0,0,,30649000.00,-679.16,-53.44,9.57
ETSY,ETSY INC.,,Etats-Unis,NASDAQ,USD,-17.55,-2.80,22.08,-40.17,20.19,24.37,2.86,6,2,6,2,2.91,967.18,40.45,2471.19,6,6,6,2,3.96,-1098095000.00,5.65,2.43,
ETOR,ETORO GROUP LTD.,,Etats-Unis,NASDAQ,USD,19.37,0.04,35.12,16.34,12.37,31.67,22.22,3,3,3,2,68.60,48.85,263.80,322.23,5,5,3,3,-4.48,1394590000.00,1.56,88.76,1.28
ALGT,ALLEGIANT TRAVEL COMPANY,,Etats-Unis,NASDAQ,USD,-4.17,1.77,3.66,-4.94,14.57,3.49,1.39,0,1,0,0,1.61,17.48,78.71,225.84,6,6,0,1,6.06,1052677000.00,-1.71,1.91,4.00
ALLO,ALLOGENE THERAPEUTICS INC.,,Etats-Unis,NASDAQ,USD,-53.42,0.28,,-54.69,1.11,-72.75,1.05,0,0,0,0,9.52,6.66,0.00,0.00,4,6,0,0,,292542000.00,,,1.42
UMBF,UMB FINANCIAL CORPORATION,,Etats-Unis,NASDAQ,USD,12.59,0.03,,12.72,0.66,,,,4,,0,,1.74,,18.25,0,6,,5,,7693568000.00,28.91,35.38,9.50
FLEX,FLEX LTD.,,Etats-Unis,NASDAQ,USD,17.35,0.84,18.62,18.72,3.38,15.64,3.69,5,6,0,3,2.96,2.30,31.08,34.02,6,6,6,6,-0.32,5144000000.00,3.15,2.80,4.29
ZS,ZSCALER INC.,,Etats-Unis,NASDAQ,USD,-2.70,1.00,-11.09,-13.21,15.63,-15.91,5.91,0,0,0,0,8.10,28.76,0.00,0.00,6,6,0,0,,1799273000.00,-1.55,28.58,3.57
DXCM,"DEXCOM, INC.",,Etats-Unis,NASDAQ,USD,34.50,0.51,26.11,29.30,4.59,19.19,5.99,4,5,1,4,3.01,10.52,2.17,58.51,6,6,6,6,-0.67,2746000000.00,17.94,13.45,2.31
FOSL,FOSSIL GROUP INC.,,Etats-Unis,NASDAQ,USD,-69.65,3.65,4.43,-57.41,11.15,-4.85,8.36,0,0,0,0,6.03,24.35,204.89,1284.52,6,6,1,0,9.59,86776000.00,-7.75,-15.67,7.94
EWTX,"EDGEWISE THERAPEUTICS, INC.",,Etats-Unis,NASDAQ,USD,-34.19,0.01,,-32.90,2.42,,,,1,,1,,2.63,,169.34,0,6,,1,,522257000.00,,,1.06
ENVX,ENOVIX CORPORATION,,Etats-Unis,NASDAQ,USD,-59.84,1.97,-43.68,-72.12,13.88,-61.61,16.68,0,0,0,0,16.92,25.30,0.00,0.00,4,6,0,0,,274011000.00,-492.15,104.03,3.21
EXLS,EXLSERVICE HOLDINGS INC.,,Etats-Unis,NASDAQ,USD,27.25,0.44,22.42,23.82,2.99,20.63,1.59,6,6,2,3,3.78,5.49,3.29,2.68,6,6,6,6,0.24,912705000.00,12.02,13.15,1.87
TSEM,TOWER SEMICONDUCTOR LTD.,,Etats-Unis,NASDAQ,USD,7.89,0.06,6.59,13.38,9.26,7.87,1.87,1,2,0,1,2.17,2.15,65.64,67.23,6,6,3,3,-5.10,2904583000.00,13.97,4.92,1.14
ALMS,ALUMIS INC.,,Etats-Unis,NASDAQ,USD,-86.69,0.12,-221.12,238.24,443.44,-221.12,,0,3,0,3,,102.07,,111.66,1,4,0,3,,301297000.00,-1011.75,,1.37
EXFY,"EXPENSIFY, INC.",,Etats-Unis,NASDAQ,USD,-16.39,0.04,-18.23,-22.35,17.34,-17.50,16.23,0,0,0,0,11.11,23.54,405.68,1179.67,6,6,1,0,,132745000.00,-15.05,-2.89,1.40
EXEL,EXELIXIS INC.,,Etats-Unis,NASDAQ,USD,35.53,0.08,47.14,22.47,13.41,27.36,21.52,3,2,3,2,8.29,2.79,78.67,31.33,6,6,4,3,-0.99,2161319000.00,33.73,12.59,1.32
ENTG,"ENTEGRIS, INC.",,Etats-Unis,NASDAQ,USD,6.16,0.96,10.26,6.62,1.46,6.66,3.12,2,2,1,2,3.22,2.11,77.31,79.40,6,6,3,2,3.72,3953400000.00,7.37,-4.76,2.11
UNIT,UNITI GROUP INC.,,Etats-Unis,NASDAQ,USD,-125.97,26.35,4.90,-42.11,72.72,10.78,5.10,5,1,0,1,5.09,71.79,64.97,463.13,6,6,5,1,21.04,380400000.00,58.39,39.40,31.64
REPL,REPLIMUNE GROUP INC.,,Etats-Unis,NASDAQ,USD,-107.88,0.67,,-72.29,31.86,,,,0,,0,,40.51,,0.00,0,6,,0,,166160000.00,,,2.00
DSGN,"DESIGN THERAPEUTICS, INC.",,Etats-Unis,NASDAQ,USD,-30.70,0.01,,-23.96,6.03,,,,1,,1,,6.90,,141.95,0,6,,1,,212503000.00,,,1.06
EXE,EXPAND ENERGY CORPORATION,,Etats-Unis,NASDAQ,USD,10.07,0.27,8.96,9.80,14.71,6.73,8.78,2,2,1,2,6.83,3416.20,111.73,102510.57,6,6,2,3,1.38,18578000000.00,14.92,25.21,1.52
EWBC,EAST WEST BANCORP INC.,,Etats-Unis,NASDAQ,USD,15.94,0.36,,16.59,1.18,,,,5,,0,,2.97,,16.72,0,6,,6,,8899202000.00,45.75,6.28,9.04
ENSG,"THE ENSIGN GROUP, INC.",,Etats-Unis,NASDAQ,USD,16.90,0.99,7.75,16.69,1.31,7.40,0.51,0,6,0,2,1.26,2.40,30.55,28.90,6,6,0,6,3.84,2234824000.00,6.81,16.46,2.44
TSCO,TRACTOR SUPPLY COMPANY,,Etats-Unis,NASDAQ,USD,45.18,2.30,13.81,49.28,3.85,15.18,1.42,6,6,1,6,2.62,7.21,32.67,16.07,6,6,6,6,3.92,2581293000.00,7.06,3.27,4.24
SYRE,"SPYRE THERAPEUTICS, INC.",,Etats-Unis,NASDAQ,USD,-25.17,0.00,,-124.54,143.59,-110.12,,0,0,0,0,64.22,138.19,0.00,0.00,3,6,0,0,,715236000.00,,,1.09
EXC,EXELON CORPORATION,,Etats-Unis,NASDAQ,USD,9.94,1.74,4.12,9.50,0.39,3.84,0.24,0,0,0,0,1.08,2.38,2.56,6.25,6,6,0,0,9.61,28798000000.00,11.41,5.66,4.05
DSGX,THE DESCARTES SYSTEMS GROUP INC.,,Etats-Unis,NASDAQ,USD,10.90,0.01,17.02,10.58,0.57,18.20,1.70,5,0,1,0,5.54,2.42,15.53,0.18,6,6,5,2,-3.20,1618912000.00,22.46,12.80,1.17
FOX,FOX CORPORATION CLASS B COMMON STOCK,,Etats-Unis,NASDAQ,USD,14.29,0.64,16.31,16.06,3.05,13.98,2.80,5,4,0,0,1.40,2.69,20.93,44.39,6,6,6,6,0.96,11814000000.00,10.08,10.68,1.90
ELVN,"ENLIVEN THERAPEUTICS, INC.",,Etats-Unis,NASDAQ,USD,-26.95,0.00,,-47.89,31.96,,,,3,,3,,70.85,,190.64,0,6,,3,,459600000.00,,,1.04
EMBC,EMBECTA CORP.,,Etats-Unis,NASDAQ,USD,-13.73,-2.20,31.51,-10.66,2.81,35.41,4.61,6,2,6,2,13.49,81.68,54.21,301.34,6,6,6,2,4.06,-651200000.00,8.83,-1.82,
UCTT,"ULTRA CLEAN HOLDINGS, INC.",,Etats-Unis,NASDAQ,USD,-19.95,0.83,2.36,-6.20,12.30,2.78,1.26,2,2,0,0,4.60,14.78,88.60,213.93,6,6,3,2,7.82,784100000.00,-8.35,8.82,2.21
EBC,"EASTERN BANKSHARES, INC.",,Etats-Unis,NASDAQ,USD,2.22,0.05,,4.79,3.31,,,,0,,0,,2.26,,73.97,0,6,,0,,4340553000.00,12.22,53.04,7.05
ESLT,ELBIT SYSTEMS LTD.,,Etats-Unis,NASDAQ,USD,14.45,0.23,9.32,10.78,3.47,7.48,1.79,0,1,0,0,0.29,1.72,5.98,34.26,6,6,0,5,0.22,4129973000.00,6.75,15.27,3.07
ZION,"ZIONS BANCORPORATION, NATIONAL ASSOCIATION",,Etats-Unis,NASDAQ,USD,13.51,0.48,,13.21,0.33,,,,5,,0,,3.80,,12.64,0,6,,5,,7180000000.00,26.56,4.24,12.39
FLYW,FLYWIRE CORPORATION,,Etats-Unis,NASDAQ,USD,1.64,0.00,2.01,0.22,1.50,-3.75,5.17,0,1,0,0,4.00,8.99,0.00,203.31,6,6,0,1,-17.70,835171000.00,2.17,24.32,1.50
EEFT,"EURONET WORLDWIDE, INC.",,Etats-Unis,NASDAQ,USD,24.53,1.65,19.82,23.88,1.28,18.93,0.95,4,4,0,3,8.36,14.86,1.05,0.73,6,6,4,4,-2.27,1322500000.00,7.37,7.28,4.91
FDMT,"4D MOLECULAR THERAPEUTICS, INC.",,Etats-Unis,NASDAQ,USD,-27.57,0.04,-50.42,-34.76,6.30,-63.60,12.34,0,0,0,0,13.93,6.16,0.00,0.00,6,6,0,0,,505664000.00,-164.43,102.78,1.12
FLY,FIREFLY AEROSPACE INC.,,Etats-Unis,NASDAQ,USD,-141.29,0.26,-45.06,-26.03,99.93,-92.23,46.81,0,2,0,2,45.73,168.14,0.00,488.80,3,3,0,2,,1189939000.00,-186.63,70.12,1.53
TW,TRADEWEB MARKETS INC.,,Etats-Unis,NASDAQ,USD,13.56,0.02,11.09,10.04,3.20,9.62,1.35,0,1,0,0,2.15,1.81,0.00,0.00,6,6,1,1,-2.30,7189237000.00,44.90,23.84,1.14
FFIN,FIRST FINANCIAL BANKSHARES INC.,,Etats-Unis,NASDAQ,USD,14.39,0.01,,14.39,0.00,,,,6,,0,,1.85,,7.16,0,6,,6,,1917317000.00,41.09,13.62,8.06
ERII,ENERGY RECOVERY INC.,,Etats-Unis,NASDAQ,USD,11.03,0.05,11.81,10.79,0.21,10.85,0.95,2,2,1,0,0.95,1.59,64.95,47.04,6,6,5,5,-2.72,206192000.00,17.01,2.55,1.12
ERIE,ERIE INDEMNITY COMPANY,,Etats-Unis,NASDAQ,USD,26.19,0.00,,29.25,3.39,22.68,,1,6,1,6,,2.61,,20.37,1,6,1,6,,2283374000.00,13.48,11.97,1.47
EDIT,EDITAS MEDICINE INC.,,Etats-Unis,NASDAQ,USD,-198.14,0.66,-75.93,-113.14,78.57,-80.55,21.89,0,0,0,0,25.72,93.08,0.00,0.00,6,6,0,0,,27288000.00,-395.01,-27.98,6.84
TROW,"T. ROWE PRICE GROUP, INC.",,Etats-Unis,NASDAQ,USD,18.79,0.04,17.92,18.94,0.65,17.26,1.57,6,6,2,2,1.72,2.76,48.91,54.19,6,6,6,6,-1.18,12053200000.00,30.19,6.41,1.19
FFIV,F5 INC.,,Etats-Unis,NASDAQ,USD,20.60,0.07,20.39,18.24,2.91,17.44,3.00,5,6,1,1,1.35,0.97,12.56,7.55,6,6,6,6,-1.37,3591999000.00,22.42,4.77,1.76
ERAS,"ERASCA, INC.",,Etats-Unis,NASDAQ,USD,-33.27,0.14,,-37.09,5.73,,,,1,,1,,21.41,,180.37,0,6,,1,,325171000.00,,,1.22
EBAY,EBAY INC.,,Etats-Unis,NASDAQ,USD,41.56,1.56,16.66,41.22,6.87,16.20,2.83,6,5,0,5,1.56,36.21,20.31,108.33,6,6,6,5,1.87,4615000000.00,18.30,4.77,3.82
ULCC,"FRONTIER GROUP HOLDINGS, INC.",,Etats-Unis,NASDAQ,USD,-25.02,11.13,-2.58,-3.96,20.22,-0.93,1.57,0,1,0,0,4.89,33.64,577.78,263.53,6,6,0,1,,491000000.00,-3.68,1.86,14.70
FCNCA,"FIRST CITIZENS BANCSHARES, INC.",,Etats-Unis,NASDAQ,USD,9.92,1.62,,32.29,36.30,,,,4,,1,,1.57,,86.63,0,6,,5,,22238000000.00,23.84,2.79,10.33
FIBK,FIRST INTERSTATE BANCSYSTEM INC.,,Etats-Unis,NASDAQ,USD,8.95,0.09,,8.01,1.02,,,,0,,0,,0.75,,28.95,0,6,,0,,3447000000.00,28.53,1.60,7.73
DYN,DYNE THERAPEUTICS INC.,,Etats-Unis,NASDAQ,USD,-55.71,0.17,,-93.68,41.09,,,,0,,0,,51.25,,0.00,0,6,,0,,972129000.00,,,1.22
FFBC,FIRST FINANCIAL BANCORP.,,Etats-Unis,NASDAQ,USD,9.82,0.43,,10.47,1.21,,,,0,,0,,1.75,,18.03,0,6,,2,,2769216000.00,28.42,3.47,7.63
ZBRA,ZEBRA TECHNOLOGIES CORPORATION,,Etats-Unis,NASDAQ,USD,11.68,0.75,9.66,12.63,2.96,9.85,1.17,3,4,1,2,3.42,4.21,58.26,68.57,6,6,4,6,3.22,3588000000.00,7.77,8.50,2.37
FHB,"FIRST HAWAIIAN, INC.",,Etats-Unis,NASDAQ,USD,10.26,0.00,,9.72,0.64,,,,0,,0,,1.85,,16.40,0,6,,2,,2769365000.00,32.60,2.58,8.65
EQIX,"EQUINIX, INC.",,Etats-Unis,NASDAQ,USD,9.72,1.60,5.03,8.01,1.74,4.71,0.30,0,0,0,0,0.48,1.86,0.00,22.55,6,6,0,0,9.04,14178000000.00,14.63,6.10,2.83
ZBIO,"ZENAS BIOPHARMA, INC.",,Etats-Unis,NASDAQ,USD,-136.22,0.01,-105.51,-160.15,191.00,-109.46,25.77,0,2,0,1,31.47,220.90,0.00,683.57,3,4,0,2,,242144000.00,-3777.37,-55.28,1.58
FNKO,FUNKO INC.,,Etats-Unis,NASDAQ,USD,-32.33,1.57,-7.24,-30.36,23.08,-5.44,6.53,1,1,0,0,7.84,32.53,190.52,377.64,6,6,1,1,,186130000.00,-7.52,-8.97,3.68
FLNC,"FLUENCE ENERGY, INC.",,Etats-Unis,NASDAQ,USD,-11.76,0.71,-8.37,-8.07,11.89,-10.33,16.16,0,2,0,2,350.88,57.20,275.47,122.87,5,6,0,2,,548848000.00,-3.00,1.01,4.29
EA,ELECTRONIC ARTS INC.,,Etats-Unis,NASDAQ,USD,-20.47,1.43,-1.01,-8.38,22.50,1.79,4.99,0,4,0,0,6.36,31.58,114.87,214.75,6,6,0,4,,34476930083.00,-50.49,-34.01,2.63
ALHC,"ALIGNMENT HEALTHCARE, INC.",,Etats-Unis,NASDAQ,USD,-0.70,1.84,4.71,-58.06,51.14,-29.25,30.04,0,0,0,0,23.86,27.61,0.00,0.00,6,6,0,0,-18.61,179277000.00,-0.02,47.15,5.94
TTMI,"TTM TECHNOLOGIES, INC.",,Etats-Unis,NASDAQ,USD,10.67,0.58,9.65,4.37,5.98,5.89,3.35,0,1,0,0,1.03,3.78,37.18,110.01,6,6,0,2,1.97,1762253000.00,6.11,14.10,2.18
ALNY,ALNYLAM PHARMACEUTICALS INC,,Etats-Unis,NASDAQ,USD,73.28,1.62,19.97,222.66,144.75,-4.93,21.70,1,3,0,3,13.07,309.48,0.00,79.77,6,6,1,3,-3.25,789176000.00,8.45,42.53,6.29
TTWO,"TAKE-TWO INTERACTIVE SOFTWARE, INC.",,Etats-Unis,NASDAQ,USD,-10.56,0.84,-2.79,-58.74,52.54,-6.58,3.28,2,1,1,0,4.43,61.96,144.36,749.46,6,6,2,2,,3510900000.00,-4.48,11.55,2.67
FCFS,"FIRSTCASH HOLDINGS, INC.",,Etats-Unis,NASDAQ,USD,15.26,1.13,9.09,13.12,1.99,8.35,0.74,0,3,0,0,1.21,3.18,19.88,17.67,6,6,0,4,4.35,2276762000.00,9.02,7.78,2.33
XRAY,DENTSPLY SIRONA INC.,,Etats-Unis,NASDAQ,USD,-36.43,1.84,4.32,-24.97,18.42,3.46,0.84,0,0,0,0,0.97,19.44,55.24,539.98,6,6,0,0,8.50,1340000000.00,-16.25,-3.66,4.05
EGHT,8X8 INC.,,Etats-Unis,NASDAQ,USD,1.23,2.53,3.06,-30.01,34.46,0.81,3.32,0,0,0,0,20.71,35.66,0.00,0.00,6,6,0,0,9.74,146609000.00,0.22,0.48,4.52
EQPT,EQUIPMENTSHARE.COM INC.,,Etats-Unis,NASDAQ,USD,7.43,7.92,4.94,3.99,4.86,4.28,0.94,0,0,0,0,0.67,3.44,0.00,0.00,2,2,0,0,13.06,528000000.00,0.91,16.34,11.34
ULTA,ULTA BEAUTY INC.,,Etats-Unis,NASDAQ,USD,43.59,0.78,29.92,51.63,8.73,37.34,7.40,6,5,5,5,15.62,26.20,33.73,38.68,6,6,6,5,0.82,2803451000.00,9.31,5.16,2.50
ZM,"ZOOM VIDEO COMMUNICATIONS, INC.",,Etats-Unis,NASDAQ,USD,20.28,0.01,18.46,13.72,5.87,14.64,3.72,4,3,2,2,7.34,8.31,83.82,93.94,6,6,5,4,-6.90,9808258000.00,39.03,3.70,1.22
XRX,XEROX HOLDINGS CORPORATION,,Etats-Unis,NASDAQ,USD,-104.10,6.80,-0.84,-56.30,52.59,1.34,2.05,0,0,0,0,1.70,64.10,126.09,3254.55,6,6,0,0,,673000000.00,-14.65,0.98,14.60
UAL,"UNITED AIRLINES HOLDINGS, INC.",,Etats-Unis,NASDAQ,USD,23.99,2.03,7.92,28.30,4.15,8.34,0.45,0,4,0,3,10.68,84.95,10.20,25.68,6,6,0,4,3.78,15282000000.00,5.68,4.86,5.00
TXRH,TEXAS ROADHOUSE INC.,,Etats-Unis,NASDAQ,USD,29.02,0.66,16.42,30.95,3.61,17.40,2.52,5,5,1,5,8.31,13.87,18.99,17.35,6,6,5,5,1.77,1481702000.00,7.05,12.65,2.40
ZG,"ZILLOW GROUP, INC.",,Etats-Unis,NASDAQ,USD,0.47,0.09,-0.88,-1.81,2.05,-3.81,2.59,0,0,0,0,3.34,4.39,206.23,0.00,6,6,0,0,,4884000000.00,0.89,15.24,1.16
UPB,"UPSTREAM BIO, INC.",,Etats-Unis,NASDAQ,USD,-35.43,0.00,-65.44,-17.92,31.03,-72.83,30.90,0,2,0,1,126.54,27.07,0.00,261.17,4,4,0,2,,339771000.00,-5026.03,9.51,1.04
FAST,FASTENAL CO.,,Etats-Unis,NASDAQ,USD,33.29,0.11,29.70,33.93,1.34,29.33,0.46,6,6,6,6,2.12,1.20,2.21,6.85,6,6,6,6,0.10,3943600000.00,15.35,5.65,1.28
RGNX,REGENXBIO INC.,,Etats-Unis,NASDAQ,USD,-107.00,0.72,-67.77,-83.38,21.94,-73.88,9.24,1,1,1,1,19.22,34.65,365.84,577.89,6,6,1,1,,102733000.00,-113.75,37.43,4.41
EZPW,EZCORP INC.,,Etats-Unis,NASDAQ,USD,11.98,0.75,7.68,9.35,3.52,6.46,1.08,0,0,0,0,3.58,10.20,0.00,27.21,6,6,0,2,1.98,1025485000.00,8.60,10.21,1.90
ALKS,ALKERMES PLC,,Etats-Unis,NASDAQ,USD,14.72,0.04,15.27,24.64,8.84,27.83,11.05,3,3,2,2,14.59,15.56,112.82,53.52,6,6,3,3,-2.04,1819295000.00,16.37,-5.80,1.37
TTAN,"SERVICETITAN, INC.",,Etats-Unis,NASDAQ,USD,-10.73,0.03,-11.44,-25.63,19.58,-11.72,1.09,0,1,0,1,0.83,23.68,0.00,159.45,4,4,0,1,,1525234000.00,-16.63,25.07,1.14
UPBD,"UPBOUND GROUP, INC.",,Etats-Unis,NASDAQ,USD,11.06,2.67,5.92,10.29,10.88,6.45,2.17,1,3,0,3,2.66,12.79,76.04,102.70,6,6,2,4,7.77,695740000.00,1.56,8.44,4.71
RGLD,ROYAL GOLD INC.,,Etats-Unis,NASDAQ,USD,9.12,0.12,8.66,9.54,1.32,8.91,1.45,0,1,0,0,1.43,0.51,28.77,32.62,6,6,2,2,1.00,7205347000.00,45.76,30.43,1.32
UBSI,"UNITED BANKSHARES, INC.",,Etats-Unis,NASDAQ,USD,8.86,0.11,,8.13,0.64,,,,0,,0,,0.78,,7.06,0,6,,0,,5495983000.00,37.62,8.59,6.12
FIVE,"FIVE BELOW, INC.",,Etats-Unis,NASDAQ,USD,17.92,0.93,9.44,17.77,2.75,9.11,1.42,1,6,0,3,1.92,3.93,49.80,46.32,6,6,3,6,2.40,2193290000.00,7.53,15.69,2.25
TER,"TERADYNE, INC.",,Etats-Unis,NASDAQ,USD,19.73,0.10,24.09,19.35,1.18,26.64,2.83,6,6,6,4,11.17,5.15,60.16,57.58,6,6,6,6,-0.48,2795752000.00,17.37,9.18,1.50
FANG,DIAMONDBACK ENERGY INC,,Etats-Unis,NASDAQ,USD,3.74,0.35,6.15,12.27,8.22,9.48,4.08,3,4,1,2,6.03,37.70,72.87,88.14,6,6,3,4,3.00,42967000000.00,10.36,33.22,1.65
EYE,NATIONAL VISION HOLDINGS INC.,,Etats-Unis,NASDAQ,USD,3.51,0.80,2.55,-2.52,5.62,1.77,0.68,0,1,0,0,0.98,7.78,85.37,154.43,6,6,0,1,10.78,869533000.00,1.49,-3.32,2.28
ZYME,ZYMEWORKS INC.,,Etats-Unis,NASDAQ,USD,-26.72,0.07,-46.36,-27.35,2.93,-45.39,1.57,1,1,1,1,15.41,15.32,183.35,181.59,6,6,1,1,,268501000.00,-76.56,18.07,1.29
RGEN,REPLIGEN CORPORATION,,Etats-Unis,NASDAQ,USD,2.40,0.33,1.61,0.98,1.99,0.33,1.42,0,0,0,0,3.04,2.72,111.55,112.80,6,6,1,1,-1.87,2106129000.00,6.62,8.05,1.40
ZVRA,"ZEVRA THERAPEUTICS, INC.",,Etats-Unis,NASDAQ,USD,85.66,0.41,-9.50,-49.09,190.57,-57.26,67.55,1,3,1,1,63.32,155.70,146.85,1172.58,5,5,1,3,,154657000.00,78.17,350.91,1.84
ALXO,ALX ONCOLOGY HOLDINGS INC.,,Etats-Unis,NASDAQ,USD,-145.70,0.38,,-101.86,39.01,,,0,0,0,0,,56.50,,0.00,1,6,0,0,,25981000.00,,,2.27
DRS,"LEONARDO DRS, INC.",,Etats-Unis,NASDAQ,USD,10.52,0.17,14.10,8.93,1.50,11.73,2.35,2,1,1,1,8.57,6.59,58.19,65.32,6,6,3,2,-2.37,2730000000.00,7.62,13.62,1.64
UPST,"UPSTART HOLDINGS, INC.",,Etats-Unis,NASDAQ,USD,7.49,2.32,,-16.50,22.34,,,,1,,1,,19.82,,250.12,0,6,,1,,798815000.00,5.23,41.96,3.72
TWST,TWIST BIOSCIENCE CORPORATION,,Etats-Unis,NASDAQ,USD,-16.43,0.16,-39.46,-27.83,10.87,-41.95,2.79,0,0,0,0,2.98,6.19,0.00,0.00,6,6,0,0,,472958000.00,-20.63,23.95,1.36
FER,FERROVIAL SE,,Etats-Unis,NASDAQ,USD,14.57,1.40,4.34,24.26,22.38,3.70,1.14,0,3,0,2,0.86,12.99,8.08,82.15,6,6,0,3,2.32,7665000000.00,11.95,6.34,3.58
FIP,FTAI INFRASTRUCTURE INC.,,Etats-Unis,NASDAQ,USD,-29.84,4.08,0.79,-38.73,23.55,-0.42,1.09,0,0,0,0,1.15,27.70,0.00,0.00,6,6,0,0,96.11,943983000.00,-30.26,25.22,6.09
RIVN,"RIVIAN AUTOMOTIVE, INC.",,Etats-Unis,NASDAQ,USD,-65.01,1.45,-43.24,-57.61,9.16,-52.69,9.30,0,1,0,1,6.98,11.00,0.00,188.39,5,6,0,1,,4594000000.00,-67.31,10.22,3.24
XMTR,XOMETRY INC.,,Etats-Unis,NASDAQ,USD,-20.85,1.23,-10.17,-18.55,2.69,-13.56,3.55,0,1,0,1,25.90,11.31,0.00,239.84,6,6,0,1,,276737000.00,-8.99,21.73,2.54
TRMD,TORM PLC CLASS A,,Etats-Unis,NASDAQ,USD,13.37,0.46,9.57,28.98,14.13,17.46,8.08,3,4,2,3,8.61,18.57,96.69,147.00,6,6,3,4,2.04,2202600000.00,21.35,-6.14,1.53
TXG,10X GENOMICS INC.,,Etats-Unis,NASDAQ,USD,-5.78,0.11,-22.34,-21.31,14.00,-30.75,7.30,0,0,0,0,8.25,29.84,0.00,0.00,6,6,0,0,,796326000.00,-6.77,1.93,1.31
FITB,FIFTH THIRD BANCORP,,Etats-Unis,NASDAQ,USD,12.19,0.64,,12.33,0.49,,,,4,,0,,3.49,,7.38,0,6,,5,,21724000000.00,28.59,2.41,9.87
FA,FIRST ADVANTAGE CORPORATION,,Etats-Unis,NASDAQ,USD,-2.66,1.59,2.86,-2.98,6.82,1.83,3.35,0,0,0,0,3.32,7.94,138.43,274.13,6,6,0,0,13.96,1313552000.00,-2.21,43.57,2.92
TXN,TEXAS INSTRUMENTS INC,,Etats-Unis,NASDAQ,USD,30.15,0.86,22.51,33.31,7.04,28.20,9.96,6,6,6,6,22.84,18.73,71.15,58.84,6,6,6,6,0.97,16273000000.00,28.28,0.46,2.13
ALKT,"ALKAMI TECHNOLOGY, INC.",,Etats-Unis,NASDAQ,USD,-13.25,1.02,-8.27,-14.77,3.79,-13.78,5.87,0,0,0,0,2.89,6.42,0.00,0.00,6,6,0,0,,362049000.00,-10.74,29.43,2.34
EXTR,"EXTREME NETWORKS, INC.",,Etats-Unis,NASDAQ,USD,54.64,2.20,12.01,-27.62,88.38,2.71,9.11,3,3,2,3,10.56,91.78,124.50,260.54,6,6,3,3,-0.27,88590000.00,3.28,7.19,13.30
EXPE,"EXPEDIA GROUP, INC.",,Etats-Unis,NASDAQ,USD,48.67,2.52,30.08,37.87,14.71,21.09,8.44,3,3,1,3,14.36,48.82,0.00,0.00,6,6,3,3,0.32,2547000000.00,8.83,7.12,9.60
FOXA,FOX CORPORATION,,Etats-Unis,NASDAQ,USD,14.29,0.64,16.31,16.06,3.05,13.98,2.80,5,4,0,0,1.40,2.69,20.93,44.39,6,6,6,6,0.96,11814000000.00,10.08,10.68,1.90
TSLA,"TESLA, INC.",,Etats-Unis,NASDAQ,USD,4.93,0.18,4.51,14.23,11.69,10.85,6.22,3,3,2,3,7.10,9.56,90.00,84.83,6,6,4,4,-9.46,82865000000.00,4.07,-1.01,1.66
DRVN,DRIVEN BRANDS HOLDINGS INC.,,Etats-Unis,NASDAQ,USD,20.39,3.47,4.64,-25.48,40.91,4.16,0.48,0,1,0,1,1.24,40.45,11.72,2320.99,6,6,0,1,9.87,767202000.00,7.53,-10.09,5.42
TTEK,"TETRA TECH, INC.",,Etats-Unis,NASDAQ,USD,13.73,0.55,13.38,18.50,4.14,13.23,0.14,5,6,0,4,1.08,4.51,13.52,36.93,6,6,6,6,1.36,1780164000.00,4.56,9.70,2.41
REYN,REYNOLDS CONSUMER PRODUCTS INC.,,Etats-Unis,NASDAQ,USD,13.70,0.75,9.15,15.42,1.69,8.97,0.54,0,6,0,1,0.95,1.95,29.71,39.06,6,6,1,6,2.89,2253000000.00,8.09,-0.47,2.19
IRON,DISC MEDICINE INC.,,Etats-Unis,NASDAQ,USD,-35.86,0.04,,-30.96,4.31,,,,2,,2,,31.93,,144.60,0,6,,2,,739826000.00,,,1.09
BETR,BETTER HOME & FINANCE HOLDING COMPANY ORDINARY SHARES - CLASS A,,Etats-Unis,NASDAQ,USD,1580.71,16.55,-24.25,1102.83,1560.14,-31.27,6.53,0,2,0,2,3.98,429.79,0.00,127.04,5,5,0,2,,37183000.00,-80.17,52.90,40.49
CEPO,CANTOR EQUITY PARTNERS I-A,,Etats-Unis,NASDAQ,USD,-6.88,0.00,,43.15,152.03,,,,1,,1,,48.64,,103.22,0,4,,1,,193731503.00,,,1.07
SPRY,ARS PHARMACEUTICALS INC,,Etats-Unis,NASDAQ,USD,-92.33,0.84,-92.55,-36.88,49.61,-44.79,45.53,0,1,0,1,39.81,49.85,0.00,203.36,6,6,0,1,,114258000.00,-203.25,5200.25,2.87
CYAB,CYABRA INC.,,Etats-Unis,NASDAQ,USD,59.06,-0.78,,71.40,17.45,,,,2,,2,,12.34,,29.47,0,2,,2,,-24771000.00,-224.62,37.35,
BZAI,BLAIZE HOLDINGS INC.,,Etats-Unis,NASDAQ,USD,-654.37,0.08,-207.74,-197.11,396.95,-207.74,,0,2,0,2,,485.38,,541.16,1,4,0,2,,39000000.00,-535.58,216.52,2.62
CERS,CERUS CORPORATION,,Etats-Unis,NASDAQ,USD,-25.66,1.49,-7.61,-41.79,18.32,-14.42,8.03,0,0,0,0,16.58,3.14,0.00,0.00,6,6,0,0,,64965000.00,-7.59,14.82,3.42
SHMD,SCHMID GROUP N.V.,,Etats-Unis,NASDAQ,USD,73.83,-0.47,,61.17,160.41,-22.25,18.79,0,3,0,3,17.28,108.30,950.24,358.35,4,5,0,3,,-132165000.00,-106.21,-13.87,
SHLS,"SHOALS TECHNOLOGIES GROUP, INC.",,Etats-Unis,NASDAQ,USD,5.80,0.29,5.26,6.76,2.97,6.47,2.69,2,1,0,1,4.35,14.54,75.64,95.51,6,6,3,2,2.98,599973000.00,7.06,-1.40,1.51
GAUZ,GAUZY LTD.,,Etats-Unis,NASDAQ,USD,120.10,1.00,-24.48,82.14,33.74,-35.66,16.71,0,4,0,4,49.20,20.63,0.00,0.00,4,4,0,4,,48330000.00,-51.37,45.31,2.86
INV,INNVENTURE INC.,,Etats-Unis,NASDAQ,USD,-76.09,0.07,-13.35,35.62,152.06,-46.67,57.73,0,2,0,2,78.62,91.61,0.00,118.31,5,5,0,2,,483676000.00,-23120.14,35.67,1.24
MNKD,MANNKIND CORPORATION,,Etats-Unis,NASDAQ,USD,-9.03,-7.20,8.87,-7.07,11.03,12.70,12.93,1,3,1,3,49.20,26.89,67.28,140.89,6,6,1,3,4.21,-51022000.00,1.68,32.44,
IVVD,INVIVYD INC.,,Etats-Unis,NASDAQ,USD,-33.96,0.01,-53.27,-82.38,52.82,-133.11,112.91,0,0,0,0,79.84,47.09,0.00,0.00,2,5,0,0,,241540000.00,-98.25,,1.15
ABTC,"GRYPHON DIGITAL MINING, INC",,Etats-Unis,NASDAQ,USD,-18.23,0.28,0.11,15.92,38.49,-2.25,2.11,0,1,0,1,1.08,26.59,0.00,131.64,3,3,0,1,118.14,665819000.00,-82.72,68.80,1.87
SIBN,SI-BONE INC.,,Etats-Unis,NASDAQ,USD,-10.97,0.21,-20.35,-20.58,10.87,-32.78,13.22,0,0,0,0,14.67,14.51,0.00,0.00,6,6,0,0,,177532000.00,-9.41,20.28,1.34
IDN,"INTELLICHECK, INC.",,Etats-Unis,NASDAQ,USD,6.62,0.00,5.71,-3.32,9.13,-8.53,13.65,0,0,0,0,19.34,15.54,0.00,0.00,6,6,0,0,-8.89,20697000.00,5.62,9.49,1.18
MDB,MONGODB INC.,,Etats-Unis,NASDAQ,USD,-2.48,0.01,-11.32,-9.57,8.88,-17.04,5.30,0,1,0,1,4.34,50.25,0.00,100.11,6,6,0,1,,2952358000.00,-2.89,20.99,1.27
OMER,OMEROS CORPORATION,,Etats-Unis,NASDAQ,USD,2.21,-1.97,,162.89,227.24,,,,2,,2,,140.25,,233.50,0,5,,2,,-121231000.00,,,
NMIH,NMI HOLDINGS INC.,,Etats-Unis,NASDAQ,USD,16.17,0.16,12.82,17.25,1.02,12.88,0.08,2,6,0,0,0.05,2.55,0.85,12.21,2,6,2,6,-0.06,2591986000.00,55.05,10.46,1.48
GENB,"GENERATE BIOMEDICINES, INC.",,Etats-Unis,NASDAQ,USD,42.14,-0.11,-104.90,41.92,0.32,-88.43,23.30,0,2,0,2,16.47,0.23,0.00,0.00,2,2,0,2,,-623197000.00,-699.10,55.89,
IOVA,"IOVANCE BIOTHERAPEUTICS, INC.",,Etats-Unis,NASDAQ,USD,-55.50,0.07,-63.13,-64.96,14.71,-78.90,21.11,0,0,0,0,32.19,16.80,0.00,0.00,3,6,0,0,,698583000.00,-148.38,1388.68,1.31
CDZI,CADIZ INC.,,Etats-Unis,NASDAQ,USD,-119.37,4.48,-17.51,-96.13,20.13,-17.30,0.45,0,1,0,1,0.94,188.01,0.00,373.15,6,6,0,1,,23256000.00,-209.35,186.24,6.06
SION,SIONNA THERAPEUTICS INC.,,Etats-Unis,NASDAQ,USD,-105.18,0.03,,-31.13,109.97,,,,1,,1,,29.25,,210.45,0,4,,1,,306833000.00,,,1.06
ARRY,ARRAY TECHNOLOGIES INC.,,Etats-Unis,NASDAQ,USD,-19.02,2.94,5.91,-15.31,40.13,8.66,4.14,2,1,1,1,7.69,51.36,112.10,301.43,6,6,2,1,7.08,260388000.00,-4.07,-9.75,5.58
FCEL,"FUELCELL ENERGY, INC.",,Etats-Unis,NASDAQ,USD,-26.24,0.20,-15.68,-20.53,6.00,-20.14,3.94,0,0,0,0,5.26,8.60,0.00,0.00,6,6,0,0,,731141000.00,-121.00,13.22,1.27
ZNTL,"ZENTALIS PHARMACEUTICALS, INC.",,Etats-Unis,NASDAQ,USD,-49.53,0.17,,-53.15,12.53,-65.40,,0,0,0,0,,12.40,,0.00,1,6,0,0,,216204000.00,,,1.34
NKLR,TERRA INNOVATUM GLOBAL N.V.,,Etats-Unis,NASDAQ,USD,-1152.56,0.00,,36952.13,64823.73,,,,2,,2,,1361.51,,101.03,0,3,,2,,-93590000.00,,,
KEEL,KEEL INFRASTRUCTURE CORP.,,Etats-Unis,NASDAQ,USD,-37.21,1.22,-12.45,-37.21,,-12.45,,0,0,0,0,,,,,1,1,0,0,,560375000.00,-90.94,,2.31
VNDA,VANDA PHARMACEUTICALS INC.,,Etats-Unis,NASDAQ,USD,-50.93,0.04,-49.84,-17.98,28.60,-21.32,24.99,1,0,0,0,28.89,30.00,474.46,835.98,6,6,1,0,,327186000.00,-102.02,5.92,1.49
SIGA,SIGA TECHNOLOGIES INC.,,Etats-Unis,NASDAQ,USD,11.23,0.00,17.23,25.67,13.19,46.09,26.46,6,5,5,4,29.00,14.85,81.41,75.42,6,6,6,6,-6.51,198821572.00,24.61,-17.78,1.10
ZNB,"COLOR STAR TECHNOLOGY CO., LTD.",,Etats-Unis,NASDAQ,USD,-205.51,0.18,-28.52,-144.41,53.92,-60.15,44.73,0,0,0,0,31.75,46.72,0.00,0.00,3,4,0,0,,23322124.00,-492.80,,1.54
DAVE,DAVE INC. CLASS A COMMON STOCK,,Etats-Unis,NASDAQ,USD,73.11,0.21,53.00,21.95,64.21,14.77,39.41,2,2,1,2,52.65,86.67,0.00,0.00,6,6,2,2,-0.25,352727000.00,35.34,46.25,1.38
ARDX,ARDELYX INC.,,Etats-Unis,NASDAQ,USD,-36.21,1.25,-15.88,-36.35,13.41,-25.43,18.44,0,0,0,0,54.42,52.67,0.00,0.00,6,6,0,0,,166949000.00,-15.12,80.91,3.00
AGPU,PREDICTIVE ONCOLOGY INC.,,Etats-Unis,NASDAQ,USD,-981.16,0.03,-107.09,2634.73,5113.64,-381.82,388.53,0,1,0,1,274.73,3615.89,0.00,115.70,2,2,0,1,,47716955.00,-186053.45,-92.28,1.11
TLS,TELOS CORPORATION,,Etats-Unis,NASDAQ,USD,-32.76,0.08,-26.30,-30.08,8.30,-34.21,8.57,0,0,0,0,6.38,4.85,14536.67,782.34,6,6,0,0,,95950000.00,-22.18,6.47,1.46
VCYT,VERACYTE INC.,,Etats-Unis,NASDAQ,USD,5.34,0.03,5.87,0.16,6.42,1.55,4.01,0,0,0,0,7.17,3.45,0.00,0.00,6,6,0,0,-4.77,1309576000.00,12.83,19.68,1.07
BBNX,BETA BIONICS INC.,,Etats-Unis,NASDAQ,USD,-346.51,0.03,-57.67,-99.48,213.93,-69.86,16.01,0,3,0,3,199.98,262.01,0.00,1009.95,4,4,0,3,,287610000.00,-73.02,189.10,1.14
SRTA,"BLADE AIR MOBILITY, INC.",,Etats-Unis,NASDAQ,USD,16.51,0.01,-10.85,2.11,20.37,-18.43,10.72,0,1,0,0,7.58,14.41,0.00,0.00,2,2,0,1,,279072000.00,20.97,-20.73,1.17
SUIG,"MILL CITY VENTURES III, LTD.",,Etats-Unis,NASDAQ,USD,-279.63,0.00,,-136.86,201.91,,,,0,,0,,142.77,,4831.47,0,2,,0,,169741679.00,,,1.12
NEWT,NEWTEKONE INC.,,Etats-Unis,NASDAQ,USD,17.44,2.07,,17.30,0.20,,,,3,,1,,8.10,,63.38,0,5,,3,,397570000.00,22.66,12.30,6.90
GRML,GREENLAND MINES LTD,,Etats-Unis,NASDAQ,USD,-198.18,0.00,,-358.52,226.76,,,,0,,0,,160.35,,0.00,0,2,,0,,9463476.00,,,1.01
ALOY,BLACKBOXSTOCKS INC.,,Etats-Unis,NASDAQ,USD,,-0.39,,,,,,,,,,,,,,0,0,,,,-5228000.00,,,
AQST,AQUESTIVE THERAPEUTICS INC.,,Etats-Unis,NASDAQ,USD,178.61,-1.26,-109.55,79.52,88.84,-105.75,20.43,0,5,0,5,24.89,48.33,0.00,93.92,6,6,0,5,,-33662000.00,-188.09,-6.16,
NEXN,NEXXEN INTERNATIONAL LTD.,,Etats-Unis,NASDAQ,USD,4.98,0.07,6.36,2.55,5.66,3.39,7.79,1,1,1,0,9.80,5.36,123.20,124.12,6,6,1,1,-7.23,474671000.00,6.87,4.82,1.59
MMED,"MINIMED GROUP, INC.",,Etats-Unis,NASDAQ,USD,-9.13,0.04,-3.25,-6.02,3.02,-1.33,1.98,0,0,0,0,1.80,3.29,564.29,0.00,3,3,0,0,,3611000000.00,-10.22,12.09,1.28
OABI,"OMNIAB, INC.",,Etats-Unis,NASDAQ,USD,-23.36,0.08,-21.92,-19.80,4.03,-21.54,0.92,0,0,0,0,6.62,7.13,0.00,0.00,6,6,0,0,,267027000.00,-347.04,-26.08,1.13
OBAI,"TG-17, INC.",,Etats-Unis,NASDAQ,USD,101.98,-0.71,,101.98,,,,,1,,1,,,,,0,1,,1,,-11274000.00,-105.79,,
SITM,SITIME CORPORATION,,Etats-Unis,NASDAQ,USD,-4.62,0.00,-12.83,-9.76,4.56,-20.33,6.50,1,0,0,0,9.97,4.90,266.37,252.87,6,6,1,0,,1156182000.00,-13.13,50.62,1.12
RCKT,ROCKET PHARMACEUTICALS INC.,,Etats-Unis,NASDAQ,USD,-60.27,0.09,,-54.81,5.16,,,,0,,0,,7.59,,0.00,0,6,,0,,277221000.00,,,1.19
ARCT,ARCTURUS THERAPEUTICS HOLDINGS INC.,,Etats-Unis,NASDAQ,USD,-28.92,0.12,-49.72,-23.64,11.15,-46.98,7.25,0,0,0,0,22.40,24.64,1233.26,930.93,6,6,0,0,,213985000.00,-97.86,-34.72,1.27
HRMY,"HARMONY BIOSCIENCES HOLDINGS, INC.",,Etats-Unis,NASDAQ,USD,20.75,0.19,29.29,25.41,4.46,35.30,6.29,5,5,5,5,15.76,36.54,33.48,66.30,6,6,5,5,-2.93,870218000.00,18.27,22.15,1.46
NHP,"NATIONAL HEALTHCARE PROPERTIES, INC.",,Etats-Unis,NASDAQ,USD,-9.54,1.73,0.97,-9.54,,0.97,,0,0,0,0,,,,,1,1,0,0,47.19,604525000.00,-16.85,,2.83
STAA,STAAR SURGICAL COMPANY,,Etats-Unis,NASDAQ,USD,-21.70,0.11,-17.72,-6.98,13.90,-4.98,13.49,2,2,2,0,16.05,16.11,179.86,262.67,6,6,2,2,,344184000.00,-33.60,-13.82,1.31
SPWR,SUNPOWER INC.,,Etats-Unis,NASDAQ,USD,48.33,-2.07,-23.24,0.20,97.94,-69.30,90.75,0,3,0,3,97.19,85.90,0.00,196.92,6,6,0,4,,-90144000.00,-15.12,85.04,
ASTL,ALGOMA STEEL GROUP INC.,,Etats-Unis,NASDAQ,USD,-98.81,1.76,-30.94,-24.03,65.06,-3.01,24.69,2,2,1,1,22.66,57.62,135.38,201.17,6,6,2,2,,491100000.00,-47.22,-13.36,4.31
GCMG,GCM GROSVENOR INC.,,Etats-Unis,NASDAQ,USD,765.86,3.77,25.68,252.67,445.62,13.47,12.91,4,2,2,2,17.12,684.55,100.12,227.62,6,6,4,2,1.59,127432000.00,25.12,11.86,6.39
HROW,HARROW INC.,,Etats-Unis,NASDAQ,USD,-8.47,4.84,12.28,-27.83,20.91,5.63,6.01,1,0,0,0,1.71,40.09,84.96,0.00,6,6,1,0,3.48,52091000.00,-1.89,44.62,7.67
VCEL,VERICEL CORPORATION,,Etats-Unis,NASDAQ,USD,5.11,0.27,1.14,2.53,3.55,-1.51,3.16,0,0,0,0,5.23,6.35,1004.80,532.39,6,6,0,0,-3.72,354640000.00,5.98,18.27,1.38
SGMT,SAGIMET BIOSCIENCES INC.,,Etats-Unis,NASDAQ,USD,-38.20,0.00,,-5.66,55.26,-84.70,,0,3,0,1,,40.94,,165.70,1,6,0,3,,111381000.00,,,1.05
IMRX,IMMUNEERING CORPORATION,,Etats-Unis,NASDAQ,USD,-43.12,0.02,,-63.00,26.07,,,0,1,0,1,13.54,26.82,0.00,222.04,3,6,0,1,,218483968.00,,,1.06
AGNT,EXP WORLD HOLDINGS INC.,,Etats-Unis,NASDAQ,USD,-9.36,0.00,-7.52,-9.36,,-7.52,,0,0,0,0,,,,,1,1,0,0,,242779000.00,-0.48,,1.82
IESC,IES HOLDINGS INC.,,Etats-Unis,NASDAQ,USD,40.50,0.10,38.40,35.92,7.81,31.39,10.29,5,5,2,4,6.26,9.69,53.27,49.59,6,6,5,6,-0.37,887962000.00,9.25,19.09,1.80
NUAI,"NEW ERA ENERGY & DIGITAL, INC.",,Etats-Unis,NASDAQ,USD,1270.29,0.00,-186.00,971.49,422.57,-263.41,109.47,0,2,0,2,77.41,298.80,0.00,0.00,2,2,0,2,,-2609297.00,-3341.52,66.18,
LAND,GLADSTONE LAND CORPORATION,,Etats-Unis,NASDAQ,USD,1.99,0.71,1.49,1.96,0.06,1.71,0.19,0,0,0,0,0.24,0.74,25.87,44.96,6,6,0,0,18.19,670286000.00,15.31,-1.15,1.85
NRIX,NURIX THERAPEUTICS INC.,,Etats-Unis,NASDAQ,USD,-49.63,0.10,-77.82,-53.32,3.74,-79.55,1.80,0,0,0,0,4.22,4.28,0.00,0.00,6,6,0,0,,538747000.00,-314.90,4.44,1.28
LXEO,LEXEO THERAPEUTICS INC.,,Etats-Unis,NASDAQ,USD,-55.00,0.03,,-7665.15,13154.87,,,0,3,0,3,9.81,13199.97,0.00,13901.38,3,6,0,3,,246669000.00,,,1.09
PRME,PRIME MEDICINE INC.,,Etats-Unis,NASDAQ,USD,-146.81,0.96,-110.56,-123.96,31.37,-130.67,28.43,0,0,0,0,40.21,32.07,0.00,0.00,3,6,0,0,,120868000.00,-4342.44,,2.84
SPCX,SPACE EXPLORATION TECHNOLOGIES CORP. CLASS A,,Etats-Unis,NASDAQ,USD,-14.71,0.56,-6.50,-5.82,12.57,-2.64,5.45,0,0,0,0,3.86,8.89,637.19,579.15,2,2,0,0,,41325000000.00,-26.44,33.24,2.23
BTQ,BTQ TECHNOLOGIES CORP.,,Etats-Unis,NASDAQ,USD,-124.43,0.00,-191.99,-100.49,33.86,-150.12,59.21,0,0,0,0,41.87,23.94,0.00,0.00,2,2,0,0,,31610006.00,-7799.08,-52.68,1.07
SMMT,SUMMIT THERAPEUTICS INC.,,Etats-Unis,NASDAQ,USD,-206.10,0.03,,-300.94,266.46,,,0,0,0,0,55.92,294.89,0.00,0.00,3,6,0,0,,658860000.00,,,1.14
BCAX,BICARA THERAPEUTICS INC.,,Etats-Unis,NASDAQ,USD,-30.88,0.00,,-9.50,44.82,,,,2,,2,,39.21,,194.36,0,4,,2,,401452000.00,,,1.07
NRDS,NERDWALLET INC.,,Etats-Unis,NASDAQ,USD,13.19,0.04,13.71,6.06,8.49,4.94,7.62,1,1,0,0,6.61,15.83,2444.19,489.70,6,6,1,1,-1.31,374500000.00,5.82,18.14,1.23
CAST,"FREECAST, INC.",,Etats-Unis,NASDAQ,USD,,,,,,,,,,,,,,,,,,,,,,,,
VMET,VERSAMET ROYALTIES CORPORATION,,Etats-Unis,NASDAQ,USD,9.13,0.73,1.20,3.99,7.28,-0.15,1.91,0,0,0,0,1.35,5.15,0.00,0.00,2,2,0,0,28.66,233958000.00,58.49,189.08,1.79
EVER,EVERQUOTE INC.,,Etats-Unis,NASDAQ,USD,53.19,0.01,49.75,9.50,56.61,19.42,44.75,2,2,2,2,8.45,20.08,0.00,0.00,6,6,2,2,-2.54,238040000.00,14.34,55.09,1.37
BAER,"BRIDGER AEROSPACE GROUP HOLDINGS, INC.",,Etats-Unis,NASDAQ,USD,7.01,3.79,4.70,-60.97,81.41,-5.46,15.16,0,0,0,0,19.32,80.57,2238.32,0.00,5,6,0,0,11.82,64666000.00,3.37,35.69,5.11
FRNM,"FREENOME, INC.",,Etats-Unis,NASDAQ,USD,18.92,-0.25,-64.86,22.47,5.01,-75.16,14.57,0,2,0,1,10.30,3.55,0.00,27.26,2,2,0,2,,-1263136000.00,-721.31,955.14,
TRVI,TREVI THERAPEUTICS INC.,,Etats-Unis,NASDAQ,USD,-30.23,0.00,,-37.80,12.81,,,,0,,0,,72.19,,0.00,0,6,,0,,183244000.00,,,1.06
SUPN,SUPERNUS PHARMACEUTICALS INC.,,Etats-Unis,NASDAQ,USD,-3.68,0.04,-5.89,1.34,5.71,0.51,6.53,1,1,0,0,5.95,7.32,142.44,121.60,6,6,1,1,,1061714000.00,-5.36,8.79,1.37
SYM,SYMBOTIC INC. CLASS A,,Etats-Unis,NASDAQ,USD,-20.85,0.00,-22.41,-230.80,344.04,-194.51,266.45,0,3,0,1,217.42,360.93,0.00,2456.79,5,6,0,3,,483213000.00,-4.05,38.17,4.97
BRUN,BOOST RUN INC. CLASS A COMMON STOCK,,Etats-Unis,NASDAQ,USD,-208.25,5.66,-34.98,-105.74,144.97,-17.78,24.32,0,0,0,0,17.19,102.51,0.00,0.00,2,2,0,0,,8136000.00,-60.53,238.84,9.52
STIM,NEURONETICS INC.,,Etats-Unis,NASDAQ,USD,-134.81,3.44,-24.82,-111.17,39.03,-35.84,11.16,0,0,0,0,3.81,40.05,0.00,0.00,6,6,0,0,,26240000.00,-26.23,44.59,5.39
PDYN,PALLADYNE AI CORP,,Etats-Unis,NASDAQ,USD,30.82,0.14,-71.56,-185.62,252.45,-91.39,27.30,0,1,0,1,21.36,224.70,0.00,0.00,6,6,0,1,,74675000.00,191.36,-7.61,1.28
BRR,COLUMBUS CIRCLE CAPITAL CORP I,,Etats-Unis,NASDAQ,USD,,0.52,,,,,,,,,,,,,,0,0,,,,420176675.00,,,1.52
LGN,LEGENCE CORP.,,Etats-Unis,NASDAQ,USD,-15.58,1.47,3.51,-3.51,17.07,3.36,0.21,0,0,0,0,0.15,12.07,0.00,282.01,2,2,0,0,10.02,788795000.00,-3.03,21.53,3.40
PRCT,PROCEPT BIOROBOTICS CORPORATION,,Etats-Unis,NASDAQ,USD,-24.89,0.21,-37.55,-31.99,10.72,-43.60,9.88,0,1,0,1,15.03,63.98,0.00,590.41,6,6,0,1,,365870000.00,-31.02,50.40,1.39
PFSA,"PROFUSA, INC.",,Etats-Unis,NASDAQ,USD,49.12,-0.56,,22.32,23.22,,,,3,,2,,3.51,,63.48,0,5,,3,,-26658000.00,,,
AAOI,"APPLIED OPTOELECTRONICS, INC.",,Etats-Unis,NASDAQ,USD,-7.94,0.34,-6.74,-40.04,39.48,-11.05,4.91,0,0,0,0,3.71,34.61,0.00,0.00,6,6,0,0,,733918000.00,-8.39,44.70,1.59
CYCU,CYCURION INC.,,Etats-Unis,NASDAQ,USD,-222.48,0.51,-47.66,-80.07,127.41,-11.13,32.10,1,1,0,1,33.99,132.08,478.55,1061.87,4,4,1,1,,16243466.00,-158.98,-11.56,2.06
TTD,"THE TRADE DESK, INC. CLASS A",,Etats-Unis,NASDAQ,USD,16.32,0.18,22.36,13.35,4.35,17.42,5.77,3,3,1,1,4.67,6.62,57.19,87.75,6,6,5,4,-2.59,2484391000.00,15.31,21.99,2.48
BITF,BITFARMS LTD.,,Etats-Unis,NASDAQ,USD,-35.69,1.22,-14.72,-28.50,14.34,-22.05,6.72,1,0,1,0,9.35,41.38,189.17,583.76,6,6,1,1,,560375000.00,-90.94,25.16,2.31
MDLN,MEDLINE INC.,,Etats-Unis,NASDAQ,USD,6.46,0.65,5.41,6.46,,5.41,,0,0,0,0,,,,,1,1,0,0,4.83,19286000000.00,4.07,,2.00
EYPT,EYEPOINT PHARMACEUTICALS INC.,,Etats-Unis,NASDAQ,USD,-72.19,0.07,-109.95,-51.55,18.01,-79.29,28.06,0,0,0,0,25.38,104.08,0.00,0.00,6,6,0,0,,306113000.00,-739.42,-17.43,1.19
NTLA,INTELLIA THERAPEUTICS INC.,,Etats-Unis,NASDAQ,USD,-53.48,0.14,-75.63,-49.86,6.73,-72.08,6.27,0,0,0,0,13.61,9.68,0.00,0.00,6,6,0,0,,671394000.00,-609.85,36.58,1.25
IPXX,"USA RARE EARTH, INC.",,Etats-Unis,NASDAQ,USD,,0.00,,,,,,,,,,,,,,0,0,,,,246061192.00,,,1.05
FIVN,FIVE9 INC.,,Etats-Unis,NASDAQ,USD,5.60,1.02,-0.13,-5.30,12.72,-8.24,7.67,0,0,0,0,4.49,11.41,0.00,0.00,6,6,0,0,-4.29,785817000.00,3.43,12.34,2.28
ATAI,ATAIBECKLEY INC.,,Etats-Unis,NASDAQ,USD,-389.98,0.01,-79.45,-163.45,198.93,-72.33,6.42,0,0,0,0,6.59,191.04,0.00,0.00,5,6,0,0,,222001000.00,-16144.46,260.86,1.32
SOUN,SOUNDHOUND AI INC.,,Etats-Unis,NASDAQ,USD,-4.33,0.01,-44.14,593.76,1330.46,-76.55,48.28,0,4,0,4,199.17,205.77,0.00,115.71,6,6,0,4,,463786000.00,-8.29,91.89,1.48
HYPR,HYPERFINE INC.,,Etats-Unis,NASDAQ,USD,-79.01,0.01,-121.34,-60.85,18.25,-98.69,23.78,0,1,0,1,30.43,32.24,0.00,370.05,6,6,0,1,,41005000.00,-262.29,10.88,1.35
NVTS,NAVITAS SEMICONDUCTOR CORPORATION,,Etats-Unis,NASDAQ,USD,-29.55,0.01,-26.64,-30.30,7.49,-30.79,3.76,0,3,0,3,20.97,32.43,0.00,100.86,6,6,0,3,,443661000.00,-254.71,-23.98,1.13
BLDP,BALLARD POWER SYSTEMS INC COMMON STOCK,,Etats-Unis,NASDAQ,USD,-14.40,0.04,-18.00,-23.30,13.61,-22.22,4.43,0,0,0,0,6.03,14.38,0.00,0.00,6,6,0,0,,589930000.00,-91.49,-1.48,1.16
NNOX,NANO-X IMAGING LTD.,,Etats-Unis,NASDAQ,USD,-45.62,0.06,-42.96,-34.31,9.83,-37.19,5.13,0,0,0,0,5.50,13.41,0.00,0.00,5,6,0,0,,139732000.00,-576.13,14.66,1.16
VITL,VITAL FARMS INC.,,Etats-Unis,NASDAQ,USD,21.36,0.15,26.69,19.68,4.51,28.67,6.60,4,3,3,2,14.81,7.89,102.60,87.34,6,6,4,3,-0.68,351260000.00,8.73,26.87,1.48
CDNA,CAREDX INC.,,Etats-Unis,NASDAQ,USD,-6.27,0.09,-13.93,-14.94,36.49,-27.34,13.21,0,1,0,0,13.31,27.97,0.00,138.16,6,6,0,1,,303101000.00,-5.62,16.40,1.36
STEX,"BIOSIG TECHNOLOGIES, INC.",,Etats-Unis,NASDAQ,USD,-701.65,0.29,,12.71,1010.26,,,,1,,1,,714.36,,196.50,0,2,,1,,133328000.00,,,1.41
CDNL,CARDINAL INFRASTRUCTURE GROUP INC. CLASS A COMMON STOCK,,Etats-Unis,NASDAQ,USD,22.28,0.98,21.64,22.28,,21.64,,1,1,1,1,,,,,1,1,1,1,-1.42,139537823.00,6.82,,2.83
HELP,CYBIN INC.,,Etats-Unis,NASDAQ,USD,-63.11,0.00,,-55.40,10.90,,,,0,,0,,7.70,,0.00,0,2,,0,,231789000.00,,,1.08
BIGC,BIGCOMMERCE HOLDINGS INC.,,Etats-Unis,NASDAQ,USD,-91.78,6.61,-17.70,-141.85,45.81,-26.03,8.32,0,2,0,1,65.31,83.24,0.00,198.04,6,6,0,2,,33369000.00,-8.12,9.22,10.20
VTIX,VIRTUIX HOLDINGS INC.,,Etats-Unis,NASDAQ,USD,-1490.57,3.06,-183.26,177.14,2358.50,-328.10,204.84,0,1,0,1,144.84,1667.71,0.00,180.80,2,2,0,1,,3048103.00,-395.03,18.44,4.84
MBUU,MALIBU BOATS INC.,,Etats-Unis,NASDAQ,USD,0.33,0.32,0.36,-2.20,6.72,2.94,2.58,3,3,2,2,9.72,14.29,98.78,126.85,6,6,3,3,6.80,528426000.00,0.19,5.03,1.89
VWAV,VISIONWAVE HOLDINGS INC.,,Etats-Unis,NASDAQ,USD,111.03,-0.50,,111.03,,,,,1,,1,,,,,0,1,,1,,-11795447.00,,,
GCT,GIGACLOUD TECHNOLOGY INC CLASS A ORDINARY SHARES,,Etats-Unis,NASDAQ,USD,30.83,0.97,19.07,35.25,4.04,24.98,8.45,6,6,5,5,7.87,11.36,76.25,65.39,6,6,6,6,0.37,485799000.00,10.65,35.38,2.48
GEMI,"GEMINI SPACE STATION, INC.",,Etats-Unis,NASDAQ,USD,458.03,1.22,-48.65,176.56,244.15,-51.86,21.63,0,3,0,3,26.27,27.59,0.00,55.60,3,3,0,3,,540873000.00,-324.56,35.27,3.33
ODD,ODDITY TECH LTD.,,Etats-Unis,NASDAQ,USD,32.63,1.53,22.11,32.75,3.10,32.52,9.02,6,6,6,6,8.21,4.28,48.06,9.11,6,6,6,6,-1.75,396495000.00,13.67,26.18,2.87
CCLD,CARECLOUD INC.,,Etats-Unis,NASDAQ,USD,19.76,0.07,17.98,-10.32,49.87,10.15,12.50,2,2,0,0,8.20,42.25,205.45,1347.79,6,6,2,2,-0.17,59506000.00,8.96,1.46,1.47
CADL,CANDEL THERAPEUTICS INC.,,Etats-Unis,NASDAQ,USD,-64.58,0.94,,-109.88,39.86,,,0,1,0,1,6.11,57.16,0.00,337.29,3,6,0,1,,51922000.00,,,2.41
PBK,POWERBANK CORPORATION,,Etats-Unis,NASDAQ,USD,,3.82,,,,,,,,,,,,,,0,0,,,,19760000.00,,,7.01
BLBD,BLUE BIRD CORPORATION,,Etats-Unis,NASDAQ,USD,61.55,0.35,60.61,94.14,28.61,45.08,23.79,3,4,2,4,16.98,79.02,232.45,78.97,6,6,3,4,-0.83,255415000.00,8.63,14.31,2.45
HTFL,"HEARTFLOW, INC.",,Etats-Unis,NASDAQ,USD,41.80,0.07,-50.50,21.96,17.18,-68.07,15.37,0,2,0,1,4.31,0.52,0.00,4.23,3,3,0,3,,300647000.00,-66.35,42.10,1.20
FATE,FATE THERAPEUTICS INC.,,Etats-Unis,NASDAQ,USD,-51.84,0.38,-68.33,-47.94,8.89,-66.29,7.27,0,0,0,0,7.46,5.28,0.00,0.00,6,6,0,0,,207184000.00,-2051.08,-67.66,1.54
DAIC,"CID HOLDCO, INC.",,Etats-Unis,NASDAQ,USD,305.29,9.43,-449.28,186.56,107.36,-405.16,206.62,0,4,0,4,214.28,34.17,0.00,0.00,4,4,0,4,,239466.00,-632.59,263.35,44.67
RDNT,RADNET INC.,,Etats-Unis,NASDAQ,USD,1.37,1.37,2.29,3.34,1.73,3.49,1.12,0,1,0,0,0.75,3.36,57.53,90.65,6,6,0,1,13.10,1355886000.00,0.84,12.34,2.77
OCUL,OCULAR THERAPEUTIX INC.,,Etats-Unis,NASDAQ,USD,-54.85,0.12,-73.40,-92.57,36.47,-80.14,9.05,0,0,0,0,9.33,59.09,0.00,0.00,6,6,0,0,,654310000.00,-511.90,-5.72,1.23
GUTS,FRACTYL HEALTH INC.,,Etats-Unis,NASDAQ,USD,-744.17,6.52,,-223.72,450.83,-153.27,38.49,0,5,0,4,27.22,441.31,0.00,1706.58,2,6,0,5,,9458000.00,,,12.84
ETON,ETON PHARMACEUTICALS INC.,,Etats-Unis,NASDAQ,USD,-18.19,1.19,-1.56,-14.64,7.01,-5.94,3.86,0,0,0,0,101.39,95.17,0.00,0.00,6,6,0,0,,26154000.00,-5.75,58.96,3.52
KYMR,KYMERA THERAPEUTICS INC.,,Etats-Unis,NASDAQ,USD,-25.78,0.05,-44.36,-31.79,5.44,-53.40,8.96,0,0,0,0,10.34,4.59,0.00,0.00,6,6,0,0,,1579664000.00,-794.04,-29.37,1.10
PAYO,PAYONEER GLOBAL INC.,,Etats-Unis,NASDAQ,USD,10.24,0.10,-49.82,14.37,3.72,-36.31,52.13,1,2,1,0,47.04,59.65,478.30,41.32,6,6,1,3,,704427000.00,8.91,-0.60,12.71
OLLI,OLLIE'S BARGAIN OUTLET HOLDINGS INC.,,Etats-Unis,NASDAQ,USD,13.43,0.36,10.55,12.85,0.51,10.46,0.23,1,5,0,0,2.20,2.79,61.68,57.32,6,6,5,5,1.21,1888076000.00,9.08,12.25,1.57
EIKN,"EIKON THERAPEUTICS, INC.",,Etats-Unis,NASDAQ,USD,44.69,-0.29,,56.32,13.34,,,,3,,3,,8.70,,36.96,0,3,,3,,-879034000.00,,,
TVTX,TRAVERE THERAPEUTICS INC.,,Etats-Unis,NASDAQ,USD,-29.38,2.86,-24.69,-122.76,112.36,-74.16,43.13,0,0,0,0,27.91,103.07,0.00,0.00,6,6,0,0,,114828000.00,-5.21,83.81,5.26
AIP,ARTERIS INC,,Etats-Unis,NASDAQ,USD,439.27,-0.41,-106.34,-61.43,466.38,-90.94,13.96,0,2,0,2,20.85,231.17,0.00,1880.77,6,6,0,2,,-14632000.00,-49.23,14.68,
QMCO,QUANTUM CORPORATION,,Etats-Unis,NASDAQ,USD,55.64,-0.77,-172.93,58.76,20.38,-124.26,62.26,1,5,1,4,96.71,39.75,458.92,194.87,6,6,1,5,,-198857000.00,-36.14,-5.28,
TMDX,TRANSMEDICS GROUP INC.,,Etats-Unis,NASDAQ,USD,54.24,1.10,18.73,19.40,34.83,4.74,16.61,1,2,0,1,16.44,18.08,0.00,0.00,6,6,1,2,-4.21,473100000.00,31.43,58.30,2.26
OSTK,OVERSTOCK.COM INC,,Etats-Unis,NASDAQ,USD,-5.07,0.07,4.75,25.29,36.58,17.38,11.08,2,2,2,1,17.18,20.10,81.35,107.69,3,3,2,2,-12.17,645826000.00,-1.83,-13.01,1.36
CRVS,CORVUS PHARMACEUTICALS INC.,,Etats-Unis,NASDAQ,USD,-32.60,0.02,,-88.16,76.07,,,,0,,0,,70.70,,0.00,0,6,,0,,61205000.00,,,1.16
VERA,VERA THERAPEUTICS INC.,,Etats-Unis,NASDAQ,USD,-50.71,0.13,,-67.68,34.61,,,,2,,2,,54.85,,136.83,0,6,,2,,604521000.00,,,1.22
PTGX,PROTAGONIST THERAPEUTICS INC.,,Etats-Unis,NASDAQ,USD,-20.18,0.02,-42.39,1.87,45.67,-8.83,72.50,1,1,1,1,18.04,16.77,157.00,137.10,6,6,1,1,,614707000.00,-282.83,-12.43,1.09
CRSP,CRISPR THERAPEUTICS AG,,Etats-Unis,NASDAQ,USD,-30.18,0.11,,-19.18,11.01,-24.05,11.93,1,1,1,0,8.44,8.36,245.97,263.64,5,6,1,1,,1921813000.00,,,1.18
AMTX,AEMETIS INC.,,Etats-Unis,NASDAQ,USD,26.98,-1.24,-13.56,28.52,7.24,-14.68,0.98,0,6,0,5,2.34,6.65,0.00,66.87,6,6,0,6,,-306831000.00,-37.02,5.54,
CRON,CRONOS GROUP INC.,,Etats-Unis,NASDAQ,USD,-0.26,0.00,-7.87,-1.10,5.20,-13.50,5.02,0,0,0,0,1.12,12.78,0.00,107.16,6,6,0,0,,1142959000.00,-2.00,29.62,1.05
ALT,"ALTIMMUNE, INC.",,Etats-Unis,NASDAQ,USD,-50.57,0.16,-77.63,-52.35,6.79,-83.12,16.55,0,0,0,0,23.05,8.31,0.00,0.00,5,6,0,0,,224892000.00,-214860.98,-68.98,1.24
ACTU,ACTUATE THERAPEUTICS INC.,,Etats-Unis,NASDAQ,USD,-553.75,0.00,,-156.88,343.96,,,,3,,3,,411.03,,1109.94,0,4,,3,,7924003.00,,,1.77
ENPH,"ENPHASE ENERGY, INC.",,Etats-Unis,NASDAQ,USD,17.93,1.12,6.14,25.92,19.85,10.54,12.53,4,5,4,4,17.05,12.71,97.70,82.15,6,6,4,6,-1.82,1087023000.00,11.69,-19.81,3.23
CRML,CRITICAL METALS CORP.,,Etats-Unis,NASDAQ,USD,,,,-685.28,944.31,,,,0,,0,,949.90,,0.00,0,4,,0,,,,,
CRMD,CORMEDIX INC.,,Etats-Unis,NASDAQ,USD,66.56,0.37,39.64,-10.21,71.18,-4.16,61.94,1,1,1,1,9.49,13.89,0.00,0.00,5,6,1,1,0.00,405307000.00,52.31,,2.04
VERI,"VERITONE, INC.",,Etats-Unis,NASDAQ,USD,-273.93,0.69,-57.38,-172.73,90.55,-61.55,3.74,0,0,0,0,12.01,113.44,0.00,0.00,6,6,0,0,,68124000.00,-121.19,-14.99,2.68
AXSM,"AXSOME THERAPEUTICS, INC.",,Etats-Unis,NASDAQ,USD,-252.11,2.47,-69.97,-214.32,48.81,-81.85,12.91,0,0,0,0,62.69,52.53,0.00,0.00,4,6,0,0,,88295000.00,-28.69,53.61,7.81
CLYM,"CLIMB BIOTHERAPEUTICS, INC.",,Etats-Unis,NASDAQ,USD,-32.15,0.00,,-36.04,8.93,,,,0,,0,,33.56,,0.00,0,6,,0,,160475000.00,,,1.05
AUPH,AURINIA PHARMACEUTICALS INC.,,Etats-Unis,NASDAQ,USD,59.91,0.13,24.40,13.84,41.32,-3.63,30.28,1,1,1,1,12.65,10.97,0.00,0.00,6,6,1,1,-3.03,581331000.00,101.47,26.99,1.29
LNTH,"LANTHEUS HOLDINGS, INC.",,Etats-Unis,NASDAQ,USD,21.45,0.57,17.85,35.33,15.30,30.51,10.99,3,3,2,3,13.24,19.44,52.45,58.53,6,6,3,3,0.82,1089797000.00,15.15,9.05,2.04
AURA,AURA BIOSCIENCES INC.,,Etats-Unis,NASDAQ,USD,-73.52,0.13,,-51.93,19.32,,,,0,,0,,44.59,,0.00,0,6,,0,,136913000.00,,,1.24
FNUC,FRONTIER NUCLEAR AND MINERALS INC.,,Etats-Unis,NASDAQ,USD,-28.54,0.00,,-36.25,14.95,,,,0,,0,,24.94,,0.00,0,3,,0,,25497455.00,,,1.17
ORBS,EIGHTCO HOLDINGS INC.,,Etats-Unis,NASDAQ,USD,-215.00,0.05,-15.37,-104.42,156.38,-13.61,2.49,0,0,0,0,1.76,110.58,0.00,3595.93,2,2,0,0,,232218036.00,-794.43,-16.76,1.08
EPSN,EPSILON ENERGY LTD.,,Etats-Unis,NASDAQ,USD,-5.24,0.41,7.62,1.16,6.05,5.03,2.37,2,2,2,1,3.69,5.99,93.96,113.60,6,6,2,2,2.70,124732354.00,-11.24,29.57,1.83
NAMS,NEWAMSTERDAM PHARMA CO. N.V.,,Etats-Unis,NASDAQ,USD,-28.29,0.00,-52.71,-40.86,10.92,-60.47,11.59,0,0,0,0,14.15,23.79,6461.21,0.00,4,6,0,0,,683431000.00,-905.74,26.38,1.13
NAMM,NAMIB MINERALS,,Etats-Unis,NASDAQ,USD,-288.26,-0.13,119.44,-105.26,158.49,145.53,102.71,3,0,3,0,61.52,192.86,53.84,0.00,4,4,3,0,0.11,-39275000.00,122.50,12.67,
ACMR,ACM RESEARCH INC.,,Etats-Unis,NASDAQ,USD,8.06,0.15,8.11,10.73,2.49,10.92,2.79,1,1,0,0,1.78,2.08,40.72,40.15,6,6,3,3,-7.87,1930509000.00,13.52,27.12,1.49
QUCY,MAINZ BIOMED N.V.,,Etats-Unis,NASDAQ,USD,-488.32,4.01,-295.87,-419.56,101.32,-278.12,17.85,0,0,0,0,19.89,93.16,0.00,0.00,4,4,0,0,,641600.00,-3018.31,-22.56,8.30
QTRX,QUANTERIX CORPORATION,,Etats-Unis,NASDAQ,USD,-34.25,0.13,-45.38,-17.86,14.29,-29.53,14.55,0,0,0,0,11.89,11.56,0.00,0.00,6,6,0,0,,295730000.00,-77.28,6.99,1.42
FULC,FULCRUM THERAPEUTICS INC.,,Etats-Unis,NASDAQ,USD,-25.30,0.02,,-24.74,20.39,-42.16,42.72,0,0,0,0,19.94,15.21,0.00,0.00,5,6,0,0,,349000000.00,,,1.05
QSI,QUANTUM-SI INCORPORATED,,Etats-Unis,NASDAQ,USD,-46.52,0.02,-69.67,-39.48,8.22,-60.75,9.88,0,0,0,0,7.22,36.18,0.00,0.00,3,6,0,0,,220226000.00,-4160.06,50.05,1.12
CMRC,"COMMERCE.COM, INC.",,Etats-Unis,NASDAQ,USD,-53.19,4.21,-6.21,-67.09,19.66,-14.07,11.12,0,0,0,0,7.86,13.91,0.00,0.00,2,2,0,0,,39354000.00,-5.65,2.83,7.85
QNT,QUANTINUUM INC.,,Etats-Unis,NASDAQ,USD,-42.29,0.01,-42.96,-28.36,19.70,-28.49,20.46,0,0,0,0,14.47,13.93,0.00,0.00,2,2,0,0,,1687593000.00,-1836.46,34.61,1.09
ADAM,"ADAMAS TRUST, INC.",,Etats-Unis,NASDAQ,USD,9.69,2.97,,1.51,11.56,,,,0,,0,,8.18,,0.00,0,2,,0,,1430437000.00,39.01,45.75,8.84
MWH,SOLV ENERGY INC CLASS A,,Etats-Unis,NASDAQ,USD,35.28,1.04,25.15,3.22,31.72,8.96,15.55,1,1,1,1,13.43,30.67,0.00,0.00,3,3,1,1,0.39,455225000.00,6.01,8.88,3.99
VERX,VERTEX INC.,,Etats-Unis,NASDAQ,USD,3.29,1.35,-4.55,-8.84,14.15,-2.50,4.27,0,0,0,0,31.86,19.23,289.58,0.00,6,6,0,0,,258920000.00,0.96,14.35,4.91
ADMA,ADMA BIOLOGICS INC.,,Etats-Unis,NASDAQ,USD,35.56,0.17,37.08,32.51,50.73,26.38,17.25,2,2,2,2,23.91,36.21,0.00,56.45,6,6,2,2,-0.04,477320000.00,28.80,40.56,1.31
PUBM,PUBMATIC INC.,,Etats-Unis,NASDAQ,USD,-5.36,0.17,-9.38,0.64,5.25,-4.86,3.99,3,2,2,1,13.53,7.85,122.02,120.48,6,6,3,3,,262589000.00,-5.11,2.94,2.59
RPD,RAPID7 INC.,,Etats-Unis,NASDAQ,USD,27.12,6.26,-1.38,33.87,88.25,-1.59,3.27,0,4,0,4,8.81,136.13,188.46,109.45,6,6,0,4,42.68,154730000.00,2.72,5.15,11.16
AVTE,JADE BIOSCIENCES INC.,,Etats-Unis,NASDAQ,USD,-74.91,0.01,,-57.77,20.93,,,,2,,2,,31.21,,166.20,0,6,,2,,76434000.00,,,1.05
MVIS,MICROVISION INC.,,Etats-Unis,NASDAQ,USD,-182.10,0.66,-105.23,-135.16,46.41,-114.08,8.88,0,0,0,0,38.11,48.41,0.00,0.00,6,6,0,0,,55548000.00,-7862.67,-59.21,1.86
TNDM,TANDEM DIABETES CARE INC.,,Etats-Unis,NASDAQ,USD,-97.88,2.86,-34.13,-63.42,32.51,-29.50,6.08,0,0,0,0,13.12,44.67,741.54,2616.20,6,6,0,0,,155170000.00,-20.17,16.50,5.68
MTBC,MTBC INC,,Etats-Unis,NASDAQ,USD,-17.68,-0.48,3.55,0.98,24.71,-1.58,7.99,0,1,0,1,8.25,11.51,0.00,160.97,4,4,0,1,-2.32,-28642000.00,3.91,14.92,
XNCR,XENCOR INC.,,Etats-Unis,NASDAQ,USD,-14.07,0.30,-35.31,-22.46,11.23,-32.94,3.99,0,1,0,0,8.62,13.11,453.81,378.42,6,6,0,1,,635587000.00,-73.37,-13.63,1.38
DOMO,DOMO INC. CLASS B COMMON STOCK,,Etats-Unis,NASDAQ,USD,32.67,-0.75,,44.20,9.99,,,0,6,0,6,129.85,21.36,0.00,67.78,2,6,0,6,,-186064000.00,-18.61,-0.02,
GLND,GREENLAND ENERGY COMPANY,,Etats-Unis,NASDAQ,USD,,,,,,,,,,,,,,,,,,,,,,,,
RMNI,RIMINI STREET INC.,,Etats-Unis,NASDAQ,USD,-76.91,-3.37,55.24,-18.33,75.29,84.80,28.68,5,1,5,1,22.23,35.74,50.90,1518.10,5,6,5,1,-0.88,-27029000.00,8.80,-1.16,
AIIO,ROBO.AI INC.,,Etats-Unis,NASDAQ,USD,183.45,-0.23,,2051.95,3538.17,-151.08,,0,2,0,2,,186.04,,97.01,1,4,0,2,,-116115000.00,-17638.63,-84.05,
XENE,XENON PHARMACEUTICALS INC.,,Etats-Unis,NASDAQ,USD,-51.76,0.01,-88.42,-33.91,15.72,-88.42,,0,0,0,0,39.69,17.51,0.00,0.00,4,6,0,0,,581760000.00,-4612.13,,1.09
KOD,KODIAK SCIENCES INC.,,Etats-Unis,NASDAQ,USD,-149.49,0.38,,-102.80,40.77,,,,0,,0,,48.54,,0.00,0,6,,0,,157383000.00,,,2.23
RLAY,RELAY THERAPEUTICS INC.,,Etats-Unis,NASDAQ,USD,-41.12,0.06,-69.39,-41.82,2.07,-70.77,5.35,0,0,0,0,14.64,2.74,0.00,0.00,6,6,0,0,,567060000.00,-1800.58,-22.47,1.10
TNGX,TANGO THERAPEUTICS INC.,,Etats-Unis,NASDAQ,USD,-37.23,0.10,-53.10,-45.10,10.93,-57.99,12.31,0,0,0,0,14.25,56.35,0.00,0.00,6,6,0,0,,346179000.00,-162.85,30.69,1.15
COOT,AUSTRALIAN OILSEEDS HOLDINGS,,Etats-Unis,NASDAQ,USD,,19.90,,-78.17,162.76,12.70,7.74,2,2,0,2,10.95,230.18,62.04,444.43,3,3,2,2,,907569.00,,-27.37,33.05
PTRN,PATTERN GROUP INC.,,Etats-Unis,NASDAQ,USD,3.38,0.05,3.99,10.64,10.26,12.95,12.67,1,1,1,0,8.96,7.26,81.79,81.11,2,2,1,1,-10.16,580995000.00,0.65,39.26,1.63
GMTX,"GEMINI THERAPEUTICS, INC.",,Etats-Unis,NASDAQ,USD,196.28,-0.03,,79.82,164.70,,,,1,,1,,116.46,,0.00,0,2,,1,,-184686000.00,,,
WVE,WAVE LIFE SCIENCES LTD.,,Etats-Unis,NASDAQ,USD,-56.16,0.03,-80.70,657.43,1254.82,-97.71,17.79,0,2,0,2,56.05,106.74,0.00,103.03,6,6,0,2,,518357000.00,-478.33,-38.59,1.23
CNTN,"CANTON STRATEGIC HOLDINGS, INC.",,Etats-Unis,NASDAQ,USD,-17.99,0.00,,-475.39,646.86,,,,0,,0,,457.40,,0.00,0,2,,0,,397925880.00,,,1.30
MRAM,EVERSPIN TECHNOLOGIES INC.,,Etats-Unis,NASDAQ,USD,-0.89,0.05,-17.26,6.67,11.21,-5.80,19.19,3,3,2,0,26.69,34.91,162.74,104.55,6,6,3,3,,68917000.00,-1.06,-6.96,1.23
XNDU,XANADU QUANTUM TECHNOLOGIES LIMITED CLASS B SUBORDINATE VOTING SHARES,,Etats-Unis,NASDAQ,USD,-97.96,1.57,-84.14,-55.61,37.42,-61.42,21.26,0,0,0,0,26.04,56.06,0.00,0.00,3,3,0,0,,17847025.00,-1530.58,16.61,2.89
FRPT,FRESHPET INC.,,Etats-Unis,NASDAQ,USD,12.29,0.41,3.72,4.52,7.84,0.80,3.61,0,1,0,0,2.31,3.37,0.00,0.00,6,6,0,1,2.87,1208659000.00,12.63,19.87,1.47
RZLV,REZOLVE AI LTD.,,Etats-Unis,NASDAQ,USD,-98.67,0.64,-18.84,111.73,233.56,-18.84,,0,4,0,4,657.03,386.37,0.00,105.04,2,5,0,4,,246815532.00,-216.69,1696.23,2.48
DJT,TRUMP MEDIA & TECHNOLOGY GROUP CORP.,,Etats-Unis,NASDAQ,USD,-55.64,0.58,-17.09,1.39,134.01,-24.79,10.89,0,2,0,2,7.70,71.77,0.00,249.33,2,5,0,2,,1646864100.00,-19343.40,-5.58,1.60
AIOT,POWERFLEET INC.,,Etats-Unis,NASDAQ,USD,-4.30,0.62,1.77,-8.75,7.76,-2.26,3.50,0,0,0,0,0.61,7.31,0.00,0.00,6,6,0,0,13.30,481615000.00,-4.49,82.16,1.98
AVR,ANTERIS TECHNOLOGIES LTD.,,Etats-Unis,NASDAQ,USD,-1010.72,-9.02,-1088.00,-744.46,376.55,-821.51,376.87,0,0,0,0,532.97,532.52,0.00,0.00,3,3,0,0,,-253000.00,-4925.51,-30.05,
RXST,RXSIGHT INC.,,Etats-Unis,NASDAQ,USD,-13.99,0.04,-29.73,-21.76,14.82,-39.04,15.53,0,1,0,1,6.25,30.06,0.00,195.73,6,6,0,1,,275683000.00,-28.96,22.87,1.13
ALVO,ALVOTECH SA,,Etats-Unis,NASDAQ,USD,-8.01,-5.09,4.67,33.39,40.88,-9.93,26.04,0,5,0,4,10.18,21.30,15.55,105.46,6,6,0,5,16.33,-284487000.00,4.76,153.23,
RUM,RUMBLE INC.,,Etats-Unis,NASDAQ,USD,-77.30,0.01,-63.06,-158.56,174.61,-68.58,7.81,0,1,0,1,1472.58,174.84,0.00,197.39,5,6,0,1,,274842192.00,-81.32,11.48,1.23
EOLS,EVOLUS INC.,,Etats-Unis,NASDAQ,USD,587.36,-6.71,-30.33,2295.18,2891.18,-32.65,7.82,0,4,0,4,23.94,905.03,0.00,569.85,6,6,0,4,,-23106000.00,-17.38,21.27,
ORKA,"ORUKA THERAPEUTICS, INC.",,Etats-Unis,NASDAQ,USD,-24.77,0.00,,-24.77,,,,,0,,0,,,,,0,1,,0,,468999000.00,,,1.04
ADGI,"ADAGIO THERAPEUTICS, INC.",,Etats-Unis,NASDAQ,USD,126.90,0.00,,126.90,,,,,1,,1,,,,,0,1,,1,,-292106000.00,,,
MASS,908 DEVICES INC.,,Etats-Unis,NASDAQ,USD,15.09,0.03,-30.54,-18.97,33.35,-39.14,10.34,0,1,0,0,14.66,21.66,0.00,0.00,6,6,0,1,,143699000.00,34.68,5.77,1.32
AIAI,AIAI HOLDINGS CORPORATION,,Etats-Unis,NASDAQ,USD,-23.43,0.04,-9.15,-23.43,,-9.15,,0,0,0,0,,,,,1,1,0,0,,1362950000.00,-58.71,-98.85,1.30
URGN,UROGEN PHARMA LTD.,,Etats-Unis,NASDAQ,USD,268.63,-1.22,-99.67,247.92,106.79,-86.88,11.17,0,4,0,4,52.76,308.66,0.00,51.23,6,6,0,4,,-105474000.00,-139.81,15.21,
NB,NIOCORP DEVELOPMENTS LTD.,,Etats-Unis,NASDAQ,USD,-113.47,0.00,,-218.01,652.34,,,,1,,1,,477.31,,130.20,0,6,,1,,29161000.00,,,1.50
LUNR,"INTUITIVE MACHINES, INC.",,Etats-Unis,NASDAQ,USD,-102.92,1.83,-34.11,420.47,850.45,-154.96,192.13,0,3,0,3,322.24,74.53,0.00,135.09,3,6,0,3,,203702000.00,-51.58,61.39,3.72
VEEA,VEEA INC.,,Etats-Unis,NASDAQ,USD,49.75,-2.03,-100.55,173.30,145.56,-136.37,71.72,0,3,0,3,118.39,86.63,0.00,85.09,3,3,0,3,,-9751880.00,-2999.77,-84.36,
AIRS,AIRSCULPT TECHNOLOGIES INC.,,Etats-Unis,NASDAQ,USD,-13.97,0.95,-2.05,-9.96,4.09,0.18,2.79,0,0,0,0,2.77,7.39,124.29,286.94,6,6,0,1,,87712000.00,-7.68,-11.97,2.14
APGE,APOGEE THERAPEUTICS INC.,,Etats-Unis,NASDAQ,USD,-31.57,0.01,,-32.32,0.83,,,,0,,0,,0.98,,0.00,0,4,,0,,903883000.00,,,1.04
INOD,INNODATA INC.,,Etats-Unis,NASDAQ,USD,37.76,0.04,61.35,32.84,34.77,39.69,33.64,2,2,2,2,23.88,30.95,1276.76,2304.49,6,6,2,2,-1.95,107062000.00,12.79,70.30,1.57
CHRS,COHERUS BIOSCIENCES INC.,,Etats-Unis,NASDAQ,USD,-473.47,0.66,-190.31,-115.73,320.14,-114.94,65.67,1,3,1,3,65.77,298.39,600.68,422.12,6,6,1,3,,61014000.00,398.43,-59.51,4.23
LRMR,LARIMAR THERAPEUTICS INC.,,Etats-Unis,NASDAQ,USD,-132.59,0.05,,-78.18,48.78,,,,0,,0,,45.16,,0.00,0,6,,0,,78085000.00,,,1.87
PSNL,PERSONALIS INC.,,Etats-Unis,NASDAQ,USD,-35.02,0.15,-51.83,-48.75,13.65,-56.69,9.34,0,0,0,0,9.63,14.83,0.00,0.00,6,6,0,0,,261185000.00,-116.69,-2.64,1.28
HLMN,HILLMAN SOLUTIONS CORP.,,Etats-Unis,NASDAQ,USD,3.34,0.62,3.91,1.33,2.09,2.94,0.91,0,0,0,0,1.18,3.95,84.96,0.00,6,6,0,0,6.23,1228507000.00,2.60,2.53,1.92
ECX,ECARX HOLDINGS INC.,,Etats-Unis,NASDAQ,USD,43.35,-1.61,-67.29,93.85,122.64,-53.85,44.65,0,4,0,4,31.06,618.01,0.00,98.07,6,6,0,4,,-283475000.00,-8.13,-57.37,
ATRC,"ATRICURE, INC.",,Etats-Unis,NASDAQ,USD,-2.40,0.15,-2.48,-6.21,3.64,-5.30,2.73,0,0,0,0,0.80,2.46,0.00,188.21,6,6,0,1,,491935000.00,-2.14,15.71,1.33
BLZE,BACKBLAZE INC.,,Etats-Unis,NASDAQ,USD,-31.85,0.74,-19.80,-72.03,37.12,-45.52,24.62,0,1,0,1,20.72,31.74,0.00,208.49,6,6,0,1,,83221000.00,-17.56,19.56,2.31
APPF,APPFOLIO INC.,,Etats-Unis,NASDAQ,USD,26.54,0.07,37.11,25.83,24.52,24.37,23.08,2,3,2,3,16.35,24.38,698.87,143.68,6,6,2,3,-1.39,542579000.00,14.82,23.79,1.27
RANI,RANI THERAPEUTICS HOLDINGS INC.,,Etats-Unis,NASDAQ,USD,-181.98,0.10,-145.42,-236.53,135.77,-159.52,19.95,0,1,0,0,49.52,666.79,0.00,8854.55,4,6,0,1,,41512000.00,-2507.65,,1.41
APPN,APPIAN CORPORATION,,Etats-Unis,NASDAQ,USD,-3.10,-6.38,0.29,-350.75,510.32,-24.32,23.18,0,0,0,0,22.08,509.36,0.00,0.00,6,6,0,0,184.69,-46993000.00,0.17,15.45,
JANX,JANUX THERAPEUTICS INC.,,Etats-Unis,NASDAQ,USD,-11.48,0.02,-29.89,-13.03,3.96,-31.28,4.84,0,1,0,1,4.84,3.68,0.00,140.09,5,6,0,1,,956822000.00,-1136.25,11.23,1.05
KERN,AKERNA CORP,,Etats-Unis,NASDAQ,USD,-286.83,-3.03,-39.81,-202.11,119.91,-48.06,18.52,0,0,0,0,29.47,32.23,0.00,0.00,3,3,0,0,,-4825528.00,-579.39,4.17,
POAI,AXE COMPUTE INC.,,Etats-Unis,NASDAQ,USD,-313.90,-10.52,-240.72,-163.33,130.50,-146.51,85.89,0,0,0,0,99.83,175.19,0.00,0.00,6,6,0,0,,-202610.00,-779.91,3.86,
WHLR,"WHEELER REAL ESTATE INVESTMENT TRUST, INC.",,Etats-Unis,NASDAQ,USD,14.04,5.11,4.51,6.26,6.97,4.20,0.55,0,1,0,0,0.26,6.84,10.92,3546.15,6,6,0,1,14.49,94691000.00,14.92,-1.42,6.35
CALC,CALCIMEDICA INC.,,Etats-Unis,NASDAQ,USD,-761.02,-1.46,,1834.54,3954.68,,,,1,,1,,420.91,,111.92,0,6,,1,,-6641000.00,,,
GIPR,"GENERATION INCOME PROPERTIES, INC.",,Etats-Unis,NASDAQ,USD,-20.87,2.22,-0.95,-17.54,3.21,-0.75,0.18,0,0,0,0,0.41,4.35,1263.64,0.00,6,6,0,0,,28380754.00,-65.60,12.96,3.43
EYEN,"HYPERION DEFI, INC.",,Etats-Unis,NASDAQ,USD,2432.03,-0.86,,691.87,1507.32,-149.32,,0,1,0,1,65.69,39.70,0.00,0.00,3,6,0,1,,-13095952.00,-86888.57,,
IBIO,"IBIO, INC.",,Etats-Unis,NASDAQ,USD,-65.70,0.03,-90.08,-100.98,35.01,-92.46,32.02,0,0,0,0,49.44,56.68,0.00,0.00,5,6,0,0,,85713000.00,-33044.00,-33.33,1.16
GRRR,GORILLA TECHNOLOGY GROUP INC.,,Etats-Unis,NASDAQ,USD,-8.38,0.08,5.08,-25.86,68.92,18.59,12.49,2,1,2,1,21.36,137.26,82.90,411.98,6,6,2,1,-21.28,196079839.00,-11.13,25.17,1.39
CORT,CORCEPT THERAPEUTICS INCORPORATED,,Etats-Unis,NASDAQ,USD,15.01,0.01,5.06,19.96,4.50,22.06,14.74,5,6,5,5,17.52,4.26,89.16,40.03,6,6,5,6,-8.17,647805000.00,13.09,25.64,1.29
AIFC,AI FINANCIAL CORPORATION,,Etats-Unis,NASDAQ,USD,-29.82,0.01,-1.47,-29.82,,-1.47,,0,0,0,0,,,,,1,1,0,0,,1155346000.00,-1386.90,,1.06
COSM,COSMOS HEALTH INC.,,Etats-Unis,NASDAQ,USD,-89.13,1.08,-32.12,-63.85,22.01,-36.12,10.07,0,0,0,0,14.72,4174.92,864.95,0.00,6,6,0,0,,18424629.00,-29.33,10.58,3.55
LIDR,"AEYE, INC.",,Etats-Unis,NASDAQ,USD,-70.40,0.01,-100.36,-124.24,47.58,-137.21,34.81,0,1,0,1,53.09,58.10,0.00,210.28,6,6,0,1,,81342000.00,-14574.25,-60.11,1.12
NEO,NEOGENOMICS INC.,,Etats-Unis,NASDAQ,USD,-12.42,0.49,-6.34,-10.01,2.10,-6.66,0.35,0,0,0,0,2.20,3.52,0.00,2383.33,6,6,0,0,,836562000.00,-14.85,10.88,1.63
MNTS,MOMENTUS INC.,,Etats-Unis,NASDAQ,USD,-655.63,0.66,-254.88,175.46,1168.74,-299.03,82.71,0,2,0,2,109.56,322.98,0.00,410.97,6,6,0,2,,17140000.00,-2755.41,-40.06,2.35
CRE,CRE8 ENTERPRISE LIMITED,,Etats-Unis,NASDAQ,USD,17.21,0.56,15.48,-753.05,1402.32,30.12,16.02,3,3,2,1,36.13,1743.61,494.06,12054.03,5,5,3,3,-4.45,51437832.00,4.03,6.57,2.26
CRDL,CARDIOL THERAPEUTICS INC.,,Etats-Unis,NASDAQ,USD,-158.75,0.01,,-127.05,44.83,,,0,0,0,0,,61.98,,0.00,1,5,0,0,,17877718.00,,,1.32
EZFL,EZFILL HOLDINGS INC.,,Etats-Unis,NASDAQ,USD,-539.89,-3.52,-140.32,-252.85,249.18,-141.35,24.51,0,1,0,1,557.98,304.70,0.00,138.86,4,4,0,1,,-1906206.00,-45.11,79.15,
INO,"INOVIO PHARMACEUTICALS, INC.",,Etats-Unis,NASDAQ,USD,-183.47,0.39,-235.19,-126.15,52.78,-165.01,65.45,0,0,0,0,75.09,59.75,0.00,0.00,6,6,0,0,,24096276.00,-130000.00,-71.98,3.08
NVFY,XMAX INC.,,Etats-Unis,NASDAQ,USD,-307.29,0.68,-96.75,-212.80,96.82,-83.16,11.77,0,0,0,0,27.09,147.81,0.00,0.00,6,6,0,0,,3123514.00,-57.41,-12.82,3.18
TYGO,TIGO ENERGY INC.,,Etats-Unis,NASDAQ,USD,-10.44,0.10,-11.11,-71.42,91.17,-32.83,34.03,0,2,0,0,79.24,117.86,0.00,1004.21,5,5,0,2,,27623000.00,-1.82,-15.57,2.83
GRVI,"GROVE, INC.",,Etats-Unis,NASDAQ,USD,39.31,-2.44,-8.91,36.26,87.76,-31.82,59.47,1,3,0,3,62.62,63.56,169.66,143.27,4,4,1,3,,-6254173.00,-4.59,145.25,
VCIG,VCI GLOBAL LIMITED,,Etats-Unis,NASDAQ,USD,-33.16,0.04,-17.71,4.55,33.92,7.95,22.89,5,5,4,4,31.15,64.54,112.70,118.20,6,6,5,5,,96211092.00,-115.99,14.83,1.22
ZBAO,ZHIZAO TECHNOLOGY INC.,,Etats-Unis,NASDAQ,USD,-139.87,1.11,-55.60,-121.55,141.06,-50.86,57.91,0,3,0,3,38.53,230.96,1729.60,115.77,5,5,0,3,,24693782.00,-22.39,39.60,6.92
NUWE,NUWELLIS INC.,,Etats-Unis,NASDAQ,USD,-382.55,0.12,-268.74,-290.47,81.18,-231.35,36.54,0,0,0,0,64.18,143.54,0.00,0.00,6,6,0,0,,2630000.00,-211.86,-3.41,2.33
CRBP,"CORBUS PHARMACEUTICALS HOLDINGS, INC.",,Etats-Unis,NASDAQ,USD,-54.18,0.01,,-151.83,164.69,,,0,0,0,0,77.69,177.89,0.00,0.00,2,6,0,0,,147503000.00,,,1.14
AKBA,AKEBIA THERAPEUTICS INC.,,Etats-Unis,NASDAQ,USD,64.49,1.59,17.06,216.04,176.35,-13.38,26.97,1,3,0,3,63.52,148.29,0.00,84.26,6,6,1,3,-5.66,32610000.00,-2.26,10.16,11.55
HAO,HAOXI HEALTH TECHNOLOGY LTD.,,Etats-Unis,NASDAQ,USD,,0.11,,1211.73,1910.02,54.15,,2,2,2,2,29.47,493.43,52.12,139.16,2,3,2,2,,11271955.00,,71.88,1.38
POET,POET TECHNOLOGIES INC.,,Etats-Unis,NASDAQ,USD,-61.58,0.04,-46.43,-250.56,190.52,-195.90,144.94,0,0,0,0,129.01,172.87,0.00,0.00,5,6,0,0,,183789272.00,-5857.78,51.91,1.79
STFS,STAR FASHION CULTURE HOLDINGS INC.,,Etats-Unis,NASDAQ,USD,-382.82,0.12,-246.47,198.25,747.90,-102.66,203.37,1,1,1,1,143.81,245.55,699.10,136.74,2,4,1,1,,45921022.00,-108.31,32.27,1.90
IMTX,IMMATICS N.V.,,Etats-Unis,NASDAQ,USD,-37.10,0.03,-51.82,-25.85,25.93,-40.92,19.53,1,1,1,1,27.45,137.59,317.05,239.93,6,6,1,1,,484099000.00,-407.01,-5.46,1.16
SYTA,"CORE AI HOLDINGS, INC.",,Etats-Unis,NASDAQ,USD,-636.04,0.00,,-344.49,260.04,-162.03,84.21,0,0,0,0,105.27,276.32,0.00,0.00,5,6,0,0,,-1761009.00,,27.02,
PSIG,PS INTERNATIONAL GROUP LTD.,,Etats-Unis,NASDAQ,USD,-425.34,-1.33,-39.11,-143.12,247.45,-14.60,68.73,4,4,4,4,76.95,266.43,145.17,398.51,6,6,4,4,,-3640071.00,-28.62,-38.39,
CRDF,CARDIFF ONCOLOGY INC.,,Etats-Unis,NASDAQ,USD,-71.45,0.02,-119.51,-59.34,12.19,-100.38,18.75,0,0,0,0,37.95,22.45,0.00,0.00,6,6,0,0,,45388000.00,-7732.04,10.23,1.36
INTZ,INTRUSION INC.,,Etats-Unis,NASDAQ,USD,-133.93,0.24,-136.87,179.79,303.34,-185.94,51.97,0,3,0,3,83.98,211.86,0.00,101.22,6,6,0,3,,7277000.00,-127.68,12.45,1.43
CELH,CELSIUS HOLDINGS INC.,,Etats-Unis,NASDAQ,USD,5.18,0.23,17.31,13.65,9.07,20.80,10.02,4,2,1,1,27.94,23.99,377.43,523.87,6,6,4,2,0.58,2941442000.00,4.29,38.14,1.74
NEOV,NEOVOLTA INC.,,Etats-Unis,NASDAQ,USD,-134.16,1.07,-77.03,-77.97,49.35,-57.33,17.52,0,0,0,0,100.31,90.34,0.00,0.00,5,5,0,0,,2909722.00,-59.74,56.16,2.34
GDYN,"GRID DYNAMICS HOLDINGS, INC.",,Etats-Unis,NASDAQ,USD,1.82,0.03,-4.50,0.75,1.15,-3.54,1.44,0,0,0,0,7.09,5.71,26075.00,0.00,6,6,0,0,,542073000.00,2.35,14.72,1.13
NXXT,NEXTNRG INC.,,Etats-Unis,NASDAQ,USD,883.56,-1.20,-627.73,-3660.44,8075.47,-321.75,281.56,0,2,0,2,363.80,9485.38,0.00,1260.01,3,4,0,2,,-22114845.00,-107.75,87.75,
RBNEV,ROBIN ENERGY LTD. COMMON STOCK WHEN ISSUED,,Etats-Unis,NASDAQ,USD,4.38,0.00,3.78,30.88,37.48,13.36,13.54,1,1,1,1,9.58,26.50,83.52,92.37,2,2,1,1,0.00,21111822.00,15.53,-56.64,1.02
YYGH,YY GROUP HOLDING LTD.,,Etats-Unis,NASDAQ,USD,-217.97,0.59,-61.74,-92.57,125.99,-25.15,42.11,3,2,2,2,64.34,860.20,280.90,230.81,5,5,3,2,,13609718.00,-37.70,34.23,2.52
NXTT,NEXT TECHNOLOGY HOLDING INC.,,Etats-Unis,NASDAQ,USD,53.30,0.00,-19.16,21.48,39.67,-7.21,10.42,2,4,2,4,13.64,49.05,141.90,173.70,5,6,2,4,,455579409.00,1232.61,110.02,1.15
STAK,STAK INC.,,Etats-Unis,NASDAQ,USD,-48.66,0.48,-13.96,17.02,61.64,22.98,38.54,3,3,2,3,42.02,71.66,113.72,138.08,4,4,3,3,,12899746.00,-22.93,8.54,2.07
PUSA,AUREUS GREENWAY HOLDINGS INC.,,Etats-Unis,NASDAQ,USD,-11.24,0.03,-19.61,-11.24,,-19.61,,0,0,0,0,,,,,1,1,0,0,,32715258.00,-124.04,,1.06
INVO,NAYA BIOSCIENCES INC.,,Etats-Unis,NASDAQ,USD,18952.46,7.06,-75.99,18952.46,,-75.99,,0,1,0,1,,,,,1,1,0,1,,892825.00,-266.00,,20.73
FGL,FOUNDER GROUP LTD.,,Etats-Unis,NASDAQ,USD,-32.77,4.24,-3.55,-0.44,55.57,12.83,28.58,3,3,3,3,49.51,84.48,104.18,147.08,5,5,3,3,,30256359.00,-6.43,-9.71,6.27
VKTX,VIKING THERAPEUTICS INC.,,Etats-Unis,NASDAQ,USD,-47.34,0.00,,-33.34,14.77,,,,0,,0,,12.04,,0.00,0,6,,0,,639062000.00,,,1.12
AGEN,AGENUS INC.,,Etats-Unis,NASDAQ,USD,1.06,-0.20,,118.83,126.94,-330.75,231.79,1,5,1,5,232.91,63.92,1870.40,99.98,5,6,1,5,,-277861000.00,-2.70,-14.53,
EOSE,EOS ENERGY ENTERPRISES INC.,,Etats-Unis,NASDAQ,USD,58.60,-0.37,-77.37,121.07,65.09,-141.29,69.78,0,4,0,4,112.26,167.67,0.00,87.22,6,6,0,4,,-2238862000.00,-849.06,164.06,
ASST,"STRIVE, INC.",,Etats-Unis,NASDAQ,USD,-5.72,0.00,-5.17,-33.17,45.62,-48.48,70.85,0,1,0,0,86.74,55.87,1327.62,668.48,4,4,1,1,,731238000.00,-591.23,226.16,1.02
BFRI,BIOFRONTERA INC.,,Etats-Unis,NASDAQ,USD,-141.30,0.59,-100.22,-222.24,140.94,-117.58,17.30,0,0,0,0,17.46,203.57,0.00,0.00,6,6,0,0,,10480000.00,-25.26,10.64,2.73
PURR,HYPERLIQUID STRATEGIES INC.,,Etats-Unis,NASDAQ,USD,16.31,0.00,-0.24,16.31,,-0.24,,0,1,0,0,,,,,1,1,0,1,,1872871000.00,3229.83,,1.10
MGRX,MANGACEUTICALS INC.,,Etats-Unis,NASDAQ,USD,-141.66,0.02,-108.04,-528.89,691.02,-558.88,796.65,0,0,0,0,813.04,677.65,0.00,0.00,4,4,0,0,,15199005.00,-4526.86,-21.04,1.06
SSNT,SILVERSUN TECHNOLOGIES INC,,Etats-Unis,NASDAQ,USD,-12.57,0.35,22.79,-5.72,5.97,5.05,15.40,1,0,1,0,4.29,7.28,243.70,621.58,4,4,1,0,-5.77,7472610.00,-1.96,14.34,2.74
IMXI,INTERNATIONAL MONEY EXPRESS INC.,,Etats-Unis,NASDAQ,USD,22.08,1.34,22.22,34.44,10.74,32.44,8.88,6,6,6,6,10.63,10.15,55.28,46.71,6,6,6,6,0.70,161054000.00,5.38,-3.95,3.21
INVZ,INNOVIZ TECHNOLOGIES LTD.,,Etats-Unis,NASDAQ,USD,-86.56,0.45,-91.85,-79.89,7.68,-102.19,9.76,0,1,0,1,22.81,192.15,0.00,1223.20,5,6,0,1,,77718000.00,-123.06,62.45,1.78
BZFD,BUZZFEED INC.,,Etats-Unis,NASDAQ,USD,-73.02,1.71,-9.88,-46.85,33.50,-8.92,0.90,0,1,0,1,1.65,34.23,245.53,186.18,6,6,0,1,,50085000.00,-30.95,-14.37,3.76
AVTX,AVALO THERAPEUTICS INC.,,Etats-Unis,NASDAQ,USD,-72.43,0.00,-88.13,541.54,1044.11,-135.05,52.15,0,1,0,1,77.92,323.49,0.00,104.15,6,6,0,1,,83049000.00,-132642.37,-82.49,1.40
MVST,MICROVAST HOLDINGS INC.,,Etats-Unis,NASDAQ,USD,-7.32,0.94,1.08,-23.19,22.44,-0.87,2.76,0,1,0,1,26.28,42.07,0.00,214.58,4,4,0,1,25.13,410513000.00,-6.83,12.56,2.45
SURG,SURGEPAYS INC.,,Etats-Unis,NASDAQ,USD,51088.07,-0.88,,17000.28,29521.37,-56.89,250.47,1,4,1,4,143.37,199.38,294.64,155.78,4,6,1,4,,-15402819.00,-63.32,-35.55,
CYRX,CRYOPORT INC.,,Etats-Unis,NASDAQ,USD,17.31,0.46,-7.63,-9.17,23.18,-10.07,2.36,0,1,0,0,3.88,24.29,0.00,0.00,6,6,0,1,,502638000.00,44.44,-13.09,1.52
LIFE,ETHOS TECHNOLOGIES INC.,,Etats-Unis,NASDAQ,USD,-108.41,-0.10,22.00,-49.64,53.48,11.57,16.67,2,0,2,0,63.73,34.24,0.00,0.00,5,6,2,0,-1.70,-24116000.00,18.36,55.77,
ZURA,ZURA BIO LTD.,,Etats-Unis,NASDAQ,USD,-52.49,0.00,,-102.30,93.95,,,,1,,1,,114.98,,215.13,0,4,,1,,101538000.00,,,1.12
CYPH,CYPHERPUNK TECHNOLOGIES INC.,,Etats-Unis,NASDAQ,USD,5.11,0.00,,-93.82,139.91,,,,0,,0,,98.93,,0.00,0,2,,0,,153506000.00,,,1.06
BEEM,BEAM GLOBAL,,Etats-Unis,NASDAQ,USD,-81.66,0.06,-35.95,-50.22,28.89,-31.86,8.95,0,0,0,0,27.21,38.26,0.00,0.00,6,6,0,0,,24845000.00,-95.63,-35.25,1.72
NEXT,NEXTDECADE CORPORATION,,Etats-Unis,NASDAQ,USD,-21.24,3.76,,-18.23,39.14,,,,1,,1,,71.92,,195.12,0,6,,1,,2301087000.00,,,5.40
MSS,MAISON SOLUTIONS INC.,,Etats-Unis,NASDAQ,USD,8.24,4.40,-1.54,-2011.63,3440.57,-1.85,2.18,0,1,0,1,2.27,4203.40,305.94,4846.41,5,5,0,1,,11640029.00,0.74,49.74,6.65
INDI,"INDIE SEMICONDUCTOR, INC.",,Etats-Unis,NASDAQ,USD,-36.34,0.96,-18.41,-33.39,2.64,-22.35,3.93,0,1,0,1,7.79,53.58,0.00,228.57,5,6,0,1,,384013000.00,-69.33,-1.30,2.19
VIVS,"VIVOSIM LABS, INC.",,Etats-Unis,NASDAQ,USD,-294.75,-0.41,-213.94,-245.82,190.81,-304.02,139.91,0,0,0,0,232.27,112.66,0.00,0.00,3,3,0,0,,-1099000.00,-10567.18,9.63,
AXGN,AXOGEN INC.,,Etats-Unis,NASDAQ,USD,-13.49,0.52,-3.80,-15.19,6.22,-5.85,5.46,0,0,0,0,3.79,4.00,0.00,0.00,6,6,0,0,,128847000.00,-6.97,19.01,1.72
NESR,NATIONAL ENERGY SERVICES REUNITED CORP.,,Etats-Unis,NASDAQ,USD,5.45,0.34,6.42,5.27,3.64,6.17,2.20,0,0,0,0,3.48,6.27,244.97,517.71,6,6,0,0,2.10,967916000.00,3.86,7.49,1.91
AZ,A2Z CUST2MATE SOLUTIONS CORP.,,Etats-Unis,NASDAQ,USD,-92.44,0.03,-125.11,-2379.74,3327.66,-258.54,117.12,0,1,0,1,121.70,3266.36,0.00,2153.97,6,6,0,1,,76421000.00,-487.08,-16.66,1.11
WISA,WISA TECHNOLOGIES INC.,,Etats-Unis,NASDAQ,USD,-127.22,0.11,-33.67,63.44,417.44,-260.49,260.34,0,1,0,1,298.68,528.30,0.00,123.46,6,6,0,1,,85726000.00,-1922.55,-10.86,1.17
HYMC,HYCROFT MINING HOLDING CORPORATION CLASS A COMMON STOCK,,Etats-Unis,NASDAQ,USD,-45.11,0.00,,132.24,396.72,,,0,3,0,3,1.36,595.01,0.00,106.18,3,6,0,3,,213695000.00,,,1.23
PLUG,PLUG POWER INC.,,Etats-Unis,NASDAQ,USD,-120.50,0.99,-22.41,-83.10,40.95,-23.31,0.92,0,0,0,0,1.43,41.50,0.00,0.00,5,6,0,0,,1003314000.00,-238.57,-10.76,2.59
TALK,TALKSPACE INC.,,Etats-Unis,NASDAQ,USD,6.65,0.00,4.52,-2.65,11.55,-9.92,16.50,0,1,0,1,135.11,77.52,0.00,694.12,6,6,0,1,-41.22,117015000.00,3.40,23.51,1.15
ZTG,ZENTA GROUP COMPANY LIMITED CLASS A ORDINARY SHARES,,Etats-Unis,NASDAQ,USD,23.43,0.01,34.77,55.92,28.14,89.60,47.55,3,3,3,3,79.80,48.22,70.90,67.76,3,3,3,3,-1.49,6894745.00,31.66,91.48,1.06
ELVA,ELECTROVAYA INC.,,Etats-Unis,NASDAQ,USD,16.94,0.72,10.52,-225.25,388.87,5.54,4.45,0,3,0,2,43.75,390.51,53.37,407.35,6,6,1,3,2.92,31127000.00,5.29,21.08,2.05
CLDX,CELLDEX THERAPEUTICS INC.,,Etats-Unis,NASDAQ,USD,-40.62,0.00,-66.94,-34.97,7.22,-57.11,9.04,0,0,0,0,13.70,8.03,0.00,0.00,6,6,0,0,,527165000.00,-16748.03,-52.62,1.11
QTEX,QTREX QUANTUM LTD.,,Etats-Unis,NASDAQ,USD,-397.89,0.21,-527.78,-244.72,142.33,-527.78,,0,0,0,0,,166.50,,0.00,1,4,0,0,,2323000.00,-4574.39,,2.30
AUUD,AUDDIA INC.,,Etats-Unis,NASDAQ,USD,-172.30,0.03,,-308.61,123.33,,,,2,,2,,197.97,,156.50,0,6,,2,,4235494.00,,,1.23
QUBT,QUANTUM COMPUTING INC.,,Etats-Unis,NASDAQ,USD,-2.19,0.00,-12.26,-40.15,37.85,-22.82,9.17,0,0,0,0,19.53,85.64,0.00,0.00,4,6,0,0,,1598265000.00,-2738.12,38.02,1.01
CDEV,CENTENNIAL RESOURCE DEVELOPMENT INC-DE,,Etats-Unis,NASDAQ,USD,-41.70,-3.21,8.16,374.86,680.62,2.94,4.87,0,2,0,2,3.91,65.26,126.87,103.59,4,4,0,2,2.30,-262297000.00,13.42,4.43,
CCNC,CODE CHAIN NEW CONTINENT LIMITED,,Etats-Unis,NASDAQ,USD,225.71,-0.02,-56.21,-352.72,619.92,-20.80,30.73,0,1,0,1,51.17,730.37,0.00,0.00,3,3,0,1,,-25788654.00,-107.75,13.05,
CMPX,COMPASS THERAPEUTICS INC.,,Etats-Unis,NASDAQ,USD,-41.29,0.05,,-34.37,7.91,-67.97,,0,0,0,0,,36.57,,0.00,1,6,0,0,,196791000.00,,,1.12
NCI,NEO-CONCEPT INTERNATIONAL GROUP HOLDINGS LTD.,,Etats-Unis,NASDAQ,USD,0.58,0.82,1.04,5.40,22.21,10.75,9.46,2,1,1,1,10.74,10.86,98.46,530.26,4,6,3,1,24.44,56599404.00,0.24,-11.24,2.04
NCT,INTERCONT CAYMAN LTD,,Etats-Unis,NASDAQ,USD,,2.41,,60.65,55.03,28.03,23.84,1,2,1,2,16.86,38.91,75.11,78.16,2,2,2,2,,10932803.00,,-21.32,5.96
CJMB,CALLAN JMB INC.,,Etats-Unis,NASDAQ,USD,-289.61,0.86,-206.39,-102.94,164.20,-75.50,120.75,2,2,2,1,141.91,199.04,378.04,752.27,4,4,2,2,,2328039.00,-139.19,-34.16,2.48
FBRX,"FORTE BIOSCIENCES, INC.",,Etats-Unis,NASDAQ,USD,-122.28,0.00,,-96.01,22.85,,,,0,,0,,24.70,,0.00,0,6,,0,,60991000.00,,,1.36
PRZO,PARAZERO TECHNOLOGIES LTD.,,Etats-Unis,NASDAQ,USD,-380.47,0.10,-263.45,-310.36,122.42,-168.01,85.14,0,2,0,2,560.51,251.46,0.00,1053.31,5,6,0,2,,3156661.00,-517.09,29.88,1.68
EU,ENCORE ENERGY CORP,,Etats-Unis,NASDAQ,USD,-21.85,0.44,-15.77,-17.72,7.65,-17.09,1.87,0,0,0,0,1.33,8.19,0.00,0.00,2,6,0,0,,258380000.00,-146.04,,1.67
CBRG,CHAIN BRIDGE I,,Etats-Unis,NASDAQ,USD,,,,,,,,,,,,,,,,,,,,,,,,
AIRJ,AIRJOULE TECHNOLOGIES CORP.,,Etats-Unis,NASDAQ,USD,-3.48,0.00,,82.10,121.03,,,,1,,1,,90.20,,102.08,0,3,,1,,267937861.00,,,1.27
REKR,REKOR SYSTEMS INC.,,Etats-Unis,NASDAQ,USD,-81.70,0.69,-30.65,-124.70,51.61,-43.41,11.31,0,0,0,0,2.89,50.94,0.00,0.00,6,6,0,0,,42870000.00,-64.93,17.77,1.99
NIVF,NEWGENIVF GROUP LTD.,,Thaïlande,NASDAQ,USD,79.40,0.19,-58.14,10.71,66.68,-31.03,30.33,2,2,2,1,50.28,51.07,104.98,455.09,5,5,2,2,,25986693.00,205.84,-4.07,1.26
NIXX,NIXXY INC.,,Etats-Unis,NASDAQ,USD,-283.87,0.10,-140.33,-597.61,598.07,-162.26,82.14,0,1,0,1,117.80,641.67,0.00,940.53,5,6,0,1,,7976000.00,-15.30,454.17,1.65
WETO,WEBUS INTERNATIONAL LTD,,Etats-Unis,NASDAQ,USD,,0.45,,-57.66,64.79,-28.75,18.95,0,1,0,1,13.40,91.62,0.00,139.46,2,3,0,1,,27807737.00,,-70.19,1.62
MARA,MARA HOLDINGS INC,,Etats-Unis,NASDAQ,USD,-34.46,1.05,-10.16,3.48,33.06,-9.18,1.88,0,2,0,1,1.66,74.35,0.00,232.08,6,6,0,2,,3477090000.00,-144.63,53.00,2.10
CDTG,CDT ENVIRONMENTAL TECHNOLOGY INC.,,Etats-Unis,NASDAQ,USD,-30.45,0.20,-21.88,-0.68,27.71,0.51,21.02,3,3,1,3,22.41,28.80,169.11,187.42,6,6,3,3,,30639891.00,-56.88,-27.01,2.90
ATYR,ATYR PHARMA INC.,,Etats-Unis,NASDAQ,USD,-108.11,0.18,-143.37,-83.43,23.11,-112.94,28.28,0,0,0,0,42.11,32.53,0.00,0.00,5,6,0,0,,67288000.00,-39012.11,-26.63,1.38
WNW,"MEIWU TECHNOLOGY CO., LTD.",,Etats-Unis,NASDAQ,USD,15.04,0.02,-8.33,-52.24,63.94,-13.10,6.52,0,2,0,1,609.42,59.98,0.00,205.41,6,6,0,2,,58977363.00,3227.24,-87.99,1.03
CLSK,"CLEANSPARK, INC.",,Etats-Unis,NASDAQ,USD,18.52,0.38,-5.65,-6.24,22.45,-9.72,7.33,0,1,0,0,64.24,73.74,0.00,0.00,6,6,0,1,,2175127000.00,47.56,112.46,1.46
CTXR,"CITIUS PHARMACEUTICALS, INC.",,Etats-Unis,NASDAQ,USD,-52.42,0.02,,-44.48,9.89,,,,0,,0,,10.44,,0.00,0,6,,0,,77527600.00,,,1.69
CELZ,CREATIVE MEDICAL TECHNOLOGY HOLDINGS INC.,,Etats-Unis,NASDAQ,USD,-86.47,0.00,-136.10,-64.22,23.11,-104.01,34.13,0,1,0,1,21.53,34.74,0.00,242.31,5,6,0,1,,7524645.00,-99916.80,-18.35,1.04
CLPT,CLEARPOINT NEURO INC.,,Etats-Unis,NASDAQ,USD,-95.64,2.08,-65.03,-84.32,10.13,-80.26,15.03,0,0,0,0,27.82,119.72,0.00,0.00,6,6,0,0,,28020000.00,-69.08,24.23,3.49
NKTR,NEKTAR THERAPEUTICS INC.,,Etats-Unis,NASDAQ,USD,-217.94,0.95,-83.12,-151.00,58.35,-65.71,19.24,0,0,0,0,22.50,76.87,0.00,0.00,6,6,0,0,,89832000.00,-297.07,-21.71,3.12
CELC,CELCUITY INC.,,Etats-Unis,NASDAQ,USD,-163.80,3.20,,-99.32,59.47,,,,0,,0,,50.34,,0.00,0,6,,0,,100555000.00,,,4.64
LWLG,LIGHTWAVE LOGIC INC.,,Etats-Unis,NASDAQ,USD,-37.59,0.03,-57.14,-55.96,15.92,-83.36,22.73,0,0,0,0,2.17,43.09,0.00,0.00,3,6,0,0,,74645830.00,-8576.47,141.83,1.06
MODD,MODULAR MEDICAL INC.,,Etats-Unis,NASDAQ,USD,-188.05,0.03,,-176.66,40.60,,,,1,,1,,172.95,,185.17,0,6,,1,,12959000.00,,,1.14
LTRX,LANTRONIX INC.,,Etats-Unis,NASDAQ,USD,-4.32,0.07,-3.19,-8.20,5.59,-3.57,2.62,0,0,0,0,1.99,3.80,0.00,0.00,6,6,0,0,,119275000.00,-3.46,-13.16,1.34
ZCMD,ZHONGCHAO INC.,,Etats-Unis,NASDAQ,USD,-24.88,0.00,-41.68,-22.64,20.40,-23.23,19.24,1,1,1,0,22.47,24.33,280.12,398.79,6,6,1,1,,22597956.00,-51.12,-23.49,1.07
GSM,FERROGLOBE PLC,,Etats-Unis,NASDAQ,USD,-23.20,0.38,-8.84,-2.88,18.25,2.66,10.68,2,2,1,1,9.93,36.79,117.79,128.15,6,6,2,2,,692257000.00,-13.27,-10.05,2.04
GSUN,GOLDEN SUN HEALTH TECHNOLOGY INC.,,Etats-Unis,NASDAQ,USD,-113.30,0.46,-17.07,-122.43,39.61,-31.59,14.70,0,0,0,0,15.65,170.06,0.00,0.00,4,6,0,0,,8828529.00,-14.75,269.90,2.71
CURI,CURIOSITYSTREAM INC.,,Etats-Unis,NASDAQ,USD,-12.94,0.09,-22.60,-28.06,20.51,-30.96,7.35,0,0,0,0,28.04,42.27,0.00,0.00,6,6,0,0,,41487000.00,-8.97,12.23,1.83
NNE,NANO NUCLEAR ENERGY INC.,,Etats-Unis,NASDAQ,USD,-31.53,0.01,,-73.74,55.87,,,,0,,0,,84.52,,0.00,0,3,,0,,222568728.00,,,1.03
NN,NEXTNAV INC.,,Etats-Unis,NASDAQ,USD,1048.09,-3.35,-54.11,271.21,673.94,-60.39,7.24,0,3,0,3,6.17,98.50,0.00,311.15,6,6,0,3,,-86235000.00,-4138.49,8.82,
VELO,"VELO3D, INC.",,Etats-Unis,NASDAQ,USD,-183.40,1.05,-83.67,-77.06,97.93,-63.28,28.84,0,0,0,0,20.39,126.20,0.00,2046.92,2,3,0,0,,38156000.00,-155.23,,2.76
SXTC,"CHINA SXT PHARMACEUTICALS, INC.",,Etats-Unis,NASDAQ,USD,-27.49,0.04,-45.22,-23.88,3.16,-30.38,12.93,0,0,0,0,10.55,9.80,0.00,0.00,6,6,0,0,,29707422.00,-545.24,-23.18,1.17
CJJD,"RIDGETECH, INC.",,Etats-Unis,NASDAQ,USD,-27.35,3.02,-7.27,-49.40,50.60,-14.81,15.92,0,0,0,0,13.59,43.88,0.00,0.00,6,6,0,0,,14293137.00,-2.74,-3.04,6.65
WCT,WELLCHANGE HOLDINGS CO. LTD.,,Etats-Unis,NASDAQ,USD,-91.17,0.05,-61.05,-12.30,78.97,-8.33,52.54,3,3,3,3,72.64,124.94,178.13,115.74,5,5,3,3,,11151170.00,-543.20,-26.42,1.22
AVCO,AVALON GLOBOCARE CORP,,Etats-Unis,NASDAQ,USD,19.45,-0.06,-75.64,47.55,35.82,-112.44,40.67,0,3,0,2,50.55,15.86,0.00,77.87,3,3,0,3,,-51281664.00,-653.54,-5.16,
IINN,INSPIRA TECHNOLOGIES OXY B.H.N. LTD.,,Etats-Unis,NASDAQ,USD,-397.89,0.21,-527.78,-244.72,142.33,-527.78,,0,1,0,1,,149.63,,193.80,1,6,0,1,,2323000.00,-4574.39,,2.30
CAPR,CAPRICOR THERAPEUTICS INC.,,Etats-Unis,NASDAQ,USD,-46.56,0.05,,-74.78,47.51,-100.96,41.61,0,0,0,0,43.70,60.88,0.00,0.00,5,6,0,0,,305792145.00,,,1.16
EVTV,ENVIROTECH VEHICLES INC.,,Etats-Unis,NASDAQ,USD,-652.42,-0.12,,-247.74,350.48,-25.45,2.33,0,1,0,1,7.95,351.14,0.00,1202.06,4,6,0,1,,-8928105.00,-658.81,44.03,
FFAI,FARADAY FUTURE INTELLIGENT ELECTRIC INC.,,Etats-Unis,NASDAQ,USD,-647.10,15.17,-90.90,-351.88,255.69,-65.19,27.32,0,2,0,2,22.73,271.10,0.00,107.32,3,6,0,2,,7759000.00,-74082.46,-17.32,35.81
AZIO,"AZIO AI HOLDINGS, INC.",,Etats-Unis,NASDAQ,USD,438.25,-0.12,,438.25,,,,,1,,1,,,,,0,1,,1,,-8928105.00,-658.81,,
LGVN,LONGEVERON INC.,,Etats-Unis,NASDAQ,USD,-164.75,0.15,-229.59,-144.51,28.76,-193.50,38.44,0,0,0,0,72.93,38.94,0.00,0.00,6,6,0,0,,5675000.00,-1893.58,30.04,1.81
WKSP,WORKSPORT LTD.,,Etats-Unis,NASDAQ,USD,-96.07,0.13,-73.06,-85.83,13.46,-63.76,8.16,0,0,0,0,61.11,358.14,0.00,0.00,6,6,0,0,,22876221.00,-120.19,224.45,1.34
PPTA,PERPETUA RESOURCES CORP.,,Etats-Unis,NASDAQ,USD,-20.70,0.00,,-20.14,3.90,,,,0,,0,,206.00,,0.00,0,6,,0,,861301000.00,,,1.02
NGEN,NERVGEN PHARMA CORP.,,Etats-Unis,NASDAQ,USD,-1457.57,0.00,,-1194.63,371.85,,,,0,,0,,262.94,,0.00,0,2,,0,,3476926.00,,,6.68
WLDS,WEARABLE DEVICES LTD.,,Etats-Unis,NASDAQ,USD,-72.34,0.02,-104.76,-113.67,49.06,-156.13,54.01,0,2,0,2,616.77,51.52,0.00,166.83,6,6,0,2,,18553000.00,-1253.01,180.90,1.08
RCAT,"RED CAT HOLDINGS, INC.",,Etats-Unis,NASDAQ,USD,-49.81,0.07,-59.86,-47.03,4.06,-47.13,11.20,0,0,0,0,24.48,199.01,0.00,0.00,6,6,0,0,,245832000.00,-176.96,196.89,1.11
VFF,VILLAGE FARMS INTERNATIONAL INC.,,Etats-Unis,NASDAQ,USD,11.19,0.12,5.71,-3.67,12.92,-0.91,5.82,0,0,0,0,2.75,12.63,0.00,581.95,6,6,0,1,-1.55,310062000.00,14.87,-13.05,1.36
LTBR,LIGHTBRIDGE CORPORATION,,Etats-Unis,NASDAQ,USD,-16.08,0.00,,-25.76,9.03,,,,0,,0,,30.81,,0.00,0,6,,0,,202987344.00,,,1.00
BAOS,BAOSHENG MEDIA GROUP HOLDINGS LIMITED,,Etats-Unis,NASDAQ,USD,-132.75,0.22,-74.02,-76.98,65.94,-52.17,41.25,1,1,0,0,44.00,73.76,616.92,896.34,6,6,1,1,,3287312.00,-2112.79,-21.44,3.78
LGCL,LUCAS GC LTD.,,Etats-Unis,NASDAQ,USD,,0.26,,102.59,109.02,41.22,39.98,4,2,3,2,45.83,49.28,93.02,85.81,4,4,4,2,,265578000.00,,-27.85,1.52
UZX,LINKAGE GLOBAL INC.,,Etats-Unis,NASDAQ,USD,-63.08,0.20,-25.52,-30.03,29.08,-11.74,12.63,0,0,0,0,16.53,44.41,0.00,0.00,3,3,0,0,,16336113.00,-144.52,-36.72,1.31
ENSC,ENSYSCE BIOSCIENCES INC.,,Etats-Unis,NASDAQ,USD,-324.87,0.11,,-152.08,540.83,,,,3,,3,,555.32,,228.94,0,6,,3,,2884750.00,,,2.58
PRCH,PORCH GROUP INC.,,Etats-Unis,NASDAQ,USD,-147.01,17.55,8.40,-225.73,354.91,-17.84,24.14,0,1,0,1,7.35,306.94,0.00,276.67,6,6,0,1,3.77,22386000.00,3.01,8.84,35.62
ZENA,"ZENATECH, INC.",,Etats-Unis,NASDAQ,USD,-100.73,0.32,-40.85,-44.91,50.26,-16.98,21.63,0,0,0,0,22.57,56.38,1671.15,40392.00,6,6,0,0,,67961451.00,-350.18,165.80,1.47
CNTX,CONTEXT THERAPEUTICS INC.,,Etats-Unis,NASDAQ,USD,-46.39,0.00,,-66.36,31.60,,,,0,,0,,33.34,,0.00,0,6,,0,,60473727.00,,,1.13
WOK,WORK MEDICAL TECHNOLOGY GROUP INC.,,Etats-Unis,NASDAQ,USD,-6.45,0.30,-3.45,-10.68,13.86,-5.02,7.60,2,2,2,2,11.96,18.91,126.32,136.18,6,6,2,2,,21164731.00,-12.19,-14.80,1.57
GXAI,GAXOS.AI INC.,,Etats-Unis,NASDAQ,USD,-29.17,0.00,-56.49,-85.12,92.63,-135.60,135.91,0,0,0,0,234.76,90.59,0.00,0.00,3,4,0,0,,12740956.00,-221.53,8589.59,1.05
TOYO,"TOYO CO., LTD.",,Etats-Unis,NASDAQ,USD,43.53,0.66,40.42,47.90,19.90,33.98,21.19,2,3,2,3,30.10,28.25,79.84,37.48,3,4,3,3,-0.50,111255384.00,8.69,161.76,3.97
GEVO,GEVO INC.,,Etats-Unis,NASDAQ,USD,-6.79,0.36,-3.83,-11.07,4.12,-16.07,10.61,0,0,0,0,2.79,6.66,0.00,0.00,6,6,0,0,,471169000.00,-20.32,205.55,1.53
ENGN,ENGENE THERAPEUTICS INC.,,Etats-Unis,NASDAQ,USD,-53.28,0.19,,-164.38,211.17,,,,2,,2,,266.26,,105.64,0,5,,2,,167710000.00,,,1.32
ALM,ALMONTY INDUSTRIES INC.,,Etats-Unis,NASDAQ,USD,-81.59,0.45,-9.54,-61.65,28.20,-5.99,5.01,0,0,0,0,3.55,19.94,0.00,0.00,2,2,0,0,,357811000.00,-497.98,12.75,1.65
PRQR,PROQR THERAPEUTICS N.V.,,Etats-Unis,NASDAQ,USD,-61.17,0.32,-61.88,-51.74,9.23,-49.06,11.12,0,0,0,0,4.52,10.26,0.00,0.00,5,6,0,0,,49374000.00,-265.21,56.26,2.28
LUCD,LUCID DIAGNOSTICS INC.,,Etats-Unis,NASDAQ,USD,-710.60,2.36,-236.71,-1391.67,1358.91,-324.78,78.23,0,1,0,1,133.24,1538.28,0.00,4926.82,5,6,0,1,,10936000.00,-1232.68,39.22,3.70
IMMX,IMMIX BIOPHARMA INC.,,Etats-Unis,NASDAQ,USD,-55.00,0.01,,-102.85,46.26,,,,1,,1,,170.86,,1616.08,0,6,,1,,93796170.00,,,1.12
IMNM,IMMUNOME INC.,,Etats-Unis,NASDAQ,USD,-52.09,0.01,-85.84,-134.39,73.79,-103.59,49.37,0,0,0,0,73.54,77.81,0.00,0.00,3,6,0,0,,634343000.00,-3059.99,-29.63,1.08
MBOT,MICROBOT MEDICAL INC.,,Etats-Unis,NASDAQ,USD,-32.42,0.01,,-166.53,127.00,,,,0,,0,,125.83,,0.00,0,6,,0,,77554000.00,,,1.05
PRTG,ALPHA COMPUTE CORP.,,Etats-Unis,NASDAQ,USD,-541.81,0.00,,-273.41,238.25,,,,0,,0,,296.55,,0.00,0,6,,0,,-827000.00,,,
GOVX,GEOVAX LABS INC.,,Etats-Unis,NASDAQ,USD,-483.79,0.22,-673.47,-368.86,180.79,-687.98,20.53,0,0,0,0,339.53,214.27,0.00,0.00,5,6,0,0,,3825132.00,-862.34,,1.66
EVLV,"EVOLV TECHNOLOGIES HOLDINGS, INC.",,Etats-Unis,NASDAQ,USD,-27.96,0.35,-29.29,-41.94,14.51,-46.23,14.67,0,1,0,1,210.03,16.34,0.00,275.98,6,6,0,1,,119422000.00,-22.71,34.70,2.55
PROP,PRAIRIE OPERATING CO. COMMON STOCK,,Etats-Unis,NASDAQ,USD,35.04,2.85,9.58,-150.16,222.85,-36.14,48.18,0,3,0,3,105.62,236.96,0.00,130.46,4,6,0,3,5.37,130164000.00,13.26,1150.31,7.26
LUCY,INNOVATIVE EYEWEAR INC.,,Etats-Unis,NASDAQ,USD,-83.60,0.00,-140.06,-109.55,27.90,-170.95,36.37,0,2,0,2,1193.66,103.70,0.00,114.37,6,6,0,2,,9066139.00,-285.20,51.97,1.12
NRXP,"NRX PHARMACEUTICALS, INC.",,Etats-Unis,NASDAQ,USD,146.18,-0.04,,561.49,721.44,,,,5,,5,,246.87,,134.77,0,6,,5,,-15937000.00,-2336.49,,
IMCC,IM CANNABIS CORP.,,Etats-Unis,NASDAQ,USD,5010.66,-4.50,-58.60,1605.45,2949.30,-47.14,10.75,0,1,0,1,16.87,88.19,0.00,0.00,6,6,0,1,,-3615000.00,-21.47,5.90,
AHCO,ADAPTHEALTH CORP.,,Etats-Unis,NASDAQ,USD,-4.25,1.25,3.74,-11.75,22.69,4.17,0.58,0,1,0,0,0.67,45.07,52.66,376.47,6,6,0,1,9.08,1526324000.00,-2.04,0.70,2.83
ENGS,ENERGYS GROUP LTD.,,Etats-Unis,NASDAQ,USD,28.05,-4.37,-3.45,38.03,9.39,-14.59,10.70,0,3,0,3,9.27,11.30,0.00,39.91,3,3,0,3,,-1999885.00,-11.55,39.14,
INPX,INPIXON,,Etats-Unis,NASDAQ,USD,-114.71,0.46,-70.31,-113.11,3.19,-87.14,14.94,0,0,0,0,6.57,0.47,0.00,0.00,3,3,0,0,,32115000.00,-341.46,44.52,1.79
CISS,C3IS INC.,,Etats-Unis,NASDAQ,USD,12.58,0.00,1.03,9.31,12.33,10.27,8.64,2,3,0,1,9.21,14.68,94.32,117.69,4,4,3,3,-10.93,95099614.00,30.13,12.92,1.04
CXAI,CXAPP INC.,,Etats-Unis,NASDAQ,USD,-91.11,0.92,-71.76,-101.80,15.52,-70.09,17.66,0,0,0,0,15.10,18.92,0.00,1925.95,3,4,0,0,,13982000.00,-293.98,-26.44,2.32
THRY,THRYV HOLDINGS INC.,,Etats-Unis,NASDAQ,USD,0.15,1.16,6.99,-46.42,48.67,6.80,0.17,3,3,0,2,3.17,67.28,52.42,227.84,6,6,3,3,4.28,218139000.00,0.04,-7.47,3.16
PROK,PROKIDNEY CORP,,Etats-Unis,NASDAQ,USD,-43.17,0.01,-75.40,-38.20,6.98,-75.75,0.49,0,0,0,0,0.35,193.15,0.00,0.00,2,6,0,0,,300793000.00,-16977.83,,1.12
GP,GREENPOWER MOTOR COMPANY INC.,,Etats-Unis,NASDAQ,USD,19158.95,11.94,-4.76,6230.23,11197.48,-27.28,20.72,0,1,0,1,11.36,192.09,0.00,0.00,6,6,0,1,,1548794.00,-33.42,-35.40,19.81
AVAT,AVALANCHE TREASURY CORPORATION,,Etats-Unis,NASDAQ,USD,,0.00,,,,,,,,,,,,,,0,0,,,,-145382.00,,,
BSIN,U.S. ENERGY CORP.,,Etats-Unis,NASDAQ,USD,-59.87,0.12,-24.11,-61.67,10.86,-14.89,8.50,0,0,0,0,9.54,15.21,620.73,0.00,6,6,0,0,,24195000.00,-195.48,-52.30,1.68
PAYS,PAYSIGN INC.,,Etats-Unis,NASDAQ,USD,19.13,0.12,15.02,21.57,9.14,-4.53,17.13,1,3,0,1,31.73,49.36,0.00,56.16,6,6,1,3,-4.90,48490171.00,9.21,31.73,5.70
OSW,ONESPAWORLD HOLDINGS LTD.,,Etats-Unis,NASDAQ,USD,13.06,0.17,12.30,9.02,8.49,10.20,2.78,1,3,0,0,10.55,57.90,0.00,104.59,6,6,2,3,0.71,542577000.00,7.45,10.01,1.30
VRDN,VIRIDIAN THERAPEUTICS INC.,,Etats-Unis,NASDAQ,USD,-49.16,0.07,-76.90,-51.48,4.62,-85.68,8.79,0,0,0,0,11.28,24.45,0.00,0.00,6,6,0,0,,722167000.00,-483.57,1402.11,1.25
FTFT,FUTURE FINTECH GROUP INC.,,Etats-Unis,NASDAQ,USD,-9.74,0.04,-95.39,-64.43,55.46,-92.04,65.38,0,1,0,1,90.68,59.03,0.00,111.84,6,6,0,1,,43957690.00,-71.91,-66.86,1.21
RDIB,READING INTERNATIONAL INC.,,Etats-Unis,NASDAQ,USD,128.03,-19.95,-1.06,-63.76,191.29,-1.79,0.70,0,2,0,2,3.09,116.89,0.00,780.77,6,6,0,2,,-18098000.00,-7.22,-4.54,
SLNH,SOLUNA HOLDINGS INC.,,Etats-Unis,NASDAQ,USD,-81.64,0.26,-44.52,-119.99,54.24,-34.36,14.36,0,1,0,1,43.47,77.04,0.00,502.84,5,5,0,1,,112246000.00,-191.78,-21.84,1.67
OLB,OLB GROUP INC.,,Etats-Unis,NASDAQ,USD,-150.72,0.05,-92.09,-131.44,28.20,-69.11,31.46,0,0,0,0,50.76,70.33,0.00,0.00,6,6,0,0,,4605725.00,-67.70,-46.73,2.67
DUOT,DUOS TECHNOLOGIES GROUP INC.,,Etats-Unis,NASDAQ,USD,-38.71,0.10,-40.87,-186.57,129.88,-90.84,46.31,0,0,0,0,94.94,106.07,0.00,0.00,6,6,0,0,,48552566.00,-36.39,90.19,1.31
BLBX,REALLOYS INC.,,Etats-Unis,NASDAQ,USD,-80.08,0.13,-50.05,-85.88,8.21,-60.53,14.82,0,1,0,1,2.66,61.08,0.00,261.39,3,5,0,2,,5659378.00,-182.05,-5.29,1.53
OSS,"ONE STOP SYSTEMS, INC.",,Etats-Unis,NASDAQ,USD,13.90,0.03,-12.35,-14.32,27.41,-18.89,17.04,0,1,0,0,20.29,23.45,1012.41,723.66,6,6,0,1,,46006064.00,15.79,-27.27,1.15
DUO,FANGDD NETWORK GROUP LTD.,,Etats-Unis,NASDAQ,USD,-17.88,0.00,-29.94,-24.31,37.79,-91.19,84.21,0,0,0,0,64.60,72.31,0.00,281.52,6,6,0,0,,578892000.00,-24.24,11.59,1.36
SLS,SELLAS LIFE SCIENCES GROUP INC.,,Etats-Unis,NASDAQ,USD,-66.88,0.01,,-608.33,3302.28,,,0,1,0,1,248.51,2355.22,0.00,273.57,3,6,0,1,,70871000.00,,,1.11
OSRH,OSR HOLDINGS INC.,,Etats-Unis,NASDAQ,USD,-44.89,0.03,-8.80,10.11,60.31,-8.80,,0,1,0,1,,32.34,,160.17,1,4,0,1,,127037403.00,-931.19,,1.35
FORD,FORWARD INDUSTRIES INC.,,Etats-Unis,NASDAQ,USD,-22.67,0.00,-0.69,-58.89,32.17,-13.04,23.96,0,0,0,0,21.44,43.02,827.37,1226.24,6,6,0,0,,1470124867.00,-918.07,-29.59,1.00
HODO,HOUSE OF DOGE INC.,,Etats-Unis,NASDAQ,USD,,0.00,,,,,,,,,,,,,,0,0,,,,8379991.00,,,2.08
ORGO,ORGANOGENESIS HOLDINGS INC.,,Etats-Unis,NASDAQ,USD,9.04,0.19,11.42,3.71,4.68,6.48,4.47,2,2,1,1,4.29,5.45,90.20,99.47,6,6,3,2,-0.21,433918000.00,6.58,14.01,1.38
SLGB,SMART LOGISTICS GLOBAL LIMITED,,Etats-Unis,NASDAQ,USD,-14.71,0.26,-6.66,-0.63,12.19,-0.04,5.79,1,1,0,1,7.05,14.93,135.56,160.36,4,4,1,1,,136213438.00,-2.89,-5.69,1.45
BLFS,BIOLIFE SOLUTIONS INC.,,Etats-Unis,NASDAQ,USD,-1.27,0.05,-4.30,-8.69,9.16,-6.24,5.70,0,0,0,0,4.23,18.77,0.00,3522.68,6,6,0,0,,371888000.00,-4.78,-18.05,1.09
VTGN,VISTAGEN THERAPEUTICS INC.,,Etats-Unis,NASDAQ,USD,-131.59,0.03,-205.51,-77.91,46.71,-124.38,71.13,0,0,0,0,87.72,69.73,0.00,0.00,5,6,0,0,,35520000.00,-5491.33,9.21,1.37
HNRG,HALLADOR ENERGY COMPANY,,Etats-Unis,NASDAQ,USD,31.71,0.24,20.13,-23.69,84.78,10.85,10.20,2,2,1,1,4.13,72.23,196.19,754.91,6,6,2,2,0.48,159833000.00,8.92,-13.98,2.55
DGNX,DIGINEX LTD,,Etats-Unis,NASDAQ,USD,-250.43,0.01,-63.56,-57.00,168.35,-161.15,138.02,0,4,0,4,581.48,218.33,0.00,308.81,4,5,0,4,,20316534.00,-861.41,66.80,2.92
DGXX,DIGI POWER X INC.,,Etats-Unis,NASDAQ,USD,-39.05,0.00,-35.26,-46.86,25.00,-36.88,7.54,0,0,0,0,9.84,35.78,0.00,0.00,3,3,0,0,,123261200.00,-82.94,14.42,1.09
ABEO,ABEONA THERAPEUTICS INC.,,Etats-Unis,NASDAQ,USD,70.05,0.16,-106.89,-135.71,179.55,-122.19,21.64,0,1,0,1,21.88,101.67,0.00,0.00,5,6,0,1,,159216000.00,1223.08,28.95,1.38
SKYA,"SKYAI, INC. COMMON STOCK",,Etats-Unis,NASDAQ,USD,-117.46,0.01,-4.24,-55.83,87.15,-4.24,,0,0,0,0,,61.63,,2128.67,1,2,0,0,,264380146.00,-138400.02,,1.02
FLD,"FOLD HOLDINGS, INC.",,Etats-Unis,NASDAQ,USD,-131.41,1.25,-22.75,-42.56,77.03,-22.75,,0,0,0,0,7.97,88.40,0.00,2467.75,2,4,0,0,,62990647.00,-218.88,,2.44
SKYQ,SKY QUARRY INC.,,Etats-Unis,NASDAQ,USD,-166.13,3.57,-37.92,-106.61,67.10,-22.27,16.86,0,0,0,0,13.44,46.32,0.00,0.00,3,3,0,0,,3186967.00,-97.66,-50.38,6.03
SKYT,"SKYWATER TECHNOLOGY, INC.",,Etats-Unis,NASDAQ,USD,,,,,,,,,,,,,,,,,,,,,,,,
DVLT,DATAVAULT AI INC.,,Etats-Unis,NASDAQ,USD,-48.81,0.05,-14.07,122.05,365.94,-197.50,300.89,0,1,0,1,224.31,71.13,0.00,123.46,6,6,0,1,,237974000.00,-202.09,333.19,1.15
SKYX,SKYX PLATFORMS CORP,,Etats-Unis,NASDAQ,USD,-706.08,90.75,-60.94,-561.23,204.85,-67.15,8.78,0,3,0,3,336.42,612.78,0.00,217.45,4,5,0,3,,411614.00,-36.32,6.64,140.22
VRAX,VIRAX BIOLABS GROUP LTD.,,Etats-Unis,NASDAQ,USD,-78.65,0.06,-141.29,-96.37,17.91,-143.91,17.67,0,2,0,2,20.54,35.41,0.00,182.09,4,6,0,2,,7334940.00,-40507.00,-71.82,1.13
MDXH,MDXHEALTH SA,,Etats-Unis,NASDAQ,USD,-2440.41,-7.16,-17.44,-1102.47,1162.04,-21.30,3.34,0,0,0,0,91.34,1170.12,0.00,0.00,6,6,0,0,,-12094000.00,-31.07,23.97,
MDXG,"MIMEDX GROUP, INC.",,Etats-Unis,NASDAQ,USD,21.61,0.07,35.59,51.67,48.94,33.93,3.46,3,6,3,6,38.46,120.64,1.82,99.94,6,6,3,6,-2.32,256548000.00,11.60,14.11,1.34
ALTO,ALTO INGREDIENTS INC.,,Etats-Unis,NASDAQ,USD,5.67,0.40,3.37,-9.08,14.53,-1.19,4.01,0,1,0,0,5.24,9.58,183.09,262.70,6,6,0,1,4.88,245241000.00,1.45,-13.36,1.59
AMPL,"AMPLITUDE, INC.",,Etats-Unis,NASDAQ,USD,-32.68,0.04,-51.08,-31.74,1.02,-49.95,3.46,0,1,0,1,2.90,18.01,0.00,271.15,6,6,0,1,,245346000.00,-25.80,11.46,1.71
AMPG,AMPLITECH GROUP INC.,,Etats-Unis,NASDAQ,USD,-19.92,0.13,-19.62,-26.93,9.91,-23.66,5.72,0,0,0,0,84.16,416.88,1371.10,0.00,5,5,0,0,,32862561.00,-27.81,164.99,1.57
PDSB,PDS BIOTECHNOLOGY CORPORATION,,Etats-Unis,NASDAQ,USD,-244.16,1.83,,-177.76,61.61,,,,0,,0,,93.17,,0.00,0,6,,0,,9251833.00,,,3.30
FRTT,FORT TECHNOLOGY INC.,,Etats-Unis,NASDAQ,USD,-208.74,1.29,-15.92,-208.74,,-15.92,,0,0,0,0,,,,,1,1,0,0,,2793000.00,-53.75,,2.68
VUZI,VUZIX CORPORATION,,Etats-Unis,NASDAQ,USD,-89.68,0.03,-129.28,-88.44,36.74,-94.67,31.77,0,0,0,0,39.97,51.51,0.00,0.00,6,6,0,0,,34681491.00,-513.85,-28.04,1.16
LQDA,LIQUIDIA CORPORATION,,Etats-Unis,NASDAQ,USD,-112.97,4.42,-37.99,-145.44,55.35,-89.10,45.61,0,0,0,0,33.22,65.15,0.00,0.00,6,6,0,0,,44748000.00,-43.53,200.88,7.33
MITK,MITEK SYSTEMS INC.,,Etats-Unis,NASDAQ,USD,3.87,0.65,5.82,3.23,1.46,4.37,2.68,0,0,0,0,2.76,1.87,84.51,73.60,6,6,0,0,-2.15,240258000.00,4.90,2.05,1.91
VRRM,VERRA MOBILITY CORPORATION,,Etats-Unis,NASDAQ,USD,48.96,3.64,12.08,25.20,20.99,10.36,1.91,1,4,0,2,3.80,10.81,0.00,75.68,6,6,2,4,4.20,292960000.00,13.96,9.45,5.62
WRAP,WRAP TECHNOLOGIES INC.,,Etats-Unis,NASDAQ,USD,-176.06,0.21,-171.67,-240.11,90.99,-309.68,237.87,0,0,0,0,266.24,144.72,0.00,0.00,6,6,0,0,,11490000.00,-221.21,-12.72,1.34
RZLT,"REZOLUTE, INC.",,Etats-Unis,NASDAQ,USD,-52.56,0.01,,-49.76,9.68,,,,0,,0,,133.78,,0.00,0,6,,0,,162127000.00,,,1.08
BTAI,"BIOXCEL THERAPEUTICS, INC.",,Etats-Unis,NASDAQ,USD,74.14,-1.15,-474.35,-537.71,1064.55,-343.41,120.83,0,2,0,2,141.98,994.99,0.00,6.94,4,6,0,2,,-95463000.00,-10887.38,-31.79,
BTCS,BTCS INC.,,Etats-Unis,NASDAQ,USD,-38.47,0.53,-7.29,0.45,41.46,-26.45,17.24,0,1,0,1,245.37,127.57,0.00,187.33,5,6,0,1,,139416779.00,-202.25,250.86,1.54
ORIO,ORION DIGITAL CORP.,,Etats-Unis,NASDAQ,USD,-11.12,1.17,-1.53,-13.98,4.04,-1.80,0.38,0,0,0,0,0.27,2.86,0.00,0.00,2,2,0,0,,72321000.00,-12.44,-3.64,2.40
BTCT,BTC DIGITAL LTD.,,Etats-Unis,NASDAQ,USD,-23.51,0.07,-20.53,-14.93,8.41,-12.90,6.61,0,3,0,3,8.10,40.25,402.80,109.65,4,6,0,3,,37163000.00,-64.53,24.40,1.07
WYFI,"WHITEFIBER, INC.",,Etats-Unis,NASDAQ,USD,-7.57,0.05,-6.17,-5.03,3.59,-4.00,3.06,0,0,0,0,2.17,2.54,0.00,0.00,2,2,0,0,,482464040.00,-31.18,54.69,1.35
BIVI,BIOVIE INC.,,Etats-Unis,NASDAQ,USD,-150.76,0.03,,-153.55,53.36,,,,0,,0,,1286.46,,0.00,0,6,,0,,10270270.00,,,1.39
SMTK,SMARTKEM INC.,,Etats-Unis,NASDAQ,USD,-791.04,-0.38,,-351.00,381.20,-187.68,3.49,0,0,0,0,118.07,710.37,0.00,0.00,5,6,0,0,,-3934000.00,-1507.75,408.08,
JSPR,JASPER THERAPEUTICS INC.,,Etats-Unis,NASDAQ,USD,-230.31,0.30,,-148.24,71.29,,,,1,,1,,82.11,,355.47,0,6,,1,,4151000.00,,,8.62
BTBT,"BIT DIGITAL, INC.",,Etats-Unis,NASDAQ,USD,-12.78,0.16,-6.19,-5.01,12.32,-5.77,14.29,0,0,0,0,21.66,42.68,391.77,239.06,6,6,1,0,,865260802.00,-74.79,59.01,1.36
USDE,STABLECOINX INC.,,Etats-Unis,NASDAQ,USD,,0.17,,,,,,,,,,,,,,0,0,,,,569500.00,,,1.22
HDSN,HUDSON TECHNOLOGIES INC.,,Etats-Unis,NASDAQ,USD,6.81,0.02,6.60,14.33,10.16,14.15,9.99,3,3,3,3,10.49,19.52,88.23,91.94,6,6,4,4,-1.84,243390000.00,6.76,-7.63,1.31
HOLO,MICROCLOUD HOLOGRAM INC.,,Etats-Unis,NASDAQ,USD,-2.35,0.02,-2.89,-6.90,4.30,-15.47,12.49,2,2,2,2,16.61,76.39,145.90,233.85,6,6,2,2,-1741.66,2695931546.00,-12.43,40.83,1.03
FTCI,"FTC SOLAR, INC.",,Etats-Unis,NASDAQ,USD,665.30,-0.55,-76.05,156.00,441.55,-90.37,14.01,0,1,0,1,82.48,65.02,0.00,0.00,6,6,0,1,,-42958000.00,-79.83,-11.40,
TOI,THE ONCOLOGY INSTITUTE INC.,,Etats-Unis,NASDAQ,USD,999.19,-6.60,-32.80,231.21,667.84,-38.19,7.80,0,1,0,1,11.10,109.51,0.00,164223.08,6,6,0,1,,-15720000.00,-12.06,24.52,
PCT,"PURECYCLE TECHNOLOGIES, INC.",,Etats-Unis,NASDAQ,USD,-161.32,9.13,-18.49,-93.15,69.79,-18.49,,0,0,0,0,,77.79,,0.00,1,6,0,0,,45887000.00,-2185.10,,20.11
SAGT,SAGTEC GLOBAL LTD.,,Etats-Unis,NASDAQ,USD,12.22,0.06,11.42,45.39,30.48,33.96,22.25,3,4,2,2,11.57,19.84,79.57,83.07,4,4,4,4,-1.38,102011998.00,9.41,230.76,1.14
UNCY,UNICYCIVE THERAPEUTICS INC.,,Etats-Unis,NASDAQ,USD,-141.14,0.01,,-246.76,1730.95,,,,2,,2,,1089.36,,366.01,0,6,,2,,30197000.00,,,1.63
BJDX,BLUEJAY DIAGNOSTICS INC.,,Etats-Unis,NASDAQ,USD,-117.02,0.02,,-144.63,31.52,,,0,1,0,1,,62.54,,749.89,1,6,0,1,,5975289.00,,,1.19
UCAR,U POWER LTD.,,Etats-Unis,NASDAQ,USD,-26.40,0.09,-14.57,-17.54,8.58,-11.05,3.15,0,0,0,0,3.08,6.76,0.00,0.00,6,6,0,0,,288772000.00,-195.69,44.25,1.31
SAFX,XCF GLOBAL INC.,,Etats-Unis,NASDAQ,USD,187.15,3.25,-12.61,47.41,197.62,-12.61,,0,1,0,1,,139.74,,0.00,1,2,0,1,,37651949.00,355.52,,11.14
SMPL,SIMPLY GOOD FOODS CO.,,Etats-Unis,NASDAQ,USD,5.86,0.17,7.83,7.73,1.63,8.09,0.23,0,0,0,0,1.87,2.29,5.21,39.06,6,6,0,0,0.49,1806833000.00,7.14,8.05,1.33
ABAT,AMERICAN BATTERY TECHNOLOGY COMPANY,,Etats-Unis,NASDAQ,USD,-70.82,0.11,-53.31,-65.60,23.28,-50.75,3.62,0,1,0,1,2.56,284.10,0.00,316.14,2,6,0,1,,70599023.00,-1089.98,,1.20
AEHR,AEHR TEST SYSTEMS,,Etats-Unis,NASDAQ,USD,-4.16,0.05,-11.58,9.31,22.62,-2.15,12.14,2,3,2,3,19.00,19.38,134.04,111.74,6,6,3,3,,219511000.00,-14.25,-13.10,1.12
AEHL,ANTELOPE ENTERPRISE HOLDINGS LTD.,,Etats-Unis,NASDAQ,USD,-52.10,0.26,-33.34,-436.12,686.03,-76.37,40.11,0,0,0,0,66.23,692.75,1122.78,0.00,5,6,1,0,,26241000.00,-10.72,52.35,1.45
WULF,TERAWULF INC.,,Etats-Unis,NASDAQ,USD,-343.69,36.99,-8.12,-139.29,177.12,-9.02,2.61,0,0,0,0,9.71,186.03,0.00,0.00,4,4,0,0,,140445000.00,-392.64,55.99,46.70
DARE,DARE BIOSCIENCE INC.,,Etats-Unis,NASDAQ,USD,845.53,0.93,-340.90,-25.29,924.06,-1351.35,1475.03,0,3,0,3,1799.07,572.07,0.00,141.81,4,6,0,3,,2842634.00,-1300.66,-39.43,11.42
DXST,DECENT HOLDING INC.,,Etats-Unis,NASDAQ,USD,-5.06,0.01,-2.01,48.53,51.20,64.51,63.50,4,4,4,4,30.25,42.33,101.61,105.22,5,5,4,4,,7727671.00,-2.49,17.08,2.22
ARTL,ARTELO BIOSCIENCES INC.,,Etats-Unis,NASDAQ,USD,-1625.11,-0.53,,-606.42,883.01,,,,0,,0,,876.78,,0.00,0,6,,0,,-1272000.00,,,
HITI,HIGH TIDE INC.,,Etats-Unis,NASDAQ,USD,-48.86,1.45,6.09,-26.30,23.29,3.48,3.87,0,0,0,0,6.92,6.59,538.27,0.00,6,6,0,0,6.54,102787000.00,-8.65,10.36,3.40
ACB,AURORA CANNABIS INC.,,Etats-Unis,NASDAQ,USD,-24.27,0.05,-7.39,-11.66,12.28,-4.17,3.67,0,0,0,0,4.56,92.81,0.00,9434.62,6,6,0,0,,511832000.00,-42.41,8.91,1.17
VSEE,VSEE HEALTH INC.,,Etats-Unis,NASDAQ,USD,-541.52,0.60,-104.75,187209.33,324899.06,-124.56,64.49,1,2,1,2,77.30,332.72,883.70,766.93,4,4,1,2,,5452368.00,-100.65,51.40,4.11
ANY,SPHERE 3D CORP.,,Etats-Unis,NASDAQ,USD,-68.62,0.00,-40.43,-54.34,22.20,-37.59,2.51,0,0,0,0,17.31,42.54,0.00,0.00,6,6,0,0,,23300000.00,-192.13,-28.56,1.08
TRUG,TRUGOLF HOLDINGS INC.,,Etats-Unis,NASDAQ,USD,8947.11,1.01,-126.42,3064.70,5095.19,-51.54,71.43,2,3,1,3,82.19,235.69,213.17,0.00,4,4,2,3,,4300383.00,-80.66,-3.39,4.69
MLTX,MOONLAKE IMMUNOTHERAPEUTICS,,Etats-Unis,NASDAQ,USD,-60.78,0.25,,-33.67,24.00,,,,0,,0,,129.96,,0.00,0,4,,0,,304481000.00,,,1.39
TLSA,TIZIANA LIFE SCIENCES LTD.,,Etats-Unis,NASDAQ,USD,-924.32,8.77,,-438.58,424.22,,,,0,,0,,487.33,,0.00,0,6,,0,,52000.00,,,221.06
PALI,PALISADE BIO INC.,,Etats-Unis,NASDAQ,USD,-24.52,0.00,,-93.82,65.05,-156.08,,0,2,0,2,,72.90,,126.64,1,6,0,2,,129380000.00,,,1.04
BLNK,BLINK CHARGING CO.,,Etats-Unis,NASDAQ,USD,-91.04,0.12,-70.70,-87.39,11.97,-43.96,23.20,0,0,0,0,26.46,20.07,0.00,0.00,6,6,0,0,,64490000.00,-80.79,-14.18,2.29
FNGR,FINGERMOTION INC.,,Etats-Unis,NASDAQ,USD,-48.88,0.04,-34.78,-39.69,9.21,-33.28,2.90,0,0,0,0,31.15,91.60,0.00,0.00,6,6,0,0,,15149577.00,-29.18,-17.89,4.02
ONFO,ONFOLIO HOLDINGS INC.,,Etats-Unis,NASDAQ,USD,-61.55,0.55,-31.32,-63.20,27.45,-36.46,11.43,0,0,0,0,45.89,18.83,0.00,0.00,6,6,0,0,,3905169.00,-23.67,43.10,2.91
JEM,707 CAYMAN HOLDINGS LTD,,Etats-Unis,NASDAQ,USD,-133.41,0.08,-167.87,128.87,271.26,41.35,186.46,3,3,3,3,224.08,170.82,187.64,132.68,4,4,3,3,,50979130.00,-38.30,12.82,1.51
SEZL,SEZZLE INC.,,Etats-Unis,NASDAQ,USD,103.34,0.83,69.25,97.36,48.76,58.34,16.75,3,3,3,3,74.27,160.19,0.00,27.66,6,6,3,3,0.47,169811000.00,29.57,68.10,2.36
HIVE,HIVE DIGITAL TECHNOLOGIES LTD.,,Etats-Unis,NASDAQ,USD,-30.34,0.13,-17.59,-18.75,15.73,-15.89,3.28,2,2,2,1,4.13,44.97,137.15,385.51,6,6,2,2,,529359000.00,-49.85,61.29,1.21
REAX,REAL BROKERAGE INC.,,Etats-Unis,NASDAQ,USD,-19.27,0.00,-17.42,-62.39,38.10,-58.23,51.56,0,0,0,0,50.87,21.67,0.00,0.00,6,6,0,0,,51585000.00,-0.41,69.00,2.46
JAN,JANONE INC,,Etats-Unis,NASDAQ,USD,-4.54,0.00,-4.53,516.19,904.69,-2.85,2.38,0,2,0,2,70.50,282.60,0.00,164.49,3,6,0,2,,2510205000.00,-11.25,,1.40
SDOT,SADOT GROUP INC.,,Etats-Unis,NASDAQ,USD,840.10,-0.19,,271.30,493.30,-13.96,3.17,0,2,0,1,94.29,78.50,0.00,0.00,5,6,0,2,,-54745000.00,-38.05,-41.70,
XTIA,XTI AEROSPACE INC.,,Etats-Unis,NASDAQ,USD,-370.04,0.37,-192.85,-382.60,146.78,-178.78,108.24,0,1,0,1,115.92,179.01,0.00,359.27,4,5,0,1,,30444000.00,-304.54,122.03,2.67
SERV,SERVE ROBOTICS INC.,,Etats-Unis,NASDAQ,USD,-42.02,0.01,-73.45,65.87,203.89,-259.43,312.12,0,2,0,2,293.58,155.02,0.00,105.80,4,5,0,2,,350744000.00,-3823.50,257.40,1.05
APPS,DIGITAL TURBINE INC.,,Etats-Unis,NASDAQ,USD,-21.80,1.92,4.55,-58.09,40.89,-1.99,5.91,2,1,1,1,7.85,59.04,116.96,370.76,6,6,2,2,9.72,192161000.00,-6.68,1.89,4.38
JCIC,JACK CREEK INVESTMENT CORP.,,Etats-Unis,NASDAQ,USD,9.49,0.00,,9.49,,,,,0,,0,,,,,0,1,,0,,318369935.00,,,1.09
KSCP,"KNIGHTSCOPE, INC.",,Etats-Unis,NASDAQ,USD,-155.30,0.28,-177.36,-475.42,452.72,-194.35,24.03,0,3,0,3,140.05,740.05,0.00,143.17,5,5,0,3,,27766000.00,-298.32,4.91,1.49
DEFT,DEFI TECHNOLOGIES INC.,,Etats-Unis,NASDAQ,USD,77.45,0.04,132.92,-45.59,174.01,4.22,182.00,1,1,1,1,128.70,123.04,0.00,0.00,2,2,1,1,-2.37,149553853.00,82.28,55.24,5.51
TRON,TRON INC.,,Etats-Unis,NASDAQ,USD,-15.59,0.00,-2.08,-24.37,27.75,-17.12,21.28,0,0,0,0,15.05,39.86,0.00,0.00,2,3,0,0,,210316235.00,-354.63,,1.01
SCZM,SANTACRUZ SILVER MINING LTD.,,Etats-Unis,NASDAQ,USD,27.20,0.29,22.01,76.22,69.32,16.02,8.46,1,2,1,2,5.99,49.02,0.00,78.28,2,2,2,2,-0.64,179058000.00,12.94,15.33,2.49
TROO,TROOPS INC.,,Etats-Unis,NASDAQ,USD,-47.59,0.00,-23.25,-23.74,22.54,-9.39,12.00,0,0,0,0,12.00,49.26,0.00,0.00,6,6,0,0,,49024000.00,-163.23,118.86,1.41
THAR,THARIMMUNE INC.,,Etats-Unis,NASDAQ,USD,-17.99,0.00,,-126.23,107.85,,,,2,,2,,1101.86,,3134.55,0,6,,2,,397925880.00,,,1.30
BNRG,BRENMILLER ENERGY LTD.,,Etats-Unis,NASDAQ,USD,-348.50,1.67,-199.06,-289.12,91.40,-188.10,15.49,0,0,0,0,10.95,13.50,0.00,0.00,2,3,0,0,,3494000.00,-3593.02,-21.06,3.58
SGLY,SINGULARITY FUTURE TECHNOLOGY LTD.,,Etats-Unis,NASDAQ,USD,,0.02,,-43.11,24.76,-42.07,14.08,0,0,0,0,13.92,28.17,0.00,0.00,5,5,0,0,,13253683.00,,-30.89,1.41
OTLK,OUTLOOK THERAPEUTICS INC.,,Etats-Unis,NASDAQ,USD,118.61,-0.94,-1086.84,786.66,1110.98,-1086.84,,0,3,0,3,,807.16,,94.27,1,6,0,3,,-32187661.00,-4416.22,,
VSTM,VERASTEM INC.,,Etats-Unis,NASDAQ,USD,-1480.15,1.52,-207.73,-854.77,658.91,-195.09,17.88,0,0,0,0,61.74,896.14,0.00,0.00,5,6,0,0,,57197000.00,-677.59,,4.31
SATL,SATELLOGIC INC.,,Etats-Unis,NASDAQ,USD,-127.65,1.05,-62.15,5643.89,9953.03,-112.87,49.02,0,4,0,3,29.88,115.52,0.00,240.55,4,6,0,4,,60526000.00,-27.01,32.58,2.50
LIND,LINDBLAD EXPEDITIONS HOLDINGS INC.,,Etats-Unis,NASDAQ,USD,16.20,-4.32,11.45,26.32,13.02,6.10,4.81,0,4,0,3,11.25,121.75,0.00,94.78,6,6,1,4,8.95,-153499000.00,-3.14,16.35,
IVDA,IVEDA SOLUTIONS INC.,,Etats-Unis,NASDAQ,USD,-87.80,0.15,-110.61,-77.34,25.39,-105.18,28.92,0,2,0,2,30.30,26.34,0.00,173.64,4,6,0,2,,4779762.00,-60.57,-9.84,1.34
ARKO,ARKO CORP.,,Etats-Unis,NASDAQ,USD,6.11,7.02,2.08,6.93,1.93,2.01,0.44,0,2,0,0,0.63,3.29,68.58,71.73,6,6,0,3,22.15,367239000.00,0.30,-9.89,9.63
SIDU,SIDUS SPACE INC.,,Etats-Unis,NASDAQ,USD,-79.48,0.18,-90.65,-151.37,95.97,-109.01,32.92,0,1,0,1,57.35,72.21,0.00,1211.18,6,6,0,1,,50635277.00,-871.02,-24.67,1.31
EHGO,ESHALLGO INC.,,Etats-Unis,NASDAQ,USD,-64.76,0.19,-71.11,-17.34,41.09,-18.40,45.67,3,3,3,2,52.05,44.10,240.12,309.17,6,6,3,3,,16557117.00,-80.91,-14.49,1.50
ITOC,PHETON HOLDINGS LTD.,,Etats-Unis,NASDAQ,USD,-71.25,0.02,-101.87,-49.18,26.11,-58.35,38.49,1,1,0,1,52.83,43.91,672.95,453.25,5,5,1,2,,8126464.00,-974.78,-8.78,1.12
OMH,OHMYHOME LTD.,,Etats-Unis,NASDAQ,USD,-174.42,0.41,-60.63,-288.49,278.92,-64.55,26.70,0,3,0,3,1082.58,376.42,0.00,230.02,6,6,0,3,,4291154.00,-75.45,56.40,2.13
ALDX,ALDEYRA THERAPEUTICS INC.,,Etats-Unis,NASDAQ,USD,-58.73,0.35,,-48.33,17.84,,,,0,,0,,9.32,,0.00,0,6,,0,,44250390.00,,,1.63
AREC,AMERICAN RESOURCES CORPORATION,,Etats-Unis,NASDAQ,USD,912.66,0.04,,-1165.03,2921.16,-25.62,7.03,0,5,0,5,37.75,2669.93,0.00,1648.94,5,6,0,5,,93188926.00,,,1.81
SGML,SIGMA LITHIUM CORPORATION,,Etats-Unis,NASDAQ,USD,-81.55,2.53,-6.16,-41.91,34.44,-6.46,3.57,0,0,0,0,4.01,38.28,0.00,0.00,3,6,0,0,,56630000.00,-45.62,-22.09,5.19
YAAS,YOUXIN TECHNOLOGY LTD.,,Etats-Unis,NASDAQ,USD,-352.31,0.05,-49.86,-83.47,233.13,-49.86,,0,4,0,4,139.91,294.04,0.00,477.37,3,5,0,4,,8190253.00,-1788.06,-22.40,1.32
WSC,WILLSCOT HOLDINGS CORPORATION,,Etats-Unis,NASDAQ,USD,-5.65,4.56,6.69,10.18,20.78,7.92,1.18,0,2,0,1,2.57,6.97,26.00,116.76,6,6,0,2,8.03,856254000.00,-2.32,-1.78,6.79
GAME,GAMESQUARE HOLDINGS INC.,,Etats-Unis,NASDAQ,USD,-176.75,0.12,-36.17,-259.52,91.44,-75.08,34.27,0,0,0,0,23.68,92.95,0.00,0.00,6,6,0,0,,35653740.00,-93.60,-6.97,2.22
ARBE,ARBE ROBOTICS LTD.,,Etats-Unis,NASDAQ,USD,-149.59,0.68,-116.31,-132.69,32.01,-134.48,16.18,0,1,0,1,1204.92,271.26,0.00,2374.89,6,6,0,1,,39569000.00,-4524.46,-16.46,1.87
DCGO,DOCGO INC.,,Etats-Unis,NASDAQ,USD,-89.05,0.23,-33.04,-27.10,53.65,-7.68,22.00,1,2,0,0,26.94,55.71,332.02,782.38,6,6,2,2,,125871337.00,-60.95,-28.16,1.72
SBET,SHARPLINK GAMING INC.,,Etats-Unis,NASDAQ,USD,-60.68,0.00,-2.11,168.89,324.66,-71.90,98.69,0,1,0,1,1113.32,2812.36,0.00,115.23,4,4,0,1,,2419017000.00,-2618.38,666.04,1.01
ONDS,ONDAS HOLDINGS INC.,,Etats-Unis,NASDAQ,USD,-52.56,0.03,-18.39,-77.75,22.09,-42.62,21.27,0,0,0,0,15.83,4.64,0.00,0.00,6,6,0,0,,471615000.00,-262.92,79.81,2.40
ACHV,ACHIEVE LIFE SCIENCES INC.,,Etats-Unis,NASDAQ,USD,-257.67,0.69,,-512.35,318.80,,,,0,,0,,372.89,,0.00,0,6,,0,,21518000.00,,,1.94
ONCY,ONCOLYTICS BIOTECH INC.,,Etats-Unis,NASDAQ,USD,-2633.61,-0.15,,-975.11,1436.96,,,,0,,0,,1465.61,,0.00,0,6,,0,,-3799000.00,,,
JFB,JFB CONSTRUCTION HOLDINGS INC.,,Etats-Unis,NASDAQ,USD,-23.88,0.02,-40.46,22.24,59.04,10.98,60.42,2,2,2,2,57.87,57.78,152.19,125.65,4,4,2,2,,37834838.00,-17.26,-2.86,1.06
DFDV,DEFI DEVELOPMENT CORP.,,Etats-Unis,NASDAQ,USD,-143.61,1.28,-5.22,-110.74,46.49,-63.37,82.24,0,0,0,0,58.16,32.87,0.00,0.00,2,2,0,0,,99261000.00,-648.06,442.28,3.10
RIME,ALGORHYTHM HOLDINGS INC.,,Etats-Unis,NASDAQ,USD,267.70,-6.13,-91.57,623.94,907.89,-69.24,31.57,0,3,0,3,54.55,47.56,962.24,313.96,5,6,1,3,,-1860000.00,-377.41,-66.57,
VMAR,VISION MARINE TECHNOLOGIES INC.,,Etats-Unis,NASDAQ,USD,-407.72,5.51,-35.10,-224.05,159.76,-73.62,35.61,0,0,0,0,39.41,182.75,0.00,0.00,6,6,0,0,,8451002.00,-156.53,56.45,8.27
TANH,TANTECH HOLDINGS LTD.,,Etats-Unis,NASDAQ,USD,-26.02,0.04,-10.48,-8.22,15.81,-2.71,6.73,0,0,0,0,8.68,11.68,598.80,719.52,6,6,0,0,,110349376.00,-80.92,-7.29,1.12
RMSG,REAL MESSENGER CORP,,Etats-Unis,NASDAQ,USD,-195.41,0.32,-272.15,-4915.61,8701.35,-272.15,,0,3,0,3,,10593.24,,3787.19,1,5,0,3,,486818.00,-13885.81,,2.04
BIAF,BIOAFFINITY TECHNOLOGIES INC.,,Etats-Unis,NASDAQ,USD,-301.83,0.16,-217.66,-214.70,103.81,-180.25,44.93,0,3,0,3,45.38,203.75,0.00,187.86,4,6,0,3,,7277656.00,-244.10,55.30,1.51
ASPI,ASP ISOTOPES INC.,,Etats-Unis,NASDAQ,USD,-101.79,0.82,-33.80,-102.73,10.59,-82.54,53.43,0,0,0,0,65.53,12.13,0.00,0.00,3,4,0,0,,262898000.00,-670.23,642.13,1.89
RR,RICHTECH ROBOTICS INC.,,Etats-Unis,NASDAQ,USD,-33.62,0.00,-17.51,-25.79,14.76,-17.39,22.23,0,0,0,0,269.81,166.86,909.00,0.00,5,5,0,0,,250830000.00,-974.87,-24.11,1.09
TGTX,"TG THERAPEUTICS, INC.",,Etats-Unis,NASDAQ,USD,102.75,0.39,18.05,42.18,52.46,17.80,0.97,3,2,0,1,80.91,79.31,3.06,0.00,6,6,3,3,0.91,648020000.00,72.56,62.40,1.64
JUNS,JUPITER NEUROSCIENCES INC.,,Etats-Unis,NASDAQ,USD,-738.83,-2.90,-339.28,-121.82,546.12,-339.28,,0,5,0,5,,471.51,,346.72,1,6,0,5,,-1831852.00,-39662.77,,
LASE,LASER PHOTONICS CORPORATION,,Etats-Unis,NASDAQ,USD,-674.54,-1.77,-80.39,-238.93,377.25,-49.29,27.37,0,0,0,0,32.79,378.09,971.91,6363.14,6,6,0,1,,-5036586.00,-209.25,45.52,
TSSI,"TSS, INC.",,Etats-Unis,NASDAQ,USD,36.11,0.54,16.95,50.08,56.10,33.95,19.80,4,2,2,2,23.02,29.33,69.56,2041.94,6,6,4,2,-12.16,76635000.00,6.16,112.53,2.41
LXRX,"LEXICON PHARMACEUTICALS, INC.",,Etats-Unis,NASDAQ,USD,-39.72,0.58,-39.43,-125.29,74.11,-107.62,59.14,0,0,0,0,27.30,74.92,0.00,0.00,6,6,0,0,,107538000.00,-101.08,543.15,1.72
LMFA,LM FUNDING AMERICA INC.,,Etats-Unis,NASDAQ,USD,-84.01,0.71,-39.97,-49.96,31.52,-27.26,17.97,0,1,0,0,12.71,26.40,0.00,708.33,2,6,0,1,,28876794.00,-304.99,19.55,1.78
KALA,"KALA PHARMACEUTICALS, INC.",,Etats-Unis,NASDAQ,USD,-279.18,0.00,,-328.74,55.24,,,0,0,0,0,37.48,78.19,0.00,0.00,3,6,0,0,,6996000.00,,,1.36
GCTK,GLUCOTRACK INC.,,Etats-Unis,NASDAQ,USD,381.20,1.22,,173.87,430.09,,,,2,,2,,169.20,,17.31,0,6,,2,,2828000.00,,,2.77
OFAL,OFA GROUP INC.,,Etats-Unis,NASDAQ,USD,-129.53,0.09,-101.08,51.05,185.21,-189.05,192.68,0,2,0,2,308.93,87.09,0.00,153.84,3,4,0,2,,12713418.00,-1119.12,16.24,1.70
SUGP,SU GROUP HOLDINGS LTD.,,Etats-Unis,NASDAQ,USD,-20.11,0.09,-20.14,8.48,26.33,9.86,26.92,2,3,1,1,22.58,24.88,163.12,163.36,5,5,3,3,,86150722.00,-9.61,8.41,1.46
TNON,TENON MEDICAL INC.,,Etats-Unis,NASDAQ,USD,-228.06,0.03,-235.68,-225.89,3.06,-238.96,4.65,0,1,0,1,122.24,222.81,0.00,240.22,3,5,0,1,,5040000.00,-318.36,20.35,2.13
RPGL,REPUBLIC POWER GROUP LIMITED,,Etats-Unis,NASDAQ,USD,7.41,0.20,6.23,7.41,,6.23,,0,0,0,0,,,,,1,1,0,0,2.12,4868033.00,11.97,,1.76
BULL,WEBULL CORPORATION,,Etats-Unis,NASDAQ,USD,-3.93,0.08,8.76,-1.18,2.57,3.66,6.43,0,0,0,0,9.33,3.00,161.70,291.71,3,4,0,0,-12.79,1016479947.00,4.27,20.98,3.82
RIOT,"RIOT PLATFORMS, INC.",,Etats-Unis,NASDAQ,USD,-22.10,0.30,-7.78,-7.00,13.62,-14.15,6.54,0,0,0,0,8.66,23.53,729.61,608.05,6,6,0,0,,2858406000.00,-102.43,51.88,1.38
TJGC,TJGC GROUP LTD.,,Etats-Unis,NASDAQ,USD,-131.05,2.61,-80.01,-79.53,120.45,-45.91,64.39,3,3,3,3,111.45,207.19,109.41,126.42,5,5,3,3,,6187696.00,-81.85,-15.95,5.67
IRD,OPUS GENETICS INC.,,Etats-Unis,NASDAQ,USD,-449.36,0.07,-170.22,-224.44,215.08,-112.87,71.36,1,2,1,2,41.56,712.25,289.53,808.40,5,6,1,2,,15348000.00,-349.33,-13.67,3.27
RGTI,RIGETTI COMPUTING INC,,Etats-Unis,NASDAQ,USD,-64.27,0.01,-32.59,-97.43,63.10,-51.01,17.70,0,2,0,2,44.63,93.99,0.00,219.66,6,6,0,2,,546199000.00,-3050.37,-23.17,1.22
OCGN,OCUGEN INC.,,Etats-Unis,NASDAQ,USD,-776.89,-2.72,-224.57,-347.01,372.93,-175.25,42.77,0,0,0,0,53.74,388.22,0.00,0.00,5,6,0,0,,-12166000.00,-1537.41,-14.49,
LPTH,LIGHTPATH TECHNOLOGIES INC.,,Etats-Unis,NASDAQ,USD,-64.89,0.97,-15.14,-33.81,27.57,-11.80,4.71,0,0,0,0,7.29,31.51,528.90,2685.26,6,6,0,0,,15644768.00,-39.98,6.28,5.21
PGY,PAGAYA TECHNOLOGIES LTD.,,Etats-Unis,NASDAQ,USD,14.32,1.55,14.76,-31.22,47.52,2.07,11.98,1,1,0,0,29.16,35.25,1329.98,884.60,6,6,1,2,-1.50,555351000.00,5.66,27.76,2.78
MGN,MEGAN HOLDINGS LIMITED,,Etats-Unis,NASDAQ,USD,2.12,0.01,1.81,16.45,15.17,22.79,20.20,4,4,4,3,31.10,24.68,98.06,96.15,5,5,4,4,-45.85,48318502.00,1.05,-0.80,1.96
TENX,"TENAX THERAPEUTICS, INC.",,Etats-Unis,NASDAQ,USD,-55.64,0.00,,-83.87,67.40,,,,0,,0,,335.34,,0.00,0,6,,0,,97071000.00,,,1.07
RNTX,REIN THERAPEUTICS INC.,,Etats-Unis,NASDAQ,USD,533.38,0.00,,-120.30,652.39,,,,1,,1,,384.94,,0.00,0,6,,1,,-28087000.00,,,
IQST,IQSTEL INC.,,Etats-Unis,NASDAQ,USD,-60.40,0.26,-6.75,-59.40,1.41,-5.12,2.31,0,2,0,2,75.68,164.75,0.00,350.99,4,5,0,2,,16280627.00,-2.69,11.89,3.14
TNMG,TNL MEDIAGENE INC.,,Etats-Unis,NASDAQ,USD,-238.77,23.55,-16.28,-133.35,118.54,-21.78,19.78,0,1,0,1,27.45,123.93,0.00,605.76,3,4,0,1,,918088.00,-98.97,12.08,54.40
SORA,ASIASTRATEGY LIMITED,,Etats-Unis,NASDAQ,USD,106.10,0.65,-13.57,22.27,73.14,1.38,13.45,1,1,0,1,12.98,13.12,208.39,0.00,4,4,1,1,,21800262.00,111.91,-23.59,1.82
DNTH,DIANTHUS THERAPEUTICS INC.,,Etats-Unis,NASDAQ,USD,-38.38,0.00,-67.97,-35.63,2.90,-66.89,1.89,0,0,0,0,34.43,46.03,0.00,0.00,5,5,0,0,,493401000.00,-7973.33,-15.12,1.08
ELDN,ELEDON PHARMACEUTICALS INC.,,Etats-Unis,NASDAQ,USD,-45.79,0.01,,-119.52,117.51,,,,0,,0,,117.93,,0.00,0,6,,0,,81085000.00,,,2.08
ASLE,AERSALE CORPORATION,,Etats-Unis,NASDAQ,USD,1.95,0.34,2.32,0.67,1.69,0.61,2.21,2,0,0,0,2.54,2.01,113.93,112.17,6,6,2,1,8.90,424431000.00,2.56,0.12,1.51
RITR,REITAR LOGTECH HOLDINGS LTD,,Etats-Unis,NASDAQ,USD,-74.77,1.16,-21.95,-16.87,51.16,1.16,22.12,4,4,4,4,29.86,110.23,104.14,115.21,6,6,4,4,,237160789.00,-66.43,-6.13,2.74
HRTX,HERON THERAPEUTICS INC.,,Etats-Unis,NASDAQ,USD,209.08,9.81,-3.29,444.37,560.22,-40.96,56.22,0,3,0,3,14.32,227.52,0.00,96.29,6,6,0,3,,14333000.00,-13.04,10.42,17.85
VVOS,"VIVOS THERAPEUTICS, INC.",,Etats-Unis,NASDAQ,USD,-663.02,-8.71,-150.20,-483.50,201.06,-250.62,125.46,0,0,0,0,124.38,317.51,0.00,0.00,6,6,0,0,,-1550000.00,-121.71,12.42,
XHLD,TEN HOLDINGS INC.,,Etats-Unis,NASDAQ,USD,-1456.44,1.19,-162.76,-154.76,1270.11,-84.49,68.24,0,1,0,1,83.20,901.97,0.00,234.70,4,4,0,1,,4279000.00,-628.51,-8.64,2.80
UPXI,"UPEXI, INC.",,Etats-Unis,NASDAQ,USD,-28.33,0.31,-14.72,-75.95,56.06,-20.83,8.86,1,1,0,1,50.37,128.69,314.02,641.01,6,6,1,1,,90097498.00,-86.55,-34.13,1.37
UROY,URANIUM ROYALTY CORP.,,Etats-Unis,NASDAQ,USD,13.25,0.00,16.87,5.20,7.65,6.00,9.67,1,1,0,0,2.64,1.30,159.71,145.62,4,6,1,1,-9.80,312770000.00,21.53,109.23,1.19
SNYR,SYNERGY CHC CORP.,,Etats-Unis,NASDAQ,USD,62.08,-1.16,-22.74,4.47,52.00,1513.95,2560.20,3,2,3,2,30.94,56.17,401.99,1834.34,6,6,3,2,,-23128138.00,-40.62,-15.73,
GDC,GD CULTURE GROUP LTD.,,Etats-Unis,NASDAQ,USD,-55.94,0.00,,-157.24,91.02,,,0,0,0,0,,65.00,,2125.92,1,6,0,1,,668142145.00,,,1.00
XFOR,X4 PHARMACEUTICALS INC.,,Etats-Unis,NASDAQ,USD,-75.99,0.41,-72.11,-113.31,43.90,-127.91,78.92,0,0,0,0,102.96,29.90,0.00,0.00,3,6,0,0,,186290000.00,-225.55,,1.56
DPRO,DRAGANFLY INC.,,Etats-Unis,NASDAQ,USD,-45.41,0.00,-64.33,-336.58,261.61,-424.44,322.24,0,0,0,0,307.35,266.90,0.00,0.00,6,6,0,0,,96596795.00,-297.25,8.60,1.05
ADUR,ADURO CLEAN TECHNOLOGIES INC.,,Etats-Unis,NASDAQ,USD,-128.94,0.02,-90.32,-123.39,28.03,-139.93,56.07,0,0,0,0,17.42,63.37,0.00,0.00,5,6,0,0,,29854642.00,-16057.45,-17.22,1.61
AMIX,AUTONOMIX MEDICAL INC.,,Etats-Unis,NASDAQ,USD,-238.89,0.00,,-252.32,114.53,,,,0,,0,,74.28,,0.00,0,4,,0,,5895000.00,,,1.29
RCT,REDCLOUD HOLDINGS PLC,,Etats-Unis,NASDAQ,USD,122.11,-1.71,-700.90,136.05,34.17,-651.65,157.64,0,4,0,4,156.68,5.81,0.00,36.54,4,4,0,4,,-6962613.00,-95.26,56.54,
YOOV,CONCORDE INTERNATIONAL GROUP LTD,,Etats-Unis,NASDAQ,USD,,,,,,,,,,,,,,,,,,,,,,,,
SNDL,SUNDIAL GROWERS INC.,,Etats-Unis,NASDAQ,USD,-1.41,0.15,-0.89,-7.79,6.21,-3.78,3.16,0,0,0,0,16.56,39.74,0.00,0.00,6,6,0,0,,1101196000.00,-1.67,2.04,1.21
RCON,RECON TECHNOLOGY LTD.,,Etats-Unis,NASDAQ,USD,,0.08,,-14.81,3.87,-27.09,3.08,0,1,0,1,11.51,3.80,0.00,137.99,5,5,0,1,,490933897.00,,2.59,1.13
BTDR,BITDEER TECHNOLOGIES GROUP,,Etats-Unis,NASDAQ,USD,11.46,1.27,-16.27,-67.55,112.78,-21.76,5.18,1,1,1,1,17.27,103.42,153.59,616.43,6,6,1,2,,867848000.00,10.58,29.73,3.23
LAES,SEALSQ CORP,,Etats-Unis,NASDAQ,USD,-12.71,0.02,-24.48,-63.13,56.80,-33.49,11.94,1,2,1,2,76.28,62.80,216.53,227.00,6,6,1,2,,461508000.00,-187.34,-22.08,1.09
HOVR,NEW HORIZON AIRCRAFT LTD.,,Etats-Unis,NASDAQ,USD,-89.81,0.00,,-67.19,48.45,,,,2,,1,,5820.99,,117.01,0,6,,2,,71110000.00,,,1.18
RKLB,ROCKET LAB CORPORATION,,Etats-Unis,NASDAQ,USD,-18.84,0.15,-26.40,-29.72,10.88,-28.60,1.95,0,1,0,1,10.48,14.71,0.00,233.77,6,6,0,1,,1721854000.00,-32.94,56.86,1.35
RLMD,RELMADA THERAPEUTICS INC.,,Etats-Unis,NASDAQ,USD,-94.05,0.00,,-104.63,24.21,,,,0,,0,,25.33,,0.00,0,6,,0,,86512013.00,,,1.09
SUPX,SUPERX AI TECHNOLOGY LIMITED,,Etats-Unis,NASDAQ,USD,,0.05,,-35.62,54.91,-49.62,62.44,0,0,0,0,44.15,38.83,0.00,2419.31,2,2,0,0,,6964988.00,,-52.72,1.15
TIVC,TIVIC HEALTH SYSTEMS INC.,,Etats-Unis,NASDAQ,USD,-91.85,0.38,,-168.50,69.88,-283.63,30.31,0,1,0,1,978.89,65.53,0.00,173.96,5,6,0,1,,16797000.00,,,1.88
MIMI,MINT INCORPORATION LTD.,,Etats-Unis,NASDAQ,USD,-227.11,0.33,-220.21,-57.12,162.85,-50.16,172.47,3,3,3,3,274.92,249.77,141.48,175.91,5,5,3,3,,3284277.00,-450.32,-27.71,1.64
FAMI,FARMMI INC.,,Etats-Unis,NASDAQ,USD,-36.33,0.17,-21.56,-12.50,20.75,-6.39,13.16,0,0,0,0,13.17,21.99,473.01,1402.15,6,6,0,0,,123857452.00,-190.86,-49.66,1.19
SPT,"SPROUT SOCIAL, INC. CLASS A COMMON STOCK",,Etats-Unis,NASDAQ,USD,-23.42,0.27,-22.42,-36.56,11.83,-37.55,15.53,0,0,0,0,15.86,12.15,0.00,0.00,6,6,0,0,,203422000.00,-9.47,17.11,2.57
MDCX,MEDICUS PHARMA LTD,,Etats-Unis,NASDAQ,USD,-2234.82,146.79,,-893.97,1210.71,,,,3,,1,,1643.01,,1976.42,0,5,,3,,37311.00,,,269.66
TH,TARGET HOSPITALITY CORP.,,Etats-Unis,NASDAQ,USD,-9.15,0.03,-5.85,22.94,34.90,15.65,21.80,3,3,2,2,11.39,21.61,115.50,115.23,6,6,3,3,,389060000.00,-11.56,-24.57,1.36
KOPN,KOPIN CORPORATION,,Etats-Unis,NASDAQ,USD,5.96,0.02,-51.37,-78.03,86.17,-72.76,20.12,0,0,0,0,18.84,68.63,0.00,0.00,6,6,0,0,,64117163.00,6.78,-2.42,1.69
SQL,SEQLL INC.,,Etats-Unis,NASDAQ,USD,-65.26,0.67,-71.95,-68.37,101.25,-56.26,22.19,0,1,0,1,15.69,105.88,0.00,647.12,2,3,0,1,,4366886.00,-347904.25,-84.75,1.93
SHAZ,SHARONAI HOLDINGS INC.,,Etats-Unis,NASDAQ,USD,-402.97,-13.43,-24.71,-402.97,,-24.71,,0,0,0,0,,,,,1,1,0,0,,-10148257.00,-2541.44,,
GGLBP,ALPHABET INC. DEP SHS RP 1/20TH INT MANDATORY CONV PFD SERIES B,,Etats-Unis,NASDAQ,USD,,,,,,,,,,,,,,,,,,,,,,,,
ILLR,TRILLER GROUP INC.,,Etats-Unis,NASDAQ,USD,60.81,-0.49,,606.81,551.91,-44.14,,0,3,0,3,0.10,397.26,0.00,94.78,2,4,0,3,,-328116000.00,-807.24,-31.10,
PMI,"PICARD MEDICAL, INC.",,Etats-Unis,NYSE,USD,270.74,1.84,-184.74,179.72,128.72,-184.74,,0,2,0,2,,91.02,,0.00,1,2,0,2,,3789000.00,-546.60,12.50,5.95
AZTR,AZITRA INC.,,Etats-Unis,NYSE,USD,-230.65,0.11,,-123.75,166.15,-283.65,55.00,0,3,0,3,72.79,254.15,0.00,440.85,4,5,0,3,,3801230.00,,,1.32
PHGE,BIOMX INC.,,Etats-Unis,NYSE,USD,-316.90,-1.10,,-221.37,93.42,,,,0,,0,,137.97,,0.00,0,6,,0,,-1302000.00,,,
KAPA,KAIROS PHARMA LTD.,,Etats-Unis,NYSE,USD,-97.99,0.00,,-7.55,180.94,,,,4,,4,,212.47,,140.91,0,6,,4,,6341000.00,,,1.03
NILE,"BITNILE HOLDINGS, INC. COMMON S",,Etats-Unis,NYSE,USD,17.84,-0.69,-6.01,30.27,12.51,-28.69,32.01,0,3,0,2,50.55,12.29,0.00,58.37,3,3,0,3,,-145622000.00,-45.75,40.59,
OPTT,OCEAN POWER TECHNOLOGIES INC.,,Etats-Unis,NYSE,USD,-250.03,1.00,-149.41,-143.47,92.35,-112.11,35.29,0,0,0,0,45.50,107.56,0.00,0.00,6,6,0,0,,12476000.00,-1308.94,-17.76,3.20
VGZ,VISTA GOLD CORP.,,Etats-Unis,NYSE,USD,-45.43,0.00,,-11.64,97.66,,,,1,,1,,42.43,,3914.72,0,6,,1,,15107000.00,,,1.08
SENS,"SENSEONICS HOLDINGS, INC.",,Etats-Unis,NYSE,USD,-310.68,0.68,-117.90,-497.15,278.41,-106.82,18.40,0,2,0,2,236.96,350.10,0.00,545.25,6,6,0,2,,61046000.00,-196.03,25.49,2.07
GROY,GOLD ROYALTY CORP,,Etats-Unis,NYSE,USD,-0.66,0.00,0.17,-2.12,2.55,-0.41,0.58,0,0,0,0,2.38,6.21,0.00,0.00,5,5,0,0,-8.18,699195000.00,-26.46,126.30,1.18
MTNB,MATINAS BIOPHARMA HOLDINGS INC.,,Etats-Unis,NYSE,USD,-166.59,0.28,,-143.14,53.33,-110.98,,0,0,0,0,31.59,89.80,0.00,0.00,4,6,0,0,,4830000.00,,,1.49
BRBS,BLUE RIDGE BANKSHARES INC.,,Etats-Unis,NYSE,USD,3.29,0.53,,-8.84,13.78,,,,2,,1,,17.79,,187.44,0,6,,2,,323691000.00,11.68,-13.16,7.52
UAVS,"AGEAGLE AERIAL SYSTEMS, INC.",,Etats-Unis,NYSE,USD,-35.20,0.06,-48.91,-111.09,107.32,-38.97,14.05,0,0,0,0,99.28,76.53,0.00,0.00,5,5,0,0,,35736706.00,-41.21,-4.34,1.18
GLDG,GOLDMINING INC.,,Etats-Unis,NYSE,USD,-8.89,0.00,,-17.92,7.82,,,,1,,1,,8.12,,127.41,0,6,,1,,229599000.00,,,1.04
LODE,COMSTOCK INC.,,Etats-Unis,NYSE,USD,-50.59,0.28,-25.70,-37.44,47.88,-25.75,4.55,0,2,0,1,7.35,21.52,0.00,264.65,6,6,0,2,,110900990.00,-2778.16,10.42,1.53
VENU,VENU HOLDING CORP.,,Etats-Unis,NYSE,USD,-30.81,0.54,-21.82,-29.20,5.95,-26.75,5.39,0,0,0,0,6.27,6.03,0.00,0.00,4,4,0,0,,198851351.00,-283.74,19.19,1.86
NEWP,NEW PACIFIC METALS CORP.,,Etats-Unis,NYSE,USD,-2.85,0.00,,-3.47,1.13,,,,0,,0,,1.09,,0.00,0,6,,0,,159376234.00,,,1.01
MTA,METALLA ROYALTY & STREAMING LTD.,,Etats-Unis,NYSE,USD,-1.68,0.05,-0.02,-2.33,0.74,-1.09,0.99,0,0,0,0,4.35,6.13,0.00,0.00,6,6,0,0,,251753000.00,-36.13,59.84,1.08
XTNT,XTANT MEDICAL HOLDINGS INC.,,Etats-Unis,NYSE,USD,10.59,0.56,7.30,-7.58,24.07,-6.65,12.15,0,0,0,0,3.99,15.69,0.00,2364.94,6,6,0,1,1.60,50953000.00,3.71,21.11,1.85
GPUS,"HYPERSCALE DATA, INC.",,Etats-Unis,NYSE,USD,-102.46,0.85,-25.21,-162.91,53.70,-27.05,1.86,0,0,0,0,8.49,89.76,0.00,0.00,6,6,0,0,,125857000.00,-64.19,-19.21,2.49
CTM,CASTELLUM INC.,,Etats-Unis,NYSE,USD,-8.58,0.03,-12.28,-61.88,54.13,-25.32,11.82,0,0,0,0,6.42,19.48,0.00,0.00,6,6,0,0,,35752797.00,-4.54,8.10,1.17
DDC,DDC ENTERPRISE LTD.,,Etats-Unis,NYSE,USD,-106.65,1.12,-29.62,-101.21,121.28,-55.63,36.41,0,3,0,2,55.66,151.35,0.00,540.15,6,6,0,3,,551603959.00,-123.34,15.48,2.53
UUUU,ENERGY FUELS INC.,,Etats-Unis,NYSE,USD,-14.18,0.99,-13.75,2.44,25.66,-13.58,3.39,0,1,0,1,2.17,6.56,0.00,3568.75,6,6,0,1,,682570000.00,-130.63,31.84,2.07
HYLN,HYLIION HOLDINGS CORP.,,Etats-Unis,NYSE,USD,-26.21,0.02,-46.81,-26.32,7.48,-47.07,8.94,0,1,0,1,6.89,8.54,0.00,166.86,5,6,0,1,,192009000.00,-1645.70,127.40,1.06
REI,RING ENERGY INC.,,Etats-Unis,NYSE,USD,-4.10,0.51,4.25,6.20,9.46,7.50,3.07,2,2,0,1,5.49,52.61,77.35,114.22,6,6,3,2,5.67,836275746.00,-11.31,-7.76,1.69
SBEV,SPLASH BEVERAGE GROUP INC.,,Etats-Unis,NYSE,USD,148.72,-0.44,,-261.82,752.41,-171.53,,0,3,0,3,55.38,729.57,0.00,104.02,4,6,0,3,,-15300828.00,-34537.04,-93.77,
BMNR,"BITMINE IMMERSION TECHNOLOGIES, INC.",,Etats-Unis,NYSE,USD,8.02,0.00,-7.91,-30.57,36.15,-21.37,12.20,0,0,0,0,12.42,34.66,0.00,0.00,4,4,0,0,,8692797000.00,5719.06,207.34,1.01
EONR,EON RESOURCES INC.,,Etats-Unis,NYSE,USD,-31.14,1.56,-3.04,10.22,47.37,12.10,21.41,1,1,1,1,15.14,31.04,111.16,150.31,2,3,1,1,,27719471.00,-44.80,,3.71
CHOW,CHOWCHOW CLOUD INTERNATIONAL HOLDINGS LIMITED,,Etats-Unis,NYSE,USD,-57.52,0.07,-50.16,116.32,160.08,191.18,252.96,3,3,3,3,138.94,120.28,111.04,122.32,4,4,3,3,,67943250.00,-9.37,33.30,1.43
EQX,EQUINOX GOLD CORP.,,Etats-Unis,NYSE,USD,4.82,0.28,3.68,5.88,5.29,2.42,1.68,0,1,0,1,2.52,4.57,98.01,115.63,6,6,0,2,2.45,5795307000.00,12.19,29.23,1.82
PLAG,PLANET GREEN HOLDINGS CORP.,,Etats-Unis,NYSE,USD,-566.49,-2.65,-157.27,-297.26,380.74,-87.22,99.07,0,0,0,0,99.53,363.19,0.00,0.00,5,5,0,0,,-2170043.00,-887.18,-54.82,
NG,NOVAGOLD RESOURCES INC.,,Etats-Unis,NYSE,USD,-162.68,1.02,,-143.48,298.34,,,,1,,1,,215.68,,199.20,0,6,,1,,163794000.00,,,2.05
DC,DAKOTA GOLD CORP,,Etats-Unis,NYSE,USD,-28.86,0.00,,-32.34,3.07,,,,1,,1,,3.95,,140.55,0,6,,1,,112520539.00,,,1.03
OBE,OBSIDIAN ENERGY LTD.,,Etats-Unis,NYSE,USD,2.52,0.14,2.24,-1.36,10.54,-0.66,7.97,2,2,2,2,41.64,140.94,127.06,117.44,6,6,2,2,3.78,1391600000.00,5.73,-9.59,1.33
TII,TITAN MINING CORPORATION,,Etats-Unis,NYSE,USD,-2.24,6.97,16.61,107.89,155.75,16.84,0.32,2,1,0,1,0.23,110.13,2.64,101.03,2,2,2,1,1.06,3784000.00,-0.10,15.45,19.81
DNN,DENISON MINES CORP.,,Etats-Unis,NYSE,USD,-46.59,0.80,-15.17,-14.98,31.68,-12.50,2.75,0,1,0,0,4.43,27.11,0.00,377.82,6,6,0,1,,368370000.00,-4418.22,62.83,3.00
PLX,PROTALIX BIOTHERAPEUTICS INC.,,Etats-Unis,NYSE,USD,-14.44,0.17,-18.54,21.90,45.19,8.29,27.64,1,4,1,4,52.84,45.38,1015.31,108.07,6,6,1,4,,48230000.00,-12.52,-10.26,1.71
NFGC,NEW FOUND GOLD CORP.,,Etats-Unis,NYSE,USD,-19.59,0.00,-18.93,-67.65,44.44,-18.93,,0,0,0,0,,29.26,,0.00,1,6,0,0,,419097255.00,-819.23,,1.28
SRXH,SRX HEALTH SOLUTIONS INC.,,Etats-Unis,NYSE,USD,164.52,10.99,-231.10,121.32,61.10,-231.10,,0,2,0,2,,43.21,,0.00,1,2,0,2,,407000.00,-688.80,,20.64
KNRX,KNOREX LTD. COMMON STOCK,,Etats-Unis,NYSE,USD,213.11,-1.11,-997.81,228.74,45.65,-866.45,256.20,0,5,0,5,16.71,95.01,0.00,23.93,4,5,0,5,,-6482927.00,-191.19,-16.81,
UMAC,UNUSUAL MACHINES INC.,,Etats-Unis,NYSE,USD,-20.23,0.02,-39.68,-172.53,196.27,-62.02,31.59,0,0,0,0,44.68,260.07,0.00,0.00,3,5,0,0,,174939669.00,-171.38,,1.04
PLG,PLATINUM GROUP METALS LTD.,,Etats-Unis,NYSE,USD,-8.31,0.00,,-9.75,1.59,,,,1,,1,,92.64,,199.05,0,6,,1,,59451000.00,,,1.04
NBY,"NOVABAY PHARMACEUTICALS, INC.",,Etats-Unis,NYSE,USD,199.63,0.00,,-130.99,326.67,-112.20,62.89,0,1,0,1,63.11,207.96,0.00,0.00,5,6,0,1,,-631815000.00,,,
GORO,GOLD RESOURCE CORPORATION,,Etats-Unis,NYSE,USD,-1128.57,0.00,,-411.70,621.99,-11.13,3.99,1,0,0,0,10.98,647.26,203.79,14949.61,5,6,1,0,-188.08,-15165000.00,-297.55,-51.51,
MCRP,MICROPOLIS HOLDING CO.,,Etats-Unis,NYSE,USD,109.49,-0.25,,-13.46,383.92,-134.14,,0,2,0,2,26.10,320.35,0.00,62.75,2,4,0,2,,-30735513.00,-17143.88,,
BGI,BIRKS GROUP INC.,,Etats-Unis,NYSE,USD,17.24,-7.75,1.78,96.32,72.96,0.63,1.14,0,5,0,4,1.44,215.85,175.20,168.82,6,6,0,5,49.63,-21368000.00,-1.65,5.30,
AIM,AIM IMMUNOTECH INC.,,Etats-Unis,NYSE,USD,251.38,-0.50,-895.12,780.76,748.66,-1604.01,1002.53,0,2,0,2,708.90,529.38,0.00,80.81,2,2,0,2,,-9783000.00,-15861.36,-48.24,
THM,INTERNATIONAL TOWER HILL MINES LTD.,,Etats-Unis,NYSE,USD,-8.23,0.00,,-6.79,1.28,,,,0,,0,,1.83,,0.00,0,6,,0,,56397771.00,,,1.01
WRN,WESTERN COPPER AND GOLD CORPORATION,,Etats-Unis,NYSE,USD,-1.63,0.00,,-2.84,1.30,,,,0,,0,,0.97,,0.00,0,6,,0,,193218187.00,,,1.01
CEIN,CAMBER ENERGY INC,,Etats-Unis,NYSE,USD,13.12,-1.04,-31.05,95.12,316.19,-20.55,9.62,0,3,0,2,11.56,966.61,3144.12,536.63,6,6,0,3,,-43368722.00,-85.51,-55.92,
GAU,GALIANO GOLD INC.,,Etats-Unis,NYSE,USD,-13.12,0.17,48.55,1.54,13.67,35.49,18.46,2,3,2,2,13.05,31.89,0.00,243.99,2,6,2,3,-1.20,221658000.00,-6.88,,2.70
FSP,FRANKLIN STREET PROPERTIES CORP.,,Etats-Unis,NYSE,USD,-7.12,0.41,-0.80,-7.10,0.61,-0.53,0.37,0,0,0,0,0.57,3.96,160.15,164.44,6,6,0,1,,606977000.00,-41.96,-14.24,1.47
TRX,TRX GOLD CORP.,,Etats-Unis,NYSE,USD,9.36,0.04,14.51,9.15,3.52,14.09,1.36,3,1,0,0,8.82,30.21,17.30,56.05,4,6,3,1,-0.80,74288000.00,11.40,22.62,1.58
ATCH,ATLASCLEAR HOLDINGS INC.,,Etats-Unis,NYSE,USD,,0.01,-23.53,0.45,0.45,-13.62,14.01,0,1,0,1,9.91,0.63,0.00,99.88,2,3,0,1,,43105593.00,,9.26,1.29
VNRX,VOLITIONRX LIMITED,,Etats-Unis,NYSE,USD,76.19,-0.32,,278.48,283.63,-1475.71,,0,3,0,3,845.94,247.66,0.00,87.36,4,6,0,3,,-35592811.00,-1360.63,49.27,
FJET,"STARFIGHTERS SPACE, INC.",,Etats-Unis,NYSE,USD,-174.05,0.08,,-0.22,153.07,,,,2,,2,,233.04,,252.14,0,3,,2,,24900552.00,,,1.14
SLI,STANDARD LITHIUM LTD.,,Etats-Unis,NYSE,USD,-18.23,0.00,,2.62,41.78,,,,1,,1,,13.63,,135.94,0,6,,1,,353958000.00,,,1.09
OSTX,OS THERAPIES INC.,,Etats-Unis,NYSE,USD,507.38,0.00,,201.86,264.84,,,,5,,5,,20.62,,42.16,0,5,,5,,-6095631.00,,,
HSLV,HIGHLANDER SILVER CORP.,,Etats-Unis,NYSE,USD,-11.76,0.00,,-11.76,,,,,0,,0,,,,,0,1,,0,,79942130.00,,,1.04
PZG,PARAMOUNT GOLD NEVADA CORP.,,Etats-Unis,NYSE,USD,-25.24,0.35,,-19.86,5.39,,,,0,,0,,6.13,,0.00,0,6,,0,,33568123.00,,,1.56
UAMY,UNITED STATES ANTIMONY CORPORATION,,Etats-Unis,NYSE,USD,-5.12,0.00,-11.59,-11.21,9.47,-20.48,12.88,0,0,0,0,15.01,24.95,2875.59,1763.16,6,6,0,0,,140955189.00,-11.05,112.51,1.09
STXS,STEREOTAXIS INC.,,Etats-Unis,NYSE,USD,-143.55,0.29,-120.47,-121.56,38.65,-120.02,19.48,0,0,0,0,40.13,65.55,0.00,0.00,6,6,0,0,,18721000.00,-66.85,9.97,2.79
EPM,EVOLUTION PETROLEUM CORPORATION,,Etats-Unis,NYSE,USD,1.93,0.52,2.61,16.22,22.39,12.99,16.36,2,2,2,2,1.41,18.62,93.50,418.85,6,6,2,2,7.25,71813000.00,1.72,-18.27,2.23
LGPS,LOGPROSTYLE INC.,,Etats-Unis,NYSE,USD,19.66,5.05,5.35,23.41,4.61,4.64,0.97,0,4,0,3,0.75,4.60,1.40,34.66,4,4,0,4,10.42,4215259000.00,3.42,25.44,6.40
LEU,CENTRUS ENERGY CORP.,,Etats-Unis,NYSE,USD,16.79,1.59,5.37,-103.82,261.47,15.12,13.55,4,2,4,1,23.08,215.93,91.75,77.79,6,6,4,2,-14.78,765100000.00,17.34,18.38,3.09
HCWC,HEALTHY CHOICE WELLNESS CORP.,,Etats-Unis,NYSE,USD,-81.28,2.47,-7.56,-81.06,1.69,-15.86,15.46,0,0,0,0,11.45,2.76,0.00,0.00,5,5,0,0,,7305036.00,-5.03,9.47,4.59
QNC,QUANTUM EMOTION CORP,,Etats-Unis,NYSE,USD,-48.41,0.00,-79.48,-135.15,122.68,-79.48,,0,0,0,0,,86.75,,0.00,1,2,0,0,,42238992.00,-94426.52,,1.02
SVM,SILVERCORP METALS INC.,,Etats-Unis,NYSE,USD,3.40,0.11,23.39,7.62,3.87,17.45,5.53,5,0,1,0,3.82,3.62,48.24,69.12,6,6,5,2,-3.19,1105669000.00,7.51,42.69,1.32
VINE,"AMAZE HOLDINGS, INC.",,Etats-Unis,NYSE,USD,-775.88,0.29,-208.18,-451.21,321.00,-203.11,7.17,0,2,0,2,10.14,413.93,0.00,667.41,3,6,0,2,,1478846.00,-842.29,-67.66,2.98
SYN,SYNTHETIC BIOLOGICS INC,,Etats-Unis,NYSE,USD,5.50,-0.01,,5.48,1.29,,,,0,,0,,1.17,,38.17,0,4,,0,,-271152000.00,,,
LCTX,LINEAGE CELL THERAPEUTICS INC.,,Etats-Unis,NYSE,USD,-105.30,0.06,-33.88,-54.70,43.90,-35.72,2.83,0,0,0,0,13.23,42.99,0.00,0.00,6,6,0,0,,43346000.00,-435.33,27.56,2.60
AEON,AEON BIOPHARMA INC.,,Etats-Unis,NYSE,USD,93.84,-0.65,,23.79,99.07,,,0,4,0,3,,47.89,,277.51,1,5,0,4,,-55027000.00,,,
MYO,MYOMO INC.,,Etats-Unis,NYSE,USD,-86.24,1.70,-67.93,-76.37,35.78,-90.55,58.59,0,0,0,0,24.12,9.77,0.00,0.00,6,6,0,0,,11403467.00,-38.05,45.85,3.39
BATL,BATTALION OIL CORPORATION,,Etats-Unis,NYSE,USD,6.33,1.10,-1.24,-4.64,12.28,1.34,2.53,2,1,2,1,8.86,142.49,102.75,171.60,6,6,2,1,,193449000.00,7.15,-13.27,2.38
URG,UR-ENERGY INC.,,Etats-Unis,NYSE,USD,-71.25,0.88,-51.22,-55.70,13.86,-53.26,12.42,0,0,0,0,21.47,15.94,0.00,0.00,6,6,0,0,,77452000.00,-275.29,24.05,3.52
SMJF,SMJ INTERNATIONAL HOLDINGS INC.,,Etats-Unis,NYSE,USD,-4.89,0.29,-4.80,-4.89,,-4.80,,0,0,0,0,,,,,1,1,0,0,,18913076.00,-5.31,,1.59
GTE,GRAN TIERRA ENERGY INC.,,Etats-Unis,NYSE,USD,-60.13,3.17,-0.72,-20.29,34.52,5.61,5.92,1,2,0,1,9.88,177.91,103.61,255.62,6,6,3,2,,228744000.00,-32.36,-3.21,6.93
TMQ,TRILOGY METALS INC.,,Etats-Unis,NYSE,USD,-32.88,0.00,,-16.60,14.26,,,,1,,1,,12.59,,137.36,0,6,,1,,124121000.00,,,1.27
USAS,AMERICAS GOLD AND SILVER CORPORATION,,Etats-Unis,NYSE,USD,-63.58,0.25,-11.78,-62.03,16.61,-12.85,1.92,0,0,0,0,10.25,36.87,0.00,0.00,6,6,0,0,,221617000.00,-74.15,14.75,1.86
TGB,TREKOR METALS LIMITED,,Etats-Unis,NYSE,USD,-5.25,0.96,4.96,4.41,14.38,5.07,2.42,1,1,0,1,2.46,2.96,80.82,167.38,6,6,1,2,3.41,778663000.00,-4.47,13.22,3.18
EXN,EXCELLON RESOURCES INC.,,Etats-Unis,NYSE,USD,510.63,-0.25,-16.57,109.44,347.81,-16.69,2.15,0,1,0,1,2.33,32.09,0.00,0.00,3,3,0,1,,-39055000.00,-152.21,19.75,
GNS,GENIUS GROUP LTD.,,Etats-Unis,NYSE,USD,-63.01,0.29,-19.58,-49.08,14.58,-25.33,5.03,0,0,0,0,2.67,263.77,0.00,0.00,6,6,0,0,,96617637.00,-661.21,-39.00,1.42
CATX,PERSPECTIVE THERAPEUTICS INC.,,Etats-Unis,NYSE,USD,-41.44,0.02,,-50.98,14.91,,,0,0,0,0,33.78,18.10,0.00,0.00,3,6,0,0,,207031000.00,,,1.29
UEC,URANIUM ENERGY CORP.,,Etats-Unis,NYSE,USD,-9.95,0.00,-7.09,-4.93,4.68,-4.06,4.67,0,0,0,0,0.43,9.96,641.22,552.27,4,6,0,0,,983900000.00,-131.15,-36.24,1.13
ASM,AVINO SILVER & GOLD MINES LTD.,,Etats-Unis,NYSE,USD,14.83,0.03,22.29,7.45,7.16,10.51,11.37,1,1,1,0,8.98,9.17,104.56,84.90,6,6,1,1,-5.50,234030000.00,28.89,44.96,1.19
ZONE,CLEANCORE SOLUTIONS INC.,,Etats-Unis,NYSE,USD,-419.79,3.69,-96.44,-123.47,256.62,-50.44,65.05,0,2,0,2,46.00,443.75,0.00,1752.07,2,3,0,2,,1465982.00,-325.27,11.33,5.78
IAUX,I-80 GOLD CORP.,,Etats-Unis,NYSE,USD,-57.85,0.50,-13.00,-35.57,20.62,-11.13,1.67,0,1,0,1,2.00,26.79,0.00,233.42,4,5,0,1,,346773000.00,-208.89,31.67,2.03
IMO,IMPERIAL OIL LIMITED,,Etats-Unis,NYSE,USD,16.55,0.19,10.16,18.76,2.80,12.17,2.56,2,4,1,2,9.53,15.29,57.18,50.23,6,6,4,5,0.73,22254000000.00,7.23,-3.26,1.90
IE,IVANHOE ELECTRIC INC.,,Etats-Unis,NYSE,USD,-35.52,0.08,-27.53,-50.97,20.84,-48.58,22.12,0,0,0,0,30.49,76.28,0.00,0.00,6,6,0,0,,423568000.00,-3854.72,-8.83,1.14
MAIA,MAIA BIOTECHNOLOGY INC.,,Etats-Unis,NYSE,USD,-745.24,0.00,,-772.13,346.23,,,,1,,1,,478.29,,362.68,0,6,,1,,2375863.00,,,4.08
BTG,B2GOLD CORP,,Etats-Unis,NYSE,USD,12.78,0.16,21.32,-1.36,15.57,14.42,6.06,3,3,2,1,3.13,17.81,53.69,171.39,6,6,5,3,0.15,3641516000.00,13.94,25.80,1.61
CTGO,CONTANGO ORE INC.,,Etats-Unis,NYSE,USD,-273.68,1.35,,321.32,1637.06,,,,2,,2,,463.89,,815.78,0,6,,2,,25098289.00,,,6.85
KULR,"KULR TECHNOLOGY GROUP, INC.",,Etats-Unis,NYSE,USD,-69.15,0.01,-50.55,-234.25,290.93,-163.82,177.76,0,0,0,0,159.86,280.79,0.00,0.00,6,6,0,0,,121612198.00,-382.80,28.26,1.06
WWR,WESTWATER RESOURCES INC.,,Etats-Unis,NYSE,USD,-17.37,0.03,,-10.70,6.07,,,,0,,0,,16.36,,0.00,0,6,,0,,181529000.00,,,1.07
TPET,TRIO PETROLEUM CORP,,Etats-Unis,NYSE,USD,-71.58,0.04,-40.61,-93.02,18.61,-47.27,9.42,0,0,0,0,6.66,6.05,0.00,0.00,2,4,0,0,,11303351.00,-1826.31,,1.17
FURY,FURY GOLD MINES LIMITED,,Etats-Unis,NYSE,USD,-7.21,0.00,,-33.06,43.12,,,,1,,0,,42.73,,685.44,0,6,,1,,101011000.00,,,1.07
SOAR,VOLATO GROUP INC.,,Etats-Unis,NYSE,USD,-56.90,-2.36,41.00,1305.02,3362.83,-51.60,99.51,1,1,1,1,84.06,958.00,0.00,101.11,5,5,1,1,-2.01,-1849000.00,6.58,3.50,
ISR,ISORAY INC,,Etats-Unis,NYSE,USD,7.67,-0.01,-16.92,5.15,2.19,-27.10,21.21,0,0,0,0,42.96,1.16,0.00,37.93,4,4,0,0,,-98455000.00,-67.36,5.60,
VTAK,"CATHETER PRECISION, INC.",,Etats-Unis,NYSE,USD,-192.25,0.58,-51.39,-252.26,188.54,-58.51,27.44,0,0,0,0,87.64,165.86,0.00,0.00,6,6,0,0,,6651000.00,-2160.56,36.12,2.38
TOVX,"THERIVA BIOLOGICS, INC.",,Etats-Unis,NYSE,USD,-137.82,0.17,,-88.02,49.45,,,,0,,0,,86.69,,0.00,0,6,,0,,15383000.00,,,2.49
ITRG,INTEGRA RESOURCES CORP.,,Etats-Unis,NYSE,USD,-1.42,0.12,20.71,-35.46,50.79,4.10,23.50,1,0,1,0,16.62,35.31,0.00,0.00,2,6,1,0,-0.65,185246000.00,-0.92,,1.68
NAK,NORTHERN DYNASTY MINERALS LTD.,,Etats-Unis,NYSE,USD,-181.62,0.18,,-105.88,107.11,,,,0,,0,,107.71,,0.00,0,5,,0,,17728000.00,,,6.82
VZLA,VIZSLA SILVER CORP.,,Etats-Unis,NYSE,USD,-9.21,0.55,,-6.30,3.57,,,,0,,0,,12.75,,0.00,0,6,,0,,431361000.00,,,1.70
IGC,IGC PHARMA INC.,,Etats-Unis,NYSE,USD,-104.33,0.04,-100.49,-93.53,30.31,-93.17,15.29,0,0,0,0,24.06,44.84,0.00,0.00,6,6,0,0,,6330000.00,-560.27,18.12,1.38
GCDT,GREEN CIRCLE DECARBONIZE TECHNOLOGY LIMITED,,Etats-Unis,NYSE,USD,-78.19,0.14,-26.95,2.56,70.76,-28.46,2.05,0,3,0,3,3.14,80.13,0.00,245.55,3,5,0,3,,54543914.00,-52.35,118.72,1.19
MSN,EMERSON RADIO CORP.,,Etats-Unis,NYSE,USD,-22.23,0.02,-41.46,-13.03,13.90,-36.63,6.94,0,0,0,0,13.70,6.74,0.00,851.01,6,6,0,0,,17194000.00,-68.15,-16.59,1.08
WLTH,WEALTHFRONT CORPORATION,,Etats-Unis,NYSE,USD,-13.35,0.02,-37.36,-96.96,120.40,50.02,75.79,2,0,2,0,126.86,192.40,138.16,0.00,3,3,2,0,,614689000.00,-11.53,29.78,2.30
CBOE,CBOE GLOBAL MARKETS INC.,,Etats-Unis,CBOE,USD,23.36,0.31,19.99,20.77,2.44,16.22,3.29,3,5,0,2,2.02,6.20,0.00,56.28,6,6,6,5,-0.44,5138300000.00,23.33,11.77,1.81
SONY,SONY GROUP CORP,,Etats-Unis,NYSE,USD,,,,,,,,,,,,,,,,,,,,,,,,
TM,TOYOTA MOTOR CORPORATION,,Etats-Unis,NYSE,USD,,,,,,,,,,,,,,,,,,,,,,,,
HMC,HONDA MOTOR CO LTD,,Etats-Unis,NYSE,USD,,,,,,,,,,,,,,,,,,,,,,,,
MUFG,"MITSUBISHI UFJ FINANCIAL GROUP, INC",,Etats-Unis,NYSE,USD,,,,,,,,,,,,,,,,,,,,,,,,
SMFG,SUMITOMO MITSUI FINANCIAL GROUP INC,,Etats-Unis,NYSE,USD,,,,,,,,,,,,,,,,,,,,,,,,
MFG,"MIZUHO FINANCIAL GROUP, INC. RECEIPTS",,Etats-Unis,NYSE,USD,,,,,,,,,,,,,,,,,,,,,,,,
NMR,"NOMURA HOLDINGS, INC",,Etats-Unis,NYSE,USD,,,,,,,,,,,,,,,,,,,,,,,,
TAK,TAKEDA PHARMACEUTICAL CO LTD,,Etats-Unis,NYSE,USD,,,,,,,,,,,,,,,,,,,,,,,,
IX,ORIX CORPORATION,,Etats-Unis,NYSE,USD,,,,,,,,,,,,,,,,,,,,,,,,
KB,KB FINANCIAL GROUP INC,,Etats-Unis,NYSE,USD,,,,,,,,,,,,,,,,,,,,,,,,
SHG,"SHINHAN FINANCIAL GROUP CO., LTD. RECEIPT",,Etats-Unis,NYSE,USD,,,,,,,,,,,,,,,,,,,,,,,,
WF,WOORI FINANCIAL GROUP INC,,Etats-Unis,NYSE,USD,,,,,,,,,,,,,,,,,,,,,,,,
PKX,POSCO HOLDINGS INC. RECEIPT,,Etats-Unis,NYSE,USD,,,,,,,,,,,,,,,,,,,,,,,,
SKM,"SK TELECOM CO., LTD",,Etats-Unis,NYSE,USD,,,,,,,,,,,,,,,,,,,,,,,,
KT,KT CORP,,Etats-Unis,NYSE,USD,,,,,,,,,,,,,,,,,,,,,,,,
HDB,HDFC BANK LTD,,Etats-Unis,NYSE,USD,,,,,,,,,,,,,,,,,,,,,,,,
IBN,ICICI BANK LTD,,Etats-Unis,NYSE,USD,,,,,,,,,,,,,,,,,,,,,,,,
INFY,INFOSYS LTD,,Etats-Unis,NYSE,USD,,,,,,,,,,,,,,,,,,,,,,,,
WIT,WIPRO LTD,,Etats-Unis,NYSE,USD,,,,,,,,,,,,,,,,,,,,,,,,
RDY,DR. REDDY'S LABORATORIES LTD,,Etats-Unis,NYSE,USD,,,,,,,,,,,,,,,,,,,,,,,,
MMYT,MAKEMYTRIP LIMITED,,Etats-Unis,NASDAQ,USD,,,,,,,,,,,,,,,,,,,,,,,,
BABA,ALIBABA GROUP HOLDING LTD,,Etats-Unis,NYSE,USD,,,,,,,,,,,,,,,,,,,,,,,,
JD,"JD.COM, INC",,Etats-Unis,NASDAQ,USD,,,,,,,,,,,,,,,,,,,,,,,,
PDD,PDD HOLDINGS INC. RECEIPT,,Etats-Unis,NASDAQ,USD,,,,,,,,,,,,,,,,,,,,,,,,
BIDU,BAIDU INC,,Etats-Unis,NASDAQ,USD,,,,,,,,,,,,,,,,,,,,,,,,
NTES,"NETEASE, INC",,Etats-Unis,NASDAQ,USD,,,,,,,,,,,,,,,,,,,,,,,,
TCOM,TRIP.COM GROUP LIMITED RECEIPT,,Etats-Unis,NASDAQ,USD,,,,,,,,,,,,,,,,,,,,,,,,
TME,TENCENT MUSIC ENTERTAINMENT GROUP,,Etats-Unis,NYSE,USD,,,,,,,,,,,,,,,,,,,,,,,,
LI,LI AUTO INC,,Etats-Unis,NASDAQ,USD,,,,,,,,,,,,,,,,,,,,,,,,
NIO,NIO INC,,Etats-Unis,NYSE,USD,,,,,,,,,,,,,,,,,,,,,,,,
XPEV,XPENG INC,,Etats-Unis,NYSE,USD,,,,,,,,,,,,,,,,,,,,,,,,
TSM,TAIWAN SEMICONDUCTOR MANUFACTURING COMPANY LTD,,Etats-Unis,NYSE,USD,,,,,,,,,,,,,,,,,,,,,,,,
UMC,UNITED MICROELECTRONICS CORP,,Etats-Unis,NYSE,USD,,,,,,,,,,,,,,,,,,,,,,,,
ASX,"ASE TECHNOLOGY HOLDING CO., LTD",,Etats-Unis,NYSE,USD,,,,,,,,,,,,,,,,,,,,,,,,
HIMX,HIMAX TECHNOLOGIES INC,,Etats-Unis,NASDAQ,USD,,,,,,,,,,,,,,,,,,,,,,,,
CHT,"CHUNGHWA TELECOM CO., LTD",,Etats-Unis,NYSE,USD,,,,,,,,,,,,,,,,,,,,,,,,
SE,SEA LIMITED,,Etats-Unis,NYSE,USD,,,,,,,,,,,,,,,,,,,,,,,,
