Ticker,Stock,Secteur,Pays,Bourse de valeurs,Devise de marché,Volume,Seuil,MIC,Symbole,Source,Raison
"7061","JAPAN HOSPICE HOLDINGS INC.","","Japon","JPX","JPY","30940","100000","XTKS","7061","REGION:ASIA","Volume 30940 < Seuil 100000 (1 cotations testées)"
"7067","BRANDING TECHNOLOGY INC.","","Japon","JPX","JPY","3900","100000","XTKS","7067","REGION:ASIA","Volume 3900 < Seuil 100000 (1 cotations testées)"
"8291","NISSAN TOKYO SALES HOLDINGS INC.","","Japon","JPX","JPY","19000","100000","XTKS","8291","REGION:ASIA","Volume 19000 < Seuil 100000 (1 cotations testées)"
"8566","RICOH LEASING CO., LTD.","","Japon","JPX","JPY","45010","100000","XTKS","8566","REGION:ASIA","Volume 45010 < Seuil 100000 (1 cotations testées)"
"6943","NKK SWITCHES CO., LTD.","","Japon","JPX","JPY","200","100000","XTKS","6943","REGION:ASIA","Volume 200 < Seuil 100000 (1 cotations testées)"
"153A","CAULIS INC.","","Japon","JPX","JPY","138","100000","XTKS","153A","REGION:ASIA","Volume 138 < Seuil 100000 (1 cotations testées)"
"7060","GEECHS INC.","","Japon","JPX","JPY","16220","100000","XTKS","7060","REGION:ASIA","Volume 16220 < Seuil 100000 (1 cotations testées)"
"6932","ENDO LIGHTING CORPORATION","","Japon","JPX","JPY","44980","100000","XTKS","6932","REGION:ASIA","Volume 44980 < Seuil 100000 (1 cotations testées)"
"1436","GREENENERGY & COMPANY INC.","","Japon","JPX","JPY","79810","100000","XTKS","1436","REGION:ASIA","Volume 79810 < Seuil 100000 (1 cotations testées)"
"156A","MATERIAL GROUP INC.","","Japon","JPX","JPY","47390","100000","XTKS","156A","REGION:ASIA","Volume 47390 < Seuil 100000 (1 cotations testées)"
"142A","JINJIB CO., LTD.","","Japon","JPX","JPY","4710","100000","XTKS","142A","REGION:ASIA","Volume 4710 < Seuil 100000 (1 cotations testées)"
"8230","HASEGAWA CO. LTD.","","Japon","JPX","JPY","10510","100000","XTKS","8230","REGION:ASIA","Volume 10510 < Seuil 100000 (1 cotations testées)"
"8601","DAIWA SECURITIES GROUP INC.","","Japon","JPX","JPY","14000","100000","XTKS","8601","REGION:ASIA","Volume 14000 < Seuil 100000 (1 cotations testées)"
"7062","FUREASU CO., LTD.","","Japon","JPX","JPY","1290","100000","XTKS","7062","REGION:ASIA","Volume 1290 < Seuil 100000 (1 cotations testées)"
"7066","PEERS CO., LTD.","","Japon","JPX","JPY","5630","100000","XTKS","7066","REGION:ASIA","Volume 5630 < Seuil 100000 (1 cotations testées)"
"1433","BESTERRA CO. LTD.","","Japon","JPX","JPY","0","100000","XTKS","1433","REGION:ASIA","Volume 0 < Seuil 100000 (1 cotations testées)"
"154A","GAIA INC.","","Japon","JPX","JPY","0","100000","XTKS","154A","REGION:ASIA","Volume 0 < Seuil 100000 (1 cotations testées)"
"7044","PIALA INC.","","Japon","JPX","JPY","9570","100000","XTKS","7044","REGION:ASIA","Volume 9570 < Seuil 100000 (1 cotations testées)"
"1449@S","FUJI JAPAN CO LTD","","Japon","JPX","JPY","330","100000","XTKS","1449@S","REGION:ASIA","Volume 330 < Seuil 100000 (1 cotations testées)"
"1430","FIRST CORP INC.","","Japon","JPX","JPY","25450","100000","XTKS","1430","REGION:ASIA","Volume 25450 < Seuil 100000 (1 cotations testées)"
"155A","INFORMATION STRATEGY & TECHNOLOGY INCORPORATION","","Japon","JPX","JPY","31690","100000","XTKS","155A","REGION:ASIA","Volume 31690 < Seuil 100000 (1 cotations testées)"
"7043","ALUE CO. LTD.","","Japon","JPX","JPY","4870","100000","XTKS","7043","REGION:ASIA","Volume 4870 < Seuil 100000 (1 cotations testées)"
"1434","JESCO HOLDINGS INC.","","Japon","JPX","JPY","76170","100000","XTKS","1434","REGION:ASIA","Volume 76170 < Seuil 100000 (1 cotations testées)"
"2168","PASONA GROUP INC.","","Japon","JPX","JPY","7300","100000","XTKS","2168","REGION:ASIA","Volume 7300 < Seuil 100000 (1 cotations testées)"
"7046","TDSE INC.","","Japon","JPX","JPY","1700","100000","XTKS","7046","REGION:ASIA","Volume 1700 < Seuil 100000 (1 cotations testées)"
"7047","PORT INC.","","Japon","JPX","JPY","83360","100000","XTKS","7047","REGION:ASIA","Volume 83360 < Seuil 100000 (1 cotations testées)"
"8613","MARUSAN SECURITIES CO., LTD.","","Japon","JPX","JPY","70000","100000","XTKS","8613","REGION:ASIA","Volume 70000 < Seuil 100000 (1 cotations testées)"
"6035","IR JAPAN HOLDINGS LTD.","","Japon","JPX","JPY","32750","100000","XTKS","6035","REGION:ASIA","Volume 32750 < Seuil 100000 (1 cotations testées)"
"2164","CHIIKISHINBUNSHA CO., LTD.","","Japon","JPX","JPY","31300","100000","XTKS","2164","REGION:ASIA","Volume 31300 < Seuil 100000 (1 cotations testées)"
"148A","HATCH WORK CO., LTD.","","Japon","JPX","JPY","1530","100000","XTKS","148A","REGION:ASIA","Volume 1530 < Seuil 100000 (1 cotations testées)"
"2156","SAYLOR ADVERTISING INC.","","Japon","JPX","JPY","3640","100000","XTKS","2156","REGION:ASIA","Volume 3640 < Seuil 100000 (1 cotations testées)"
"7050","FRONTIER INTERNATIONAL INC.","","Japon","JPX","JPY","4420","100000","XTKS","7050","REGION:ASIA","Volume 4420 < Seuil 100000 (1 cotations testées)"
"6942","SOPHIA HOLDINGS CO., LTD.","","Japon","JPX","JPY","2090","100000","XTKS","6942","REGION:ASIA","Volume 2090 < Seuil 100000 (1 cotations testées)"
"7065","UPR CORPORATION","","Japon","JPX","JPY","21640","100000","XTKS","7065","REGION:ASIA","Volume 21640 < Seuil 100000 (1 cotations testées)"
"147A","SORACOM INC.","","Japon","JPX","JPY","52730","100000","XTKS","147A","REGION:ASIA","Volume 52730 < Seuil 100000 (1 cotations testées)"
"7058","KYOEI SECURITY SERVICE CO., LTD.","","Japon","JPX","JPY","4060","100000","XTKS","7058","REGION:ASIA","Volume 4060 < Seuil 100000 (1 cotations testées)"
"8276","HEIWADO CO., LTD.","","Japon","JPX","JPY","94750","100000","XTKS","8276","REGION:ASIA","Volume 94750 < Seuil 100000 (1 cotations testées)"
"149A","THINCA CO. LTD.","","Japon","JPX","JPY","6450","100000","XTKS","149A","REGION:ASIA","Volume 6450 < Seuil 100000 (1 cotations testées)"
"7059","COPRO-HOLDINGS CO., LTD.","","Japon","JPX","JPY","84400","100000","XTKS","7059","REGION:ASIA","Volume 84400 < Seuil 100000 (1 cotations testées)"
"6037","RAKUMACHI INC.","","Japon","JPX","JPY","27840","100000","XTKS","6037","REGION:ASIA","Volume 27840 < Seuil 100000 (1 cotations testées)"
"352A","LIFE CREATE CO. LTD","","Japon","JPX","JPY","7290","100000","XTKS","352A","REGION:ASIA","Volume 7290 < Seuil 100000 (2 cotations testées)"
"8247","DAIWA CO., LTD.","","Japon","JPX","JPY","20330","100000","XTKS","8247","REGION:ASIA","Volume 20330 < Seuil 100000 (1 cotations testées)"
"8260","IZUTSUYA CO., LTD.","","Japon","JPX","JPY","8740","100000","XTKS","8260","REGION:ASIA","Volume 8740 < Seuil 100000 (1 cotations testées)"
"8244","KINTETSU DEPARTMENT STORE CO. LTD.","","Japon","JPX","JPY","42460","100000","XTKS","8244","REGION:ASIA","Volume 42460 < Seuil 100000 (1 cotations testées)"
"1491","CHUGAI MINING CO., LTD.","","Japon","JPX","JPY","31640","100000","XTKS","1491","REGION:ASIA","Volume 31640 < Seuil 100000 (1 cotations testées)"
"7057","NEW CONSTRUCTOR'S NETWORK CO., LTD.","","Japon","JPX","JPY","910","100000","XTKS","7057","REGION:ASIA","Volume 910 < Seuil 100000 (1 cotations testées)"
"8594@S","NAKAMICHI LEASING CO","","Japon","JPX","JPY","680","100000","XTKS","8594@S","REGION:ASIA","Volume 680 < Seuil 100000 (1 cotations testées)"
"2173","HAKUTEN CORPORATION","","Japon","JPX","JPY","9610","100000","XTKS","2173","REGION:ASIA","Volume 9610 < Seuil 100000 (1 cotations testées)"
"2153","EJ HOLDINGS INC.","","Japon","JPX","JPY","55800","100000","XTKS","2153","REGION:ASIA","Volume 55800 < Seuil 100000 (1 cotations testées)"
"8285","MITANI SANGYO CO., LTD.","","Japon","JPX","JPY","37000","100000","XTKS","8285","REGION:ASIA","Volume 37000 < Seuil 100000 (1 cotations testées)"
"145A","L IS B CORPORATION","","Japon","JPX","JPY","5290","100000","XTKS","145A","REGION:ASIA","Volume 5290 < Seuil 100000 (1 cotations testées)"
"2152","YOUJI CORP.","","Japon","JPX","JPY","2530","100000","XTKS","2152","REGION:ASIA","Volume 2530 < Seuil 100000 (1 cotations testées)"
"157A","GREEN MONSTER INC.","","Japon","JPX","JPY","84910","100000","XTKS","157A","REGION:ASIA","Volume 84910 < Seuil 100000 (1 cotations testées)"
"7064","HOWTELEVISION INC.","","Japon","JPX","JPY","1200","100000","XTKS","7064","REGION:ASIA","Volume 1200 < Seuil 100000 (1 cotations testées)"
"2163","ARTNER CO., LTD.","","Japon","JPX","JPY","0","100000","XTKS","2163","REGION:ASIA","Volume 0 < Seuil 100000 (1 cotations testées)"
"152A","OPTY CO. LTD.","","Japon","JPX","JPY","0","100000","XTKS","152A","REGION:ASIA","Volume 0 < Seuil 100000 (1 cotations testées)"
"1446","CANDEAL CO. LTD.","","Japon","JPX","JPY","51400","100000","XTKS","1446","REGION:ASIA","Volume 51400 < Seuil 100000 (1 cotations testées)"
"151A","DIVE INC.","","Japon","JPX","JPY","4550","100000","XTKS","151A","REGION:ASIA","Volume 4550 < Seuil 100000 (1 cotations testées)"
"1518","MITSUI MATSUSHIMA HOLDINGS CO., LTD.","","Japon","JPX","JPY","25150","100000","XTKS","1518","REGION:ASIA","Volume 25150 < Seuil 100000 (1 cotations testées)"
"8596","KYUSHU LEASING SERVICE CO., LTD.","","Japon","JPX","JPY","32830","100000","XTKS","8596","REGION:ASIA","Volume 32830 < Seuil 100000 (1 cotations testées)"
"2172@S","INSIGHT INC","","Japon","JPX","JPY","250","100000","XTKS","2172@S","REGION:ASIA","Volume 250 < Seuil 100000 (1 cotations testées)"
"7049","SHIKIGAKU CO., LTD.","","Japon","JPX","JPY","8960","100000","XTKS","7049","REGION:ASIA","Volume 8960 < Seuil 100000 (1 cotations testées)"
"146A","COLUMBIA WORKS INC.","","Japon","JPX","JPY","46170","100000","XTKS","146A","REGION:ASIA","Volume 46170 < Seuil 100000 (1 cotations testées)"
"1445","HIKARI HOLDINGS CO., LTD.","","Japon","JPX","JPY","70269","100000","XTKS","1445","REGION:ASIA","Volume 70269 < Seuil 100000 (1 cotations testées)"
"2162","NMS HOLDINGS CO. LTD.","","Japon","JPX","JPY","9160","100000","XTKS","2162","REGION:ASIA","Volume 9160 < Seuil 100000 (1 cotations testées)"
"8281","XEBIO HOLDINGS CO., LTD.","","Japon","JPX","JPY","24000","100000","XTKS","8281","REGION:ASIA","Volume 24000 < Seuil 100000 (1 cotations testées)"
"143A","ISHIN CO., LTD.","","Japon","JPX","JPY","1830","100000","XTKS","143A","REGION:ASIA","Volume 1830 < Seuil 100000 (1 cotations testées)"
"1965","TECHNO RYOWA LTD.","","Japon","JPX","JPY","69490","100000","XTKS","1965","REGION:ASIA","Volume 69490 < Seuil 100000 (1 cotations testées)"
"8301","BANK OF JAPAN","","Japon","JPX","JPY","80","100000","XTKS","8301","REGION:ASIA","Volume 80 < Seuil 100000 (1 cotations testées)"
"1879","SHINNIN CORPORATION","","Japon","JPX","JPY","64940","100000","XTKS","1879","REGION:ASIA","Volume 64940 < Seuil 100000 (1 cotations testées)"
"1861","KUMAGAI GUMI CO., LTD.","","Japon","JPX","JPY","24200","100000","XTKS","1861","REGION:ASIA","Volume 24200 < Seuil 100000 (1 cotations testées)"
"185A","RECYCLE TECH JAPAN CORP.","","Japon","JPX","JPY","0","100000","XTKS","185A","REGION:ASIA","Volume 0 < Seuil 100000 (1 cotations testées)"
"1853","MORI-GUMI CO., LTD.","","Japon","JPX","JPY","20250","100000","XTKS","1853","REGION:ASIA","Volume 20250 < Seuil 100000 (1 cotations testées)"
"6912","KIKUSUI HOLDINGS CORPORATION","","Japon","JPX","JPY","11680","100000","XTKS","6912","REGION:ASIA","Volume 11680 < Seuil 100000 (1 cotations testées)"
"8462","FUTURE VENTURE CAPITAL CO., LTD.","","Japon","JPX","JPY","34000","100000","XTKS","8462","REGION:ASIA","Volume 34000 < Seuil 100000 (1 cotations testées)"
"6964","SANKO CO., LTD.","","Japon","JPX","JPY","1610","100000","XTKS","6964","REGION:ASIA","Volume 1610 < Seuil 100000 (1 cotations testées)"
"1904","TAISEI ONCHO CO., LTD.","","Japon","JPX","JPY","8620","100000","XTKS","1904","REGION:ASIA","Volume 8620 < Seuil 100000 (1 cotations testées)"
"189A","D&M CO., LTD.","","Japon","JPX","JPY","150","100000","XTKS","189A","REGION:ASIA","Volume 150 < Seuil 100000 (1 cotations testées)"
"6018","HANSHIN DIESEL WORKS LTD.","","Japon","JPX","JPY","1750","100000","XTKS","6018","REGION:ASIA","Volume 1750 < Seuil 100000 (1 cotations testées)"
"6915","CHIYODA INTEGRE CO., LTD.","","Japon","JPX","JPY","6320","100000","XTKS","6915","REGION:ASIA","Volume 6320 < Seuil 100000 (1 cotations testées)"
"1897","KANESHITA CONSTRUCTION CO. LTD.","","Japon","JPX","JPY","14791","100000","XTKS","1897","REGION:ASIA","Volume 14791 < Seuil 100000 (1 cotations testées)"
"8518","JAPAN ASIA INVESTMENT CO., LTD.","","Japon","JPX","JPY","24150","100000","XTKS","8518","REGION:ASIA","Volume 24150 < Seuil 100000 (1 cotations testées)"
"6999","KOA CORPORATION","","Japon","JPX","JPY","0","100000","XTKS","6999","REGION:ASIA","Volume 0 < Seuil 100000 (1 cotations testées)"
"184A","MANABI-AID CO. LTD.","","Japon","JPX","JPY","21880","100000","XTKS","184A","REGION:ASIA","Volume 21880 < Seuil 100000 (1 cotations testées)"
"1847","ICHIKEN CO., LTD.","","Japon","JPX","JPY","18000","100000","XTKS","1847","REGION:ASIA","Volume 18000 < Seuil 100000 (1 cotations testées)"
"2053","CHUBU SHIRYO CO., LTD.","","Japon","JPX","JPY","54990","100000","XTKS","2053","REGION:ASIA","Volume 54990 < Seuil 100000 (1 cotations testées)"
"1820","NISHIMATSU CONSTRUCTION CO., LTD.","","Japon","JPX","JPY","1000","100000","XTKS","1820","REGION:ASIA","Volume 1000 < Seuil 100000 (1 cotations testées)"
"2055","NICHIWA SANGYO CO. LTD.","","Japon","JPX","JPY","6090","100000","XTKS","2055","REGION:ASIA","Volume 6090 < Seuil 100000 (1 cotations testées)"
"2058@F","HIGASHIMARU CO LTD","","Japon","JPX","JPY","1900","100000","XTKS","2058@F","REGION:ASIA","Volume 1900 < Seuil 100000 (1 cotations testées)"
"8418","YAMAGUCHI FINANCIAL GROUP INC.","","Japon","JPX","JPY","68200","100000","XTKS","8418","REGION:ASIA","Volume 68200 < Seuil 100000 (1 cotations testées)"
"1814","DAISUE CONSTRUCTION CO., LTD.","","Japon","JPX","JPY","77470","100000","XTKS","1814","REGION:ASIA","Volume 77470 < Seuil 100000 (1 cotations testées)"
"205A","LOGOS HOLDINGS INC.","","Japon","JPX","JPY","48990","100000","XTKS","205A","REGION:ASIA","Volume 48990 < Seuil 100000 (1 cotations testées)"
"2060","FEED ONE CO., LTD.","","Japon","JPX","JPY","61290","100000","XTKS","2060","REGION:ASIA","Volume 61290 < Seuil 100000 (1 cotations testées)"
"206A","PRISM BIOLAB CO., LTD.","","Japon","JPX","JPY","94240","100000","XTKS","206A","REGION:ASIA","Volume 94240 < Seuil 100000 (1 cotations testées)"
"204A","TAIYO PACKAGE CO., LTD.","","Japon","JPX","JPY","0","100000","XTKS","204A","REGION:ASIA","Volume 0 < Seuil 100000 (1 cotations testées)"
"1827","NAKANO CORPORATION","","Japon","JPX","JPY","5000","100000","XTKS","1827","REGION:ASIA","Volume 5000 < Seuil 100000 (1 cotations testées)"
"6960","FUKUDA DENSHI CO., LTD.","","Japon","JPX","JPY","44630","100000","XTKS","6960","REGION:ASIA","Volume 44630 < Seuil 100000 (1 cotations testées)"
"1844","OHMORI CO., LTD.","","Japon","JPX","JPY","65510","100000","XTKS","1844","REGION:ASIA","Volume 65510 < Seuil 100000 (1 cotations testées)"
"203A","SHUNBIN CO. LTD.","","Japon","JPX","JPY","0","100000","XTKS","203A","REGION:ASIA","Volume 0 < Seuil 100000 (1 cotations testées)"
"6022","AKASAKA DIESELS LTD.","","Japon","JPX","JPY","1530","100000","XTKS","6022","REGION:ASIA","Volume 1530 < Seuil 100000 (1 cotations testées)"
"8425","MIZUHO LEASING CO., LTD.","","Japon","JPX","JPY","1600","100000","XTKS","8425","REGION:ASIA","Volume 1600 < Seuil 100000 (1 cotations testées)"
"6027","BENGO4.COM INC.","","Japon","JPX","JPY","74270","100000","XTKS","6027","REGION:ASIA","Volume 74270 < Seuil 100000 (1 cotations testées)"
"6029","ARTRA GROUP CORP.","","Japon","JPX","JPY","31050","100000","XTKS","6029","REGION:ASIA","Volume 31050 < Seuil 100000 (1 cotations testées)"
"1840","TSUCHIYA HOLDINGS CO., LTD.","","Japon","JPX","JPY","8980","100000","XTKS","1840","REGION:ASIA","Volume 8980 < Seuil 100000 (1 cotations testées)"
"1835","TOTETSU KOGYO CO., LTD.","","Japon","JPX","JPY","73970","100000","XTKS","1835","REGION:ASIA","Volume 73970 < Seuil 100000 (1 cotations testées)"
"1832@S","HOKKAIDENKO CORPORATION","","Japon","JPX","JPY","10150","100000","XTKS","1832@S","REGION:ASIA","Volume 10150 < Seuil 100000 (1 cotations testées)"
"1828","TANABE ENGINEERING CORPORATION","","Japon","JPX","JPY","13090","100000","XTKS","1828","REGION:ASIA","Volume 13090 < Seuil 100000 (1 cotations testées)"
"2004","SHOWA SANGYO CO., LTD.","","Japon","JPX","JPY","60170","100000","XTKS","2004","REGION:ASIA","Volume 60170 < Seuil 100000 (1 cotations testées)"
"1992","KANDA TSUSHINKI CO., LTD.","","Japon","JPX","JPY","580","100000","XTKS","1992","REGION:ASIA","Volume 580 < Seuil 100000 (1 cotations testées)"
"6897","TWINBIRD CORPORATION","","Japon","JPX","JPY","33910","100000","XTKS","6897","REGION:ASIA","Volume 33910 < Seuil 100000 (1 cotations testées)"
"1994","TAKAHASHI CURTAIN WALL CORP","","Japon","JPX","JPY","14200","100000","XTKS","1994","REGION:ASIA","Volume 14200 < Seuil 100000 (1 cotations testées)"
"6898","TOMITA ELECTRIC CO., LTD.","","Japon","JPX","JPY","39200","100000","XTKS","6898","REGION:ASIA","Volume 39200 < Seuil 100000 (1 cotations testées)"
"1950","NIPPON DENSETSU KOGYO CO., LTD.","","Japon","JPX","JPY","23600","100000","XTKS","1950","REGION:ASIA","Volume 23600 < Seuil 100000 (1 cotations testées)"
"1948","KODENSHA CO., LTD.","","Japon","JPX","JPY","12880","100000","XTKS","1948","REGION:ASIA","Volume 12880 < Seuil 100000 (1 cotations testées)"
"6982","LEAD CO INC.","","Japon","JPX","JPY","760","100000","XTKS","6982","REGION:ASIA","Volume 760 < Seuil 100000 (1 cotations testées)"
"6899","ASTI CORP.","","Japon","JPX","JPY","0","100000","XTKS","6899","REGION:ASIA","Volume 0 < Seuil 100000 (1 cotations testées)"
"1964","CHUGAI RO CO., LTD.","","Japon","JPX","JPY","80230","100000","XTKS","1964","REGION:ASIA","Volume 80230 < Seuil 100000 (1 cotations testées)"
"1967","YAMATO CORPORATION","","Japon","JPX","JPY","47460","100000","XTKS","1967","REGION:ASIA","Volume 47460 < Seuil 100000 (1 cotations testées)"
"1968","TAIHEI DENGYO KAISHA LTD.","","Japon","JPX","JPY","40000","100000","XTKS","1968","REGION:ASIA","Volume 40000 < Seuil 100000 (1 cotations testées)"
"196A","MFS INC.","","Japon","JPX","JPY","27550","100000","XTKS","196A","REGION:ASIA","Volume 27550 < Seuil 100000 (1 cotations testées)"
"1961","SANKI ENGINEERING CO., LTD.","","Japon","JPX","JPY","0","100000","XTKS","1961","REGION:ASIA","Volume 0 < Seuil 100000 (1 cotations testées)"
"1975","ASAHI KOGYOSHA CO., LTD.","","Japon","JPX","JPY","48000","100000","XTKS","1975","REGION:ASIA","Volume 48000 < Seuil 100000 (1 cotations testées)"
"195A","RICECURRY INC.","","Japon","JPX","JPY","11340","100000","XTKS","195A","REGION:ASIA","Volume 11340 < Seuil 100000 (1 cotations testées)"
"6894","PULSTEC INDUSTRIAL CO., LTD.","","Japon","JPX","JPY","1040","100000","XTKS","6894","REGION:ASIA","Volume 1040 < Seuil 100000 (1 cotations testées)"
"6966","MITSUI HIGH-TEC INC.","","Japon","JPX","JPY","12000","100000","XTKS","6966","REGION:ASIA","Volume 12000 < Seuil 100000 (1 cotations testées)"
"191A","MIMOSA CO. LTD.","","Japon","JPX","JPY","0","100000","XTKS","191A","REGION:ASIA","Volume 0 < Seuil 100000 (1 cotations testées)"
"6904","HARADA INDUSTRY CO., LTD.","","Japon","JPX","JPY","3310","100000","XTKS","6904","REGION:ASIA","Volume 3310 < Seuil 100000 (1 cotations testées)"
"8511","JAPAN SECURITIES FINANCE CO., LTD.","","Japon","JPX","JPY","0","100000","XTKS","8511","REGION:ASIA","Volume 0 < Seuil 100000 (1 cotations testées)"
"1914","JAPAN FOUNDATION ENGINEERING CO., LTD.","","Japon","JPX","JPY","36790","100000","XTKS","1914","REGION:ASIA","Volume 36790 < Seuil 100000 (1 cotations testées)"
"6888","ACOMOS INC.","","Japon","JPX","JPY","15000","100000","XTKS","6888","REGION:ASIA","Volume 15000 < Seuil 100000 (1 cotations testées)"
"6907","GEOMATEC CO., LTD.","","Japon","JPX","JPY","24350","100000","XTKS","6907","REGION:ASIA","Volume 24350 < Seuil 100000 (1 cotations testées)"
"2003","NITTO FUJI FLOUR MILLING CO., LTD.","","Japon","JPX","JPY","59200","100000","XTKS","2003","REGION:ASIA","Volume 59200 < Seuil 100000 (1 cotations testées)"
"1909","NIPPON DRY-CHEMICAL CO., LTD.","","Japon","JPX","JPY","17850","100000","XTKS","1909","REGION:ASIA","Volume 17850 < Seuil 100000 (1 cotations testées)"
"6977","JAPAN RESISTOR MFG. CO., LTD.","","Japon","JPX","JPY","14770","100000","XTKS","6977","REGION:ASIA","Volume 14770 < Seuil 100000 (1 cotations testées)"
"192A","INTEGROUP INC.","","Japon","JPX","JPY","1760","100000","XTKS","192A","REGION:ASIA","Volume 1760 < Seuil 100000 (1 cotations testées)"
"1999@F","SAITA HOLDINGS","","Japon","JPX","JPY","400","100000","XTKS","1999@F","REGION:ASIA","Volume 400 < Seuil 100000 (1 cotations testées)"
"1925","DAIWA HOUSE INDUSTRY CO., LTD.","","Japon","JPX","JPY","15000","100000","XTKS","1925","REGION:ASIA","Volume 15000 < Seuil 100000 (1 cotations testées)"
"2148","ITMEDIA INC.","","Japon","JPX","JPY","41820","100000","XTKS","2148","REGION:ASIA","Volume 41820 < Seuil 100000 (1 cotations testées)"
"1807","WATANABE SATO CO., LTD.","","Japon","JPX","JPY","1550","100000","XTKS","1807","REGION:ASIA","Volume 1550 < Seuil 100000 (1 cotations testées)"
"6947","ZUKEN INC.","","Japon","JPX","JPY","39190","100000","XTKS","6947","REGION:ASIA","Volume 39190 < Seuil 100000 (1 cotations testées)"
"7030","SPRIX INC.","","Japon","JPX","JPY","12870","100000","XTKS","7030","REGION:ASIA","Volume 12870 < Seuil 100000 (1 cotations testées)"
"7031","INBOUND TECH INC.","","Japon","JPX","JPY","4730","100000","XTKS","7031","REGION:ASIA","Volume 4730 < Seuil 100000 (1 cotations testées)"
"6033","EXTREME CO. LTD.","","Japon","JPX","JPY","43000","100000","XTKS","6033","REGION:ASIA","Volume 43000 < Seuil 100000 (1 cotations testées)"
"8551","KITA-NIPPON BANK LTD.","","Japon","JPX","JPY","39490","100000","XTKS","8551","REGION:ASIA","Volume 39490 < Seuil 100000 (1 cotations testées)"
"168A","ITAMIARTS INC.","","Japon","JPX","JPY","2730","100000","XTKS","168A","REGION:ASIA","Volume 2730 < Seuil 100000 (1 cotations testées)"
"7033","MANAGEMENT SOLUTIONS CO., LTD.","","Japon","JPX","JPY","65050","100000","XTKS","7033","REGION:ASIA","Volume 65050 < Seuil 100000 (1 cotations testées)"
"7034","PRORED PARTNERS CO., LTD.","","Japon","JPX","JPY","79520","100000","XTKS","7034","REGION:ASIA","Volume 79520 < Seuil 100000 (1 cotations testées)"
"8554@F","MINAMI-NIPPON BANK","","Japon","JPX","JPY","8110","100000","XTKS","8554@F","REGION:ASIA","Volume 8110 < Seuil 100000 (1 cotations testées)"
"7035","AND FACTORY INC.","","Japon","JPX","JPY","15520","100000","XTKS","7035","REGION:ASIA","Volume 15520 < Seuil 100000 (1 cotations testées)"
"2130","MEMBERS CO. LTD.","","Japon","JPX","JPY","12200","100000","XTKS","2130","REGION:ASIA","Volume 12200 < Seuil 100000 (1 cotations testées)"
"8349","TOHOKU BANK LTD.","","Japon","JPX","JPY","0","100000","XTKS","8349","REGION:ASIA","Volume 0 < Seuil 100000 (1 cotations testées)"
"8362","FUKUI BANK LTD.","","Japon","JPX","JPY","0","100000","XTKS","8362","REGION:ASIA","Volume 0 < Seuil 100000 (1 cotations testées)"
"8360","YAMANASHI CHUO BANK LTD.","","Japon","JPX","JPY","24000","100000","XTKS","8360","REGION:ASIA","Volume 24000 < Seuil 100000 (1 cotations testées)"
"7018","NAIKAI ZOSEN CORPORATION","","Japon","JPX","JPY","26020","100000","XTKS","7018","REGION:ASIA","Volume 26020 < Seuil 100000 (1 cotations testées)"
"171A","ZEROJAPAN CO., LTD.","","Japon","JPX","JPY","0","100000","XTKS","171A","REGION:ASIA","Volume 0 < Seuil 100000 (1 cotations testées)"
"1719","HAZAMA ANDO CORPORATION","","Japon","JPX","JPY","4000","100000","XTKS","1719","REGION:ASIA","Volume 4000 < Seuil 100000 (1 cotations testées)"
"1711","SDS HOLDINGS CO., LTD.","","Japon","JPX","JPY","11000","100000","XTKS","1711","REGION:ASIA","Volume 11000 < Seuil 100000 (1 cotations testées)"
"7021","NITCHITSU CO., LTD.","","Japon","JPX","JPY","1700","100000","XTKS","7021","REGION:ASIA","Volume 1700 < Seuil 100000 (1 cotations testées)"
"8364","THE SHIMIZU BANK, LTD.","","Japon","JPX","JPY","35140","100000","XTKS","8364","REGION:ASIA","Volume 35140 < Seuil 100000 (1 cotations testées)"
"160A","AS PARTNERS CO., LTD.","","Japon","JPX","JPY","9730","100000","XTKS","160A","REGION:ASIA","Volume 9730 < Seuil 100000 (1 cotations testées)"
"7039","BRIDGE INTERNATIONAL CORP.","","Japon","JPX","JPY","6950","100000","XTKS","7039","REGION:ASIA","Volume 6950 < Seuil 100000 (1 cotations testées)"
"7040","SUN LIFE HOLDING CO. LTD.","","Japon","JPX","JPY","1600","100000","XTKS","7040","REGION:ASIA","Volume 1600 < Seuil 100000 (1 cotations testées)"
"7041","CRG HOLDINGS CO., LTD.","","Japon","JPX","JPY","9880","100000","XTKS","7041","REGION:ASIA","Volume 9880 < Seuil 100000 (1 cotations testées)"
"6928","ENOMOTO CO., LTD.","","Japon","JPX","JPY","71600","100000","XTKS","6928","REGION:ASIA","Volume 71600 < Seuil 100000 (1 cotations testées)"
"8308","RESONA HOLDINGS INC.","","Japon","JPX","JPY","6000","100000","XTKS","8308","REGION:ASIA","Volume 6000 < Seuil 100000 (1 cotations testées)"
"6034","MRT INC.","","Japon","JPX","JPY","2930","100000","XTKS","6034","REGION:ASIA","Volume 2930 < Seuil 100000 (1 cotations testées)"
"158A","EXSELI CO., LTD.","","Japon","JPX","JPY","0","100000","XTKS","158A","REGION:ASIA","Volume 0 < Seuil 100000 (1 cotations testées)"
"7042","ACCESS GROUP HOLDINGS CO., LTD.","","Japon","JPX","JPY","1840","100000","XTKS","7042","REGION:ASIA","Volume 1840 < Seuil 100000 (1 cotations testées)"
"6927","HELIOS TECHNO HOLDING CO., LTD.","","Japon","JPX","JPY","64570","100000","XTKS","6927","REGION:ASIA","Volume 64570 < Seuil 100000 (1 cotations testées)"
"8559@F","HOWA BANK","","Japon","JPX","JPY","9660","100000","XTKS","8559@F","REGION:ASIA","Volume 9660 < Seuil 100000 (1 cotations testées)"
"7038","FRONTIER MANAGEMENT INC.","","Japon","JPX","JPY","16690","100000","XTKS","7038","REGION:ASIA","Volume 16690 < Seuil 100000 (1 cotations testées)"
"8331","CHIBA BANK LTD.","","Japon","JPX","JPY","11000","100000","XTKS","8331","REGION:ASIA","Volume 11000 < Seuil 100000 (1 cotations testées)"
"1662","JAPAN PETROLEUM EXPLORATION CO., LTD.","","Japon","JPX","JPY","74900","100000","XTKS","1662","REGION:ASIA","Volume 74900 < Seuil 100000 (1 cotations testées)"
"8341","77 BANK LTD.","","Japon","JPX","JPY","18000","100000","XTKS","8341","REGION:ASIA","Volume 18000 < Seuil 100000 (1 cotations testées)"
"8560@F","MIYAZAKI TAIYO BANK","","Japon","JPX","JPY","1710","100000","XTKS","8560@F","REGION:ASIA","Volume 1710 < Seuil 100000 (1 cotations testées)"
"8563","DAITO BANK LTD.","","Japon","JPX","JPY","45570","100000","XTKS","8563","REGION:ASIA","Volume 45570 < Seuil 100000 (1 cotations testées)"
"2137@S","HIKARI HEIGHTS-VARUS CO.LTD.","","Japon","JPX","JPY","1370","100000","XTKS","2137@S","REGION:ASIA","Volume 1370 < Seuil 100000 (1 cotations testées)"
"7036","EMNET JAPAN CO., LTD.","","Japon","JPX","JPY","2760","100000","XTKS","7036","REGION:ASIA","Volume 2760 < Seuil 100000 (1 cotations testées)"
"161A","MITSUBA CO. LTD.","","Japon","JPX","JPY","0","100000","XTKS","161A","REGION:ASIA","Volume 0 < Seuil 100000 (1 cotations testées)"
"7037","TENO. HOLDINGS CO., LTD.","","Japon","JPX","JPY","3100","100000","XTKS","7037","REGION:ASIA","Volume 3100 < Seuil 100000 (1 cotations testées)"
"8397","THE BANK OF OKINAWA, LTD.","","Japon","JPX","JPY","75150","100000","XTKS","8397","REGION:ASIA","Volume 75150 < Seuil 100000 (1 cotations testées)"
"177A","KOHJIN BIO CO., LTD.","","Japon","JPX","JPY","1980","100000","XTKS","177A","REGION:ASIA","Volume 1980 < Seuil 100000 (1 cotations testées)"
"4748","KOZO KEIKAKU ENGINEERING INC.","","Japon","JPX","JPY","4560","100000","XTKS","4748","REGION:ASIA","Volume 4560 < Seuil 100000 (2 cotations testées)"
"6926","OKAYA ELECTRIC INDUSTRIES CO., LTD.","","Japon","JPX","JPY","11450","100000","XTKS","6926","REGION:ASIA","Volume 11450 < Seuil 100000 (1 cotations testées)"
"209A","ONODANI MACHINE CO. LTD.","","Japon","JPX","JPY","0","100000","XTKS","209A","REGION:ASIA","Volume 0 < Seuil 100000 (1 cotations testées)"
"207A","RISING CORP INC.","","Japon","JPX","JPY","0","100000","XTKS","207A","REGION:ASIA","Volume 0 < Seuil 100000 (1 cotations testées)"
"8411","MIZUHO FINANCIAL GROUP, INC.","","Japon","JPX","JPY","94000","100000","XTKS","8411","REGION:ASIA","Volume 94000 < Seuil 100000 (1 cotations testées)"
"1802","OBAYASHI CORPORATION","","Japon","JPX","JPY","0","100000","XTKS","1802","REGION:ASIA","Volume 0 < Seuil 100000 (1 cotations testées)"
"8398@F","CHIKUHO BANK","","Japon","JPX","JPY","2150","100000","XTKS","8398@F","REGION:ASIA","Volume 2150 < Seuil 100000 (1 cotations testées)"
"1771@F","NIPPON KANRYU INDUSTRY CO","","Japon","JPX","JPY","1600","100000","XTKS","1771@F","REGION:ASIA","Volume 1600 < Seuil 100000 (1 cotations testées)"
"1770","FUJITA ENGINEERING CO., LTD.","","Japon","JPX","JPY","3840","100000","XTKS","1770","REGION:ASIA","Volume 3840 < Seuil 100000 (1 cotations testées)"
"1736","OTEC CORP","","Japon","JPX","JPY","8920","100000","XTKS","1736","REGION:ASIA","Volume 8920 < Seuil 100000 (1 cotations testées)"
"172A","NEO HOME CO., LTD.","","Japon","JPX","JPY","0","100000","XTKS","172A","REGION:ASIA","Volume 0 < Seuil 100000 (1 cotations testées)"
"8383","TOTTORI BANK LTD.","","Japon","JPX","JPY","39940","100000","XTKS","8383","REGION:ASIA","Volume 39940 < Seuil 100000 (1 cotations testées)"
"2122","INTERSPACE CO., LTD.","","Japon","JPX","JPY","23800","100000","XTKS","2122","REGION:ASIA","Volume 23800 < Seuil 100000 (1 cotations testées)"
"1724","SYNCLAYER INC.","","Japon","JPX","JPY","2630","100000","XTKS","1724","REGION:ASIA","Volume 2630 < Seuil 100000 (1 cotations testées)"
"8370","KIYO BANK LTD.","","Japon","JPX","JPY","42600","100000","XTKS","8370","REGION:ASIA","Volume 42600 < Seuil 100000 (1 cotations testées)"
"8368","HYAKUGO BANK, LTD.","","Japon","JPX","JPY","11000","100000","XTKS","8368","REGION:ASIA","Volume 11000 < Seuil 100000 (1 cotations testées)"
"1721","COMSYS HOLDINGS CORPORATION","","Japon","JPX","JPY","0","100000","XTKS","1721","REGION:ASIA","Volume 0 < Seuil 100000 (1 cotations testées)"
"8367","THE NANTO BANK, LTD.","","Japon","JPX","JPY","4000","100000","XTKS","8367","REGION:ASIA","Volume 4000 < Seuil 100000 (1 cotations testées)"
"2120","LIFULL CO., LTD.","","Japon","JPX","JPY","5910","100000","XTKS","2120","REGION:ASIA","Volume 5910 < Seuil 100000 (1 cotations testées)"
"2108","NIPPON BEET SUGAR MANUFACTURING CO., LTD.","","Japon","JPX","JPY","82000","100000","XTKS","2108","REGION:ASIA","Volume 82000 < Seuil 100000 (1 cotations testées)"
"173A","HAMMOCK INC.","","Japon","JPX","JPY","5200","100000","XTKS","173A","REGION:ASIA","Volume 5200 < Seuil 100000 (1 cotations testées)"
"8542","TOMATO BANK LTD","","Japon","JPX","JPY","35950","100000","XTKS","8542","REGION:ASIA","Volume 35950 < Seuil 100000 (1 cotations testées)"
"1768","SONEC CORPORATION","","Japon","JPX","JPY","6120","100000","XTKS","1768","REGION:ASIA","Volume 6120 < Seuil 100000 (1 cotations testées)"
"2109","MITSUI DM SUGAR HOLDINGS CO., LTD.","","Japon","JPX","JPY","43100","100000","XTKS","2109","REGION:ASIA","Volume 43100 < Seuil 100000 (1 cotations testées)"
"8392","OITA BANK LTD.","","Japon","JPX","JPY","57000","100000","XTKS","8392","REGION:ASIA","Volume 57000 < Seuil 100000 (1 cotations testées)"
"2114","FUJI NIHON CORPORATION","","Japon","JPX","JPY","9980","100000","XTKS","2114","REGION:ASIA","Volume 9980 < Seuil 100000 (1 cotations testées)"
"1764","KUDO CORP","","Japon","JPX","JPY","1120","100000","XTKS","1764","REGION:ASIA","Volume 1120 < Seuil 100000 (1 cotations testées)"
"2117","WELLNEO SUGAR CO. LTD.","","Japon","JPX","JPY","25420","100000","XTKS","2117","REGION:ASIA","Volume 25420 < Seuil 100000 (1 cotations testées)"
"175A","WILL SMART CO., LTD.","","Japon","JPX","JPY","51500","100000","XTKS","175A","REGION:ASIA","Volume 51500 < Seuil 100000 (1 cotations testées)"
"1758","TAIYO KISOKOGYO CO., LTD.","","Japon","JPX","JPY","40600","100000","XTKS","1758","REGION:ASIA","Volume 40600 < Seuil 100000 (1 cotations testées)"
"211A","CADOS CORP.","","Japon","JPX","JPY","11500","100000","XTKS","211A","REGION:ASIA","Volume 11500 < Seuil 100000 (1 cotations testées)"
"194A","WOLVES HAND CO. LTD.","","Japon","JPX","JPY","28640","100000","XTKS","194A","REGION:ASIA","Volume 28640 < Seuil 100000 (1 cotations testées)"
"1420","SANYO HOMES CORPORATION","","Japon","JPX","JPY","18480","100000","XTKS","1420","REGION:ASIA","Volume 18480 < Seuil 100000 (1 cotations testées)"
"7678","ASAKUMA CO., LTD.","","Japon","JPX","JPY","26700","100000","XTKS","7678","REGION:ASIA","Volume 26700 < Seuil 100000 (1 cotations testées)"
"7677","YASHIMA & CO., LTD.","","Japon","JPX","JPY","130","100000","XTKS","7677","REGION:ASIA","Volume 130 < Seuil 100000 (1 cotations testées)"
"7674","NATTY SWANKY HOLDINGS CO. LTD.","","Japon","JPX","JPY","6000","100000","XTKS","7674","REGION:ASIA","Volume 6000 < Seuil 100000 (1 cotations testées)"
"6699","DIAMOND ELECTRIC HOLDINGS CO., LTD.","","Japon","JPX","JPY","67140","100000","XTKS","6699","REGION:ASIA","Volume 67140 < Seuil 100000 (1 cotations testées)"
"7110","KURASHICOM INC.","","Japon","JPX","JPY","8800","100000","XTKS","7110","REGION:ASIA","Volume 8800 < Seuil 100000 (1 cotations testées)"
"7673","DAIKO TSUSAN CO., LTD.","","Japon","JPX","JPY","1480","100000","XTKS","7673","REGION:ASIA","Volume 1480 < Seuil 100000 (1 cotations testées)"
"7670","O-WELL CORPORATION","","Japon","JPX","JPY","9370","100000","XTKS","7670","REGION:ASIA","Volume 9370 < Seuil 100000 (1 cotations testées)"
"6706","DKK CO., LTD.","","Japon","JPX","JPY","35760","100000","XTKS","6706","REGION:ASIA","Volume 35760 < Seuil 100000 (1 cotations testées)"
"7679","YAKUODO HOLDINGS CO., LTD.","","Japon","JPX","JPY","37840","100000","XTKS","7679","REGION:ASIA","Volume 37840 < Seuil 100000 (1 cotations testées)"
"7646","PLANT CO. LTD.","","Japon","JPX","JPY","3430","100000","XTKS","7646","REGION:ASIA","Volume 3430 < Seuil 100000 (1 cotations testées)"
"7638","NEW ART HOLDINGS CO. LTD.","","Japon","JPX","JPY","15290","100000","XTKS","7638","REGION:ASIA","Volume 15290 < Seuil 100000 (1 cotations testées)"
"7637","HAKUDO CO., LTD.","","Japon","JPX","JPY","29100","100000","XTKS","7637","REGION:ASIA","Volume 29100 < Seuil 100000 (1 cotations testées)"
"6718","AIPHONE CO., LTD.","","Japon","JPX","JPY","22320","100000","XTKS","6718","REGION:ASIA","Volume 22320 < Seuil 100000 (1 cotations testées)"
"7636","HANDSMAN CO., LTD.","","Japon","JPX","JPY","13010","100000","XTKS","7636","REGION:ASIA","Volume 13010 < Seuil 100000 (1 cotations testées)"
"7634","HOSHI IRYO-SANKI CO., LTD.","","Japon","JPX","JPY","690","100000","XTKS","7634","REGION:ASIA","Volume 690 < Seuil 100000 (1 cotations testées)"
"7112","CUBE CO. LTD.","","Japon","JPX","JPY","2420","100000","XTKS","7112","REGION:ASIA","Volume 2420 < Seuil 100000 (1 cotations testées)"
"7628","OHASHI TECHNICA INC.","","Japon","JPX","JPY","18430","100000","XTKS","7628","REGION:ASIA","Volume 18430 < Seuil 100000 (1 cotations testées)"
"7625","GLOBAL-DINING INC.","","Japon","JPX","JPY","3960","100000","XTKS","7625","REGION:ASIA","Volume 3960 < Seuil 100000 (1 cotations testées)"
"7643","DAIICHI CO., LTD.","","Japon","JPX","JPY","2150","100000","XTKS","7643","REGION:ASIA","Volume 2150 < Seuil 100000 (1 cotations testées)"
"7680","KEIJIDOUSHAKAN CO., LTD.","","Japon","JPX","JPY","200","100000","XTKS","7680","REGION:ASIA","Volume 200 < Seuil 100000 (1 cotations testées)"
"6696","TRAAS ON PRODUCT INC.","","Japon","JPX","JPY","25910","100000","XTKS","6696","REGION:ASIA","Volume 25910 < Seuil 100000 (1 cotations testées)"
"6694","ZOOM VIDEO COMMUNICATIONS, INC.","","Japon","JPX","JPY","3100","100000","XTKS","6694","REGION:ASIA","Volume 3100 < Seuil 100000 (1 cotations testées)"
"7715","NAGANO KEIKI CO., LTD.","","Japon","JPX","JPY","85160","100000","XTKS","7715","REGION:ASIA","Volume 85160 < Seuil 100000 (1 cotations testées)"
"7713","SIGMA KOKI CO., LTD.","","Japon","JPX","JPY","50400","100000","XTKS","7713","REGION:ASIA","Volume 50400 < Seuil 100000 (1 cotations testées)"
"7711","SUKEGAWA ELECTRIC CO., LTD.","","Japon","JPX","JPY","70380","100000","XTKS","7711","REGION:ASIA","Volume 70380 < Seuil 100000 (1 cotations testées)"
"6675","SAXA INC.","","Japon","JPX","JPY","33180","100000","XTKS","6675","REGION:ASIA","Volume 33180 < Seuil 100000 (1 cotations testées)"
"7709","KUBOTEK CORPORATION","","Japon","JPX","JPY","29830","100000","XTKS","7709","REGION:ASIA","Volume 29830 < Seuil 100000 (1 cotations testées)"
"6676","MELCO HOLDINGS INC.","","Japon","JPX","JPY","43580","100000","XTKS","6676","REGION:ASIA","Volume 43580 < Seuil 100000 (1 cotations testées)"
"7702","JMS CO., LTD.","","Japon","JPX","JPY","25790","100000","XTKS","7702","REGION:ASIA","Volume 25790 < Seuil 100000 (1 cotations testées)"
"6678","TECHNO MEDICA CO., LTD.","","Japon","JPX","JPY","8930","100000","XTKS","6678","REGION:ASIA","Volume 8930 < Seuil 100000 (1 cotations testées)"
"7698","ICECO INC.","","Japon","JPX","JPY","1520","100000","XTKS","7698","REGION:ASIA","Volume 1520 < Seuil 100000 (1 cotations testées)"
"7681","LEOCLAN CO., LTD.","","Japon","JPX","JPY","2220","100000","XTKS","7681","REGION:ASIA","Volume 2220 < Seuil 100000 (1 cotations testées)"
"7682","HAMAYUU CO. LTD.","","Japon","JPX","JPY","4300","100000","XTKS","7682","REGION:ASIA","Volume 4300 < Seuil 100000 (1 cotations testées)"
"7683","WA INC.","","Japon","JPX","JPY","44020","100000","XTKS","7683","REGION:ASIA","Volume 44020 < Seuil 100000 (1 cotations testées)"
"7102","NIPPON SHARYO, LTD.","","Japon","JPX","JPY","59960","100000","XTKS","7102","REGION:ASIA","Volume 59960 < Seuil 100000 (1 cotations testées)"
"7686","KAKUYASU GROUP CO., LTD.","","Japon","JPX","JPY","10070","100000","XTKS","7686","REGION:ASIA","Volume 10070 < Seuil 100000 (1 cotations testées)"
"7624","NAITO & CO., LTD.","","Japon","JPX","JPY","21410","100000","XTKS","7624","REGION:ASIA","Volume 21410 < Seuil 100000 (1 cotations testées)"
"7687","MICREED CO., LTD.","","Japon","JPX","JPY","3800","100000","XTKS","7687","REGION:ASIA","Volume 3800 < Seuil 100000 (1 cotations testées)"
"7689","COPA CORP INC.","","Japon","JPX","JPY","3100","100000","XTKS","7689","REGION:ASIA","Volume 3100 < Seuil 100000 (1 cotations testées)"
"7691","C CHANNEL CORPORATION","","Japon","JPX","JPY","0","100000","XTKS","7691","REGION:ASIA","Volume 0 < Seuil 100000 (1 cotations testées)"
"7097","SAKURASAKU PLUS CO., LTD.","","Japon","JPX","JPY","8700","100000","XTKS","7097","REGION:ASIA","Volume 8700 < Seuil 100000 (1 cotations testées)"
"7694","ITSUMO INC.","","Japon","JPX","JPY","11910","100000","XTKS","7694","REGION:ASIA","Volume 11910 < Seuil 100000 (1 cotations testées)"
"7695","KOUKANDEKIRUKUN INC.","","Japon","JPX","JPY","5600","100000","XTKS","7695","REGION:ASIA","Volume 5600 < Seuil 100000 (1 cotations testées)"
"7688","MIAHELSA CORPORATION","","Japon","JPX","JPY","1830","100000","XTKS","7688","REGION:ASIA","Volume 1830 < Seuil 100000 (1 cotations testées)"
"7722","KOKUSAI CO., LTD.","","Japon","JPX","JPY","49800","100000","XTKS","7722","REGION:ASIA","Volume 49800 < Seuil 100000 (1 cotations testées)"
"6730","AXELL CORPORATION","","Japon","JPX","JPY","38380","100000","XTKS","6730","REGION:ASIA","Volume 38380 < Seuil 100000 (1 cotations testées)"
"6763","TEIKOKU TSUSHIN KOGYO CO., LTD.","","Japon","JPX","JPY","11990","100000","XTKS","6763","REGION:ASIA","Volume 11990 < Seuil 100000 (1 cotations testées)"
"7590","TAKASHO CO., LTD.","","Japon","JPX","JPY","33230","100000","XTKS","7590","REGION:ASIA","Volume 33230 < Seuil 100000 (1 cotations testées)"
"7585","KAN-NANMARU CORPORATION","","Japon","JPX","JPY","2010","100000","XTKS","7585","REGION:ASIA","Volume 2010 < Seuil 100000 (1 cotations testées)"
"6771","IKEGAMI TSUSHINKI CO., LTD.","","Japon","JPX","JPY","14700","100000","XTKS","6771","REGION:ASIA","Volume 14700 < Seuil 100000 (1 cotations testées)"
"6772","TOKYO COSMOS ELECTRIC CO., LTD.","","Japon","JPX","JPY","5000","100000","XTKS","6772","REGION:ASIA","Volume 5000 < Seuil 100000 (1 cotations testées)"
"6776","TENSHO ELECTRIC INDUSTRIES CO., LTD.","","Japon","JPX","JPY","11820","100000","XTKS","6776","REGION:ASIA","Volume 11820 < Seuil 100000 (1 cotations testées)"
"7578","NICHIRYOKU CO., LTD.","","Japon","JPX","JPY","54690","100000","XTKS","7578","REGION:ASIA","Volume 54690 < Seuil 100000 (1 cotations testées)"
"7570","HASHIMOTO SOGYO HOLDINGS CO., LTD.","","Japon","JPX","JPY","6820","100000","XTKS","7570","REGION:ASIA","Volume 6820 < Seuil 100000 (1 cotations testées)"
"6785","SUZUKI CO. LTD.","","Japon","JPX","JPY","73830","100000","XTKS","6785","REGION:ASIA","Volume 73830 < Seuil 100000 (1 cotations testées)"
"7567","SAKAE ELECTRONICS CORPORATION","","Japon","JPX","JPY","10690","100000","XTKS","7567","REGION:ASIA","Volume 10690 < Seuil 100000 (1 cotations testées)"
"6786","RVH INC.","","Japon","JPX","JPY","35840","100000","XTKS","6786","REGION:ASIA","Volume 35840 < Seuil 100000 (1 cotations testées)"
"7565","MANSEI CORPORATION","","Japon","JPX","JPY","600","100000","XTKS","7565","REGION:ASIA","Volume 600 < Seuil 100000 (1 cotations testées)"
"6788","NIHON TRIM CO., LTD.","","Japon","JPX","JPY","10660","100000","XTKS","6788","REGION:ASIA","Volume 10660 < Seuil 100000 (1 cotations testées)"
"7562","ANRAKUTEI CO., LTD.","","Japon","JPX","JPY","1630","100000","XTKS","7562","REGION:ASIA","Volume 1630 < Seuil 100000 (1 cotations testées)"
"7561","HURXLEY CORP.","","Japon","JPX","JPY","19100","100000","XTKS","7561","REGION:ASIA","Volume 19100 < Seuil 100000 (1 cotations testées)"
"6778","ARTIZA NETWORKS INC.","","Japon","JPX","JPY","33220","100000","XTKS","6778","REGION:ASIA","Volume 33220 < Seuil 100000 (1 cotations testées)"
"7596","UORIKI CO., LTD.","","Japon","JPX","JPY","7940","100000","XTKS","7596","REGION:ASIA","Volume 7940 < Seuil 100000 (1 cotations testées)"
"7619","TANAKA CO., LTD.","","Japon","JPX","JPY","3740","100000","XTKS","7619","REGION:ASIA","Volume 3740 < Seuil 100000 (1 cotations testées)"
"7615","KYOTO KIMONO YUZEN HOLDINGS CO., LTD.","","Japon","JPX","JPY","81190","100000","XTKS","7615","REGION:ASIA","Volume 81190 < Seuil 100000 (1 cotations testées)"
"6736","SUN CORP","","Japon","JPX","JPY","16710","100000","XTKS","6736","REGION:ASIA","Volume 16710 < Seuil 100000 (1 cotations testées)"
"7614","OM2 NETWORK CO., LTD.","","Japon","JPX","JPY","5700","100000","XTKS","7614","REGION:ASIA","Volume 5700 < Seuil 100000 (1 cotations testées)"
"7609","DAITRON CO., LTD.","","Japon","JPX","JPY","98590","100000","XTKS","7609","REGION:ASIA","Volume 98590 < Seuil 100000 (1 cotations testées)"
"6743","DAIDO SIGNAL CO., LTD.","","Japon","JPX","JPY","20580","100000","XTKS","6743","REGION:ASIA","Volume 20580 < Seuil 100000 (1 cotations testées)"
"6744","NOHMI BOSAI LTD.","","Japon","JPX","JPY","75090","100000","XTKS","6744","REGION:ASIA","Volume 75090 < Seuil 100000 (1 cotations testées)"
"6757","OSG CORPORATION CO., LTD.","","Japon","JPX","JPY","3760","100000","XTKS","6757","REGION:ASIA","Volume 3760 < Seuil 100000 (1 cotations testées)"
"7601","POPLAR CO., LTD.","","Japon","JPX","JPY","9690","100000","XTKS","7601","REGION:ASIA","Volume 9690 < Seuil 100000 (1 cotations testées)"
"7621","UKAI CO., LTD.","","Japon","JPX","JPY","1780","100000","XTKS","7621","REGION:ASIA","Volume 1780 < Seuil 100000 (1 cotations testées)"
"7604","UMENOHANA CO., LTD.","","Japon","JPX","JPY","8920","100000","XTKS","7604","REGION:ASIA","Volume 8920 < Seuil 100000 (1 cotations testées)"
"6748","SEIWA ELECTRIC MFG. CO., LTD.","","Japon","JPX","JPY","13650","100000","XTKS","6748","REGION:ASIA","Volume 13650 < Seuil 100000 (1 cotations testées)"
"3447","SHINWA CO. LTD.","","Japon","JPX","JPY","36810","100000","XTKS","3447","REGION:ASIA","Volume 36810 < Seuil 100000 (2 cotations testées)"
"7723","AICHI TOKEI DENKI CO., LTD.","","Japon","JPX","JPY","15620","100000","XTKS","7723","REGION:ASIA","Volume 15620 < Seuil 100000 (1 cotations testées)"
"7838","KYORITSU PRINTING CO., LTD.","","Japon","JPX","JPY","95470","100000","XTKS","7838","REGION:ASIA","Volume 95470 < Seuil 100000 (1 cotations testées)"
"6599","EBRAINS INC.","","Japon","JPX","JPY","2640","100000","XTKS","6599","REGION:ASIA","Volume 2640 < Seuil 100000 (1 cotations testées)"
"7837","R C CORE CO. LTD.","","Japon","JPX","JPY","4660","100000","XTKS","7837","REGION:ASIA","Volume 4660 < Seuil 100000 (1 cotations testées)"
"7836","AVIX INC.","","Japon","JPX","JPY","37450","100000","XTKS","7836","REGION:ASIA","Volume 37450 < Seuil 100000 (1 cotations testées)"
"7833","IFIS JAPAN LTD.","","Japon","JPX","JPY","3150","100000","XTKS","7833","REGION:ASIA","Volume 3150 < Seuil 100000 (1 cotations testées)"
"7831","WELLCO HOLDINGS CORP","","Japon","JPX","JPY","22990","100000","XTKS","7831","REGION:ASIA","Volume 22990 < Seuil 100000 (1 cotations testées)"
"7827","ORVIS CORPORATION","","Japon","JPX","JPY","2400","100000","XTKS","7827","REGION:ASIA","Volume 2400 < Seuil 100000 (1 cotations testées)"
"7823","ARTNATURE INC.","","Japon","JPX","JPY","25930","100000","XTKS","7823","REGION:ASIA","Volume 25930 < Seuil 100000 (1 cotations testées)"
"7822","EIDAI CO., LTD.","","Japon","JPX","JPY","67400","100000","XTKS","7822","REGION:ASIA","Volume 67400 < Seuil 100000 (1 cotations testées)"
"7820","NIHON FLUSH CO., LTD.","","Japon","JPX","JPY","50050","100000","XTKS","7820","REGION:ASIA","Volume 50050 < Seuil 100000 (1 cotations testées)"
"7819","SHOBIDO CORP.","","Japon","JPX","JPY","35170","100000","XTKS","7819","REGION:ASIA","Volume 35170 < Seuil 100000 (1 cotations testées)"
"6597","HPC SYSTEMS INC.","","Japon","JPX","JPY","56340","100000","XTKS","6597","REGION:ASIA","Volume 56340 < Seuil 100000 (1 cotations testées)"
"7815","TOKYO BOARD INDUSTRIES CO., LTD.","","Japon","JPX","JPY","21290","100000","XTKS","7815","REGION:ASIA","Volume 21290 < Seuil 100000 (1 cotations testées)"
"7814","JAPAN CREATIVE PLATFORM GROUP INC.","","Japon","JPX","JPY","15400","100000","XTKS","7814","REGION:ASIA","Volume 15400 < Seuil 100000 (1 cotations testées)"
"7813","PLATZ CO., LTD.","","Japon","JPX","JPY","4800","100000","XTKS","7813","REGION:ASIA","Volume 4800 < Seuil 100000 (1 cotations testées)"
"6614","SHIKINO HIGH-TECH CO., LTD.","","Japon","JPX","JPY","14510","100000","XTKS","6614","REGION:ASIA","Volume 14510 < Seuil 100000 (1 cotations testées)"
"6615","UMC ELECTRONICS CO., LTD.","","Japon","JPX","JPY","42160","100000","XTKS","6615","REGION:ASIA","Volume 42160 < Seuil 100000 (1 cotations testées)"
"7812","CRESTEC INC.","","Japon","JPX","JPY","900","100000","XTKS","7812","REGION:ASIA","Volume 900 < Seuil 100000 (1 cotations testées)"
"7811","NAKAMOTO PACKS CO., LTD.","","Japon","JPX","JPY","14150","100000","XTKS","7811","REGION:ASIA","Volume 14150 < Seuil 100000 (1 cotations testées)"
"7809","KOTOBUKIYA CO., LTD.","","Japon","JPX","JPY","4230","100000","XTKS","7809","REGION:ASIA","Volume 4230 < Seuil 100000 (1 cotations testées)"
"7808","CS LUMBER CO INC.","","Japon","JPX","JPY","3070","100000","XTKS","7808","REGION:ASIA","Volume 3070 < Seuil 100000 (1 cotations testées)"
"7807","KOWA COMPANY, LTD.","","Japon","JPX","JPY","5120","100000","XTKS","7807","REGION:ASIA","Volume 5120 < Seuil 100000 (1 cotations testées)"
"6612","BALMUDA INC.","","Japon","JPX","JPY","5230","100000","XTKS","6612","REGION:ASIA","Volume 5230 < Seuil 100000 (1 cotations testées)"
"7840","FRANCE BED HOLDINGS CO., LTD.","","Japon","JPX","JPY","27850","100000","XTKS","7840","REGION:ASIA","Volume 27850 < Seuil 100000 (1 cotations testées)"
"7872","ESTELLE HOLDINGS CO., LTD.","","Japon","JPX","JPY","3880","100000","XTKS","7872","REGION:ASIA","Volume 3880 < Seuil 100000 (1 cotations testées)"
"7871","FUKUVI CHEMICAL INDUSTRY CO., LTD.","","Japon","JPX","JPY","7620","100000","XTKS","7871","REGION:ASIA","Volume 7620 < Seuil 100000 (1 cotations testées)"
"6577","BESTONE.COM CO., LTD.","","Japon","JPX","JPY","15900","100000","XTKS","6577","REGION:ASIA","Volume 15900 < Seuil 100000 (1 cotations testées)"
"7865","PEOPLE CO., LTD.","","Japon","JPX","JPY","4850","100000","XTKS","7865","REGION:ASIA","Volume 4850 < Seuil 100000 (1 cotations testées)"
"6578","CORREC HOLDINGS INC.","","Japon","JPX","JPY","4150","100000","XTKS","6578","REGION:ASIA","Volume 4150 < Seuil 100000 (1 cotations testées)"
"6579","LOGLY INC.","","Japon","JPX","JPY","6980","100000","XTKS","6579","REGION:ASIA","Volume 6980 < Seuil 100000 (1 cotations testées)"
"6580","WRITEUP CO. LTD.","","Japon","JPX","JPY","17060","100000","XTKS","6580","REGION:ASIA","Volume 17060 < Seuil 100000 (1 cotations testées)"
"7863","HIRAGA CO., LTD.","","Japon","JPX","JPY","400","100000","XTKS","7863","REGION:ASIA","Volume 400 < Seuil 100000 (1 cotations testées)"
"7857","SEKI CO., LTD.","","Japon","JPX","JPY","170","100000","XTKS","7857","REGION:ASIA","Volume 170 < Seuil 100000 (1 cotations testées)"
"7841","ENDO MANUFACTURING CO. LTD.","","Japon","JPX","JPY","30240","100000","XTKS","7841","REGION:ASIA","Volume 30240 < Seuil 100000 (1 cotations testées)"
"7844","MARVELOUS INC.","","Japon","JPX","JPY","96850","100000","XTKS","7844","REGION:ASIA","Volume 96850 < Seuil 100000 (1 cotations testées)"
"7847","GRAPHITE DESIGN INC.","","Japon","JPX","JPY","3880","100000","XTKS","7847","REGION:ASIA","Volume 3880 < Seuil 100000 (1 cotations testées)"
"7849","STARTS PUBLISHING CORPORATION","","Japon","JPX","JPY","750","100000","XTKS","7849","REGION:ASIA","Volume 750 < Seuil 100000 (1 cotations testées)"
"7850","SOUGOU SHOUKEN CO., LTD.","","Japon","JPX","JPY","23400","100000","XTKS","7850","REGION:ASIA","Volume 23400 < Seuil 100000 (1 cotations testées)"
"7851","KAWASE COMPUTER SUPPLIES CO. LTD.","","Japon","JPX","JPY","17800","100000","XTKS","7851","REGION:ASIA","Volume 17800 < Seuil 100000 (1 cotations testées)"
"7856","HAGIHARA INDUSTRIES INC.","","Japon","JPX","JPY","48540","100000","XTKS","7856","REGION:ASIA","Volume 48540 < Seuil 100000 (1 cotations testées)"
"6620","MIYAKOSHI HOLDINGS INC.","","Japon","JPX","JPY","97290","100000","XTKS","6620","REGION:ASIA","Volume 97290 < Seuil 100000 (1 cotations testées)"
"7805","PRINTNET INC.","","Japon","JPX","JPY","8800","100000","XTKS","7805","REGION:ASIA","Volume 8800 < Seuil 100000 (1 cotations testées)"
"7760","IMV CORPORATION","","Japon","JPX","JPY","77720","100000","XTKS","7760","REGION:ASIA","Volume 77720 < Seuil 100000 (1 cotations testées)"
"6651","NITTO KOGYO CORPORATION","","Japon","JPX","JPY","84550","100000","XTKS","6651","REGION:ASIA","Volume 84550 < Seuil 100000 (1 cotations testées)"
"6652","IDEC CORPORATION","","Japon","JPX","JPY","95200","100000","XTKS","6652","REGION:ASIA","Volume 95200 < Seuil 100000 (1 cotations testées)"
"6654","FUJI ELECTRIC INDUSTRY CO., LTD.","","Japon","JPX","JPY","37130","100000","XTKS","6654","REGION:ASIA","Volume 37130 < Seuil 100000 (1 cotations testées)"
"7749","MEDIKIT CO., LTD.","","Japon","JPX","JPY","1540","100000","XTKS","7749","REGION:ASIA","Volume 1540 < Seuil 100000 (1 cotations testées)"
"6656","INSPEC INC.","","Japon","JPX","JPY","83400","100000","XTKS","6656","REGION:ASIA","Volume 83400 < Seuil 100000 (1 cotations testées)"
"7745","A&D HOLON HOLDINGS CO. LTD.","","Japon","JPX","JPY","91150","100000","XTKS","7745","REGION:ASIA","Volume 91150 < Seuil 100000 (1 cotations testées)"
"6658","SHIRAI ELECTRONICS INDUSTRIAL CO., LTD.","","Japon","JPX","JPY","95760","100000","XTKS","6658","REGION:ASIA","Volume 95760 < Seuil 100000 (1 cotations testées)"
"7743","SEED CO. LTD.","","Japon","JPX","JPY","25160","100000","XTKS","7743","REGION:ASIA","Volume 25160 < Seuil 100000 (1 cotations testées)"
"7726","KURODA PRECISION INDUSTRIES LTD.","","Japon","JPX","JPY","21780","100000","XTKS","7726","REGION:ASIA","Volume 21780 < Seuil 100000 (1 cotations testées)"
"7727","OVAL CORPORATION","","Japon","JPX","JPY","81320","100000","XTKS","7727","REGION:ASIA","Volume 81320 < Seuil 100000 (1 cotations testées)"
"6664","OPTOELECTRONICS CO., LTD.","","Japon","JPX","JPY","4390","100000","XTKS","6664","REGION:ASIA","Volume 4390 < Seuil 100000 (1 cotations testées)"
"7769","RHYTHM CO., LTD.","","Japon","JPX","JPY","20060","100000","XTKS","7769","REGION:ASIA","Volume 20060 < Seuil 100000 (1 cotations testées)"
"6663","TAIYO TECHNOLEX CO., LTD.","","Japon","JPX","JPY","36120","100000","XTKS","6663","REGION:ASIA","Volume 36120 < Seuil 100000 (1 cotations testées)"
"7734","RIKEN KEIKI CO., LTD.","","Japon","JPX","JPY","77740","100000","XTKS","7734","REGION:ASIA","Volume 77740 < Seuil 100000 (1 cotations testées)"
"6662","UBITEQ INC.","","Japon","JPX","JPY","25050","100000","XTKS","6662","REGION:ASIA","Volume 25050 < Seuil 100000 (1 cotations testées)"
"7555","OTA FLORICULTURE AUCTION CO., LTD.","","Japon","JPX","JPY","1310","100000","XTKS","7555","REGION:ASIA","Volume 1310 < Seuil 100000 (1 cotations testées)"
"6648","KAWADEN CORPORATION","","Japon","JPX","JPY","55570","100000","XTKS","6648","REGION:ASIA","Volume 55570 < Seuil 100000 (1 cotations testées)"
"7804","B&P CO., LTD.","","Japon","JPX","JPY","1700","100000","XTKS","7804","REGION:ASIA","Volume 1700 < Seuil 100000 (1 cotations testées)"
"7800","AMIFA CO., LTD.","","Japon","JPX","JPY","15340","100000","XTKS","7800","REGION:ASIA","Volume 15340 < Seuil 100000 (1 cotations testées)"
"7795","KYORITSU CO., LTD.","","Japon","JPX","JPY","93280","100000","XTKS","7795","REGION:ASIA","Volume 93280 < Seuil 100000 (1 cotations testées)"
"6626","SEMITEC CORP","","Japon","JPX","JPY","17620","100000","XTKS","6626","REGION:ASIA","Volume 17620 < Seuil 100000 (1 cotations testées)"
"7793","IMAGE MAGIC INC.","","Japon","JPX","JPY","1840","100000","XTKS","7793","REGION:ASIA","Volume 1840 < Seuil 100000 (1 cotations testées)"
"7792","COLAN TOTTE CO., LTD.","","Japon","JPX","JPY","4230","100000","XTKS","7792","REGION:ASIA","Volume 4230 < Seuil 100000 (1 cotations testées)"
"6630","YA-MAN LTD.","","Japon","JPX","JPY","50440","100000","XTKS","6630","REGION:ASIA","Volume 50440 < Seuil 100000 (1 cotations testées)"
"7791","DREAMBED CO., LTD.","","Japon","JPX","JPY","1630","100000","XTKS","7791","REGION:ASIA","Volume 1630 < Seuil 100000 (1 cotations testées)"
"6633","C&G SYSTEMS INC.","","Japon","JPX","JPY","6460","100000","XTKS","6633","REGION:ASIA","Volume 6460 < Seuil 100000 (1 cotations testées)"
"7782","SINCERE CO., LTD.","","Japon","JPX","JPY","2380","100000","XTKS","7782","REGION:ASIA","Volume 2380 < Seuil 100000 (1 cotations testées)"
"6643","TOGAMI ELECTRIC MANUFACTURING CO., LTD.","","Japon","JPX","JPY","7900","100000","XTKS","6643","REGION:ASIA","Volume 7900 < Seuil 100000 (1 cotations testées)"
"7775","DAIKEN MEDICAL CO., LTD.","","Japon","JPX","JPY","21880","100000","XTKS","7775","REGION:ASIA","Volume 21880 < Seuil 100000 (1 cotations testées)"
"6647","MORIO DENKI CO., LTD.","","Japon","JPX","JPY","700","100000","XTKS","6647","REGION:ASIA","Volume 700 < Seuil 100000 (1 cotations testées)"
"6637","TERASAKI ELECTRIC CO., LTD.","","Japon","JPX","JPY","54340","100000","XTKS","6637","REGION:ASIA","Volume 54340 < Seuil 100000 (1 cotations testées)"
"7781","HIRAYAMA HOLDINGS CO., LTD.","","Japon","JPX","JPY","6","100000","XTKS","7781","REGION:ASIA","Volume 6 < Seuil 100000 (1 cotations testées)"
"6635","DI-NIKKO ENGINEERING CO., LTD.","","Japon","JPX","JPY","55450","100000","XTKS","6635","REGION:ASIA","Volume 55450 < Seuil 100000 (1 cotations testées)"
"7874","LEC INC.","","Japon","JPX","JPY","44550","100000","XTKS","7874","REGION:ASIA","Volume 44550 < Seuil 100000 (1 cotations testées)"
"7554","KOURAKUEN CORPORATION","","Japon","JPX","JPY","47500","100000","XTKS","7554","REGION:ASIA","Volume 47500 < Seuil 100000 (1 cotations testées)"
"7320","SOLVVY INC.","","Japon","JPX","JPY","28530","100000","XTKS","7320","REGION:ASIA","Volume 28530 < Seuil 100000 (1 cotations testées)"
"7317","MATSUYA R&D CO., LTD.","","Japon","JPX","JPY","10020","100000","XTKS","7317","REGION:ASIA","Volume 10020 < Seuil 100000 (1 cotations testées)"
"7314","ODAWARA AUTO-MACHINE MANUFACTURING CO., LTD.","","Japon","JPX","JPY","2590","100000","XTKS","7314","REGION:ASIA","Volume 2590 < Seuil 100000 (1 cotations testées)"
"7305","ARAYA INDUSTRIAL CO., LTD.","","Japon","JPX","JPY","18500","100000","XTKS","7305","REGION:ASIA","Volume 18500 < Seuil 100000 (1 cotations testées)"
"7297","CAR MATE MFG CO., LTD.","","Japon","JPX","JPY","1790","100000","XTKS","7297","REGION:ASIA","Volume 1790 < Seuil 100000 (1 cotations testées)"
"7137","GRANTOMATO CO. LTD.","","Japon","JPX","JPY","10640","100000","XTKS","7137","REGION:ASIA","Volume 10640 < Seuil 100000 (1 cotations testées)"
"7296","FCC CO. LTD.","","Japon","JPX","JPY","94500","100000","XTKS","7296","REGION:ASIA","Volume 94500 < Seuil 100000 (1 cotations testées)"
"7294","YOROZU CORPORATION","","Japon","JPX","JPY","37000","100000","XTKS","7294","REGION:ASIA","Volume 37000 < Seuil 100000 (1 cotations testées)"
"7135","JAPAN CRAFT HOLDINGS CO., LTD.","","Japon","JPX","JPY","8560","100000","XTKS","7135","REGION:ASIA","Volume 8560 < Seuil 100000 (1 cotations testées)"
"7292","MURAKAMI CORPORATION","","Japon","JPX","JPY","5960","100000","XTKS","7292","REGION:ASIA","Volume 5960 < Seuil 100000 (1 cotations testées)"
"7284","MEIWA INDUSTRY CO., LTD.","","Japon","JPX","JPY","1880","100000","XTKS","7284","REGION:ASIA","Volume 1880 < Seuil 100000 (1 cotations testées)"
"7150","SHIMANE BANK LTD.","","Japon","JPX","JPY","35330","100000","XTKS","7150","REGION:ASIA","Volume 35330 < Seuil 100000 (1 cotations testées)"
"7279","HI-LEX CORPORATION","","Japon","JPX","JPY","71450","100000","XTKS","7279","REGION:ASIA","Volume 71450 < Seuil 100000 (1 cotations testées)"
"7277","TBK CO., LTD.","","Japon","JPX","JPY","25480","100000","XTKS","7277","REGION:ASIA","Volume 25480 < Seuil 100000 (1 cotations testées)"
"7273","IKUYO CO., LTD.","","Japon","JPX","JPY","71680","100000","XTKS","7273","REGION:ASIA","Volume 71680 < Seuil 100000 (1 cotations testées)"
"7291","NIHON PLAST CO., LTD.","","Japon","JPX","JPY","22180","100000","XTKS","7291","REGION:ASIA","Volume 22180 < Seuil 100000 (1 cotations testées)"
"7325","IRRC CORP.","","Japon","JPX","JPY","5750","100000","XTKS","7325","REGION:ASIA","Volume 5750 < Seuil 100000 (1 cotations testées)"
"7326","SBI INSURANCE GROUP CO., LTD.","","Japon","JPX","JPY","15980","100000","XTKS","7326","REGION:ASIA","Volume 15980 < Seuil 100000 (1 cotations testées)"
"7130","YAMAE GROUP HOLDINGS CO., LTD.","","Japon","JPX","JPY","53080","100000","XTKS","7130","REGION:ASIA","Volume 53080 < Seuil 100000 (1 cotations testées)"
"7375","REFINVERSE GROUP INC.","","Japon","JPX","JPY","38300","100000","XTKS","7375","REGION:ASIA","Volume 38300 < Seuil 100000 (1 cotations testées)"
"7374","INTERWORKS CONFIDENCE INC.","","Japon","JPX","JPY","8330","100000","XTKS","7374","REGION:ASIA","Volume 8330 < Seuil 100000 (1 cotations testées)"
"7372","DECOLLTE HOLDINGS CORP.","","Japon","JPX","JPY","4320","100000","XTKS","7372","REGION:ASIA","Volume 4320 < Seuil 100000 (1 cotations testées)"
"7371","ZENKEN CORPORATION","","Japon","JPX","JPY","7310","100000","XTKS","7371","REGION:ASIA","Volume 7310 < Seuil 100000 (1 cotations testées)"
"7370","ENJIN CO., LTD.","","Japon","JPX","JPY","4130","100000","XTKS","7370","REGION:ASIA","Volume 4130 < Seuil 100000 (1 cotations testées)"
"7369","MEIHO HOLDINGS INC.","","Japon","JPX","JPY","6750","100000","XTKS","7369","REGION:ASIA","Volume 6750 < Seuil 100000 (1 cotations testées)"
"7368","HYOJITO CO., LTD.","","Japon","JPX","JPY","1150","100000","XTKS","7368","REGION:ASIA","Volume 1150 < Seuil 100000 (1 cotations testées)"
"7367","CELM INC.","","Japon","JPX","JPY","7390","100000","XTKS","7367","REGION:ASIA","Volume 7390 < Seuil 100000 (1 cotations testées)"
"7366","LITALICO INC.","","Japon","JPX","JPY","82470","100000","XTKS","7366","REGION:ASIA","Volume 82470 < Seuil 100000 (1 cotations testées)"
"7363","BABY CALENDAR INC.","","Japon","JPX","JPY","5390","100000","XTKS","7363","REGION:ASIA","Volume 5390 < Seuil 100000 (1 cotations testées)"
"7362","TERMINALCARE SUPPORT INSTITUTE INC.","","Japon","JPX","JPY","1090","100000","XTKS","7362","REGION:ASIA","Volume 1090 < Seuil 100000 (1 cotations testées)"
"7361","HUMAN CREATION HOLDINGS INC.","","Japon","JPX","JPY","4040","100000","XTKS","7361","REGION:ASIA","Volume 4040 < Seuil 100000 (1 cotations testées)"
"7343","BROAD MINDED CO., LTD.","","Japon","JPX","JPY","1960","100000","XTKS","7343","REGION:ASIA","Volume 1960 < Seuil 100000 (1 cotations testées)"
"7345","AI PARTNERS FINANCIAL INC.","","Japon","JPX","JPY","1730","100000","XTKS","7345","REGION:ASIA","Volume 1730 < Seuil 100000 (1 cotations testées)"
"7347","MERCURIA HOLDINGS CO., LTD.","","Japon","JPX","JPY","10640","100000","XTKS","7347","REGION:ASIA","Volume 10640 < Seuil 100000 (1 cotations testées)"
"7350","OKINAWA FINANCIAL GROUP INC.","","Japon","JPX","JPY","75580","100000","XTKS","7350","REGION:ASIA","Volume 75580 < Seuil 100000 (1 cotations testées)"
"7351","GOODPATCH INC.","","Japon","JPX","JPY","15180","100000","XTKS","7351","REGION:ASIA","Volume 15180 < Seuil 100000 (1 cotations testées)"
"7356","RETTY INC.","","Japon","JPX","JPY","9940","100000","XTKS","7356","REGION:ASIA","Volume 9940 < Seuil 100000 (1 cotations testées)"
"7357","GEOCODE CO., LTD.","","Japon","JPX","JPY","5430","100000","XTKS","7357","REGION:ASIA","Volume 5430 < Seuil 100000 (1 cotations testées)"
"7358","POPPINS CORP.","","Japon","JPX","JPY","16680","100000","XTKS","7358","REGION:ASIA","Volume 16680 < Seuil 100000 (1 cotations testées)"
"7360","ONDECK CO LTD.","","Japon","JPX","JPY","1220","100000","XTKS","7360","REGION:ASIA","Volume 1220 < Seuil 100000 (1 cotations testées)"
"7353","KIYO LEARNING CO., LTD.","","Japon","JPX","JPY","4780","100000","XTKS","7353","REGION:ASIA","Volume 4780 < Seuil 100000 (1 cotations testées)"
"7376","BCC CO., LTD.","","Japon","JPX","JPY","34030","100000","XTKS","7376","REGION:ASIA","Volume 34030 < Seuil 100000 (1 cotations testées)"
"7271","YASUNAGA CORPORATION","","Japon","JPX","JPY","41260","100000","XTKS","7271","REGION:ASIA","Volume 41260 < Seuil 100000 (1 cotations testées)"
"7208","KANEMITSU CORP.","","Japon","JPX","JPY","5020","100000","XTKS","7208","REGION:ASIA","Volume 5020 < Seuil 100000 (1 cotations testées)"
"7162","ASTMAX CO. LTD.","","Japon","JPX","JPY","88760","100000","XTKS","7162","REGION:ASIA","Volume 88760 < Seuil 100000 (1 cotations testées)"
"7196","CASA INC.","","Japon","JPX","JPY","40500","100000","XTKS","7196","REGION:ASIA","Volume 40500 < Seuil 100000 (1 cotations testées)"
"7192","MORTGAGE SERVICE JAPAN LTD.","","Japon","JPX","JPY","19860","100000","XTKS","7192","REGION:ASIA","Volume 19860 < Seuil 100000 (1 cotations testées)"
"7212","F-TECH INC.","","Japon","JPX","JPY","54010","100000","XTKS","7212","REGION:ASIA","Volume 54010 < Seuil 100000 (1 cotations testées)"
"7187","J-LEASE CO., LTD.","","Japon","JPX","JPY","43160","100000","XTKS","7187","REGION:ASIA","Volume 43160 < Seuil 100000 (1 cotations testées)"
"7185","HIROSE TUSYO INC.","","Japon","JPX","JPY","2150","100000","XTKS","7185","REGION:ASIA","Volume 2150 < Seuil 100000 (1 cotations testées)"
"7183","ANSHIN GUARANTOR SERVICE CO., LTD.","","Japon","JPX","JPY","29230","100000","XTKS","7183","REGION:ASIA","Volume 29230 < Seuil 100000 (1 cotations testées)"
"7176","SIMPLEX FINANCIAL HOLDINGS CO.","","Japon","JPX","JPY","12400","100000","XTKS","7176","REGION:ASIA","Volume 12400 < Seuil 100000 (1 cotations testées)"
"7175","IMAMURA SECURITIES CO., LTD.","","Japon","JPX","JPY","25170","100000","XTKS","7175","REGION:ASIA","Volume 25170 < Seuil 100000 (1 cotations testées)"
"7191","ENTRUST INC.","","Japon","JPX","JPY","22340","100000","XTKS","7191","REGION:ASIA","Volume 22340 < Seuil 100000 (1 cotations testées)"
"7213","LECIP HOLDINGS CORP.","","Japon","JPX","JPY","17740","100000","XTKS","7213","REGION:ASIA","Volume 17740 < Seuil 100000 (1 cotations testées)"
"7214","GMB CORPORATION","","Japon","JPX","JPY","5470","100000","XTKS","7214","REGION:ASIA","Volume 5470 < Seuil 100000 (1 cotations testées)"
"7215","FALTEC CO., LTD.","","Japon","JPX","JPY","2490","100000","XTKS","7215","REGION:ASIA","Volume 2490 < Seuil 100000 (1 cotations testées)"
"7265","EIKEN INDUSTRIES CO., LTD.","","Japon","JPX","JPY","520","100000","XTKS","7265","REGION:ASIA","Volume 520 < Seuil 100000 (1 cotations testées)"
"7264","MURO CORP.","","Japon","JPX","JPY","2460","100000","XTKS","7264","REGION:ASIA","Volume 2460 < Seuil 100000 (1 cotations testées)"
"7261","MAZDA MOTOR CORPORATION","","Japon","JPX","JPY","52700","100000","XTKS","7261","REGION:ASIA","Volume 52700 < Seuil 100000 (1 cotations testées)"
"7255","SAKURAI LTD.","","Japon","JPX","JPY","10410","100000","XTKS","7255","REGION:ASIA","Volume 10410 < Seuil 100000 (1 cotations testées)"
"7254","UNIVANCE CORPORATION","","Japon","JPX","JPY","7220","100000","XTKS","7254","REGION:ASIA","Volume 7220 < Seuil 100000 (1 cotations testées)"
"7247","MIKUNI CORPORATION","","Japon","JPX","JPY","62530","100000","XTKS","7247","REGION:ASIA","Volume 62530 < Seuil 100000 (1 cotations testées)"
"7244","ICHIKOH INDUSTRIES, LTD.","","Japon","JPX","JPY","90270","100000","XTKS","7244","REGION:ASIA","Volume 90270 < Seuil 100000 (1 cotations testées)"
"7242","KYB CORPORATION","","Japon","JPX","JPY","96320","100000","XTKS","7242","REGION:ASIA","Volume 96320 < Seuil 100000 (1 cotations testées)"
"7217","TEIJIN LIMITED","","Japon","JPX","JPY","2670","100000","XTKS","7217","REGION:ASIA","Volume 2670 < Seuil 100000 (1 cotations testées)"
"7218","TANAKA SEIMITSU KOGYO CO., LTD.","","Japon","JPX","JPY","1780","100000","XTKS","7218","REGION:ASIA","Volume 1780 < Seuil 100000 (1 cotations testées)"
"7219","HKS CO., LTD.","","Japon","JPX","JPY","3200","100000","XTKS","7219","REGION:ASIA","Volume 3200 < Seuil 100000 (1 cotations testées)"
"7161","JIMOTO HOLDINGS INC.","","Japon","JPX","JPY","92250","100000","XTKS","7161","REGION:ASIA","Volume 92250 < Seuil 100000 (1 cotations testées)"
"7222","NISSAN SHATAI CO., LTD.","","Japon","JPX","JPY","57520","100000","XTKS","7222","REGION:ASIA","Volume 57520 < Seuil 100000 (1 cotations testées)"
"7228","DAYTONA CORP.","","Japon","JPX","JPY","1040","100000","XTKS","7228","REGION:ASIA","Volume 1040 < Seuil 100000 (1 cotations testées)"
"7231","TOPY INDUSTRIES LTD.","","Japon","JPX","JPY","45870","100000","XTKS","7231","REGION:ASIA","Volume 45870 < Seuil 100000 (1 cotations testées)"
"7235","TOKYO RADIATOR MANUFACTURING CO., LTD.","","Japon","JPX","JPY","34660","100000","XTKS","7235","REGION:ASIA","Volume 34660 < Seuil 100000 (1 cotations testées)"
"7239","TACHI-S CO., LTD.","","Japon","JPX","JPY","80910","100000","XTKS","7239","REGION:ASIA","Volume 80910 < Seuil 100000 (1 cotations testées)"
"7377","DN HOLDINGS CO., LTD.","","Japon","JPX","JPY","3480","100000","XTKS","7377","REGION:ASIA","Volume 3480 < Seuil 100000 (1 cotations testées)"
"7378","ASIRO INC.","","Japon","JPX","JPY","19850","100000","XTKS","7378","REGION:ASIA","Volume 19850 < Seuil 100000 (1 cotations testées)"
"7509","IA GROUP CORP.","","Japon","JPX","JPY","180","100000","XTKS","7509","REGION:ASIA","Volume 180 < Seuil 100000 (1 cotations testées)"
"7508","G-7 HOLDINGS INC.","","Japon","JPX","JPY","52100","100000","XTKS","7508","REGION:ASIA","Volume 52100 < Seuil 100000 (1 cotations testées)"
"7506","HOUSE OF ROSE CO., LTD.","","Japon","JPX","JPY","1880","100000","XTKS","7506","REGION:ASIA","Volume 1880 < Seuil 100000 (1 cotations testées)"
"7505","FUSO DENTSU CO., LTD.","","Japon","JPX","JPY","8750","100000","XTKS","7505","REGION:ASIA","Volume 8750 < Seuil 100000 (1 cotations testées)"
"7504","KOHSOKU CORPORATION","","Japon","JPX","JPY","75630","100000","XTKS","7504","REGION:ASIA","Volume 75630 < Seuil 100000 (1 cotations testées)"
"6822","OI ELECTRIC CO., LTD.","","Japon","JPX","JPY","0","100000","XTKS","6822","REGION:ASIA","Volume 0 < Seuil 100000 (1 cotations testées)"
"7502","PLAZA HOLDINGS CO., LTD.","","Japon","JPX","JPY","1000","100000","XTKS","7502","REGION:ASIA","Volume 1000 < Seuil 100000 (1 cotations testées)"
"6824","NEW COSMOS ELECTRIC CO., LTD.","","Japon","JPX","JPY","11700","100000","XTKS","6824","REGION:ASIA","Volume 11700 < Seuil 100000 (1 cotations testées)"
"7501","TIEMCO LTD.","","Japon","JPX","JPY","1280","100000","XTKS","7501","REGION:ASIA","Volume 1280 < Seuil 100000 (1 cotations testées)"
"7119","HALMEK HOLDINGS CO., LTD.","","Japon","JPX","JPY","2210","100000","XTKS","7119","REGION:ASIA","Volume 2210 < Seuil 100000 (1 cotations testées)"
"7494","KONAKA CO., LTD.","","Japon","JPX","JPY","16060","100000","XTKS","7494","REGION:ASIA","Volume 16060 < Seuil 100000 (1 cotations testées)"
"6819","IZU SHABOTEN RESORT CO., LTD.","","Japon","JPX","JPY","6160","100000","XTKS","6819","REGION:ASIA","Volume 6160 < Seuil 100000 (1 cotations testées)"
"7490","NISSIN SHOJI CO., LTD.","","Japon","JPX","JPY","1160","100000","XTKS","7490","REGION:ASIA","Volume 1160 < Seuil 100000 (1 cotations testées)"
"7486","SANRIN CO., LTD.","","Japon","JPX","JPY","6100","100000","XTKS","7486","REGION:ASIA","Volume 6100 < Seuil 100000 (1 cotations testées)"
"7483","DOSHISHA CO., LTD.","","Japon","JPX","JPY","52850","100000","XTKS","7483","REGION:ASIA","Volume 52850 < Seuil 100000 (1 cotations testées)"
"7482","SHIMOJIMA CO., LTD.","","Japon","JPX","JPY","20630","100000","XTKS","7482","REGION:ASIA","Volume 20630 < Seuil 100000 (1 cotations testées)"
"6832","AOI ELECTRONICS CO., LTD.","","Japon","JPX","JPY","53530","100000","XTKS","6832","REGION:ASIA","Volume 53530 < Seuil 100000 (1 cotations testées)"
"7481","OIE SANGYO CO., LTD.","","Japon","JPX","JPY","2350","100000","XTKS","7481","REGION:ASIA","Volume 2350 < Seuil 100000 (1 cotations testées)"
"7480","SUZUDEN CORPORATION","","Japon","JPX","JPY","33810","100000","XTKS","7480","REGION:ASIA","Volume 33810 < Seuil 100000 (1 cotations testées)"
"7477","MURAKI CORPORATION","","Japon","JPX","JPY","4000","100000","XTKS","7477","REGION:ASIA","Volume 4000 < Seuil 100000 (1 cotations testées)"
"7475","ALBIS CO., LTD.","","Japon","JPX","JPY","9140","100000","XTKS","7475","REGION:ASIA","Volume 9140 < Seuil 100000 (1 cotations testées)"
"6836","PLAT'HOME CO., LTD.","","Japon","JPX","JPY","33220","100000","XTKS","6836","REGION:ASIA","Volume 33220 < Seuil 100000 (1 cotations testées)"
"6837","KYOEI SANGYO CO., LTD.","","Japon","JPX","JPY","49620","100000","XTKS","6837","REGION:ASIA","Volume 49620 < Seuil 100000 (1 cotations testées)"
"7472","TOBA INC.","","Japon","JPX","JPY","800","100000","XTKS","7472","REGION:ASIA","Volume 800 < Seuil 100000 (1 cotations testées)"
"7487","OZU CORPORATION","","Japon","JPX","JPY","4970","100000","XTKS","7487","REGION:ASIA","Volume 4970 < Seuil 100000 (1 cotations testées)"
"7510","TAKEBISHI CORPORATION","","Japon","JPX","JPY","20260","100000","XTKS","7510","REGION:ASIA","Volume 20260 < Seuil 100000 (1 cotations testées)"
"6797","NAGOYA ELECTRIC WORKS CO., LTD.","","Japon","JPX","JPY","35827","100000","XTKS","6797","REGION:ASIA","Volume 35827 < Seuil 100000 (1 cotations testées)"
"7551","WEDS CO., LTD.","","Japon","JPX","JPY","35900","100000","XTKS","7551","REGION:ASIA","Volume 35900 < Seuil 100000 (1 cotations testées)"
"6798","SMK CORPORATION","","Japon","JPX","JPY","23930","100000","XTKS","6798","REGION:ASIA","Volume 23930 < Seuil 100000 (1 cotations testées)"
"7544","THREE F CO., LTD.","","Japon","JPX","JPY","9420","100000","XTKS","7544","REGION:ASIA","Volume 9420 < Seuil 100000 (1 cotations testées)"
"7539","AINAVO HOLDINGS CO., LTD.","","Japon","JPX","JPY","14390","100000","XTKS","7539","REGION:ASIA","Volume 14390 < Seuil 100000 (1 cotations testées)"
"7538","DAISUI CO., LTD.","","Japon","JPX","JPY","3800","100000","XTKS","7538","REGION:ASIA","Volume 3800 < Seuil 100000 (1 cotations testées)"
"6809","TOA CORPORATION","","Japon","JPX","JPY","78370","100000","XTKS","6809","REGION:ASIA","Volume 78370 < Seuil 100000 (1 cotations testées)"
"7531","SEIWA CHUO HOLDINGS CORPORATION","","Japon","JPX","JPY","340","100000","XTKS","7531","REGION:ASIA","Volume 340 < Seuil 100000 (1 cotations testées)"
"7514","HIMARAYA CO., LTD.","","Japon","JPX","JPY","3790","100000","XTKS","7514","REGION:ASIA","Volume 3790 < Seuil 100000 (1 cotations testées)"
"7515","MARUYOSHI CENTER INC.","","Japon","JPX","JPY","200","100000","XTKS","7515","REGION:ASIA","Volume 200 < Seuil 100000 (1 cotations testées)"
"7516","KOHNAN SHOJI CO LTD","","Japon","JPX","JPY","96940","100000","XTKS","7516","REGION:ASIA","Volume 96940 < Seuil 100000 (1 cotations testées)"
"7520","ECO'S CO. LTD.","","Japon","JPX","JPY","15310","100000","XTKS","7520","REGION:ASIA","Volume 15310 < Seuil 100000 (1 cotations testées)"
"7521","MUSASHI CO., LTD.","","Japon","JPX","JPY","3260","100000","XTKS","7521","REGION:ASIA","Volume 3260 < Seuil 100000 (1 cotations testées)"
"7523","ART VIVANT CO., LTD.","","Japon","JPX","JPY","12000","100000","XTKS","7523","REGION:ASIA","Volume 12000 < Seuil 100000 (1 cotations testées)"
"7524","MARCHE CORPORATION","","Japon","JPX","JPY","8570","100000","XTKS","7524","REGION:ASIA","Volume 8570 < Seuil 100000 (1 cotations testées)"
"7525","RIX CORPORATION","","Japon","JPX","JPY","11560","100000","XTKS","7525","REGION:ASIA","Volume 11560 < Seuil 100000 (1 cotations testées)"
"7466","SPK CORPORATION","","Japon","JPX","JPY","24450","100000","XTKS","7466","REGION:ASIA","Volume 24450 < Seuil 100000 (1 cotations testées)"
"7464","SAFTEC CO. LTD.","","Japon","JPX","JPY","810","100000","XTKS","7464","REGION:ASIA","Volume 810 < Seuil 100000 (1 cotations testées)"
"7425","HATSUHO SHOJI CO., LTD.","","Japon","JPX","JPY","5900","100000","XTKS","7425","REGION:ASIA","Volume 5900 < Seuil 100000 (1 cotations testées)"
"6864","NF HOLDINGS CORP.","","Japon","JPX","JPY","75420","100000","XTKS","6864","REGION:ASIA","Volume 75420 < Seuil 100000 (1 cotations testées)"
"7422","TOHO LAMAC CO., LTD.","","Japon","JPX","JPY","16100","100000","XTKS","7422","REGION:ASIA","Volume 16100 < Seuil 100000 (1 cotations testées)"
"7421","KAPPA CREATE CO., LTD.","","Japon","JPX","JPY","97920","100000","XTKS","7421","REGION:ASIA","Volume 97920 < Seuil 100000 (1 cotations testées)"
"6866","HIOKI E.E. CORPORATION","","Japon","JPX","JPY","5600","100000","XTKS","6866","REGION:ASIA","Volume 5600 < Seuil 100000 (1 cotations testées)"
"6867","LEADER ELECTRONICS CORP.","","Japon","JPX","JPY","2480","100000","XTKS","6867","REGION:ASIA","Volume 2480 < Seuil 100000 (1 cotations testées)"
"7417","NANYO CORPORATION","","Japon","JPX","JPY","12250","100000","XTKS","7417","REGION:ASIA","Volume 12250 < Seuil 100000 (1 cotations testées)"
"7416","HARUYAMA HOLDINGS INC.","","Japon","JPX","JPY","3550","100000","XTKS","7416","REGION:ASIA","Volume 3550 < Seuil 100000 (1 cotations testées)"
"7414","ONOKEN CO., LTD.","","Japon","JPX","JPY","51680","100000","XTKS","7414","REGION:ASIA","Volume 51680 < Seuil 100000 (1 cotations testées)"
"7413","SOKENSHA CO., LTD.","","Japon","JPX","JPY","1400","100000","XTKS","7413","REGION:ASIA","Volume 1400 < Seuil 100000 (1 cotations testées)"
"6870","FENWAL CONTROLS OF JAPAN LTD.","","Japon","JPX","JPY","10910","100000","XTKS","6870","REGION:ASIA","Volume 10910 < Seuil 100000 (1 cotations testées)"
"7122","KINKI SHARYO CO., LTD.","","Japon","JPX","JPY","2430","100000","XTKS","7122","REGION:ASIA","Volume 2430 < Seuil 100000 (1 cotations testées)"
"7129","MIAHELSA HOLDINGS CORP.","","Japon","JPX","JPY","61090","100000","XTKS","7129","REGION:ASIA","Volume 61090 < Seuil 100000 (1 cotations testées)"
"7128","MARUKA FURUSATO CORPORATION","","Japon","JPX","JPY","29450","100000","XTKS","7128","REGION:ASIA","Volume 29450 < Seuil 100000 (1 cotations testées)"
"7127","IKKA HOLDINGS CO., LTD.","","Japon","JPX","JPY","3440","100000","XTKS","7127","REGION:ASIA","Volume 3440 < Seuil 100000 (1 cotations testées)"
"6877","OBARA GROUP INCORPORATED","","Japon","JPX","JPY","74500","100000","XTKS","6877","REGION:ASIA","Volume 74500 < Seuil 100000 (1 cotations testées)"
"7426","YAMADAI CORPORATION","","Japon","JPX","JPY","5450","100000","XTKS","7426","REGION:ASIA","Volume 5450 < Seuil 100000 (1 cotations testées)"
"7126","GLOBAL STYLE CO., LTD.","","Japon","JPX","JPY","17100","100000","XTKS","7126","REGION:ASIA","Volume 17100 < Seuil 100000 (1 cotations testées)"
"7388","FP HOLDINGS, INC.","","Japon","JPX","JPY","50720","100000","XTKS","7388","REGION:ASIA","Volume 50720 < Seuil 100000 (1 cotations testées)"
"6874","KYORITSU ELECTRIC CORPORATION","","Japon","JPX","JPY","3640","100000","XTKS","6874","REGION:ASIA","Volume 3640 < Seuil 100000 (1 cotations testées)"
"7399","NANSIN CO., LTD.","","Japon","JPX","JPY","2410","100000","XTKS","7399","REGION:ASIA","Volume 2410 < Seuil 100000 (1 cotations testées)"
"7384","PROCREA HOLDINGS INC.","","Japon","JPX","JPY","90750","100000","XTKS","7384","REGION:ASIA","Volume 90750 < Seuil 100000 (1 cotations testées)"
"6863","NIRECO CORPORATION","","Japon","JPX","JPY","25400","100000","XTKS","6863","REGION:ASIA","Volume 25400 < Seuil 100000 (1 cotations testées)"
"7433","HAKUTO CO., LTD.","","Japon","JPX","JPY","91410","100000","XTKS","7433","REGION:ASIA","Volume 91410 < Seuil 100000 (1 cotations testées)"
"7463","ADVAN GROUP CO., LTD.","","Japon","JPX","JPY","17500","100000","XTKS","7463","REGION:ASIA","Volume 17500 < Seuil 100000 (1 cotations testées)"
"7462","CAPITA INC.","","Japon","JPX","JPY","14780","100000","XTKS","7462","REGION:ASIA","Volume 14780 < Seuil 100000 (1 cotations testées)"
"7461","KIMURA CO. LTD.","","Japon","JPX","JPY","4410","100000","XTKS","7461","REGION:ASIA","Volume 4410 < Seuil 100000 (1 cotations testées)"
"7460","YAGI & CO., LTD.","","Japon","JPX","JPY","23340","100000","XTKS","7460","REGION:ASIA","Volume 23340 < Seuil 100000 (1 cotations testées)"
"7456","MATSUDA SANGYO CO LTD","","Japon","JPX","JPY","88210","100000","XTKS","7456","REGION:ASIA","Volume 88210 < Seuil 100000 (1 cotations testées)"
"6850","CHINO CORP.","","Japon","JPX","JPY","36170","100000","XTKS","6850","REGION:ASIA","Volume 36170 < Seuil 100000 (1 cotations testées)"
"6853","KYOWA ELECTRONIC INSTRUMENTS CO. LTD.","","Japon","JPX","JPY","36840","100000","XTKS","6853","REGION:ASIA","Volume 36840 < Seuil 100000 (1 cotations testées)"
"7446","TOHOKU CHEMICAL CO. LTD.","","Japon","JPX","JPY","700","100000","XTKS","7446","REGION:ASIA","Volume 700 < Seuil 100000 (1 cotations testées)"
"7434","OTAKE CORPORATION","","Japon","JPX","JPY","1240","100000","XTKS","7434","REGION:ASIA","Volume 1240 < Seuil 100000 (1 cotations testées)"
"7435","NADEX CO., LTD.","","Japon","JPX","JPY","25360","100000","XTKS","7435","REGION:ASIA","Volume 25360 < Seuil 100000 (1 cotations testées)"
"6858","ONO SOKKI CO., LTD.","","Japon","JPX","JPY","0","100000","XTKS","6858","REGION:ASIA","Volume 0 < Seuil 100000 (1 cotations testées)"
"7427","ECHO TRADING CO. LTD.","","Japon","JPX","JPY","4030","100000","XTKS","7427","REGION:ASIA","Volume 4030 < Seuil 100000 (1 cotations testées)"
"7438","KONDOTEC INC.","","Japon","JPX","JPY","31890","100000","XTKS","7438","REGION:ASIA","Volume 31890 < Seuil 100000 (1 cotations testées)"
"7442","NAKAYAMAFUKU CO., LTD.","","Japon","JPX","JPY","7660","100000","XTKS","7442","REGION:ASIA","Volume 7660 < Seuil 100000 (1 cotations testées)"
"7443","YOKOHAMA GYORUI CO., LTD.","","Japon","JPX","JPY","2410","100000","XTKS","7443","REGION:ASIA","Volume 2410 < Seuil 100000 (1 cotations testées)"
"7444","HARIMA-KYOWA CO., LTD.","","Japon","JPX","JPY","1920","100000","XTKS","7444","REGION:ASIA","Volume 1920 < Seuil 100000 (1 cotations testées)"
"7441@F","MISUMI CO LTD","","Japon","JPX","JPY","660","100000","XTKS","7441@F","REGION:ASIA","Volume 660 < Seuil 100000 (1 cotations testées)"
"7068","FEEDFORCE GROUP INC.","","Japon","JPX","JPY","68180","100000","XTKS","7068","REGION:ASIA","Volume 68180 < Seuil 100000 (1 cotations testées)"
"6571","QB NET HOLDINGS CO., LTD.","","Japon","JPX","JPY","20930","100000","XTKS","6571","REGION:ASIA","Volume 20930 < Seuil 100000 (1 cotations testées)"
"7875","TAKEDA IP HOLDINGS CO., LTD.","","Japon","JPX","JPY","43240","100000","XTKS","7875","REGION:ASIA","Volume 43240 < Seuil 100000 (1 cotations testées)"
"6161","ESTIC CORPORATION","","Japon","JPX","JPY","8090","100000","XTKS","6161","REGION:ASIA","Volume 8090 < Seuil 100000 (1 cotations testées)"
"6165","PUNCH INDUSTRY CO., LTD.","","Japon","JPX","JPY","86100","100000","XTKS","6165","REGION:ASIA","Volume 86100 < Seuil 100000 (1 cotations testées)"
"8089","NICE LTD.","","Japon","JPX","JPY","3300","100000","XTKS","8089","REGION:ASIA","Volume 3300 < Seuil 100000 (1 cotations testées)"
"6167","FUJI DIE CO., LTD.","","Japon","JPX","JPY","57340","100000","XTKS","6167","REGION:ASIA","Volume 57340 < Seuil 100000 (1 cotations testées)"
"8085","NARASAKI SANGYO CO., LTD.","","Japon","JPX","JPY","1470","100000","XTKS","8085","REGION:ASIA","Volume 1470 < Seuil 100000 (1 cotations testées)"
"8084","RYODEN CORPORATION","","Japon","JPX","JPY","51780","100000","XTKS","8084","REGION:ASIA","Volume 51780 < Seuil 100000 (1 cotations testées)"
"6171","C.E. MANAGEMENT INTEGRATED LABORATORIES CO., LTD.","","Japon","JPX","JPY","21280","100000","XTKS","6171","REGION:ASIA","Volume 21280 < Seuil 100000 (1 cotations testées)"
"6176","BRANGISTA INC.","","Japon","JPX","JPY","54900","100000","XTKS","6176","REGION:ASIA","Volume 54900 < Seuil 100000 (1 cotations testées)"
"8079","SHOEI FOODS CORPORATION","","Japon","JPX","JPY","41840","100000","XTKS","8079","REGION:ASIA","Volume 41840 < Seuil 100000 (1 cotations testées)"
"8093","KYOKUTO BOEKI KAISHA LTD.","","Japon","JPX","JPY","38010","100000","XTKS","8093","REGION:ASIA","Volume 38010 < Seuil 100000 (1 cotations testées)"
"8077","TORQ INC.","","Japon","JPX","JPY","7900","100000","XTKS","8077","REGION:ASIA","Volume 7900 < Seuil 100000 (1 cotations testées)"
"6180","GMO MEDIA INC.","","Japon","JPX","JPY","880","100000","XTKS","6180","REGION:ASIA","Volume 880 < Seuil 100000 (1 cotations testées)"
"6181","TAMENY INC.","","Japon","JPX","JPY","36390","100000","XTKS","6181","REGION:ASIA","Volume 36390 < Seuil 100000 (1 cotations testées)"
"8075","SHINSHO CORPORATION","","Japon","JPX","JPY","42660","100000","XTKS","8075","REGION:ASIA","Volume 42660 < Seuil 100000 (1 cotations testées)"
"8074","YUASA TRADING CO., LTD.","","Japon","JPX","JPY","27420","100000","XTKS","8074","REGION:ASIA","Volume 27420 < Seuil 100000 (1 cotations testées)"
"8070","TOKYO SANGYO CO., LTD.","","Japon","JPX","JPY","75000","100000","XTKS","8070","REGION:ASIA","Volume 75000 < Seuil 100000 (1 cotations testées)"
"6159","MICRON MACHINERY CO., LTD.","","Japon","JPX","JPY","1600","100000","XTKS","6159","REGION:ASIA","Volume 1600 < Seuil 100000 (1 cotations testées)"
"8118","KING CO., LTD.","","Japon","JPX","JPY","37600","100000","XTKS","8118","REGION:ASIA","Volume 37600 < Seuil 100000 (1 cotations testées)"
"8117","CENTRAL AUTOMOTIVE PRODUCTS LTD.","","Japon","JPX","JPY","93000","100000","XTKS","8117","REGION:ASIA","Volume 93000 < Seuil 100000 (1 cotations testées)"
"8115","MOONBAT CO., LTD.","","Japon","JPX","JPY","5840","100000","XTKS","8115","REGION:ASIA","Volume 5840 < Seuil 100000 (1 cotations testées)"
"6137","KOIKE SANSO KOGYO CO., LTD.","","Japon","JPX","JPY","42070","100000","XTKS","6137","REGION:ASIA","Volume 42070 < Seuil 100000 (1 cotations testées)"
"8113","UNICHARM CORPORATION","","Japon","JPX","JPY","40000","100000","XTKS","8113","REGION:ASIA","Volume 40000 < Seuil 100000 (1 cotations testées)"
"8111","GOLDWIN INC.","","Japon","JPX","JPY","0","100000","XTKS","8111","REGION:ASIA","Volume 0 < Seuil 100000 (1 cotations testées)"
"8108","YAMAE HISANO CO., LTD.","","Japon","JPX","JPY","50780","100000","XTKS","8108","REGION:ASIA","Volume 50780 < Seuil 100000 (1 cotations testées)"
"6144","SEIBU ELECTRIC & MACHINERY CO., LTD.","","Japon","JPX","JPY","8960","100000","XTKS","6144","REGION:ASIA","Volume 8960 < Seuil 100000 (1 cotations testées)"
"6157","NS TOOL CO., LTD.","","Japon","JPX","JPY","68910","100000","XTKS","6157","REGION:ASIA","Volume 68910 < Seuil 100000 (1 cotations testées)"
"6156","A-ONE SEIMITSU INC.","","Japon","JPX","JPY","12350","100000","XTKS","6156","REGION:ASIA","Volume 12350 < Seuil 100000 (1 cotations testées)"
"8097","SAN-AI OBBLI CO., LTD.","","Japon","JPX","JPY","87260","100000","XTKS","8097","REGION:ASIA","Volume 87260 < Seuil 100000 (1 cotations testées)"
"6155","TAKAMATSU MACHINERY CO., LTD.","","Japon","JPX","JPY","3830","100000","XTKS","6155","REGION:ASIA","Volume 3830 < Seuil 100000 (1 cotations testées)"
"8098","INABATA & CO., LTD.","","Japon","JPX","JPY","86720","100000","XTKS","8098","REGION:ASIA","Volume 86720 < Seuil 100000 (1 cotations testées)"
"8101","GSI CREOS CORPORATION","","Japon","JPX","JPY","68880","100000","XTKS","8101","REGION:ASIA","Volume 68880 < Seuil 100000 (1 cotations testées)"
"6189","GLOBAL KIDS CO. CORP.","","Japon","JPX","JPY","0","100000","XTKS","6189","REGION:ASIA","Volume 0 < Seuil 100000 (1 cotations testées)"
"6151","NITTO KOHKI CO., LTD.","","Japon","JPX","JPY","16320","100000","XTKS","6151","REGION:ASIA","Volume 16320 < Seuil 100000 (1 cotations testées)"
"6149","ODAWARA ENGINEERING CO., LTD.","","Japon","JPX","JPY","14390","100000","XTKS","6149","REGION:ASIA","Volume 14390 < Seuil 100000 (1 cotations testées)"
"8103","MEIWA CORPORATION","","Japon","JPX","JPY","12300","100000","XTKS","8103","REGION:ASIA","Volume 12300 < Seuil 100000 (1 cotations testées)"
"8104","KUWAZAWA HOLDINGS CORP.","","Japon","JPX","JPY","10950","100000","XTKS","8104","REGION:ASIA","Volume 10950 < Seuil 100000 (1 cotations testées)"
"6147","YAMAZAKI CO., LTD.","","Japon","JPX","JPY","6770","100000","XTKS","6147","REGION:ASIA","Volume 6770 < Seuil 100000 (1 cotations testées)"
"6150","TAKEDA MACHINERY CO., LTD.","","Japon","JPX","JPY","910","100000","XTKS","6150","REGION:ASIA","Volume 910 < Seuil 100000 (1 cotations testées)"
"8119","SANYEI CORPORATION","","Japon","JPX","JPY","2690","100000","XTKS","8119","REGION:ASIA","Volume 2690 < Seuil 100000 (1 cotations testées)"
"8065","SATO SHOJI CORPORATION","","Japon","JPX","JPY","46000","100000","XTKS","8065","REGION:ASIA","Volume 46000 < Seuil 100000 (1 cotations testées)"
"6228","J.E.T. CO. LTD.","","Japon","JPX","JPY","5634","100000","XTKS","6228","REGION:ASIA","Volume 5634 < Seuil 100000 (1 cotations testées)"
"6229","OKUMURA ENGINEERING CORPORATION","","Japon","JPX","JPY","18250","100000","XTKS","6229","REGION:ASIA","Volume 18250 < Seuil 100000 (1 cotations testées)"
"6230","SANEI LTD.","","Japon","JPX","JPY","2620","100000","XTKS","6230","REGION:ASIA","Volume 2620 < Seuil 100000 (1 cotations testées)"
"6231","KIMURA KOHKI CO. LTD.","","Japon","JPX","JPY","9860","100000","XTKS","6231","REGION:ASIA","Volume 9860 < Seuil 100000 (1 cotations testées)"
"8031","MITSUI & CO., LTD.","","Japon","JPX","JPY","75400","100000","XTKS","8031","REGION:ASIA","Volume 75400 < Seuil 100000 (1 cotations testées)"
"6233","KLASS CORP","","Japon","JPX","JPY","2030","100000","XTKS","6233","REGION:ASIA","Volume 2030 < Seuil 100000 (1 cotations testées)"
"7091","LIVING PLATFORM LTD.","","Japon","JPX","JPY","6600","100000","XTKS","7091","REGION:ASIA","Volume 6600 < Seuil 100000 (1 cotations testées)"
"8029","LOOK HOLDINGS INC.","","Japon","JPX","JPY","32500","100000","XTKS","8029","REGION:ASIA","Volume 32500 < Seuil 100000 (1 cotations testées)"
"6238","FURYU CORPORATION","","Japon","JPX","JPY","79220","100000","XTKS","6238","REGION:ASIA","Volume 79220 < Seuil 100000 (1 cotations testées)"
"6239","NAGAOKA INTERNATIONAL CORP.","","Japon","JPX","JPY","5840","100000","XTKS","6239","REGION:ASIA","Volume 5840 < Seuil 100000 (1 cotations testées)"
"8025","TSUKAMOTO CORPORATION CO., LTD.","","Japon","JPX","JPY","1630","100000","XTKS","8025","REGION:ASIA","Volume 1630 < Seuil 100000 (1 cotations testées)"
"8023","DAIKO DENSHI TSUSHIN LTD.","","Japon","JPX","JPY","36000","100000","XTKS","8023","REGION:ASIA","Volume 36000 < Seuil 100000 (1 cotations testées)"
"6245","HIRANO TECSEED CO., LTD.","","Japon","JPX","JPY","97670","100000","XTKS","6245","REGION:ASIA","Volume 97670 < Seuil 100000 (1 cotations testées)"
"6246","TECHNO SMART CORP","","Japon","JPX","JPY","12540","100000","XTKS","6246","REGION:ASIA","Volume 12540 < Seuil 100000 (1 cotations testées)"
"6247","HISAKA WORKS LTD.","","Japon","JPX","JPY","47330","100000","XTKS","6247","REGION:ASIA","Volume 47330 < Seuil 100000 (1 cotations testées)"
"6248","YOKOTA MANUFACTURING CO., LTD.","","Japon","JPX","JPY","1400","100000","XTKS","6248","REGION:ASIA","Volume 1400 < Seuil 100000 (1 cotations testées)"
"6249","GAMECARD-JOYCO HOLDINGS INC.","","Japon","JPX","JPY","9210","100000","XTKS","6249","REGION:ASIA","Volume 9210 < Seuil 100000 (1 cotations testées)"
"6250","YAMABIKO CORPORATION","","Japon","JPX","JPY","83530","100000","XTKS","6250","REGION:ASIA","Volume 83530 < Seuil 100000 (1 cotations testées)"
"6257","FUJISHOJI CO., LTD.","","Japon","JPX","JPY","11890","100000","XTKS","6257","REGION:ASIA","Volume 11890 < Seuil 100000 (1 cotations testées)"
"6193","VIRTUALEX HOLDINGS INC.","","Japon","JPX","JPY","24000","100000","XTKS","6193","REGION:ASIA","Volume 24000 < Seuil 100000 (1 cotations testées)"
"6194","ATRAE INC.","","Japon","JPX","JPY","96280","100000","XTKS","6194","REGION:ASIA","Volume 96280 < Seuil 100000 (1 cotations testées)"
"6195","HOPE INC.","","Japon","JPX","JPY","14870","100000","XTKS","6195","REGION:ASIA","Volume 14870 < Seuil 100000 (1 cotations testées)"
"8057","UCHIDA YOKO CO., LTD.","","Japon","JPX","JPY","38760","100000","XTKS","8057","REGION:ASIA","Volume 38760 < Seuil 100000 (1 cotations testées)"
"6197","SOLASTO CORPORATION","","Japon","JPX","JPY","44600","100000","XTKS","6197","REGION:ASIA","Volume 44600 < Seuil 100000 (1 cotations testées)"
"8053","SUMITOMO CORPORATION","","Japon","JPX","JPY","92500","100000","XTKS","8053","REGION:ASIA","Volume 92500 < Seuil 100000 (1 cotations testées)"
"8052","TSUBAKIMOTO KOGYO CO., LTD.","","Japon","JPX","JPY","0","100000","XTKS","8052","REGION:ASIA","Volume 0 < Seuil 100000 (1 cotations testées)"
"8051","YAMAZEN CORPORATION","","Japon","JPX","JPY","400","100000","XTKS","8051","REGION:ASIA","Volume 400 < Seuil 100000 (1 cotations testées)"
"8039","TSUKIJI UOICHIBA CO., LTD.","","Japon","JPX","JPY","0","100000","XTKS","8039","REGION:ASIA","Volume 0 < Seuil 100000 (1 cotations testées)"
"6218","ENSHU LTD.","","Japon","JPX","JPY","12500","100000","XTKS","6218","REGION:ASIA","Volume 12500 < Seuil 100000 (1 cotations testées)"
"8040","TOKYO SOIR CO., LTD.","","Japon","JPX","JPY","61000","100000","XTKS","8040","REGION:ASIA","Volume 61000 < Seuil 100000 (1 cotations testées)"
"6190","PHOENIXBIO CO., LTD.","","Japon","JPX","JPY","3630","100000","XTKS","6190","REGION:ASIA","Volume 3630 < Seuil 100000 (1 cotations testées)"
"8043","STARZEN CO., LTD.","","Japon","JPX","JPY","1500","100000","XTKS","8043","REGION:ASIA","Volume 1500 < Seuil 100000 (1 cotations testées)"
"8045","YOKOHAMA MARUUO CO., LTD.","","Japon","JPX","JPY","1640","100000","XTKS","8045","REGION:ASIA","Volume 1640 < Seuil 100000 (1 cotations testées)"
"8046","MARUFUJI SHEET PILING CO., LTD.","","Japon","JPX","JPY","18880","100000","XTKS","8046","REGION:ASIA","Volume 18880 < Seuil 100000 (1 cotations testées)"
"6208","ISHIKAWA SEISAKUSHO LTD.","","Japon","JPX","JPY","58210","100000","XTKS","6208","REGION:ASIA","Volume 58210 < Seuil 100000 (1 cotations testées)"
"6286","SEIKO GROUP CORPORATION","","Japon","JPX","JPY","5440","100000","XTKS","6286","REGION:ASIA","Volume 5440 < Seuil 100000 (2 cotations testées)"
"8125","WAKITA & COMPANY LIMITED","","Japon","JPX","JPY","94784","100000","XTKS","8125","REGION:ASIA","Volume 94784 < Seuil 100000 (1 cotations testées)"
"6125","OKAMOTO MACHINE TOOL WORKS LTD.","","Japon","JPX","JPY","52360","100000","XTKS","6125","REGION:ASIA","Volume 52360 < Seuil 100000 (1 cotations testées)"
"6045","RENTRACKS CO., LTD.","","Japon","JPX","JPY","7060","100000","XTKS","6045","REGION:ASIA","Volume 7060 < Seuil 100000 (1 cotations testées)"
"6046","LINKBAL INC.","","Japon","JPX","JPY","26150","100000","XTKS","6046","REGION:ASIA","Volume 26150 < Seuil 100000 (1 cotations testées)"
"7074","TWENTY-FOUR SEVEN INC.","","Japon","JPX","JPY","5540","100000","XTKS","7074","REGION:ASIA","Volume 5540 < Seuil 100000 (1 cotations testées)"
"6050","E-GUARDIAN INC.","","Japon","JPX","JPY","19590","100000","XTKS","6050","REGION:ASIA","Volume 19590 < Seuil 100000 (1 cotations testées)"
"132A","IN HOLDINGS CO., LTD.","","Japon","JPX","JPY","0","100000","XTKS","132A","REGION:ASIA","Volume 0 < Seuil 100000 (1 cotations testées)"
"7075","QLS HOLDINGS CO., LTD.","","Japon","JPX","JPY","3580","100000","XTKS","7075","REGION:ASIA","Volume 3580 < Seuil 100000 (1 cotations testées)"
"7077","ALINK INTERNET INC.","","Japon","JPX","JPY","1460","100000","XTKS","7077","REGION:ASIA","Volume 1460 < Seuil 100000 (1 cotations testées)"
"8202","LAOX HOLDINGS CO., LTD.","","Japon","JPX","JPY","77100","100000","XTKS","8202","REGION:ASIA","Volume 77100 < Seuil 100000 (1 cotations testées)"
"130A","VERITAS IN SILICO INC.","","Japon","JPX","JPY","8850","100000","XTKS","130A","REGION:ASIA","Volume 8850 < Seuil 100000 (1 cotations testées)"
"6044","SANKI SERVICE CORPORATION","","Japon","JPX","JPY","29980","100000","XTKS","6044","REGION:ASIA","Volume 29980 < Seuil 100000 (1 cotations testées)"
"8200","RINGER HUT CO., LTD.","","Japon","JPX","JPY","29750","100000","XTKS","8200","REGION:ASIA","Volume 29750 < Seuil 100000 (1 cotations testées)"
"1301","KYOKUYO CO., LTD.","","Japon","JPX","JPY","25000","100000","XTKS","1301","REGION:ASIA","Volume 25000 < Seuil 100000 (1 cotations testées)"
"7078","INCLUSIVE INC.","","Japon","JPX","JPY","13430","100000","XTKS","7078","REGION:ASIA","Volume 13430 < Seuil 100000 (1 cotations testées)"
"7079","WDB COCO CO., LTD.","","Japon","JPX","JPY","1760","100000","XTKS","7079","REGION:ASIA","Volume 1760 < Seuil 100000 (1 cotations testées)"
"7080","SPORTSFIELD CO., LTD.","","Japon","JPX","JPY","10020","100000","XTKS","7080","REGION:ASIA","Volume 10020 < Seuil 100000 (1 cotations testées)"
"7081","KOYOU RENTIA CO., LTD.","","Japon","JPX","JPY","2270","100000","XTKS","7081","REGION:ASIA","Volume 2270 < Seuil 100000 (1 cotations testées)"
"7082","JIMOTY INC.","","Japon","JPX","JPY","47580","100000","XTKS","7082","REGION:ASIA","Volume 47580 < Seuil 100000 (1 cotations testées)"
"8181","TOTENKO CO., LTD.","","Japon","JPX","JPY","12800","100000","XTKS","8181","REGION:ASIA","Volume 12800 < Seuil 100000 (1 cotations testées)"
"7083","AHC GROUP INC.","","Japon","JPX","JPY","5790","100000","XTKS","7083","REGION:ASIA","Volume 5790 < Seuil 100000 (1 cotations testées)"
"7084","SMILE HOLDINGS INC.","","Japon","JPX","JPY","3080","100000","XTKS","7084","REGION:ASIA","Volume 3080 < Seuil 100000 (1 cotations testées)"
"6042","NIKKI CO., LTD.","","Japon","JPX","JPY","720","100000","XTKS","6042","REGION:ASIA","Volume 720 < Seuil 100000 (1 cotations testées)"
"6040","NIPPON SKI RESORT DEVELOPMENT CO., LTD.","","Japon","JPX","JPY","66770","100000","XTKS","6040","REGION:ASIA","Volume 66770 < Seuil 100000 (1 cotations testées)"
"7073","JAIC CO., LTD.","","Japon","JPX","JPY","2380","100000","XTKS","7073","REGION:ASIA","Volume 2380 < Seuil 100000 (1 cotations testées)"
"1419","TAMA HOME CO., LTD.","","Japon","JPX","JPY","22000","100000","XTKS","1419","REGION:ASIA","Volume 22000 < Seuil 100000 (1 cotations testées)"
"1418","INTERLIFE HOLDINGS CO., LTD.","","Japon","JPX","JPY","51600","100000","XTKS","1418","REGION:ASIA","Volume 51600 < Seuil 100000 (1 cotations testées)"
"7069","CYBERBUZZ INC.","","Japon","JPX","JPY","10680","100000","XTKS","7069","REGION:ASIA","Volume 10680 < Seuil 100000 (1 cotations testées)"
"6039","JAPAN ANIMAL REFERRAL MEDICAL CENTER CO., LTD.","","Japon","JPX","JPY","51120","100000","XTKS","6039","REGION:ASIA","Volume 51120 < Seuil 100000 (1 cotations testées)"
"8218","KOMERI CO., LTD.","","Japon","JPX","JPY","0","100000","XTKS","8218","REGION:ASIA","Volume 0 < Seuil 100000 (1 cotations testées)"
"135A","VRAIN SOLUTION INC.","","Japon","JPX","JPY","0","100000","XTKS","135A","REGION:ASIA","Volume 0 < Seuil 100000 (1 cotations testées)"
"1376","KANEKO SEEDS CO., LTD.","","Japon","JPX","JPY","0","100000","XTKS","1376","REGION:ASIA","Volume 0 < Seuil 100000 (1 cotations testées)"
"8207","TEN ALLIED CO., LTD.","","Japon","JPX","JPY","16280","100000","XTKS","8207","REGION:ASIA","Volume 16280 < Seuil 100000 (1 cotations testées)"
"1379","HOKUTO CORPORATION","","Japon","JPX","JPY","74110","100000","XTKS","1379","REGION:ASIA","Volume 74110 < Seuil 100000 (1 cotations testées)"
"137A","COCOLIVE INC.","","Japon","JPX","JPY","5580","100000","XTKS","137A","REGION:ASIA","Volume 5580 < Seuil 100000 (1 cotations testées)"
"1381","AXYZ CO., LTD.","","Japon","JPX","JPY","3470","100000","XTKS","1381","REGION:ASIA","Volume 3470 < Seuil 100000 (1 cotations testées)"
"1383","BERG EARTH CO. LTD.","","Japon","JPX","JPY","1900","100000","XTKS","1383","REGION:ASIA","Volume 1900 < Seuil 100000 (1 cotations testées)"
"1384","HOKURYO CO., LTD.","","Japon","JPX","JPY","19280","100000","XTKS","1384","REGION:ASIA","Volume 19280 < Seuil 100000 (1 cotations testées)"
"138A","HIKARI FOOD SERVICE CO., LTD.","","Japon","JPX","JPY","1200","100000","XTKS","138A","REGION:ASIA","Volume 1200 < Seuil 100000 (1 cotations testées)"
"7072","INTIMATE MERGER INC.","","Japon","JPX","JPY","3040","100000","XTKS","7072","REGION:ASIA","Volume 3040 < Seuil 100000 (1 cotations testées)"
"8167","RETAIL PARTNERS CO., LTD.","","Japon","JPX","JPY","84320","100000","XTKS","8167","REGION:ASIA","Volume 84320 < Seuil 100000 (1 cotations testées)"
"8166","TAKA-Q LTD.","","Japon","JPX","JPY","30010","100000","XTKS","8166","REGION:ASIA","Volume 30010 < Seuil 100000 (1 cotations testées)"
"6054","LIVESENSE INC.","","Japon","JPX","JPY","22050","100000","XTKS","6054","REGION:ASIA","Volume 22050 < Seuil 100000 (1 cotations testées)"
"6090","HUMAN METABOLOME TECHNOLOGIES INC.","","Japon","JPX","JPY","9040","100000","XTKS","6090","REGION:ASIA","Volume 9040 < Seuil 100000 (1 cotations testées)"
"6091","WESCO HOLDINGS INC.","","Japon","JPX","JPY","24090","100000","XTKS","6091","REGION:ASIA","Volume 24090 < Seuil 100000 (1 cotations testées)"
"6092","ENBIO HOLDINGS INC.","","Japon","JPX","JPY","18490","100000","XTKS","6092","REGION:ASIA","Volume 18490 < Seuil 100000 (1 cotations testées)"
"6093","ESCROW AGENT JAPAN INC.","","Japon","JPX","JPY","20000","100000","XTKS","6093","REGION:ASIA","Volume 20000 < Seuil 100000 (1 cotations testées)"
"8147","TOMITA CO., LTD.","","Japon","JPX","JPY","48450","100000","XTKS","8147","REGION:ASIA","Volume 48450 < Seuil 100000 (1 cotations testées)"
"6094","FREAKOUT HOLDINGS INC.","","Japon","JPX","JPY","17670","100000","XTKS","6094","REGION:ASIA","Volume 17670 < Seuil 100000 (1 cotations testées)"
"7089","FOR STARTUPS INC.","","Japon","JPX","JPY","20490","100000","XTKS","7089","REGION:ASIA","Volume 20490 < Seuil 100000 (1 cotations testées)"
"6096","RAREJOB INC.","","Japon","JPX","JPY","19850","100000","XTKS","6096","REGION:ASIA","Volume 19850 < Seuil 100000 (1 cotations testées)"
"8144","DENKYO GROUP HOLDINGS CO., LTD.","","Japon","JPX","JPY","4790","100000","XTKS","8144","REGION:ASIA","Volume 4790 < Seuil 100000 (1 cotations testées)"
"8143","LAPINE CO. LTD.","","Japon","JPX","JPY","48690","100000","XTKS","8143","REGION:ASIA","Volume 48690 < Seuil 100000 (1 cotations testées)"
"7090","LIGUA INC.","","Japon","JPX","JPY","850","100000","XTKS","7090","REGION:ASIA","Volume 850 < Seuil 100000 (1 cotations testées)"
"8127","YAMATO INTERNATIONAL INC.","","Japon","JPX","JPY","5790","100000","XTKS","8127","REGION:ASIA","Volume 5790 < Seuil 100000 (1 cotations testées)"
"6118","AIDA ENGINEERING LTD.","","Japon","JPX","JPY","32000","100000","XTKS","6118","REGION:ASIA","Volume 32000 < Seuil 100000 (1 cotations testées)"
"8132","SINANEN HOLDINGS CO., LTD.","","Japon","JPX","JPY","4860","100000","XTKS","8132","REGION:ASIA","Volume 4860 < Seuil 100000 (1 cotations testées)"
"6089","WILL GROUP, INC.","","Japon","JPX","JPY","40430","100000","XTKS","6089","REGION:ASIA","Volume 40430 < Seuil 100000 (1 cotations testées)"
"8138","SANKYO KASEI CORPORATION","","Japon","JPX","JPY","700","100000","XTKS","8138","REGION:ASIA","Volume 700 < Seuil 100000 (1 cotations testées)"
"8139","NAGAHORI CORPORATION","","Japon","JPX","JPY","26600","100000","XTKS","8139","REGION:ASIA","Volume 26600 < Seuil 100000 (1 cotations testées)"
"8135","ZETT CORP","","Japon","JPX","JPY","16640","100000","XTKS","8135","REGION:ASIA","Volume 16640 < Seuil 100000 (1 cotations testées)"
"6086","SHIN MAINT HOLDINGS CO., LTD.","","Japon","JPX","JPY","29050","100000","XTKS","6086","REGION:ASIA","Volume 29050 < Seuil 100000 (1 cotations testées)"
"8165","SENSHUKAI CO., LTD.","","Japon","JPX","JPY","88550","100000","XTKS","8165","REGION:ASIA","Volume 88550 < Seuil 100000 (1 cotations testées)"
"7087","WILLTEC CO., LTD.","","Japon","JPX","JPY","1610","100000","XTKS","7087","REGION:ASIA","Volume 1610 < Seuil 100000 (1 cotations testées)"
"8159","TACHIBANA ELETECH CO., LTD.","","Japon","JPX","JPY","67000","100000","XTKS","8159","REGION:ASIA","Volume 67000 < Seuil 100000 (1 cotations testées)"
"6059","UCHIYAMA HOLDINGS CO., LTD.","","Japon","JPX","JPY","8390","100000","XTKS","6059","REGION:ASIA","Volume 8390 < Seuil 100000 (1 cotations testées)"
"6061","UNIVERSAL ENGESHA CO. LTD.","","Japon","JPX","JPY","5770","100000","XTKS","6061","REGION:ASIA","Volume 5770 < Seuil 100000 (1 cotations testées)"
"6062","CHARM CARE CORP","","Japon","JPX","JPY","55750","100000","XTKS","6062","REGION:ASIA","Volume 55750 < Seuil 100000 (1 cotations testées)"
"8157","TSUZUKI DENKI CO., LTD.","","Japon","JPX","JPY","38850","100000","XTKS","8157","REGION:ASIA","Volume 38850 < Seuil 100000 (1 cotations testées)"
"8153","MOS FOOD SERVICES INC.","","Japon","JPX","JPY","80000","100000","XTKS","8153","REGION:ASIA","Volume 80000 < Seuil 100000 (1 cotations testées)"
"6070","CAREERLINK CO., LTD.","","Japon","JPX","JPY","20380","100000","XTKS","6070","REGION:ASIA","Volume 20380 < Seuil 100000 (1 cotations testées)"
"8150","SANSHIN ELECTRONICS CO., LTD.","","Japon","JPX","JPY","35950","100000","XTKS","8150","REGION:ASIA","Volume 35950 < Seuil 100000 (1 cotations testées)"
"6082","RIDE ON EXPRESS HOLDINGS CO., LTD.","","Japon","JPX","JPY","7650","100000","XTKS","6082","REGION:ASIA","Volume 7650 < Seuil 100000 (1 cotations testées)"
"6081","ALLIED ARCHITECTS INC.","","Japon","JPX","JPY","55840","100000","XTKS","6081","REGION:ASIA","Volume 55840 < Seuil 100000 (1 cotations testées)"
"6087","ABIST CO., LTD.","","Japon","JPX","JPY","2900","100000","XTKS","6087","REGION:ASIA","Volume 2900 < Seuil 100000 (1 cotations testées)"
"6076@F","AMAZE CO LTD","","Japon","JPX","JPY","6280","100000","XTKS","6076@F","REGION:ASIA","Volume 6280 < Seuil 100000 (1 cotations testées)"
"6074","JSS CORPORATION","","Japon","JPX","JPY","2460","100000","XTKS","6074","REGION:ASIA","Volume 2460 < Seuil 100000 (1 cotations testées)"
"6073","ASANTE INC.","","Japon","JPX","JPY","16110","100000","XTKS","6073","REGION:ASIA","Volume 16110 < Seuil 100000 (1 cotations testées)"
"8152","SOMAR CORP.","","Japon","JPX","JPY","29000","100000","XTKS","8152","REGION:ASIA","Volume 29000 < Seuil 100000 (1 cotations testées)"
"6570","KYOWA CORPORATION CO. LTD.","","Japon","JPX","JPY","7650","100000","XTKS","6570","REGION:ASIA","Volume 7650 < Seuil 100000 (1 cotations testées)"
"6262","PEGASUS CO., LTD.","","Japon","JPX","JPY","40750","100000","XTKS","6262","REGION:ASIA","Volume 40750 < Seuil 100000 (1 cotations testées)"
"6492","OKANO VALVE MANUFACTURING CO., LTD.","","Japon","JPX","JPY","32730","100000","XTKS","6492","REGION:ASIA","Volume 32730 < Seuil 100000 (1 cotations testées)"
"7953","KIKUSUI CHEMICAL INDUSTRIES CO., LTD.","","Japon","JPX","JPY","6810","100000","XTKS","7953","REGION:ASIA","Volume 6810 < Seuil 100000 (1 cotations testées)"
"7952","KAWAI MUSICAL INSTRUMENTS MANUFACTURING CO. LTD.","","Japon","JPX","JPY","23550","100000","XTKS","7952","REGION:ASIA","Volume 23550 < Seuil 100000 (1 cotations testées)"
"7095","MACBEE PLANET INC.","","Japon","JPX","JPY","72480","100000","XTKS","7095","REGION:ASIA","Volume 72480 < Seuil 100000 (1 cotations testées)"
"6496","NAKAKITA SEISAKUSHO CO., LTD.","","Japon","JPX","JPY","12720","100000","XTKS","6496","REGION:ASIA","Volume 12720 < Seuil 100000 (1 cotations testées)"
"6497","HAMAI INDUSTRIES LTD.","","Japon","JPX","JPY","3910","100000","XTKS","6497","REGION:ASIA","Volume 3910 < Seuil 100000 (1 cotations testées)"
"7949","KOMATSU WALL INDUSTRY CO., LTD.","","Japon","JPX","JPY","60020","100000","XTKS","7949","REGION:ASIA","Volume 60020 < Seuil 100000 (1 cotations testées)"
"7955","CLEANUP CORP.","","Japon","JPX","JPY","44870","100000","XTKS","7955","REGION:ASIA","Volume 44870 < Seuil 100000 (1 cotations testées)"
"7944","ROLAND CORPORATION","","Japon","JPX","JPY","92720","100000","XTKS","7944","REGION:ASIA","Volume 92720 < Seuil 100000 (1 cotations testées)"
"7943","NICHIHA CORPORATION","","Japon","JPX","JPY","61240","100000","XTKS","7943","REGION:ASIA","Volume 61240 < Seuil 100000 (1 cotations testées)"
"6506@F","YASKAWA ELECTRIC CORP","","Japon","JPX","JPY","500","100000","XTKS","6506@F","REGION:ASIA","Volume 500 < Seuil 100000 (1 cotations testées)"
"7942","JSP CORPORATION","","Japon","JPX","JPY","46990","100000","XTKS","7942","REGION:ASIA","Volume 46990 < Seuil 100000 (1 cotations testées)"
"7939","KENSHO CO., LTD.","","Japon","JPX","JPY","1720","100000","XTKS","7939","REGION:ASIA","Volume 1720 < Seuil 100000 (1 cotations testées)"
"7938","REGAL CORPORATION","","Japon","JPX","JPY","2550","100000","XTKS","7938","REGION:ASIA","Volume 2550 < Seuil 100000 (1 cotations testées)"
"6513","ORIGIN CO., LTD.","","Japon","JPX","JPY","6100","100000","XTKS","6513","REGION:ASIA","Volume 6100 < Seuil 100000 (1 cotations testées)"
"7937","TSUTSUMI JEWELRY CO., LTD.","","Japon","JPX","JPY","7120","100000","XTKS","7937","REGION:ASIA","Volume 7120 < Seuil 100000 (1 cotations testées)"
"7957","FUJICOPIAN CO., LTD.","","Japon","JPX","JPY","3400","100000","XTKS","7957","REGION:ASIA","Volume 3400 < Seuil 100000 (1 cotations testées)"
"6466","TVE CO., LTD.","","Japon","JPX","JPY","11860","100000","XTKS","6466","REGION:ASIA","Volume 11860 < Seuil 100000 (1 cotations testées)"
"7980","SHIGEMATSU WORKS CO., LTD.","","Japon","JPX","JPY","9080","100000","XTKS","7980","REGION:ASIA","Volume 9080 < Seuil 100000 (1 cotations testées)"
"6467","NICHIDAI CORPORATION","","Japon","JPX","JPY","5680","100000","XTKS","6467","REGION:ASIA","Volume 5680 < Seuil 100000 (1 cotations testées)"
"7979","SHOFU INC.","","Japon","JPX","JPY","84640","100000","XTKS","7979","REGION:ASIA","Volume 84640 < Seuil 100000 (1 cotations testées)"
"7976","MITSUBISHI PENCIL CO., LTD.","","Japon","JPX","JPY","87430","100000","XTKS","7976","REGION:ASIA","Volume 87430 < Seuil 100000 (1 cotations testées)"
"6470","TAIHO KOGYO CO., LTD.","","Japon","JPX","JPY","98300","100000","XTKS","6470","REGION:ASIA","Volume 98300 < Seuil 100000 (1 cotations testées)"
"7975","LIHIT LAB INC.","","Japon","JPX","JPY","1180","100000","XTKS","7975","REGION:ASIA","Volume 1180 < Seuil 100000 (1 cotations testées)"
"7962","KING JIM CO., LTD.","","Japon","JPX","JPY","40810","100000","XTKS","7962","REGION:ASIA","Volume 40810 < Seuil 100000 (1 cotations testées)"
"6488","YOSHITAKE INC.","","Japon","JPX","JPY","4150","100000","XTKS","6488","REGION:ASIA","Volume 4150 < Seuil 100000 (1 cotations testées)"
"7963","KOKEN LTD.","","Japon","JPX","JPY","4120","100000","XTKS","7963","REGION:ASIA","Volume 4120 < Seuil 100000 (1 cotations testées)"
"6485","MAEZAWA KYUSO INDUSTRIES CO. LTD.","","Japon","JPX","JPY","20610","100000","XTKS","6485","REGION:ASIA","Volume 20610 < Seuil 100000 (1 cotations testées)"
"6484","KVK CORPORATION","","Japon","JPX","JPY","1810","100000","XTKS","6484","REGION:ASIA","Volume 1810 < Seuil 100000 (1 cotations testées)"
"6482","YUSHIN PRECISION EQUIPMENT CO., LTD.","","Japon","JPX","JPY","53400","100000","XTKS","6482","REGION:ASIA","Volume 53400 < Seuil 100000 (1 cotations testées)"
"7983","MIROKU CORPORATION","","Japon","JPX","JPY","960","100000","XTKS","7983","REGION:ASIA","Volume 960 < Seuil 100000 (1 cotations testées)"
"6517","DENYO CO., LTD.","","Japon","JPX","JPY","35540","100000","XTKS","6517","REGION:ASIA","Volume 35540 < Seuil 100000 (1 cotations testées)"
"6518","SANSO ELECTRIC CO. LTD.","","Japon","JPX","JPY","8350","100000","XTKS","6518","REGION:ASIA","Volume 8350 < Seuil 100000 (1 cotations testées)"
"6547","GREENS CO., LTD.","","Japon","JPX","JPY","39710","100000","XTKS","6547","REGION:ASIA","Volume 39710 < Seuil 100000 (1 cotations testées)"
"7901","MATSUMOTO INC.","","Japon","JPX","JPY","5720","100000","XTKS","7901","REGION:ASIA","Volume 5720 < Seuil 100000 (1 cotations testées)"
"7898","WOOD ONE CO., LTD.","","Japon","JPX","JPY","4950","100000","XTKS","7898","REGION:ASIA","Volume 4950 < Seuil 100000 (1 cotations testées)"
"6549","DM SOLUTIONS CO., LTD.","","Japon","JPX","JPY","4180","100000","XTKS","6549","REGION:ASIA","Volume 4180 < Seuil 100000 (1 cotations testées)"
"6551","TSUNAGU GROUP HOLDINGS INC.","","Japon","JPX","JPY","24220","100000","XTKS","6551","REGION:ASIA","Volume 24220 < Seuil 100000 (1 cotations testées)"
"6552","GAMEWITH INC.","","Japon","JPX","JPY","97790","100000","XTKS","6552","REGION:ASIA","Volume 97790 < Seuil 100000 (1 cotations testées)"
"7896","SEVEN INDUSTRIES CO., LTD.","","Japon","JPX","JPY","660","100000","XTKS","7896","REGION:ASIA","Volume 660 < Seuil 100000 (1 cotations testées)"
"6554","SUSCO LTD.","","Japon","JPX","JPY","8330","100000","XTKS","6554","REGION:ASIA","Volume 8330 < Seuil 100000 (1 cotations testées)"
"7894@F","MARUTO SANGYO CO","","Japon","JPX","JPY","320","100000","XTKS","7894@F","REGION:ASIA","Volume 320 < Seuil 100000 (1 cotations testées)"
"6555","MS&CONSULTING CO. LTD.","","Japon","JPX","JPY","1100","100000","XTKS","6555","REGION:ASIA","Volume 1100 < Seuil 100000 (1 cotations testées)"
"7893","PRONEXUS INC.","","Japon","JPX","JPY","33120","100000","XTKS","7893","REGION:ASIA","Volume 33120 < Seuil 100000 (1 cotations testées)"
"6557","AIAI GROUP CORP.","","Japon","JPX","JPY","21700","100000","XTKS","6557","REGION:ASIA","Volume 21700 < Seuil 100000 (1 cotations testées)"
"7902","SONOCOM CO., LTD.","","Japon","JPX","JPY","1130","100000","XTKS","7902","REGION:ASIA","Volume 1130 < Seuil 100000 (1 cotations testées)"
"6558","COOKBIZ CO., LTD.","","Japon","JPX","JPY","2570","100000","XTKS","6558","REGION:ASIA","Volume 2570 < Seuil 100000 (1 cotations testées)"
"7887","NANKAI PLYWOOD CO., LTD.","","Japon","JPX","JPY","2800","100000","XTKS","7887","REGION:ASIA","Volume 2800 < Seuil 100000 (1 cotations testées)"
"7886","YAMATO MOBILITY & MANUFACTURING CO., LTD.","","Japon","JPX","JPY","3160","100000","XTKS","7886","REGION:ASIA","Volume 3160 < Seuil 100000 (1 cotations testées)"
"6560","LADENBURG THALMANN FINANCIAL SERVICES INC.","","Japon","JPX","JPY","7860","100000","XTKS","6560","REGION:ASIA","Volume 7860 < Seuil 100000 (1 cotations testées)"
"6561","HANATOUR JAPAN CO., LTD.","","Japon","JPX","JPY","8110","100000","XTKS","6561","REGION:ASIA","Volume 8110 < Seuil 100000 (1 cotations testées)"
"7885","TAKANO CO., LTD.","","Japon","JPX","JPY","19640","100000","XTKS","7885","REGION:ASIA","Volume 19640 < Seuil 100000 (1 cotations testées)"
"6562","GENIEE INC.","","Japon","JPX","JPY","26920","100000","XTKS","6562","REGION:ASIA","Volume 26920 < Seuil 100000 (1 cotations testées)"
"6563","MIRAI WORKS INC.","","Japon","JPX","JPY","3580","100000","XTKS","6563","REGION:ASIA","Volume 3580 < Seuil 100000 (1 cotations testées)"
"7883","SUN MESSE CO., LTD.","","Japon","JPX","JPY","6600","100000","XTKS","7883","REGION:ASIA","Volume 6600 < Seuil 100000 (1 cotations testées)"
"6564","MIDAC HOLDINGS CO., LTD.","","Japon","JPX","JPY","34120","100000","XTKS","6564","REGION:ASIA","Volume 34120 < Seuil 100000 (1 cotations testées)"
"7879","NODA CORPORATION","","Japon","JPX","JPY","9940","100000","XTKS","7879","REGION:ASIA","Volume 9940 < Seuil 100000 (1 cotations testées)"
"6566","KANAME KOGYO CO., LTD.","","Japon","JPX","JPY","3400","100000","XTKS","6566","REGION:ASIA","Volume 3400 < Seuil 100000 (1 cotations testées)"
"6568","KNC LABORATORIES CO., LTD.","","Japon","JPX","JPY","2940","100000","XTKS","6568","REGION:ASIA","Volume 2940 < Seuil 100000 (1 cotations testées)"
"7878","KOHSAI CO., LTD.","","Japon","JPX","JPY","5410","100000","XTKS","7878","REGION:ASIA","Volume 5410 < Seuil 100000 (1 cotations testées)"
"7877","EIDAI KAKO CO., LTD.","","Japon","JPX","JPY","1500","100000","XTKS","7877","REGION:ASIA","Volume 1500 < Seuil 100000 (1 cotations testées)"
"6546","FULLTECH CO. LTD.","","Japon","JPX","JPY","1200","100000","XTKS","6546","REGION:ASIA","Volume 1200 < Seuil 100000 (1 cotations testées)"
"6545","INTERNET INFINITY INC.","","Japon","JPX","JPY","10130","100000","XTKS","6545","REGION:ASIA","Volume 10130 < Seuil 100000 (1 cotations testées)"
"7931","MIRAI INDUSTRY CO., LTD.","","Japon","JPX","JPY","44700","100000","XTKS","7931","REGION:ASIA","Volume 44700 < Seuil 100000 (1 cotations testées)"
"6521","OXIDE CORPORATION","","Japon","JPX","JPY","31000","100000","XTKS","6521","REGION:ASIA","Volume 31000 < Seuil 100000 (1 cotations testées)"
"6523","PHC HOLDINGS CORPORATION","","Japon","JPX","JPY","25428","100000","XTKS","6523","REGION:ASIA","Volume 25428 < Seuil 100000 (1 cotations testées)"
"7928","ASAHI KASEI CORP.","","Japon","JPX","JPY","3610","100000","XTKS","7928","REGION:ASIA","Volume 3610 < Seuil 100000 (1 cotations testées)"
"7096","STEMCELL INSTITUTE INC.","","Japon","JPX","JPY","23120","100000","XTKS","7096","REGION:ASIA","Volume 23120 < Seuil 100000 (1 cotations testées)"
"7927","MUTO SEIKO CO., LTD.","","Japon","JPX","JPY","17790","100000","XTKS","7927","REGION:ASIA","Volume 17790 < Seuil 100000 (1 cotations testées)"
"7922","SANKO SANGYO CO., LTD.","","Japon","JPX","JPY","4154","100000","XTKS","7922","REGION:ASIA","Volume 4154 < Seuil 100000 (1 cotations testées)"
"6527","WAKA MANUFACTURING CO. LTD.","","Japon","JPX","JPY","18016","100000","XTKS","6527","REGION:ASIA","Volume 18016 < Seuil 100000 (1 cotations testées)"
"7921","TAKARA & COMPANY LTD.","","Japon","JPX","JPY","48030","100000","XTKS","7921","REGION:ASIA","Volume 48030 < Seuil 100000 (1 cotations testées)"
"7919","NOZAKI INSATSU SHIGYO CO., LTD.","","Japon","JPX","JPY","16050","100000","XTKS","7919","REGION:ASIA","Volume 16050 < Seuil 100000 (1 cotations testées)"
"6533","ORCHESTRA HOLDINGS INC.","","Japon","JPX","JPY","7820","100000","XTKS","6533","REGION:ASIA","Volume 7820 < Seuil 100000 (1 cotations testées)"
"6543","NISSEN INC.","","Japon","JPX","JPY","2400","100000","XTKS","6543","REGION:ASIA","Volume 2400 < Seuil 100000 (1 cotations testées)"
"7908","KIMOTO CO., LTD.","","Japon","JPX","JPY","71420","100000","XTKS","7908","REGION:ASIA","Volume 71420 < Seuil 100000 (1 cotations testées)"
"6540","SEMBA CORP.","","Japon","JPX","JPY","15370","100000","XTKS","6540","REGION:ASIA","Volume 15370 < Seuil 100000 (1 cotations testées)"
"7932","NIPPI INC.","","Japon","JPX","JPY","7100","100000","XTKS","7932","REGION:ASIA","Volume 7100 < Seuil 100000 (1 cotations testées)"
"6539","MATCHING SERVICE JAPAN CO., LTD.","","Japon","JPX","JPY","47610","100000","XTKS","6539","REGION:ASIA","Volume 47610 < Seuil 100000 (1 cotations testées)"
"6538","DISRUPTORS INC.","","Japon","JPX","JPY","12960","100000","XTKS","6538","REGION:ASIA","Volume 12960 < Seuil 100000 (1 cotations testées)"
"6537","WASH HOUSE CO., LTD.","","Japon","JPX","JPY","11350","100000","XTKS","6537","REGION:ASIA","Volume 11350 < Seuil 100000 (1 cotations testées)"
"7916","MITSUMURA PRINTING CO., LTD.","","Japon","JPX","JPY","1010","100000","XTKS","7916","REGION:ASIA","Volume 1010 < Seuil 100000 (1 cotations testées)"
"7914","KYODO PRINTING CO., LTD.","","Japon","JPX","JPY","50070","100000","XTKS","7914","REGION:ASIA","Volume 50070 < Seuil 100000 (1 cotations testées)"
"7094","NEXTONE INC.","","Japon","JPX","JPY","34750","100000","XTKS","7094","REGION:ASIA","Volume 34750 < Seuil 100000 (1 cotations testées)"
"6307","SANSEI CO., LTD.","","Japon","JPX","JPY","18680","100000","XTKS","6307","REGION:ASIA","Volume 18680 < Seuil 100000 (1 cotations testées)"
"6310","ISEKI & CO., LTD.","","Japon","JPX","JPY","93200","100000","XTKS","6310","REGION:ASIA","Volume 93200 < Seuil 100000 (1 cotations testées)"
"6316","MARUYAMA MANUFACTURING CO. INC.","","Japon","JPX","JPY","6080","100000","XTKS","6316","REGION:ASIA","Volume 6080 < Seuil 100000 (1 cotations testées)"
"6317","KITAGAWA CORPORATION","","Japon","JPX","JPY","19930","100000","XTKS","6317","REGION:ASIA","Volume 19930 < Seuil 100000 (1 cotations testées)"
"6322","TACMINA CORPORATION","","Japon","JPX","JPY","1080","100000","XTKS","6322","REGION:ASIA","Volume 1080 < Seuil 100000 (1 cotations testées)"
"6325","TAKAKITA CO., LTD.","","Japon","JPX","JPY","5740","100000","XTKS","6325","REGION:ASIA","Volume 5740 < Seuil 100000 (1 cotations testées)"
"6328","EBARA JITSUGYO CO., LTD.","","Japon","JPX","JPY","49880","100000","XTKS","6328","REGION:ASIA","Volume 49880 < Seuil 100000 (1 cotations testées)"
"6333","TEIKOKU ELECTRIC MFG. CO. LTD.","","Japon","JPX","JPY","36800","100000","XTKS","6333","REGION:ASIA","Volume 36800 < Seuil 100000 (1 cotations testées)"
"6334","MEIJI MACHINE CO., LTD.","","Japon","JPX","JPY","4360","100000","XTKS","6334","REGION:ASIA","Volume 4360 < Seuil 100000 (1 cotations testées)"
"6335","TOKYO KIKAI SEISAKUSHO LTD.","","Japon","JPX","JPY","29170","100000","XTKS","6335","REGION:ASIA","Volume 29170 < Seuil 100000 (1 cotations testées)"
"6338","TAKATORI CORP","","Japon","JPX","JPY","24640","100000","XTKS","6338","REGION:ASIA","Volume 24640 < Seuil 100000 (1 cotations testées)"
"6339","SINTOKOGIO LTD.","","Japon","JPX","JPY","89660","100000","XTKS","6339","REGION:ASIA","Volume 89660 < Seuil 100000 (1 cotations testées)"
"6340","SHIBUYA CORPORATION","","Japon","JPX","JPY","41850","100000","XTKS","6340","REGION:ASIA","Volume 41850 < Seuil 100000 (1 cotations testées)"
"6342","TAIHEI MACHINERY WORKS LTD.","","Japon","JPX","JPY","920","100000","XTKS","6342","REGION:ASIA","Volume 920 < Seuil 100000 (1 cotations testées)"
"6343","FREESIA MACROSS CORPORATION","","Japon","JPX","JPY","90840","100000","XTKS","6343","REGION:ASIA","Volume 90840 < Seuil 100000 (1 cotations testées)"
"6346","KIKUKAWA ENTERPRISE INC.","","Japon","JPX","JPY","120","100000","XTKS","6346","REGION:ASIA","Volume 120 < Seuil 100000 (1 cotations testées)"
"6347","PLACO CO., LTD.","","Japon","JPX","JPY","19360","100000","XTKS","6347","REGION:ASIA","Volume 19360 < Seuil 100000 (1 cotations testées)"
"6332","TSUKISHIMA HOLDINGS CO., LTD.","","Japon","JPX","JPY","98130","100000","XTKS","6332","REGION:ASIA","Volume 98130 < Seuil 100000 (1 cotations testées)"
"6265","CONVUM LTD.","","Japon","JPX","JPY","1670","100000","XTKS","6265","REGION:ASIA","Volume 1670 < Seuil 100000 (1 cotations testées)"
"8014","CHORI CO., LTD.","","Japon","JPX","JPY","27470","100000","XTKS","8014","REGION:ASIA","Volume 27470 < Seuil 100000 (1 cotations testées)"
"6267","GENERAL PACKER CO., LTD.","","Japon","JPX","JPY","1810","100000","XTKS","6267","REGION:ASIA","Volume 1810 < Seuil 100000 (1 cotations testées)"
"6272","RHEON AUTOMATIC MACHINERY CO., LTD.","","Japon","JPX","JPY","50360","100000","XTKS","6272","REGION:ASIA","Volume 50360 < Seuil 100000 (1 cotations testées)"
"8011","SANYO SHOKAI LTD.","","Japon","JPX","JPY","37270","100000","XTKS","8011","REGION:ASIA","Volume 37270 < Seuil 100000 (1 cotations testées)"
"6276","SIRIUSVISION CO., LTD.","","Japon","JPX","JPY","19770","100000","XTKS","6276","REGION:ASIA","Volume 19770 < Seuil 100000 (1 cotations testées)"
"6277","HOSOKAWA MICRON CORPORATION","","Japon","JPX","JPY","31200","100000","XTKS","6277","REGION:ASIA","Volume 31200 < Seuil 100000 (1 cotations testées)"
"6294","OKADA AIYON CORP.","","Japon","JPX","JPY","22910","100000","XTKS","6294","REGION:ASIA","Volume 22910 < Seuil 100000 (1 cotations testées)"
"6292","KAWATA MANUFACTURING CO., LTD.","","Japon","JPX","JPY","6400","100000","XTKS","6292","REGION:ASIA","Volume 6400 < Seuil 100000 (1 cotations testées)"
"6291","AIRTECH JAPAN LTD.","","Japon","JPX","JPY","40040","100000","XTKS","6291","REGION:ASIA","Volume 40040 < Seuil 100000 (1 cotations testées)"
"6351","TSURUMI MANUFACTURING CO., LTD.","","Japon","JPX","JPY","47190","100000","XTKS","6351","REGION:ASIA","Volume 47190 < Seuil 100000 (1 cotations testées)"
"6289","GIKEN LTD.","","Japon","JPX","JPY","67770","100000","XTKS","6289","REGION:ASIA","Volume 67770 < Seuil 100000 (1 cotations testées)"
"6284","NISSEI ASB MACHINE CO., LTD.","","Japon","JPX","JPY","26940","100000","XTKS","6284","REGION:ASIA","Volume 26940 < Seuil 100000 (1 cotations testées)"
"6282","OILES CORPORATION","","Japon","JPX","JPY","62010","100000","XTKS","6282","REGION:ASIA","Volume 62010 < Seuil 100000 (1 cotations testées)"
"8006","YUASA FUNASHOKU CO., LTD.","","Japon","JPX","JPY","61081","100000","XTKS","8006","REGION:ASIA","Volume 61081 < Seuil 100000 (1 cotations testées)"
"6279","ZUIKO CORPORATION","","Japon","JPX","JPY","14810","100000","XTKS","6279","REGION:ASIA","Volume 14810 < Seuil 100000 (1 cotations testées)"
"6357","SANSEI TECHNOLOGIES INC.","","Japon","JPX","JPY","34810","100000","XTKS","6357","REGION:ASIA","Volume 34810 < Seuil 100000 (1 cotations testées)"
"6358","SAKAI HEAVY INDUSTRIES LTD.","","Japon","JPX","JPY","18420","100000","XTKS","6358","REGION:ASIA","Volume 18420 < Seuil 100000 (1 cotations testées)"
"6419","MARS GROUP HOLDINGS CORP.","","Japon","JPX","JPY","60650","100000","XTKS","6419","REGION:ASIA","Volume 60650 < Seuil 100000 (1 cotations testées)"
"7093","ADISH CO. LTD.","","Japon","JPX","JPY","4760","100000","XTKS","7093","REGION:ASIA","Volume 4760 < Seuil 100000 (1 cotations testées)"
"6420","FUKUSHIMA GALILEI CO., LTD.","","Japon","JPX","JPY","43150","100000","XTKS","6420","REGION:ASIA","Volume 43150 < Seuil 100000 (1 cotations testées)"
"6424","TAKAMISAWA CYBERNETICS CO., LTD.","","Japon","JPX","JPY","2270","100000","XTKS","6424","REGION:ASIA","Volume 2270 < Seuil 100000 (1 cotations testées)"
"6428","OIZUMI CORPORATION","","Japon","JPX","JPY","8860","100000","XTKS","6428","REGION:ASIA","Volume 8860 < Seuil 100000 (1 cotations testées)"
"6430","DAIKOKU DENKI CO., LTD.","","Japon","JPX","JPY","36420","100000","XTKS","6430","REGION:ASIA","Volume 36420 < Seuil 100000 (1 cotations testées)"
"7997","KUROGANE KOSAKUSHO LTD.","","Japon","JPX","JPY","3260","100000","XTKS","7997","REGION:ASIA","Volume 3260 < Seuil 100000 (1 cotations testées)"
"7995","VALQUA LTD.","","Japon","JPX","JPY","94050","100000","XTKS","7995","REGION:ASIA","Volume 94050 < Seuil 100000 (1 cotations testées)"
"7992","SAILOR PEN CO., LTD.","","Japon","JPX","JPY","26640","100000","XTKS","7992","REGION:ASIA","Volume 26640 < Seuil 100000 (1 cotations testées)"
"7991","MAMIYA-OP CO., LTD.","","Japon","JPX","JPY","9070","100000","XTKS","7991","REGION:ASIA","Volume 9070 < Seuil 100000 (1 cotations testées)"
"7990","GLOBERIDE INC.","","Japon","JPX","JPY","53650","100000","XTKS","7990","REGION:ASIA","Volume 53650 < Seuil 100000 (1 cotations testées)"
"7985","NEPON INC.","","Japon","JPX","JPY","550","100000","XTKS","7985","REGION:ASIA","Volume 550 < Seuil 100000 (1 cotations testées)"
"6459","DAIWA INDUSTRIES LTD.","","Japon","JPX","JPY","60910","100000","XTKS","6459","REGION:ASIA","Volume 60910 < Seuil 100000 (1 cotations testées)"
"7986","NIHON ISK CO., LTD.","","Japon","JPX","JPY","300","100000","XTKS","7986","REGION:ASIA","Volume 300 < Seuil 100000 (1 cotations testées)"
"6418","JAPAN CASH MACHINE CO., LTD.","","Japon","JPX","JPY","93520","100000","XTKS","6418","REGION:ASIA","Volume 93520 < Seuil 100000 (1 cotations testées)"
"6455","MORITA HOLDINGS CORPORATION","","Japon","JPX","JPY","64020","100000","XTKS","6455","REGION:ASIA","Volume 64020 < Seuil 100000 (1 cotations testées)"
"7987","NAKABAYASHI CO., LTD.","","Japon","JPX","JPY","43130","100000","XTKS","7987","REGION:ASIA","Volume 43130 < Seuil 100000 (1 cotations testées)"
"6445","JANOME CORPORATION","","Japon","JPX","JPY","37200","100000","XTKS","6445","REGION:ASIA","Volume 37200 < Seuil 100000 (1 cotations testées)"
"6444","SANDEN CORPORATION","","Japon","JPX","JPY","89890","100000","XTKS","6444","REGION:ASIA","Volume 89890 < Seuil 100000 (1 cotations testées)"
"7989","TACHIKAWA CORPORATION","","Japon","JPX","JPY","26700","100000","XTKS","7989","REGION:ASIA","Volume 26700 < Seuil 100000 (1 cotations testées)"
"6360","TOKYO AUTOMATIC MACHINERY WORKS LTD.","","Japon","JPX","JPY","810","100000","XTKS","6360","REGION:ASIA","Volume 810 < Seuil 100000 (1 cotations testées)"
"6365","DMW CORP.","","Japon","JPX","JPY","1610","100000","XTKS","6365","REGION:ASIA","Volume 1610 < Seuil 100000 (1 cotations testées)"
"6369","TOYO KANETSU K.K.","","Japon","JPX","JPY","83340","100000","XTKS","6369","REGION:ASIA","Volume 83340 < Seuil 100000 (1 cotations testées)"
"6380","ORIENTAL CHAIN MANUFACTURING CO. LTD.","","Japon","JPX","JPY","40100","100000","XTKS","6380","REGION:ASIA","Volume 40100 < Seuil 100000 (1 cotations testées)"
"6381","ANEST IWATA CORPORATION","","Japon","JPX","JPY","81290","100000","XTKS","6381","REGION:ASIA","Volume 81290 < Seuil 100000 (1 cotations testées)"
"6382","TRINITY INDUSTRIAL CORP.","","Japon","JPX","JPY","26920","100000","XTKS","6382","REGION:ASIA","Volume 26920 < Seuil 100000 (1 cotations testées)"
"6408","OGURA CLUTCH CO., LTD.","","Japon","JPX","JPY","1000","100000","XTKS","6408","REGION:ASIA","Volume 1000 < Seuil 100000 (1 cotations testées)"
"6405","SUZUMO MACHINERY CO., LTD.","","Japon","JPX","JPY","29430","100000","XTKS","6405","REGION:ASIA","Volume 29430 < Seuil 100000 (1 cotations testées)"
"6402","KANEMATSU ENGINEERING CO., LTD.","","Japon","JPX","JPY","10460","100000","XTKS","6402","REGION:ASIA","Volume 10460 < Seuil 100000 (1 cotations testées)"
"6400","FUJI SEIKI CO., LTD.","","Japon","JPX","JPY","14900","100000","XTKS","6400","REGION:ASIA","Volume 14900 < Seuil 100000 (1 cotations testées)"
"6396","UOZAWA-GUMI IRON WORKS LTD.","","Japon","JPX","JPY","1300","100000","XTKS","6396","REGION:ASIA","Volume 1300 < Seuil 100000 (1 cotations testées)"
"6413","RISO KAGAKU CORPORATION","","Japon","JPX","JPY","55600","100000","XTKS","6413","REGION:ASIA","Volume 55600 < Seuil 100000 (1 cotations testées)"
"6392","YAMADA CORPORATION","","Japon","JPX","JPY","450","100000","XTKS","6392","REGION:ASIA","Volume 450 < Seuil 100000 (1 cotations testées)"
"6391","KAJI TECHNOLOGY CORPORATION","","Japon","JPX","JPY","1700","100000","XTKS","6391","REGION:ASIA","Volume 1700 < Seuil 100000 (1 cotations testées)"
"6390","KATO WORKS CO., LTD.","","Japon","JPX","JPY","54160","100000","XTKS","6390","REGION:ASIA","Volume 54160 < Seuil 100000 (1 cotations testées)"
"6387","SAMCO INC.","","Japon","JPX","JPY","83700","100000","XTKS","6387","REGION:ASIA","Volume 83700 < Seuil 100000 (1 cotations testées)"
"6384","SHOWA SHINKU CO., LTD.","","Japon","JPX","JPY","19760","100000","XTKS","6384","REGION:ASIA","Volume 19760 < Seuil 100000 (1 cotations testées)"
"6393","YUKEN KOGYO CO., LTD.","","Japon","JPX","JPY","4260","100000","XTKS","6393","REGION:ASIA","Volume 4260 < Seuil 100000 (1 cotations testées)"
"7946","KOYOSHA INC.","","Japon","JPX","JPY","1580","100000","XTKS","7946","REGION:ASIA","Volume 1580 < Seuil 100000 (1 cotations testées)"
"2415","HUMAN HOLDINGS CO., LTD.","","Japon","JPX","JPY","4810","100000","XTKS","2415","REGION:ASIA","Volume 4810 < Seuil 100000 (1 cotations testées)"
"4534","MOCHIDA PHARMACEUTICAL CO., LTD.","","Japon","JPX","JPY","54680","100000","XTKS","4534","REGION:ASIA","Volume 54680 < Seuil 100000 (1 cotations testées)"
"4526","RIKEN VITAMIN CO., LTD.","","Japon","JPX","JPY","66400","100000","XTKS","4526","REGION:ASIA","Volume 66400 < Seuil 100000 (1 cotations testées)"
"4524","MORISHITA JINTAN CO., LTD.","","Japon","JPX","JPY","920","100000","XTKS","4524","REGION:ASIA","Volume 920 < Seuil 100000 (1 cotations testées)"
"3001","KATAKURA INDUSTRIES CO., LTD.","","Japon","JPX","JPY","830","100000","XTKS","3001","REGION:ASIA","Volume 830 < Seuil 100000 (1 cotations testées)"
"4512","WAKAMOTO PHARMACEUTICAL CO., LTD.","","Japon","JPX","JPY","41090","100000","XTKS","4512","REGION:ASIA","Volume 41090 < Seuil 100000 (1 cotations testées)"
"4499","SPEEE, INC.","","Japon","JPX","JPY","92420","100000","XTKS","4499","REGION:ASIA","Volume 92420 < Seuil 100000 (1 cotations testées)"
"4538","FUSO PHARMACEUTICAL INDUSTRIES, LTD.","","Japon","JPX","JPY","11530","100000","XTKS","4538","REGION:ASIA","Volume 11530 < Seuil 100000 (1 cotations testées)"
"4539","NIPPON CHEMIPHAR CO., LTD.","","Japon","JPX","JPY","1070","100000","XTKS","4539","REGION:ASIA","Volume 1070 < Seuil 100000 (1 cotations testées)"
"9986","ZAOH COMPANY LTD.","","Japon","JPX","JPY","0","100000","XTKS","9986","REGION:ASIA","Volume 0 < Seuil 100000 (1 cotations testées)"
"4554","FUJI PHARMA CO., LTD.","","Japon","JPX","JPY","84000","100000","XTKS","4554","REGION:ASIA","Volume 84000 < Seuil 100000 (1 cotations testées)"
"4547","KISSEI PHARMACEUTICAL CO. LTD.","","Japon","JPX","JPY","67760","100000","XTKS","4547","REGION:ASIA","Volume 67760 < Seuil 100000 (1 cotations testées)"
"9991","GECOSS CORP","","Japon","JPX","JPY","44200","100000","XTKS","9991","REGION:ASIA","Volume 44200 < Seuil 100000 (1 cotations testées)"
"9994","YAMAYA CORPORATION","","Japon","JPX","JPY","7870","100000","XTKS","9994","REGION:ASIA","Volume 7870 < Seuil 100000 (1 cotations testées)"
"4498","CYBERTRUST JAPAN CO., LTD.","","Japon","JPX","JPY","57000","100000","XTKS","4498","REGION:ASIA","Volume 57000 < Seuil 100000 (1 cotations testées)"
"4496","COMMERCE ONE HOLDINGS INC.","","Japon","JPX","JPY","6140","100000","XTKS","4496","REGION:ASIA","Volume 6140 < Seuil 100000 (1 cotations testées)"
"4495","I CUBED SYSTEMS INC.","","Japon","JPX","JPY","3610","100000","XTKS","4495","REGION:ASIA","Volume 3610 < Seuil 100000 (1 cotations testées)"
"4463","NICCA CHEMICAL CO., LTD.","","Japon","JPX","JPY","15440","100000","XTKS","4463","REGION:ASIA","Volume 15440 < Seuil 100000 (1 cotations testées)"
"4462","ISHIHARA CHEMICAL CO., LTD.","","Japon","JPX","JPY","29760","100000","XTKS","4462","REGION:ASIA","Volume 29760 < Seuil 100000 (1 cotations testées)"
"4450","POWER SOLUTIONS LTD.","","Japon","JPX","JPY","2330","100000","XTKS","4450","REGION:ASIA","Volume 2330 < Seuil 100000 (1 cotations testées)"
"444A","AITEL CO., LTD.","","Japon","JPX","JPY","0","100000","XTKS","444A","REGION:ASIA","Volume 0 < Seuil 100000 (1 cotations testées)"
"4448","KUBELL CO., LTD.","","Japon","JPX","JPY","73780","100000","XTKS","4448","REGION:ASIA","Volume 73780 < Seuil 100000 (1 cotations testées)"
"4447","PBSYSTEMS INC.","","Japon","JPX","JPY","6240","100000","XTKS","4447","REGION:ASIA","Volume 6240 < Seuil 100000 (1 cotations testées)"
"4446","LINK-U GROUP INC.","","Japon","JPX","JPY","84650","100000","XTKS","4446","REGION:ASIA","Volume 84650 < Seuil 100000 (1 cotations testées)"
"4445","LIVING TECHNOLOGIES INC.","","Japon","JPX","JPY","1630","100000","XTKS","4445","REGION:ASIA","Volume 1630 < Seuil 100000 (1 cotations testées)"
"4444","INFONET INC.","","Japon","JPX","JPY","1430","100000","XTKS","4444","REGION:ASIA","Volume 1430 < Seuil 100000 (1 cotations testées)"
"4442","VALTES HOLDINGS CO., LTD.","","Japon","JPX","JPY","15070","100000","XTKS","4442","REGION:ASIA","Volume 15070 < Seuil 100000 (1 cotations testées)"
"4441","TOBILA SYSTEMS INC.","","Japon","JPX","JPY","28980","100000","XTKS","4441","REGION:ASIA","Volume 28980 < Seuil 100000 (1 cotations testées)"
"4440","WITZ CORP.","","Japon","JPX","JPY","16810","100000","XTKS","4440","REGION:ASIA","Volume 16810 < Seuil 100000 (1 cotations testées)"
"4464","SOFT99 CORPORATION","","Japon","JPX","JPY","300","100000","XTKS","4464","REGION:ASIA","Volume 300 < Seuil 100000 (1 cotations testées)"
"4465","NIITAKA CO., LTD.","","Japon","JPX","JPY","5950","100000","XTKS","4465","REGION:ASIA","Volume 5950 < Seuil 100000 (1 cotations testées)"
"4471","SANYO CHEMICAL INDUSTRIES LTD.","","Japon","JPX","JPY","50860","100000","XTKS","4471","REGION:ASIA","Volume 50860 < Seuil 100000 (1 cotations testées)"
"4494","VARIO SECURE INC.","","Japon","JPX","JPY","0","100000","XTKS","4494","REGION:ASIA","Volume 0 < Seuil 100000 (1 cotations testées)"
"4493","CYBER SECURITY CLOUD INC.","","Japon","JPX","JPY","85260","100000","XTKS","4493","REGION:ASIA","Volume 85260 < Seuil 100000 (1 cotations testées)"
"4492","GENETEC CORP.","","Japon","JPX","JPY","19410","100000","XTKS","4492","REGION:ASIA","Volume 19410 < Seuil 100000 (1 cotations testées)"
"4491","COMPUTER MANAGEMENT CO. LTD.","","Japon","JPX","JPY","1120","100000","XTKS","4491","REGION:ASIA","Volume 1120 < Seuil 100000 (1 cotations testées)"
"4490","VISASQ INC.","","Japon","JPX","JPY","48920","100000","XTKS","4490","REGION:ASIA","Volume 48920 < Seuil 100000 (1 cotations testées)"
"4488","AI INSIDE INC.","","Japon","JPX","JPY","7230","100000","XTKS","4488","REGION:ASIA","Volume 7230 < Seuil 100000 (1 cotations testées)"
"4487","SPACEMARKET INC.","","Japon","JPX","JPY","6530","100000","XTKS","4487","REGION:ASIA","Volume 6530 < Seuil 100000 (1 cotations testées)"
"4486","UNITE AND GROW INC.","","Japon","JPX","JPY","3750","100000","XTKS","4486","REGION:ASIA","Volume 3750 < Seuil 100000 (1 cotations testées)"
"4558","CHUKYO IYAKUHIN CO., LTD.","","Japon","JPX","JPY","6830","100000","XTKS","4558","REGION:ASIA","Volume 6830 < Seuil 100000 (1 cotations testées)"
"4484","LANCERS INC.","","Japon","JPX","JPY","6630","100000","XTKS","4484","REGION:ASIA","Volume 6630 < Seuil 100000 (1 cotations testées)"
"4482","WILLS INC.","","Japon","JPX","JPY","12680","100000","XTKS","4482","REGION:ASIA","Volume 12680 < Seuil 100000 (1 cotations testées)"
"4481","BASE CO., LTD.","","Japon","JPX","JPY","88210","100000","XTKS","4481","REGION:ASIA","Volume 88210 < Seuil 100000 (1 cotations testées)"
"4476","AI CROSS INC.","","Japon","JPX","JPY","26630","100000","XTKS","4476","REGION:ASIA","Volume 26630 < Seuil 100000 (1 cotations testées)"
"4559","ZERIA PHARMACEUTICAL CO., LTD.","","Japon","JPX","JPY","76310","100000","XTKS","4559","REGION:ASIA","Volume 76310 < Seuil 100000 (1 cotations testées)"
"9982","TAKIHYO CO., LTD.","","Japon","JPX","JPY","9680","100000","XTKS","9982","REGION:ASIA","Volume 9680 < Seuil 100000 (1 cotations testées)"
"4615","SHINTO PAINT CO., LTD.","","Japon","JPX","JPY","15630","100000","XTKS","4615","REGION:ASIA","Volume 15630 < Seuil 100000 (1 cotations testées)"
"9932","SUGIMOTO & CO. LTD.","","Japon","JPX","JPY","57940","100000","XTKS","9932","REGION:ASIA","Volume 57940 < Seuil 100000 (1 cotations testées)"
"4611","DAI NIPPON TORYO CO., LTD.","","Japon","JPX","JPY","58580","100000","XTKS","4611","REGION:ASIA","Volume 58580 < Seuil 100000 (1 cotations testées)"
"460A","BRANU INC.","","Japon","JPX","JPY","10310","100000","XTKS","460A","REGION:ASIA","Volume 10310 < Seuil 100000 (1 cotations testées)"
"9941","TAIYO BUSSAN KAISHA LTD.","","Japon","JPX","JPY","43470","100000","XTKS","9941","REGION:ASIA","Volume 43470 < Seuil 100000 (1 cotations testées)"
"9942@F","JOYFULL CO LTD","","Japon","JPX","JPY","8800","100000","XTKS","9942@F","REGION:ASIA","Volume 8800 < Seuil 100000 (1 cotations testées)"
"9946","MINISTOP CO., LTD.","","Japon","JPX","JPY","78090","100000","XTKS","9946","REGION:ASIA","Volume 78090 < Seuil 100000 (1 cotations testées)"
"4595","MIZUHO MEDY CO., LTD.","","Japon","JPX","JPY","67940","100000","XTKS","4595","REGION:ASIA","Volume 67940 < Seuil 100000 (1 cotations testées)"
"4616","KAWAKAMI PAINT MANUFACTURING CO., LTD.","","Japon","JPX","JPY","1940","100000","XTKS","4616","REGION:ASIA","Volume 1940 < Seuil 100000 (1 cotations testées)"
"4619","NIHON TOKUSHU TORYO CO., LTD.","","Japon","JPX","JPY","27730","100000","XTKS","4619","REGION:ASIA","Volume 27730 < Seuil 100000 (1 cotations testées)"
"4642","ORIGINAL ENGINEERING CONSULTANTS CO. LTD.","","Japon","JPX","JPY","1800","100000","XTKS","4642","REGION:ASIA","Volume 1800 < Seuil 100000 (1 cotations testées)"
"463A","INTELLEX HOLDINGS CO., LTD.","","Japon","JPX","JPY","14120","100000","XTKS","463A","REGION:ASIA","Volume 14120 < Seuil 100000 (1 cotations testées)"
"4635","TOKYO PRINTING INK MFG CO. LTD.","","Japon","JPX","JPY","24490","100000","XTKS","4635","REGION:ASIA","Volume 24490 < Seuil 100000 (1 cotations testées)"
"4629","DAISHIN CHEMICAL CO., LTD.","","Japon","JPX","JPY","5710","100000","XTKS","4629","REGION:ASIA","Volume 5710 < Seuil 100000 (1 cotations testées)"
"4628","SK KAKEN CO., LTD.","","Japon","JPX","JPY","7320","100000","XTKS","4628","REGION:ASIA","Volume 7320 < Seuil 100000 (1 cotations testées)"
"4627","NATOCO CO., LTD.","","Japon","JPX","JPY","1880","100000","XTKS","4627","REGION:ASIA","Volume 1880 < Seuil 100000 (1 cotations testées)"
"4625","ATOMIX CO., LTD.","","Japon","JPX","JPY","2650","100000","XTKS","4625","REGION:ASIA","Volume 2650 < Seuil 100000 (1 cotations testées)"
"4624","ISAMU PAINT CO., LTD.","","Japon","JPX","JPY","830","100000","XTKS","4624","REGION:ASIA","Volume 830 < Seuil 100000 (1 cotations testées)"
"9930","KITAZAWA SANGYO CO., LTD.","","Japon","JPX","JPY","17960","100000","XTKS","9930","REGION:ASIA","Volume 17960 < Seuil 100000 (1 cotations testées)"
"4623","ASAHIPEN CORPORATION","","Japon","JPX","JPY","1040","100000","XTKS","4623","REGION:ASIA","Volume 1040 < Seuil 100000 (1 cotations testées)"
"4439","TOUMEI CO., LTD.","","Japon","JPX","JPY","13460","100000","XTKS","4439","REGION:ASIA","Volume 13460 < Seuil 100000 (1 cotations testées)"
"458A","PLAN DO CO., LTD.","","Japon","JPX","JPY","0","100000","XTKS","458A","REGION:ASIA","Volume 0 < Seuil 100000 (1 cotations testées)"
"4570","IMMUNO-BIOLOGICAL LABORATORIES CO., LTD.","","Japon","JPX","JPY","82290","100000","XTKS","4570","REGION:ASIA","Volume 82290 < Seuil 100000 (1 cotations testées)"
"9972","ALTECH CO., LTD.","","Japon","JPX","JPY","14160","100000","XTKS","9972","REGION:ASIA","Volume 14160 < Seuil 100000 (1 cotations testées)"
"9974","BELC CO., LTD.","","Japon","JPX","JPY","28250","100000","XTKS","9974","REGION:ASIA","Volume 28250 < Seuil 100000 (1 cotations testées)"
"9976","SEKICHU CO., LTD.","","Japon","JPX","JPY","3330","100000","XTKS","9976","REGION:ASIA","Volume 3330 < Seuil 100000 (1 cotations testées)"
"455A","VALUE SOFT HOLDINGS CORPORATION","","Japon","JPX","JPY","0","100000","XTKS","455A","REGION:ASIA","Volume 0 < Seuil 100000 (1 cotations testées)"
"9948","ARCS CO., LTD.","","Japon","JPX","JPY","67450","100000","XTKS","9948","REGION:ASIA","Volume 67450 < Seuil 100000 (1 cotations testées)"
"9950","HACHI-BAN CO., LTD.","","Japon","JPX","JPY","1410","100000","XTKS","9950","REGION:ASIA","Volume 1410 < Seuil 100000 (1 cotations testées)"
"9955","YONKYU CO., LTD.","","Japon","JPX","JPY","1330","100000","XTKS","9955","REGION:ASIA","Volume 1330 < Seuil 100000 (1 cotations testées)"
"9960","TOTECH CORPORATION","","Japon","JPX","JPY","79850","100000","XTKS","9960","REGION:ASIA","Volume 79850 < Seuil 100000 (1 cotations testées)"
"457A","LE LIEN CO., LTD.","","Japon","JPX","JPY","0","100000","XTKS","457A","REGION:ASIA","Volume 0 < Seuil 100000 (1 cotations testées)"
"4577","DAITO PHARMACEUTICAL CO., LTD.","","Japon","JPX","JPY","53810","100000","XTKS","4577","REGION:ASIA","Volume 53810 < Seuil 100000 (1 cotations testées)"
"9959","ASEED HOLDINGS CO., LTD.","","Japon","JPX","JPY","4790","100000","XTKS","9959","REGION:ASIA","Volume 4790 < Seuil 100000 (1 cotations testées)"
"4438","WELBY INC.","","Japon","JPX","JPY","14400","100000","XTKS","4438","REGION:ASIA","Volume 14400 < Seuil 100000 (1 cotations testées)"
"4437","GOODDAYS HOLDINGS INC.","","Japon","JPX","JPY","2140","100000","XTKS","4437","REGION:ASIA","Volume 2140 < Seuil 100000 (1 cotations testées)"
"4436","MINKABU THE INFONOID INC.","","Japon","JPX","JPY","35630","100000","XTKS","4436","REGION:ASIA","Volume 35630 < Seuil 100000 (1 cotations testées)"
"4286","CL HOLDINGS INC.","","Japon","JPX","JPY","12970","100000","XTKS","4286","REGION:ASIA","Volume 12970 < Seuil 100000 (1 cotations testées)"
"4284","SOLXYZ CO., LTD.","","Japon","JPX","JPY","32290","100000","XTKS","4284","REGION:ASIA","Volume 32290 < Seuil 100000 (1 cotations testées)"
"4274","HOSOYA PYRO-ENGINEERING CO., LTD.","","Japon","JPX","JPY","18870","100000","XTKS","4274","REGION:ASIA","Volume 18870 < Seuil 100000 (1 cotations testées)"
"4264","SECURE INC.","","Japon","JPX","JPY","2720","100000","XTKS","4264","REGION:ASIA","Volume 2720 < Seuil 100000 (1 cotations testées)"
"4263","SUSMED INC.","","Japon","JPX","JPY","41840","100000","XTKS","4263","REGION:ASIA","Volume 41840 < Seuil 100000 (1 cotations testées)"
"4262","NIFTY LIFESTYLE CO. LTD.","","Japon","JPX","JPY","18300","100000","XTKS","4262","REGION:ASIA","Volume 18300 < Seuil 100000 (1 cotations testées)"
"4258","AMIYA CORPORATION","","Japon","JPX","JPY","33500","100000","XTKS","4258","REGION:ASIA","Volume 33500 < Seuil 100000 (1 cotations testées)"
"4256","CYND CO. LTD.","","Japon","JPX","JPY","2950","100000","XTKS","4256","REGION:ASIA","Volume 2950 < Seuil 100000 (1 cotations testées)"
"4255","THECOO INC.","","Japon","JPX","JPY","1480","100000","XTKS","4255","REGION:ASIA","Volume 1480 < Seuil 100000 (1 cotations testées)"
"3004","SHINYEI KAISHA","","Japon","JPX","JPY","4050","100000","XTKS","3004","REGION:ASIA","Volume 4050 < Seuil 100000 (1 cotations testées)"
"4287","JUSTPLANNING INC.","","Japon","JPX","JPY","7930","100000","XTKS","4287","REGION:ASIA","Volume 7930 < Seuil 100000 (1 cotations testées)"
"4288","ASGENT INC.","","Japon","JPX","JPY","9780","100000","XTKS","4288","REGION:ASIA","Volume 9780 < Seuil 100000 (1 cotations testées)"
"428A","CYPRESS HOLDINGS CO., LTD.","","Japon","JPX","JPY","20270","100000","XTKS","428A","REGION:ASIA","Volume 20270 < Seuil 100000 (1 cotations testées)"
"4331","TAKE AND GIVE NEEDS CO., LTD.","","Japon","JPX","JPY","93560","100000","XTKS","4331","REGION:ASIA","Volume 93560 < Seuil 100000 (1 cotations testées)"
"432A","CLINIPHAR CO., LTD.","","Japon","JPX","JPY","0","100000","XTKS","432A","REGION:ASIA","Volume 0 < Seuil 100000 (1 cotations testées)"
"4326","INTAGE HOLDINGS INC.","","Japon","JPX","JPY","34380","100000","XTKS","4326","REGION:ASIA","Volume 34380 < Seuil 100000 (1 cotations testées)"
"4323","JAPAN SYSTEM TECHNIQUES CO., LTD.","","Japon","JPX","JPY","40000","100000","XTKS","4323","REGION:ASIA","Volume 40000 < Seuil 100000 (1 cotations testées)"
"4320","CE HOLDINGS CO., LTD.","","Japon","JPX","JPY","17740","100000","XTKS","4320","REGION:ASIA","Volume 17740 < Seuil 100000 (1 cotations testées)"
"431A","USONAR CO., LTD.","","Japon","JPX","JPY","17600","100000","XTKS","431A","REGION:ASIA","Volume 17600 < Seuil 100000 (1 cotations testées)"
"4251","KEIWA INC.","","Japon","JPX","JPY","64990","100000","XTKS","4251","REGION:ASIA","Volume 64990 < Seuil 100000 (1 cotations testées)"
"4317","RAY CORPORATION","","Japon","JPX","JPY","8750","100000","XTKS","4317","REGION:ASIA","Volume 8750 < Seuil 100000 (1 cotations testées)"
"4310","DREAM INCUBATOR INC.","","Japon","JPX","JPY","20190","100000","XTKS","4310","REGION:ASIA","Volume 20190 < Seuil 100000 (1 cotations testées)"
"430A","NEXT HANDS CO., LTD.","","Japon","JPX","JPY","0","100000","XTKS","430A","REGION:ASIA","Volume 0 < Seuil 100000 (1 cotations testées)"
"4308","J-STREAM INC.","","Japon","JPX","JPY","58990","100000","XTKS","4308","REGION:ASIA","Volume 58990 < Seuil 100000 (1 cotations testées)"
"4301","AMUSE INC.","","Japon","JPX","JPY","19670","100000","XTKS","4301","REGION:ASIA","Volume 19670 < Seuil 100000 (1 cotations testées)"
"4299","HIMACS LTD.","","Japon","JPX","JPY","5990","100000","XTKS","4299","REGION:ASIA","Volume 5990 < Seuil 100000 (1 cotations testées)"
"4316","BEMAP INC.","","Japon","JPX","JPY","52600","100000","XTKS","4316","REGION:ASIA","Volume 52600 < Seuil 100000 (1 cotations testées)"
"4334","YUKE'S CO., LTD.","","Japon","JPX","JPY","11710","100000","XTKS","4334","REGION:ASIA","Volume 11710 < Seuil 100000 (1 cotations testées)"
"4250@F","FRONTIER INC","","Japon","JPX","JPY","140","100000","XTKS","4250@F","REGION:ASIA","Volume 140 < Seuil 100000 (1 cotations testées)"
"4248","TAKEMOTO YOHKI CO., LTD.","","Japon","JPX","JPY","12310","100000","XTKS","4248","REGION:ASIA","Volume 12310 < Seuil 100000 (1 cotations testées)"
"4216","ASAHI YUKIZAI CORPORATION","","Japon","JPX","JPY","57180","100000","XTKS","4216","REGION:ASIA","Volume 57180 < Seuil 100000 (1 cotations testées)"
"4212","SEKISUI JUSHI CORPORATION","","Japon","JPX","JPY","61940","100000","XTKS","4212","REGION:ASIA","Volume 61940 < Seuil 100000 (1 cotations testées)"
"419A","RUNGLOBE INC.","","Japon","JPX","JPY","0","100000","XTKS","419A","REGION:ASIA","Volume 0 < Seuil 100000 (1 cotations testées)"
"4199","WONDERPLANET INC.","","Japon","JPX","JPY","38590","100000","XTKS","4199","REGION:ASIA","Volume 38590 < Seuil 100000 (1 cotations testées)"
"4198","TENDA CO., LTD.","","Japon","JPX","JPY","7622","100000","XTKS","4198","REGION:ASIA","Volume 7622 < Seuil 100000 (1 cotations testées)"
"4196","NEO MARKETING INC.","","Japon","JPX","JPY","9190","100000","XTKS","4196","REGION:ASIA","Volume 9190 < Seuil 100000 (1 cotations testées)"
"4194","VISIONAL INC.","","Japon","JPX","JPY","66116","100000","XTKS","4194","REGION:ASIA","Volume 66116 < Seuil 100000 (1 cotations testées)"
"4193","FABRICA HOLDINGS CO. LTD.","","Japon","JPX","JPY","2470","100000","XTKS","4193","REGION:ASIA","Volume 2470 < Seuil 100000 (1 cotations testées)"
"4192","SPIDERPLUS & CO.","","Japon","JPX","JPY","3565","100000","XTKS","4192","REGION:ASIA","Volume 3565 < Seuil 100000 (1 cotations testées)"
"4218","NICHIBAN CO., LTD.","","Japon","JPX","JPY","17920","100000","XTKS","4218","REGION:ASIA","Volume 17920 < Seuil 100000 (1 cotations testées)"
"421A","MOVIN' STRATEGIC CAREER CO., LTD.","","Japon","JPX","JPY","43540","100000","XTKS","421A","REGION:ASIA","Volume 43540 < Seuil 100000 (1 cotations testées)"
"4220","RIKEN TECHNOS CORPORATION","","Japon","JPX","JPY","78060","100000","XTKS","4220","REGION:ASIA","Volume 78060 < Seuil 100000 (1 cotations testées)"
"4247","POVAL KOGYO CO., LTD.","","Japon","JPX","JPY","570","100000","XTKS","4247","REGION:ASIA","Volume 570 < Seuil 100000 (1 cotations testées)"
"4245","DAIKI AXIS CO., LTD.","","Japon","JPX","JPY","9890","100000","XTKS","4245","REGION:ASIA","Volume 9890 < Seuil 100000 (1 cotations testées)"
"4243","NIX INC.","","Japon","JPX","JPY","6100","100000","XTKS","4243","REGION:ASIA","Volume 6100 < Seuil 100000 (1 cotations testées)"
"4242","TAKAGI SEIKO CORPORATION","","Japon","JPX","JPY","2720","100000","XTKS","4242","REGION:ASIA","Volume 2720 < Seuil 100000 (1 cotations testées)"
"4241","ATECT CORPORATION","","Japon","JPX","JPY","9790","100000","XTKS","4241","REGION:ASIA","Volume 9790 < Seuil 100000 (1 cotations testées)"
"4240","CLUSTER TECHNOLOGY CO. LTD.","","Japon","JPX","JPY","6210","100000","XTKS","4240","REGION:ASIA","Volume 6210 < Seuil 100000 (1 cotations testées)"
"423A","LION OFFICE PRODUCTS CORP.","","Japon","JPX","JPY","18340","100000","XTKS","423A","REGION:ASIA","Volume 18340 < Seuil 100000 (1 cotations testées)"
"4249","MORIROKU HOLDINGS CO., LTD.","","Japon","JPX","JPY","15570","100000","XTKS","4249","REGION:ASIA","Volume 15570 < Seuil 100000 (1 cotations testées)"
"4238","MIRAIAL CO., LTD.","","Japon","JPX","JPY","86090","100000","XTKS","4238","REGION:ASIA","Volume 86090 < Seuil 100000 (1 cotations testées)"
"4235","ULTRAFABRICS HOLDINGS CO., LTD.","","Japon","JPX","JPY","18550","100000","XTKS","4235","REGION:ASIA","Volume 18550 < Seuil 100000 (1 cotations testées)"
"4234","SUN A. KAKEN CO., LTD.","","Japon","JPX","JPY","4450","100000","XTKS","4234","REGION:ASIA","Volume 4450 < Seuil 100000 (1 cotations testées)"
"4231","TIGERS POLYMER CORPORATION","","Japon","JPX","JPY","16770","100000","XTKS","4231","REGION:ASIA","Volume 16770 < Seuil 100000 (1 cotations testées)"
"422A","TANE CREATIVE CO., LTD.","","Japon","JPX","JPY","0","100000","XTKS","422A","REGION:ASIA","Volume 0 < Seuil 100000 (1 cotations testées)"
"4229","GUN EI CHEMICAL INDUSTRY CO., LTD.","","Japon","JPX","JPY","24200","100000","XTKS","4229","REGION:ASIA","Volume 24200 < Seuil 100000 (1 cotations testées)"
"4224","LONSEAL CORPORATION","","Japon","JPX","JPY","8720","100000","XTKS","4224","REGION:ASIA","Volume 8720 < Seuil 100000 (1 cotations testées)"
"4237","FUJIPREAM CORPORATION","","Japon","JPX","JPY","34060","100000","XTKS","4237","REGION:ASIA","Volume 34060 < Seuil 100000 (1 cotations testées)"
"4644","IMAGINEER CO., LTD.","","Japon","JPX","JPY","12260","100000","XTKS","4644","REGION:ASIA","Volume 12260 < Seuil 100000 (1 cotations testées)"
"4335","IPS CO. LTD.","","Japon","JPX","JPY","2390","100000","XTKS","4335","REGION:ASIA","Volume 2390 < Seuil 100000 (1 cotations testées)"
"433A","MJE INC.","","Japon","JPX","JPY","0","100000","XTKS","433A","REGION:ASIA","Volume 0 < Seuil 100000 (1 cotations testées)"
"4413","BAUDROIE INC.","","Japon","JPX","JPY","6104","100000","XTKS","4413","REGION:ASIA","Volume 6104 < Seuil 100000 (1 cotations testées)"
"4412","SCIENCE ARTS INC.","","Japon","JPX","JPY","99100","100000","XTKS","4412","REGION:ASIA","Volume 99100 < Seuil 100000 (1 cotations testées)"
"4410","HARIMA CHEMICALS GROUP INC.","","Japon","JPX","JPY","55040","100000","XTKS","4410","REGION:ASIA","Volume 55040 < Seuil 100000 (1 cotations testées)"
"4409","TOHO CHEMICAL INDUSTRY CO., LTD.","","Japon","JPX","JPY","10510","100000","XTKS","4409","REGION:ASIA","Volume 10510 < Seuil 100000 (1 cotations testées)"
"4404","MIYOSHI OIL & FAT CO., LTD.","","Japon","JPX","JPY","10630","100000","XTKS","4404","REGION:ASIA","Volume 10630 < Seuil 100000 (1 cotations testées)"
"439A","ACTBE INC.","","Japon","JPX","JPY","0","100000","XTKS","439A","REGION:ASIA","Volume 0 < Seuil 100000 (1 cotations testées)"
"4398","BROADBAND SECURITY INC.","","Japon","JPX","JPY","2170","100000","XTKS","4398","REGION:ASIA","Volume 2170 < Seuil 100000 (1 cotations testées)"
"4397","TEAMSPIRIT INC.","","Japon","JPX","JPY","89620","100000","XTKS","4397","REGION:ASIA","Volume 89620 < Seuil 100000 (1 cotations testées)"
"4396","SYSTEM SUPPORT HOLDINGS INC.","","Japon","JPX","JPY","55960","100000","XTKS","4396","REGION:ASIA","Volume 55960 < Seuil 100000 (1 cotations testées)"
"4395","ACCRETE INC.","","Japon","JPX","JPY","48110","100000","XTKS","4395","REGION:ASIA","Volume 48110 < Seuil 100000 (1 cotations testées)"
"4394","EXMOTION CO., LTD.","","Japon","JPX","JPY","10380","100000","XTKS","4394","REGION:ASIA","Volume 10380 < Seuil 100000 (1 cotations testées)"
"4393","BANK OF INNOVATION INC.","","Japon","JPX","JPY","27630","100000","XTKS","4393","REGION:ASIA","Volume 27630 < Seuil 100000 (1 cotations testées)"
"4415","BROAD ENTERPRISE CO. LTD.","","Japon","JPX","JPY","5950","100000","XTKS","4415","REGION:ASIA","Volume 5950 < Seuil 100000 (1 cotations testées)"
"4433","HITO COMMUNICATIONS HOLDINGS INC.","","Japon","JPX","JPY","52370","100000","XTKS","4433","REGION:ASIA","Volume 52370 < Seuil 100000 (1 cotations testées)"
"4432","WINGARC1ST INC.","","Japon","JPX","JPY","29902","100000","XTKS","4432","REGION:ASIA","Volume 29902 < Seuil 100000 (1 cotations testées)"
"4430","TOKAI SOFT CO., LTD.","","Japon","JPX","JPY","15670","100000","XTKS","4430","REGION:ASIA","Volume 15670 < Seuil 100000 (1 cotations testées)"
"442A","CLASSICO, INC.","","Japon","JPX","JPY","4410","100000","XTKS","442A","REGION:ASIA","Volume 4410 < Seuil 100000 (1 cotations testées)"
"4429","RICKSOFT CO., LTD.","","Japon","JPX","JPY","2830","100000","XTKS","4429","REGION:ASIA","Volume 2830 < Seuil 100000 (1 cotations testées)"
"4428","SINOPS INC.","","Japon","JPX","JPY","6290","100000","XTKS","4428","REGION:ASIA","Volume 6290 < Seuil 100000 (1 cotations testées)"
"4391","LOGIZARD CO., LTD.","","Japon","JPX","JPY","7750","100000","XTKS","4391","REGION:ASIA","Volume 7750 < Seuil 100000 (1 cotations testées)"
"4427","EDULAB INC.","","Japon","JPX","JPY","23350","100000","XTKS","4427","REGION:ASIA","Volume 23350 < Seuil 100000 (1 cotations testées)"
"4422","VALUENEX JAPAN INC.","","Japon","JPX","JPY","52370","100000","XTKS","4422","REGION:ASIA","Volume 52370 < Seuil 100000 (1 cotations testées)"
"4421","D I SYSTEM CO., LTD.","","Japon","JPX","JPY","3400","100000","XTKS","4421","REGION:ASIA","Volume 3400 < Seuil 100000 (1 cotations testées)"
"4420","ESOL CO., LTD.","","Japon","JPX","JPY","99610","100000","XTKS","4420","REGION:ASIA","Volume 99610 < Seuil 100000 (1 cotations testées)"
"441A","NE INC.","","Japon","JPX","JPY","27020","100000","XTKS","441A","REGION:ASIA","Volume 27020 < Seuil 100000 (1 cotations testées)"
"4419","FINATEXT HOLDINGS LTD.","","Japon","JPX","JPY","2239","100000","XTKS","4419","REGION:ASIA","Volume 2239 < Seuil 100000 (1 cotations testées)"
"4337","PIA CORPORATION","","Japon","JPX","JPY","20040","100000","XTKS","4337","REGION:ASIA","Volume 20040 < Seuil 100000 (1 cotations testées)"
"4390","IPS, INC.","","Japon","JPX","JPY","50360","100000","XTKS","4390","REGION:ASIA","Volume 50360 < Seuil 100000 (1 cotations testées)"
"4389","PROPERTY DATA BANK INC.","","Japon","JPX","JPY","2730","100000","XTKS","4389","REGION:ASIA","Volume 2730 < Seuil 100000 (1 cotations testées)"
"4367","KOEI CHEMICAL CO., LTD.","","Japon","JPX","JPY","9670","100000","XTKS","4367","REGION:ASIA","Volume 9670 < Seuil 100000 (1 cotations testées)"
"4365","MATSUMOTO YUSHI-SEIYAKU CO., LTD.","","Japon","JPX","JPY","1240","100000","XTKS","4365","REGION:ASIA","Volume 1240 < Seuil 100000 (1 cotations testées)"
"4364","MANAC INCORPORATED","","Japon","JPX","JPY","6520","100000","XTKS","4364","REGION:ASIA","Volume 6520 < Seuil 100000 (1 cotations testées)"
"4362","NIPPON FINE CHEMICAL CO., LTD.","","Japon","JPX","JPY","30700","100000","XTKS","4362","REGION:ASIA","Volume 30700 < Seuil 100000 (1 cotations testées)"
"4361","KAWAGUCHI CHEMICAL INDUSTRY CO., LTD.","","Japon","JPX","JPY","4160","100000","XTKS","4361","REGION:ASIA","Volume 4160 < Seuil 100000 (1 cotations testées)"
"4360","MANAC CHEMICAL PARTNERS CO., LTD.","","Japon","JPX","JPY","6570","100000","XTKS","4360","REGION:ASIA","Volume 6570 < Seuil 100000 (1 cotations testées)"
"4356","APPLIED TECHNOLOGY CO. LTD.","","Japon","JPX","JPY","1300","100000","XTKS","4356","REGION:ASIA","Volume 1300 < Seuil 100000 (1 cotations testées)"
"4351","YAMADA SERVICER SYNTHETIC CO., LTD.","","Japon","JPX","JPY","2510","100000","XTKS","4351","REGION:ASIA","Volume 2510 < Seuil 100000 (1 cotations testées)"
"4350","MEDICAL SYSTEM NETWORK CO., LTD.","","Japon","JPX","JPY","96200","100000","XTKS","4350","REGION:ASIA","Volume 96200 < Seuil 100000 (1 cotations testées)"
"434A","LOOPLACE INC.","","Japon","JPX","JPY","0","100000","XTKS","434A","REGION:ASIA","Volume 0 < Seuil 100000 (1 cotations testées)"
"4347","BROADMEDIA CORPORATION","","Japon","JPX","JPY","10930","100000","XTKS","4347","REGION:ASIA","Volume 10930 < Seuil 100000 (1 cotations testées)"
"4346","NEXYZ GROUP CORP.","","Japon","JPX","JPY","60340","100000","XTKS","4346","REGION:ASIA","Volume 60340 < Seuil 100000 (1 cotations testées)"
"4345","CTS CO., LTD.","","Japon","JPX","JPY","90760","100000","XTKS","4345","REGION:ASIA","Volume 90760 < Seuil 100000 (1 cotations testées)"
"4343","AEON FANTASY CO., LTD.","","Japon","JPX","JPY","57270","100000","XTKS","4343","REGION:ASIA","Volume 57270 < Seuil 100000 (1 cotations testées)"
"4341","SEIRYO ELECTRIC CORPORATION","","Japon","JPX","JPY","3600","100000","XTKS","4341","REGION:ASIA","Volume 3600 < Seuil 100000 (1 cotations testées)"
"436A","CYBERSOLUTIONS INC.","","Japon","JPX","JPY","17520","100000","XTKS","436A","REGION:ASIA","Volume 17520 < Seuil 100000 (1 cotations testées)"
"4370","MOBILUS CORP.","","Japon","JPX","JPY","14900","100000","XTKS","4370","REGION:ASIA","Volume 14900 < Seuil 100000 (1 cotations testées)"
"4388","AI INCORPORATED","","Japon","JPX","JPY","9610","100000","XTKS","4388","REGION:ASIA","Volume 9610 < Seuil 100000 (1 cotations testées)"
"4387","ZUU CO., LTD.","","Japon","JPX","JPY","5090","100000","XTKS","4387","REGION:ASIA","Volume 5090 < Seuil 100000 (1 cotations testées)"
"4386","SIG GROUP CO. LTD.","","Japon","JPX","JPY","4250","100000","XTKS","4386","REGION:ASIA","Volume 4250 < Seuil 100000 (1 cotations testées)"
"4382","HEROZ INC.","","Japon","JPX","JPY","37910","100000","XTKS","4382","REGION:ASIA","Volume 37910 < Seuil 100000 (1 cotations testées)"
"4380","M-MART INC.","","Japon","JPX","JPY","2870","100000","XTKS","4380","REGION:ASIA","Volume 2870 < Seuil 100000 (1 cotations testées)"
"437A","JWAVE CO., LTD.","","Japon","JPX","JPY","0","100000","XTKS","437A","REGION:ASIA","Volume 0 < Seuil 100000 (1 cotations testées)"
"438A","INFCURION INC.","","Japon","JPX","JPY","94950","100000","XTKS","438A","REGION:ASIA","Volume 94950 < Seuil 100000 (1 cotations testées)"
"4379","PHOTOSYNTH INC.","","Japon","JPX","JPY","26030","100000","XTKS","4379","REGION:ASIA","Volume 26030 < Seuil 100000 (1 cotations testées)"
"4377","ONE CAREER INC.","","Japon","JPX","JPY","58120","100000","XTKS","4377","REGION:ASIA","Volume 58120 < Seuil 100000 (1 cotations testées)"
"4376","KUFU CO. HOLDINGS INC.","","Japon","JPX","JPY","11130","100000","XTKS","4376","REGION:ASIA","Volume 11130 < Seuil 100000 (1 cotations testées)"
"4375","SAFIE INC.","","Japon","JPX","JPY","8160","100000","XTKS","4375","REGION:ASIA","Volume 8160 < Seuil 100000 (1 cotations testées)"
"4374","ROBOT PAYMENT INC.","","Japon","JPX","JPY","3760","100000","XTKS","4374","REGION:ASIA","Volume 3760 < Seuil 100000 (1 cotations testées)"
"4372","YMIRLINK INC.","","Japon","JPX","JPY","1170","100000","XTKS","4372","REGION:ASIA","Volume 1170 < Seuil 100000 (1 cotations testées)"
"4371","CORE CONCEPT TECHNOLOGIES INC.","","Japon","JPX","JPY","33440","100000","XTKS","4371","REGION:ASIA","Volume 33440 < Seuil 100000 (1 cotations testées)"
"4378","CINC CORP.","","Japon","JPX","JPY","34910","100000","XTKS","4378","REGION:ASIA","Volume 34910 < Seuil 100000 (1 cotations testées)"
"4645","ICHISHIN HOLDINGS CO., LTD.","","Japon","JPX","JPY","670","100000","XTKS","4645","REGION:ASIA","Volume 670 < Seuil 100000 (1 cotations testées)"
"4650","SD ENTERTAINMENT INC.","","Japon","JPX","JPY","2880","100000","XTKS","4650","REGION:ASIA","Volume 2880 < Seuil 100000 (1 cotations testées)"
"4933","I-NE CO., LTD.","","Japon","JPX","JPY","54730","100000","XTKS","4933","REGION:ASIA","Volume 54730 < Seuil 100000 (1 cotations testées)"
"9709","NCS&A CO., LTD.","","Japon","JPX","JPY","15700","100000","XTKS","9709","REGION:ASIA","Volume 15700 < Seuil 100000 (1 cotations testées)"
"4932","ALMADO INC.","","Japon","JPX","JPY","11000","100000","XTKS","4932","REGION:ASIA","Volume 11000 < Seuil 100000 (1 cotations testées)"
"9713","ROYAL HOTEL LTD.","","Japon","JPX","JPY","8700","100000","XTKS","9713","REGION:ASIA","Volume 8700 < Seuil 100000 (1 cotations testées)"
"4931","SHINNIHON SEIYAKU CO., LTD.","","Japon","JPX","JPY","21620","100000","XTKS","4931","REGION:ASIA","Volume 21620 < Seuil 100000 (1 cotations testées)"
"9715","TRANSCOSMOS INC.","","Japon","JPX","JPY","84390","100000","XTKS","9715","REGION:ASIA","Volume 84390 < Seuil 100000 (1 cotations testées)"
"4929","ADJUVANT HOLDINGS CO. LTD.","","Japon","JPX","JPY","10040","100000","XTKS","4929","REGION:ASIA","Volume 10040 < Seuil 100000 (1 cotations testées)"
"4926","C'BON COSMETICS CO., LTD.","","Japon","JPX","JPY","1170","100000","XTKS","4926","REGION:ASIA","Volume 1170 < Seuil 100000 (1 cotations testées)"
"9720","HOTEL NEW GRAND CO., LTD.","","Japon","JPX","JPY","250","100000","XTKS","9720","REGION:ASIA","Volume 250 < Seuil 100000 (1 cotations testées)"
"4925","HABA LABORATORIES INC.","","Japon","JPX","JPY","1020","100000","XTKS","4925","REGION:ASIA","Volume 1020 < Seuil 100000 (1 cotations testées)"
"9723","KYOTO HOTEL LTD.","","Japon","JPX","JPY","1470","100000","XTKS","9723","REGION:ASIA","Volume 1470 < Seuil 100000 (1 cotations testées)"
"4923","COTA CO., LTD.","","Japon","JPX","JPY","32150","100000","XTKS","4923","REGION:ASIA","Volume 32150 < Seuil 100000 (1 cotations testées)"
"4920","NIPPON SHIKIZAI INC.","","Japon","JPX","JPY","1200","100000","XTKS","4920","REGION:ASIA","Volume 1200 < Seuil 100000 (1 cotations testées)"
"9687","KSK CO. LTD.","","Japon","JPX","JPY","2320","100000","XTKS","9687","REGION:ASIA","Volume 2320 < Seuil 100000 (1 cotations testées)"
"4960","CHEMIPROKASEI KAISHA LTD.","","Japon","JPX","JPY","29650","100000","XTKS","4960","REGION:ASIA","Volume 29650 < Seuil 100000 (1 cotations testées)"
"9691","RYOMO SYSTEMS CO., LTD.","","Japon","JPX","JPY","800","100000","XTKS","9691","REGION:ASIA","Volume 800 < Seuil 100000 (1 cotations testées)"
"4951","ST. CORPORATION","","Japon","JPX","JPY","24320","100000","XTKS","4951","REGION:ASIA","Volume 24320 < Seuil 100000 (1 cotations testées)"
"9699","NISHIO HOLDINGS CO., LTD.","","Japon","JPX","JPY","37570","100000","XTKS","9699","REGION:ASIA","Volume 37570 < Seuil 100000 (1 cotations testées)"
"2991","LANDNET INC.","","Japon","JPX","JPY","15870","100000","XTKS","2991","REGION:ASIA","Volume 15870 < Seuil 100000 (1 cotations testées)"
"2993","CHOEI INC.","","Japon","JPX","JPY","1040","100000","XTKS","2993","REGION:ASIA","Volume 1040 < Seuil 100000 (1 cotations testées)"
"9701","TOKYO KAIKAN CO., LTD.","","Japon","JPX","JPY","1000","100000","XTKS","9701","REGION:ASIA","Volume 1000 < Seuil 100000 (1 cotations testées)"
"4937","WAQOO INC.","","Japon","JPX","JPY","940","100000","XTKS","4937","REGION:ASIA","Volume 940 < Seuil 100000 (1 cotations testées)"
"4936","AXXZIA INC.","","Japon","JPX","JPY","61130","100000","XTKS","4936","REGION:ASIA","Volume 61130 < Seuil 100000 (1 cotations testées)"
"9702","ISB CORPORATION","","Japon","JPX","JPY","28670","100000","XTKS","9702","REGION:ASIA","Volume 28670 < Seuil 100000 (1 cotations testées)"
"4934","PREMIER ANTI-AGING CO., LTD.","","Japon","JPX","JPY","15600","100000","XTKS","4934","REGION:ASIA","Volume 15600 < Seuil 100000 (1 cotations testées)"
"4919","MILBON CO., LTD.","","Japon","JPX","JPY","91180","100000","XTKS","4919","REGION:ASIA","Volume 91180 < Seuil 100000 (1 cotations testées)"
"9726","KNT-CT HOLDINGS CO., LTD.","","Japon","JPX","JPY","17130","100000","XTKS","9726","REGION:ASIA","Volume 17130 < Seuil 100000 (1 cotations testées)"
"4918","IVY COSMETICS CORPORATION","","Japon","JPX","JPY","22620","100000","XTKS","4918","REGION:ASIA","Volume 22620 < Seuil 100000 (1 cotations testées)"
"9755","OYO CORPORATION","","Japon","JPX","JPY","54070","100000","XTKS","9755","REGION:ASIA","Volume 54070 < Seuil 100000 (1 cotations testées)"
"4896","K PHARMA INC.","","Japon","JPX","JPY","21690","100000","XTKS","4896","REGION:ASIA","Volume 21690 < Seuil 100000 (1 cotations testées)"
"9760","SHINGAKUKAI HOLDINGS CO., LTD.","","Japon","JPX","JPY","18930","100000","XTKS","9760","REGION:ASIA","Volume 18930 < Seuil 100000 (1 cotations testées)"
"9761","TOKAI LEASE CO., LTD.","","Japon","JPX","JPY","3310","100000","XTKS","9761","REGION:ASIA","Volume 3310 < Seuil 100000 (1 cotations testées)"
"4892","CYFUSE BIOMEDICAL K.K.","","Japon","JPX","JPY","30320","100000","XTKS","4892","REGION:ASIA","Volume 30320 < Seuil 100000 (1 cotations testées)"
"4886","ASKA PHARMACEUTICAL HOLDINGS CO. LTD.","","Japon","JPX","JPY","57540","100000","XTKS","4886","REGION:ASIA","Volume 57540 < Seuil 100000 (1 cotations testées)"
"4885","MUROMACHI CHEMICALS INC.","","Japon","JPX","JPY","14050","100000","XTKS","4885","REGION:ASIA","Volume 14050 < Seuil 100000 (1 cotations testées)"
"2999","HOME POSITION CO., LTD.","","Japon","JPX","JPY","20800","100000","XTKS","2999","REGION:ASIA","Volume 20800 < Seuil 100000 (1 cotations testées)"
"2997","STORAGE OH CO., LTD.","","Japon","JPX","JPY","49220","100000","XTKS","2997","REGION:ASIA","Volume 49220 < Seuil 100000 (1 cotations testées)"
"9728","NIPPON KANZAI CO., LTD.","","Japon","JPX","JPY","47890","100000","XTKS","9728","REGION:ASIA","Volume 47890 < Seuil 100000 (1 cotations testées)"
"9729","TOKAI CORPORATION","","Japon","JPX","JPY","21200","100000","XTKS","9729","REGION:ASIA","Volume 21200 < Seuil 100000 (1 cotations testées)"
"9731","HAKUYOSHA COMPANY LTD.","","Japon","JPX","JPY","1860","100000","XTKS","9731","REGION:ASIA","Volume 1860 < Seuil 100000 (1 cotations testées)"
"9733","NAGASE BROTHERS INC.","","Japon","JPX","JPY","35570","100000","XTKS","9733","REGION:ASIA","Volume 35570 < Seuil 100000 (1 cotations testées)"
"490A","SENSE TRUST CO., LTD.","","Japon","JPX","JPY","0","100000","XTKS","490A","REGION:ASIA","Volume 0 < Seuil 100000 (1 cotations testées)"
"9740","CENTRAL SECURITY PATROLS CO., LTD.","","Japon","JPX","JPY","19900","100000","XTKS","9740","REGION:ASIA","Volume 19900 < Seuil 100000 (1 cotations testées)"
"2995","J-REX CORPORATION","","Japon","JPX","JPY","0","100000","XTKS","2995","REGION:ASIA","Volume 0 < Seuil 100000 (1 cotations testées)"
"9742","INES CORPORATION","","Japon","JPX","JPY","25880","100000","XTKS","9742","REGION:ASIA","Volume 25880 < Seuil 100000 (1 cotations testées)"
"9746","TKC CORPORATION","","Japon","JPX","JPY","95310","100000","XTKS","9746","REGION:ASIA","Volume 95310 < Seuil 100000 (1 cotations testées)"
"9753","IX KNOWLEDGE INC.","","Japon","JPX","JPY","9260","100000","XTKS","9753","REGION:ASIA","Volume 9260 < Seuil 100000 (1 cotations testées)"
"9739","NSW INC.","","Japon","JPX","JPY","16730","100000","XTKS","9739","REGION:ASIA","Volume 16730 < Seuil 100000 (1 cotations testées)"
"2990","AIDA SEKKEI CO., LTD.","","Japon","JPX","JPY","940","100000","XTKS","2990","REGION:ASIA","Volume 940 < Seuil 100000 (1 cotations testées)"
"9686","TOYO TEC CO., LTD.","","Japon","JPX","JPY","2450","100000","XTKS","9686","REGION:ASIA","Volume 2450 < Seuil 100000 (1 cotations testées)"
"5016","JX ADVANCED METALS CORPORATION","","Japon","JPX","JPY","4000","100000","XTKS","5016","REGION:ASIA","Volume 4000 < Seuil 100000 (1 cotations testées)"
"5015","BP CASTROL K.K.","","Japon","JPX","JPY","6590","100000","XTKS","5015","REGION:ASIA","Volume 6590 < Seuil 100000 (1 cotations testées)"
"9639","SANKYO FRONTIER CO., LTD.","","Japon","JPX","JPY","27500","100000","XTKS","9639","REGION:ASIA","Volume 27500 < Seuil 100000 (1 cotations testées)"
"9640","SAISON TECHNOLOGY CO., LTD.","","Japon","JPX","JPY","3100","100000","XTKS","9640","REGION:ASIA","Volume 3100 < Seuil 100000 (1 cotations testées)"
"9644","TANABE CONSULTING GROUP CO., LTD.","","Japon","JPX","JPY","25930","100000","XTKS","9644","REGION:ASIA","Volume 25930 < Seuil 100000 (1 cotations testées)"
"5013","YUSHIRO CHEMICAL INDUSTRY CO. LTD.","","Japon","JPX","JPY","47630","100000","XTKS","5013","REGION:ASIA","Volume 47630 < Seuil 100000 (1 cotations testées)"
"5011","NICHIREKI GROUP CO., LTD.","","Japon","JPX","JPY","41910","100000","XTKS","5011","REGION:ASIA","Volume 41910 < Seuil 100000 (1 cotations testées)"
"9647","KYOWA ENGINEERING CONSULTANTS CO., LTD.","","Japon","JPX","JPY","1520","100000","XTKS","9647","REGION:ASIA","Volume 1520 < Seuil 100000 (1 cotations testées)"
"9651","JAPAN PROCESS DEVELOPMENT CO., LTD.","","Japon","JPX","JPY","13240","100000","XTKS","9651","REGION:ASIA","Volume 13240 < Seuil 100000 (1 cotations testées)"
"500A","BOOKS INC.","","Japon","JPX","JPY","5970","100000","XTKS","500A","REGION:ASIA","Volume 5970 < Seuil 100000 (1 cotations testées)"
"9656","GREENLAND RESORT CO., LTD.","","Japon","JPX","JPY","4800","100000","XTKS","9656","REGION:ASIA","Volume 4800 < Seuil 100000 (1 cotations testées)"
"595A","FUJIKOSAN CO., LTD.","","Japon","JPX","JPY","0","100000","XTKS","595A","REGION:ASIA","Volume 0 < Seuil 100000 (2 cotations testées)"
"9658","BUSINESS BRAIN SHOWA-OTA INC.","","Japon","JPX","JPY","65250","100000","XTKS","9658","REGION:ASIA","Volume 65250 < Seuil 100000 (1 cotations testées)"
"9661","KABUKI-ZA CO., LTD.","","Japon","JPX","JPY","3210","100000","XTKS","9661","REGION:ASIA","Volume 3210 < Seuil 100000 (1 cotations testées)"
"5018","MORESCO CORPORATION","","Japon","JPX","JPY","42870","100000","XTKS","5018","REGION:ASIA","Volume 42870 < Seuil 100000 (1 cotations testées)"
"501A","PRECIOUS PARTNERS CO., LTD.","","Japon","JPX","JPY","0","100000","XTKS","501A","REGION:ASIA","Volume 0 < Seuil 100000 (1 cotations testées)"
"503A","BELLCHILD CO., LTD.","","Japon","JPX","JPY","0","100000","XTKS","503A","REGION:ASIA","Volume 0 < Seuil 100000 (1 cotations testées)"
"5039@S","KITALIVE INC","","Japon","JPX","JPY","410","100000","XTKS","5039@S","REGION:ASIA","Volume 410 < Seuil 100000 (1 cotations testées)"
"5036","JAPAN BUSINESS SYSTEMS INC.","","Japon","JPX","JPY","8600","100000","XTKS","5036","REGION:ASIA","Volume 8600 < Seuil 100000 (1 cotations testées)"
"9635","MUSASHINO KOGYO CO., LTD.","","Japon","JPX","JPY","300","100000","XTKS","9635","REGION:ASIA","Volume 300 < Seuil 100000 (1 cotations testées)"
"5035","HOUSEI INC.","","Japon","JPX","JPY","4310","100000","XTKS","5035","REGION:ASIA","Volume 4310 < Seuil 100000 (1 cotations testées)"
"5034","UNERRY INC.","","Japon","JPX","JPY","17290","100000","XTKS","5034","REGION:ASIA","Volume 17290 < Seuil 100000 (1 cotations testées)"
"5033","NULAB INC.","","Japon","JPX","JPY","12360","100000","XTKS","5033","REGION:ASIA","Volume 12360 < Seuil 100000 (1 cotations testées)"
"2970","GOOD LIFE CO., INC.","","Japon","JPX","JPY","15540","100000","XTKS","2970","REGION:ASIA","Volume 15540 < Seuil 100000 (1 cotations testées)"
"5032","ANYCOLOR INC.","","Japon","JPX","JPY","3300","100000","XTKS","5032","REGION:ASIA","Volume 3300 < Seuil 100000 (1 cotations testées)"
"5029","CIRCLACE INC.","","Japon","JPX","JPY","5110","100000","XTKS","5029","REGION:ASIA","Volume 5110 < Seuil 100000 (1 cotations testées)"
"5027","ANYMIND GROUP INC.","","Japon","JPX","JPY","53460","100000","XTKS","5027","REGION:ASIA","Volume 53460 < Seuil 100000 (1 cotations testées)"
"5026","TRIPLEIZE CO., LTD.","","Japon","JPX","JPY","90610","100000","XTKS","5026","REGION:ASIA","Volume 90610 < Seuil 100000 (1 cotations testées)"
"9636","KIN-EI CORP.","","Japon","JPX","JPY","3100","100000","XTKS","9636","REGION:ASIA","Volume 3100 < Seuil 100000 (1 cotations testées)"
"2961","NITCHO CORP.","","Japon","JPX","JPY","1100","100000","XTKS","2961","REGION:ASIA","Volume 1100 < Seuil 100000 (1 cotations testées)"
"2971","ESCON JAPAN REIT INVESTMENT CORPORATION","","Japon","JPX","JPY","27000","100000","XTKS","2971","REGION:ASIA","Volume 27000 < Seuil 100000 (1 cotations testées)"
"2974@F","DAIEISANGYO CO LTD","","Japon","JPX","JPY","500","100000","XTKS","2974@F","REGION:ASIA","Volume 500 < Seuil 100000 (1 cotations testées)"
"4985","EARTH CORP.","","Japon","JPX","JPY","65880","100000","XTKS","4985","REGION:ASIA","Volume 65880 < Seuil 100000 (1 cotations testées)"
"4979","OAT AGRIO CO., LTD.","","Japon","JPX","JPY","16160","100000","XTKS","4979","REGION:ASIA","Volume 16160 < Seuil 100000 (1 cotations testées)"
"9679","HORAI CO., LTD.","","Japon","JPX","JPY","360","100000","XTKS","9679","REGION:ASIA","Volume 360 < Seuil 100000 (1 cotations testées)"
"4977","NITTA GELATIN INC.","","Japon","JPX","JPY","35990","100000","XTKS","4977","REGION:ASIA","Volume 35990 < Seuil 100000 (1 cotations testées)"
"4976","TOYO DRILUBE CO., LTD.","","Japon","JPX","JPY","2010","100000","XTKS","4976","REGION:ASIA","Volume 2010 < Seuil 100000 (1 cotations testées)"
"4975","JCU CORP","","Japon","JPX","JPY","89530","100000","XTKS","4975","REGION:ASIA","Volume 89530 < Seuil 100000 (1 cotations testées)"
"9685","KYCOM HOLDINGS CO., LTD.","","Japon","JPX","JPY","2370","100000","XTKS","9685","REGION:ASIA","Volume 2370 < Seuil 100000 (1 cotations testées)"
"4990","SHOWA CHEMICAL INDUSTRY CO., LTD.","","Japon","JPX","JPY","1780","100000","XTKS","4990","REGION:ASIA","Volume 1780 < Seuil 100000 (1 cotations testées)"
"4994","TAISEI LAMICK CO., LTD.","","Japon","JPX","JPY","13120","100000","XTKS","4994","REGION:ASIA","Volume 13120 < Seuil 100000 (1 cotations testées)"
"9672","TOKYOTOKEIBA CO., LTD.","","Japon","JPX","JPY","98060","100000","XTKS","9672","REGION:ASIA","Volume 98060 < Seuil 100000 (1 cotations testées)"
"2976@S","NIPPON GRANDE CO LTD","","Japon","JPX","JPY","480","100000","XTKS","2976@S","REGION:ASIA","Volume 480 < Seuil 100000 (1 cotations testées)"
"2978","TSUKURUBA INC.","","Japon","JPX","JPY","4240","100000","XTKS","2978","REGION:ASIA","Volume 4240 < Seuil 100000 (1 cotations testées)"
"2979","SOSILA LOGISTICS REIT INC.","","Japon","JPX","JPY","2084","100000","XTKS","2979","REGION:ASIA","Volume 2084 < Seuil 100000 (1 cotations testées)"
"297A","ALPICO HOLDINGS CO., LTD.","","Japon","JPX","JPY","41470","100000","XTKS","297A","REGION:ASIA","Volume 41470 < Seuil 100000 (1 cotations testées)"
"9663","NAGAWA CO., LTD.","","Japon","JPX","JPY","18710","100000","XTKS","9663","REGION:ASIA","Volume 18710 < Seuil 100000 (1 cotations testées)"
"2981","LANDIX INC.","","Japon","JPX","JPY","3820","100000","XTKS","2981","REGION:ASIA","Volume 3820 < Seuil 100000 (1 cotations testées)"
"2972","SANKEI REAL ESTATE INC.","","Japon","JPX","JPY","1381","100000","XTKS","2972","REGION:ASIA","Volume 1381 < Seuil 100000 (1 cotations testées)"
"2984","YAMAICHI UNIHEIM REAL ESTATE CO., LTD.","","Japon","JPX","JPY","7800","100000","XTKS","2984","REGION:ASIA","Volume 7800 < Seuil 100000 (1 cotations testées)"
"2179","SEIGAKUSYA CO., LTD.","","Japon","JPX","JPY","1410","100000","XTKS","2179","REGION:ASIA","Volume 1410 < Seuil 100000 (1 cotations testées)"
"2989","TOKAIDO REIT INC.","","Japon","JPX","JPY","1719","100000","XTKS","2989","REGION:ASIA","Volume 1719 < Seuil 100000 (1 cotations testées)"
"298A","GVA TECH INC.","","Japon","JPX","JPY","9300","100000","XTKS","298A","REGION:ASIA","Volume 9300 < Seuil 100000 (1 cotations testées)"
"4998","FUMAKILLA LTD.","","Japon","JPX","JPY","36060","100000","XTKS","4998","REGION:ASIA","Volume 36060 < Seuil 100000 (1 cotations testées)"
"4995@F","SANKEI CHEMICALS CO","","Japon","JPX","JPY","270","100000","XTKS","4995@F","REGION:ASIA","Volume 270 < Seuil 100000 (1 cotations testées)"
"2983","ARR PLANNER CO. LTD.","","Japon","JPX","JPY","21840","100000","XTKS","2983","REGION:ASIA","Volume 21840 < Seuil 100000 (1 cotations testées)"
"9763","MARUBENI CONSTRUCTION MATERIAL LEASE CO. LTD.","","Japon","JPX","JPY","14620","100000","XTKS","9763","REGION:ASIA","Volume 14620 < Seuil 100000 (1 cotations testées)"
"4736","NIPPON RAD INC.","","Japon","JPX","JPY","3880","100000","XTKS","4736","REGION:ASIA","Volume 3880 < Seuil 100000 (1 cotations testées)"
"4735","KYOSHIN CO., LTD.","","Japon","JPX","JPY","5070","100000","XTKS","4735","REGION:ASIA","Volume 5070 < Seuil 100000 (1 cotations testées)"
"9887","MATSUYA FOODS HOLDINGS CO., LTD.","","Japon","JPX","JPY","58740","100000","XTKS","9887","REGION:ASIA","Volume 58740 < Seuil 100000 (1 cotations testées)"
"9888","UEX LTD.","","Japon","JPX","JPY","51310","100000","XTKS","9888","REGION:ASIA","Volume 51310 < Seuil 100000 (1 cotations testées)"
"4728","TOSE CO., LTD.","","Japon","JPX","JPY","2990","100000","XTKS","4728","REGION:ASIA","Volume 2990 < Seuil 100000 (1 cotations testées)"
"4725","CAC HOLDINGS CORP","","Japon","JPX","JPY","50060","100000","XTKS","4725","REGION:ASIA","Volume 50060 < Seuil 100000 (1 cotations testées)"
"9890","MAKIYA CO., LTD.","","Japon","JPX","JPY","4880","100000","XTKS","9890","REGION:ASIA","Volume 4880 < Seuil 100000 (1 cotations testées)"
"9895","CONSEC CORPORATION","","Japon","JPX","JPY","550","100000","XTKS","9895","REGION:ASIA","Volume 550 < Seuil 100000 (1 cotations testées)"
"9896","JK HOLDINGS CO., LTD.","","Japon","JPX","JPY","16170","100000","XTKS","9896","REGION:ASIA","Volume 16170 < Seuil 100000 (1 cotations testées)"
"4720","JOHNAN ACADEMIC PREPARATORY INSTITUTE CO., LTD.","","Japon","JPX","JPY","1880","100000","XTKS","4720","REGION:ASIA","Volume 1880 < Seuil 100000 (1 cotations testées)"
"471A","NS GROUP, INC.","","Japon","JPX","JPY","1000","100000","XTKS","471A","REGION:ASIA","Volume 1000 < Seuil 100000 (1 cotations testées)"
"4719","ALPHA SYSTEMS INC.","","Japon","JPX","JPY","7340","100000","XTKS","4719","REGION:ASIA","Volume 7340 < Seuil 100000 (1 cotations testées)"
"9885","CHARLÃ© CO. LTD.","","Japon","JPX","JPY","3340","100000","XTKS","9885","REGION:ASIA","Volume 3340 < Seuil 100000 (1 cotations testées)"
"4743","ITFOR INC.","","Japon","JPX","JPY","65140","100000","XTKS","4743","REGION:ASIA","Volume 65140 < Seuil 100000 (1 cotations testées)"
"9854","AIGAN CO., LTD.","","Japon","JPX","JPY","84960","100000","XTKS","9854","REGION:ASIA","Volume 84960 < Seuil 100000 (1 cotations testées)"
"4760","ALPHA CO., LTD.","","Japon","JPX","JPY","1630","100000","XTKS","4760","REGION:ASIA","Volume 1630 < Seuil 100000 (1 cotations testées)"
"475A","GIMIC CO., LTD.","","Japon","JPX","JPY","16340","100000","XTKS","475A","REGION:ASIA","Volume 16340 < Seuil 100000 (1 cotations testées)"
"9856","KU HOLDINGS CO. LTD.","","Japon","JPX","JPY","30320","100000","XTKS","9856","REGION:ASIA","Volume 30320 < Seuil 100000 (1 cotations testées)"
"9857","EIWA CORPORATION","","Japon","JPX","JPY","1500","100000","XTKS","9857","REGION:ASIA","Volume 1500 < Seuil 100000 (1 cotations testées)"
"9867","SOLEKIA LTD.","","Japon","JPX","JPY","270","100000","XTKS","9867","REGION:ASIA","Volume 270 < Seuil 100000 (1 cotations testées)"
"4718","WASEDA ACADEMY CO., LTD.","","Japon","JPX","JPY","21660","100000","XTKS","4718","REGION:ASIA","Volume 21660 < Seuil 100000 (1 cotations testées)"
"4754","TOSNET CORPORATION","","Japon","JPX","JPY","830","100000","XTKS","4754","REGION:ASIA","Volume 830 < Seuil 100000 (1 cotations testées)"
"4752","SHOWA SYSTEM ENGINEERING CO., LTD.","","Japon","JPX","JPY","2140","100000","XTKS","4752","REGION:ASIA","Volume 2140 < Seuil 100000 (1 cotations testées)"
"4750","DAISAN CO., LTD.","","Japon","JPX","JPY","2480","100000","XTKS","4750","REGION:ASIA","Volume 2480 < Seuil 100000 (1 cotations testées)"
"9872","KITAKEI CO., LTD.","","Japon","JPX","JPY","3140","100000","XTKS","9872","REGION:ASIA","Volume 3140 < Seuil 100000 (1 cotations testées)"
"9876","COX CO., LTD.","","Japon","JPX","JPY","30000","100000","XTKS","9876","REGION:ASIA","Volume 30000 < Seuil 100000 (1 cotations testées)"
"9878","SEKIDO CO., LTD.","","Japon","JPX","JPY","4570","100000","XTKS","9878","REGION:ASIA","Volume 4570 < Seuil 100000 (1 cotations testées)"
"4746","TOUKEI COMPUTER CO., LTD.","","Japon","JPX","JPY","25670","100000","XTKS","4746","REGION:ASIA","Volume 25670 < Seuil 100000 (1 cotations testées)"
"9869","KATO SANGYO CO., LTD.","","Japon","JPX","JPY","36240","100000","XTKS","9869","REGION:ASIA","Volume 36240 < Seuil 100000 (1 cotations testées)"
"9853","GINZA RENOIR CO., LTD.","","Japon","JPX","JPY","2460","100000","XTKS","9853","REGION:ASIA","Volume 2460 < Seuil 100000 (1 cotations testées)"
"4712","KEYHOLDER INC.","","Japon","JPX","JPY","17210","100000","XTKS","4712","REGION:ASIA","Volume 17210 < Seuil 100000 (1 cotations testées)"
"4678","SHUEI YOBIKO CO., LTD.","","Japon","JPX","JPY","2440","100000","XTKS","4678","REGION:ASIA","Volume 2440 < Seuil 100000 (1 cotations testées)"
"4674","CRESCO LTD.","","Japon","JPX","JPY","77390","100000","XTKS","4674","REGION:ASIA","Volume 77390 < Seuil 100000 (1 cotations testées)"
"4673","KAWASAKI GEOLOGICAL ENGINEERING CO., LTD.","","Japon","JPX","JPY","7450","100000","XTKS","4673","REGION:ASIA","Volume 7450 < Seuil 100000 (1 cotations testées)"
"4671","FALCO HOLDINGS CO., LTD.","","Japon","JPX","JPY","9360","100000","XTKS","4671","REGION:ASIA","Volume 9360 < Seuil 100000 (1 cotations testées)"
"4667","AISAN TECHNOLOGY CO., LTD.","","Japon","JPX","JPY","58140","100000","XTKS","4667","REGION:ASIA","Volume 58140 < Seuil 100000 (1 cotations testées)"
"4665","DUSKIN CO., LTD.","","Japon","JPX","JPY","78170","100000","XTKS","4665","REGION:ASIA","Volume 78170 < Seuil 100000 (1 cotations testées)"
"4662","FOCUS SYSTEMS CORPORATION","","Japon","JPX","JPY","43000","100000","XTKS","4662","REGION:ASIA","Volume 43000 < Seuil 100000 (1 cotations testées)"
"4658","NIPPON AIR CONDITIONING SERVICES CO., LTD.","","Japon","JPX","JPY","72070","100000","XTKS","4658","REGION:ASIA","Volume 72070 < Seuil 100000 (1 cotations testées)"
"4657","ENVIRONMENTAL CONTROL CENTER CO., LTD.","","Japon","JPX","JPY","5250","100000","XTKS","4657","REGION:ASIA","Volume 5250 < Seuil 100000 (1 cotations testées)"
"4679","TAYA CO., LTD.","","Japon","JPX","JPY","1980","100000","XTKS","4679","REGION:ASIA","Volume 1980 < Seuil 100000 (1 cotations testées)"
"3984","USER LOCAL INC.","","Japon","JPX","JPY","58930","100000","XTKS","3984","REGION:ASIA","Volume 58930 < Seuil 100000 (2 cotations testées)"
"4709","ID HOLDINGS CORP.","","Japon","JPX","JPY","53330","100000","XTKS","4709","REGION:ASIA","Volume 53330 < Seuil 100000 (1 cotations testées)"
"9902","NICHIDEN CORPORATION","","Japon","JPX","JPY","73980","100000","XTKS","9902","REGION:ASIA","Volume 73980 < Seuil 100000 (1 cotations testées)"
"9903","KANSEKI CO., LTD.","","Japon","JPX","JPY","3660","100000","XTKS","9903","REGION:ASIA","Volume 3660 < Seuil 100000 (1 cotations testées)"
"4707","KITAC CORPORATION","","Japon","JPX","JPY","5310","100000","XTKS","4707","REGION:ASIA","Volume 5310 < Seuil 100000 (1 cotations testées)"
"4705","CLIP CORPORATION","","Japon","JPX","JPY","1430","100000","XTKS","4705","REGION:ASIA","Volume 1430 < Seuil 100000 (1 cotations testées)"
"9904","VERITE CO., LTD.","","Japon","JPX","JPY","36600","100000","XTKS","9904","REGION:ASIA","Volume 36600 < Seuil 100000 (1 cotations testées)"
"9906","FUJII SANGYO CORPORATION","","Japon","JPX","JPY","0","100000","XTKS","9906","REGION:ASIA","Volume 0 < Seuil 100000 (1 cotations testées)"
"4694","BML INC.","","Japon","JPX","JPY","66000","100000","XTKS","4694","REGION:ASIA","Volume 66000 < Seuil 100000 (1 cotations testées)"
"4691","WASHINGTON HOTEL CORP.","","Japon","JPX","JPY","50060","100000","XTKS","4691","REGION:ASIA","Volume 50060 < Seuil 100000 (1 cotations testées)"
"4686","JUSTSYSTEMS CORPORATION","","Japon","JPX","JPY","77720","100000","XTKS","4686","REGION:ASIA","Volume 77720 < Seuil 100000 (1 cotations testées)"
"4685","RYOYU SYSTEMS CO., LTD.","","Japon","JPX","JPY","19320","100000","XTKS","4685","REGION:ASIA","Volume 19320 < Seuil 100000 (1 cotations testées)"
"469A","FITCREW INC.","","Japon","JPX","JPY","4340","100000","XTKS","469A","REGION:ASIA","Volume 4340 < Seuil 100000 (1 cotations testées)"
"9850","GOURMET KINEYA CO., LTD.","","Japon","JPX","JPY","40140","100000","XTKS","9850","REGION:ASIA","Volume 40140 < Seuil 100000 (1 cotations testées)"
"4761","SAKURA KCS CORPORATION","","Japon","JPX","JPY","10900","100000","XTKS","4761","REGION:ASIA","Volume 10900 < Seuil 100000 (1 cotations testées)"
"9790","FUKUI COMPUTER HOLDINGS INC.","","Japon","JPX","JPY","34350","100000","XTKS","9790","REGION:ASIA","Volume 34350 < Seuil 100000 (1 cotations testées)"
"4834@S","CAREER BANK","","Japon","JPX","JPY","330","100000","XTKS","4834@S","REGION:ASIA","Volume 330 < Seuil 100000 (1 cotations testées)"
"4832","JFE SYSTEMS INC.","","Japon","JPX","JPY","22640","100000","XTKS","4832","REGION:ASIA","Volume 22640 < Seuil 100000 (1 cotations testées)"
"4827@F","BUSINESS ONE HOLDINGS INC","","Japon","JPX","JPY","1740","100000","XTKS","4827@F","REGION:ASIA","Volume 1740 < Seuil 100000 (1 cotations testées)"
"9791","BIKEN TECHNO CORPORATION","","Japon","JPX","JPY","1390","100000","XTKS","9791","REGION:ASIA","Volume 1390 < Seuil 100000 (1 cotations testées)"
"9795","STEP CO., LTD.","","Japon","JPX","JPY","11870","100000","XTKS","9795","REGION:ASIA","Volume 11870 < Seuil 100000 (1 cotations testées)"
"481A","JSECURITY, INC.","","Japon","JPX","JPY","0","100000","XTKS","481A","REGION:ASIA","Volume 0 < Seuil 100000 (1 cotations testées)"
"9799","ASAHI INTELLIGENCE SERVICE CO., LTD.","","Japon","JPX","JPY","14790","100000","XTKS","9799","REGION:ASIA","Volume 14790 < Seuil 100000 (1 cotations testées)"
"4838","SPACE SHOWER SKIYAKI INC.","","Japon","JPX","JPY","37910","100000","XTKS","4838","REGION:ASIA","Volume 37910 < Seuil 100000 (1 cotations testées)"
"4839","WOWOW INC.","","Japon","JPX","JPY","63120","100000","XTKS","4839","REGION:ASIA","Volume 63120 < Seuil 100000 (1 cotations testées)"
"483A","TERA TECHNOLOGY, INC.","","Japon","JPX","JPY","1510","100000","XTKS","483A","REGION:ASIA","Volume 1510 < Seuil 100000 (1 cotations testées)"
"4840","TRIIS INC.","","Japon","JPX","JPY","43330","100000","XTKS","4840","REGION:ASIA","Volume 43330 < Seuil 100000 (1 cotations testées)"
"4880","CELLSOURCE CO., LTD.","","Japon","JPX","JPY","30300","100000","XTKS","4880","REGION:ASIA","Volume 30300 < Seuil 100000 (1 cotations testées)"
"9765","OHBA CO., LTD.","","Japon","JPX","JPY","17290","100000","XTKS","9765","REGION:ASIA","Volume 17290 < Seuil 100000 (1 cotations testées)"
"9767","NIKKEN KOGAKU CO., LTD.","","Japon","JPX","JPY","1360","100000","XTKS","9767","REGION:ASIA","Volume 1360 < Seuil 100000 (1 cotations testées)"
"4875","MEDICINOVA INC.","","Japon","JPX","JPY","28560","100000","XTKS","4875","REGION:ASIA","Volume 28560 < Seuil 100000 (1 cotations testées)"
"9768","IDEA CONSULTANTS INC.","","Japon","JPX","JPY","15110","100000","XTKS","9768","REGION:ASIA","Volume 15110 < Seuil 100000 (1 cotations testées)"
"9769","GAKKYUSHA CO., LTD.","","Japon","JPX","JPY","10980","100000","XTKS","9769","REGION:ASIA","Volume 10980 < Seuil 100000 (1 cotations testées)"
"4814","NEXTWARE LTD.","","Japon","JPX","JPY","35960","100000","XTKS","4814","REGION:ASIA","Volume 35960 < Seuil 100000 (1 cotations testées)"
"484A","NEWSEDTECH CO., LTD.","","Japon","JPX","JPY","0","100000","XTKS","484A","REGION:ASIA","Volume 0 < Seuil 100000 (1 cotations testées)"
"9778","SUBARU CO., LTD.","","Japon","JPX","JPY","660","100000","XTKS","9778","REGION:ASIA","Volume 660 < Seuil 100000 (1 cotations testées)"
"9780","HARIMA B-STEM CORPORATION","","Japon","JPX","JPY","3270","100000","XTKS","9780","REGION:ASIA","Volume 3270 < Seuil 100000 (1 cotations testées)"
"4848","FULLCAST HOLDINGS CO., LTD.","","Japon","JPX","JPY","97450","100000","XTKS","4848","REGION:ASIA","Volume 97450 < Seuil 100000 (1 cotations testées)"
"4847","INTELLIGENT WAVE INC.","","Japon","JPX","JPY","48290","100000","XTKS","4847","REGION:ASIA","Volume 48290 < Seuil 100000 (1 cotations testées)"
"9782","DMS INC.","","Japon","JPX","JPY","33250","100000","XTKS","9782","REGION:ASIA","Volume 33250 < Seuil 100000 (1 cotations testées)"
"4845","SCALA INC.","","Japon","JPX","JPY","32640","100000","XTKS","4845","REGION:ASIA","Volume 32640 < Seuil 100000 (1 cotations testées)"
"9788","NAC CO. LTD.","","Japon","JPX","JPY","41530","100000","XTKS","9788","REGION:ASIA","Volume 41530 < Seuil 100000 (1 cotations testées)"
"9849","KYODO PAPER HOLDINGS CO., LTD.","","Japon","JPX","JPY","200","100000","XTKS","9849","REGION:ASIA","Volume 200 < Seuil 100000 (1 cotations testées)"
"4811","DREAMARTS CORP.","","Japon","JPX","JPY","78100","100000","XTKS","4811","REGION:ASIA","Volume 78100 < Seuil 100000 (1 cotations testées)"
"4771","F&M CO., LTD.","","Japon","JPX","JPY","10420","100000","XTKS","4771","REGION:ASIA","Volume 10420 < Seuil 100000 (1 cotations testées)"
"476A","TSUJI HONGO IT CONSULTING CO., LTD.","","Japon","JPX","JPY","2410","100000","XTKS","476A","REGION:ASIA","Volume 2410 < Seuil 100000 (1 cotations testées)"
"4769","IC CO. LTD.","","Japon","JPX","JPY","420","100000","XTKS","4769","REGION:ASIA","Volume 420 < Seuil 100000 (1 cotations testées)"
"9835","JUNTENDO CO., LTD.","","Japon","JPX","JPY","2040","100000","XTKS","9835","REGION:ASIA","Volume 2040 < Seuil 100000 (1 cotations testées)"
"9837","MORITO CO., LTD.","","Japon","JPX","JPY","50690","100000","XTKS","9837","REGION:ASIA","Volume 50690 < Seuil 100000 (1 cotations testées)"
"4767","TOW CO. LTD.","","Japon","JPX","JPY","96510","100000","XTKS","4767","REGION:ASIA","Volume 96510 < Seuil 100000 (1 cotations testées)"
"4766","PA CO. LTD.","","Japon","JPX","JPY","8310","100000","XTKS","4766","REGION:ASIA","Volume 8310 < Seuil 100000 (1 cotations testées)"
"9845","PARKER CORPORATION","","Japon","JPX","JPY","6725","100000","XTKS","9845","REGION:ASIA","Volume 6725 < Seuil 100000 (1 cotations testées)"
"4763","CREEK & RIVER CO., LTD.","","Japon","JPX","JPY","45880","100000","XTKS","4763","REGION:ASIA","Volume 45880 < Seuil 100000 (1 cotations testées)"
"9846","TENMAYA STORE CO., LTD.","","Japon","JPX","JPY","64330","100000","XTKS","9846","REGION:ASIA","Volume 64330 < Seuil 100000 (1 cotations testées)"
"4762","XNET CORP","","Japon","JPX","JPY","12510","100000","XTKS","4762","REGION:ASIA","Volume 12510 < Seuil 100000 (1 cotations testées)"
"4777","GALA INC.","","Japon","JPX","JPY","22470","100000","XTKS","4777","REGION:ASIA","Volume 22470 < Seuil 100000 (1 cotations testées)"
"9812","TO HOLDINGS CO., LTD.","","Japon","JPX","JPY","2620","100000","XTKS","9812","REGION:ASIA","Volume 2620 < Seuil 100000 (1 cotations testées)"
"9816","STRIDERS CORP","","Japon","JPX","JPY","7000","100000","XTKS","9816","REGION:ASIA","Volume 7000 < Seuil 100000 (1 cotations testées)"
"480A","LIB CONSULTING CO., LTD.","","Japon","JPX","JPY","9320","100000","XTKS","480A","REGION:ASIA","Volume 9320 < Seuil 100000 (1 cotations testées)"
"4809","PARACA INC.","","Japon","JPX","JPY","19990","100000","XTKS","4809","REGION:ASIA","Volume 19990 < Seuil 100000 (1 cotations testées)"
"9818","DAIMARU ENAWIN CO., LTD.","","Japon","JPX","JPY","1590","100000","XTKS","9818","REGION:ASIA","Volume 1590 < Seuil 100000 (1 cotations testées)"
"9820","MT GENEX CORP","","Japon","JPX","JPY","10800","100000","XTKS","9820","REGION:ASIA","Volume 10800 < Seuil 100000 (1 cotations testées)"
"9823","MAMMY MART CORPORATION","","Japon","JPX","JPY","83050","100000","XTKS","9823","REGION:ASIA","Volume 83050 < Seuil 100000 (1 cotations testées)"
"4801","CENTRAL SPORTS CO., LTD.","","Japon","JPX","JPY","16480","100000","XTKS","4801","REGION:ASIA","Volume 16480 < Seuil 100000 (1 cotations testées)"
"4800","ORICON INC.","","Japon","JPX","JPY","15690","100000","XTKS","4800","REGION:ASIA","Volume 15690 < Seuil 100000 (1 cotations testées)"
"9824","SENSHU ELECTRIC CO., LTD.","","Japon","JPX","JPY","71900","100000","XTKS","9824","REGION:ASIA","Volume 71900 < Seuil 100000 (1 cotations testées)"
"4792","YAMADA CONSULTING GROUP CO., LTD.","","Japon","JPX","JPY","16310","100000","XTKS","4792","REGION:ASIA","Volume 16310 < Seuil 100000 (1 cotations testées)"
"478A","HUTZPER INC.","","Japon","JPX","JPY","67770","100000","XTKS","478A","REGION:ASIA","Volume 67770 < Seuil 100000 (1 cotations testées)"
"9827","LILYCOLOR CO., LTD.","","Japon","JPX","JPY","12580","100000","XTKS","9827","REGION:ASIA","Volume 12580 < Seuil 100000 (1 cotations testées)"
"9828","GENKI GLOBAL DINING CONCEPTS INC.","","Japon","JPX","JPY","75970","100000","XTKS","9828","REGION:ASIA","Volume 75970 < Seuil 100000 (1 cotations testées)"
"4783","NCD CO., LTD.","","Japon","JPX","JPY","10890","100000","XTKS","4783","REGION:ASIA","Volume 10890 < Seuil 100000 (1 cotations testées)"
"477A","STARTLINE CO., LTD.","","Japon","JPX","JPY","14030","100000","XTKS","477A","REGION:ASIA","Volume 14030 < Seuil 100000 (1 cotations testées)"
"479A","PRONI INC.","","Japon","JPX","JPY","28440","100000","XTKS","479A","REGION:ASIA","Volume 28440 < Seuil 100000 (1 cotations testées)"
"3156","RESTAR CORP.","","Japon","JPX","JPY","99840","100000","XTKS","3156","REGION:ASIA","Volume 99840 < Seuil 100000 (1 cotations testées)"
"3551","DYNIC CORPORATION","","Japon","JPX","JPY","19460","100000","XTKS","3551","REGION:ASIA","Volume 19460 < Seuil 100000 (1 cotations testées)"
"3157","GEOLIVE GROUP CORP","","Japon","JPX","JPY","7210","100000","XTKS","3157","REGION:ASIA","Volume 7210 < Seuil 100000 (1 cotations testées)"
"3550","STUDIO ATAO CO., LTD.","","Japon","JPX","JPY","4190","100000","XTKS","3550","REGION:ASIA","Volume 4190 < Seuil 100000 (1 cotations testées)"
"3548","BAROQUE JAPAN LIMITED","","Japon","JPX","JPY","63180","100000","XTKS","3548","REGION:ASIA","Volume 63180 < Seuil 100000 (1 cotations testées)"
"3547","KUSHIKATSU TANAKA HOLDINGS CO. LTD.","","Japon","JPX","JPY","68620","100000","XTKS","3547","REGION:ASIA","Volume 68620 < Seuil 100000 (1 cotations testées)"
"3161","AZEARTH CORPORATION","","Japon","JPX","JPY","3680","100000","XTKS","3161","REGION:ASIA","Volume 3680 < Seuil 100000 (1 cotations testées)"
"3542","VEGA CORPORATION CO., LTD.","","Japon","JPX","JPY","21490","100000","XTKS","3542","REGION:ASIA","Volume 21490 < Seuil 100000 (1 cotations testées)"
"3166","OCHI HOLDINGS CO., LTD.","","Japon","JPX","JPY","3710","100000","XTKS","3166","REGION:ASIA","Volume 3710 < Seuil 100000 (1 cotations testées)"
"3167","TOKAI HOLDINGS CORP","","Japon","JPX","JPY","1520","100000","XTKS","3167","REGION:ASIA","Volume 1520 < Seuil 100000 (1 cotations testées)"
"3154","MEDIUS HOLDINGS CO., LTD.","","Japon","JPX","JPY","20600","100000","XTKS","3154","REGION:ASIA","Volume 20600 < Seuil 100000 (1 cotations testées)"
"3168","MERF INC.","","Japon","JPX","JPY","82880","100000","XTKS","3168","REGION:ASIA","Volume 82880 < Seuil 100000 (1 cotations testées)"
"3553","KYOWA LEATHER CLOTH CO., LTD.","","Japon","JPX","JPY","38500","100000","XTKS","3553","REGION:ASIA","Volume 38500 < Seuil 100000 (1 cotations testées)"
"3556","RENET JAPAN GROUP INC.","","Japon","JPX","JPY","54120","100000","XTKS","3556","REGION:ASIA","Volume 54120 < Seuil 100000 (1 cotations testées)"
"3139","LACTO JAPAN CO., LTD.","","Japon","JPX","JPY","26690","100000","XTKS","3139","REGION:ASIA","Volume 26690 < Seuil 100000 (1 cotations testées)"
"3140","BRUNO INC.","","Japon","JPX","JPY","11890","100000","XTKS","3140","REGION:ASIA","Volume 11890 < Seuil 100000 (1 cotations testées)"
"3566","UNIFORM NEXT CO., LTD.","","Japon","JPX","JPY","6230","100000","XTKS","3566","REGION:ASIA","Volume 6230 < Seuil 100000 (1 cotations testées)"
"3143","O'WILL CORPORATION","","Japon","JPX","JPY","26700","100000","XTKS","3143","REGION:ASIA","Volume 26700 < Seuil 100000 (1 cotations testées)"
"3562","NO.1 CO. LTD.","","Japon","JPX","JPY","19340","100000","XTKS","3562","REGION:ASIA","Volume 19340 < Seuil 100000 (1 cotations testées)"
"3561","CHIKARANOMOTO HOLDINGS CO., LTD.","","Japon","JPX","JPY","60150","100000","XTKS","3561","REGION:ASIA","Volume 60150 < Seuil 100000 (1 cotations testées)"
"3560","HOBONICHI CO. LTD.","","Japon","JPX","JPY","3280","100000","XTKS","3560","REGION:ASIA","Volume 3280 < Seuil 100000 (1 cotations testées)"
"355A","NOW VILLAGE CO. LTD.","","Japon","JPX","JPY","0","100000","XTKS","355A","REGION:ASIA","Volume 0 < Seuil 100000 (1 cotations testées)"
"3559","P-BANCOM CORP.","","Japon","JPX","JPY","23830","100000","XTKS","3559","REGION:ASIA","Volume 23830 < Seuil 100000 (1 cotations testées)"
"3557","UNITED & COLLECTIVE CO., LTD.","","Japon","JPX","JPY","5430","100000","XTKS","3557","REGION:ASIA","Volume 5430 < Seuil 100000 (1 cotations testées)"
"3150","GREMZ, INC.","","Japon","JPX","JPY","42290","100000","XTKS","3150","REGION:ASIA","Volume 42290 < Seuil 100000 (1 cotations testées)"
"3151","VITAL KSK HOLDINGS, INC.","","Japon","JPX","JPY","83080","100000","XTKS","3151","REGION:ASIA","Volume 83080 < Seuil 100000 (1 cotations testées)"
"3153","YASHIMA DENKI CO., LTD.","","Japon","JPX","JPY","61140","100000","XTKS","3153","REGION:ASIA","Volume 61140 < Seuil 100000 (1 cotations testées)"
"3538","WILLPLUS HOLDINGS CORP.","","Japon","JPX","JPY","16990","100000","XTKS","3538","REGION:ASIA","Volume 16990 < Seuil 100000 (1 cotations testées)"
"3537","SHOEI YAKUHIN CO., LTD.","","Japon","JPX","JPY","2350","100000","XTKS","3537","REGION:ASIA","Volume 2350 < Seuil 100000 (1 cotations testées)"
"3186","NEXTAGE CO., LTD.","","Japon","JPX","JPY","53610","100000","XTKS","3186","REGION:ASIA","Volume 53610 < Seuil 100000 (1 cotations testées)"
"3187","MIRATAP INC.","","Japon","JPX","JPY","3052","100000","XTKS","3187","REGION:ASIA","Volume 3052 < Seuil 100000 (1 cotations testées)"
"3501","SUMINOE CO., LTD.","","Japon","JPX","JPY","20630","100000","XTKS","3501","REGION:ASIA","Volume 20630 < Seuil 100000 (1 cotations testées)"
"3189","ANAPLAN INC.","","Japon","JPX","JPY","77180","100000","XTKS","3189","REGION:ASIA","Volume 77180 < Seuil 100000 (1 cotations testées)"
"3190","HOTMAN CO. LTD.","","Japon","JPX","JPY","3520","100000","XTKS","3190","REGION:ASIA","Volume 3520 < Seuil 100000 (1 cotations testées)"
"3496","AZOOM CO., LTD.","","Japon","JPX","JPY","52700","100000","XTKS","3496","REGION:ASIA","Volume 52700 < Seuil 100000 (1 cotations testées)"
"3495","KORYO JYUHAN CO., LTD.","","Japon","JPX","JPY","580","100000","XTKS","3495","REGION:ASIA","Volume 580 < Seuil 100000 (1 cotations testées)"
"3192","SHIROHATO CO., LTD.","","Japon","JPX","JPY","25340","100000","XTKS","3192","REGION:ASIA","Volume 25340 < Seuil 100000 (1 cotations testées)"
"3494","MULLION CO. LTD.","","Japon","JPX","JPY","10510","100000","XTKS","3494","REGION:ASIA","Volume 10510 < Seuil 100000 (1 cotations testées)"
"3492","TAKARA LEBEN REAL ESTATE INVESTMENT CORPORATION","","Japon","JPX","JPY","4959","100000","XTKS","3492","REGION:ASIA","Volume 4959 < Seuil 100000 (1 cotations testées)"
"3195","GENERATION PASS CO., LTD.","","Japon","JPX","JPY","61930","100000","XTKS","3195","REGION:ASIA","Volume 61930 < Seuil 100000 (1 cotations testées)"
"3184","INTERNATIONAL CONGLOMERATE DISTRIBUTIONS INC.","","Japon","JPX","JPY","200","100000","XTKS","3184","REGION:ASIA","Volume 200 < Seuil 100000 (1 cotations testées)"
"3512","NIPPON FELT CO., LTD.","","Japon","JPX","JPY","16520","100000","XTKS","3512","REGION:ASIA","Volume 16520 < Seuil 100000 (1 cotations testées)"
"3513","ICHIKAWA CO., LTD.","","Japon","JPX","JPY","2530","100000","XTKS","3513","REGION:ASIA","Volume 2530 < Seuil 100000 (1 cotations testées)"
"3183","WIN-PARTNERS CO., LTD.","","Japon","JPX","JPY","11820","100000","XTKS","3183","REGION:ASIA","Volume 11820 < Seuil 100000 (1 cotations testées)"
"3536","AXAS HOLDINGS CO., LTD.","","Japon","JPX","JPY","9200","100000","XTKS","3536","REGION:ASIA","Volume 9200 < Seuil 100000 (1 cotations testées)"
"3172","TEA LIFE CO., LTD.","","Japon","JPX","JPY","16690","100000","XTKS","3172","REGION:ASIA","Volume 16690 < Seuil 100000 (1 cotations testées)"
"3173","COMINIX CO., LTD.","","Japon","JPX","JPY","20805","100000","XTKS","3173","REGION:ASIA","Volume 20805 < Seuil 100000 (1 cotations testées)"
"3174","HAPPINESS AND D CO., LTD.","","Japon","JPX","JPY","71500","100000","XTKS","3174","REGION:ASIA","Volume 71500 < Seuil 100000 (1 cotations testées)"
"3529","ATSUGI CO., LTD.","","Japon","JPX","JPY","41420","100000","XTKS","3529","REGION:ASIA","Volume 41420 < Seuil 100000 (1 cotations testées)"
"3138","FUJISAN MAGAZINE SERVICE CO. LTD.","","Japon","JPX","JPY","1900","100000","XTKS","3138","REGION:ASIA","Volume 1900 < Seuil 100000 (1 cotations testées)"
"3177","ARIGATOU SERVICES CO. LTD.","","Japon","JPX","JPY","2000","100000","XTKS","3177","REGION:ASIA","Volume 2000 < Seuil 100000 (1 cotations testées)"
"3524","NITTO SEIMO CO., LTD.","","Japon","JPX","JPY","3570","100000","XTKS","3524","REGION:ASIA","Volume 3570 < Seuil 100000 (1 cotations testées)"
"3521","ECONACH HOLDINGS CO. LTD.","","Japon","JPX","JPY","10820","100000","XTKS","3521","REGION:ASIA","Volume 10820 < Seuil 100000 (1 cotations testées)"
"317A","SMS DATA TECH CORP","","Japon","JPX","JPY","0","100000","XTKS","317A","REGION:ASIA","Volume 0 < Seuil 100000 (1 cotations testées)"
"351A","AXIS IT PARTNERS CORP","","Japon","JPX","JPY","0","100000","XTKS","351A","REGION:ASIA","Volume 0 < Seuil 100000 (1 cotations testées)"
"3180","BEAUTY GARAGE INC.","","Japon","JPX","JPY","15840","100000","XTKS","3180","REGION:ASIA","Volume 15840 < Seuil 100000 (1 cotations testées)"
"3181","KAITORI OKOKU CO., LTD.","","Japon","JPX","JPY","425","100000","XTKS","3181","REGION:ASIA","Volume 425 < Seuil 100000 (1 cotations testées)"
"3182","OISIX RA DAICHI INC.","","Japon","JPX","JPY","9420","100000","XTKS","3182","REGION:ASIA","Volume 9420 < Seuil 100000 (1 cotations testées)"
"3178","CHIMNEY CO. LTD.","","Japon","JPX","JPY","14190","100000","XTKS","3178","REGION:ASIA","Volume 14190 < Seuil 100000 (1 cotations testées)"
"3571","SOTO CO., LTD.","","Japon","JPX","JPY","3360","100000","XTKS","3571","REGION:ASIA","Volume 3360 < Seuil 100000 (1 cotations testées)"
"3137","FUNDELY CO., LTD.","","Japon","JPX","JPY","14650","100000","XTKS","3137","REGION:ASIA","Volume 14650 < Seuil 100000 (1 cotations testées)"
"3135","MARKETENTERPRISE CO., LTD.","","Japon","JPX","JPY","11050","100000","XTKS","3135","REGION:ASIA","Volume 11050 < Seuil 100000 (1 cotations testées)"
"3077","HORIIFOODSERVICE CO., LTD.","","Japon","JPX","JPY","25260","100000","XTKS","3077","REGION:ASIA","Volume 25260 < Seuil 100000 (1 cotations testées)"
"362A","EXEO HOLDINGS INC.","","Japon","JPX","JPY","0","100000","XTKS","362A","REGION:ASIA","Volume 0 < Seuil 100000 (1 cotations testées)"
"3628","DATA HORIZON CO., LTD.","","Japon","JPX","JPY","66800","100000","XTKS","3628","REGION:ASIA","Volume 66800 < Seuil 100000 (1 cotations testées)"
"3079","DVX INC.","","Japon","JPX","JPY","2710","100000","XTKS","3079","REGION:ASIA","Volume 2710 < Seuil 100000 (1 cotations testées)"
"3627","TEKMIRA PHARMACEUTICALS CORPORATION","","Japon","JPX","JPY","23870","100000","XTKS","3627","REGION:ASIA","Volume 23870 < Seuil 100000 (1 cotations testées)"
"307A","HOUSING STAFF INC.","","Japon","JPX","JPY","0","100000","XTKS","307A","REGION:ASIA","Volume 0 < Seuil 100000 (1 cotations testées)"
"4570","JASON CO., LTD.","","Taïwan","TWSE","TWD","1034","60000","XTAI","4570","MIC:XTAI","Volume 1034 < Seuil 60000 (2 cotations testées)"
"3625","TECHFIRM HOLDINGS INC.","","Japon","JPX","JPY","83260","100000","XTKS","3625","REGION:ASIA","Volume 83260 < Seuil 100000 (1 cotations testées)"
"3082","KICHIRI HOLDINGS & CO., LTD.","","Japon","JPX","JPY","6900","100000","XTKS","3082","REGION:ASIA","Volume 6900 < Seuil 100000 (1 cotations testées)"
"3623","BILLING SYSTEM CORPORATION","","Japon","JPX","JPY","70200","100000","XTKS","3623","REGION:ASIA","Volume 70200 < Seuil 100000 (1 cotations testées)"
"3622","NETYEAR GROUP CORPORATION","","Japon","JPX","JPY","3020","100000","XTKS","3622","REGION:ASIA","Volume 3020 < Seuil 100000 (1 cotations testées)"
"361A","LIVING HOUSE CO., LTD.","","Japon","JPX","JPY","0","100000","XTKS","361A","REGION:ASIA","Volume 0 < Seuil 100000 (1 cotations testées)"
"3075","CHOUSHIMARU CO., LTD.","","Japon","JPX","JPY","7640","100000","XTKS","3075","REGION:ASIA","Volume 7640 < Seuil 100000 (1 cotations testées)"
"3071","STREAM CO. LTD.","","Japon","JPX","JPY","23080","100000","XTKS","3071","REGION:ASIA","Volume 23080 < Seuil 100000 (1 cotations testées)"
"3063","J-GROUP HOLDINGS, INC.","","Japon","JPX","JPY","22560","100000","XTKS","3063","REGION:ASIA","Volume 22560 < Seuil 100000 (1 cotations testées)"
"3649","FINDEX INC.","","Japon","JPX","JPY","58430","100000","XTKS","3649","REGION:ASIA","Volume 58430 < Seuil 100000 (1 cotations testées)"
"3648","AGS CORPORATION","","Japon","JPX","JPY","9700","100000","XTKS","3648","REGION:ASIA","Volume 9700 < Seuil 100000 (1 cotations testées)"
"3646","EKITAIN & CO. LTD.","","Japon","JPX","JPY","3410","100000","XTKS","3646","REGION:ASIA","Volume 3410 < Seuil 100000 (1 cotations testées)"
"3645","MEDICAL NET INC.","","Japon","JPX","JPY","15560","100000","XTKS","3645","REGION:ASIA","Volume 15560 < Seuil 100000 (1 cotations testées)"
"3065","LIFE FOODS CO. LTD.","","Japon","JPX","JPY","1000","100000","XTKS","3065","REGION:ASIA","Volume 1000 < Seuil 100000 (1 cotations testées)"
"3087","DOUTOR NICHIRES HOLDINGS CO., LTD.","","Japon","JPX","JPY","897","100000","XTKS","3087","REGION:ASIA","Volume 897 < Seuil 100000 (1 cotations testées)"
"3641","PAPYLELESS CO., LTD.","","Japon","JPX","JPY","4560","100000","XTKS","3641","REGION:ASIA","Volume 4560 < Seuil 100000 (1 cotations testées)"
"3639","VOLTAGE INC.","","Japon","JPX","JPY","11960","100000","XTKS","3639","REGION:ASIA","Volume 11960 < Seuil 100000 (1 cotations testées)"
"3068","WDI CORPORATION","","Japon","JPX","JPY","2020","100000","XTKS","3068","REGION:ASIA","Volume 2020 < Seuil 100000 (1 cotations testées)"
"3634","SOCKETS INC.","","Japon","JPX","JPY","2550","100000","XTKS","3634","REGION:ASIA","Volume 2550 < Seuil 100000 (1 cotations testées)"
"3069","JFLA HOLDINGS INC.","","Japon","JPX","JPY","69530","100000","XTKS","3069","REGION:ASIA","Volume 69530 < Seuil 100000 (1 cotations testées)"
"3640","DENSAN CO., LTD.","","Japon","JPX","JPY","13050","100000","XTKS","3640","REGION:ASIA","Volume 13050 < Seuil 100000 (1 cotations testées)"
"308A","POSTMATE HOLDINGS INC.","","Japon","JPX","JPY","0","100000","XTKS","308A","REGION:ASIA","Volume 0 < Seuil 100000 (1 cotations testées)"
"3111","OMIKENSHI CO., LTD.","","Japon","JPX","JPY","4040","100000","XTKS","3111","REGION:ASIA","Volume 4040 < Seuil 100000 (1 cotations testées)"
"3591","WACOAL HOLDINGS CORP.","","Japon","JPX","JPY","79220","100000","XTKS","3591","REGION:ASIA","Volume 79220 < Seuil 100000 (1 cotations testées)"
"3113","UNIVA OAK HOLDINGS LTD.","","Japon","JPX","JPY","66120","100000","XTKS","3113","REGION:ASIA","Volume 66120 < Seuil 100000 (1 cotations testées)"
"358A","ZENLAND INC.","","Japon","JPX","JPY","0","100000","XTKS","358A","REGION:ASIA","Volume 0 < Seuil 100000 (1 cotations testées)"
"3583","AUBEX CORP.","","Japon","JPX","JPY","2840","100000","XTKS","3583","REGION:ASIA","Volume 2840 < Seuil 100000 (1 cotations testées)"
"3580","KOMATSU MATERE CO., LTD.","","Japon","JPX","JPY","74570","100000","XTKS","3580","REGION:ASIA","Volume 74570 < Seuil 100000 (1 cotations testées)"
"357A","F&F INC.","","Japon","JPX","JPY","0","100000","XTKS","357A","REGION:ASIA","Volume 0 < Seuil 100000 (1 cotations testées)"
"311A","NPT CO. LTD.","","Japon","JPX","JPY","80","100000","XTKS","311A","REGION:ASIA","Volume 80 < Seuil 100000 (1 cotations testées)"
"3577","TOKAI SENKO K.K.","","Japon","JPX","JPY","7310","100000","XTKS","3577","REGION:ASIA","Volume 7310 < Seuil 100000 (1 cotations testées)"
"3123","SAIBO CO. LTD.","","Japon","JPX","JPY","3090","100000","XTKS","3123","REGION:ASIA","Volume 3090 < Seuil 100000 (1 cotations testées)"
"312A","SHINKO HOLDINGS CORP.","","Japon","JPX","JPY","0","100000","XTKS","312A","REGION:ASIA","Volume 0 < Seuil 100000 (1 cotations testées)"
"3131","SHINDEN HIGHTEX CORPORATION","","Japon","JPX","JPY","22100","100000","XTKS","3131","REGION:ASIA","Volume 22100 < Seuil 100000 (1 cotations testées)"
"3134","HAMEE CORP.","","Japon","JPX","JPY","76360","100000","XTKS","3134","REGION:ASIA","Volume 76360 < Seuil 100000 (1 cotations testées)"
"3109","SHIKIBO LTD.","","Japon","JPX","JPY","49250","100000","XTKS","3109","REGION:ASIA","Volume 49250 < Seuil 100000 (1 cotations testées)"
"3106","KURABO INDUSTRIES LTD.","","Japon","JPX","JPY","48860","100000","XTKS","3106","REGION:ASIA","Volume 48860 < Seuil 100000 (1 cotations testées)"
"3611","MATSUOKA CORPORATION","","Japon","JPX","JPY","26160","100000","XTKS","3611","REGION:ASIA","Volume 26160 < Seuil 100000 (1 cotations testées)"
"3096","OCEAN SYSTEM CORP","","Japon","JPX","JPY","2560","100000","XTKS","3096","REGION:ASIA","Volume 2560 < Seuil 100000 (1 cotations testées)"
"3089","TECHNO ALPHA CO., LTD.","","Japon","JPX","JPY","8590","100000","XTKS","3089","REGION:ASIA","Volume 8590 < Seuil 100000 (1 cotations testées)"
"3607","KURAUDIA HOLDINGS CO., LTD.","","Japon","JPX","JPY","16420","100000","XTKS","3607","REGION:ASIA","Volume 16420 < Seuil 100000 (1 cotations testées)"
"3101","TOYOBO CO., LTD.","","Japon","JPX","JPY","55950","100000","XTKS","3101","REGION:ASIA","Volume 55950 < Seuil 100000 (1 cotations testées)"
"359A","NEXT STAGE CO. LTD.","","Japon","JPX","JPY","0","100000","XTKS","359A","REGION:ASIA","Volume 0 < Seuil 100000 (1 cotations testées)"
"3598","YAMAKI CO., LTD.","","Japon","JPX","JPY","27010","100000","XTKS","3598","REGION:ASIA","Volume 27010 < Seuil 100000 (1 cotations testées)"
"3597","JICHODO CO., LTD.","","Japon","JPX","JPY","2160","100000","XTKS","3597","REGION:ASIA","Volume 2160 < Seuil 100000 (1 cotations testées)"
"3490","AZPLANNING CO., LTD.","","Japon","JPX","JPY","1230","100000","XTKS","3490","REGION:ASIA","Volume 1230 < Seuil 100000 (1 cotations testées)"
"3489","FAITHNETWORK CO., LTD.","","Japon","JPX","JPY","51730","100000","XTKS","3489","REGION:ASIA","Volume 51730 < Seuil 100000 (1 cotations testées)"
"338A","ZENMUTECH INC.","","Japon","JPX","JPY","39150","100000","XTKS","338A","REGION:ASIA","Volume 39150 < Seuil 100000 (1 cotations testées)"
"3277","SANSEI LANDIC CO., LTD.","","Japon","JPX","JPY","11930","100000","XTKS","3277","REGION:ASIA","Volume 11930 < Seuil 100000 (1 cotations testées)"
"3388","MEIJI ELECTRIC INDUSTRIES CO., LTD.","","Japon","JPX","JPY","22020","100000","XTKS","3388","REGION:ASIA","Volume 22020 < Seuil 100000 (1 cotations testées)"
"3279","ACTIVIA PROPERTIES INC.","","Japon","JPX","JPY","5172","100000","XTKS","3279","REGION:ASIA","Volume 5172 < Seuil 100000 (1 cotations testées)"
"3386","COSMO BIO CO., LTD.","","Japon","JPX","JPY","7440","100000","XTKS","3386","REGION:ASIA","Volume 7440 < Seuil 100000 (1 cotations testées)"
"3280","STRUST CO. LTD.","","Japon","JPX","JPY","11050","100000","XTKS","3280","REGION:ASIA","Volume 11050 < Seuil 100000 (1 cotations testées)"
"3286","TRUST HOLDINGS INC.","","Japon","JPX","JPY","5270","100000","XTKS","3286","REGION:ASIA","Volume 5270 < Seuil 100000 (1 cotations testées)"
"3287","HOSHINO RESORTS REIT INC.","","Japon","JPX","JPY","1516","100000","XTKS","3287","REGION:ASIA","Volume 1516 < Seuil 100000 (1 cotations testées)"
"3271","GLOBAL LTD.","","Japon","JPX","JPY","5110","100000","XTKS","3271","REGION:ASIA","Volume 5110 < Seuil 100000 (1 cotations testées)"
"326A","AERO LAB INTERNATIONAL","","Japon","JPX","JPY","0","100000","XTKS","326A","REGION:ASIA","Volume 0 < Seuil 100000 (1 cotations testées)"
"324A","BOOKING RESORT CO. LTD.","","Japon","JPX","JPY","11520","100000","XTKS","324A","REGION:ASIA","Volume 11520 < Seuil 100000 (1 cotations testées)"
"3252","JINUSHI CO., LTD.","","Japon","JPX","JPY","86440","100000","XTKS","3252","REGION:ASIA","Volume 86440 < Seuil 100000 (1 cotations testées)"
"339A","PROGRESS TECHNOLOGIES GROUP","","Japon","JPX","JPY","34930","100000","XTKS","339A","REGION:ASIA","Volume 34930 < Seuil 100000 (1 cotations testées)"
"3399","MARUCHIYO YAMAOKAYA CORP.","","Japon","JPX","JPY","55200","100000","XTKS","3399","REGION:ASIA","Volume 55200 < Seuil 100000 (1 cotations testées)"
"3266","FUND CREATION GROUP CO., LTD.","","Japon","JPX","JPY","77260","100000","XTKS","3266","REGION:ASIA","Volume 77260 < Seuil 100000 (1 cotations testées)"
"3267","PHIL COMPANY","","Japon","JPX","JPY","35560","100000","XTKS","3267","REGION:ASIA","Volume 35560 < Seuil 100000 (1 cotations testées)"
"3392","DELICA FOODS HOLDINGS CO. LTD.","","Japon","JPX","JPY","11810","100000","XTKS","3392","REGION:ASIA","Volume 11810 < Seuil 100000 (1 cotations testées)"
"3261","GRANDES INC.","","Japon","JPX","JPY","3420","100000","XTKS","3261","REGION:ASIA","Volume 3420 < Seuil 100000 (1 cotations testées)"
"3248","EARLY AGE CO. LTD.","","Japon","JPX","JPY","1620","100000","XTKS","3248","REGION:ASIA","Volume 1620 < Seuil 100000 (1 cotations testées)"
"3290","ONE REIT INC.","","Japon","JPX","JPY","2648","100000","XTKS","3290","REGION:ASIA","Volume 2648 < Seuil 100000 (1 cotations testées)"
"3374","NAIGAI TEC CORPORATION","","Japon","JPX","JPY","39730","100000","XTKS","3374","REGION:ASIA","Volume 39730 < Seuil 100000 (1 cotations testées)"
"3353","MEDICAL IKKOU GROUP CO., LTD.","","Japon","JPX","JPY","2000","100000","XTKS","3353","REGION:ASIA","Volume 2000 < Seuil 100000 (1 cotations testées)"
"3352","BUFFALO CO. LTD.","","Japon","JPX","JPY","2670","100000","XTKS","3352","REGION:ASIA","Volume 2670 < Seuil 100000 (1 cotations testées)"
"334A","VISUAL PROCESSING JAPAN CO., LTD.","","Japon","JPX","JPY","3240","100000","XTKS","334A","REGION:ASIA","Volume 3240 < Seuil 100000 (1 cotations testées)"
"330A","TALENTX INC.","","Japon","JPX","JPY","23800","100000","XTKS","330A","REGION:ASIA","Volume 23800 < Seuil 100000 (1 cotations testées)"
"333A","TECHNOSMILE INC.","","Japon","JPX","JPY","0","100000","XTKS","333A","REGION:ASIA","Volume 0 < Seuil 100000 (1 cotations testées)"
"3317","FLYING GARDEN CO. LTD.","","Japon","JPX","JPY","1410","100000","XTKS","3317","REGION:ASIA","Volume 1410 < Seuil 100000 (1 cotations testées)"
"331A","MEDIX INC.","","Japon","JPX","JPY","6170","100000","XTKS","331A","REGION:ASIA","Volume 6170 < Seuil 100000 (1 cotations testées)"
"332A","MEEQ INC.","","Japon","JPX","JPY","88670","100000","XTKS","332A","REGION:ASIA","Volume 88670 < Seuil 100000 (1 cotations testées)"
"3355","KURIYAMA HOLDINGS CORP.","","Japon","JPX","JPY","17810","100000","XTKS","3355","REGION:ASIA","Volume 17810 < Seuil 100000 (1 cotations testées)"
"3356","TERILOGY CO., LTD.","","Japon","JPX","JPY","32490","100000","XTKS","3356","REGION:ASIA","Volume 32490 < Seuil 100000 (1 cotations testées)"
"3358","Y.S. FOOD CO., LTD.","","Japon","JPX","JPY","43930","100000","XTKS","3358","REGION:ASIA","Volume 43930 < Seuil 100000 (1 cotations testées)"
"3292","AEON REIT INVESTMENT CORPORATION","","Japon","JPX","JPY","5748","100000","XTKS","3292","REGION:ASIA","Volume 5748 < Seuil 100000 (1 cotations testées)"
"3293","AZUMA HOUSE CO., LTD.","","Japon","JPX","JPY","1150","100000","XTKS","3293","REGION:ASIA","Volume 1150 < Seuil 100000 (1 cotations testées)"
"3372","KANMONKAI CO., LTD.","","Japon","JPX","JPY","7330","100000","XTKS","3372","REGION:ASIA","Volume 7330 < Seuil 100000 (1 cotations testées)"
"3371","SOFTCREATE HOLDINGS CORP.","","Japon","JPX","JPY","42390","100000","XTKS","3371","REGION:ASIA","Volume 42390 < Seuil 100000 (1 cotations testées)"
"3370","FUJITA CORPORATION CO., LTD.","","Japon","JPX","JPY","3830","100000","XTKS","3370","REGION:ASIA","Volume 3830 < Seuil 100000 (1 cotations testées)"
"3295","HULIC REIT, INC.","","Japon","JPX","JPY","2473","100000","XTKS","3295","REGION:ASIA","Volume 2473 < Seuil 100000 (1 cotations testées)"
"3375","ZOA CORPORATION","","Japon","JPX","JPY","520","100000","XTKS","3375","REGION:ASIA","Volume 520 < Seuil 100000 (1 cotations testées)"
"3296","NIPPON REIT INVESTMENT CORPORATION","","Japon","JPX","JPY","3050","100000","XTKS","3296","REGION:ASIA","Volume 3050 < Seuil 100000 (1 cotations testées)"
"3299","MUGEN ESTATE CO., LTD.","","Japon","JPX","JPY","95870","100000","XTKS","3299","REGION:ASIA","Volume 95870 < Seuil 100000 (1 cotations testées)"
"329A","ZEAL ASSOCIATE CORP","","Japon","JPX","JPY","0","100000","XTKS","329A","REGION:ASIA","Volume 0 < Seuil 100000 (1 cotations testées)"
"3361","TOELL CO., LTD.","","Japon","JPX","JPY","2160","100000","XTKS","3361","REGION:ASIA","Volume 2160 < Seuil 100000 (1 cotations testées)"
"335A","MIRAIRO INC.","","Japon","JPX","JPY","5930","100000","XTKS","335A","REGION:ASIA","Volume 5930 < Seuil 100000 (1 cotations testées)"
"3359","COTTA CO., LTD.","","Japon","JPX","JPY","17990","100000","XTKS","3359","REGION:ASIA","Volume 17990 < Seuil 100000 (1 cotations testées)"
"3297","TOUBUJYUHAN CO., LTD.","","Japon","JPX","JPY","2460","100000","XTKS","3297","REGION:ASIA","Volume 2460 < Seuil 100000 (1 cotations testées)"
"3652","DIGITAL MEDIA PROFESSIONALS INC.","","Japon","JPX","JPY","49400","100000","XTKS","3652","REGION:ASIA","Volume 49400 < Seuil 100000 (1 cotations testées)"
"3409","KITANI SPINNING CO. LTD.","","Japon","JPX","JPY","27240","100000","XTKS","3409","REGION:ASIA","Volume 27240 < Seuil 100000 (1 cotations testées)"
"3221","YOSSIX HOLDINGS CO., LTD.","","Japon","JPX","JPY","27540","100000","XTKS","3221","REGION:ASIA","Volume 27540 < Seuil 100000 (1 cotations testées)"
"3472","NIPPON HOTEL & RESIDENTIAL INVESTMENT CORPORATION","","Japon","JPX","JPY","1925","100000","XTKS","3472","REGION:ASIA","Volume 1925 < Seuil 100000 (1 cotations testées)"
"3471","MITSUI FUDOSAN LOGISTICS PARK INC.","","Japon","JPX","JPY","6739","100000","XTKS","3471","REGION:ASIA","Volume 6739 < Seuil 100000 (1 cotations testées)"
"3470","MARIMO REGIONAL REVITALIZATION REIT, INC.","","Japon","JPX","JPY","925","100000","XTKS","3470","REGION:ASIA","Volume 925 < Seuil 100000 (1 cotations testées)"
"3469","DUALTAP CO., LTD.","","Japon","JPX","JPY","2940","100000","XTKS","3469","REGION:ASIA","Volume 2940 < Seuil 100000 (1 cotations testées)"
"3468","STAR ASIA INVESTMENT CORPORATION","","Japon","JPX","JPY","7174","100000","XTKS","3468","REGION:ASIA","Volume 7174 < Seuil 100000 (1 cotations testées)"
"3467","AGRATIO URBAN DESIGN INC.","","Japon","JPX","JPY","5800","100000","XTKS","3467","REGION:ASIA","Volume 5800 < Seuil 100000 (1 cotations testées)"
"3223","SLD ENTERTAINMENT INC.","","Japon","JPX","JPY","810","100000","XTKS","3223","REGION:ASIA","Volume 810 < Seuil 100000 (1 cotations testées)"
"3466","LASALLE LOGIPORT REAL ESTATE INVESTMENT TRUST","","Japon","JPX","JPY","4654","100000","XTKS","3466","REGION:ASIA","Volume 4654 < Seuil 100000 (1 cotations testées)"
"3224","GENERAL OYSTER INC.","","Japon","JPX","JPY","5480","100000","XTKS","3224","REGION:ASIA","Volume 5480 < Seuil 100000 (1 cotations testées)"
"3226","NIPPON ACCOMMODATIONS FUND INC.","","Japon","JPX","JPY","5523","100000","XTKS","3226","REGION:ASIA","Volume 5523 < Seuil 100000 (1 cotations testées)"
"3465","KI-STAR REAL ESTATE CO., LTD.","","Japon","JPX","JPY","78580","100000","XTKS","3465","REGION:ASIA","Volume 78580 < Seuil 100000 (1 cotations testées)"
"3463","ICHIGO HOTEL REIT INVESTMENT CORPORATION","","Japon","JPX","JPY","936","100000","XTKS","3463","REGION:ASIA","Volume 936 < Seuil 100000 (1 cotations testées)"
"3461","PALMA CO. LTD.","","Japon","JPX","JPY","5020","100000","XTKS","3461","REGION:ASIA","Volume 5020 < Seuil 100000 (1 cotations testées)"
"3459","SAMTY RESIDENTIAL INVESTMENT CORPORATION","","Japon","JPX","JPY","1561","100000","XTKS","3459","REGION:ASIA","Volume 1561 < Seuil 100000 (1 cotations testées)"
"3474","G-FACTORY CO. LTD.","","Japon","JPX","JPY","2680","100000","XTKS","3474","REGION:ASIA","Volume 2680 < Seuil 100000 (1 cotations testées)"
"3475","GOOD COM ASSET CO. LTD.","","Japon","JPX","JPY","73740","100000","XTKS","3475","REGION:ASIA","Volume 73740 < Seuil 100000 (1 cotations testées)"
"3476","MIRAI CORPORATION","","Japon","JPX","JPY","5503","100000","XTKS","3476","REGION:ASIA","Volume 5503 < Seuil 100000 (1 cotations testées)"
"321A","HUMAN STAGE HOLDINGS CORP.","","Japon","JPX","JPY","0","100000","XTKS","321A","REGION:ASIA","Volume 0 < Seuil 100000 (1 cotations testées)"
"3488","XYMAX REIT INVESTMENT CORPORATION","","Japon","JPX","JPY","814","100000","XTKS","3488","REGION:ASIA","Volume 814 < Seuil 100000 (1 cotations testées)"
"3487","CRE LOGISTICS REIT INC.","","Japon","JPX","JPY","1471","100000","XTKS","3487","REGION:ASIA","Volume 1471 < Seuil 100000 (1 cotations testées)"
"3486","GLOBAL LINK MANAGEMENT INC.","","Japon","JPX","JPY","46710","100000","XTKS","3486","REGION:ASIA","Volume 46710 < Seuil 100000 (1 cotations testées)"
"3198","SFP HOLDINGS CO., LTD.","","Japon","JPX","JPY","0","100000","XTKS","3198","REGION:ASIA","Volume 0 < Seuil 100000 (1 cotations testées)"
"3484","INNOVATION HOLDINGS CO. LTD.","","Japon","JPX","JPY","5340","100000","XTKS","3484","REGION:ASIA","Volume 5340 < Seuil 100000 (1 cotations testées)"
"3199","WATAHAN & CO., LTD.","","Japon","JPX","JPY","712","100000","XTKS","3199","REGION:ASIA","Volume 712 < Seuil 100000 (1 cotations testées)"
"319A","NEXT GENERATION TECHNOLOGY GROUP INC.","","Japon","JPX","JPY","46170","100000","XTKS","319A","REGION:ASIA","Volume 46170 < Seuil 100000 (1 cotations testées)"
"3457","&DO HOLDINGS CO., LTD.","","Japon","JPX","JPY","80690","100000","XTKS","3457","REGION:ASIA","Volume 80690 < Seuil 100000 (1 cotations testées)"
"3481","MITSUBISHI ESTATE LOGISTICS REIT INC.","","Japon","JPX","JPY","2593","100000","XTKS","3481","REGION:ASIA","Volume 2593 < Seuil 100000 (1 cotations testées)"
"3202","DAITOBO CO., LTD.","","Japon","JPX","JPY","36810","100000","XTKS","3202","REGION:ASIA","Volume 36810 < Seuil 100000 (1 cotations testées)"
"3480","JSB CO., LTD.","","Japon","JPX","JPY","46570","100000","XTKS","3480","REGION:ASIA","Volume 46570 < Seuil 100000 (1 cotations testées)"
"347A","GROWTH POWER CO. LTD.","","Japon","JPX","JPY","0","100000","XTKS","347A","REGION:ASIA","Volume 0 < Seuil 100000 (1 cotations testées)"
"3204","TOABO CORP.","","Japon","JPX","JPY","18090","100000","XTKS","3204","REGION:ASIA","Volume 18090 < Seuil 100000 (1 cotations testées)"
"320A","D&I INC.","","Japon","JPX","JPY","0","100000","XTKS","320A","REGION:ASIA","Volume 0 < Seuil 100000 (1 cotations testées)"
"3477","FORLIFE CO., LTD.","","Japon","JPX","JPY","3410","100000","XTKS","3477","REGION:ASIA","Volume 3410 < Seuil 100000 (1 cotations testées)"
"3246","KOSE R.E. CO., LTD.","","Japon","JPX","JPY","5010","100000","XTKS","3246","REGION:ASIA","Volume 5010 < Seuil 100000 (1 cotations testées)"
"3455","HEALTHCARE & MEDICAL INVESTMENT CORPORATION","","Japon","JPX","JPY","1217","100000","XTKS","3455","REGION:ASIA","Volume 1217 < Seuil 100000 (1 cotations testées)"
"3452","B-LOT CO., LTD.","","Japon","JPX","JPY","61760","100000","XTKS","3452","REGION:ASIA","Volume 61760 < Seuil 100000 (1 cotations testées)"
"3238","CENTRAL GENERAL DEVELOPMENT CO., LTD.","","Japon","JPX","JPY","7070","100000","XTKS","3238","REGION:ASIA","Volume 7070 < Seuil 100000 (1 cotations testées)"
"3431","MIYAJI ENGINEERING GROUP INC.","","Japon","JPX","JPY","72220","100000","XTKS","3431","REGION:ASIA","Volume 72220 < Seuil 100000 (1 cotations testées)"
"323A","FLIER INC.","","Japon","JPX","JPY","64930","100000","XTKS","323A","REGION:ASIA","Volume 64930 < Seuil 100000 (1 cotations testées)"
"3426","ATOM LIVIN TECH CO., LTD.","","Japon","JPX","JPY","1000","100000","XTKS","3426","REGION:ASIA","Volume 1000 < Seuil 100000 (1 cotations testées)"
"3423","SE CORP","","Japon","JPX","JPY","20490","100000","XTKS","3423","REGION:ASIA","Volume 20490 < Seuil 100000 (1 cotations testées)"
"3422","J-MAX CO., LTD.","","Japon","JPX","JPY","12800","100000","XTKS","3422","REGION:ASIA","Volume 12800 < Seuil 100000 (1 cotations testées)"
"3421","INABA SEISAKUSHO CO., LTD.","","Japon","JPX","JPY","54890","100000","XTKS","3421","REGION:ASIA","Volume 54890 < Seuil 100000 (1 cotations testées)"
"3420","KFC LTD.","","Japon","JPX","JPY","2830","100000","XTKS","3420","REGION:ASIA","Volume 2830 < Seuil 100000 (1 cotations testées)"
"341A","TOYOKOH INC.","","Japon","JPX","JPY","29430","100000","XTKS","341A","REGION:ASIA","Volume 29430 < Seuil 100000 (1 cotations testées)"
"3241","WILL CO. LTD.","","Japon","JPX","JPY","3730","100000","XTKS","3241","REGION:ASIA","Volume 3730 < Seuil 100000 (1 cotations testées)"
"3418","BALNIBARBI CO., LTD.","","Japon","JPX","JPY","39500","100000","XTKS","3418","REGION:ASIA","Volume 39500 < Seuil 100000 (1 cotations testées)"
"3242","URBANET CORPORATION CO., LTD.","","Japon","JPX","JPY","97800","100000","XTKS","3242","REGION:ASIA","Volume 97800 < Seuil 100000 (1 cotations testées)"
"3417","OHKI HEALTHCARE HOLDINGS CO., LTD.","","Japon","JPX","JPY","13720","100000","XTKS","3417","REGION:ASIA","Volume 13720 < Seuil 100000 (1 cotations testées)"
"3416","PIXTA INC.","","Japon","JPX","JPY","980","100000","XTKS","3416","REGION:ASIA","Volume 980 < Seuil 100000 (1 cotations testées)"
"340A","ZIG-ZAG INC.","","Japon","JPX","JPY","25050","100000","XTKS","340A","REGION:ASIA","Volume 25050 < Seuil 100000 (1 cotations testées)"
"3434","ALPHA CORP","","Japon","JPX","JPY","9770","100000","XTKS","3434","REGION:ASIA","Volume 9770 < Seuil 100000 (1 cotations testées)"
"3435","SANKO TECHNO CO., LTD.","","Japon","JPX","JPY","1700","100000","XTKS","3435","REGION:ASIA","Volume 1700 < Seuil 100000 (1 cotations testées)"
"3451","TOSEI REIT INVESTMENT CORPORATION","","Japon","JPX","JPY","696","100000","XTKS","3451","REGION:ASIA","Volume 696 < Seuil 100000 (1 cotations testées)"
"322A","HIMEJI RIKA CO., LTD.","","Japon","JPX","JPY","0","100000","XTKS","322A","REGION:ASIA","Volume 0 < Seuil 100000 (1 cotations testées)"
"2479","JTEC CORPORATION","","Japon","JPX","JPY","12760","100000","XTKS","2479","REGION:ASIA","Volume 12760 < Seuil 100000 (2 cotations testées)"
"3454","FIRST BROTHERS CO. LTD.","","Japon","JPX","JPY","7600","100000","XTKS","3454","REGION:ASIA","Volume 7600 < Seuil 100000 (1 cotations testées)"
"3441","SANNO CO., LTD.","","Japon","JPX","JPY","54180","100000","XTKS","3441","REGION:ASIA","Volume 54180 < Seuil 100000 (1 cotations testées)"
"3234","MORI HILLS REIT INVESTMENT CORPORATION","","Japon","JPX","JPY","5166","100000","XTKS","3234","REGION:ASIA","Volume 5166 < Seuil 100000 (1 cotations testées)"
"3440","NISSO PRONITY CO., LTD.","","Japon","JPX","JPY","25460","100000","XTKS","3440","REGION:ASIA","Volume 25460 < Seuil 100000 (1 cotations testées)"
"343A","IACE TRAVEL CORP","","Japon","JPX","JPY","3420","100000","XTKS","343A","REGION:ASIA","Volume 3420 < Seuil 100000 (1 cotations testées)"
"3439","MITSUCHI CORPORATION","","Japon","JPX","JPY","940","100000","XTKS","3439","REGION:ASIA","Volume 940 < Seuil 100000 (1 cotations testées)"
"3437","TOKUDEN CO., LTD.","","Japon","JPX","JPY","480","100000","XTKS","3437","REGION:ASIA","Volume 480 < Seuil 100000 (1 cotations testées)"
"3653","MORPHO INC.","","Japon","JPX","JPY","19340","100000","XTKS","3653","REGION:ASIA","Volume 19340 < Seuil 100000 (1 cotations testées)"
"305A","DOUBLETREE INC.","","Japon","JPX","JPY","0","100000","XTKS","305A","REGION:ASIA","Volume 0 < Seuil 100000 (1 cotations testées)"
"3059","HIRAKI CO. LTD.","","Japon","JPX","JPY","2550","100000","XTKS","3059","REGION:ASIA","Volume 2550 < Seuil 100000 (1 cotations testées)"
"3992","NEEDS WELL INC.","","Japon","JPX","JPY","45510","100000","XTKS","3992","REGION:ASIA","Volume 45510 < Seuil 100000 (1 cotations testées)"
"398A","REAL QUALITY CO., LTD.","","Japon","JPX","JPY","0","100000","XTKS","398A","REGION:ASIA","Volume 0 < Seuil 100000 (1 cotations testées)"
"3987","ECOMOTT INC.","","Japon","JPX","JPY","19980","100000","XTKS","3987","REGION:ASIA","Volume 19980 < Seuil 100000 (1 cotations testées)"
"3986","BBREAK SYSTEMS CO. LTD.","","Japon","JPX","JPY","4350","100000","XTKS","3986","REGION:ASIA","Volume 4350 < Seuil 100000 (1 cotations testées)"
"3985","TEMONA INC.","","Japon","JPX","JPY","7520","100000","XTKS","3985","REGION:ASIA","Volume 7520 < Seuil 100000 (1 cotations testées)"
"3981","BEAGLEE INC.","","Japon","JPX","JPY","3700","100000","XTKS","3981","REGION:ASIA","Volume 3700 < Seuil 100000 (1 cotations testées)"
"3979","ULURU CO., LTD.","","Japon","JPX","JPY","11030","100000","XTKS","3979","REGION:ASIA","Volume 11030 < Seuil 100000 (1 cotations testées)"
"3977@S","FUSION CO LTD (JP)","","Japon","JPX","JPY","1290","100000","XTKS","3977@S","REGION:ASIA","Volume 1290 < Seuil 100000 (1 cotations testées)"
"3976","SHANON INC.","","Japon","JPX","JPY","30130","100000","XTKS","3976","REGION:ASIA","Volume 30130 < Seuil 100000 (1 cotations testées)"
"3974","SCAT INC.","","Japon","JPX","JPY","5500","100000","XTKS","3974","REGION:ASIA","Volume 5500 < Seuil 100000 (1 cotations testées)"
"3970","INNOVATION INC.","","Japon","JPX","JPY","1500","100000","XTKS","3970","REGION:ASIA","Volume 1500 < Seuil 100000 (1 cotations testées)"
"4025","TAKI CHEMICAL CO. LTD.","","Japon","JPX","JPY","31980","100000","XTKS","4025","REGION:ASIA","Volume 31980 < Seuil 100000 (1 cotations testées)"
"4020","BETREND CORP","","Japon","JPX","JPY","990","100000","XTKS","4020","REGION:ASIA","Volume 990 < Seuil 100000 (1 cotations testées)"
"401A","KASUMIGASEKI HOTEL REIT INVESTMENT CORPORATION","","Japon","JPX","JPY","1412","100000","XTKS","401A","REGION:ASIA","Volume 1412 < Seuil 100000 (1 cotations testées)"
"4019","STMN INC.","","Japon","JPX","JPY","12760","100000","XTKS","4019","REGION:ASIA","Volume 12760 < Seuil 100000 (1 cotations testées)"
"4018@F","GEOLOCATION TECHNOLOGY INC","","Japon","JPX","JPY","1000","100000","XTKS","4018@F","REGION:ASIA","Volume 1000 < Seuil 100000 (1 cotations testées)"
"4017","CREEMA LTD.","","Japon","JPX","JPY","16050","100000","XTKS","4017","REGION:ASIA","Volume 16050 < Seuil 100000 (1 cotations testées)"
"4015","PAYCLOUD HOLDINGS INC.","","Japon","JPX","JPY","37430","100000","XTKS","4015","REGION:ASIA","Volume 37430 < Seuil 100000 (1 cotations testées)"
"4014","KARADANOTE INC.","","Japon","JPX","JPY","23600","100000","XTKS","4014","REGION:ASIA","Volume 23600 < Seuil 100000 (1 cotations testées)"
"4013","KINJIRO CO., LTD.","","Japon","JPX","JPY","31810","100000","XTKS","4013","REGION:ASIA","Volume 31810 < Seuil 100000 (1 cotations testées)"
"4012","AXIS CO. LTD.","","Japon","JPX","JPY","8520","100000","XTKS","4012","REGION:ASIA","Volume 8520 < Seuil 100000 (1 cotations testées)"
"4011","HEADWATERS CO., LTD.","","Japon","JPX","JPY","33240","100000","XTKS","4011","REGION:ASIA","Volume 33240 < Seuil 100000 (1 cotations testées)"
"4016","MIT HOLDINGS CO., LTD.","","Japon","JPX","JPY","3110","100000","XTKS","4016","REGION:ASIA","Volume 3110 < Seuil 100000 (1 cotations testées)"
"4026","KONOSHIMA CHEMICAL CO., LTD.","","Japon","JPX","JPY","71950","100000","XTKS","4026","REGION:ASIA","Volume 71950 < Seuil 100000 (1 cotations testées)"
"3965","CAPITAL ASSET PLANNING INC.","","Japon","JPX","JPY","3420","100000","XTKS","3965","REGION:ASIA","Volume 3420 < Seuil 100000 (1 cotations testées)"
"3935","EDIA CO., LTD.","","Japon","JPX","JPY","44290","100000","XTKS","3935","REGION:ASIA","Volume 44290 < Seuil 100000 (1 cotations testées)"
"3934","BENEFIT JAPAN CO., LTD.","","Japon","JPX","JPY","880","100000","XTKS","3934","REGION:ASIA","Volume 880 < Seuil 100000 (1 cotations testées)"
"3932","AKATSUKI INC.","","Japon","JPX","JPY","56430","100000","XTKS","3932","REGION:ASIA","Volume 56430 < Seuil 100000 (1 cotations testées)"
"3931","VALUE GOLF INC.","","Japon","JPX","JPY","19100","100000","XTKS","3931","REGION:ASIA","Volume 19100 < Seuil 100000 (1 cotations testées)"
"3929","SOCIALWIRE CO., LTD.","","Japon","JPX","JPY","53110","100000","XTKS","3929","REGION:ASIA","Volume 53110 < Seuil 100000 (1 cotations testées)"
"3927","FUVA BRAIN LTD.","","Japon","JPX","JPY","18900","100000","XTKS","3927","REGION:ASIA","Volume 18900 < Seuil 100000 (1 cotations testées)"
"3926","OPEN DOOR INC.","","Japon","JPX","JPY","74580","100000","XTKS","3926","REGION:ASIA","Volume 74580 < Seuil 100000 (1 cotations testées)"
"3925","DOUBLE STANDARD INC.","","Japon","JPX","JPY","40790","100000","XTKS","3925","REGION:ASIA","Volume 40790 < Seuil 100000 (1 cotations testées)"
"3922","PR TIMES CORP.","","Japon","JPX","JPY","86430","100000","XTKS","3922","REGION:ASIA","Volume 86430 < Seuil 100000 (1 cotations testées)"
"3921","NEOJAPAN INC.","","Japon","JPX","JPY","21590","100000","XTKS","3921","REGION:ASIA","Volume 21590 < Seuil 100000 (1 cotations testées)"
"3920","INTERNETWORKING BROADBAND CO.","","Japon","JPX","JPY","1730","100000","XTKS","3920","REGION:ASIA","Volume 1730 < Seuil 100000 (1 cotations testées)"
"3937","UBICOM HOLDINGS INC.","","Japon","JPX","JPY","17760","100000","XTKS","3937","REGION:ASIA","Volume 17760 < Seuil 100000 (1 cotations testées)"
"393A","RITAX INC.","","Japon","JPX","JPY","0","100000","XTKS","393A","REGION:ASIA","Volume 0 < Seuil 100000 (1 cotations testées)"
"3955","IMURA & CO., LTD.","","Japon","JPX","JPY","2960","100000","XTKS","3955","REGION:ASIA","Volume 2960 < Seuil 100000 (1 cotations testées)"
"3954","SHOWA PAXXS CORPORATION","","Japon","JPX","JPY","720","100000","XTKS","3954","REGION:ASIA","Volume 720 < Seuil 100000 (1 cotations testées)"
"3953","OHMURA SHIGYO CO., LTD.","","Japon","JPX","JPY","4450","100000","XTKS","3953","REGION:ASIA","Volume 4450 < Seuil 100000 (1 cotations testées)"
"3951","ASAHI PRINTING CO., LTD.","","Japon","JPX","JPY","16380","100000","XTKS","3951","REGION:ASIA","Volume 16380 < Seuil 100000 (1 cotations testées)"
"3967","ELTES CO., LTD.","","Japon","JPX","JPY","11110","100000","XTKS","3967","REGION:ASIA","Volume 11110 < Seuil 100000 (1 cotations testées)"
"3947","DYNAPAC CO., LTD.","","Japon","JPX","JPY","1110","100000","XTKS","3947","REGION:ASIA","Volume 1110 < Seuil 100000 (1 cotations testées)"
"3945","SUPERBAG CO., LTD.","","Japon","JPX","JPY","1400","100000","XTKS","3945","REGION:ASIA","Volume 1400 < Seuil 100000 (1 cotations testées)"
"3944","FURUBAYASHI SHIKO CO., LTD.","","Japon","JPX","JPY","2560","100000","XTKS","3944","REGION:ASIA","Volume 2560 < Seuil 100000 (1 cotations testées)"
"3943","OHISHI SANGYO CO., LTD.","","Japon","JPX","JPY","2070","100000","XTKS","3943","REGION:ASIA","Volume 2070 < Seuil 100000 (1 cotations testées)"
"300A","MIC CO., LTD.","","Japon","JPX","JPY","11730","100000","XTKS","300A","REGION:ASIA","Volume 11730 < Seuil 100000 (1 cotations testées)"
"3948","HIKARI BUSINESS FORM CO., LTD.","","Japon","JPX","JPY","1710","100000","XTKS","3948","REGION:ASIA","Volume 1710 < Seuil 100000 (1 cotations testées)"
"3917","IRIDGE INC.","","Japon","JPX","JPY","23170","100000","XTKS","3917","REGION:ASIA","Volume 23170 < Seuil 100000 (1 cotations testées)"
"4027","TAYCA CORPORATION","","Japon","JPX","JPY","66650","100000","XTKS","4027","REGION:ASIA","Volume 66650 < Seuil 100000 (1 cotations testées)"
"4124","OSAKA YUKA INDUSTRY LTD.","","Japon","JPX","JPY","570","100000","XTKS","4124","REGION:ASIA","Volume 570 < Seuil 100000 (1 cotations testées)"
"4120","SUGAI CHEMICAL INDUSTRY CO., LTD.","","Japon","JPX","JPY","1180","100000","XTKS","4120","REGION:ASIA","Volume 1180 < Seuil 100000 (1 cotations testées)"
"411A","NIPPON MARITIME BANK CO., LTD.","","Japon","JPX","JPY","0","100000","XTKS","411A","REGION:ASIA","Volume 0 < Seuil 100000 (1 cotations testées)"
"4119","NIPPON PIGMENT HOLDINGS CO., LTD.","","Japon","JPX","JPY","2190","100000","XTKS","4119","REGION:ASIA","Volume 2190 < Seuil 100000 (1 cotations testées)"
"4113","TAOKA CHEMICAL CO., LTD.","","Japon","JPX","JPY","76830","100000","XTKS","4113","REGION:ASIA","Volume 76830 < Seuil 100000 (1 cotations testées)"
"4112","HODOGAYA CHEMICAL CO., LTD.","","Japon","JPX","JPY","41420","100000","XTKS","4112","REGION:ASIA","Volume 41420 < Seuil 100000 (1 cotations testées)"
"410A","GMO COMMERCE, INC.","","Japon","JPX","JPY","8200","100000","XTKS","410A","REGION:ASIA","Volume 8200 < Seuil 100000 (1 cotations testées)"
"4109","STELLA CHEMIFA CORPORATION","","Japon","JPX","JPY","74230","100000","XTKS","4109","REGION:ASIA","Volume 74230 < Seuil 100000 (1 cotations testées)"
"4102","MARUO CALCIUM CO., LTD.","","Japon","JPX","JPY","320","100000","XTKS","4102","REGION:ASIA","Volume 320 < Seuil 100000 (1 cotations testées)"
"4100","TODA KOGYO CORP.","","Japon","JPX","JPY","55580","100000","XTKS","4100","REGION:ASIA","Volume 55580 < Seuil 100000 (1 cotations testées)"
"4098","TITAN KOGYO LTD.","","Japon","JPX","JPY","6450","100000","XTKS","4098","REGION:ASIA","Volume 6450 < Seuil 100000 (1 cotations testées)"
"4125","SANWAYUKA INDUSTRY CORP.","","Japon","JPX","JPY","19120","100000","XTKS","4125","REGION:ASIA","Volume 19120 < Seuil 100000 (1 cotations testées)"
"415A","GMO TECH HOLDINGS, INC.","","Japon","JPX","JPY","630","100000","XTKS","415A","REGION:ASIA","Volume 630 < Seuil 100000 (1 cotations testées)"
"4178","SHARING INNOVATIONS INC.","","Japon","JPX","JPY","4370","100000","XTKS","4178","REGION:ASIA","Volume 4370 < Seuil 100000 (1 cotations testées)"
"4177","I-PLUG INC.","","Japon","JPX","JPY","2700","100000","XTKS","4177","REGION:ASIA","Volume 2700 < Seuil 100000 (1 cotations testées)"
"4175","COLY INC.","","Japon","JPX","JPY","23606","100000","XTKS","4175","REGION:ASIA","Volume 23606 < Seuil 100000 (1 cotations testées)"
"4097","KOATSU GAS KOGYO CO. LTD.","","Japon","JPX","JPY","49750","100000","XTKS","4097","REGION:ASIA","Volume 49750 < Seuil 100000 (1 cotations testées)"
"4171","GLOBAL INFORMATION INC.","","Japon","JPX","JPY","1300","100000","XTKS","4171","REGION:ASIA","Volume 1300 < Seuil 100000 (1 cotations testées)"
"4170","KAIZEN PLATFORM INC.","","Japon","JPX","JPY","49570","100000","XTKS","4170","REGION:ASIA","Volume 49570 < Seuil 100000 (1 cotations testées)"
"416A","FUJI UNITED HOLDINGS COMPANY, LTD.","","Japon","JPX","JPY","4780","100000","XTKS","416A","REGION:ASIA","Volume 4780 < Seuil 100000 (1 cotations testées)"
"4168","YAPPLI INC.","","Japon","JPX","JPY","49980","100000","XTKS","4168","REGION:ASIA","Volume 49980 < Seuil 100000 (1 cotations testées)"
"4167","KOKOPELLI INC.","","Japon","JPX","JPY","19300","100000","XTKS","4167","REGION:ASIA","Volume 19300 < Seuil 100000 (1 cotations testées)"
"4166","CACCO INC.","","Japon","JPX","JPY","5900","100000","XTKS","4166","REGION:ASIA","Volume 5900 < Seuil 100000 (1 cotations testées)"
"4172","TOWA HI SYSTEM CO., LTD.","","Japon","JPX","JPY","370","100000","XTKS","4172","REGION:ASIA","Volume 370 < Seuil 100000 (1 cotations testées)"
"4093","TOHO ACETYLENE CO., LTD.","","Japon","JPX","JPY","19570","100000","XTKS","4093","REGION:ASIA","Volume 19570 < Seuil 100000 (1 cotations testées)"
"4057","INTERFACTORY INC.","","Japon","JPX","JPY","2290","100000","XTKS","4057","REGION:ASIA","Volume 2290 < Seuil 100000 (1 cotations testées)"
"4056","NEURAL GROUP INC.","","Japon","JPX","JPY","29600","100000","XTKS","4056","REGION:ASIA","Volume 29600 < Seuil 100000 (1 cotations testées)"
"4055","T&S GROUP INC.","","Japon","JPX","JPY","55830","100000","XTKS","4055","REGION:ASIA","Volume 55830 < Seuil 100000 (1 cotations testées)"
"4054","JAPAN PROPTECH CO., LTD.","","Japon","JPX","JPY","8260","100000","XTKS","4054","REGION:ASIA","Volume 8260 < Seuil 100000 (1 cotations testées)"
"4053","SUN INC.","","Japon","JPX","JPY","75260","100000","XTKS","4053","REGION:ASIA","Volume 75260 < Seuil 100000 (1 cotations testées)"
"4051","GMO FINANCIAL GATE INC.","","Japon","JPX","JPY","25500","100000","XTKS","4051","REGION:ASIA","Volume 25500 < Seuil 100000 (1 cotations testées)"
"4044","CENTRAL GLASS CO., LTD.","","Japon","JPX","JPY","65600","100000","XTKS","4044","REGION:ASIA","Volume 65600 < Seuil 100000 (1 cotations testées)"
"4041","NIPPON SODA CO., LTD.","","Japon","JPX","JPY","96200","100000","XTKS","4041","REGION:ASIA","Volume 96200 < Seuil 100000 (1 cotations testées)"
"403A","HOJYOGUMI CO., LTD.","","Japon","JPX","JPY","0","100000","XTKS","403A","REGION:ASIA","Volume 0 < Seuil 100000 (1 cotations testées)"
"4031","KATAKURA & CO-OP AGRI CORP","","Japon","JPX","JPY","15260","100000","XTKS","4031","REGION:ASIA","Volume 15260 < Seuil 100000 (1 cotations testées)"
"4058","TOYOKUMO INC.","","Japon","JPX","JPY","31240","100000","XTKS","4058","REGION:ASIA","Volume 31240 < Seuil 100000 (1 cotations testées)"
"4059","MAGMAG INC.","","Japon","JPX","JPY","2060","100000","XTKS","4059","REGION:ASIA","Volume 2060 < Seuil 100000 (1 cotations testées)"
"405A","KOYAMA MIRAIE CO., LTD.","","Japon","JPX","JPY","0","100000","XTKS","405A","REGION:ASIA","Volume 0 < Seuil 100000 (1 cotations testées)"
"4060","RAKUMO INC.","","Japon","JPX","JPY","8340","100000","XTKS","4060","REGION:ASIA","Volume 8340 < Seuil 100000 (1 cotations testées)"
"407A","UNICON HOLDINGS CO., LTD.","","Japon","JPX","JPY","14560","100000","XTKS","407A","REGION:ASIA","Volume 14560 < Seuil 100000 (1 cotations testées)"
"4076","CNS CO., LTD.","","Japon","JPX","JPY","1670","100000","XTKS","4076","REGION:ASIA","Volume 1670 < Seuil 100000 (1 cotations testées)"
"4075","BRAINS TECHNOLOGY INC.","","Japon","JPX","JPY","14130","100000","XTKS","4075","REGION:ASIA","Volume 14130 < Seuil 100000 (1 cotations testées)"
"4094","NIHON KAGAKU SANGYO CO., LTD.","","Japon","JPX","JPY","17300","100000","XTKS","4094","REGION:ASIA","Volume 17300 < Seuil 100000 (1 cotations testées)"
"4074","LAKEEL INC.","","Japon","JPX","JPY","12280","100000","XTKS","4074","REGION:ASIA","Volume 12280 < Seuil 100000 (1 cotations testées)"
"4072","DENSAN SYSTEM HOLDINGS CO., LTD.","","Japon","JPX","JPY","25940","100000","XTKS","4072","REGION:ASIA","Volume 25940 < Seuil 100000 (1 cotations testées)"
"4071","PLUS ALPHA CONSULTING CO. LTD.","","Japon","JPX","JPY","72657","100000","XTKS","4071","REGION:ASIA","Volume 72657 < Seuil 100000 (1 cotations testées)"
"4069","BLUEMEME INC.","","Japon","JPX","JPY","6350","100000","XTKS","4069","REGION:ASIA","Volume 6350 < Seuil 100000 (1 cotations testées)"
"4068","BASIS CORPORATION","","Japon","JPX","JPY","1040","100000","XTKS","4068","REGION:ASIA","Volume 1040 < Seuil 100000 (1 cotations testées)"
"4064","NIPPON CARBIDE INDUSTRIES CO., INC.","","Japon","JPX","JPY","66500","100000","XTKS","4064","REGION:ASIA","Volume 66500 < Seuil 100000 (1 cotations testées)"
"4073","GLOBAL COMMUNICATION PLANNING CO. LTD.","","Japon","JPX","JPY","33620","100000","XTKS","4073","REGION:ASIA","Volume 33620 < Seuil 100000 (1 cotations testées)"
"3914","JIG-SAW INC.","","Japon","JPX","JPY","8360","100000","XTKS","3914","REGION:ASIA","Volume 8360 < Seuil 100000 (1 cotations testées)"
"3691","DIGITAL PLUS INC.","","Japon","JPX","JPY","20360","100000","XTKS","3691","REGION:ASIA","Volume 20360 < Seuil 100000 (1 cotations testées)"
"3020","APPLIED COMPANY LTD.","","Japon","JPX","JPY","225","100000","XTKS","3020","REGION:ASIA","Volume 225 < Seuil 100000 (1 cotations testées)"
"3021","PACIFIC NET CO., LTD.","","Japon","JPX","JPY","35190","100000","XTKS","3021","REGION:ASIA","Volume 35190 < Seuil 100000 (1 cotations testées)"
"3023","RASA CORPORATION","","Japon","JPX","JPY","28220","100000","XTKS","3023","REGION:ASIA","Volume 28220 < Seuil 100000 (1 cotations testées)"
"3024","CREATE CORP","","Japon","JPX","JPY","3000","100000","XTKS","3024","REGION:ASIA","Volume 3000 < Seuil 100000 (1 cotations testées)"
"3682","ENCOURAGE TECHNOLOGIES CO., LTD.","","Japon","JPX","JPY","5020","100000","XTKS","3682","REGION:ASIA","Volume 5020 < Seuil 100000 (1 cotations testées)"
"302A","B-STYLE HOLDINGS INC.","","Japon","JPX","JPY","3940","100000","XTKS","302A","REGION:ASIA","Volume 3940 < Seuil 100000 (1 cotations testées)"
"3695","GMO RESEARCH & AI INC.","","Japon","JPX","JPY","2950","100000","XTKS","3695","REGION:ASIA","Volume 2950 < Seuil 100000 (1 cotations testées)"
"3696","CERES INC.","","Japon","JPX","JPY","95700","100000","XTKS","3696","REGION:ASIA","Volume 95700 < Seuil 100000 (1 cotations testées)"
"3750","CYTORI CELL RESEARCH INSTITUTE CO., LTD.","","Japon","JPX","JPY","3590","100000","XTKS","3750","REGION:ASIA","Volume 3590 < Seuil 100000 (1 cotations testées)"
"374A","HIGUCHI CONSULTING CO.,LTD.","","Japon","JPX","JPY","0","100000","XTKS","374A","REGION:ASIA","Volume 0 < Seuil 100000 (1 cotations testées)"
"3747","INTERTRADE CO., LTD.","","Japon","JPX","JPY","23950","100000","XTKS","3747","REGION:ASIA","Volume 23950 < Seuil 100000 (1 cotations testées)"
"3744","SIOS CORPORATION","","Japon","JPX","JPY","16430","100000","XTKS","3744","REGION:ASIA","Volume 16430 < Seuil 100000 (1 cotations testées)"
"3741","SYSTEMS ENGINEERING CONSULTANTS CO. LTD.","","Japon","JPX","JPY","97460","100000","XTKS","3741","REGION:ASIA","Volume 97460 < Seuil 100000 (1 cotations testées)"
"373A","LIPPS CO., LTD.","","Japon","JPX","JPY","3210","100000","XTKS","373A","REGION:ASIA","Volume 3210 < Seuil 100000 (1 cotations testées)"
"3733","SOFTWARE SERVICE INC.","","Japon","JPX","JPY","19600","100000","XTKS","3733","REGION:ASIA","Volume 19600 < Seuil 100000 (1 cotations testées)"
"372A","RENT CORPORATION","","Japon","JPX","JPY","14810","100000","XTKS","372A","REGION:ASIA","Volume 14810 < Seuil 100000 (1 cotations testées)"
"3727","APLIX CORPORATION","","Japon","JPX","JPY","52930","100000","XTKS","3727","REGION:ASIA","Volume 52930 < Seuil 100000 (1 cotations testées)"
"3723","NIHON FALCOM CORPORATION","","Japon","JPX","JPY","11810","100000","XTKS","3723","REGION:ASIA","Volume 11810 < Seuil 100000 (1 cotations testées)"
"371A","DESIGNET INC.","","Japon","JPX","JPY","0","100000","XTKS","371A","REGION:ASIA","Volume 0 < Seuil 100000 (1 cotations testées)"
"3712","INFORMATION PLANNING CO. LTD.","","Japon","JPX","JPY","11970","100000","XTKS","3712","REGION:ASIA","Volume 11970 < Seuil 100000 (1 cotations testées)"
"3710","JORUDAN CO., LTD.","","Japon","JPX","JPY","1700","100000","XTKS","3710","REGION:ASIA","Volume 1700 < Seuil 100000 (1 cotations testées)"
"370A","REBIBLE CO., LTD.","","Japon","JPX","JPY","0","100000","XTKS","370A","REGION:ASIA","Volume 0 < Seuil 100000 (1 cotations testées)"
"3708","TOKUSHU TOKAI PAPER CO., LTD.","","Japon","JPX","JPY","68510","100000","XTKS","3708","REGION:ASIA","Volume 68510 < Seuil 100000 (1 cotations testées)"
"369A","A-TIE CO., LTD.","","Japon","JPX","JPY","15000","100000","XTKS","369A","REGION:ASIA","Volume 15000 < Seuil 100000 (1 cotations testées)"
"3726","4CS HOLDINGS CO., LTD.","","Japon","JPX","JPY","10700","100000","XTKS","3726","REGION:ASIA","Volume 10700 < Seuil 100000 (1 cotations testées)"
"3045","KAWASAKI & CO. LTD.","","Japon","JPX","JPY","1770","100000","XTKS","3045","REGION:ASIA","Volume 1770 < Seuil 100000 (1 cotations testées)"
"3047@F","TRUCK-ONE CO","","Japon","JPX","JPY","1620","100000","XTKS","3047@F","REGION:ASIA","Volume 1620 < Seuil 100000 (1 cotations testées)"
"304A","FORCIA INC.","","Japon","JPX","JPY","1740","100000","XTKS","304A","REGION:ASIA","Volume 1740 < Seuil 100000 (1 cotations testées)"
"3050","DCM HOLDINGS CO., LTD.","","Japon","JPX","JPY","10455","100000","XTKS","3050","REGION:ASIA","Volume 10455 < Seuil 100000 (1 cotations testées)"
"365A","IZAWA TOWEL CO., LTD.","","Japon","JPX","JPY","51340","100000","XTKS","365A","REGION:ASIA","Volume 51340 < Seuil 100000 (1 cotations testées)"
"3055@S","HOKUYAKU TAKEYAMA HOLDINGS INC","","Japon","JPX","JPY","1300","100000","XTKS","3055@S","REGION:ASIA","Volume 1300 < Seuil 100000 (1 cotations testées)"
"3058","SANYODO HOLDINGS INC.","","Japon","JPX","JPY","1220","100000","XTKS","3058","REGION:ASIA","Volume 1220 < Seuil 100000 (1 cotations testées)"
"3042","SECUAVAIL INC.","","Japon","JPX","JPY","13170","100000","XTKS","3042","REGION:ASIA","Volume 13170 < Seuil 100000 (1 cotations testées)"
"3035","KTK INC.","","Japon","JPX","JPY","7780","100000","XTKS","3035","REGION:ASIA","Volume 7780 < Seuil 100000 (1 cotations testées)"
"3675","CROSS MARKETING GROUP INC.","","Japon","JPX","JPY","30980","100000","XTKS","3675","REGION:ASIA","Volume 30980 < Seuil 100000 (1 cotations testées)"
"3674","AUCFAN CO., LTD.","","Japon","JPX","JPY","4290","100000","XTKS","3674","REGION:ASIA","Volume 4290 < Seuil 100000 (1 cotations testées)"
"3036","ALCONIX CORPORATION","","Japon","JPX","JPY","75","100000","XTKS","3036","REGION:ASIA","Volume 75 < Seuil 100000 (1 cotations testées)"
"3030","HUB CO. LTD.","","Japon","JPX","JPY","15060","100000","XTKS","3030","REGION:ASIA","Volume 15060 < Seuil 100000 (1 cotations testées)"
"3671","SOFTMAX CO. LTD.","","Japon","JPX","JPY","59380","100000","XTKS","3671","REGION:ASIA","Volume 59380 < Seuil 100000 (1 cotations testées)"
"3670","KYORITSU COMPUTER & COMMUNICATION CO., LTD.","","Japon","JPX","JPY","770","100000","XTKS","3670","REGION:ASIA","Volume 770 < Seuil 100000 (1 cotations testées)"
"366A","WELLNESS COMMUNICATIONS CORPORATION","","Japon","JPX","JPY","22040","100000","XTKS","366A","REGION:ASIA","Volume 22040 < Seuil 100000 (1 cotations testées)"
"303A","VISUMO INC.","","Japon","JPX","JPY","1590","100000","XTKS","303A","REGION:ASIA","Volume 1590 < Seuil 100000 (1 cotations testées)"
"3041","BEAUTY KADAN HOLDINGS CO., LTD.","","Japon","JPX","JPY","13100","100000","XTKS","3041","REGION:ASIA","Volume 13100 < Seuil 100000 (1 cotations testées)"
"3758","AERIA INC.","","Japon","JPX","JPY","23270","100000","XTKS","3758","REGION:ASIA","Volume 23270 < Seuil 100000 (1 cotations testées)"
"3760","CAVE INTERACTIVE CO., LTD.","","Japon","JPX","JPY","27940","100000","XTKS","3760","REGION:ASIA","Volume 27940 < Seuil 100000 (1 cotations testées)"
"386A","MINOYA CO., LTD.","","Japon","JPX","JPY","2130","100000","XTKS","386A","REGION:ASIA","Volume 2130 < Seuil 100000 (1 cotations testées)"
"385A","YAMAMOTO TRADING CO.,LTD.","","Japon","JPX","JPY","0","100000","XTKS","385A","REGION:ASIA","Volume 0 < Seuil 100000 (1 cotations testées)"
"3858","UBIQUITOUS AI CORP.","","Japon","JPX","JPY","36990","100000","XTKS","3858","REGION:ASIA","Volume 36990 < Seuil 100000 (1 cotations testées)"
"3854","ILLUMINA INC.","","Japon","JPX","JPY","92010","100000","XTKS","3854","REGION:ASIA","Volume 92010 < Seuil 100000 (1 cotations testées)"
"3851","NIPPON ICHI SOFTWARE INC.","","Japon","JPX","JPY","79280","100000","XTKS","3851","REGION:ASIA","Volume 79280 < Seuil 100000 (1 cotations testées)"
"3850","NTT DATA INTRAMART CORPORATION","","Japon","JPX","JPY","47500","100000","XTKS","3850","REGION:ASIA","Volume 47500 < Seuil 100000 (1 cotations testées)"
"3849@S","NIPPON TECHNO LAB INC.","","Japon","JPX","JPY","1210","100000","XTKS","3849@S","REGION:ASIA","Volume 1210 < Seuil 100000 (1 cotations testées)"
"3845","I-FREEK MOBILE INC.","","Japon","JPX","JPY","62050","100000","XTKS","3845","REGION:ASIA","Volume 62050 < Seuil 100000 (1 cotations testées)"
"3843","FREEBIT CO., LTD.","","Japon","JPX","JPY","33450","100000","XTKS","3843","REGION:ASIA","Volume 33450 < Seuil 100000 (1 cotations testées)"
"387A","FULLER, INC.","","Japon","JPX","JPY","2620","100000","XTKS","387A","REGION:ASIA","Volume 2620 < Seuil 100000 (1 cotations testées)"
"3912","MOBILE FACTORY INC.","","Japon","JPX","JPY","22870","100000","XTKS","3912","REGION:ASIA","Volume 22870 < Seuil 100000 (1 cotations testées)"
"3910","MKSYSTEM CORPORATION","","Japon","JPX","JPY","11110","100000","XTKS","3910","REGION:ASIA","Volume 11110 < Seuil 100000 (1 cotations testées)"
"3909","SHOWCASE INC.","","Japon","JPX","JPY","4390","100000","XTKS","3909","REGION:ASIA","Volume 4390 < Seuil 100000 (1 cotations testées)"
"3842","NEXTGEN INC.","","Japon","JPX","JPY","3490","100000","XTKS","3842","REGION:ASIA","Volume 3490 < Seuil 100000 (1 cotations testées)"
"3904","KAYAC INC.","","Japon","JPX","JPY","16720","100000","XTKS","3904","REGION:ASIA","Volume 16720 < Seuil 100000 (1 cotations testées)"
"3901","MARKLINES CO., LTD.","","Japon","JPX","JPY","38290","100000","XTKS","3901","REGION:ASIA","Volume 38290 < Seuil 100000 (1 cotations testées)"
"389A","HAKKO AUTOMATION CO., LTD.","","Japon","JPX","JPY","0","100000","XTKS","389A","REGION:ASIA","Volume 0 < Seuil 100000 (1 cotations testées)"
"3896","AWA PAPER & TECHNOLOGICAL CO., LTD.","","Japon","JPX","JPY","17610","100000","XTKS","3896","REGION:ASIA","Volume 17610 < Seuil 100000 (1 cotations testées)"
"3895","HAVIX CORP.","","Japon","JPX","JPY","2640","100000","XTKS","3895","REGION:ASIA","Volume 2640 < Seuil 100000 (1 cotations testées)"
"3892","OKAYAMA PAPER INDUSTRIES CO., LTD.","","Japon","JPX","JPY","2740","100000","XTKS","3892","REGION:ASIA","Volume 2740 < Seuil 100000 (1 cotations testées)"
"3011","BANNERS CO. LTD.","","Japon","JPX","JPY","265","100000","XTKS","3011","REGION:ASIA","Volume 265 < Seuil 100000 (1 cotations testées)"
"3903","GUMI INC.","","Japon","JPX","JPY","0","100000","XTKS","3903","REGION:ASIA","Volume 0 < Seuil 100000 (1 cotations testées)"
"375A","YAK HOLDINGS CO., LTD.","","Japon","JPX","JPY","0","100000","XTKS","375A","REGION:ASIA","Volume 0 < Seuil 100000 (1 cotations testées)"
"3841","JEDAT INC.","","Japon","JPX","JPY","6430","100000","XTKS","3841","REGION:ASIA","Volume 6430 < Seuil 100000 (1 cotations testées)"
"3839","ODK SOLUTIONS CO., LTD.","","Japon","JPX","JPY","30482","100000","XTKS","3839","REGION:ASIA","Volume 30482 < Seuil 100000 (1 cotations testées)"
"378A","HIT CO., LTD.","","Japon","JPX","JPY","14170","100000","XTKS","378A","REGION:ASIA","Volume 14170 < Seuil 100000 (1 cotations testées)"
"3787","TECHNO MATHEMATICAL CO., LTD.","","Japon","JPX","JPY","5810","100000","XTKS","3787","REGION:ASIA","Volume 5810 < Seuil 100000 (1 cotations testées)"
"3779","J ESCOM HOLDINGS INC.","","Japon","JPX","JPY","13740","100000","XTKS","3779","REGION:ASIA","Volume 13740 < Seuil 100000 (1 cotations testées)"
"3778","SAKURA INTERNET INC.","","Japon","JPX","JPY","4400","100000","XTKS","3778","REGION:ASIA","Volume 4400 < Seuil 100000 (1 cotations testées)"
"3772","WEALTH MANAGEMENT INC.","","Japon","JPX","JPY","19350","100000","XTKS","3772","REGION:ASIA","Volume 19350 < Seuil 100000 (1 cotations testées)"
"3771","SYSTEM RESEARCH CO., LTD.","","Japon","JPX","JPY","43110","100000","XTKS","3771","REGION:ASIA","Volume 43110 < Seuil 100000 (1 cotations testées)"
"3768","RISKMONSTER.COM INC.","","Japon","JPX","JPY","14500","100000","XTKS","3768","REGION:ASIA","Volume 14500 < Seuil 100000 (1 cotations testées)"
"3766","SYSTEMS DESIGN CO., LTD.","","Japon","JPX","JPY","1090","100000","XTKS","3766","REGION:ASIA","Volume 1090 < Seuil 100000 (1 cotations testées)"
"3763","PRO-SHIP INC.","","Japon","JPX","JPY","39270","100000","XTKS","3763","REGION:ASIA","Volume 39270 < Seuil 100000 (1 cotations testées)"
"3796","E-SEIKATSU CO., LTD.","","Japon","JPX","JPY","16590","100000","XTKS","3796","REGION:ASIA","Volume 16590 < Seuil 100000 (1 cotations testées)"
"3837","AD-SOL NISSIN CORPORATION","","Japon","JPX","JPY","82100","100000","XTKS","3837","REGION:ASIA","Volume 82100 < Seuil 100000 (1 cotations testées)"
"3835","EBASE CO., LTD.","","Japon","JPX","JPY","73600","100000","XTKS","3835","REGION:ASIA","Volume 73600 < Seuil 100000 (1 cotations testées)"
"3834","ASAHI NET INC.","","Japon","JPX","JPY","29340","100000","XTKS","3834","REGION:ASIA","Volume 29340 < Seuil 100000 (1 cotations testées)"
"3826","SYSTEM INTEGRATOR CORP.","","Japon","JPX","JPY","15940","100000","XTKS","3826","REGION:ASIA","Volume 15940 < Seuil 100000 (1 cotations testées)"
"3824@F","MEDIA FIVE CO.","","Japon","JPX","JPY","400","100000","XTKS","3824@F","REGION:ASIA","Volume 400 < Seuil 100000 (1 cotations testées)"
"3817","SRA HOLDINGS INC.","","Japon","JPX","JPY","57590","100000","XTKS","3817","REGION:ASIA","Volume 57590 < Seuil 100000 (1 cotations testées)"
"3815","MEDIA KOBO INC.","","Japon","JPX","JPY","10590","100000","XTKS","3815","REGION:ASIA","Volume 10590 < Seuil 100000 (1 cotations testées)"
"3804","SYSTEM D INC.","","Japon","JPX","JPY","3260","100000","XTKS","3804","REGION:ASIA","Volume 3260 < Seuil 100000 (1 cotations testées)"
"3803","IMAGE INFORMATION SYSTEMS LTD.","","Japon","JPX","JPY","65250","100000","XTKS","3803","REGION:ASIA","Volume 65250 < Seuil 100000 (1 cotations testées)"
"3802","ECOMIC CO., LTD.","","Japon","JPX","JPY","3050","100000","XTKS","3802","REGION:ASIA","Volume 3050 < Seuil 100000 (1 cotations testées)"
"3799","KEYWARE SOLUTIONS INC.","","Japon","JPX","JPY","4240","100000","XTKS","3799","REGION:ASIA","Volume 4240 < Seuil 100000 (1 cotations testées)"
"9632","SUBARU ENTERPRISE CO., LTD.","","Japon","JPX","JPY","9990","100000","XTKS","9632","REGION:ASIA","Volume 9990 < Seuil 100000 (1 cotations testées)"
"5337","DANTO HOLDINGS CORPORATION","","Japon","JPX","JPY","27630","100000","XTKS","5337","REGION:ASIA","Volume 27630 < Seuil 100000 (1 cotations testées)"
"5532","REALGATE INC.","","Japon","JPX","JPY","29720","100000","XTKS","5532","REGION:ASIA","Volume 29720 < Seuil 100000 (1 cotations testées)"
"2438","ASUKANET CO., LTD.","","Japon","JPX","JPY","84320","100000","XTKS","2438","REGION:ASIA","Volume 84320 < Seuil 100000 (1 cotations testées)"
"9173","TOKAI KISEN CO. LTD.","","Japon","JPX","JPY","760","100000","XTKS","9173","REGION:ASIA","Volume 760 < Seuil 100000 (1 cotations testées)"
"5533","ELITZ HOLDINGS CO., LTD.","","Japon","JPX","JPY","9260","100000","XTKS","5533","REGION:ASIA","Volume 9260 < Seuil 100000 (1 cotations testées)"
"243A","TOP'S INC.","","Japon","JPX","JPY","0","100000","XTKS","243A","REGION:ASIA","Volume 0 < Seuil 100000 (1 cotations testées)"
"9171","KURIBAYASHI STEAMSHIP CO., LTD.","","Japon","JPX","JPY","2850","100000","XTKS","9171","REGION:ASIA","Volume 2850 < Seuil 100000 (1 cotations testées)"
"5537","ALBALINK CO., LTD.","","Japon","JPX","JPY","57800","100000","XTKS","5537","REGION:ASIA","Volume 57800 < Seuil 100000 (1 cotations testées)"
"9169","DAISHINSHA INC.","","Japon","JPX","JPY","0","100000","XTKS","9169","REGION:ASIA","Volume 0 < Seuil 100000 (1 cotations testées)"
"5542","SHINHOKOKU MATERIAL CORPORATION","","Japon","JPX","JPY","4290","100000","XTKS","5542","REGION:ASIA","Volume 4290 < Seuil 100000 (1 cotations testées)"
"555A","HOKUOH GROUP, INC.","","Japon","JPX","JPY","0","100000","XTKS","555A","REGION:ASIA","Volume 0 < Seuil 100000 (1 cotations testées)"
"2454","ALL ABOUT INC.","","Japon","JPX","JPY","6950","100000","XTKS","2454","REGION:ASIA","Volume 6950 < Seuil 100000 (1 cotations testées)"
"8979","STARTS PROCEED INVESTMENT CORPORATION","","Japon","JPX","JPY","426","100000","XTKS","8979","REGION:ASIA","Volume 426 < Seuil 100000 (1 cotations testées)"
"8977","HANKYU HANSHIN REIT INC.","","Japon","JPX","JPY","1809","100000","XTKS","8977","REGION:ASIA","Volume 1809 < Seuil 100000 (1 cotations testées)"
"9193","TOKYO KISEN CO. LTD.","","Japon","JPX","JPY","8590","100000","XTKS","9193","REGION:ASIA","Volume 8590 < Seuil 100000 (1 cotations testées)"
"554A","BATONZ CO., LTD.","","Japon","JPX","JPY","20560","100000","XTKS","554A","REGION:ASIA","Volume 20560 < Seuil 100000 (1 cotations testées)"
"2449","PRAP JAPAN INC.","","Japon","JPX","JPY","8400","100000","XTKS","2449","REGION:ASIA","Volume 8400 < Seuil 100000 (1 cotations testées)"
"9163","NARERU GROUP INC.","","Japon","JPX","JPY","19110","100000","XTKS","9163","REGION:ASIA","Volume 19110 < Seuil 100000 (1 cotations testées)"
"9165","QUALTEC CO. LTD.","","Japon","JPX","JPY","6710","100000","XTKS","9165","REGION:ASIA","Volume 6710 < Seuil 100000 (1 cotations testées)"
"2445","TAKAMIYA CO., LTD.","","Japon","JPX","JPY","72210","100000","XTKS","2445","REGION:ASIA","Volume 72210 < Seuil 100000 (1 cotations testées)"
"8976","DAIWA OFFICE INVESTMENT CORPORATION","","Japon","JPX","JPY","2176","100000","XTKS","8976","REGION:ASIA","Volume 2176 < Seuil 100000 (1 cotations testées)"
"244A","GROWTH X PARTNERS INC.","","Japon","JPX","JPY","11990","100000","XTKS","244A","REGION:ASIA","Volume 11990 < Seuil 100000 (1 cotations testées)"
"2733","ARATA CORPORATION","","Japon","JPX","JPY","92450","100000","XTKS","2733","REGION:ASIA","Volume 92450 < Seuil 100000 (1 cotations testées)"
"5528","FRONTIER HOUSE CO., LTD.","","Japon","JPX","JPY","0","100000","XTKS","5528","REGION:ASIA","Volume 0 < Seuil 100000 (1 cotations testées)"
"549A","HITO-TO-HITO HOLDINGS CO.,LTD.","","Japon","JPX","JPY","58400","100000","XTKS","549A","REGION:ASIA","Volume 58400 < Seuil 100000 (1 cotations testées)"
"9219","GIXO LTD.","","Japon","JPX","JPY","4650","100000","XTKS","9219","REGION:ASIA","Volume 4650 < Seuil 100000 (1 cotations testées)"
"8968","FUKUOKA REIT CORPORATION","","Japon","JPX","JPY","1280","100000","XTKS","8968","REGION:ASIA","Volume 1280 < Seuil 100000 (1 cotations testées)"
"9220","FB CARE SERVICE CO., LTD.","","Japon","JPX","JPY","1380","100000","XTKS","9220","REGION:ASIA","Volume 1380 < Seuil 100000 (1 cotations testées)"
"5491","NIPPON KINZOKU CO., LTD.","","Japon","JPX","JPY","36730","100000","XTKS","5491","REGION:ASIA","Volume 36730 < Seuil 100000 (1 cotations testées)"
"9218","MENTAL HEALTH TECHNOLOGIES INC.","","Japon","JPX","JPY","13770","100000","XTKS","9218","REGION:ASIA","Volume 13770 < Seuil 100000 (1 cotations testées)"
"9221","FULUHASHI EPO CORPORATION","","Japon","JPX","JPY","10560","100000","XTKS","9221","REGION:ASIA","Volume 10560 < Seuil 100000 (1 cotations testées)"
"9222","MANABY CO., LTD.","","Japon","JPX","JPY","0","100000","XTKS","9222","REGION:ASIA","Volume 0 < Seuil 100000 (1 cotations testées)"
"9223","ASNOVA CO., LTD.","","Japon","JPX","JPY","21400","100000","XTKS","9223","REGION:ASIA","Volume 21400 < Seuil 100000 (1 cotations testées)"
"9225","BRIDGE CONSULTING GROUP INC.","","Japon","JPX","JPY","1200","100000","XTKS","9225","REGION:ASIA","Volume 1200 < Seuil 100000 (1 cotations testées)"
"2435","CEDAR COMPANY LTD.","","Japon","JPX","JPY","8470","100000","XTKS","2435","REGION:ASIA","Volume 8470 < Seuil 100000 (1 cotations testées)"
"5484","TOHOKU STEEL CO., LTD.","","Japon","JPX","JPY","310","100000","XTKS","5484","REGION:ASIA","Volume 310 < Seuil 100000 (1 cotations testées)"
"548A","SYSTEMEXE INC.","","Japon","JPX","JPY","12940","100000","XTKS","548A","REGION:ASIA","Volume 12940 < Seuil 100000 (1 cotations testées)"
"272A@F","GREEN CROSS HOLDINGS CO LTD","","Japon","JPX","JPY","14520","100000","XTKS","272A@F","REGION:ASIA","Volume 14520 < Seuil 100000 (1 cotations testées)"
"550A","SOFTTEX CO., LTD.","","Japon","JPX","JPY","8260","100000","XTKS","550A","REGION:ASIA","Volume 8260 < Seuil 100000 (1 cotations testées)"
"9216","BEWITH INC.","","Japon","JPX","JPY","26460","100000","XTKS","9216","REGION:ASIA","Volume 26460 < Seuil 100000 (1 cotations testées)"
"5527","PROPERTY TECHNOLOGIES INC.","","Japon","JPX","JPY","22860","100000","XTKS","5527","REGION:ASIA","Volume 22860 < Seuil 100000 (1 cotations testées)"
"2735","WATTS CO. LTD.","","Japon","JPX","JPY","25090","100000","XTKS","2735","REGION:ASIA","Volume 25090 < Seuil 100000 (1 cotations testées)"
"9204","SKYMARK AIRLINES INC.","","Japon","JPX","JPY","97240","100000","XTKS","9204","REGION:ASIA","Volume 97240 < Seuil 100000 (1 cotations testées)"
"9206","STAR FLYER INC.","","Japon","JPX","JPY","1400","100000","XTKS","9206","REGION:ASIA","Volume 1400 < Seuil 100000 (1 cotations testées)"
"8975","ICHIGO OFFICE REIT INVESTMENT CORPORATION","","Japon","JPX","JPY","3094","100000","XTKS","8975","REGION:ASIA","Volume 3094 < Seuil 100000 (1 cotations testées)"
"551A","IZUMI GROUP INC.","","Japon","JPX","JPY","0","100000","XTKS","551A","REGION:ASIA","Volume 0 < Seuil 100000 (1 cotations testées)"
"9211","F-CODE INC.","","Japon","JPX","JPY","94890","100000","XTKS","9211","REGION:ASIA","Volume 94890 < Seuil 100000 (1 cotations testées)"
"2736","FESTARIA HOLDINGS CO., LTD.","","Japon","JPX","JPY","3740","100000","XTKS","2736","REGION:ASIA","Volume 3740 < Seuil 100000 (1 cotations testées)"
"9212","GREEN EARTH INSTITUTE CO., LTD.","","Japon","JPX","JPY","71250","100000","XTKS","9212","REGION:ASIA","Volume 71250 < Seuil 100000 (1 cotations testées)"
"9213","SEYFERT LTD.","","Japon","JPX","JPY","1640","100000","XTKS","9213","REGION:ASIA","Volume 1640 < Seuil 100000 (1 cotations testées)"
"9214","RECOVERY INTERNATIONAL CO., LTD.","","Japon","JPX","JPY","550","100000","XTKS","9214","REGION:ASIA","Volume 550 < Seuil 100000 (1 cotations testées)"
"9215","CASY CO., LTD.","","Japon","JPX","JPY","2240","100000","XTKS","9215","REGION:ASIA","Volume 2240 < Seuil 100000 (1 cotations testées)"
"2436","KYODO PUBLIC RELATIONS CO., LTD.","","Japon","JPX","JPY","20260","100000","XTKS","2436","REGION:ASIA","Volume 20260 < Seuil 100000 (1 cotations testées)"
"556A","INUNEKO SEIKATSU CO., LTD.","","Japon","JPX","JPY","46660","100000","XTKS","556A","REGION:ASIA","Volume 46660 < Seuil 100000 (1 cotations testées)"
"5571","EXCITE HOLDINGS CO., LTD.","","Japon","JPX","JPY","1150","100000","XTKS","5571","REGION:ASIA","Volume 1150 < Seuil 100000 (1 cotations testées)"
"9149","OTOMO LOGISTICS SERVICE CO., LTD.","","Japon","JPX","JPY","0","100000","XTKS","9149","REGION:ASIA","Volume 0 < Seuil 100000 (1 cotations testées)"
"560A","OKADA CORPORATION INC.","","Japon","JPX","JPY","0","100000","XTKS","560A","REGION:ASIA","Volume 0 < Seuil 100000 (1 cotations testées)"
"5612","NIPPON CHUTETSUKAN CO., LTD.","","Japon","JPX","JPY","8640","100000","XTKS","5612","REGION:ASIA","Volume 8640 < Seuil 100000 (1 cotations testées)"
"5616","AME KAZE TAIYO INC.","","Japon","JPX","JPY","1860","100000","XTKS","5616","REGION:ASIA","Volume 1860 < Seuil 100000 (1 cotations testées)"
"5618","NYLE INC.","","Japon","JPX","JPY","15100","100000","XTKS","5618","REGION:ASIA","Volume 15100 < Seuil 100000 (1 cotations testées)"
"5619","MRSO INC.","","Japon","JPX","JPY","1100","100000","XTKS","5619","REGION:ASIA","Volume 1100 < Seuil 100000 (1 cotations testées)"
"561A","MARKSLIFE CO., LTD.","","Japon","JPX","JPY","0","100000","XTKS","561A","REGION:ASIA","Volume 0 < Seuil 100000 (1 cotations testées)"
"5622","ONEBE INC.","","Japon","JPX","JPY","13590","100000","XTKS","5622","REGION:ASIA","Volume 13590 < Seuil 100000 (1 cotations testées)"
"8986","DAIWA SECURITIES LIVING INVESTMENT CORPORATION","","Japon","JPX","JPY","5175","100000","XTKS","8986","REGION:ASIA","Volume 5175 < Seuil 100000 (1 cotations testées)"
"2461","FAN COMMUNICATIONS INC.","","Japon","JPX","JPY","72820","100000","XTKS","2461","REGION:ASIA","Volume 72820 < Seuil 100000 (1 cotations testées)"
"562A","HOUYOU, INC.","","Japon","JPX","JPY","0","100000","XTKS","562A","REGION:ASIA","Volume 0 < Seuil 100000 (1 cotations testées)"
"5632","MITSUBISHI STEEL MANUFACTURING CO., LTD.","","Japon","JPX","JPY","59670","100000","XTKS","5632","REGION:ASIA","Volume 59670 < Seuil 100000 (1 cotations testées)"
"5644","METALART CORP.","","Japon","JPX","JPY","49400","100000","XTKS","5644","REGION:ASIA","Volume 49400 < Seuil 100000 (1 cotations testées)"
"5658","NICHIA STEEL WORKS LTD.","","Japon","JPX","JPY","30410","100000","XTKS","5658","REGION:ASIA","Volume 30410 < Seuil 100000 (1 cotations testées)"
"8987","JAPAN EXCELLENT INC.","","Japon","JPX","JPY","2229","100000","XTKS","8987","REGION:ASIA","Volume 2229 < Seuil 100000 (1 cotations testées)"
"5699","IBOKIN CO., LTD.","","Japon","JPX","JPY","5040","100000","XTKS","5699","REGION:ASIA","Volume 5040 < Seuil 100000 (1 cotations testées)"
"5697","SANYU CO., LTD.","","Japon","JPX","JPY","5250","100000","XTKS","5697","REGION:ASIA","Volume 5250 < Seuil 100000 (1 cotations testées)"
"5609","NIPPON CHUZO K.K.","","Japon","JPX","JPY","12240","100000","XTKS","5609","REGION:ASIA","Volume 12240 < Seuil 100000 (1 cotations testées)"
"5695","POWDERTECH CO. LTD.","","Japon","JPX","JPY","1820","100000","XTKS","5695","REGION:ASIA","Volume 1820 < Seuil 100000 (1 cotations testées)"
"2464","AOBA-BBT INC.","","Japon","JPX","JPY","12090","100000","XTKS","2464","REGION:ASIA","Volume 12090 < Seuil 100000 (1 cotations testées)"
"9145","BEING HOLDINGS CO., LTD.","","Japon","JPX","JPY","16270","100000","XTKS","9145","REGION:ASIA","Volume 16270 < Seuil 100000 (1 cotations testées)"
"5660","KOBELCO WIRE CO., LTD.","","Japon","JPX","JPY","15150","100000","XTKS","5660","REGION:ASIA","Volume 15150 < Seuil 100000 (1 cotations testées)"
"2462","LIKE INC.","","Japon","JPX","JPY","24200","100000","XTKS","2462","REGION:ASIA","Volume 24200 < Seuil 100000 (1 cotations testées)"
"565A","FFF HOLDINGS CO.LTD.","","Japon","JPX","JPY","0","100000","XTKS","565A","REGION:ASIA","Volume 0 < Seuil 100000 (1 cotations testées)"
"567A","D-PLUS CO., LTD.","","Japon","JPX","JPY","0","100000","XTKS","567A","REGION:ASIA","Volume 0 < Seuil 100000 (1 cotations testées)"
"9156","HANA HOLDINGS CO., LTD.","","Japon","JPX","JPY","0","100000","XTKS","9156","REGION:ASIA","Volume 0 < Seuil 100000 (1 cotations testées)"
"9158","CUC INC.","","Japon","JPX","JPY","70400","100000","XTKS","9158","REGION:ASIA","Volume 70400 < Seuil 100000 (1 cotations testées)"
"9159","W TOKYO INC.","","Japon","JPX","JPY","4090","100000","XTKS","9159","REGION:ASIA","Volume 4090 < Seuil 100000 (1 cotations testées)"
"5584","STRAWBERRY JAMS CO., LTD.","","Japon","JPX","JPY","0","100000","XTKS","5584","REGION:ASIA","Volume 0 < Seuil 100000 (1 cotations testées)"
"5582","GRID INC.","","Japon","JPX","JPY","13930","100000","XTKS","5582","REGION:ASIA","Volume 13930 < Seuil 100000 (1 cotations testées)"
"5581","CHI-TECHNOLOGY CO. LTD.","","Japon","JPX","JPY","0","100000","XTKS","5581","REGION:ASIA","Volume 0 < Seuil 100000 (1 cotations testées)"
"5580","PRODELIGHT CO. LTD.","","Japon","JPX","JPY","1280","100000","XTKS","5580","REGION:ASIA","Volume 1280 < Seuil 100000 (1 cotations testées)"
"557A","FERIEST CO., LTD.","","Japon","JPX","JPY","0","100000","XTKS","557A","REGION:ASIA","Volume 0 < Seuil 100000 (1 cotations testées)"
"5586","LABORO AI INC.","","Japon","JPX","JPY","32510","100000","XTKS","5586","REGION:ASIA","Volume 32510 < Seuil 100000 (1 cotations testées)"
"5579@S","GSI CO LTD","","Japon","JPX","JPY","400","100000","XTKS","5579@S","REGION:ASIA","Volume 400 < Seuil 100000 (1 cotations testées)"
"5573","DORAKU HOLDINGS CO., LTD.","","Japon","JPX","JPY","0","100000","XTKS","5573","REGION:ASIA","Volume 0 < Seuil 100000 (1 cotations testées)"
"5572","RIDGE-I INC.","","Japon","JPX","JPY","29500","100000","XTKS","5572","REGION:ASIA","Volume 29500 < Seuil 100000 (1 cotations testées)"
"5578","AR ADVANCED TECHNOLOGY INC.","","Japon","JPX","JPY","90430","100000","XTKS","5578","REGION:ASIA","Volume 90430 < Seuil 100000 (1 cotations testées)"
"5570","JENOBA CO. LTD.","","Japon","JPX","JPY","5800","100000","XTKS","5570","REGION:ASIA","Volume 5800 < Seuil 100000 (1 cotations testées)"
"5587","INBOUND PLATFORM CORP.","","Japon","JPX","JPY","7780","100000","XTKS","5587","REGION:ASIA","Volume 7780 < Seuil 100000 (1 cotations testées)"
"5589","AUTOSEVER CO. LTD.","","Japon","JPX","JPY","2310","100000","XTKS","5589","REGION:ASIA","Volume 2310 < Seuil 100000 (1 cotations testées)"
"9160","NOVARESE INC.","","Japon","JPX","JPY","22070","100000","XTKS","9160","REGION:ASIA","Volume 22070 < Seuil 100000 (1 cotations testées)"
"5603","KOGI CORPORATION","","Japon","JPX","JPY","6440","100000","XTKS","5603","REGION:ASIA","Volume 6440 < Seuil 100000 (1 cotations testées)"
"9162","BLEACH INC.","","Japon","JPX","JPY","7270","100000","XTKS","9162","REGION:ASIA","Volume 7270 < Seuil 100000 (1 cotations testées)"
"559A","UMENOYADO BREWERY CO., LTD.","","Japon","JPX","JPY","31620","100000","XTKS","559A","REGION:ASIA","Volume 31620 < Seuil 100000 (1 cotations testées)"
"5588","FAST ACCOUNTING CO., LTD.","","Japon","JPX","JPY","10880","100000","XTKS","5588","REGION:ASIA","Volume 10880 < Seuil 100000 (1 cotations testées)"
"5599","S&J CORP","","Japon","JPX","JPY","28330","100000","XTKS","5599","REGION:ASIA","Volume 28330 < Seuil 100000 (1 cotations testées)"
"5592","KUSURINOMADOGUCHI INC.","","Japon","JPX","JPY","17040","100000","XTKS","5592","REGION:ASIA","Volume 17040 < Seuil 100000 (1 cotations testées)"
"5591","AVILEN INC.","","Japon","JPX","JPY","19110","100000","XTKS","5591","REGION:ASIA","Volume 19110 < Seuil 100000 (1 cotations testées)"
"5590","NETSTARS CO., LTD.","","Japon","JPX","JPY","86090","100000","XTKS","5590","REGION:ASIA","Volume 86090 < Seuil 100000 (1 cotations testées)"
"245A","INGS INC.","","Japon","JPX","JPY","1860","100000","XTKS","245A","REGION:ASIA","Volume 1860 < Seuil 100000 (1 cotations testées)"
"558A","SQUEEZE INC.","","Japon","JPX","JPY","14390","100000","XTKS","558A","REGION:ASIA","Volume 14390 < Seuil 100000 (1 cotations testées)"
"5598","YOTTAVIAS CO. LTD.","","Japon","JPX","JPY","0","100000","XTKS","5598","REGION:ASIA","Volume 0 < Seuil 100000 (1 cotations testées)"
"5480","NIPPON YAKIN KOGYO CO., LTD.","","Japon","JPX","JPY","53960","100000","XTKS","5480","REGION:ASIA","Volume 53960 < Seuil 100000 (1 cotations testées)"
"5355","NIPPON CRUCIBLE CO., LTD.","","Japon","JPX","JPY","3420","100000","XTKS","5355","REGION:ASIA","Volume 3420 < Seuil 100000 (1 cotations testées)"
"241A","ROXX INC.","","Japon","JPX","JPY","9470","100000","XTKS","241A","REGION:ASIA","Volume 9470 < Seuil 100000 (1 cotations testées)"
"2747","HOKUYU LUCKY CO., LTD.","","Japon","JPX","JPY","500","100000","XTKS","2747","REGION:ASIA","Volume 500 < Seuil 100000 (1 cotations testées)"
"5357","YOTAI REFRACTORIES CO., LTD.","","Japon","JPX","JPY","27800","100000","XTKS","5357","REGION:ASIA","Volume 27800 < Seuil 100000 (1 cotations testées)"
"5363","TYK CORPORATION","","Japon","JPX","JPY","36600","100000","XTKS","5363","REGION:ASIA","Volume 36600 < Seuil 100000 (1 cotations testées)"
"9273","KOA SHOJI HOLDINGS CO., LTD.","","Japon","JPX","JPY","36960","100000","XTKS","9273","REGION:ASIA","Volume 36960 < Seuil 100000 (1 cotations testées)"
"5368","JAPAN INSULATION CO., LTD.","","Japon","JPX","JPY","8480","100000","XTKS","5368","REGION:ASIA","Volume 8480 < Seuil 100000 (1 cotations testées)"
"8940","INTELLEX CO., LTD.","","Japon","JPX","JPY","20100","100000","XTKS","8940","REGION:ASIA","Volume 20100 < Seuil 100000 (1 cotations testées)"
"9272","BOUTIQUES INC.","","Japon","JPX","JPY","7880","100000","XTKS","9272","REGION:ASIA","Volume 7880 < Seuil 100000 (1 cotations testées)"
"5380","SHINTO CO. LTD.","","Japon","JPX","JPY","560","100000","XTKS","5380","REGION:ASIA","Volume 560 < Seuil 100000 (1 cotations testées)"
"5391","A&A MATERIAL CORPORATION","","Japon","JPX","JPY","9620","100000","XTKS","5391","REGION:ASIA","Volume 9620 < Seuil 100000 (1 cotations testées)"
"5388","KUNIMINE INDUSTRIES CO. LTD.","","Japon","JPX","JPY","3830","100000","XTKS","5388","REGION:ASIA","Volume 3830 < Seuil 100000 (1 cotations testées)"
"9270","VALUENCE HOLDINGS INC.","","Japon","JPX","JPY","98810","100000","XTKS","9270","REGION:ASIA","Volume 98810 < Seuil 100000 (1 cotations testées)"
"2425","CARE SERVICE CO. LTD.","","Japon","JPX","JPY","1560","100000","XTKS","2425","REGION:ASIA","Volume 1560 < Seuil 100000 (1 cotations testées)"
"8945","SUNNEXTA GROUP INC.","","Japon","JPX","JPY","2190","100000","XTKS","8945","REGION:ASIA","Volume 2190 < Seuil 100000 (1 cotations testées)"
"2424","BRASS CORP.","","Japon","JPX","JPY","9100","100000","XTKS","2424","REGION:ASIA","Volume 9100 < Seuil 100000 (1 cotations testées)"
"8944","LAND BUSINESS CO., LTD.","","Japon","JPX","JPY","58860","100000","XTKS","8944","REGION:ASIA","Volume 58860 < Seuil 100000 (1 cotations testées)"
"9271","WAGOKORO CO., LTD.","","Japon","JPX","JPY","14310","100000","XTKS","9271","REGION:ASIA","Volume 14310 < Seuil 100000 (1 cotations testées)"
"274A","GARDEN CO. LTD.","","Japon","JPX","JPY","6260","100000","XTKS","274A","REGION:ASIA","Volume 6260 < Seuil 100000 (1 cotations testées)"
"2411","GENDAI AGENCY INC.","","Japon","JPX","JPY","26970","100000","XTKS","2411","REGION:ASIA","Volume 26970 < Seuil 100000 (1 cotations testées)"
"2410","CAREER DESIGN CENTER CO. LTD.","","Japon","JPX","JPY","17260","100000","XTKS","2410","REGION:ASIA","Volume 17260 < Seuil 100000 (1 cotations testées)"
"2753","AMIYAKI TEI CO., LTD.","","Japon","JPX","JPY","28800","100000","XTKS","2753","REGION:ASIA","Volume 28800 < Seuil 100000 (1 cotations testées)"
"8929","AOYAMA ZAISAN NETWORKS CO., LTD.","","Japon","JPX","JPY","63900","100000","XTKS","8929","REGION:ASIA","Volume 63900 < Seuil 100000 (1 cotations testées)"
"8928","ANABUKI KOSAN INC.","","Japon","JPX","JPY","7560","100000","XTKS","8928","REGION:ASIA","Volume 7560 < Seuil 100000 (1 cotations testées)"
"9311","ASAGAMI CORPORATION","","Japon","JPX","JPY","250","100000","XTKS","9311","REGION:ASIA","Volume 250 < Seuil 100000 (1 cotations testées)"
"9312","KEIHIN CO., LTD.","","Japon","JPX","JPY","6760","100000","XTKS","9312","REGION:ASIA","Volume 6760 < Seuil 100000 (1 cotations testées)"
"2408","KG INTELLIGENCE CO., LTD.","","Japon","JPX","JPY","5790","100000","XTKS","2408","REGION:ASIA","Volume 5790 < Seuil 100000 (1 cotations testées)"
"2752","FUJIO FOOD GROUP INC.","","Japon","JPX","JPY","92110","100000","XTKS","2752","REGION:ASIA","Volume 92110 < Seuil 100000 (1 cotations testées)"
"8938","GLOME HOLDINGS INC.","","Japon","JPX","JPY","8770","100000","XTKS","8938","REGION:ASIA","Volume 8770 < Seuil 100000 (1 cotations testées)"
"2418","TSUKADA GLOBAL HOLDINGS INC.","","Japon","JPX","JPY","76010","100000","XTKS","2418","REGION:ASIA","Volume 76010 < Seuil 100000 (1 cotations testées)"
"9305","YAMATANE CORPORATION","","Japon","JPX","JPY","61630","100000","XTKS","9305","REGION:ASIA","Volume 61630 < Seuil 100000 (1 cotations testées)"
"9306","TOYO LOGISTICS CO. LTD.","","Japon","JPX","JPY","6300","100000","XTKS","9306","REGION:ASIA","Volume 6300 < Seuil 100000 (1 cotations testées)"
"8931","WADAKOHSAN CORPORATION","","Japon","JPX","JPY","18830","100000","XTKS","8931","REGION:ASIA","Volume 18830 < Seuil 100000 (1 cotations testées)"
"3326","RUNSYSTEM CO., LTD.","","Japon","JPX","JPY","2180","100000","XTKS","3326","REGION:ASIA","Volume 2180 < Seuil 100000 (1 cotations testées)"
"2750","S. ISHIMITSU & CO. LTD.","","Japon","JPX","JPY","8150","100000","XTKS","2750","REGION:ASIA","Volume 8150 < Seuil 100000 (1 cotations testées)"
"2751","TENPOS HOLDINGS CO., LTD.","","Japon","JPX","JPY","8930","100000","XTKS","2751","REGION:ASIA","Volume 8930 < Seuil 100000 (1 cotations testées)"
"8935","FJ NEXT HOLDINGS CO., LTD.","","Japon","JPX","JPY","41550","100000","XTKS","8935","REGION:ASIA","Volume 41550 < Seuil 100000 (1 cotations testées)"
"9307","SUGIMURA WAREHOUSE CO. LTD.","","Japon","JPX","JPY","10210","100000","XTKS","9307","REGION:ASIA","Volume 10210 < Seuil 100000 (1 cotations testées)"
"9233","ASIA AIR SURVEY CO., LTD.","","Japon","JPX","JPY","17030","100000","XTKS","9233","REGION:ASIA","Volume 17030 < Seuil 100000 (1 cotations testées)"
"9266","IKKA DINING PROJECT.,LTD.","","Japon","JPX","JPY","3740","100000","XTKS","9266","REGION:ASIA","Volume 3740 < Seuil 100000 (1 cotations testées)"
"8961","MORI TRUST REIT INC.","","Japon","JPX","JPY","4878","100000","XTKS","8961","REGION:ASIA","Volume 4878 < Seuil 100000 (1 cotations testées)"
"9249","JAPAN ECOSYSTEM CO., LTD.","","Japon","JPX","JPY","4030","100000","XTKS","9249","REGION:ASIA","Volume 4030 < Seuil 100000 (1 cotations testées)"
"9248","PEOPLE DREAMS & TECHNOLOGIES INC.","","Japon","JPX","JPY","10790","100000","XTKS","9248","REGION:ASIA","Volume 10790 < Seuil 100000 (1 cotations testées)"
"9246","PROJECTHOLDINGS INC.","","Japon","JPX","JPY","1530","100000","XTKS","9246","REGION:ASIA","Volume 1530 < Seuil 100000 (1 cotations testées)"
"5458","TAKASAGO TEKKO K.K.","","Japon","JPX","JPY","1600","100000","XTKS","5458","REGION:ASIA","Volume 1600 < Seuil 100000 (1 cotations testées)"
"545A","TORANVIA CO., LTD.","","Japon","JPX","JPY","37540","100000","XTKS","545A","REGION:ASIA","Volume 37540 < Seuil 100000 (1 cotations testées)"
"9245","LIVERO INC.","","Japon","JPX","JPY","4030","100000","XTKS","9245","REGION:ASIA","Volume 4030 < Seuil 100000 (1 cotations testées)"
"9244","DIGITALIFT INC.","","Japon","JPX","JPY","5470","100000","XTKS","9244","REGION:ASIA","Volume 5470 < Seuil 100000 (1 cotations testées)"
"5461","CHUBU STEEL PLATE CO., LTD.","","Japon","JPX","JPY","81770","100000","XTKS","5461","REGION:ASIA","Volume 81770 < Seuil 100000 (1 cotations testées)"
"9243","FT HOLDINGS CO. INC.","","Japon","JPX","JPY","0","100000","XTKS","9243","REGION:ASIA","Volume 0 < Seuil 100000 (1 cotations testées)"
"8967","JAPAN LOGISTICS FUND INC.","","Japon","JPX","JPY","7358","100000","XTKS","8967","REGION:ASIA","Volume 7358 < Seuil 100000 (1 cotations testées)"
"8966","HEIWA REAL ESTATE REIT INC.","","Japon","JPX","JPY","3036","100000","XTKS","8966","REGION:ASIA","Volume 3036 < Seuil 100000 (1 cotations testées)"
"547A","MUNINOVA HOLDINGS INC","","Japon","JPX","JPY","462","100000","XTKS","547A","REGION:ASIA","Volume 462 < Seuil 100000 (1 cotations testées)"
"9236","JAPAN M&A SOLUTION INC.","","Japon","JPX","JPY","36700","100000","XTKS","9236","REGION:ASIA","Volume 36700 < Seuil 100000 (1 cotations testées)"
"5449","OSAKA STEEL CO., LTD.","","Japon","JPX","JPY","30590","100000","XTKS","5449","REGION:ASIA","Volume 30590 < Seuil 100000 (1 cotations testées)"
"8964","FRONTIER REAL ESTATE INVESTMENT CORPORATION","","Japon","JPX","JPY","7078","100000","XTKS","8964","REGION:ASIA","Volume 7078 < Seuil 100000 (1 cotations testées)"
"9240","DELIVERY CONSULTING INC.","","Japon","JPX","JPY","5850","100000","XTKS","9240","REGION:ASIA","Volume 5850 < Seuil 100000 (1 cotations testées)"
"9241","FUTURE LINK NETWORK CO., LTD.","","Japon","JPX","JPY","1050","100000","XTKS","9241","REGION:ASIA","Volume 1050 < Seuil 100000 (1 cotations testées)"
"9242","MEDIA RESEARCH INSTITUTE INC.","","Japon","JPX","JPY","7700","100000","XTKS","9242","REGION:ASIA","Volume 7700 < Seuil 100000 (1 cotations testées)"
"5464","MORY INDUSTRIES INC.","","Japon","JPX","JPY","16410","100000","XTKS","5464","REGION:ASIA","Volume 16410 < Seuil 100000 (1 cotations testées)"
"5446","HOKUETSU METAL CO., LTD.","","Japon","JPX","JPY","4190","100000","XTKS","5446","REGION:ASIA","Volume 4190 < Seuil 100000 (1 cotations testées)"
"8958","GLOBAL ONE REAL ESTATE INVESTMENT CORP.","","Japon","JPX","JPY","3177","100000","XTKS","8958","REGION:ASIA","Volume 3177 < Seuil 100000 (1 cotations testées)"
"5410","GODÃΜ STEEL LTD.","","Japon","JPX","JPY","89090","100000","XTKS","5410","REGION:ASIA","Volume 89090 < Seuil 100000 (1 cotations testées)"
"2429","WORLD HOLDINGS CO., LTD.","","Japon","JPX","JPY","65260","100000","XTKS","2429","REGION:ASIA","Volume 65260 < Seuil 100000 (1 cotations testées)"
"9262","SILVER LIFE CO., LTD.","","Japon","JPX","JPY","22900","100000","XTKS","9262","REGION:ASIA","Volume 22900 < Seuil 100000 (1 cotations testées)"
"9259","TAKAYOSHI HOLDINGS INC.","","Japon","JPX","JPY","14390","100000","XTKS","9259","REGION:ASIA","Volume 14390 < Seuil 100000 (1 cotations testées)"
"9264","PUEQU CO., LTD.","","Japon","JPX","JPY","9480","100000","XTKS","9264","REGION:ASIA","Volume 9480 < Seuil 100000 (1 cotations testées)"
"9265","YAMASHITA HEALTHCARE HOLDINGS LTD.","","Japon","JPX","JPY","560","100000","XTKS","9265","REGION:ASIA","Volume 560 < Seuil 100000 (1 cotations testées)"
"2428","WELLNET CORPORATION","","Japon","JPX","JPY","40850","100000","XTKS","2428","REGION:ASIA","Volume 40850 < Seuil 100000 (1 cotations testées)"
"2742","HALOWS CO. LTD.","","Japon","JPX","JPY","26970","100000","XTKS","2742","REGION:ASIA","Volume 26970 < Seuil 100000 (1 cotations testées)"
"9258","CS-C CO., LTD.","","Japon","JPX","JPY","1240","100000","XTKS","9258","REGION:ASIA","Volume 1240 < Seuil 100000 (1 cotations testées)"
"542A","VITABRID JAPAN INC.","","Japon","JPX","JPY","25850","100000","XTKS","542A","REGION:ASIA","Volume 25850 < Seuil 100000 (1 cotations testées)"
"9250","GRCS INC.","","Japon","JPX","JPY","2240","100000","XTKS","9250","REGION:ASIA","Volume 2240 < Seuil 100000 (1 cotations testées)"
"8957","TOKYU REIT INC.","","Japon","JPX","JPY","2804","100000","XTKS","8957","REGION:ASIA","Volume 2804 < Seuil 100000 (1 cotations testées)"
"8955","JAPAN PRIME REALTY INVESTMENT CORPORATION","","Japon","JPX","JPY","7188","100000","XTKS","8955","REGION:ASIA","Volume 7188 < Seuil 100000 (1 cotations testées)"
"9251","AB & COMPANY CO., LTD.","","Japon","JPX","JPY","28580","100000","XTKS","9251","REGION:ASIA","Volume 28580 < Seuil 100000 (1 cotations testées)"
"9253","SLOGAN INC.","","Japon","JPX","JPY","650","100000","XTKS","9253","REGION:ASIA","Volume 650 < Seuil 100000 (1 cotations testées)"
"8956","NTT URBAN DEVELOPMENT REIT INVESTMENT CORPORATION","","Japon","JPX","JPY","3468","100000","XTKS","8956","REGION:ASIA","Volume 3468 < Seuil 100000 (1 cotations testées)"
"9254","LOVABLE MARKETING GROUP INC.","","Japon","JPX","JPY","570","100000","XTKS","9254","REGION:ASIA","Volume 570 < Seuil 100000 (1 cotations testées)"
"242A@F","REPRIORITY CORPORATION","","Japon","JPX","JPY","370","100000","XTKS","242A@F","REGION:ASIA","Volume 370 < Seuil 100000 (1 cotations testées)"
"9252","LAST ONE MILE CO., LTD.","","Japon","JPX","JPY","11420","100000","XTKS","9252","REGION:ASIA","Volume 11420 < Seuil 100000 (1 cotations testées)"
"271A","ACCELIA INC.","","Japon","JPX","JPY","30","100000","XTKS","271A","REGION:ASIA","Volume 30 < Seuil 100000 (1 cotations testées)"
"2469","HIBINO CORPORATION","","Japon","JPX","JPY","17140","100000","XTKS","2469","REGION:ASIA","Volume 17140 < Seuil 100000 (1 cotations testées)"
"5987","ONEX CORPORATION","","Japon","JPX","JPY","920","100000","XTKS","5987","REGION:ASIA","Volume 920 < Seuil 100000 (1 cotations testées)"
"5988","PIOLAX INC.","","Japon","JPX","JPY","80860","100000","XTKS","5988","REGION:ASIA","Volume 80860 < Seuil 100000 (1 cotations testées)"
"5990","SUPER TOOL CO. LTD.","","Japon","JPX","JPY","1490","100000","XTKS","5990","REGION:ASIA","Volume 1490 < Seuil 100000 (1 cotations testées)"
"5992","CHUO SPRING CO., LTD.","","Japon","JPX","JPY","67880","100000","XTKS","5992","REGION:ASIA","Volume 67880 < Seuil 100000 (1 cotations testées)"
"5994","FINE SINTER CO., LTD.","","Japon","JPX","JPY","9150","100000","XTKS","5994","REGION:ASIA","Volume 9150 < Seuil 100000 (1 cotations testées)"
"5997","KYORITSU AIR TECH INC.","","Japon","JPX","JPY","2880","100000","XTKS","5997","REGION:ASIA","Volume 2880 < Seuil 100000 (1 cotations testées)"
"5998","ADVANEX INC.","","Japon","JPX","JPY","11900","100000","XTKS","5998","REGION:ASIA","Volume 11900 < Seuil 100000 (1 cotations testées)"
"599A","GENKINAKAIGO CO., LTD.","","Japon","JPX","JPY","6931","100000","XTKS","599A","REGION:ASIA","Volume 6931 < Seuil 100000 (1 cotations testées)"
"2683","UOKI CO., LTD.","","Japon","JPX","JPY","63400","100000","XTKS","2683","REGION:ASIA","Volume 63400 < Seuil 100000 (1 cotations testées)"
"9063","OKAYAMA-KEN FREIGHT TRANSPORT COMPANY LTD.","","Japon","JPX","JPY","650","100000","XTKS","9063","REGION:ASIA","Volume 650 < Seuil 100000 (1 cotations testées)"
"9068","MARUZEN SHOWA UNYU CO., LTD.","","Japon","JPX","JPY","26820","100000","XTKS","9068","REGION:ASIA","Volume 26820 < Seuil 100000 (1 cotations testées)"
"252A","WEDGE CO. LTD.","","Japon","JPX","JPY","0","100000","XTKS","252A","REGION:ASIA","Volume 0 < Seuil 100000 (1 cotations testées)"
"2676","TAKACHIHO KOHEKI CO., LTD.","","Japon","JPX","JPY","18260","100000","XTKS","2676","REGION:ASIA","Volume 18260 < Seuil 100000 (1 cotations testées)"
"9073","KYOGOKU UNYU SHOJI CO., LTD.","","Japon","JPX","JPY","970","100000","XTKS","9073","REGION:ASIA","Volume 970 < Seuil 100000 (1 cotations testées)"
"267A","TOWARISE CORP.","","Japon","JPX","JPY","400","100000","XTKS","267A","REGION:ASIA","Volume 400 < Seuil 100000 (1 cotations testées)"
"9074","JAPAN OIL TRANSPORTATION CO., LTD.","","Japon","JPX","JPY","3733","100000","XTKS","9074","REGION:ASIA","Volume 3733 < Seuil 100000 (1 cotations testées)"
"253A","ETS GROUP CO., LTD.","","Japon","JPX","JPY","23670","100000","XTKS","253A","REGION:ASIA","Volume 23670 < Seuil 100000 (1 cotations testées)"
"251A","NEUROMAGIC CO., LTD.","","Japon","JPX","JPY","0","100000","XTKS","251A","REGION:ASIA","Volume 0 < Seuil 100000 (1 cotations testées)"
"5986","MOLITEC STEEL CO., LTD.","","Japon","JPX","JPY","39400","100000","XTKS","5986","REGION:ASIA","Volume 39400 < Seuil 100000 (1 cotations testées)"
"5969","LOBTEX CO., LTD.","","Japon","JPX","JPY","670","100000","XTKS","5969","REGION:ASIA","Volume 670 < Seuil 100000 (1 cotations testées)"
"2497","UNITED INC.","","Japon","JPX","JPY","26600","100000","XTKS","2497","REGION:ASIA","Volume 26600 < Seuil 100000 (1 cotations testées)"
"5967","TONE CO., LTD.","","Japon","JPX","JPY","12500","100000","XTKS","5967","REGION:ASIA","Volume 12500 < Seuil 100000 (1 cotations testées)"
"5966","KYOTO TOOL CO., LTD.","","Japon","JPX","JPY","310","100000","XTKS","5966","REGION:ASIA","Volume 310 < Seuil 100000 (1 cotations testées)"
"5965","FUJIMAK CORPORATION","","Japon","JPX","JPY","9420","100000","XTKS","5965","REGION:ASIA","Volume 9420 < Seuil 100000 (1 cotations testées)"
"2493","E-SUPPORTLINK LTD.","","Japon","JPX","JPY","3580","100000","XTKS","2493","REGION:ASIA","Volume 3580 < Seuil 100000 (1 cotations testées)"
"2498","ORIENTAL CONSULTANTS HOLDINGS CO., LTD.","","Japon","JPX","JPY","2990","100000","XTKS","2498","REGION:ASIA","Volume 2990 < Seuil 100000 (1 cotations testées)"
"5962","ASAKA INDUSTRIAL CO., LTD.","","Japon","JPX","JPY","420","100000","XTKS","5962","REGION:ASIA","Volume 420 < Seuil 100000 (1 cotations testées)"
"5959","OKABE CO., LTD.","","Japon","JPX","JPY","75230","100000","XTKS","5959","REGION:ASIA","Volume 75230 < Seuil 100000 (1 cotations testées)"
"5958","SANYO INDUSTRIES LTD.","","Japon","JPX","JPY","10880","100000","XTKS","5958","REGION:ASIA","Volume 10880 < Seuil 100000 (1 cotations testées)"
"5957","NITTO SEIKO CO., LTD.","","Japon","JPX","JPY","93620","100000","XTKS","5957","REGION:ASIA","Volume 93620 < Seuil 100000 (1 cotations testées)"
"5956","TOSO COMPANY, LIMITED","","Japon","JPX","JPY","2370","100000","XTKS","5956","REGION:ASIA","Volume 2370 < Seuil 100000 (1 cotations testées)"
"2687","CVS BAY AREA INC.","","Japon","JPX","JPY","3520","100000","XTKS","2687","REGION:ASIA","Volume 3520 < Seuil 100000 (1 cotations testées)"
"2674","HARD OFF CORPORATION CO., LTD.","","Japon","JPX","JPY","77770","100000","XTKS","2674","REGION:ASIA","Volume 77770 < Seuil 100000 (1 cotations testées)"
"2499","NIHONWASOU HOLDINGS INC.","","Japon","JPX","JPY","4990","100000","XTKS","2499","REGION:ASIA","Volume 4990 < Seuil 100000 (1 cotations testées)"
"5970","G-TEKT CORPORATION","","Japon","JPX","JPY","89650","100000","XTKS","5970","REGION:ASIA","Volume 89650 < Seuil 100000 (1 cotations testées)"
"5984","KANEFUSA CORPORATION","","Japon","JPX","JPY","7670","100000","XTKS","5984","REGION:ASIA","Volume 7670 < Seuil 100000 (1 cotations testées)"
"250A","SHIMADAYA CORPORATION","","Japon","JPX","JPY","29910","100000","XTKS","250A","REGION:ASIA","Volume 29910 < Seuil 100000 (1 cotations testées)"
"5983","IWABUCHI CORPORATION","","Japon","JPX","JPY","1760","100000","XTKS","5983","REGION:ASIA","Volume 1760 < Seuil 100000 (1 cotations testées)"
"5982","MARUZEN CO., LTD.","","Japon","JPX","JPY","4860","100000","XTKS","5982","REGION:ASIA","Volume 4860 < Seuil 100000 (1 cotations testées)"
"5981","TOKYO ROPE MFG. CO., LTD.","","Japon","JPX","JPY","62740","100000","XTKS","5981","REGION:ASIA","Volume 62740 < Seuil 100000 (1 cotations testées)"
"249A","HUMAN ADJUST CO., LTD.","","Japon","JPX","JPY","0","100000","XTKS","249A","REGION:ASIA","Volume 0 < Seuil 100000 (1 cotations testées)"
"597A","&US INC.","","Japon","JPX","JPY","0","100000","XTKS","597A","REGION:ASIA","Volume 0 < Seuil 100000 (1 cotations testées)"
"5975","TOPRE CORPORATION","","Japon","JPX","JPY","63810","100000","XTKS","5975","REGION:ASIA","Volume 63810 < Seuil 100000 (1 cotations testées)"
"5974","CHUGOKU KOGYO CO., LTD.","","Japon","JPX","JPY","1530","100000","XTKS","5974","REGION:ASIA","Volume 1530 < Seuil 100000 (1 cotations testées)"
"5973","TOAMI CORP.","","Japon","JPX","JPY","2130","100000","XTKS","5973","REGION:ASIA","Volume 2130 < Seuil 100000 (1 cotations testées)"
"5971","KYOWAKOGYOSYO CO. LTD.","","Japon","JPX","JPY","1000","100000","XTKS","5971","REGION:ASIA","Volume 1000 < Seuil 100000 (1 cotations testées)"
"5976","NETUREN CO., LTD.","","Japon","JPX","JPY","64910","100000","XTKS","5976","REGION:ASIA","Volume 64910 < Seuil 100000 (1 cotations testées)"
"5953@F","SHOWA MANUFACTURING CO","","Japon","JPX","JPY","400","100000","XTKS","5953@F","REGION:ASIA","Volume 400 < Seuil 100000 (1 cotations testées)"
"9059","KANDA HOLDINGS CO., LTD.","","Japon","JPX","JPY","10140","100000","XTKS","9059","REGION:ASIA","Volume 10140 < Seuil 100000 (1 cotations testées)"
"265A","HMCOMM INC.","","Japon","JPX","JPY","13470","100000","XTKS","265A","REGION:ASIA","Volume 13470 < Seuil 100000 (1 cotations testées)"
"2654","ASMO CORP.","","Japon","JPX","JPY","4320","100000","XTKS","2654","REGION:ASIA","Volume 4320 < Seuil 100000 (1 cotations testées)"
"9029","HIGASHI TWENTY ONE CO., LTD.","","Japon","JPX","JPY","17820","100000","XTKS","9029","REGION:ASIA","Volume 17820 < Seuil 100000 (1 cotations testées)"
"2653","AEON KYUSHU CO., LTD.","","Japon","JPX","JPY","25910","100000","XTKS","2653","REGION:ASIA","Volume 25910 < Seuil 100000 (1 cotations testées)"
"9028","ZERO CO LTD.","","Japon","JPX","JPY","9290","100000","XTKS","9028","REGION:ASIA","Volume 9290 < Seuil 100000 (1 cotations testées)"
"9027@S","LOGINET JAPAN CO LTD","","Japon","JPX","JPY","1840","100000","XTKS","9027@S","REGION:ASIA","Volume 1840 < Seuil 100000 (1 cotations testées)"
"9025","KONOIKE TRANSPORT CO., LTD.","","Japon","JPX","JPY","84740","100000","XTKS","9025","REGION:ASIA","Volume 84740 < Seuil 100000 (1 cotations testées)"
"2597","UNICAFE INC.","","Japon","JPX","JPY","2590","100000","XTKS","2597","REGION:ASIA","Volume 2590 < Seuil 100000 (1 cotations testées)"
"2612","KADOYA SESAME MILLS INC.","","Japon","JPX","JPY","6100","100000","XTKS","2612","REGION:ASIA","Volume 6100 < Seuil 100000 (1 cotations testées)"
"2613","J-OIL MILLS INC.","","Japon","JPX","JPY","43100","100000","XTKS","2613","REGION:ASIA","Volume 43100 < Seuil 100000 (1 cotations testées)"
"2594","KEY COFFEE INC.","","Japon","JPX","JPY","67140","100000","XTKS","2594","REGION:ASIA","Volume 67140 < Seuil 100000 (1 cotations testées)"
"261A","NIHON SUIDO CONSULTANTS CO., LTD.","","Japon","JPX","JPY","16880","100000","XTKS","261A","REGION:ASIA","Volume 16880 < Seuil 100000 (1 cotations testées)"
"9031","NISHI-NIPPON RAILROAD CO., LTD.","","Japon","JPX","JPY","4000","100000","XTKS","9031","REGION:ASIA","Volume 4000 < Seuil 100000 (1 cotations testées)"
"9012","CHICHIBU RAILWAY CO., LTD.","","Japon","JPX","JPY","200","100000","XTKS","9012","REGION:ASIA","Volume 200 < Seuil 100000 (1 cotations testées)"
"9017","NIIGATA KOTSU CO., LTD.","","Japon","JPX","JPY","370","100000","XTKS","9017","REGION:ASIA","Volume 370 < Seuil 100000 (1 cotations testées)"
"263A","DIGITALCUBE CO. LTD.","","Japon","JPX","JPY","0","100000","XTKS","263A","REGION:ASIA","Volume 0 < Seuil 100000 (1 cotations testées)"
"9010","FUJI KYUKO CO., LTD.","","Japon","JPX","JPY","29880","100000","XTKS","9010","REGION:ASIA","Volume 29880 < Seuil 100000 (1 cotations testées)"
"9033","HIROSHIMA ELECTRIC RAILWAY CO., LTD.","","Japon","JPX","JPY","8550","100000","XTKS","9033","REGION:ASIA","Volume 8550 < Seuil 100000 (1 cotations testées)"
"2664","CAWACHI LTD.","","Japon","JPX","JPY","39740","100000","XTKS","2664","REGION:ASIA","Volume 39740 < Seuil 100000 (1 cotations testées)"
"9046","KOBE ELECTRIC RAILWAY CO., LTD.","","Japon","JPX","JPY","4790","100000","XTKS","9046","REGION:ASIA","Volume 4790 < Seuil 100000 (1 cotations testées)"
"266A","GLOCAL MARKETING CO., LTD.","","Japon","JPX","JPY","0","100000","XTKS","266A","REGION:ASIA","Volume 0 < Seuil 100000 (1 cotations testées)"
"9049","KEIFUKU ELECTRIC RAILROAD CO., LTD.","","Japon","JPX","JPY","180","100000","XTKS","9049","REGION:ASIA","Volume 180 < Seuil 100000 (1 cotations testées)"
"9051","SENKON LOGISTICS CO., LTD.","","Japon","JPX","JPY","940","100000","XTKS","9051","REGION:ASIA","Volume 940 < Seuil 100000 (1 cotations testées)"
"9052","SANYO ELECTRIC RAILWAY CO., LTD.","","Japon","JPX","JPY","22600","100000","XTKS","9052","REGION:ASIA","Volume 22600 < Seuil 100000 (1 cotations testées)"
"254A","AI FUSION CAPITAL GROUP CORP.","","Japon","JPX","JPY","75330","100000","XTKS","254A","REGION:ASIA","Volume 75330 < Seuil 100000 (1 cotations testées)"
"9057","ENSHU TRUCK CO., LTD.","","Japon","JPX","JPY","1530","100000","XTKS","9057","REGION:ASIA","Volume 1530 < Seuil 100000 (1 cotations testées)"
"9060","JAPAN LOGISTIC SYSTEMS CORP.","","Japon","JPX","JPY","3930","100000","XTKS","9060","REGION:ASIA","Volume 3930 < Seuil 100000 (1 cotations testées)"
"9034","NANSO TRANSPORT CO., LTD.","","Japon","JPX","JPY","3150","100000","XTKS","9034","REGION:ASIA","Volume 3150 < Seuil 100000 (1 cotations testées)"
"9035@F","DAIICHI KOUTSU SANGYO CO LTD","","Japon","JPX","JPY","10670","100000","XTKS","9035@F","REGION:ASIA","Volume 10670 < Seuil 100000 (1 cotations testées)"
"9036","TOHBU NETWORK CO., LTD.","","Japon","JPX","JPY","4180","100000","XTKS","9036","REGION:ASIA","Volume 4180 < Seuil 100000 (1 cotations testées)"
"9037","HAMAKYOREX CO., LTD.","","Japon","JPX","JPY","85780","100000","XTKS","9037","REGION:ASIA","Volume 85780 < Seuil 100000 (1 cotations testées)"
"9039","SAKAI MOVING SERVICE CO., LTD.","","Japon","JPX","JPY","67650","100000","XTKS","9039","REGION:ASIA","Volume 67650 < Seuil 100000 (1 cotations testées)"
"2573","HOKKAIDO COCA-COLA BOTTLING CO. LTD.","","Japon","JPX","JPY","5760","100000","XTKS","2573","REGION:ASIA","Volume 5760 < Seuil 100000 (1 cotations testées)"
"5952","AMATEI INC.","","Japon","JPX","JPY","14660","100000","XTKS","5952","REGION:ASIA","Volume 14660 < Seuil 100000 (1 cotations testées)"
"5951","DAINICHI CO., LTD.","","Japon","JPX","JPY","7420","100000","XTKS","5951","REGION:ASIA","Volume 7420 < Seuil 100000 (1 cotations testées)"
"5950","JAPAN POWER FASTENING CO., LTD.","","Japon","JPX","JPY","10150","100000","XTKS","5950","REGION:ASIA","Volume 10150 < Seuil 100000 (1 cotations testées)"
"5819","CANARE ELECTRIC CO., LTD.","","Japon","JPX","JPY","7620","100000","XTKS","5819","REGION:ASIA","Volume 7620 < Seuil 100000 (1 cotations testées)"
"2481","TOWNNEWS-SHA CO., LTD.","","Japon","JPX","JPY","1370","100000","XTKS","2481","REGION:ASIA","Volume 1370 < Seuil 100000 (1 cotations testées)"
"8995","MAKOTO CONSTRUCTION CO. LTD.","","Japon","JPX","JPY","62130","100000","XTKS","8995","REGION:ASIA","Volume 62130 < Seuil 100000 (1 cotations testées)"
"2483","HONYAKU CENTER INC.","","Japon","JPX","JPY","6570","100000","XTKS","2483","REGION:ASIA","Volume 6570 < Seuil 100000 (1 cotations testées)"
"5820","MITSUBOSHI CO., LTD.","","Japon","JPX","JPY","23860","100000","XTKS","5820","REGION:ASIA","Volume 23860 < Seuil 100000 (1 cotations testées)"
"5821","HIRAKAWA HEWTECH CORP.","","Japon","JPX","JPY","62970","100000","XTKS","5821","REGION:ASIA","Volume 62970 < Seuil 100000 (1 cotations testées)"
"2485","TEAR CORPORATION","","Japon","JPX","JPY","27030","100000","XTKS","2485","REGION:ASIA","Volume 27030 < Seuil 100000 (1 cotations testées)"
"2705","OOTOYA HOLDINGS CO., LTD.","","Japon","JPX","JPY","15080","100000","XTKS","2705","REGION:ASIA","Volume 15080 < Seuil 100000 (1 cotations testées)"
"5856","LIFE INTELLIGENT ENTERPRISE INC.","","Japon","JPX","JPY","0","100000","XTKS","5856","REGION:ASIA","Volume 0 < Seuil 100000 (1 cotations testées)"
"269A","SAPEET INC.","","Japon","JPX","JPY","3290","100000","XTKS","269A","REGION:ASIA","Volume 3290 < Seuil 100000 (1 cotations testées)"
"5843","NIPPON INSURE CO. LTD.","","Japon","JPX","JPY","56540","100000","XTKS","5843","REGION:ASIA","Volume 56540 < Seuil 100000 (1 cotations testées)"
"5840","NIPPON SOUKEN CO., LTD.","","Japon","JPX","JPY","110","100000","XTKS","5840","REGION:ASIA","Volume 110 < Seuil 100000 (1 cotations testées)"
"9115","MEIJI SHIPPING GROUP CO. LTD.","","Japon","JPX","JPY","110","100000","XTKS","9115","REGION:ASIA","Volume 110 < Seuil 100000 (1 cotations testées)"
"583A","REALESTATE DISTRIBUTION SYSTEM CO., LTD.","","Japon","JPX","JPY","0","100000","XTKS","583A","REGION:ASIA","Volume 0 < Seuil 100000 (1 cotations testées)"
"2700","KITOKU SHINRYO CO., LTD.","","Japon","JPX","JPY","39500","100000","XTKS","2700","REGION:ASIA","Volume 39500 < Seuil 100000 (1 cotations testées)"
"2480","SYSTEM LOCATION CO., LTD.","","Japon","JPX","JPY","1430","100000","XTKS","2480","REGION:ASIA","Volume 1430 < Seuil 100000 (1 cotations testées)"
"5816","ONAMBA CO., LTD.","","Japon","JPX","JPY","38570","100000","XTKS","5816","REGION:ASIA","Volume 38570 < Seuil 100000 (1 cotations testées)"
"5711","MITSUBISHI MATERIALS CORPORATION","","Japon","JPX","JPY","64","100000","XTKS","5711","REGION:ASIA","Volume 64 < Seuil 100000 (1 cotations testées)"
"9127","TAMAI STEAMSHIP CO LTD.","","Japon","JPX","JPY","2550","100000","XTKS","9127","REGION:ASIA","Volume 2550 < Seuil 100000 (1 cotations testées)"
"9130","KYOEI TANKER CO., LTD.","","Japon","JPX","JPY","72400","100000","XTKS","9130","REGION:ASIA","Volume 72400 < Seuil 100000 (1 cotations testées)"
"5704","JMC CORPORATION","","Japon","JPX","JPY","5670","100000","XTKS","5704","REGION:ASIA","Volume 5670 < Seuil 100000 (1 cotations testées)"
"246A","ASUA INC.","","Japon","JPX","JPY","2150","100000","XTKS","246A","REGION:ASIA","Volume 2150 < Seuil 100000 (1 cotations testées)"
"2475","WDB HOLDINGS CO., LTD.","","Japon","JPX","JPY","11410","100000","XTKS","2475","REGION:ASIA","Volume 11410 < Seuil 100000 (1 cotations testées)"
"5724","ASAKA RIKEN CO., LTD.","","Japon","JPX","JPY","41910","100000","XTKS","5724","REGION:ASIA","Volume 41910 < Seuil 100000 (1 cotations testées)"
"5729","NIHON SEIKO CO., LTD.","","Japon","JPX","JPY","21370","100000","XTKS","5729","REGION:ASIA","Volume 21370 < Seuil 100000 (1 cotations testées)"
"2477","TEMAIRAZU INC.","","Japon","JPX","JPY","8910","100000","XTKS","2477","REGION:ASIA","Volume 8910 < Seuil 100000 (1 cotations testées)"
"2708","KUZE CO., LTD.","","Japon","JPX","JPY","1430","100000","XTKS","2708","REGION:ASIA","Volume 1430 < Seuil 100000 (1 cotations testées)"
"5757","CK-SAN-ETSU CO., LTD.","","Japon","JPX","JPY","7050","100000","XTKS","5757","REGION:ASIA","Volume 7050 < Seuil 100000 (1 cotations testées)"
"5753","NIPPON SHINDO CO., LTD.","","Japon","JPX","JPY","1830","100000","XTKS","5753","REGION:ASIA","Volume 1830 < Seuil 100000 (1 cotations testées)"
"574A","LASSIC CO., LTD.","","Japon","JPX","JPY","0","100000","XTKS","574A","REGION:ASIA","Volume 0 < Seuil 100000 (1 cotations testées)"
"5742","NIC AUTOTEC INC.","","Japon","JPX","JPY","1410","100000","XTKS","5742","REGION:ASIA","Volume 1410 < Seuil 100000 (1 cotations testées)"
"9110","NS UNITED KAIUN KAISHA LTD.","","Japon","JPX","JPY","46070","100000","XTKS","9110","REGION:ASIA","Volume 46070 < Seuil 100000 (1 cotations testées)"
"5928","ALMETAX MANUFACTURING CO., LTD.","","Japon","JPX","JPY","23310","100000","XTKS","5928","REGION:ASIA","Volume 23310 < Seuil 100000 (1 cotations testées)"
"5923","TAKADAKIKO CO., LTD.","","Japon","JPX","JPY","2270","100000","XTKS","5923","REGION:ASIA","Volume 2270 < Seuil 100000 (1 cotations testées)"
"5922","NASU DENKI TEKKO CO., LTD.","","Japon","JPX","JPY","1300","100000","XTKS","5922","REGION:ASIA","Volume 1300 < Seuil 100000 (1 cotations testées)"
"5921","KAWAGISHI BRIDGE WORKS CO. LTD.","","Japon","JPX","JPY","340","100000","XTKS","5921","REGION:ASIA","Volume 340 < Seuil 100000 (1 cotations testées)"
"591A","SAIJO CO., LTD.","","Japon","JPX","JPY","0","100000","XTKS","591A","REGION:ASIA","Volume 0 < Seuil 100000 (1 cotations testées)"
"5930","BUNKA SHUTTER CO., LTD.","","Japon","JPX","JPY","78000","100000","XTKS","5930","REGION:ASIA","Volume 78000 < Seuil 100000 (1 cotations testées)"
"5918","TAKIGAMI STEEL CONSTRUCTION CO., LTD.","","Japon","JPX","JPY","500","100000","XTKS","5918","REGION:ASIA","Volume 500 < Seuil 100000 (1 cotations testées)"
"5915","KOMAI HALTEC INC.","","Japon","JPX","JPY","6340","100000","XTKS","5915","REGION:ASIA","Volume 6340 < Seuil 100000 (1 cotations testées)"
"5909","CORONA CORP.","","Japon","JPX","JPY","12070","100000","XTKS","5909","REGION:ASIA","Volume 12070 < Seuil 100000 (1 cotations testées)"
"8999","GRANDY HOUSE CORPORATION","","Japon","JPX","JPY","86010","100000","XTKS","8999","REGION:ASIA","Volume 86010 < Seuil 100000 (1 cotations testées)"
"9081","KANAGAWA CHUO KOTSU CO., LTD.","","Japon","JPX","JPY","13050","100000","XTKS","9081","REGION:ASIA","Volume 13050 < Seuil 100000 (1 cotations testées)"
"5932","SANKYO TATEYAMA INC.","","Japon","JPX","JPY","73150","100000","XTKS","5932","REGION:ASIA","Volume 73150 < Seuil 100000 (1 cotations testées)"
"5933","ALINCO INC.","","Japon","JPX","JPY","47890","100000","XTKS","5933","REGION:ASIA","Volume 47890 < Seuil 100000 (1 cotations testées)"
"594A","PRO HOLDINGS CO., LTD.","","Japon","JPX","JPY","0","100000","XTKS","594A","REGION:ASIA","Volume 0 < Seuil 100000 (1 cotations testées)"
"5946","CHOFU SEISAKUSHO CO., LTD.","","Japon","JPX","JPY","73520","100000","XTKS","5946","REGION:ASIA","Volume 73520 < Seuil 100000 (1 cotations testées)"
"5945","TENRYU SAW MANUFACTURING CO., LTD.","","Japon","JPX","JPY","3560","100000","XTKS","5945","REGION:ASIA","Volume 3560 < Seuil 100000 (1 cotations testées)"
"5943","NORITZ CORPORATION","","Japon","JPX","JPY","65170","100000","XTKS","5943","REGION:ASIA","Volume 65170 < Seuil 100000 (1 cotations testées)"
"5942","NIPPON FILCON CO., LTD.","","Japon","JPX","JPY","56590","100000","XTKS","5942","REGION:ASIA","Volume 56590 < Seuil 100000 (1 cotations testées)"
"5940","FUJISASH CO., LTD.","","Japon","JPX","JPY","16610","100000","XTKS","5940","REGION:ASIA","Volume 16610 < Seuil 100000 (1 cotations testées)"
"5939","OTANI KOGYO CO., LTD.","","Japon","JPX","JPY","850","100000","XTKS","5939","REGION:ASIA","Volume 850 < Seuil 100000 (1 cotations testées)"
"5936","TOYO SHUTTER CO., LTD.","","Japon","JPX","JPY","4100","100000","XTKS","5936","REGION:ASIA","Volume 4100 < Seuil 100000 (1 cotations testées)"
"5941","NAKANISHI MANUFACTURING CO. LTD.","","Japon","JPX","JPY","2940","100000","XTKS","5941","REGION:ASIA","Volume 2940 < Seuil 100000 (1 cotations testées)"
"9082","DAIWA MOTOR TRANSPORTATION CO., LTD.","","Japon","JPX","JPY","2550","100000","XTKS","9082","REGION:ASIA","Volume 2550 < Seuil 100000 (1 cotations testées)"
"9083","SHINKI BUS CO., LTD.","","Japon","JPX","JPY","5290","100000","XTKS","9083","REGION:ASIA","Volume 5290 < Seuil 100000 (1 cotations testées)"
"5884","KURADASHI CO., LTD.","","Japon","JPX","JPY","12100","100000","XTKS","5884","REGION:ASIA","Volume 12100 < Seuil 100000 (1 cotations testées)"
"5885","GDEP ADVANCE INC.","","Japon","JPX","JPY","60950","100000","XTKS","5885","REGION:ASIA","Volume 60950 < Seuil 100000 (1 cotations testées)"
"248A","KIDS STAR INC.","","Japon","JPX","JPY","950","100000","XTKS","248A","REGION:ASIA","Volume 950 < Seuil 100000 (1 cotations testées)"
"5869","WASEDA GAKUSHUKENKYUKAI CO., LTD.","","Japon","JPX","JPY","56800","100000","XTKS","5869","REGION:ASIA","Volume 56800 < Seuil 100000 (1 cotations testées)"
"5868","ROCOCO CO. LTD.","","Japon","JPX","JPY","6400","100000","XTKS","5868","REGION:ASIA","Volume 6400 < Seuil 100000 (1 cotations testées)"
"5867","ES NETWORKS CO., LTD.","","Japon","JPX","JPY","3900","100000","XTKS","5867","REGION:ASIA","Volume 3900 < Seuil 100000 (1 cotations testées)"
"2489","ADWAYS INC.","","Japon","JPX","JPY","71510","100000","XTKS","2489","REGION:ASIA","Volume 71510 < Seuil 100000 (1 cotations testées)"
"5866","WIZBIZ INC.","","Japon","JPX","JPY","0","100000","XTKS","5866","REGION:ASIA","Volume 0 < Seuil 100000 (1 cotations testées)"
"5870","NALNET COMMUNICATIONS INC.","","Japon","JPX","JPY","10480","100000","XTKS","5870","REGION:ASIA","Volume 10480 < Seuil 100000 (1 cotations testées)"
"5906","MK SEIKO CO., LTD.","","Japon","JPX","JPY","16300","100000","XTKS","5906","REGION:ASIA","Volume 16300 < Seuil 100000 (1 cotations testées)"
"5886","OOKABE GLASS CO., LTD.","","Japon","JPX","JPY","0","100000","XTKS","5886","REGION:ASIA","Volume 0 < Seuil 100000 (1 cotations testées)"
"5905","NIHON SEIKAN CO., LTD.","","Japon","JPX","JPY","740","100000","XTKS","5905","REGION:ASIA","Volume 740 < Seuil 100000 (1 cotations testées)"
"5903","SHINPO CO., LTD.","","Japon","JPX","JPY","2830","100000","XTKS","5903","REGION:ASIA","Volume 2830 < Seuil 100000 (1 cotations testées)"
"9085@S","HOKKAIDO CHUO BUS CO","","Japon","JPX","JPY","310","100000","XTKS","9085@S","REGION:ASIA","Volume 310 < Seuil 100000 (1 cotations testées)"
"5902","HOKKAN HOLDINGS LTD.","","Japon","JPX","JPY","14820","100000","XTKS","5902","REGION:ASIA","Volume 14820 < Seuil 100000 (1 cotations testées)"
"5888","DAIWA CYCLE CO., LTD.","","Japon","JPX","JPY","63900","100000","XTKS","5888","REGION:ASIA","Volume 63900 < Seuil 100000 (1 cotations testées)"
"9087","TAKASE CORPORATION","","Japon","JPX","JPY","700","100000","XTKS","9087","REGION:ASIA","Volume 700 < Seuil 100000 (1 cotations testées)"
"5900","DAIKEN CO., LTD.","","Japon","JPX","JPY","1640","100000","XTKS","5900","REGION:ASIA","Volume 1640 < Seuil 100000 (1 cotations testées)"
"5893","RAVIPA LTD.","","Japon","JPX","JPY","0","100000","XTKS","5893","REGION:ASIA","Volume 0 < Seuil 100000 (1 cotations testées)"
"5891","KAIRIKIYA CO., LTD.","","Japon","JPX","JPY","74900","100000","XTKS","5891","REGION:ASIA","Volume 74900 < Seuil 100000 (1 cotations testées)"
"2762","SANKO MARKETING FOODS CO., LTD.","","Japon","JPX","JPY","95800","100000","XTKS","2762","REGION:ASIA","Volume 95800 < Seuil 100000 (1 cotations testées)"
"2763","FTGROUP CO., LTD.","","Japon","JPX","JPY","90700","100000","XTKS","2763","REGION:ASIA","Volume 90700 < Seuil 100000 (1 cotations testées)"
"8769","ADVANTAGE RISK MANAGEMENT CO., LTD.","","Japon","JPX","JPY","42940","100000","XTKS","8769","REGION:ASIA","Volume 42940 < Seuil 100000 (1 cotations testées)"
"5131","LINKERS CORPORATION","","Japon","JPX","JPY","93130","100000","XTKS","5131","REGION:ASIA","Volume 93130 < Seuil 100000 (1 cotations testées)"
"2288","MARUDAI FOOD CO., LTD.","","Japon","JPX","JPY","9722","100000","XTKS","2288","REGION:ASIA","Volume 9722 < Seuil 100000 (1 cotations testées)"
"5134","POPER CO. LTD.","","Japon","JPX","JPY","5870","100000","XTKS","5134","REGION:ASIA","Volume 5870 < Seuil 100000 (1 cotations testées)"
"9514","EF-ON INC.","","Japon","JPX","JPY","61560","100000","XTKS","9514","REGION:ASIA","Volume 61560 < Seuil 100000 (1 cotations testées)"
"288A","LAXUS TECHNOLOGIES INC.","","Japon","JPX","JPY","36130","100000","XTKS","288A","REGION:ASIA","Volume 36130 < Seuil 100000 (1 cotations testées)"
"8771","EGUARANTEE INC.","","Japon","JPX","JPY","91690","100000","XTKS","8771","REGION:ASIA","Volume 91690 < Seuil 100000 (1 cotations testées)"
"228A","OPRO CO. LTD.","","Japon","JPX","JPY","1860","100000","XTKS","228A","REGION:ASIA","Volume 1860 < Seuil 100000 (1 cotations testées)"
"5142","ACHILLES CORPORATION","","Japon","JPX","JPY","38160","100000","XTKS","5142","REGION:ASIA","Volume 38160 < Seuil 100000 (1 cotations testées)"
"514A","MAGONOTE INC.","","Japon","JPX","JPY","0","100000","XTKS","514A","REGION:ASIA","Volume 0 < Seuil 100000 (1 cotations testées)"
"2882","EAT&HOLDINGS CO., LTD.","","Japon","JPX","JPY","30183","100000","XTKS","2882","REGION:ASIA","Volume 30183 < Seuil 100000 (1 cotations testées)"
"5129","FIXER INC.","","Japon","JPX","JPY","7880","100000","XTKS","5129","REGION:ASIA","Volume 7880 < Seuil 100000 (1 cotations testées)"
"2892","NIHON SHOKUHIN KAKO CO., LTD.","","Japon","JPX","JPY","6020","100000","XTKS","2892","REGION:ASIA","Volume 6020 < Seuil 100000 (1 cotations testées)"
"2916","SEMBA TOHKA INDUSTRIES CO., LTD.","","Japon","JPX","JPY","5900","100000","XTKS","2916","REGION:ASIA","Volume 5900 < Seuil 100000 (1 cotations testées)"
"2915","KENKO MAYONNAISE CO., LTD.","","Japon","JPX","JPY","21100","100000","XTKS","2915","REGION:ASIA","Volume 21100 < Seuil 100000 (1 cotations testées)"
"2911","ASAHIMATSU FOODS CO. LTD.","","Japon","JPX","JPY","1900","100000","XTKS","2911","REGION:ASIA","Volume 1900 < Seuil 100000 (1 cotations testées)"
"2910","ROCK FIELD CO., LTD.","","Japon","JPX","JPY","46640","100000","XTKS","2910","REGION:ASIA","Volume 46640 < Seuil 100000 (1 cotations testées)"
"8742","KOBAYASHI YOKO CO., LTD.","","Japon","JPX","JPY","4120","100000","XTKS","8742","REGION:ASIA","Volume 4120 < Seuil 100000 (1 cotations testées)"
"2908","FUJICCO CO., LTD.","","Japon","JPX","JPY","65810","100000","XTKS","2908","REGION:ASIA","Volume 65810 < Seuil 100000 (1 cotations testées)"
"2907","AHJIKAN CO., LTD.","","Japon","JPX","JPY","4530","100000","XTKS","2907","REGION:ASIA","Volume 4530 < Seuil 100000 (1 cotations testées)"
"510A","HEART UP CO.,LTD.","","Japon","JPX","JPY","0","100000","XTKS","510A","REGION:ASIA","Volume 0 < Seuil 100000 (1 cotations testées)"
"2904","ICHIMASA KAMABOKO CO., LTD.","","Japon","JPX","JPY","3250","100000","XTKS","2904","REGION:ASIA","Volume 3250 < Seuil 100000 (1 cotations testées)"
"8747","YUTAKA TRUSTY SECURITIES CO., LTD.","","Japon","JPX","JPY","10160","100000","XTKS","8747","REGION:ASIA","Volume 10160 < Seuil 100000 (1 cotations testées)"
"2903","SHINOBU FOODS PRODUCTS CO., LTD.","","Japon","JPX","JPY","2500","100000","XTKS","2903","REGION:ASIA","Volume 2500 < Seuil 100000 (1 cotations testées)"
"511A","VANGUARD SMITH CORPORATION","","Japon","JPX","JPY","0","100000","XTKS","511A","REGION:ASIA","Volume 0 < Seuil 100000 (1 cotations testées)"
"2901","WEIL-DISH INC.","","Japon","JPX","JPY","92450","100000","XTKS","2901","REGION:ASIA","Volume 92450 < Seuil 100000 (1 cotations testées)"
"5121","FUJIKURA COMPOSITES INC.","","Japon","JPX","JPY","85010","100000","XTKS","5121","REGION:ASIA","Volume 85010 < Seuil 100000 (1 cotations testées)"
"5122","OKAMOTO INDUSTRIES INC.","","Japon","JPX","JPY","21790","100000","XTKS","5122","REGION:ASIA","Volume 21790 < Seuil 100000 (1 cotations testées)"
"2894","ISHII FOOD CO., LTD.","","Japon","JPX","JPY","5700","100000","XTKS","2894","REGION:ASIA","Volume 5700 < Seuil 100000 (1 cotations testées)"
"8772","ASAX CO. LTD.","","Japon","JPX","JPY","6200","100000","XTKS","8772","REGION:ASIA","Volume 6200 < Seuil 100000 (1 cotations testées)"
"5161","NISHIKAWA RUBBER CO., LTD.","","Japon","JPX","JPY","92660","100000","XTKS","5161","REGION:ASIA","Volume 92660 < Seuil 100000 (1 cotations testées)"
"5199","FUJI LATEX CO., LTD.","","Japon","JPX","JPY","400","100000","XTKS","5199","REGION:ASIA","Volume 400 < Seuil 100000 (1 cotations testées)"
"519A","BASIC INC.","","Japon","JPX","JPY","12080","100000","XTKS","519A","REGION:ASIA","Volume 12080 < Seuil 100000 (1 cotations testées)"
"9466","AIDMA MARKETING COMMUNICATION INC.","","Japon","JPX","JPY","7000","100000","XTKS","9466","REGION:ASIA","Volume 7000 < Seuil 100000 (1 cotations testées)"
"5204","ISHIZUKA GLASS CO., LTD.","","Japon","JPX","JPY","8240","100000","XTKS","5204","REGION:ASIA","Volume 8240 < Seuil 100000 (1 cotations testées)"
"9450","FIBERGATE INC.","","Japon","JPX","JPY","30560","100000","XTKS","9450","REGION:ASIA","Volume 30560 < Seuil 100000 (1 cotations testées)"
"9446","SAKAI HOLDINGS CO., LTD.","","Japon","JPX","JPY","5730","100000","XTKS","9446","REGION:ASIA","Volume 5730 < Seuil 100000 (1 cotations testées)"
"9445","FORVAL TELECOM INC.","","Japon","JPX","JPY","1300","100000","XTKS","9445","REGION:ASIA","Volume 1300 < Seuil 100000 (1 cotations testées)"
"9444","TOSHIN HOLDINGS CO., LTD.","","Japon","JPX","JPY","8720","100000","XTKS","9444","REGION:ASIA","Volume 8720 < Seuil 100000 (1 cotations testées)"
"520A","J-PHARMA CO., LTD.","","Japon","JPX","JPY","72060","100000","XTKS","520A","REGION:ASIA","Volume 72060 < Seuil 100000 (1 cotations testées)"
"9441","BELL-PARK CO., LTD.","","Japon","JPX","JPY","17930","100000","XTKS","9441","REGION:ASIA","Volume 17930 < Seuil 100000 (1 cotations testées)"
"5210","NIHON YAMAMURA GLASS CO., LTD.","","Japon","JPX","JPY","58800","100000","XTKS","5210","REGION:ASIA","Volume 58800 < Seuil 100000 (1 cotations testées)"
"284A","FUKUYA CONSTRUCTION CO., LTD.","","Japon","JPX","JPY","0","100000","XTKS","284A","REGION:ASIA","Volume 0 < Seuil 100000 (1 cotations testées)"
"9438","MTI LTD.","","Japon","JPX","JPY","34050","100000","XTKS","9438","REGION:ASIA","Volume 34050 < Seuil 100000 (1 cotations testées)"
"229A","ASUMI HOLDINGS INC.","","Japon","JPX","JPY","0","100000","XTKS","229A","REGION:ASIA","Volume 0 < Seuil 100000 (1 cotations testées)"
"9436","OKINAWA CELLULAR TELEPHONE COMPANY","","Japon","JPX","JPY","97260","100000","XTKS","9436","REGION:ASIA","Volume 97260 < Seuil 100000 (1 cotations testées)"
"2300","KYOKUTO CO., LTD.","","Japon","JPX","JPY","1790","100000","XTKS","2300","REGION:ASIA","Volume 1790 < Seuil 100000 (1 cotations testées)"
"2294","KAKIYASU HONTEN CO., LTD.","","Japon","JPX","JPY","16700","100000","XTKS","2294","REGION:ASIA","Volume 16700 < Seuil 100000 (1 cotations testées)"
"2917","OHMORIYA CO., LTD.","","Japon","JPX","JPY","1630","100000","XTKS","2917","REGION:ASIA","Volume 1630 < Seuil 100000 (1 cotations testées)"
"5195","BANDO CHEMICAL INDUSTRIES, LTD.","","Japon","JPX","JPY","48000","100000","XTKS","5195","REGION:ASIA","Volume 48000 < Seuil 100000 (1 cotations testées)"
"5162","ASAHI RUBBER INC.","","Japon","JPX","JPY","4220","100000","XTKS","5162","REGION:ASIA","Volume 4220 < Seuil 100000 (1 cotations testées)"
"2291","FUKUTOME MEAT PACKERS LTD.","","Japon","JPX","JPY","2800","100000","XTKS","2291","REGION:ASIA","Volume 2800 < Seuil 100000 (1 cotations testées)"
"2876","DELSOLE CORP.","","Japon","JPX","JPY","1750","100000","XTKS","2876","REGION:ASIA","Volume 1750 < Seuil 100000 (1 cotations testées)"
"2872","SEIHYO CO., LTD.","","Japon","JPX","JPY","6430","100000","XTKS","2872","REGION:ASIA","Volume 6430 < Seuil 100000 (1 cotations testées)"
"8793","NEC CAPITAL SOLUTIONS LTD.","","Japon","JPX","JPY","15660","100000","XTKS","8793","REGION:ASIA","Volume 15660 < Seuil 100000 (1 cotations testées)"
"9478","SE HOLDINGS AND INCUBATIONS CO., LTD.","","Japon","JPX","JPY","39930","100000","XTKS","9478","REGION:ASIA","Volume 39930 < Seuil 100000 (1 cotations testées)"
"5184","NICHIRIN CO., LTD.","","Japon","JPX","JPY","16700","100000","XTKS","5184","REGION:ASIA","Volume 16700 < Seuil 100000 (1 cotations testées)"
"5185","FUKOKU CO. LTD.","","Japon","JPX","JPY","41810","100000","XTKS","5185","REGION:ASIA","Volume 41810 < Seuil 100000 (1 cotations testées)"
"286A","EUCALIA INC.","","Japon","JPX","JPY","21940","100000","XTKS","286A","REGION:ASIA","Volume 21940 < Seuil 100000 (1 cotations testées)"
"5186","NITTA CORPORATION","","Japon","JPX","JPY","64470","100000","XTKS","5186","REGION:ASIA","Volume 64470 < Seuil 100000 (1 cotations testées)"
"5187","CREATE MEDIC CO., LTD.","","Japon","JPX","JPY","6440","100000","XTKS","5187","REGION:ASIA","Volume 6440 < Seuil 100000 (1 cotations testées)"
"9476","CHUOKEIZAI-SHA HOLDINGS INC.","","Japon","JPX","JPY","2070","100000","XTKS","9476","REGION:ASIA","Volume 2070 < Seuil 100000 (1 cotations testées)"
"2293","TAKIZAWA HAM CO., LTD.","","Japon","JPX","JPY","90000","100000","XTKS","2293","REGION:ASIA","Volume 90000 < Seuil 100000 (1 cotations testées)"
"5189","SAKURA RUBBER CO., LTD.","","Japon","JPX","JPY","8530","100000","XTKS","5189","REGION:ASIA","Volume 8530 < Seuil 100000 (1 cotations testées)"
"9475","SHOBUNSHA HOLDINGS INC.","","Japon","JPX","JPY","3360","100000","XTKS","9475","REGION:ASIA","Volume 3360 < Seuil 100000 (1 cotations testées)"
"9470","GAKKEN HOLDINGS CO., LTD.","","Japon","JPX","JPY","92320","100000","XTKS","9470","REGION:ASIA","Volume 92320 < Seuil 100000 (1 cotations testées)"
"5192","MITSUBOSHI BELTING LTD.","","Japon","JPX","JPY","68700","100000","XTKS","5192","REGION:ASIA","Volume 68700 < Seuil 100000 (1 cotations testées)"
"8798@S","ADVANCE CREATE CO LTD","","Japon","JPX","JPY","0","100000","XTKS","8798@S","REGION:ASIA","Volume 0 < Seuil 100000 (2 cotations testées)"
"5194","SAGAMI RUBBER INDUSTRIES CO., LTD.","","Japon","JPX","JPY","10200","100000","XTKS","5194","REGION:ASIA","Volume 10200 < Seuil 100000 (1 cotations testées)"
"2919@F","MARUTAI CO LTD","","Japon","JPX","JPY","250","100000","XTKS","2919@F","REGION:ASIA","Volume 250 < Seuil 100000 (1 cotations testées)"
"9616","KYORITSU MAINTENANCE CO., LTD.","","Japon","JPX","JPY","60160","100000","XTKS","9616","REGION:ASIA","Volume 60160 < Seuil 100000 (1 cotations testées)"
"2193","COOKPAD INC.","","Japon","JPX","JPY","46000","100000","XTKS","2193","REGION:ASIA","Volume 46000 < Seuil 100000 (1 cotations testées)"
"2195","AMITA HOLDINGS CO., LTD.","","Japon","JPX","JPY","18190","100000","XTKS","2195","REGION:ASIA","Volume 18190 < Seuil 100000 (1 cotations testées)"
"9612","LUCKLAND CO., LTD.","","Japon","JPX","JPY","35390","100000","XTKS","9612","REGION:ASIA","Volume 35390 < Seuil 100000 (1 cotations testées)"
"2204","NAKAMURAYA CO., LTD.","","Japon","JPX","JPY","5980","100000","XTKS","2204","REGION:ASIA","Volume 5980 < Seuil 100000 (1 cotations testées)"
"9610","WILSON LEARNING WORLDWIDE INC.","","Japon","JPX","JPY","46770","100000","XTKS","9610","REGION:ASIA","Volume 46770 < Seuil 100000 (1 cotations testées)"
"2207","MEITO SANGYO CO., LTD.","","Japon","JPX","JPY","32530","100000","XTKS","2207","REGION:ASIA","Volume 32530 < Seuil 100000 (1 cotations testées)"
"9619","ICHINEN HOLDINGS CO., LTD.","","Japon","JPX","JPY","30340","100000","XTKS","9619","REGION:ASIA","Volume 30340 < Seuil 100000 (1 cotations testées)"
"2209","IMURAYA GROUP CO., LTD.","","Japon","JPX","JPY","18460","100000","XTKS","2209","REGION:ASIA","Volume 18460 < Seuil 100000 (1 cotations testées)"
"2211","FUJIYA CO., LTD.","","Japon","JPX","JPY","32800","100000","XTKS","2211","REGION:ASIA","Volume 32800 < Seuil 100000 (1 cotations testées)"
"9601","SHOCHIKU CO., LTD.","","Japon","JPX","JPY","50840","100000","XTKS","9601","REGION:ASIA","Volume 50840 < Seuil 100000 (1 cotations testées)"
"2936","BASE FOOD INC.","","Japon","JPX","JPY","60100","100000","XTKS","2936","REGION:ASIA","Volume 60100 < Seuil 100000 (1 cotations testées)"
"2935","PICKLES HOLDINGS CO., LTD.","","Japon","JPX","JPY","16520","100000","XTKS","2935","REGION:ASIA","Volume 16520 < Seuil 100000 (1 cotations testées)"
"2212","YAMAZAKI BAKING CO., LTD.","","Japon","JPX","JPY","40000","100000","XTKS","2212","REGION:ASIA","Volume 40000 < Seuil 100000 (1 cotations testées)"
"2215","FIRST BAKING CO., LTD.","","Japon","JPX","JPY","5240","100000","XTKS","2215","REGION:ASIA","Volume 5240 < Seuil 100000 (1 cotations testées)"
"2216","KANRO INC.","","Japon","JPX","JPY","84050","100000","XTKS","2216","REGION:ASIA","Volume 84050 < Seuil 100000 (1 cotations testées)"
"9565","GLOE INC.","","Japon","JPX","JPY","5700","100000","XTKS","9565","REGION:ASIA","Volume 5700 < Seuil 100000 (1 cotations testées)"
"9564","FCE INC.","","Japon","JPX","JPY","28820","100000","XTKS","9564","REGION:ASIA","Volume 28820 < Seuil 100000 (1 cotations testées)"
"9563","ATLAS TECHNOLOGIES CORP.","","Japon","JPX","JPY","4010","100000","XTKS","9563","REGION:ASIA","Volume 4010 < Seuil 100000 (1 cotations testées)"
"9562","BUSINESS COACH INC.","","Japon","JPX","JPY","10200","100000","XTKS","9562","REGION:ASIA","Volume 10200 < Seuil 100000 (1 cotations testées)"
"220A","FABER CO INC.","","Japon","JPX","JPY","840","100000","XTKS","220A","REGION:ASIA","Volume 840 < Seuil 100000 (1 cotations testées)"
"507A","DIGITAL KNOWLEDGE CO., LTD.","","Japon","JPX","JPY","0","100000","XTKS","507A","REGION:ASIA","Volume 0 < Seuil 100000 (1 cotations testées)"
"9621","CTI ENGINEERING CO., LTD.","","Japon","JPX","JPY","50370","100000","XTKS","9621","REGION:ASIA","Volume 50370 < Seuil 100000 (1 cotations testées)"
"9629","PCA CORP.","","Japon","JPX","JPY","63570","100000","XTKS","9629","REGION:ASIA","Volume 63570 < Seuil 100000 (1 cotations testées)"
"9628","SAN HOLDINGS INC.","","Japon","JPX","JPY","33910","100000","XTKS","9628","REGION:ASIA","Volume 33910 < Seuil 100000 (1 cotations testées)"
"217A","SUPPORT CO LTD","","Japon","JPX","JPY","250","100000","XTKS","217A","REGION:ASIA","Volume 250 < Seuil 100000 (1 cotations testées)"
"2180","SUNNY SIDE UP GROUP INC.","","Japon","JPX","JPY","9950","100000","XTKS","2180","REGION:ASIA","Volume 9950 < Seuil 100000 (1 cotations testées)"
"505A","GEEKLY, INC.","","Japon","JPX","JPY","68940","100000","XTKS","505A","REGION:ASIA","Volume 68940 < Seuil 100000 (1 cotations testées)"
"8617","KOSEI SECURITIES CO., LTD.","","Japon","JPX","JPY","12410","100000","XTKS","8617","REGION:ASIA","Volume 12410 < Seuil 100000 (1 cotations testées)"
"2181","PERSOL HOLDINGS CO., LTD.","","Japon","JPX","JPY","9400","100000","XTKS","2181","REGION:ASIA","Volume 9400 < Seuil 100000 (1 cotations testées)"
"9625","CERESPO CO., LTD.","","Japon","JPX","JPY","11470","100000","XTKS","9625","REGION:ASIA","Volume 11470 < Seuil 100000 (1 cotations testées)"
"293A","BABY JOB CO. LTD.","","Japon","JPX","JPY","0","100000","XTKS","293A","REGION:ASIA","Volume 0 < Seuil 100000 (1 cotations testées)"
"506A","SINKANURSE, INC.","","Japon","JPX","JPY","0","100000","XTKS","506A","REGION:ASIA","Volume 0 < Seuil 100000 (1 cotations testées)"
"2938","OKAMURA FOODS CO., LTD.","","Japon","JPX","JPY","5150","100000","XTKS","2938","REGION:ASIA","Volume 5150 < Seuil 100000 (1 cotations testées)"
"5071","VIS CO. LTD.","","Japon","JPX","JPY","3470","100000","XTKS","5071","REGION:ASIA","Volume 3470 < Seuil 100000 (1 cotations testées)"
"9624","CHODAI CO., LTD.","","Japon","JPX","JPY","10960","100000","XTKS","9624","REGION:ASIA","Volume 10960 < Seuil 100000 (1 cotations testées)"
"2183","LINICAL CO., LTD.","","Japon","JPX","JPY","23050","100000","XTKS","2183","REGION:ASIA","Volume 23050 < Seuil 100000 (1 cotations testées)"
"9622","SPACE CO. LTD.","","Japon","JPX","JPY","33140","100000","XTKS","9622","REGION:ASIA","Volume 33140 < Seuil 100000 (1 cotations testées)"
"2937","ST COUSAIR CO., LTD.","","Japon","JPX","JPY","21000","100000","XTKS","2937","REGION:ASIA","Volume 21000 < Seuil 100000 (1 cotations testées)"
"2185","CMC CORPORATION","","Japon","JPX","JPY","1330","100000","XTKS","2185","REGION:ASIA","Volume 1330 < Seuil 100000 (1 cotations testées)"
"5079","NOVAC CO., LTD.","","Japon","JPX","JPY","13160","100000","XTKS","5079","REGION:ASIA","Volume 13160 < Seuil 100000 (1 cotations testées)"
"2217","MOROZOFF LTD.","","Japon","JPX","JPY","30300","100000","XTKS","2217","REGION:ASIA","Volume 30300 < Seuil 100000 (1 cotations testées)"
"9561","GLAD CUBE INC.","","Japon","JPX","JPY","4160","100000","XTKS","9561","REGION:ASIA","Volume 4160 < Seuil 100000 (1 cotations testées)"
"9560","PROGRIT INC.","","Japon","JPX","JPY","37800","100000","XTKS","9560","REGION:ASIA","Volume 37800 < Seuil 100000 (1 cotations testées)"
"2218@S","NICHIRYO BAKING CO","","Japon","JPX","JPY","770","100000","XTKS","2218@S","REGION:ASIA","Volume 770 < Seuil 100000 (1 cotations testées)"
"8704","TRADERS HOLDINGS CO., LTD.","","Japon","JPX","JPY","85000","100000","XTKS","8704","REGION:ASIA","Volume 85000 < Seuil 100000 (1 cotations testées)"
"2281","PRIMA MEAT PACKERS LTD.","","Japon","JPX","JPY","16000","100000","XTKS","2281","REGION:ASIA","Volume 16000 < Seuil 100000 (1 cotations testées)"
"9535","HIROSHIMA GAS CO., LTD.","","Japon","JPX","JPY","94110","100000","XTKS","9535","REGION:ASIA","Volume 94110 < Seuil 100000 (1 cotations testées)"
"9534","HOKKAIDO GAS CO., LTD.","","Japon","JPX","JPY","99220","100000","XTKS","9534","REGION:ASIA","Volume 99220 < Seuil 100000 (1 cotations testées)"
"292A","SIE CO. LTD.","","Japon","JPX","JPY","0","100000","XTKS","292A","REGION:ASIA","Volume 0 < Seuil 100000 (1 cotations testées)"
"8713","FIDEA HOLDINGS CO., LTD.","","Japon","JPX","JPY","58600","100000","XTKS","8713","REGION:ASIA","Volume 58600 < Seuil 100000 (1 cotations testées)"
"2286","HAYASHIKANE SANGYO CO., LTD.","","Japon","JPX","JPY","15000","100000","XTKS","2286","REGION:ASIA","Volume 15000 < Seuil 100000 (1 cotations testées)"
"2927","AFC-HD AMS LIFE SCIENCE CO., LTD.","","Japon","JPX","JPY","18690","100000","XTKS","2927","REGION:ASIA","Volume 18690 < Seuil 100000 (1 cotations testées)"
"2925","PICKLES CORPORATION","","Japon","JPX","JPY","16040","100000","XTKS","2925","REGION:ASIA","Volume 16040 < Seuil 100000 (1 cotations testées)"
"2924","IFUJI SANGYO CO., LTD.","","Japon","JPX","JPY","3630","100000","XTKS","2924","REGION:ASIA","Volume 3630 < Seuil 100000 (1 cotations testées)"
"2923","SATO FOODS CO., LTD.","","Japon","JPX","JPY","2000","100000","XTKS","2923","REGION:ASIA","Volume 2000 < Seuil 100000 (1 cotations testées)"
"2922","NATORI CO., LTD.","","Japon","JPX","JPY","23890","100000","XTKS","2922","REGION:ASIA","Volume 23890 < Seuil 100000 (1 cotations testées)"
"291A","RESKILL CORP","","Japon","JPX","JPY","2260","100000","XTKS","291A","REGION:ASIA","Volume 2260 < Seuil 100000 (1 cotations testées)"
"8737","AKATSUKI CORP","","Japon","JPX","JPY","40970","100000","XTKS","8737","REGION:ASIA","Volume 40970 < Seuil 100000 (1 cotations testées)"
"8739","SPARX GROUP CO., LTD.","","Japon","JPX","JPY","92710","100000","XTKS","8739","REGION:ASIA","Volume 92710 < Seuil 100000 (1 cotations testées)"
"226A","KATSU MI JAPAN INC.","","Japon","JPX","JPY","0","100000","XTKS","226A","REGION:ASIA","Volume 0 < Seuil 100000 (1 cotations testées)"
"8700","MARUHACHI SECURITIES LTD.","","Japon","JPX","JPY","4080","100000","XTKS","8700","REGION:ASIA","Volume 4080 < Seuil 100000 (1 cotations testées)"
"9558","JAPANIACE CO. LTD.","","Japon","JPX","JPY","7140","100000","XTKS","9558","REGION:ASIA","Volume 7140 < Seuil 100000 (1 cotations testées)"
"9557","AIR CLOSET INC.","","Japon","JPX","JPY","1918","100000","XTKS","9557","REGION:ASIA","Volume 1918 < Seuil 100000 (1 cotations testées)"
"2221","IWATSUKA CONFECTIONERY CO., LTD.","","Japon","JPX","JPY","99600","100000","XTKS","2221","REGION:ASIA","Volume 99600 < Seuil 100000 (1 cotations testées)"
"2224","COMO CO. LTD.","","Japon","JPX","JPY","1260","100000","XTKS","2224","REGION:ASIA","Volume 1260 < Seuil 100000 (1 cotations testées)"
"2226","KOIKE-YA INC.","","Japon","JPX","JPY","12350","100000","XTKS","2226","REGION:ASIA","Volume 12350 < Seuil 100000 (1 cotations testées)"
"9556","INTLOOP INC.","","Japon","JPX","JPY","89756","100000","XTKS","9556","REGION:ASIA","Volume 89756 < Seuil 100000 (1 cotations testées)"
"9554","AVIC CO. LTD.","","Japon","JPX","JPY","18340","100000","XTKS","9554","REGION:ASIA","Volume 18340 < Seuil 100000 (1 cotations testées)"
"2934","J FRONTIER CO., LTD.","","Japon","JPX","JPY","16650","100000","XTKS","2934","REGION:ASIA","Volume 16650 < Seuil 100000 (1 cotations testées)"
"9553","MICROAD INC","","Japon","JPX","JPY","43254","100000","XTKS","9553","REGION:ASIA","Volume 43254 < Seuil 100000 (1 cotations testées)"
"2266","ROKKO BUTTER CO., LTD.","","Japon","JPX","JPY","84600","100000","XTKS","2266","REGION:ASIA","Volume 84600 < Seuil 100000 (1 cotations testées)"
"2933","KIBUN FOODS INC.","","Japon","JPX","JPY","29990","100000","XTKS","2933","REGION:ASIA","Volume 29990 < Seuil 100000 (1 cotations testées)"
"2932","STI FOODS HOLDINGS INC.","","Japon","JPX","JPY","9080","100000","XTKS","2932","REGION:ASIA","Volume 9080 < Seuil 100000 (1 cotations testées)"
"9539","KEIYO GAS CO. LTD.","","Japon","JPX","JPY","3750","100000","XTKS","9539","REGION:ASIA","Volume 3750 < Seuil 100000 (1 cotations testées)"
"8699","HS HOLDINGS CO., LTD.","","Japon","JPX","JPY","76910","100000","XTKS","8699","REGION:ASIA","Volume 76910 < Seuil 100000 (1 cotations testées)"
"2268","B-R 31 ICE CREAM CO. LTD.","","Japon","JPX","JPY","11460","100000","XTKS","2268","REGION:ASIA","Volume 11460 < Seuil 100000 (1 cotations testées)"
"9537","HOKURIKU GAS CO., LTD.","","Japon","JPX","JPY","1080","100000","XTKS","9537","REGION:ASIA","Volume 1080 < Seuil 100000 (1 cotations testées)"
"9536","SAIBU GAS HOLDINGS CO., LTD.","","Japon","JPX","JPY","59000","100000","XTKS","9536","REGION:ASIA","Volume 59000 < Seuil 100000 (1 cotations testées)"
"9376","EURASIA TRAVEL CO. LTD.","","Japon","JPX","JPY","2080","100000","XTKS","9376","REGION:ASIA","Volume 2080 < Seuil 100000 (1 cotations testées)"
"2795","NIPPON PRIMEX INC.","","Japon","JPX","JPY","270","100000","XTKS","2795","REGION:ASIA","Volume 270 < Seuil 100000 (1 cotations testées)"
"2340","GOKURAKUYU HOLDINGS CO., LTD.","","Japon","JPX","JPY","32865","100000","XTKS","2340","REGION:ASIA","Volume 32865 < Seuil 100000 (1 cotations testées)"
"2792","HONEYS HOLDINGS CO., LTD.","","Japon","JPX","JPY","63980","100000","XTKS","2792","REGION:ASIA","Volume 63980 < Seuil 100000 (1 cotations testées)"
"8912","AREA QUEST INC.","","Japon","JPX","JPY","12710","100000","XTKS","8912","REGION:ASIA","Volume 12710 < Seuil 100000 (1 cotations testées)"
"2791","DAIKOKUTENBUSSAN CO., LTD.","","Japon","JPX","JPY","56360","100000","XTKS","2791","REGION:ASIA","Volume 56360 < Seuil 100000 (1 cotations testées)"
"2341","ARBEIT-TIMES CO. LTD.","","Japon","JPX","JPY","24480","100000","XTKS","2341","REGION:ASIA","Volume 24480 < Seuil 100000 (1 cotations testées)"
"2790","NAFCO CO., LTD.","","Japon","JPX","JPY","11190","100000","XTKS","2790","REGION:ASIA","Volume 11190 < Seuil 100000 (1 cotations testées)"
"9339","COACH A CO., LTD.","","Japon","JPX","JPY","1490","100000","XTKS","9339","REGION:ASIA","Volume 1490 < Seuil 100000 (1 cotations testées)"
"9369","KRS CORPORATION","","Japon","JPX","JPY","46760","100000","XTKS","9369","REGION:ASIA","Volume 46760 < Seuil 100000 (1 cotations testées)"
"9368","KIMURA UNITY CO., LTD.","","Japon","JPX","JPY","24400","100000","XTKS","9368","REGION:ASIA","Volume 24400 < Seuil 100000 (1 cotations testées)"
"5279","NIHON KOGYO CO. LTD.","","Japon","JPX","JPY","4910","100000","XTKS","5279","REGION:ASIA","Volume 4910 < Seuil 100000 (1 cotations testées)"
"527A","NOSE SHOP INC.","","Japon","JPX","JPY","0","100000","XTKS","527A","REGION:ASIA","Volume 0 < Seuil 100000 (1 cotations testées)"
"5280","YOSHICON CO., LTD.","","Japon","JPX","JPY","8610","100000","XTKS","5280","REGION:ASIA","Volume 8610 < Seuil 100000 (1 cotations testées)"
"8891","AMG HOLDINGS CO. LTD.","","Japon","JPX","JPY","5230","100000","XTKS","8891","REGION:ASIA","Volume 5230 < Seuil 100000 (1 cotations testées)"
"5282","GEOSTR CORP","","Japon","JPX","JPY","47880","100000","XTKS","5282","REGION:ASIA","Volume 47880 < Seuil 100000 (1 cotations testées)"
"5283","TAKAMISAWA COMPANY LTD.","","Japon","JPX","JPY","820","100000","XTKS","5283","REGION:ASIA","Volume 820 < Seuil 100000 (1 cotations testées)"
"9367","DAITO KOUN CO. LTD.","","Japon","JPX","JPY","2350","100000","XTKS","9367","REGION:ASIA","Volume 2350 < Seuil 100000 (1 cotations testées)"
"9380","AZUMA SHIPPING CO., LTD.","","Japon","JPX","JPY","8440","100000","XTKS","9380","REGION:ASIA","Volume 8440 < Seuil 100000 (1 cotations testées)"
"8871","GOLDCREST CO., LTD.","","Japon","JPX","JPY","50370","100000","XTKS","8871","REGION:ASIA","Volume 50370 < Seuil 100000 (1 cotations testées)"
"5302","NIPPON CARBON CO., LTD.","","Japon","JPX","JPY","50150","100000","XTKS","5302","REGION:ASIA","Volume 50150 < Seuil 100000 (1 cotations testées)"
"5261","RESOL HOLDINGS CO., LTD.","","Japon","JPX","JPY","4440","100000","XTKS","5261","REGION:ASIA","Volume 4440 < Seuil 100000 (1 cotations testées)"
"9325","PHYZ HOLDINGS INC.","","Japon","JPX","JPY","5300","100000","XTKS","9325","REGION:ASIA","Volume 5300 < Seuil 100000 (1 cotations testées)"
"5273","MITANI SEKISAN CO., LTD.","","Japon","JPX","JPY","50230","100000","XTKS","5273","REGION:ASIA","Volume 50230 < Seuil 100000 (1 cotations testées)"
"9388@F","PAPANETS CO LTD","","Japon","JPX","JPY","7280","100000","XTKS","9388@F","REGION:ASIA","Volume 7280 < Seuil 100000 (1 cotations testées)"
"279A","INTERG INC.","","Japon","JPX","JPY","0","100000","XTKS","279A","REGION:ASIA","Volume 0 < Seuil 100000 (1 cotations testées)"
"5268","ASAHI CONCRETE WORKS CO., LTD.","","Japon","JPX","JPY","6480","100000","XTKS","5268","REGION:ASIA","Volume 6480 < Seuil 100000 (1 cotations testées)"
"2335","CUBE SYSTEM INC.","","Japon","JPX","JPY","15180","100000","XTKS","2335","REGION:ASIA","Volume 15180 < Seuil 100000 (1 cotations testées)"
"9381","AIT CORP.","","Japon","JPX","JPY","20510","100000","XTKS","9381","REGION:ASIA","Volume 20510 < Seuil 100000 (1 cotations testées)"
"8877","ESLEAD CORPORATION","","Japon","JPX","JPY","25160","100000","XTKS","8877","REGION:ASIA","Volume 25160 < Seuil 100000 (1 cotations testées)"
"5271","TOYO ASANO FOUNDATION CO., LTD.","","Japon","JPX","JPY","740","100000","XTKS","5271","REGION:ASIA","Volume 740 < Seuil 100000 (1 cotations testées)"
"2796","PHARMARISE HOLDINGS CORP.","","Japon","JPX","JPY","4820","100000","XTKS","2796","REGION:ASIA","Volume 4820 < Seuil 100000 (1 cotations testées)"
"9385","SHOEI CORPORATION","","Japon","JPX","JPY","15800","100000","XTKS","9385","REGION:ASIA","Volume 15800 < Seuil 100000 (1 cotations testées)"
"2351","ASJ INC.","","Japon","JPX","JPY","12570","100000","XTKS","2351","REGION:ASIA","Volume 12570 < Seuil 100000 (1 cotations testées)"
"9366","SANRITSU CORPORATION","","Japon","JPX","JPY","4030","100000","XTKS","9366","REGION:ASIA","Volume 4030 < Seuil 100000 (1 cotations testées)"
"9340","ASO INTERNATIONAL INC.","","Japon","JPX","JPY","5980","100000","XTKS","9340","REGION:ASIA","Volume 5980 < Seuil 100000 (1 cotations testées)"
"9353","SAKURAJIMA FUTO KAISHA LTD.","","Japon","JPX","JPY","4850","100000","XTKS","9353","REGION:ASIA","Volume 4850 < Seuil 100000 (1 cotations testées)"
"9351","TOYO WHARF & WAREHOUSE CO., LTD.","","Japon","JPX","JPY","3850","100000","XTKS","9351","REGION:ASIA","Volume 3850 < Seuil 100000 (1 cotations testées)"
"528A","FREESTYLE INC.","","Japon","JPX","JPY","0","100000","XTKS","528A","REGION:ASIA","Volume 0 < Seuil 100000 (1 cotations testées)"
"5290","VERTEX CORP.","","Japon","JPX","JPY","46320","100000","XTKS","5290","REGION:ASIA","Volume 46320 < Seuil 100000 (1 cotations testées)"
"9347","NIPPON KANZAI HOLDINGS CO. LTD.","","Japon","JPX","JPY","48650","100000","XTKS","9347","REGION:ASIA","Volume 48650 < Seuil 100000 (1 cotations testées)"
"9346","COCORPORT INC.","","Japon","JPX","JPY","4000","100000","XTKS","9346","REGION:ASIA","Volume 4000 < Seuil 100000 (1 cotations testées)"
"2375","GIG WORKS INC.","","Japon","JPX","JPY","27250","100000","XTKS","2375","REGION:ASIA","Volume 27250 < Seuil 100000 (1 cotations testées)"
"9342","SUMASAPO INC.","","Japon","JPX","JPY","6350","100000","XTKS","9342","REGION:ASIA","Volume 6350 < Seuil 100000 (1 cotations testées)"
"2371","KAKAKU.COM INC.","","Japon","JPX","JPY","41600","100000","XTKS","2371","REGION:ASIA","Volume 41600 < Seuil 100000 (1 cotations testées)"
"9345","BIZMATES INC.","","Japon","JPX","JPY","1200","100000","XTKS","9345","REGION:ASIA","Volume 1200 < Seuil 100000 (1 cotations testées)"
"2780","KOMEHYO HOLDINGS CO., LTD.","","Japon","JPX","JPY","50570","100000","XTKS","2780","REGION:ASIA","Volume 50570 < Seuil 100000 (1 cotations testées)"
"9344","AXIS CONSULTING CORP.","","Japon","JPX","JPY","1500","100000","XTKS","9344","REGION:ASIA","Volume 1500 < Seuil 100000 (1 cotations testées)"
"9330","AGEHA INC.","","Japon","JPX","JPY","1150","100000","XTKS","9330","REGION:ASIA","Volume 1150 < Seuil 100000 (1 cotations testées)"
"8917","FIRST JUKEN CO., LTD.","","Japon","JPX","JPY","10190","100000","XTKS","8917","REGION:ASIA","Volume 10190 < Seuil 100000 (1 cotations testées)"
"2373","CARE TWENTYONE CORP.","","Japon","JPX","JPY","7010","100000","XTKS","2373","REGION:ASIA","Volume 7010 < Seuil 100000 (1 cotations testées)"
"9343","IBIS INC.","","Japon","JPX","JPY","24010","100000","XTKS","9343","REGION:ASIA","Volume 24010 < Seuil 100000 (1 cotations testées)"
"8904","AVANTIA CO., LTD.","","Japon","JPX","JPY","11580","100000","XTKS","8904","REGION:ASIA","Volume 11580 < Seuil 100000 (1 cotations testées)"
"8898","CENTURY 21 REAL ESTATE OF JAPAN CO., LTD.","","Japon","JPX","JPY","4180","100000","XTKS","8898","REGION:ASIA","Volume 4180 < Seuil 100000 (1 cotations testées)"
"9341","GENOVA INC.","","Japon","JPX","JPY","78900","100000","XTKS","9341","REGION:ASIA","Volume 78900 < Seuil 100000 (1 cotations testées)"
"2376","SCINEX CORP","","Japon","JPX","JPY","1170","100000","XTKS","2376","REGION:ASIA","Volume 1170 < Seuil 100000 (1 cotations testées)"
"2391","PLANET INC.","","Japon","JPX","JPY","5120","100000","XTKS","2391","REGION:ASIA","Volume 5120 < Seuil 100000 (1 cotations testées)"
"8908","MAINICHI COMNET CO., LTD.","","Japon","JPX","JPY","8720","100000","XTKS","8908","REGION:ASIA","Volume 8720 < Seuil 100000 (1 cotations testées)"
"5284","YAMAU HOLDINGS CO., LTD.","","Japon","JPX","JPY","32600","100000","XTKS","5284","REGION:ASIA","Volume 32600 < Seuil 100000 (1 cotations testées)"
"9326","KANTSU CO., LTD.","","Japon","JPX","JPY","81220","100000","XTKS","9326","REGION:ASIA","Volume 81220 < Seuil 100000 (1 cotations testées)"
"9365","TRADIA CORPORATION","","Japon","JPX","JPY","1310","100000","XTKS","9365","REGION:ASIA","Volume 1310 < Seuil 100000 (1 cotations testées)"
"5285","YAMAX CORP","","Japon","JPX","JPY","96730","100000","XTKS","5285","REGION:ASIA","Volume 96730 < Seuil 100000 (1 cotations testées)"
"9363","DAIUN CO., LTD.","","Japon","JPX","JPY","7410","100000","XTKS","9363","REGION:ASIA","Volume 7410 < Seuil 100000 (1 cotations testées)"
"9362","HYOKI KAIUN KAISHA LTD.","","Japon","JPX","JPY","310","100000","XTKS","9362","REGION:ASIA","Volume 310 < Seuil 100000 (1 cotations testées)"
"9327","E-LOGIT CO., LTD.","","Japon","JPX","JPY","19510","100000","XTKS","9327","REGION:ASIA","Volume 19510 < Seuil 100000 (1 cotations testées)"
"9361","FUSHIKI KAIRIKU UNSO CO., LTD.","","Japon","JPX","JPY","900","100000","XTKS","9361","REGION:ASIA","Volume 900 < Seuil 100000 (1 cotations testées)"
"2385","SOIKEN HOLDINGS INC.","","Japon","JPX","JPY","56210","100000","XTKS","2385","REGION:ASIA","Volume 56210 < Seuil 100000 (1 cotations testées)"
"9360","SUZUYO SHINWART CORPORATION","","Japon","JPX","JPY","920","100000","XTKS","9360","REGION:ASIA","Volume 920 < Seuil 100000 (1 cotations testées)"
"5287","ITO YOGYO CO., LTD.","","Japon","JPX","JPY","12170","100000","XTKS","5287","REGION:ASIA","Volume 12170 < Seuil 100000 (1 cotations testées)"
"9331","CASTER CO. LTD.","","Japon","JPX","JPY","2750","100000","XTKS","9331","REGION:ASIA","Volume 2750 < Seuil 100000 (1 cotations testées)"
"9355","RINKO CORPORATION","","Japon","JPX","JPY","640","100000","XTKS","9355","REGION:ASIA","Volume 640 < Seuil 100000 (1 cotations testées)"
"525A","MANEBÃ­","","Japon","JPX","JPY","0","100000","XTKS","525A","REGION:ASIA","Volume 0 < Seuil 100000 (1 cotations testées)"
"2804","BULL-DOG SAUCE CO., LTD.","","Japon","JPX","JPY","1315","100000","XTKS","2804","REGION:ASIA","Volume 1315 < Seuil 100000 (1 cotations testées)"
"2332","QUEST CO., LTD.","","Japon","JPX","JPY","16330","100000","XTKS","2332","REGION:ASIA","Volume 16330 < Seuil 100000 (1 cotations testées)"
"2304","CSS HOLDINGS LTD.","","Japon","JPX","JPY","5680","100000","XTKS","2304","REGION:ASIA","Volume 5680 < Seuil 100000 (1 cotations testées)"
"5237","NOZAWA CORP","","Japon","JPX","JPY","2850","100000","XTKS","5237","REGION:ASIA","Volume 2850 < Seuil 100000 (1 cotations testées)"
"2305","STUDIO ALICE CO., LTD.","","Japon","JPX","JPY","27130","100000","XTKS","2305","REGION:ASIA","Volume 27130 < Seuil 100000 (1 cotations testées)"
"9417","SMARTVALUE CO., LTD.","","Japon","JPX","JPY","13450","100000","XTKS","9417","REGION:ASIA","Volume 13450 < Seuil 100000 (1 cotations testées)"
"8841","TOC CO. LTD.","","Japon","JPX","JPY","95140","100000","XTKS","8841","REGION:ASIA","Volume 95140 < Seuil 100000 (1 cotations testées)"
"2311","EPCO CO., LTD.","","Japon","JPX","JPY","17780","100000","XTKS","2311","REGION:ASIA","Volume 17780 < Seuil 100000 (1 cotations testées)"
"9319","CHUO WAREHOUSE CO., LTD.","","Japon","JPX","JPY","15890","100000","XTKS","9319","REGION:ASIA","Volume 15890 < Seuil 100000 (1 cotations testées)"
"8844","COSMOS INITIA CO., LTD.","","Japon","JPX","JPY","65750","100000","XTKS","8844","REGION:ASIA","Volume 65750 < Seuil 100000 (1 cotations testées)"
"8850","STARTS CORPORATION INC.","","Japon","JPX","JPY","54390","100000","XTKS","8850","REGION:ASIA","Volume 54390 < Seuil 100000 (1 cotations testées)"
"5240","MONOAI TECHNOLOGY CO. LTD.","","Japon","JPX","JPY","10116","100000","XTKS","5240","REGION:ASIA","Volume 10116 < Seuil 100000 (1 cotations testées)"
"2816","DAISHO CO., LTD.","","Japon","JPX","JPY","1490","100000","XTKS","2816","REGION:ASIA","Volume 1490 < Seuil 100000 (1 cotations testées)"
"9414","NIPPON BS BROADCASTING CORPORATION","","Japon","JPX","JPY","15670","100000","XTKS","9414","REGION:ASIA","Volume 15670 < Seuil 100000 (1 cotations testées)"
"8860","FUJI CORPORATION LTD.","","Japon","JPX","JPY","48100","100000","XTKS","8860","REGION:ASIA","Volume 48100 < Seuil 100000 (1 cotations testées)"
"239A","BALLEGGS CO. LTD.","","Japon","JPX","JPY","0","100000","XTKS","239A","REGION:ASIA","Volume 0 < Seuil 100000 (1 cotations testées)"
"9419","WIRELESSGATE INC.","","Japon","JPX","JPY","10710","100000","XTKS","9419","REGION:ASIA","Volume 10710 < Seuil 100000 (1 cotations testées)"
"9421","NJ HOLDINGS INC.","","Japon","JPX","JPY","3220","100000","XTKS","9421","REGION:ASIA","Volume 3220 < Seuil 100000 (1 cotations testées)"
"5218","OHARA INC.","","Japon","JPX","JPY","79130","100000","XTKS","5218","REGION:ASIA","Volume 79130 < Seuil 100000 (1 cotations testées)"
"2831","HAGOROMO FOODS CORPORATION","","Japon","JPX","JPY","2980","100000","XTKS","2831","REGION:ASIA","Volume 2980 < Seuil 100000 (1 cotations testées)"
"9428","CROPS CORPORATION","","Japon","JPX","JPY","600","100000","XTKS","9428","REGION:ASIA","Volume 600 < Seuil 100000 (1 cotations testées)"
"2820","YAMAMI CO.","","Japon","JPX","JPY","26240","100000","XTKS","2820","REGION:ASIA","Volume 26240 < Seuil 100000 (1 cotations testées)"
"2301","GAKUJO CO., LTD.","","Japon","JPX","JPY","87680","100000","XTKS","2301","REGION:ASIA","Volume 87680 < Seuil 100000 (1 cotations testées)"
"2303","DAWN CORPORATION","","Japon","JPX","JPY","15320","100000","XTKS","2303","REGION:ASIA","Volume 15320 < Seuil 100000 (1 cotations testées)"
"2805","S & B FOODS INC.","","Japon","JPX","JPY","48200","100000","XTKS","2805","REGION:ASIA","Volume 48200 < Seuil 100000 (1 cotations testées)"
"9313","MARUHACHI WAREHOUSE CO., LTD.","","Japon","JPX","JPY","4780","100000","XTKS","9313","REGION:ASIA","Volume 4780 < Seuil 100000 (1 cotations testées)"
"2819","EBARA FOODS INDUSTRY INC.","","Japon","JPX","JPY","8927","100000","XTKS","2819","REGION:ASIA","Volume 8927 < Seuil 100000 (1 cotations testées)"
"9423","FORVAL REALSTRAIGHT INC.","","Japon","JPX","JPY","62080","100000","XTKS","9423","REGION:ASIA","Volume 62080 < Seuil 100000 (1 cotations testées)"
"8920","TOSHO CO., LTD.","","Japon","JPX","JPY","55620","100000","XTKS","8920","REGION:ASIA","Volume 55620 < Seuil 100000 (1 cotations testées)"
"8835","TAIHEIYO KOUHATSU INC.","","Japon","JPX","JPY","29280","100000","XTKS","8835","REGION:ASIA","Volume 29280 < Seuil 100000 (1 cotations testées)"
"8836","RISE INC.","","Japon","JPX","JPY","69690","100000","XTKS","8836","REGION:ASIA","Volume 69690 < Seuil 100000 (1 cotations testées)"
"2404","TETSUJIN HOLDINGS INC.","","Japon","JPX","JPY","14570","100000","XTKS","2404","REGION:ASIA","Volume 14570 < Seuil 100000 (1 cotations testées)"
"2818","PIETRO CO. LTD.","","Japon","JPX","JPY","2950","100000","XTKS","2818","REGION:ASIA","Volume 2950 < Seuil 100000 (1 cotations testées)"
"522A","COEL INC.","","Japon","JPX","JPY","0","100000","XTKS","522A","REGION:ASIA","Volume 0 < Seuil 100000 (1 cotations testées)"
"9332","NISSO HOLDINGS CO., LTD.","","Japon","JPX","JPY","77660","100000","XTKS","9332","REGION:ASIA","Volume 77660 < Seuil 100000 (1 cotations testées)"
"9413","TV TOKYO HOLDINGS CORPORATION","","Japon","JPX","JPY","67390","100000","XTKS","9413","REGION:ASIA","Volume 67390 < Seuil 100000 (1 cotations testées)"
"524A","TAMURA BUILDS GROUP CO.,LTD","","Japon","JPX","JPY","0","100000","XTKS","524A","REGION:ASIA","Volume 0 < Seuil 100000 (1 cotations testées)"
"2326","DIGITAL ARTS INC.","","Japon","JPX","JPY","1000","100000","XTKS","2326","REGION:ASIA","Volume 1000 < Seuil 100000 (1 cotations testées)"
"5250","PRIME STRATEGY CO., LTD.","","Japon","JPX","JPY","23200","100000","XTKS","5250","REGION:ASIA","Volume 23200 < Seuil 100000 (1 cotations testées)"
"2327","NS SOLUTIONS CORPORATION","","Japon","JPX","JPY","30000","100000","XTKS","2327","REGION:ASIA","Volume 30000 < Seuil 100000 (1 cotations testées)"
"2810","HOUSE FOODS GROUP INC.","","Japon","JPX","JPY","4500","100000","XTKS","2810","REGION:ASIA","Volume 4500 < Seuil 100000 (1 cotations testées)"
"5252","NIHON KNOWLEDGE CO., LTD.","","Japon","JPX","JPY","13030","100000","XTKS","5252","REGION:ASIA","Volume 13030 < Seuil 100000 (1 cotations testées)"
"5304","SEC CARBON, LTD.","","Japon","JPX","JPY","25530","100000","XTKS","5304","REGION:ASIA","Volume 25530 < Seuil 100000 (1 cotations testées)"
"9405","ASAHI BROADCASTING GROUP HOLDINGS CORPORATION","","Japon","JPX","JPY","37730","100000","XTKS","9405","REGION:ASIA","Volume 37730 < Seuil 100000 (1 cotations testées)"
"5256","FUSIC CO., LTD.","","Japon","JPX","JPY","2450","100000","XTKS","5256","REGION:ASIA","Volume 2450 < Seuil 100000 (1 cotations testées)"
"2809","KEWPIE CORPORATION","","Japon","JPX","JPY","12037","100000","XTKS","2809","REGION:ASIA","Volume 12037 < Seuil 100000 (1 cotations testées)"
"2806","YUTAKA FOODS CORPORATION","","Japon","JPX","JPY","6726","100000","XTKS","2806","REGION:ASIA","Volume 6726 < Seuil 100000 (1 cotations testées)"
"5254","ARENT INC.","","Japon","JPX","JPY","34246","100000","XTKS","5254","REGION:ASIA","Volume 34246 < Seuil 100000 (1 cotations testées)"
"276A","CCREB ADVISORS INC.","","Japon","JPX","JPY","40620","100000","XTKS","276A","REGION:ASIA","Volume 40620 < Seuil 100000 (1 cotations testées)"
"9322","KAWANISHI WAREHOUSE CO., LTD.","","Japon","JPX","JPY","3470","100000","XTKS","9322","REGION:ASIA","Volume 3470 < Seuil 100000 (1 cotations testées)"
"231A@F","CROSS E HOLDINGS CORPORATION LI","","Japon","JPX","JPY","720","100000","XTKS","231A@F","REGION:ASIA","Volume 720 < Seuil 100000 (1 cotations testées)"
"9337","TORIDORI INC.","","Japon","JPX","JPY","22370","100000","XTKS","9337","REGION:ASIA","Volume 22370 < Seuil 100000 (1 cotations testées)"
"2815","ARIAKE JAPAN CO., LTD.","","Japon","JPX","JPY","97900","100000","XTKS","2815","REGION:ASIA","Volume 97900 < Seuil 100000 (1 cotations testées)"
"2325","NJS CO., LTD.","","Japon","JPX","JPY","23890","100000","XTKS","2325","REGION:ASIA","Volume 23890 < Seuil 100000 (1 cotations testées)"
"9408","BSN MEDIA HOLDINGS INC.","","Japon","JPX","JPY","520","100000","XTKS","9408","REGION:ASIA","Volume 520 < Seuil 100000 (1 cotations testées)"
"8869","MEIWA ESTATE CO., LTD.","","Japon","JPX","JPY","53500","100000","XTKS","8869","REGION:ASIA","Volume 53500 < Seuil 100000 (1 cotations testées)"
"2814","SATO FOODS INDUSTRIES CO., LTD.","","Japon","JPX","JPY","870","100000","XTKS","2814","REGION:ASIA","Volume 870 < Seuil 100000 (1 cotations testées)"
"2323","FONFUN CORPORATION","","Japon","JPX","JPY","0","100000","XTKS","2323","REGION:ASIA","Volume 0 < Seuil 100000 (1 cotations testées)"
"8864","AIRPORT FACILITIES CO., LTD.","","Japon","JPX","JPY","76730","100000","XTKS","8864","REGION:ASIA","Volume 76730 < Seuil 100000 (1 cotations testées)"
"2813","WAKOU SHOKUHIN CO., LTD.","","Japon","JPX","JPY","1310","100000","XTKS","2813","REGION:ASIA","Volume 1310 < Seuil 100000 (1 cotations testées)"
"9407@F","RKB MAINICHI HOLDINGS CORP","","Japon","JPX","JPY","280","100000","XTKS","9407@F","REGION:ASIA","Volume 280 < Seuil 100000 (1 cotations testées)"
"2769","VILLAGE VANGUARD CO., LTD.","","Japon","JPX","JPY","3550","100000","XTKS","2769","REGION:ASIA","Volume 3550 < Seuil 100000 (1 cotations testées)"
"8645","BYTE METAVERSE HOLDINGS LTD.","","Hong Kong","HKEX","HKD","26400","100000","XHKG","8645","MIC:XHKG","Volume 26400 < Seuil 100000 (1 cotations testées)"
"8631","SUN KONG HOLDINGS LTD.","","Hong Kong","HKEX","HKD","0","100000","XHKG","8631","MIC:XHKG","Volume 0 < Seuil 100000 (1 cotations testées)"
"7","HONG KONG FINANCE INVESTMENT HOLDING GROUP LIMITED","","Hong Kong","HKEX","HKD","0","100000","XHKG","0007","MIC:XHKG","Volume 0 < Seuil 100000 (1 cotations testées)"
"6966","CHINA WAN TONG YUAN HOLDINGS LTD.","","Hong Kong","HKEX","HKD","12000","100000","XHKG","6966","MIC:XHKG","Volume 12000 < Seuil 100000 (1 cotations testées)"
"8597","ZHONGHUA GAS HOLDINGS LIMITED","","Hong Kong","HKEX","HKD","1000","100000","XHKG","8597","MIC:XHKG","Volume 1000 < Seuil 100000 (1 cotations testées)"
"9876","OCEAN ONE HOLDING LTD.","","Hong Kong","HKEX","HKD","72400","100000","XHKG","9876","MIC:XHKG","Volume 72400 < Seuil 100000 (2 cotations testées)"
"52","FAIRWOOD HOLDINGS LIMITED","","Hong Kong","HKEX","HKD","53079","100000","XHKG","0052","MIC:XHKG","Volume 53079 < Seuil 100000 (1 cotations testées)"
"8613","ORIENTAL PAYMENT GROUP HOLDINGS LIMITED","","Hong Kong","HKEX","HKD","70000","100000","XHKG","8613","MIC:XHKG","Volume 70000 < Seuil 100000 (1 cotations testées)"
"8451","SUNLIGHT 1977 HOLDINGS LTD.","","Hong Kong","HKEX","HKD","77000","100000","XHKG","8451","MIC:XHKG","Volume 77000 < Seuil 100000 (1 cotations testées)"
"8511","MIN FU INTERNATIONAL HOLDING CO., LTD.","","Hong Kong","HKEX","HKD","0","100000","XHKG","8511","MIC:XHKG","Volume 0 < Seuil 100000 (1 cotations testées)"
"2976","MEXAN LIMITED","","Hong Kong","HKEX","HKD","78526","100000","XHKG","2976","MIC:XHKG","Volume 78526 < Seuil 100000 (2 cotations testées)"
"8629","GUANGDONG SYNTRUST GK TESTING CO., LTD.","","Hong Kong","HKEX","HKD","1650","100000","XHKG","8629","MIC:XHKG","Volume 1650 < Seuil 100000 (1 cotations testées)"
"8601","BOLTEK HOLDINGS LTD.","","Hong Kong","HKEX","HKD","14000","100000","XHKG","8601","MIC:XHKG","Volume 14000 < Seuil 100000 (1 cotations testées)"
"8510","TOP STANDARD CORPORATION","","Hong Kong","HKEX","HKD","14000","100000","XHKG","8510","MIC:XHKG","Volume 14000 < Seuil 100000 (1 cotations testées)"
"29","DYNAMIC HOLDINGS LIMITED","","Hong Kong","HKEX","HKD","32853","100000","XHKG","0029","MIC:XHKG","Volume 32853 < Seuil 100000 (1 cotations testées)"
"6959","CHANGJIU HOLDINGS LTD.","","Hong Kong","HKEX","HKD","3220","100000","XHKG","6959","MIC:XHKG","Volume 3220 < Seuil 100000 (1 cotations testées)"
"8610","BBSB INTERNATIONAL LIMITED","","Hong Kong","HKEX","HKD","68400","100000","XHKG","8610","MIC:XHKG","Volume 68400 < Seuil 100000 (1 cotations testées)"
"6999","LEADING HOLDINGS GROUP LTD.","","Hong Kong","HKEX","HKD","0","100000","XHKG","6999","MIC:XHKG","Volume 0 < Seuil 100000 (1 cotations testées)"
"8592","POLYFAIR HOLDINGS LIMITED","","Hong Kong","HKEX","HKD","0","100000","XHKG","8592","MIC:XHKG","Volume 0 < Seuil 100000 (1 cotations testées)"
"8472","LAPCO HOLDINGS LTD.","","Hong Kong","HKEX","HKD","15600","100000","XHKG","8472","MIC:XHKG","Volume 15600 < Seuil 100000 (1 cotations testées)"
"8521","WEBX INTERNATIONAL HOLDINGS","","Hong Kong","HKEX","HKD","9000","100000","XHKG","8521","MIC:XHKG","Volume 9000 < Seuil 100000 (1 cotations testées)"
"8493","DRAGON KING GROUP HOLDINGS LIMITED","","Hong Kong","HKEX","HKD","0","100000","XHKG","8493","MIC:XHKG","Volume 0 < Seuil 100000 (1 cotations testées)"
"8519","XINXIANG ERA GROUP COMPANY LTD.","","Hong Kong","HKEX","HKD","56500","100000","XHKG","8519","MIC:XHKG","Volume 56500 < Seuil 100000 (1 cotations testées)"
"8471","REACH NEW HOLDINGS LTD.","","Hong Kong","HKEX","HKD","27050","100000","XHKG","8471","MIC:XHKG","Volume 27050 < Seuil 100000 (1 cotations testées)"
"8495","1957 & CO. HOSPITALITY LTD.","","Hong Kong","HKEX","HKD","4400","100000","XHKG","8495","MIC:XHKG","Volume 4400 < Seuil 100000 (1 cotations testées)"
"8475","E-STATION GREEN TECHNOLOGY GROUP INC.","","Hong Kong","HKEX","HKD","0","100000","XHKG","8475","MIC:XHKG","Volume 0 < Seuil 100000 (1 cotations testées)"
"8525","BAIYING HOLDINGS GROUP LTD.","","Hong Kong","HKEX","HKD","0","100000","XHKG","8525","MIC:XHKG","Volume 0 < Seuil 100000 (1 cotations testées)"
"8481","SHENGLONG SPLENDECOR INTERNATIONAL LTD.","","Hong Kong","HKEX","HKD","500","100000","XHKG","8481","MIC:XHKG","Volume 500 < Seuil 100000 (1 cotations testées)"
"8657","TRUE PARTNER CAPITAL HOLDING LIMITED","","Hong Kong","HKEX","HKD","68000","100000","XHKG","8657","MIC:XHKG","Volume 68000 < Seuil 100000 (1 cotations testées)"
"8496","GLOBAL UNICHIP CORP.","","Hong Kong","HKEX","HKD","0","100000","XHKG","8496","MIC:XHKG","Volume 0 < Seuil 100000 (1 cotations testées)"
"46","COMPUTER AND TECHNOLOGIES HOLDINGS LIMITED","","Hong Kong","HKEX","HKD","8000","100000","XHKG","0046","MIC:XHKG","Volume 8000 < Seuil 100000 (1 cotations testées)"
"8586","ZIJIN INTERNATIONAL GROUP CO., LTD.","","Hong Kong","HKEX","HKD","0","100000","XHKG","8586","MIC:XHKG","Volume 0 < Seuil 100000 (1 cotations testées)"
"8462","OMNIBRIDGE HOLDINGS LTD.","","Hong Kong","HKEX","HKD","34000","100000","XHKG","8462","MIC:XHKG","Volume 34000 < Seuil 100000 (1 cotations testées)"
"8587","WAN LEADER INTERNATIONAL LIMITED","","Hong Kong","HKEX","HKD","0","100000","XHKG","8587","MIC:XHKG","Volume 0 < Seuil 100000 (1 cotations testées)"
"8509","WINE'S LINK INTERNATIONAL HOLDINGS LTD.","","Hong Kong","HKEX","HKD","25600","100000","XHKG","8509","MIC:XHKG","Volume 25600 < Seuil 100000 (1 cotations testées)"
"8591","MAXWIN INTERNATIONAL HOLDINGS LIMITED","","Hong Kong","HKEX","HKD","1400","100000","XHKG","8591","MIC:XHKG","Volume 1400 < Seuil 100000 (1 cotations testées)"
"8513","MAXWIN INTERNATIONAL HOLDING LIMITED","","Hong Kong","HKEX","HKD","10200","100000","XHKG","8513","MIC:XHKG","Volume 10200 < Seuil 100000 (1 cotations testées)"
"28","TIAN AN CHINA INVESTMENTS COMPANY LIMITED","","Hong Kong","HKEX","HKD","48000","100000","XHKG","0028","MIC:XHKG","Volume 48000 < Seuil 100000 (1 cotations testées)"
"8500","ICON CULTURE GLOBAL CO., LTD.","","Hong Kong","HKEX","HKD","0","100000","XHKG","8500","MIC:XHKG","Volume 0 < Seuil 100000 (1 cotations testées)"
"8566","WS-SK TARGET GROUP LIMITED","","Hong Kong","HKEX","HKD","0","100000","XHKG","8566","MIC:XHKG","Volume 0 < Seuil 100000 (1 cotations testées)"
"8501","SANBASE CORPORATION LIMITED","","Hong Kong","HKEX","HKD","4800","100000","XHKG","8501","MIC:XHKG","Volume 4800 < Seuil 100000 (1 cotations testées)"
"53","GUOCO GROUP LIMITED","","Hong Kong","HKEX","HKD","5189","100000","XHKG","0053","MIC:XHKG","Volume 5189 < Seuil 100000 (1 cotations testées)"
"8668","YING HAI GROUP HOLDINGS CO LTD.","","Hong Kong","HKEX","HKD","50000","100000","XHKG","8668","MIC:XHKG","Volume 50000 < Seuil 100000 (1 cotations testées)"
"8319","EXPERT SYSTEMS HOLDINGS LTD.","","Hong Kong","HKEX","HKD","34000","100000","XHKG","8319","MIC:XHKG","Volume 34000 < Seuil 100000 (1 cotations testées)"
"8147","MILLENNIUM PACIFIC GROUP HOLDINGS LIMITED","","Hong Kong","HKEX","HKD","48450","100000","XHKG","8147","MIC:XHKG","Volume 48450 < Seuil 100000 (1 cotations testées)"
"8148","WUXI LIFE INTERNATIONAL HOLDINGS LTD.","","Hong Kong","HKEX","HKD","4000","100000","XHKG","8148","MIC:XHKG","Volume 4000 < Seuil 100000 (1 cotations testées)"
"8149","ALTUS HOLDINGS LIMITED","","Hong Kong","HKEX","HKD","27000","100000","XHKG","8149","MIC:XHKG","Volume 27000 < Seuil 100000 (1 cotations testées)"
"8152","M&L HOLDINGS GROUP LTD.","","Hong Kong","HKEX","HKD","29000","100000","XHKG","8152","MIC:XHKG","Volume 29000 < Seuil 100000 (1 cotations testées)"
"8153","JIADING INTERNATIONAL GROUP CO., LTD.","","Hong Kong","HKEX","HKD","80000","100000","XHKG","8153","MIC:XHKG","Volume 80000 < Seuil 100000 (1 cotations testées)"
"8156","SINOPHARM TECH HOLDINGS LTD.","","Hong Kong","HKEX","HKD","13000","100000","XHKG","8156","MIC:XHKG","Volume 13000 < Seuil 100000 (1 cotations testées)"
"8159","CHINA UNITED VENTURE INVESTMENT LTD.","","Hong Kong","HKEX","HKD","67000","100000","XHKG","8159","MIC:XHKG","Volume 67000 < Seuil 100000 (1 cotations testées)"
"8161","MEDINET GROUP LTD.","","Hong Kong","HKEX","HKD","0","100000","XHKG","8161","MIC:XHKG","Volume 0 < Seuil 100000 (1 cotations testées)"
"8169","ECO-TEK HOLDINGS LTD.","","Hong Kong","HKEX","HKD","51000","100000","XHKG","8169","MIC:XHKG","Volume 51000 < Seuil 100000 (1 cotations testées)"
"8172","LAJIN ENTERTAINMENT NETWORK LIMITED","","Hong Kong","HKEX","HKD","0","100000","XHKG","8172","MIC:XHKG","Volume 0 < Seuil 100000 (1 cotations testées)"
"8178","CHINA INFORMATION TECHNOLOGY DEVELOPMENT LTD.","","Hong Kong","HKEX","HKD","52980","100000","XHKG","8178","MIC:XHKG","Volume 52980 < Seuil 100000 (1 cotations testées)"
"8181","SHI SHI SERVICES LTD.","","Hong Kong","HKEX","HKD","12800","100000","XHKG","8181","MIC:XHKG","Volume 12800 < Seuil 100000 (1 cotations testées)"
"8143","GOOD FELLOW HEALTHCARE HOLDINGS LTD.","","Hong Kong","HKEX","HKD","48690","100000","XHKG","8143","MIC:XHKG","Volume 48690 < Seuil 100000 (1 cotations testées)"
"8139","ZHEJIANG CHANGAN RENHENG TECHNOLOGY CO. LTD.","","Hong Kong","HKEX","HKD","26600","100000","XHKG","8139","MIC:XHKG","Volume 26600 < Seuil 100000 (1 cotations testées)"
"8003","GREAT WORLD COMPANY HOLDINGS LTD.","","Hong Kong","HKEX","HKD","8800","100000","XHKG","8003","MIC:XHKG","Volume 8800 < Seuil 100000 (1 cotations testées)"
"81211","BYD CO. LTD.","","Hong Kong","HKEX","CNY","8395","100000","XHKG","81211","MIC:XHKG","Volume 8395 < Seuil 100000 (1 cotations testées)"
"8125","ROYAL CENTURY RESOURCES HOLDINGS LTD.","","Hong Kong","HKEX","HKD","94784","100000","XHKG","8125","MIC:XHKG","Volume 94784 < Seuil 100000 (1 cotations testées)"
"81299","AIA GROUP LTD.","","Hong Kong","HKEX","CNY","5400","100000","XHKG","81299","MIC:XHKG","Volume 5400 < Seuil 100000 (1 cotations testées)"
"8130","DADI INTERNATIONAL GROUP LTD.","","Hong Kong","HKEX","HKD","0","100000","XHKG","8130","MIC:XHKG","Volume 0 < Seuil 100000 (1 cotations testées)"
"8133","JISHENG GROUP HOLDINGS LTD.","","Hong Kong","HKEX","HKD","16000","100000","XHKG","8133","MIC:XHKG","Volume 16000 < Seuil 100000 (1 cotations testées)"
"8140","BOSA TECHNOLOGY HOLDINGS LTD.","","Hong Kong","HKEX","HKD","20000","100000","XHKG","8140","MIC:XHKG","Volume 20000 < Seuil 100000 (1 cotations testées)"
"8053","PIZU GROUP HOLDINGS LIMITED","","Hong Kong","HKEX","HKD","92500","100000","XHKG","8053","MIC:XHKG","Volume 92500 < Seuil 100000 (2 cotations testées)"
"9898","WEIBO CORPORATION","","Hong Kong","HKEX","HKD","76224","100000","XHKG","9898","MIC:XHKG","Volume 76224 < Seuil 100000 (1 cotations testées)"
"9906","HONLIV HEALTHCARE MANAGEMENT, INC.","","Hong Kong","HKEX","HKD","0","100000","XHKG","9906","MIC:XHKG","Volume 0 < Seuil 100000 (1 cotations testées)"
"8205","SHANGHAI JIAODA WITHUB INFORMATION INDUSTRIAL COMPANY LIMITED","","Hong Kong","HKEX","HKD","0","100000","XHKG","8205","MIC:XHKG","Volume 0 < Seuil 100000 (1 cotations testées)"
"8206","SHENTONG ROBOT EDUCATION GROUP LIMITED","","Hong Kong","HKEX","HKD","0","100000","XHKG","8206","MIC:XHKG","Volume 0 < Seuil 100000 (1 cotations testées)"
"9909","POWERLONG COMMERCIAL MANAGEMENT HOLDINGS LTD.","","Hong Kong","HKEX","HKD","35350","100000","XHKG","9909","MIC:XHKG","Volume 35350 < Seuil 100000 (1 cotations testées)"
"9882","BEST LINKING GROUP HOLDINGS LIMITED","","Hong Kong","HKEX","HKD","14600","100000","XHKG","9882","MIC:XHKG","Volume 14600 < Seuil 100000 (1 cotations testées)"
"9857","LINMON MEDIA LTD.","","Hong Kong","HKEX","HKD","21870","100000","XHKG","9857","MIC:XHKG","Volume 21870 < Seuil 100000 (1 cotations testées)"
"9860","ADICON HOLDINGS LTD","","Hong Kong","HKEX","HKD","95350","100000","XHKG","9860","MIC:XHKG","Volume 95350 < Seuil 100000 (1 cotations testées)"
"9881","RONGTA TECHNOLOGY XIAMEN GROUP CO. LTD.","","Hong Kong","HKEX","HKD","0","100000","XHKG","9881","MIC:XHKG","Volume 0 < Seuil 100000 (1 cotations testées)"
"8200","SAU SAN TONG HOLDINGS LTD.","","Hong Kong","HKEX","HKD","29750","100000","XHKG","8200","MIC:XHKG","Volume 29750 < Seuil 100000 (1 cotations testées)"
"8005","YUXING INFOTECH INVESTMENT HOLDINGS LIMITED","","Hong Kong","HKEX","HKD","36000","100000","XHKG","8005","MIC:XHKG","Volume 36000 < Seuil 100000 (1 cotations testées)"
"8006","SINO SPLENDID HOLDINGS LTD.","","Hong Kong","HKEX","HKD","61081","100000","XHKG","8006","MIC:XHKG","Volume 61081 < Seuil 100000 (1 cotations testées)"
"8052","LUK HING ENTERTAINMENT GROUP HOLDINGS LIMITED","","Hong Kong","HKEX","HKD","0","100000","XHKG","8052","MIC:XHKG","Volume 0 < Seuil 100000 (1 cotations testées)"
"9638","FERRETTI S.P.A.","","Hong Kong","HKEX","HKD","0","100000","XHKG","9638","MIC:XHKG","Volume 0 < Seuil 100000 (1 cotations testées)"
"8051","CIRCUTECH INTERNATIONAL HOLDINGS LTD.","","Hong Kong","HKEX","HKD","400","100000","XHKG","8051","MIC:XHKG","Volume 400 < Seuil 100000 (1 cotations testées)"
"8050","QUANTUM THINKING LTD.","","Hong Kong","HKEX","HKD","90000","100000","XHKG","8050","MIC:XHKG","Volume 90000 < Seuil 100000 (1 cotations testées)"
"8047","CHINA OCEAN GROUP DEVELOPMENT LTD.","","Hong Kong","HKEX","HKD","0","100000","XHKG","8047","MIC:XHKG","Volume 0 < Seuil 100000 (1 cotations testées)"
"8090","SHANDONG BAOGAI NEW MATERIALS TECHNOLOGY CO., LTD.","","Hong Kong","HKEX","HKD","25718","100000","XHKG","8090","MIC:XHKG","Volume 25718 < Seuil 100000 (1 cotations testées)"
"8043","ATLINKS GROUP LTD.","","Hong Kong","HKEX","HKD","1500","100000","XHKG","8043","MIC:XHKG","Volume 1500 < Seuil 100000 (1 cotations testées)"
"8092","ITE HOLDINGS LTD.","","Hong Kong","HKEX","HKD","58800","100000","XHKG","8092","MIC:XHKG","Volume 58800 < Seuil 100000 (1 cotations testées)"
"8093","WEB3 META LTD.","","Hong Kong","HKEX","HKD","37000","100000","XHKG","8093","MIC:XHKG","Volume 37000 < Seuil 100000 (1 cotations testées)"
"8040","COOLPOINT INNONISM HOLDING LTD.","","Hong Kong","HKEX","HKD","61000","100000","XHKG","8040","MIC:XHKG","Volume 61000 < Seuil 100000 (1 cotations testées)"
"9616","NEUTECH GROUP LTD.","","Hong Kong","HKEX","HKD","60160","100000","XHKG","9616","MIC:XHKG","Volume 60160 < Seuil 100000 (1 cotations testées)"
"8039","CHINA COME RIDE NEW ENERGY GROUP LIMITED","","Hong Kong","HKEX","HKD","0","100000","XHKG","8039","MIC:XHKG","Volume 0 < Seuil 100000 (1 cotations testées)"
"8056","LIFE CONCEPTS HOLDINGS LTD.","","Hong Kong","HKEX","HKD","59200","100000","XHKG","8056","MIC:XHKG","Volume 59200 < Seuil 100000 (1 cotations testées)"
"80737","SHENZHEN INVESTMENT HOLDINGS CO., LTD.","","Hong Kong","HKEX","CNY","5450","100000","XHKG","80737","MIC:XHKG","Volume 5450 < Seuil 100000 (1 cotations testées)"
"8072","ROMA META GROUP LTD","","Hong Kong","HKEX","HKD","20000","100000","XHKG","8072","MIC:XHKG","Volume 20000 < Seuil 100000 (1 cotations testées)"
"80700","TENCENT HOLDINGS LTD.","","Hong Kong","HKEX","CNY","16640","100000","XHKG","80700","MIC:XHKG","Volume 16640 < Seuil 100000 (1 cotations testées)"
"8070","KEEN OCEAN INTERNATIONAL HOLDING LIMITED","","Hong Kong","HKEX","HKD","75000","100000","XHKG","8070","MIC:XHKG","Volume 75000 < Seuil 100000 (1 cotations testées)"
"8069","FLYDOO TECHNOLOGY HOLDING LTD.","","Hong Kong","HKEX","HKD","20000","100000","XHKG","8069","MIC:XHKG","Volume 20000 < Seuil 100000 (1 cotations testées)"
"8067","ORIENTAL UNIVERSITY CITY HOLDINGS (H.K.) LTD.","","Hong Kong","HKEX","HKD","6000","100000","XHKG","8067","MIC:XHKG","Volume 6000 < Seuil 100000 (1 cotations testées)"
"8062","EFT SOLUTIONS HOLDINGS LTD.","","Hong Kong","HKEX","HKD","35000","100000","XHKG","8062","MIC:XHKG","Volume 35000 < Seuil 100000 (1 cotations testées)"
"8080","NORTH ASIA STRATEGIC HOLDINGS LIMITED","","Hong Kong","HKEX","HKD","8000","100000","XHKG","8080","MIC:XHKG","Volume 8000 < Seuil 100000 (1 cotations testées)"
"8057","MADISON HOLDINGS GROUP LTD.","","Hong Kong","HKEX","HKD","38760","100000","XHKG","8057","MIC:XHKG","Volume 38760 < Seuil 100000 (1 cotations testées)"
"8065","KML TECHNOLOGY GROUP LTD.","","Hong Kong","HKEX","HKD","46000","100000","XHKG","8065","MIC:XHKG","Volume 46000 < Seuil 100000 (1 cotations testées)"
"8021","WLS HOLDINGS LIMITED","","Hong Kong","HKEX","HKD","76620","100000","XHKG","8021","MIC:XHKG","Volume 76620 < Seuil 100000 (1 cotations testées)"
"8106","SHENGHUA LANDE SCITECH LTD.","","Hong Kong","HKEX","HKD","22000","100000","XHKG","8106","MIC:XHKG","Volume 22000 < Seuil 100000 (1 cotations testées)"
"9677","WEIHAI CITY COMMERCIAL BANK CO. LTD.","","Hong Kong","HKEX","HKD","1000","100000","XHKG","9677","MIC:XHKG","Volume 1000 < Seuil 100000 (1 cotations testées)"
"80175","GEELY AUTOMOBILE HOLDINGS LTD","","Hong Kong","HKEX","CNY","30500","100000","XHKG","80175","MIC:XHKG","Volume 30500 < Seuil 100000 (1 cotations testées)"
"8111","CHINA TECHNOLOGY INDUSTRY GROUP LTD.","","Hong Kong","HKEX","HKD","0","100000","XHKG","8111","MIC:XHKG","Volume 0 < Seuil 100000 (1 cotations testées)"
"8112","CORNERSTONE FINANCIAL HOLDINGS INC.","","Hong Kong","HKEX","HKD","0","100000","XHKG","8112","MIC:XHKG","Volume 0 < Seuil 100000 (1 cotations testées)"
"8113","V & V TECHNOLOGY HOLDINGS LTD.","","Hong Kong","HKEX","HKD","40000","100000","XHKG","8113","MIC:XHKG","Volume 40000 < Seuil 100000 (1 cotations testées)"
"8115","SHANGHAI QINGPU FIRE-FIGHTING EQUIPMENT CO., LTD.","","Hong Kong","HKEX","HKD","0","100000","XHKG","8115","MIC:XHKG","Volume 0 < Seuil 100000 (1 cotations testées)"
"9686","XIKANG CLOUD HOSPITAL HOLDINGS LTD.","","Hong Kong","HKEX","HKD","12050","100000","XHKG","9686","MIC:XHKG","Volume 12050 < Seuil 100000 (1 cotations testées)"
"8117","CHINA PRIMARY ENERGY HOLDINGS LTD.","","Hong Kong","HKEX","HKD","93000","100000","XHKG","8117","MIC:XHKG","Volume 93000 < Seuil 100000 (1 cotations testées)"
"8118","BORTEX GLOBAL LTD.","","Hong Kong","HKEX","HKD","37600","100000","XHKG","8118","MIC:XHKG","Volume 37600 < Seuil 100000 (1 cotations testées)"
"8023","KWONG MAN KEE GROUP LTD.","","Hong Kong","HKEX","HKD","36000","100000","XHKG","8023","MIC:XHKG","Volume 36000 < Seuil 100000 (1 cotations testées)"
"8026","CHINA BRILLIANT GLOBAL LTD.","","Hong Kong","HKEX","HKD","0","100000","XHKG","8026","MIC:XHKG","Volume 0 < Seuil 100000 (1 cotations testées)"
"8033","VODATEL NETWORKS HOLDINGS LIMITED","","Hong Kong","HKEX","HKD","9000","100000","XHKG","8033","MIC:XHKG","Volume 9000 < Seuil 100000 (1 cotations testées)"
"9609","HEBEI HAIWEI ELECTRONIC NEW MATERIAL TECHNOLOGY CO., LTD.","","Hong Kong","HKEX","HKD","36260","100000","XHKG","9609","MIC:XHKG","Volume 36260 < Seuil 100000 (1 cotations testées)"
"8031","ETS GROUP LTD.","","Hong Kong","HKEX","HKD","75400","100000","XHKG","8031","MIC:XHKG","Volume 75400 < Seuil 100000 (1 cotations testées)"
"8100","FAMOUS TECHNOLOGICAL INTERNATIONAL HOLDINGS LTD.","","Hong Kong","HKEX","HKD","5000","100000","XHKG","8100","MIC:XHKG","Volume 5000 < Seuil 100000 (1 cotations testées)"
"80291","CHINA RESOURCES BEER HOLDINGS COMPANY LIMITED","","Hong Kong","HKEX","CNY","7400","100000","XHKG","80291","MIC:XHKG","Volume 7400 < Seuil 100000 (1 cotations testées)"
"8029","IMPERIUM FINANCIAL GROUP LTD.","","Hong Kong","HKEX","HKD","32500","100000","XHKG","8029","MIC:XHKG","Volume 32500 < Seuil 100000 (1 cotations testées)"
"8028","TIMELESS RESOURCES HOLDINGS CORP.","","Hong Kong","HKEX","HKD","64490","100000","XHKG","8028","MIC:XHKG","Volume 64490 < Seuil 100000 (1 cotations testées)"
"8103","HMVOD LTD.","","Hong Kong","HKEX","HKD","12300","100000","XHKG","8103","MIC:XHKG","Volume 12300 < Seuil 100000 (1 cotations testées)"
"9663","SINO-SYNERGY HYDROGEN ENERGY LTD.","","Hong Kong","HKEX","HKD","26350","100000","XHKG","9663","MIC:XHKG","Volume 26350 < Seuil 100000 (1 cotations testées)"
"9916","XINGYE WULIAN SERVICE GROUP CO., LTD.","","Hong Kong","HKEX","HKD","70000","100000","XHKG","9916","MIC:XHKG","Volume 70000 < Seuil 100000 (1 cotations testées)"
"9918","WISE ALLY INTERNATIONAL HOLDINGS LIMITED","","Hong Kong","HKEX","HKD","30000","100000","XHKG","9918","MIC:XHKG","Volume 30000 < Seuil 100000 (1 cotations testées)"
"8348","TIANJIN BINHAI TEDA LOGISTICS (GROUP) CORP. LTD.","","Hong Kong","HKEX","HKD","52800","100000","XHKG","8348","MIC:XHKG","Volume 52800 < Seuil 100000 (1 cotations testées)"
"8349","YUNHONG GUIXIN GROUP HOLDING CO., LTD.","","Hong Kong","HKEX","HKD","0","100000","XHKG","8349","MIC:XHKG","Volume 0 < Seuil 100000 (1 cotations testées)"
"33","AMBER HILL FINANCIAL HOLDINGS LIMITED","","Hong Kong","HKEX","HKD","0","100000","XHKG","0033","MIC:XHKG","Volume 0 < Seuil 100000 (1 cotations testées)"
"32","THE CROSS-HARBOUR","","Hong Kong","HKEX","HKD","5684","100000","XHKG","0032","MIC:XHKG","Volume 5684 < Seuil 100000 (1 cotations testées)"
"8357","REPUBLIC HEALTHCARE LTD.","","Hong Kong","HKEX","HKD","33500","100000","XHKG","8357","MIC:XHKG","Volume 33500 < Seuil 100000 (1 cotations testées)"
"8360","BASIC HOUSE NEW LIFE GROUP LTD.","","Hong Kong","HKEX","HKD","24000","100000","XHKG","8360","MIC:XHKG","Volume 24000 < Seuil 100000 (1 cotations testées)"
"8362","WINNING TOWER GROUP HOLDINGS LTD.","","Hong Kong","HKEX","HKD","0","100000","XHKG","8362","MIC:XHKG","Volume 0 < Seuil 100000 (1 cotations testées)"
"8366","ZHEJIANG UNITED INVESTMENT HOLDINGS GROUP LTD.","","Hong Kong","HKEX","HKD","45000","100000","XHKG","8366","MIC:XHKG","Volume 45000 < Seuil 100000 (1 cotations testées)"
"8367","SIMPLICITY HOLDING LTD.","","Hong Kong","HKEX","HKD","4000","100000","XHKG","8367","MIC:XHKG","Volume 4000 < Seuil 100000 (1 cotations testées)"
"8368","CREATIVE CHINA HOLDINGS LTD.","","Hong Kong","HKEX","HKD","11000","100000","XHKG","8368","MIC:XHKG","Volume 11000 < Seuil 100000 (1 cotations testées)"
"8370","ZHI SHENG GROUP HOLDINGS LTD.","","Hong Kong","HKEX","HKD","42600","100000","XHKG","8370","MIC:XHKG","Volume 42600 < Seuil 100000 (1 cotations testées)"
"8372","GRAND BRILLIANCE GROUP HOLDINGS LIMITED","","Hong Kong","HKEX","HKD","98000","100000","XHKG","8372","MIC:XHKG","Volume 98000 < Seuil 100000 (1 cotations testées)"
"8341","AESO HOLDING LTD.","","Hong Kong","HKEX","HKD","18000","100000","XHKG","8341","MIC:XHKG","Volume 18000 < Seuil 100000 (1 cotations testées)"
"8333","ASTRUM FINANCIAL HOLDINGS LTD.","","Hong Kong","HKEX","HKD","2000","100000","XHKG","8333","MIC:XHKG","Volume 2000 < Seuil 100000 (1 cotations testées)"
"8307","MEDICSKIN HOLDINGS LTD.","","Hong Kong","HKEX","HKD","0","100000","XHKG","8307","MIC:XHKG","Volume 0 < Seuil 100000 (1 cotations testées)"
"83074","ISHARES ASIA TRUST - ISHARES CORE MSCI TAIWAN INDEX ETF","","Hong Kong","HKEX","CNY","0","100000","XHKG","83074","MIC:XHKG","Volume 0 < Seuil 100000 (1 cotations testées)"
"8308","GUDOU HOLDINGS LTD.","","Hong Kong","HKEX","HKD","6000","100000","XHKG","8308","MIC:XHKG","Volume 6000 < Seuil 100000 (1 cotations testées)"
"8310","DAFENG PORT HESHUN TECHNOLOGY HOLDINGS CO., LTD.","","Hong Kong","HKEX","HKD","11000","100000","XHKG","8310","MIC:XHKG","Volume 11000 < Seuil 100000 (1 cotations testées)"
"36","FAR EAST HOLDINGS INTERNATIONAL LIMITED","","Hong Kong","HKEX","HKD","0","100000","XHKG","0036","MIC:XHKG","Volume 0 < Seuil 100000 (1 cotations testées)"
"8311","PERFECT OPTRONICS LTD.","","Hong Kong","HKEX","HKD","59000","100000","XHKG","8311","MIC:XHKG","Volume 59000 < Seuil 100000 (1 cotations testées)"
"8373","INDIGO STAR HOLDINGS LTD.","","Hong Kong","HKEX","HKD","6100","100000","XHKG","8373","MIC:XHKG","Volume 6100 < Seuil 100000 (1 cotations testées)"
"8313","ZACD GROUP LTD.","","Hong Kong","HKEX","HKD","2000","100000","XHKG","8313","MIC:XHKG","Volume 2000 < Seuil 100000 (1 cotations testées)"
"8317","FINET GROUP LTD.","","Hong Kong","HKEX","HKD","60400","100000","XHKG","8317","MIC:XHKG","Volume 60400 < Seuil 100000 (1 cotations testées)"
"8321","TAI KAM HOLDINGS LTD.","","Hong Kong","HKEX","HKD","55000","100000","XHKG","8321","MIC:XHKG","Volume 55000 < Seuil 100000 (1 cotations testées)"
"8328","XINYI ELECTRIC STORAGE HOLDINGS LTD.","","Hong Kong","HKEX","HKD","75764","100000","XHKG","8328","MIC:XHKG","Volume 75764 < Seuil 100000 (1 cotations testées)"
"8329","SHENZHEN NEPTUNUS INTERLONG CO., LTD.","","Hong Kong","HKEX","HKD","53000","100000","XHKG","8329","MIC:XHKG","Volume 53000 < Seuil 100000 (1 cotations testées)"
"8331","P.B. GROUP LTD.","","Hong Kong","HKEX","HKD","11000","100000","XHKG","8331","MIC:XHKG","Volume 11000 < Seuil 100000 (1 cotations testées)"
"8297","OCEAN STAR TECHNOLOGY GROUP CO., LTD.","","Hong Kong","HKEX","HKD","0","100000","XHKG","8297","MIC:XHKG","Volume 0 < Seuil 100000 (1 cotations testées)"
"8375","VERTICAL INTERNATIONAL HOLDINGS LTD.","","Hong Kong","HKEX","HKD","60000","100000","XHKG","8375","MIC:XHKG","Volume 60000 < Seuil 100000 (1 cotations testées)"
"8423","CHI HO DEVELOPMENT HOLDINGS LIMITED","","Hong Kong","HKEX","HKD","15000","100000","XHKG","8423","MIC:XHKG","Volume 15000 < Seuil 100000 (1 cotations testées)"
"8425","HING MING HOLDINGS LIMITED","","Hong Kong","HKEX","HKD","1600","100000","XHKG","8425","MIC:XHKG","Volume 1600 < Seuil 100000 (1 cotations testées)"
"8426","MODERN LIVING INVESTMENTS HOLDINGS LTD.","","Hong Kong","HKEX","HKD","16000","100000","XHKG","8426","MIC:XHKG","Volume 16000 < Seuil 100000 (1 cotations testées)"
"8427","WS-SK TARGET GROUP LTD.","","Hong Kong","HKEX","HKD","36720","100000","XHKG","8427","MIC:XHKG","Volume 36720 < Seuil 100000 (1 cotations testées)"
"8428","CBK HOLDINGS LTD.","","Hong Kong","HKEX","HKD","0","100000","XHKG","8428","MIC:XHKG","Volume 0 < Seuil 100000 (1 cotations testées)"
"8429","SV VISION LTD.","","Hong Kong","HKEX","HKD","35500","100000","XHKG","8429","MIC:XHKG","Volume 35500 < Seuil 100000 (1 cotations testées)"
"8437","RMH HOLDINGS LTD.","","Hong Kong","HKEX","HKD","0","100000","XHKG","8437","MIC:XHKG","Volume 0 < Seuil 100000 (1 cotations testées)"
"8439","SOMERLEY CAPITAL HOLDINGS LIMITED","","Hong Kong","HKEX","HKD","69400","100000","XHKG","8439","MIC:XHKG","Volume 69400 < Seuil 100000 (1 cotations testées)"
"8445","NOBLE ENGINEERING GROUP HOLDINGS LTD.","","Hong Kong","HKEX","HKD","23600","100000","XHKG","8445","MIC:XHKG","Volume 23600 < Seuil 100000 (1 cotations testées)"
"26","CHINA MOTOR BUS COMPANY, LIMITED","","Hong Kong","HKEX","HKD","2341","100000","XHKG","0026","MIC:XHKG","Volume 2341 < Seuil 100000 (1 cotations testées)"
"51","HARBOUR CENTRE DEVELOPMENT LIMITED","","Hong Kong","HKEX","HKD","2000","100000","XHKG","0051","MIC:XHKG","Volume 2000 < Seuil 100000 (1 cotations testées)"
"8448","UNIVERSE PRINTSHOP HOLDINGS LTD.","","Hong Kong","HKEX","HKD","22160","100000","XHKG","8448","MIC:XHKG","Volume 22160 < Seuil 100000 (1 cotations testées)"
"8420","NEXION TECHNOLOGIES LTD.","","Hong Kong","HKEX","HKD","31500","100000","XHKG","8420","MIC:XHKG","Volume 31500 < Seuil 100000 (1 cotations testées)"
"8419","AV PROMOTIONS HOLDINGS LTD.","","Hong Kong","HKEX","HKD","31500","100000","XHKG","8419","MIC:XHKG","Volume 31500 < Seuil 100000 (1 cotations testées)"
"48","CHINA AUTOMOTIVE INTERIOR DECORATION HOLDINGS LIMITED","","Hong Kong","HKEX","HKD","50240","100000","XHKG","0048","MIC:XHKG","Volume 50240 < Seuil 100000 (1 cotations testées)"
"25","CHEVALIER INTERNATIONAL HOLDINGS LIMITED","","Hong Kong","HKEX","HKD","11400","100000","XHKG","0025","MIC:XHKG","Volume 11400 < Seuil 100000 (1 cotations testées)"
"8392","SATU HOLDINGS LTD.","","Hong Kong","HKEX","HKD","57000","100000","XHKG","8392","MIC:XHKG","Volume 57000 < Seuil 100000 (1 cotations testées)"
"50","HONG KONG FERRY","","Hong Kong","HKEX","HKD","41040","100000","XHKG","0050","MIC:XHKG","Volume 41040 < Seuil 100000 (1 cotations testées)"
"8403","DOWWAY HOLDINGS LTD.","","Hong Kong","HKEX","HKD","60000","100000","XHKG","8403","MIC:XHKG","Volume 60000 < Seuil 100000 (1 cotations testées)"
"8411","K W NELSON INTERIOR DESIGN & CONTRACTING GROUP CO. LTD.","","Hong Kong","HKEX","HKD","94000","100000","XHKG","8411","MIC:XHKG","Volume 94000 < Seuil 100000 (1 cotations testées)"
"8412","NEW AMANTE GROUP LTD.","","Hong Kong","HKEX","HKD","7000","100000","XHKG","8412","MIC:XHKG","Volume 7000 < Seuil 100000 (1 cotations testées)"
"8418","OPTIMA AUTOMOBILE GROUP HOLDINGS LIMITED","","Hong Kong","HKEX","HKD","68200","100000","XHKG","8418","MIC:XHKG","Volume 68200 < Seuil 100000 (1 cotations testées)"
"8402","PLATEAU TREASURES LTD.","","Hong Kong","HKEX","HKD","93500","100000","XHKG","8402","MIC:XHKG","Volume 93500 < Seuil 100000 (1 cotations testées)"
"8296","SINO-LIFE GROUP LTD.","","Hong Kong","HKEX","HKD","2960","100000","XHKG","8296","MIC:XHKG","Volume 2960 < Seuil 100000 (1 cotations testées)"
"82318","PING AN INSURANCE GROUP CO. LTD.","","Hong Kong","HKEX","CNY","61700","100000","XHKG","82318","MIC:XHKG","Volume 61700 < Seuil 100000 (1 cotations testées)"
"9919","ACTIVATION GROUP HOLDINGS LTD.","","Hong Kong","HKEX","HKD","56273","100000","XHKG","9919","MIC:XHKG","Volume 56273 < Seuil 100000 (1 cotations testées)"
"8218","ECHO INTERNATIONAL HOLDINGS GROUP LTD.","","Hong Kong","HKEX","HKD","0","100000","XHKG","8218","MIC:XHKG","Volume 0 < Seuil 100000 (1 cotations testées)"
"9930","HORIZON CONSTRUCTION DEVELOPMENT LIMITED","","Hong Kong","HKEX","HKD","19698","100000","XHKG","9930","MIC:XHKG","Volume 19698 < Seuil 100000 (1 cotations testées)"
"9933","GHW INTERNATIONAL LTD.","","Hong Kong","HKEX","HKD","34000","100000","XHKG","9933","MIC:XHKG","Volume 34000 < Seuil 100000 (1 cotations testées)"
"8222","E LIGHTING GROUP HOLDINGS LIMITED","","Hong Kong","HKEX","HKD","44000","100000","XHKG","8222","MIC:XHKG","Volume 44000 < Seuil 100000 (1 cotations testées)"
"9986","DASHAN EDUCATION HOLDINGS LIMITED","","Hong Kong","HKEX","HKD","0","100000","XHKG","9986","MIC:XHKG","Volume 0 < Seuil 100000 (1 cotations testées)"
"40","GOLD PEAK INDUSTRIES","","Hong Kong","HKEX","HKD","70667","100000","XHKG","0040","MIC:XHKG","Volume 70667 < Seuil 100000 (1 cotations testées)"
"8270","CHINA CBM GROUP CO., LTD.","","Hong Kong","HKEX","HKD","60000","100000","XHKG","8270","MIC:XHKG","Volume 60000 < Seuil 100000 (1 cotations testées)"
"39","CHINA BEIDAHUANG INDUSTRY GROUP HOLDINGS LIMITED","","Hong Kong","HKEX","HKD","0","100000","XHKG","0039","MIC:XHKG","Volume 0 < Seuil 100000 (1 cotations testées)"
"8277","STEED ORIENTAL HOLDINGS COMPANY LIMITED","","Hong Kong","HKEX","HKD","50000","100000","XHKG","8277","MIC:XHKG","Volume 50000 < Seuil 100000 (1 cotations testées)"
"8281","CHINA GOLDEN CLASSIC GROUP LIMITED","","Hong Kong","HKEX","HKD","24000","100000","XHKG","8281","MIC:XHKG","Volume 24000 < Seuil 100000 (1 cotations testées)"
"82834","ISHARES ASIA TRUST - ISHARES NASDAQ 100 INDEX ETF","","Hong Kong","HKEX","CNY","0","100000","XHKG","82834","MIC:XHKG","Volume 0 < Seuil 100000 (1 cotations testées)"
"8285","SLING GROUP HOLDINGS LTD.","","Hong Kong","HKEX","HKD","37000","100000","XHKG","8285","MIC:XHKG","Volume 37000 < Seuil 100000 (1 cotations testées)"
"8286","SHANXI CHANGCHENG MICROLIGHT CO., LTD.","","Hong Kong","HKEX","HKD","5000","100000","XHKG","8286","MIC:XHKG","Volume 5000 < Seuil 100000 (1 cotations testées)"
"8290","AHSAY BACKUP SOFTWARE DEVELOPMENT COMPANY LIMITED","","Hong Kong","HKEX","HKD","85000","100000","XHKG","8290","MIC:XHKG","Volume 85000 < Seuil 100000 (1 cotations testées)"
"8291","HONG KONG ENTERTAINMENT INTERNATIONAL LTD.","","Hong Kong","HKEX","HKD","19000","100000","XHKG","8291","MIC:XHKG","Volume 19000 < Seuil 100000 (1 cotations testées)"
"82388","BOC HONG KONG (HOLDINGS) LIMITED","","Hong Kong","HKEX","CNY","73430","100000","XHKG","82388","MIC:XHKG","Volume 73430 < Seuil 100000 (1 cotations testées)"
"9991","BAOZUN INC.","","Hong Kong","HKEX","HKD","44200","100000","XHKG","9991","MIC:XHKG","Volume 44200 < Seuil 100000 (1 cotations testées)"
"8241","YING KEE TEA HOUSE GROUP LTD.","","Hong Kong","HKEX","HKD","28500","100000","XHKG","8241","MIC:XHKG","Volume 28500 < Seuil 100000 (1 cotations testées)"
"8246","ZHONGHUA GAS HOLDINGS LTD.","","Hong Kong","HKEX","HKD","48500","100000","XHKG","8246","MIC:XHKG","Volume 48500 < Seuil 100000 (1 cotations testées)"
"8247","BIOSINO BIO-TECHNOLOGY AND SCIENCE INC.","","Hong Kong","HKEX","HKD","33200","100000","XHKG","8247","MIC:XHKG","Volume 33200 < Seuil 100000 (1 cotations testées)"
"8249","ZHEJIANG RUIYUAN INTELLIGENT CONTROL TECHNOLOGY CO., LTD.","","Hong Kong","HKEX","HKD","0","100000","XHKG","8249","MIC:XHKG","Volume 0 < Seuil 100000 (1 cotations testées)"
"8250","SILK ROAD ENERGY SERVICES GROUP LIMITED","","Hong Kong","HKEX","HKD","11740","100000","XHKG","8250","MIC:XHKG","Volume 11740 < Seuil 100000 (1 cotations testées)"
"8262","SUPER STRONG HOLDINGS LTD.","","Hong Kong","HKEX","HKD","18000","100000","XHKG","8262","MIC:XHKG","Volume 18000 < Seuil 100000 (1 cotations testées)"
"1662","YEE HOP HOLDINGS LTD","","Hong Kong","HKEX","HKD","74900","100000","XHKG","1662","MIC:XHKG","Volume 74900 < Seuil 100000 (1 cotations testées)"
"1668","CHINA SOUTH CITY HOLDINGS LTD.","","Hong Kong","HKEX","HKD","0","100000","XHKG","1668","MIC:XHKG","Volume 0 < Seuil 100000 (1 cotations testées)"
"1671","TIANJIN TIANBAO ENERGY CO., LTD.","","Hong Kong","HKEX","HKD","26800","100000","XHKG","1671","MIC:XHKG","Volume 26800 < Seuil 100000 (1 cotations testées)"
"195","GREENTECH TECHNOLOGY INTERNATIONAL LIMITED","","Hong Kong","HKEX","HKD","0","100000","XHKG","0195","MIC:XHKG","Volume 0 < Seuil 100000 (1 cotations testées)"
"1680","MACAU LEGEND DEVELOPMENT LTD.","","Hong Kong","HKEX","HKD","61980","100000","XHKG","1680","MIC:XHKG","Volume 61980 < Seuil 100000 (1 cotations testées)"
"1673","HUAZHANG TECHNOLOGY HOLDING LIMITED","","Hong Kong","HKEX","HKD","70000","100000","XHKG","1673","MIC:XHKG","Volume 70000 < Seuil 100000 (1 cotations testées)"
"1657","SG GROUP HOLDINGS LIMITED","","Hong Kong","HKEX","HKD","3250","100000","XHKG","1657","MIC:XHKG","Volume 3250 < Seuil 100000 (1 cotations testées)"
"1629","CHAMPION ALLIANCE INTERNATIONAL HOLDINGS LTD.","","Hong Kong","HKEX","HKD","8800","100000","XHKG","1629","MIC:XHKG","Volume 8800 < Seuil 100000 (1 cotations testées)"
"1631","REF HOLDINGS LIMITED","","Hong Kong","HKEX","HKD","25500","100000","XHKG","1631","MIC:XHKG","Volume 25500 < Seuil 100000 (1 cotations testées)"
"1632","MINSHANG CREATIVE TECHNOLOGY HOLDINGS LIMITED","","Hong Kong","HKEX","HKD","0","100000","XHKG","1632","MIC:XHKG","Volume 0 < Seuil 100000 (1 cotations testées)"
"1636","CHINA METAL RESOURCES UTILIZATION LIMITED","","Hong Kong","HKEX","HKD","0","100000","XHKG","1636","MIC:XHKG","Volume 0 < Seuil 100000 (1 cotations testées)"
"1637","SH GROUP HOLDINGS LTD.","","Hong Kong","HKEX","HKD","56800","100000","XHKG","1637","MIC:XHKG","Volume 56800 < Seuil 100000 (1 cotations testées)"
"193","CAPITAL ESTATE LIMITED","","Hong Kong","HKEX","HKD","8250","100000","XHKG","0193","MIC:XHKG","Volume 8250 < Seuil 100000 (1 cotations testées)"
"194","LIU CHONG HING INVESTMENT LIMITED","","Hong Kong","HKEX","HKD","35000","100000","XHKG","0194","MIC:XHKG","Volume 35000 < Seuil 100000 (1 cotations testées)"
"1721","FSM HOLDINGS LTD.","","Hong Kong","HKEX","HKD","0","100000","XHKG","1721","MIC:XHKG","Volume 0 < Seuil 100000 (1 cotations testées)"
"1727","HEBEI CONSTRUCTION GROUP CORPORATION LIMITED","","Hong Kong","HKEX","HKD","94200","100000","XHKG","1727","MIC:XHKG","Volume 94200 < Seuil 100000 (1 cotations testées)"
"1728","CHINA ZHENGTONG AUTO SERVICES HOLDINGS LTD.","","Hong Kong","HKEX","HKD","0","100000","XHKG","1728","MIC:XHKG","Volume 0 < Seuil 100000 (1 cotations testées)"
"1719","CHINA INFRASTRUCTURE & LOGISTICS GROUP LTD.","","Hong Kong","HKEX","HKD","4000","100000","XHKG","1719","MIC:XHKG","Volume 4000 < Seuil 100000 (1 cotations testées)"
"1731","PROSPEROUS INDUSTRIAL HOLDINGS LTD.","","Hong Kong","HKEX","HKD","76400","100000","XHKG","1731","MIC:XHKG","Volume 76400 < Seuil 100000 (1 cotations testées)"
"1736","CHINA PARENTING NETWORK HOLDINGS LTD.","","Hong Kong","HKEX","HKD","16135","100000","XHKG","1736","MIC:XHKG","Volume 16135 < Seuil 100000 (1 cotations testées)"
"1693","BGMC INTERNATIONAL LTD.","","Hong Kong","HKEX","HKD","200","100000","XHKG","1693","MIC:XHKG","Volume 200 < Seuil 100000 (1 cotations testées)"
"1695","S&P INTERNATIONAL HOLDING LTD.","","Hong Kong","HKEX","HKD","40500","100000","XHKG","1695","MIC:XHKG","Volume 40500 < Seuil 100000 (1 cotations testées)"
"1702","DONGGUANG CHEMICAL LTD.","","Hong Kong","HKEX","HKD","0","100000","XHKG","1702","MIC:XHKG","Volume 0 < Seuil 100000 (1 cotations testées)"
"1707","GEOTECH HOLDINGS LTD.","","Hong Kong","HKEX","HKD","0","100000","XHKG","1707","MIC:XHKG","Volume 0 < Seuil 100000 (1 cotations testées)"
"1708","NANJING SAMPLE TECHNOLOGY CO., LTD.","","Hong Kong","HKEX","HKD","0","100000","XHKG","1708","MIC:XHKG","Volume 0 < Seuil 100000 (1 cotations testées)"
"1711","ULFERTS INTERNATIONAL LTD.","","Hong Kong","HKEX","HKD","11000","100000","XHKG","1711","MIC:XHKG","Volume 11000 < Seuil 100000 (1 cotations testées)"
"1713","SICHUAN ENERGY INVESTMENT CO., LTD.","","Hong Kong","HKEX","HKD","84000","100000","XHKG","1713","MIC:XHKG","Volume 84000 < Seuil 100000 (1 cotations testées)"
"1715","VOLCANO SPRING INTERNATIONAL LTD.","","Hong Kong","HKEX","HKD","91160","100000","XHKG","1715","MIC:XHKG","Volume 91160 < Seuil 100000 (1 cotations testées)"
"183","WINFULL GROUP HOLDINGS LIMITED","","Hong Kong","HKEX","HKD","34480","100000","XHKG","0183","MIC:XHKG","Volume 34480 < Seuil 100000 (1 cotations testées)"
"1547","IBI GROUP HOLDINGS LTD.","","Hong Kong","HKEX","HKD","48800","100000","XHKG","1547","MIC:XHKG","Volume 48800 < Seuil 100000 (1 cotations testées)"
"1551","GUANGZHOU RURAL COMMERCIAL BANK CO., LTD.","","Hong Kong","HKEX","HKD","3900","100000","XHKG","1551","MIC:XHKG","Volume 3900 < Seuil 100000 (1 cotations testées)"
"1553","MAIKE TUBE INDUSTRY HOLDINGS LIMITED","","Hong Kong","HKEX","HKD","72000","100000","XHKG","1553","MIC:XHKG","Volume 72000 < Seuil 100000 (1 cotations testées)"
"1556","CHINNEY KIN WING HOLDINGS LIMITED","","Hong Kong","HKEX","HKD","55000","100000","XHKG","1556","MIC:XHKG","Volume 55000 < Seuil 100000 (1 cotations testées)"
"1557","KH GROUP HOLDINGS LTD.","","Hong Kong","HKEX","HKD","5200","100000","XHKG","1557","MIC:XHKG","Volume 5200 < Seuil 100000 (1 cotations testées)"
"1560","STAR GROUP ASIA LTD.","","Hong Kong","HKEX","HKD","32000","100000","XHKG","1560","MIC:XHKG","Volume 32000 < Seuil 100000 (1 cotations testées)"
"1552","BHCC HOLDING LTD.","","Hong Kong","HKEX","HKD","9500","100000","XHKG","1552","MIC:XHKG","Volume 9500 < Seuil 100000 (1 cotations testées)"
"1502","FINANCIAL STREET PROPERTY CO. LTD.","","Hong Kong","HKEX","HKD","96300","100000","XHKG","1502","MIC:XHKG","Volume 96300 < Seuil 100000 (1 cotations testées)"
"1518","NEW CENTURY HEALTHCARE HOLDINGS CO. LTD.","","Hong Kong","HKEX","HKD","25150","100000","XHKG","1518","MIC:XHKG","Volume 25150 < Seuil 100000 (1 cotations testées)"
"1527","ZHEJIANG TENGY ENVIRONMENTAL TECHNOLOGY CO., LTD.","","Hong Kong","HKEX","HKD","51920","100000","XHKG","1527","MIC:XHKG","Volume 51920 < Seuil 100000 (1 cotations testées)"
"1566","CA CULTURAL TECHNOLOGY GROUP LTD.","","Hong Kong","HKEX","HKD","0","100000","XHKG","1566","MIC:XHKG","Volume 0 < Seuil 100000 (1 cotations testées)"
"1601","ZHONGGUANCUN SCIENCE-TECH CO., LTD.","","Hong Kong","HKEX","HKD","53000","100000","XHKG","1601","MIC:XHKG","Volume 53000 < Seuil 100000 (1 cotations testées)"
"1609","STAR SPORTS MEDICINE CO., LTD.","","Hong Kong","HKEX","HKD","38020","100000","XHKG","1609","MIC:XHKG","Volume 38020 < Seuil 100000 (1 cotations testées)"
"1612","VINCENT MEDICAL HOLDINGS LTD.","","Hong Kong","HKEX","HKD","93600","100000","XHKG","1612","MIC:XHKG","Volume 93600 < Seuil 100000 (1 cotations testées)"
"1615","AB BUILDERS GROUP LTD.","","Hong Kong","HKEX","HKD","39000","100000","XHKG","1615","MIC:XHKG","Volume 39000 < Seuil 100000 (1 cotations testées)"
"1616","A METAVERSE CO.","","Hong Kong","HKEX","HKD","0","100000","XHKG","1616","MIC:XHKG","Volume 0 < Seuil 100000 (1 cotations testées)"
"1598","CHINA 21ST CENTURY EDUCATION GROUP LIMITED","","Hong Kong","HKEX","HKD","0","100000","XHKG","1598","MIC:XHKG","Volume 0 < Seuil 100000 (1 cotations testées)"
"1597","CHINA NATURE ENERGY TECHNOLOGY HOLDINGS LIMITED","","Hong Kong","HKEX","HKD","25800","100000","XHKG","1597","MIC:XHKG","Volume 25800 < Seuil 100000 (1 cotations testées)"
"1570","WEIYE HOLDINGS LTD.","","Hong Kong","HKEX","HKD","19500","100000","XHKG","1570","MIC:XHKG","Volume 19500 < Seuil 100000 (1 cotations testées)"
"1576","QILU EXPRESSWAY CO., LTD.","","Hong Kong","HKEX","HKD","13600","100000","XHKG","1576","MIC:XHKG","Volume 13600 < Seuil 100000 (1 cotations testées)"
"1577","QUANZHOU HUIXIN MICRO-CREDIT CO. LTD.","","Hong Kong","HKEX","HKD","5600","100000","XHKG","1577","MIC:XHKG","Volume 5600 < Seuil 100000 (1 cotations testées)"
"1583","QINQIN FOODSTUFFS GROUP (CAYMAN) COMPANY LIMITED","","Hong Kong","HKEX","HKD","1500","100000","XHKG","1583","MIC:XHKG","Volume 1500 < Seuil 100000 (1 cotations testées)"
"1586","CHINA LEON INSPECTION HOLDING LTD.","","Hong Kong","HKEX","HKD","0","100000","XHKG","1586","MIC:XHKG","Volume 0 < Seuil 100000 (1 cotations testées)"
"1587","SHINEROA INTERNATIONAL HOLDINGS LIMITED","","Hong Kong","HKEX","HKD","82800","100000","XHKG","1587","MIC:XHKG","Volume 82800 < Seuil 100000 (1 cotations testées)"
"1748","XIN YUAN ENTERPRISES GROUP LIMITED","","Hong Kong","HKEX","HKD","0","100000","XHKG","1748","MIC:XHKG","Volume 0 < Seuil 100000 (1 cotations testées)"
"1909","FIRE ROCK HOLDINGS LTD.","","Hong Kong","HKEX","HKD","17850","100000","XHKG","1909","MIC:XHKG","Volume 17850 < Seuil 100000 (1 cotations testées)"
"1900","CHINA ITS HOLDINGS CO. LTD.","","Hong Kong","HKEX","HKD","96205","100000","XHKG","1900","MIC:XHKG","Volume 96205 < Seuil 100000 (1 cotations testées)"
"1915","YANGZHOU GUANGLING DISTRICT DEVELOPMENT CO. LTD.","","Hong Kong","HKEX","HKD","0","100000","XHKG","1915","MIC:XHKG","Volume 0 < Seuil 100000 (1 cotations testées)"
"1925","KWUNG'S AROMA HOLDINGS LTD.","","Hong Kong","HKEX","HKD","15000","100000","XHKG","1925","MIC:XHKG","Volume 15000 < Seuil 100000 (1 cotations testées)"
"1897","MILLION HOPE INDUSTRIES HOLDINGS LTD.","","Hong Kong","HKEX","HKD","14791","100000","XHKG","1897","MIC:XHKG","Volume 14791 < Seuil 100000 (1 cotations testées)"
"1878","SOUTHGOBI RESOURCES LTD.","","Hong Kong","HKEX","HKD","27580","100000","XHKG","1878","MIC:XHKG","Volume 27580 < Seuil 100000 (1 cotations testées)"
"1889","SANAI HEALTH INDUSTRY GROUP COMPANY LIMITED","","Hong Kong","HKEX","HKD","26200","100000","XHKG","1889","MIC:XHKG","Volume 26200 < Seuil 100000 (1 cotations testées)"
"1895","XINYUAN PROPERTY MANAGEMENT SERVICE (CAYMAN) LTD.","","Hong Kong","HKEX","HKD","0","100000","XHKG","1895","MIC:XHKG","Volume 0 < Seuil 100000 (1 cotations testées)"
"1961","INFINITIES TECHNOLOGY INTERNATIONAL INC.","","Hong Kong","HKEX","HKD","0","100000","XHKG","1961","MIC:XHKG","Volume 0 < Seuil 100000 (1 cotations testées)"
"1965","LANDSEA GREEN LIFE SERVICE CO., LTD.","","Hong Kong","HKEX","HKD","4800","100000","XHKG","1965","MIC:XHKG","Volume 4800 < Seuil 100000 (1 cotations testées)"
"1967","CONFIDENCE INTELLIGENCE HOLDINGS LTD.","","Hong Kong","HKEX","HKD","47460","100000","XHKG","1967","MIC:XHKG","Volume 47460 < Seuil 100000 (1 cotations testées)"
"1968","HINGTEX HOLDINGS LTD.","","Hong Kong","HKEX","HKD","40000","100000","XHKG","1968","MIC:XHKG","Volume 40000 < Seuil 100000 (1 cotations testées)"
"1971","REDSUN SERVICES GROUP LTD.","","Hong Kong","HKEX","HKD","4200","100000","XHKG","1971","MIC:XHKG","Volume 4200 < Seuil 100000 (1 cotations testées)"
"1973","TIAN TU CAPITAL CO., LTD.","","Hong Kong","HKEX","HKD","8000","100000","XHKG","1973","MIC:XHKG","Volume 8000 < Seuil 100000 (1 cotations testées)"
"1975","SUN HING PRINTING HOLDINGS LTD.","","Hong Kong","HKEX","HKD","48000","100000","XHKG","1975","MIC:XHKG","Volume 48000 < Seuil 100000 (1 cotations testées)"
"1977","ANALOGUE HOLDINGS LIMITED","","Hong Kong","HKEX","HKD","30000","100000","XHKG","1977","MIC:XHKG","Volume 30000 < Seuil 100000 (1 cotations testées)"
"1983","LUZHOU BANK CO. LTD.","","Hong Kong","HKEX","HKD","11000","100000","XHKG","1983","MIC:XHKG","Volume 11000 < Seuil 100000 (1 cotations testées)"
"1935","JH EDUCATIONAL TECHNOLOGY INC.","","Hong Kong","HKEX","HKD","14200","100000","XHKG","1935","MIC:XHKG","Volume 14200 < Seuil 100000 (1 cotations testées)"
"1936","RITAMIX GLOBAL LTD.","","Hong Kong","HKEX","HKD","58000","100000","XHKG","1936","MIC:XHKG","Volume 58000 < Seuil 100000 (1 cotations testées)"
"1945","ZERO2IPO HOLDINGS INC.","","Hong Kong","HKEX","HKD","18480","100000","XHKG","1945","MIC:XHKG","Volume 18480 < Seuil 100000 (1 cotations testées)"
"1947","MEIHAO MEDICAL GROUP CO., LTD.","","Hong Kong","HKEX","HKD","20000","100000","XHKG","1947","MIC:XHKG","Volume 20000 < Seuil 100000 (1 cotations testées)"
"1948","UJU HOLDING LIMITED","","Hong Kong","HKEX","HKD","13400","100000","XHKG","1948","MIC:XHKG","Volume 13400 < Seuil 100000 (1 cotations testées)"
"1949","PLATT NERA INTERNATIONAL LTD.","","Hong Kong","HKEX","HKD","41240","100000","XHKG","1949","MIC:XHKG","Volume 41240 < Seuil 100000 (1 cotations testées)"
"1950","DIWANG INDUSTRIAL HOLDINGS LIMITED","","Hong Kong","HKEX","HKD","23600","100000","XHKG","1950","MIC:XHKG","Volume 23600 < Seuil 100000 (1 cotations testées)"
"1955","HONG KONG JOHNSON HOLDINGS CO., LTD.","","Hong Kong","HKEX","HKD","36800","100000","XHKG","1955","MIC:XHKG","Volume 36800 < Seuil 100000 (1 cotations testées)"
"1868","NEO-NEON HOLDINGS LTD.","","Hong Kong","HKEX","HKD","12550","100000","XHKG","1868","MIC:XHKG","Volume 12550 < Seuil 100000 (1 cotations testées)"
"1779","LONGBIO PHARMA (SUZHOU) CO., LTD.","","Hong Kong","HKEX","HKD","74337","100000","XHKG","1779","MIC:XHKG","Volume 74337 < Seuil 100000 (1 cotations testées)"
"1782","INTERNATIONAL BUSINESS DIGITAL CORPORATION","","Hong Kong","HKEX","HKD","22000","100000","XHKG","1782","MIC:XHKG","Volume 22000 < Seuil 100000 (1 cotations testées)"
"1785","CHENGDU EXPRESSWAY CO., LTD.","","Hong Kong","HKEX","HKD","28000","100000","XHKG","1785","MIC:XHKG","Volume 28000 < Seuil 100000 (1 cotations testées)"
"1790","TIL ENVIRO LTD.","","Hong Kong","HKEX","HKD","1000","100000","XHKG","1790","MIC:XHKG","Volume 1000 < Seuil 100000 (1 cotations testées)"
"1792","CMON LTD.","","Hong Kong","HKEX","HKD","63028","100000","XHKG","1792","MIC:XHKG","Volume 63028 < Seuil 100000 (1 cotations testées)"
"1749","SHANSHAN BRAND MANAGEMENT CO., LTD.","","Hong Kong","HKEX","HKD","8200","100000","XHKG","1749","MIC:XHKG","Volume 8200 < Seuil 100000 (1 cotations testées)"
"1753","DUIBA GROUP LIMITED","","Hong Kong","HKEX","HKD","31120","100000","XHKG","1753","MIC:XHKG","Volume 31120 < Seuil 100000 (1 cotations testées)"
"1755","S-ENJOY SERVICE GROUP CO., LTD.","","Hong Kong","HKEX","HKD","0","100000","XHKG","1755","MIC:XHKG","Volume 0 < Seuil 100000 (1 cotations testées)"
"1758","BOJUN EDUCATION CO., LTD.","","Hong Kong","HKEX","HKD","40600","100000","XHKG","1758","MIC:XHKG","Volume 40600 < Seuil 100000 (1 cotations testées)"
"1759","SINO GAS HOLDINGS GROUP LTD.","","Hong Kong","HKEX","HKD","55400","100000","XHKG","1759","MIC:XHKG","Volume 55400 < Seuil 100000 (1 cotations testées)"
"1770","DKE HOLDING COMPANY LIMITED","","Hong Kong","HKEX","HKD","73315","100000","XHKG","1770","MIC:XHKG","Volume 73315 < Seuil 100000 (1 cotations testées)"
"1747","HOME CONTROL INTERNATIONAL LIMITED","","Hong Kong","HKEX","HKD","47966","100000","XHKG","1747","MIC:XHKG","Volume 47966 < Seuil 100000 (1 cotations testées)"
"1845","WEIGANG ENVIRONMENTAL TECHNOLOGY INC.","","Hong Kong","HKEX","HKD","6000","100000","XHKG","1845","MIC:XHKG","Volume 6000 < Seuil 100000 (1 cotations testées)"
"1846","EUROEYES INTERNATIONAL EYE CLINIC LTD.","","Hong Kong","HKEX","HKD","40000","100000","XHKG","1846","MIC:XHKG","Volume 40000 < Seuil 100000 (1 cotations testées)"
"1847","YCIH GREEN HIGH-PERFORMANCE CO. LTD.","","Hong Kong","HKEX","HKD","18000","100000","XHKG","1847","MIC:XHKG","Volume 18000 < Seuil 100000 (1 cotations testées)"
"1849","AM GROUP HOLDINGS LIMITED","","Hong Kong","HKEX","HKD","0","100000","XHKG","1849","MIC:XHKG","Volume 0 < Seuil 100000 (1 cotations testées)"
"1853","JILIN PROVINCE CHUNCHENG HEATING COMPANY LIMITED","","Hong Kong","HKEX","HKD","20250","100000","XHKG","1853","MIC:XHKG","Volume 20250 < Seuil 100000 (1 cotations testées)"
"1861","PRECIOUS DRAGON TECHNOLOGY HOLDINGS LIMITED","","Hong Kong","HKEX","HKD","24200","100000","XHKG","1861","MIC:XHKG","Volume 24200 < Seuil 100000 (1 cotations testées)"
"1862","JINGRUI HOLDINGS LTD.","","Hong Kong","HKEX","HKD","0","100000","XHKG","1862","MIC:XHKG","Volume 0 < Seuil 100000 (1 cotations testées)"
"1835","SHANGHAI REALWAY CAPITAL INC.","","Hong Kong","HKEX","HKD","44680","100000","XHKG","1835","MIC:XHKG","Volume 44680 < Seuil 100000 (1 cotations testées)"
"1809","PRINX CHENGSHAN HOLDINGS LTD.","","Hong Kong","HKEX","HKD","80100","100000","XHKG","1809","MIC:XHKG","Volume 80100 < Seuil 100000 (1 cotations testées)"
"1817","MULSANNE GROUP HOLDING LTD.","","Hong Kong","HKEX","HKD","500","100000","XHKG","1817","MIC:XHKG","Volume 500 < Seuil 100000 (1 cotations testées)"
"1820","PACIFIC MILLENNIUM PACKAGING GROUP CORPORATION","","Hong Kong","HKEX","HKD","1000","100000","XHKG","1820","MIC:XHKG","Volume 1000 < Seuil 100000 (1 cotations testées)"
"1825","STERLING GROUP HOLDINGS LTD.","","Hong Kong","HKEX","HKD","0","100000","XHKG","1825","MIC:XHKG","Volume 0 < Seuil 100000 (1 cotations testées)"
"1827","MIRICOR ENTERPRISES HOLDINGS LTD.","","Hong Kong","HKEX","HKD","5000","100000","XHKG","1827","MIC:XHKG","Volume 5000 < Seuil 100000 (1 cotations testées)"
"1832","SAI LEISURE GROUP CO. LTD.","","Hong Kong","HKEX","HKD","9900","100000","XHKG","1832","MIC:XHKG","Volume 9900 < Seuil 100000 (1 cotations testées)"
"1802","WENYE GROUP HOLDINGS LTD.","","Hong Kong","HKEX","HKD","0","100000","XHKG","1802","MIC:XHKG","Volume 0 < Seuil 100000 (1 cotations testées)"
"1497","XIAMEN YAN PALACE BIRDS NEST CO., LTD.","","Hong Kong","HKEX","HKD","7040","100000","XHKG","1497","MIC:XHKG","Volume 7040 < Seuil 100000 (1 cotations testées)"
"1496","AP RENTALS HOLDINGS LTD.","","Hong Kong","HKEX","HKD","43200","100000","XHKG","1496","MIC:XHKG","Volume 43200 < Seuil 100000 (1 cotations testées)"
"1163","ADTIGER CORPORATION LIMITED","","Hong Kong","HKEX","HKD","16000","100000","XHKG","1163","MIC:XHKG","Volume 16000 < Seuil 100000 (1 cotations testées)"
"1165","SHUNFENG INTERNATIONAL CLEAN ENERGY LTD.","","Hong Kong","HKEX","HKD","0","100000","XHKG","1165","MIC:XHKG","Volume 0 < Seuil 100000 (1 cotations testées)"
"146","TAI PING CARPETS INTERNATIONAL LIMITED","","Hong Kong","HKEX","HKD","20000","100000","XHKG","0146","MIC:XHKG","Volume 20000 < Seuil 100000 (1 cotations testées)"
"1170","KINGMAKER FOOTWEAR HOLDINGS LIMITED","","Hong Kong","HKEX","HKD","59600","100000","XHKG","1170","MIC:XHKG","Volume 59600 < Seuil 100000 (1 cotations testées)"
"1159","SMART DIGITAL TECHNOLOGY GROUP LTD.","","Hong Kong","HKEX","HKD","86100","100000","XHKG","1159","MIC:XHKG","Volume 86100 < Seuil 100000 (1 cotations testées)"
"CIN","COURAGE INVESTMENT GROUP LTD.","","Singapour","SGX","SGD","1250","100000","XSES","CIN","REGION:ASIA","Volume 1250 < Seuil 100000 (2 cotations testées)"
"138","CCT FORTIS HOLDINGS LIMITED","","Hong Kong","HKEX","HKD","20000","100000","XHKG","0138","MIC:XHKG","Volume 20000 < Seuil 100000 (1 cotations testées)"
"1150","MILAN STATION HOLDINGS LTD.","","Hong Kong","HKEX","HKD","27000","100000","XHKG","1150","MIC:XHKG","Volume 27000 < Seuil 100000 (1 cotations testées)"
"137","JINHUI HOLDINGS COMPANY LIMITED","","Hong Kong","HKEX","HKD","16600","100000","XHKG","0137","MIC:XHKG","Volume 16600 < Seuil 100000 (1 cotations testées)"
"1182","SUCCESS DRAGON INTERNATIONAL HOLDINGS LTD.","","Hong Kong","HKEX","HKD","69050","100000","XHKG","1182","MIC:XHKG","Volume 69050 < Seuil 100000 (1 cotations testées)"
"1213","MOBICON GROUP LTD.","","Hong Kong","HKEX","HKD","6400","100000","XHKG","1213","MIC:XHKG","Volume 6400 < Seuil 100000 (1 cotations testées)"
"1216","ZHONGYUAN BANK CO., LTD.","","Hong Kong","HKEX","HKD","65400","100000","XHKG","1216","MIC:XHKG","Volume 65400 < Seuil 100000 (1 cotations testées)"
"1218","EASYLKNIT INTERNATIONAL HOLDINGS LIMITED","","Hong Kong","HKEX","HKD","12000","100000","XHKG","1218","MIC:XHKG","Volume 12000 < Seuil 100000 (1 cotations testées)"
"154","BEIJING ENTERPRISES ENVIRONMENT GROUP LIMITED","","Hong Kong","HKEX","HKD","79900","100000","XHKG","0154","MIC:XHKG","Volume 79900 < Seuil 100000 (1 cotations testées)"
"1220","ZHIDAO INTERNATIONAL HOLDING CORP.","","Hong Kong","HKEX","HKD","0","100000","XHKG","1220","MIC:XHKG","Volume 0 < Seuil 100000 (1 cotations testées)"
"1221","SINO HOTELS HOLDINGS LTD.","","Hong Kong","HKEX","HKD","23391","100000","XHKG","1221","MIC:XHKG","Volume 23391 < Seuil 100000 (1 cotations testées)"
"156","LIPPO CHINA RESOURCES LIMITED","","Hong Kong","HKEX","HKD","24340","100000","XHKG","0156","MIC:XHKG","Volume 24340 < Seuil 100000 (1 cotations testées)"
"157","NATURAL BEAUTY BIO-TECHNOLOGY LIMITED","","Hong Kong","HKEX","HKD","5000","100000","XHKG","0157","MIC:XHKG","Volume 5000 < Seuil 100000 (1 cotations testées)"
"1224","C C LAND HOLDINGS LTD.","","Hong Kong","HKEX","HKD","10000","100000","XHKG","1224","MIC:XHKG","Volume 10000 < Seuil 100000 (1 cotations testées)"
"1226","CHINA INVESTMENT & FINANCE GROUP LTD.","","Hong Kong","HKEX","HKD","0","100000","XHKG","1226","MIC:XHKG","Volume 0 < Seuil 100000 (1 cotations testées)"
"1229","NAN NAN RESOURCES ENTERPRISE LIMITED","","Hong Kong","HKEX","HKD","33200","100000","XHKG","1229","MIC:XHKG","Volume 33200 < Seuil 100000 (1 cotations testées)"
"1231","NEWTON RESOURCES LTD.","","Hong Kong","HKEX","HKD","11400","100000","XHKG","1231","MIC:XHKG","Volume 11400 < Seuil 100000 (1 cotations testées)"
"1188","HYBRID KINETIC GROUP LTD.","","Hong Kong","HKEX","HKD","0","100000","XHKG","1188","MIC:XHKG","Volume 0 < Seuil 100000 (1 cotations testées)"
"1198","ROYALE HOME HOLDINGS LTD.","","Hong Kong","HKEX","HKD","2800","100000","XHKG","1198","MIC:XHKG","Volume 2800 < Seuil 100000 (1 cotations testées)"
"1204","BOARDWARE INTELLIGENCE TECHNOLOGY LIMITED","","Hong Kong","HKEX","HKD","7800","100000","XHKG","1204","MIC:XHKG","Volume 7800 < Seuil 100000 (1 cotations testées)"
"150","HYPEBEAST LIMITED","","Hong Kong","HKEX","HKD","64520","100000","XHKG","0150","MIC:XHKG","Volume 64520 < Seuil 100000 (1 cotations testées)"
"1206","TECHNOVATOR INTERNATIONAL LTD.","","Hong Kong","HKEX","HKD","48200","100000","XHKG","1206","MIC:XHKG","Volume 48200 < Seuil 100000 (1 cotations testées)"
"1129","CHINA WATER INDUSTRY GROUP LIMITED","","Hong Kong","HKEX","HKD","0","100000","XHKG","1129","MIC:XHKG","Volume 0 < Seuil 100000 (1 cotations testées)"
"1064","ZHONG HUA INTERNATIONAL HOLDINGS LTD.","","Hong Kong","HKEX","HKD","0","100000","XHKG","1064","MIC:XHKG","Volume 0 < Seuil 100000 (1 cotations testées)"
"1068","CHINA YURUN FOOD GROUP LTD.","","Hong Kong","HKEX","HKD","69100","100000","XHKG","1068","MIC:XHKG","Volume 69100 < Seuil 100000 (1 cotations testées)"
"1059","KANTONE HOLDINGS LTD.","","Hong Kong","HKEX","HKD","12900","100000","XHKG","1059","MIC:XHKG","Volume 12900 < Seuil 100000 (1 cotations testées)"
"125","SUN HING VISION GROUP HOLDINGS LIMITED","","Hong Kong","HKEX","HKD","2600","100000","XHKG","0125","MIC:XHKG","Volume 2600 < Seuil 100000 (1 cotations testées)"
"1073","DA YU FINANCIAL HOLDINGS LTD.","","Hong Kong","HKEX","HKD","20500","100000","XHKG","1073","MIC:XHKG","Volume 20500 < Seuil 100000 (1 cotations testées)"
"1075","CAPINFO CO. LTD.","","Hong Kong","HKEX","HKD","25940","100000","XHKG","1075","MIC:XHKG","Volume 25940 < Seuil 100000 (1 cotations testées)"
"1069","CHINA HEALTH TECHNOLOGY GROUP LTD.","","Hong Kong","HKEX","HKD","0","100000","XHKG","1069","MIC:XHKG","Volume 0 < Seuil 100000 (1 cotations testées)"
"1058","NAM YUE HOLDINGS LIMITED","","Hong Kong","HKEX","HKD","99400","100000","XHKG","1058","MIC:XHKG","Volume 99400 < Seuil 100000 (1 cotations testées)"
"1039","CHANGYOU INTERNATIONAL GROUP INC.","","Hong Kong","HKEX","HKD","31200","100000","XHKG","1039","MIC:XHKG","Volume 31200 < Seuil 100000 (1 cotations testées)"
"1049","CELESTIAL ASIA SECURITIES HOLDINGS LTD.","","Hong Kong","HKEX","HKD","3486","100000","XHKG","1049","MIC:XHKG","Volume 3486 < Seuil 100000 (1 cotations testées)"
"1051","G-RESOURCES GROUP LTD.","","Hong Kong","HKEX","HKD","54546","100000","XHKG","1051","MIC:XHKG","Volume 54546 < Seuil 100000 (1 cotations testées)"
"122","CROCODILE GARMENTS LIMITED","","Hong Kong","HKEX","HKD","17026","100000","XHKG","0122","MIC:XHKG","Volume 17026 < Seuil 100000 (1 cotations testées)"
"1116","MAYER HOLDINGS LTD.","","Hong Kong","HKEX","HKD","75200","100000","XHKG","1116","MIC:XHKG","Volume 75200 < Seuil 100000 (1 cotations testées)"
"1118","GOLIK HOLDINGS LTD.","","Hong Kong","HKEX","HKD","40000","100000","XHKG","1118","MIC:XHKG","Volume 40000 < Seuil 100000 (1 cotations testées)"
"1120","ARTS OPTICAL INTERNATIONAL HOLDINGS LTD.","","Hong Kong","HKEX","HKD","36200","100000","XHKG","1120","MIC:XHKG","Volume 36200 < Seuil 100000 (1 cotations testées)"
"132","CHINA INVESTMENTS HOLDINGS LIMITED","","Hong Kong","HKEX","HKD","85000","100000","XHKG","0132","MIC:XHKG","Volume 85000 < Seuil 100000 (1 cotations testées)"
"1125","LAI FUNG HOLDINGS LTD.","","Hong Kong","HKEX","HKD","34800","100000","XHKG","1125","MIC:XHKG","Volume 34800 < Seuil 100000 (1 cotations testées)"
"131","CHEUK NANG","","Hong Kong","HKEX","HKD","39262","100000","XHKG","0131","MIC:XHKG","Volume 39262 < Seuil 100000 (1 cotations testées)"
"1107","MODERN LAND (CHINA) CO., LTD.","","Hong Kong","HKEX","HKD","0","100000","XHKG","1107","MIC:XHKG","Volume 0 < Seuil 100000 (1 cotations testées)"
"1084","GREEN FUTURE FOOD HYDROCOLLOID MARINE SCIENCE CO., LTD.","","Hong Kong","HKEX","HKD","64000","100000","XHKG","1084","MIC:XHKG","Volume 64000 < Seuil 100000 (1 cotations testées)"
"1085","HENGXIN TECHNOLOGY LTD.","","Hong Kong","HKEX","HKD","80000","100000","XHKG","1085","MIC:XHKG","Volume 80000 < Seuil 100000 (1 cotations testées)"
"1090","DA MING INTERNATIONAL HOLDINGS LIMITED","","Hong Kong","HKEX","HKD","34000","100000","XHKG","1090","MIC:XHKG","Volume 34000 < Seuil 100000 (1 cotations testées)"
"1098","ROAD KING INFRASTRUCTURE LTD.","","Hong Kong","HKEX","HKD","37500","100000","XHKG","1098","MIC:XHKG","Volume 37500 < Seuil 100000 (1 cotations testées)"
"1100","MAINLAND HEADWEAR HOLDINGS LTD.","","Hong Kong","HKEX","HKD","21600","100000","XHKG","1100","MIC:XHKG","Volume 21600 < Seuil 100000 (1 cotations testées)"
"1101","CHINA HUARONG ENERGY CO. LTD.","","Hong Kong","HKEX","HKD","0","100000","XHKG","1101","MIC:XHKG","Volume 0 < Seuil 100000 (1 cotations testées)"
"1105","SING TAO NEWS CORPORATION LIMITED","","Hong Kong","HKEX","HKD","3000","100000","XHKG","1105","MIC:XHKG","Volume 3000 < Seuil 100000 (1 cotations testées)"
"306","KWOON CHUNG BUS HOLDINGS LIMITED","","Hong Kong","HKEX","HKD","39400","100000","XHKG","0306","MIC:XHKG","Volume 39400 < Seuil 100000 (1 cotations testées)"
"1235","TRAVEL EXPERT ASIA ENTERPRISES LIMITED","","Hong Kong","HKEX","HKD","10000","100000","XHKG","1235","MIC:XHKG","Volume 10000 < Seuil 100000 (1 cotations testées)"
"158","MELBOURNE ENTERPRISES LIMITED","","Hong Kong","HKEX","HKD","0","100000","XHKG","0158","MIC:XHKG","Volume 0 < Seuil 100000 (1 cotations testées)"
"1406","CLARITY MEDICAL GROUP HOLDING LTD.","","Hong Kong","HKEX","HKD","0","100000","XHKG","1406","MIC:XHKG","Volume 0 < Seuil 100000 (1 cotations testées)"
"1407","JY GAS LTD.","","Hong Kong","HKEX","HKD","81400","100000","XHKG","1407","MIC:XHKG","Volume 81400 < Seuil 100000 (1 cotations testées)"
"1408","MACAU E&M HOLDING LTD.","","Hong Kong","HKEX","HKD","20800","100000","XHKG","1408","MIC:XHKG","Volume 20800 < Seuil 100000 (1 cotations testées)"
"180","KADER HOLDINGS COMPANY LIMITED","","Hong Kong","HKEX","HKD","23000","100000","XHKG","0180","MIC:XHKG","Volume 23000 < Seuil 100000 (1 cotations testées)"
"1393","HIDILI INDUSTRY INTERNATIONAL DEVELOPMENT LIMITED","","Hong Kong","HKEX","HKD","49100","100000","XHKG","1393","MIC:XHKG","Volume 49100 < Seuil 100000 (1 cotations testées)"
"1362","SIS MOBILE HOLDINGS LTD.","","Hong Kong","HKEX","HKD","4000","100000","XHKG","1362","MIC:XHKG","Volume 4000 < Seuil 100000 (1 cotations testées)"
"174","GEMINI INVESTMENTS","","Hong Kong","HKEX","HKD","4000","100000","XHKG","0174","MIC:XHKG","Volume 4000 < Seuil 100000 (1 cotations testées)"
"1370","AOWEI HOLDINGS LTD.","","Hong Kong","HKEX","HKD","4400","100000","XHKG","1370","MIC:XHKG","Volume 4400 < Seuil 100000 (1 cotations testées)"
"1371","CHINA ECOTOURISM GROUP LTD.","","Hong Kong","HKEX","HKD","14331","100000","XHKG","1371","MIC:XHKG","Volume 14331 < Seuil 100000 (1 cotations testées)"
"1376","RAFFLES INTERIOR LTD.","","Hong Kong","HKEX","HKD","0","100000","XHKG","1376","MIC:XHKG","Volume 0 < Seuil 100000 (1 cotations testées)"
"1379","WENLING ZHEJIANG MEASURING TOOLS CO., LTD.","","Hong Kong","HKEX","HKD","62500","100000","XHKG","1379","MIC:XHKG","Volume 62500 < Seuil 100000 (1 cotations testées)"
"176","SUPERACTIVE GROUP COMPANY LIMITED","","Hong Kong","HKEX","HKD","0","100000","XHKG","0176","MIC:XHKG","Volume 0 < Seuil 100000 (1 cotations testées)"
"1418","SINOMAX GROUP LTD.","","Hong Kong","HKEX","HKD","51600","100000","XHKG","1418","MIC:XHKG","Volume 51600 < Seuil 100000 (1 cotations testées)"
"1463","C-LINK SQUARED LTD.","","Hong Kong","HKEX","HKD","14800","100000","XHKG","1463","MIC:XHKG","Volume 14800 < Seuil 100000 (1 cotations testées)"
"1470","PROSPER ONE INTERNATIONAL HOLDINGS LTD.","","Hong Kong","HKEX","HKD","36400","100000","XHKG","1470","MIC:XHKG","Volume 36400 < Seuil 100000 (1 cotations testées)"
"1471","ZHONGMIAO HOLDINGS QINGDAO LTD.","","Hong Kong","HKEX","HKD","4210","100000","XHKG","1471","MIC:XHKG","Volume 4210 < Seuil 100000 (1 cotations testées)"
"1475","NISSIN FOODS CO., LTD.","","Hong Kong","HKEX","HKD","49550","100000","XHKG","1475","MIC:XHKG","Volume 49550 < Seuil 100000 (1 cotations testées)"
"1480","YAN TAT GROUP HOLDINGS LTD.","","Hong Kong","HKEX","HKD","72500","100000","XHKG","1480","MIC:XHKG","Volume 72500 < Seuil 100000 (1 cotations testées)"
"1481","SMART GLOBE HOLDINGS LTD.","","Hong Kong","HKEX","HKD","67000","100000","XHKG","1481","MIC:XHKG","Volume 67000 < Seuil 100000 (1 cotations testées)"
"1486","C CHENG HOLDINGS LIMITED","","Hong Kong","HKEX","HKD","20000","100000","XHKG","1486","MIC:XHKG","Volume 20000 < Seuil 100000 (1 cotations testées)"
"1476","HENGTAI SECURITIES CO., LTD.","","Hong Kong","HKEX","HKD","11000","100000","XHKG","1476","MIC:XHKG","Volume 11000 < Seuil 100000 (1 cotations testées)"
"181","FUJIAN HOLDINGS LIMITED","","Hong Kong","HKEX","HKD","4000","100000","XHKG","0181","MIC:XHKG","Volume 4000 < Seuil 100000 (1 cotations testées)"
"1433","CIRTEK HOLDINGS LTD.","","Hong Kong","HKEX","HKD","0","100000","XHKG","1433","MIC:XHKG","Volume 0 < Seuil 100000 (1 cotations testées)"
"1442","INFINITY LOGISTICS & TRANSPORT VENTURES LIMITED","","Hong Kong","HKEX","HKD","1500","100000","XHKG","1442","MIC:XHKG","Volume 1500 < Seuil 100000 (1 cotations testées)"
"1446","HUNG FOOK TONG GROUP HOLDINGS LIMITED","","Hong Kong","HKEX","HKD","51400","100000","XHKG","1446","MIC:XHKG","Volume 51400 < Seuil 100000 (1 cotations testées)"
"1448","FU SHOU YUAN INTERNATIONAL GROUP LTD.","","Hong Kong","HKEX","HKD","0","100000","XHKG","1448","MIC:XHKG","Volume 0 < Seuil 100000 (1 cotations testées)"
"1419","HUMAN HEALTH HOLDINGS LTD.","","Hong Kong","HKEX","HKD","22000","100000","XHKG","1419","MIC:XHKG","Volume 22000 < Seuil 100000 (1 cotations testées)"
"1271","GRAND MING GROUP HOLDINGS LIMITED","","Hong Kong","HKEX","HKD","28157","100000","XHKG","1271","MIC:XHKG","Volume 28157 < Seuil 100000 (1 cotations testées)"
"1273","HONG KONG FINANCE GROUP LTD.","","Hong Kong","HKEX","HKD","76000","100000","XHKG","1273","MIC:XHKG","Volume 76000 < Seuil 100000 (1 cotations testées)"
"1284","NEW MEDIA LAB LTD.","","Hong Kong","HKEX","HKD","96000","100000","XHKG","1284","MIC:XHKG","Volume 96000 < Seuil 100000 (1 cotations testées)"
"1285","JIASHILI GROUP LTD.","","Hong Kong","HKEX","HKD","47000","100000","XHKG","1285","MIC:XHKG","Volume 47000 < Seuil 100000 (1 cotations testées)"
"1289","WUXI SUNLIT SCIENCE AND TECHNOLOGY CO., LTD.","","Hong Kong","HKEX","HKD","24800","100000","XHKG","1289","MIC:XHKG","Volume 24800 < Seuil 100000 (1 cotations testées)"
"163","EMPEROR INTERNATIONAL HOLDINGS LIMITED","","Hong Kong","HKEX","HKD","54400","100000","XHKG","0163","MIC:XHKG","Volume 54400 < Seuil 100000 (1 cotations testées)"
"1262","LABIXIAOXIN SNACKS GROUP LTD.","","Hong Kong","HKEX","HKD","42000","100000","XHKG","1262","MIC:XHKG","Volume 42000 < Seuil 100000 (1 cotations testées)"
"646","CHINA ENVIRONMENTAL TECHNOLOGY  HOLDINGS LIMITED","","Hong Kong","HKEX","HKD","70400","100000","XHKG","0646","MIC:XHKG","Volume 70400 < Seuil 100000 (2 cotations testées)"
"1239","TEAMWAY INTERNATIONAL GROUP HOLDINGS LTD.","","Hong Kong","HKEX","HKD","2000","100000","XHKG","1239","MIC:XHKG","Volume 2000 < Seuil 100000 (1 cotations testées)"
"1240","CNQC INTERNATIONAL HOLDINGS LIMITED","","Hong Kong","HKEX","HKD","7500","100000","XHKG","1240","MIC:XHKG","Volume 7500 < Seuil 100000 (1 cotations testées)"
"1241","SHUANGHUA HOLDINGS LTD.","","Hong Kong","HKEX","HKD","81000","100000","XHKG","1241","MIC:XHKG","Volume 81000 < Seuil 100000 (1 cotations testées)"
"1246","BOILL HEALTHCARE HOLDINGS LIMITED","","Hong Kong","HKEX","HKD","0","100000","XHKG","1246","MIC:XHKG","Volume 0 < Seuil 100000 (1 cotations testées)"
"1250","SHANDONG HI-SPEED NEW ENERGY GROUP LTD.","","Hong Kong","HKEX","HKD","18700","100000","XHKG","1250","MIC:XHKG","Volume 18700 < Seuil 100000 (1 cotations testées)"
"1252","CHINA TIANRUI GROUP CEMENT CO. LTD.","","Hong Kong","HKEX","HKD","0","100000","XHKG","1252","MIC:XHKG","Volume 0 < Seuil 100000 (1 cotations testées)"
"1255","TATA HEALTH INTERNATIONAL HOLDINGS LTD.","","Hong Kong","HKEX","HKD","62600","100000","XHKG","1255","MIC:XHKG","Volume 62600 < Seuil 100000 (1 cotations testées)"
"1257","CHINA EVERBRIGHT GREENTECH LIMITED","","Hong Kong","HKEX","HKD","96600","100000","XHKG","1257","MIC:XHKG","Volume 96600 < Seuil 100000 (1 cotations testées)"
"1290","CHINA HUIRONG FINANCIAL HOLDINGS LTD.","","Hong Kong","HKEX","HKD","16600","100000","XHKG","1290","MIC:XHKG","Volume 16600 < Seuil 100000 (1 cotations testées)"
"1292","CHANGAN MINSHENG APLL LOGISTICS CO., LTD.","","Hong Kong","HKEX","HKD","2000","100000","XHKG","1292","MIC:XHKG","Volume 2000 < Seuil 100000 (1 cotations testées)"
"1298","YUNNAN ENERGY INTERNATIONAL CO. LTD.","","Hong Kong","HKEX","HKD","16000","100000","XHKG","1298","MIC:XHKG","Volume 16000 < Seuil 100000 (1 cotations testées)"
"1327","LUXXU GROUP LTD.","","Hong Kong","HKEX","HKD","67607","100000","XHKG","1327","MIC:XHKG","Volume 67607 < Seuil 100000 (1 cotations testées)"
"1345","SHANGHAI PIONEER HOLDING LTD.","","Hong Kong","HKEX","HKD","47300","100000","XHKG","1345","MIC:XHKG","Volume 47300 < Seuil 100000 (1 cotations testées)"
"1351","BRIGHT FUTURE TECHNOLOGY HOLDINGS LTD.","","Hong Kong","HKEX","HKD","45800","100000","XHKG","1351","MIC:XHKG","Volume 45800 < Seuil 100000 (1 cotations testées)"
"1354","XI'AN KINGFAR PROPERTY SERVICES GROUP CO., LTD.","","Hong Kong","HKEX","HKD","97170","100000","XHKG","1354","MIC:XHKG","Volume 97170 < Seuil 100000 (1 cotations testées)"
"1341","HAO TIAN INTERNATIONAL CONSTRUCTION INVESTMENT GROUP LTD.","","Hong Kong","HKEX","HKD","0","100000","XHKG","1341","MIC:XHKG","Volume 0 < Seuil 100000 (1 cotations testées)"
"1326","TRANSMIT ENTERTAINMENT LTD.","","Hong Kong","HKEX","HKD","0","100000","XHKG","1326","MIC:XHKG","Volume 0 < Seuil 100000 (1 cotations testées)"
"1321","CHINA NEW CITY COMMERCIAL DEVELOPMENT LTD.","","Hong Kong","HKEX","HKD","24000","100000","XHKG","1321","MIC:XHKG","Volume 24000 < Seuil 100000 (1 cotations testées)"
"1301","D&G TECHNOLOGY HOLDING CO. LTD.","","Hong Kong","HKEX","HKD","25000","100000","XHKG","1301","MIC:XHKG","Volume 25000 < Seuil 100000 (1 cotations testées)"
"1305","WAI CHI HOLDINGS CO., LTD.","","Hong Kong","HKEX","HKD","39700","100000","XHKG","1305","MIC:XHKG","Volume 39700 < Seuil 100000 (1 cotations testées)"
"1293","GRAND BAOXIN AUTO GROUP LTD.","","Hong Kong","HKEX","HKD","0","100000","XHKG","1293","MIC:XHKG","Volume 0 < Seuil 100000 (1 cotations testées)"
"2596","YIBIN CITY COMMERCIAL BANK CO., LTD.","","Hong Kong","HKEX","HKD","2000","100000","XHKG","2596","MIC:XHKG","Volume 2000 < Seuil 100000 (1 cotations testées)"
"2597","BEIJING XUNZHONG COMMUNICATION TECHNOLOGY CO., LTD.","","Hong Kong","HKEX","HKD","32500","100000","XHKG","2597","MIC:XHKG","Volume 32500 < Seuil 100000 (1 cotations testées)"
"2593","HERBS GENERATION GROUP HOLDINGS LIMITED","","Hong Kong","HKEX","HKD","40000","100000","XHKG","2593","MIC:XHKG","Volume 40000 < Seuil 100000 (1 cotations testées)"
"2613","CONTIOCEAN ENVIRONMENT TECH. CO., LTD.","","Hong Kong","HKEX","HKD","24940","100000","XHKG","2613","MIC:XHKG","Volume 24940 < Seuil 100000 (1 cotations testées)"
"2621","SHOUHUI GROUP LTD.","","Hong Kong","HKEX","HKD","13280","100000","XHKG","2621","MIC:XHKG","Volume 13280 < Seuil 100000 (1 cotations testées)"
"2608","SUNSHINE 100 CHINA HOLDINGS LTD.","","Hong Kong","HKEX","HKD","31000","100000","XHKG","2608","MIC:XHKG","Volume 31000 < Seuil 100000 (1 cotations testées)"
"2571","BEIJING SAIMO TECHNOLOGY CO., LTD.","","Hong Kong","HKEX","HKD","2060","100000","XHKG","2571","MIC:XHKG","Volume 2060 < Seuil 100000 (1 cotations testées)"
"2573","NEWTREND GROUP HOLDING CO. LTD.","","Hong Kong","HKEX","HKD","12540","100000","XHKG","2573","MIC:XHKG","Volume 12540 < Seuil 100000 (1 cotations testées)"
"2581","BENQ BM HOLDING CAYMAN CORP.","","Hong Kong","HKEX","HKD","50950","100000","XHKG","2581","MIC:XHKG","Volume 50950 < Seuil 100000 (1 cotations testées)"
"2627","AB&B BIO-TECH CO., LTD. (JS)","","Hong Kong","HKEX","HKD","0","100000","XHKG","2627","MIC:XHKG","Volume 0 < Seuil 100000 (1 cotations testées)"
"3366","OVERSEAS CHINESE TOWN (ASIA) HOLDINGS LTD.","","Hong Kong","HKEX","HKD","7800","100000","XHKG","3366","MIC:XHKG","Volume 7800 < Seuil 100000 (1 cotations testées)"
"2651","WUHAN DAZHONG DENTAL MEDICAL CO., LTD.","","Hong Kong","HKEX","HKD","36050","100000","XHKG","2651","MIC:XHKG","Volume 36050 < Seuil 100000 (1 cotations testées)"
"3363","ZHENGYE INTERNATIONAL HOLDINGS CO., LTD.","","Hong Kong","HKEX","HKD","400","100000","XHKG","3363","MIC:XHKG","Volume 400 < Seuil 100000 (1 cotations testées)"
"2658","GUANGDONG TIANYU SEMICONDUCTOR CO., LTD. H SHARES","","Hong Kong","HKEX","HKD","80415","100000","XHKG","2658","MIC:XHKG","Volume 80415 < Seuil 100000 (1 cotations testées)"
"2649","ALSCO POOLING SERVICE CO., LTD.","","Hong Kong","HKEX","HKD","0","100000","XHKG","2649","MIC:XHKG","Volume 0 < Seuil 100000 (1 cotations testées)"
"2670","BEIJING YUNJI TECHNOLOGY CO., LTD.","","Hong Kong","HKEX","HKD","21027","100000","XHKG","2670","MIC:XHKG","Volume 21027 < Seuil 100000 (1 cotations testées)"
"3399","GUANGDONG YUEYUN TRANSPORTATION COMPANY LIMITED","","Hong Kong","HKEX","HKD","55200","100000","XHKG","3399","MIC:XHKG","Volume 55200 < Seuil 100000 (1 cotations testées)"
"3398","CHINA TING GROUP HOLDINGS LTD.","","Hong Kong","HKEX","HKD","59000","100000","XHKG","3398","MIC:XHKG","Volume 59000 < Seuil 100000 (1 cotations testées)"
"2629","MIRXES HOLDING CO. LTD.","","Hong Kong","HKEX","HKD","0","100000","XHKG","2629","MIC:XHKG","Volume 0 < Seuil 100000 (1 cotations testées)"
"2630","VIGONVITA LIFE SCIENCES CO., LTD.","","Hong Kong","HKEX","HKD","94231","100000","XHKG","2630","MIC:XHKG","Volume 94231 < Seuil 100000 (1 cotations testées)"
"2632","JIANGSU NEW VISION AUTOMOTIVE ELECTRONICS CO. LTD. CLASS H","","Hong Kong","HKEX","HKD","16780","100000","XHKG","2632","MIC:XHKG","Volume 16780 < Seuil 100000 (1 cotations testées)"
"2637","FUJIAN HAIXI PHARMACEUTICALS CO., LTD.","","Hong Kong","HKEX","HKD","99928","100000","XHKG","2637","MIC:XHKG","Volume 99928 < Seuil 100000 (1 cotations testées)"
"3378","HANX BIOPHARMACEUTICALS (WUHAN) CO., LTD.","","Hong Kong","HKEX","HKD","94200","100000","XHKG","3378","MIC:XHKG","Volume 94200 < Seuil 100000 (1 cotations testées)"
"2563","BEIJING BIOSTAR PHARMACEUTICALS, CO., LTD.","","Hong Kong","HKEX","HKD","8880","100000","XHKG","2563","MIC:XHKG","Volume 8880 < Seuil 100000 (1 cotations testées)"
"2561","VISEN PHARMACEUTICALS","","Hong Kong","HKEX","HKD","12020","100000","XHKG","2561","MIC:XHKG","Volume 12020 < Seuil 100000 (1 cotations testées)"
"2560","ANHUI CONCH MATERIAL TECHNOLOGY COMPANY LIMITED","","Hong Kong","HKEX","HKD","24200","100000","XHKG","2560","MIC:XHKG","Volume 24200 < Seuil 100000 (1 cotations testées)"
"2479","TIANJU DIHE SUZHOU DATA CO., LTD.","","Hong Kong","HKEX","HKD","0","100000","XHKG","2479","MIC:XHKG","Volume 0 < Seuil 100000 (1 cotations testées)"
"2480","BEIJING LUZHU BIOTECHNOLOGY CO., LTD.","","Hong Kong","HKEX","HKD","2080","100000","XHKG","2480","MIC:XHKG","Volume 2080 < Seuil 100000 (1 cotations testées)"
"2459","SANERGY GROUP LTD.","","Hong Kong","HKEX","HKD","85000","100000","XHKG","2459","MIC:XHKG","Volume 85000 < Seuil 100000 (1 cotations testées)"
"2482","LOGORY LOGISTICS TECHNOLOGY CO., LTD.","","Hong Kong","HKEX","HKD","13800","100000","XHKG","2482","MIC:XHKG","Volume 13800 < Seuil 100000 (1 cotations testées)"
"2483","K CASH CORP LTD.","","Hong Kong","HKEX","HKD","42200","100000","XHKG","2483","MIC:XHKG","Volume 42200 < Seuil 100000 (1 cotations testées)"
"2486","PLUS GROUP HOLDINGS INC.","","Hong Kong","HKEX","HKD","35000","100000","XHKG","2486","MIC:XHKG","Volume 35000 < Seuil 100000 (1 cotations testées)"
"2487","CUTIA THERAPEUTICS LIMITED","","Hong Kong","HKEX","HKD","74860","100000","XHKG","2487","MIC:XHKG","Volume 74860 < Seuil 100000 (1 cotations testées)"
"2495","HUBEI VOICECOMM TECHNOLOGY CO. LTD.","","Hong Kong","HKEX","HKD","29464","100000","XHKG","2495","MIC:XHKG","Volume 29464 < Seuil 100000 (1 cotations testées)"
"2481","WISE LIVING TECHNOLOGY CO., LTD.","","Hong Kong","HKEX","HKD","6300","100000","XHKG","2481","MIC:XHKG","Volume 6300 < Seuil 100000 (1 cotations testées)"
"2457","BUYANG INTERNATIONAL HOLDING INC.","","Hong Kong","HKEX","HKD","82500","100000","XHKG","2457","MIC:XHKG","Volume 82500 < Seuil 100000 (1 cotations testées)"
"3616","EVER REACH GROUP HOLDINGS CO LTD.","","Hong Kong","HKEX","HKD","0","100000","XHKG","3616","MIC:XHKG","Volume 0 < Seuil 100000 (1 cotations testées)"
"2440","HOWKINGTECH INTERNATIONAL HOLDINGS LIMITED","","Hong Kong","HKEX","HKD","76900","100000","XHKG","2440","MIC:XHKG","Volume 76900 < Seuil 100000 (1 cotations testées)"
"3601","360 LUDASHI HOLDINGS LTD.","","Hong Kong","HKEX","HKD","21300","100000","XHKG","3601","MIC:XHKG","Volume 21300 < Seuil 100000 (1 cotations testées)"
"2450","HUAIBEI GREENGOLD INDUSTRY CO., LTD.","","Hong Kong","HKEX","HKD","78900","100000","XHKG","2450","MIC:XHKG","Volume 78900 < Seuil 100000 (1 cotations testées)"
"2496","WUHAN YZY BIOPHARMA CO., LTD.","","Hong Kong","HKEX","HKD","0","100000","XHKG","2496","MIC:XHKG","Volume 0 < Seuil 100000 (1 cotations testées)"
"2499","FOLANGSI CO., LTD.","","Hong Kong","HKEX","HKD","23200","100000","XHKG","2499","MIC:XHKG","Volume 23200 < Seuil 100000 (1 cotations testées)"
"2531","GL-CARLINK TECHNOLOGY HOLDING LIMITED","","Hong Kong","HKEX","HKD","50950","100000","XHKG","2531","MIC:XHKG","Volume 50950 < Seuil 100000 (1 cotations testées)"
"2536","PALASINO HOLDINGS LTD.","","Hong Kong","HKEX","HKD","29400","100000","XHKG","2536","MIC:XHKG","Volume 29400 < Seuil 100000 (1 cotations testées)"
"2539","LEMO SERVICES CO., LTD.","","Hong Kong","HKEX","HKD","14950","100000","XHKG","2539","MIC:XHKG","Volume 14950 < Seuil 100000 (1 cotations testées)"
"2543","DAHON TECH (SHENZHEN) CO., LTD.","","Hong Kong","HKEX","HKD","26690","100000","XHKG","2543","MIC:XHKG","Volume 26690 < Seuil 100000 (1 cotations testées)"
"2545","ZHONGGAN COMMUNICATION GROUP CO., LTD.","","Hong Kong","HKEX","HKD","55000","100000","XHKG","2545","MIC:XHKG","Volume 55000 < Seuil 100000 (1 cotations testées)"
"2529","HOLLWIN URBAN OPERATION SERVICES CO., LTD.","","Hong Kong","HKEX","HKD","1800","100000","XHKG","2529","MIC:XHKG","Volume 1800 < Seuil 100000 (1 cotations testées)"
"2551","APT ELECTRONICS CO., LTD.","","Hong Kong","HKEX","HKD","87400","100000","XHKG","2551","MIC:XHKG","Volume 87400 < Seuil 100000 (1 cotations testées)"
"2558","JINSHANG BANK CO., LTD.","","Hong Kong","HKEX","HKD","14000","100000","XHKG","2558","MIC:XHKG","Volume 14000 < Seuil 100000 (1 cotations testées)"
"2549","CAROTE LTD.","","Hong Kong","HKEX","HKD","69350","100000","XHKG","2549","MIC:XHKG","Volume 69350 < Seuil 100000 (1 cotations testées)"
"2528","FORWARD FASHION INTERNATIONAL HOLDINGS COMPANY LIMITED","","Hong Kong","HKEX","HKD","43800","100000","XHKG","2528","MIC:XHKG","Volume 43800 < Seuil 100000 (1 cotations testées)"
"2526","HANGZHOU DIAGENS BIOTECHNOLOGY CO., LTD.","","Hong Kong","HKEX","HKD","51366","100000","XHKG","2526","MIC:XHKG","Volume 51366 < Seuil 100000 (1 cotations testées)"
"2502","HENAN JINYUAN HYDROGENATED CO., LTD.","","Hong Kong","HKEX","HKD","22800","100000","XHKG","2502","MIC:XHKG","Volume 22800 < Seuil 100000 (1 cotations testées)"
"2505","EDA GROUP HOLDINGS LTD.","","Hong Kong","HKEX","HKD","37200","100000","XHKG","2505","MIC:XHKG","Volume 37200 < Seuil 100000 (1 cotations testées)"
"2506","XUNFEI HEALTHCARE TECHNOLOGY CO., LTD.","","Hong Kong","HKEX","HKD","33375","100000","XHKG","2506","MIC:XHKG","Volume 33375 < Seuil 100000 (1 cotations testées)"
"2509","QYUNS THERAPEUTICS CO. LTD.","","Hong Kong","HKEX","HKD","90580","100000","XHKG","2509","MIC:XHKG","Volume 90580 < Seuil 100000 (1 cotations testées)"
"2512","CLOUD FACTORY TECHNOLOGY HOLDINGS LTD.","","Hong Kong","HKEX","HKD","88000","100000","XHKG","2512","MIC:XHKG","Volume 88000 < Seuil 100000 (1 cotations testées)"
"2518","AUTOHOME INC.","","Hong Kong","HKEX","HKD","14660","100000","XHKG","2518","MIC:XHKG","Volume 14660 < Seuil 100000 (1 cotations testées)"
"2519","AUGROUP SHENZHEN CROSS-BORDER E-COMMERCE COMPANY LIMITED","","Hong Kong","HKEX","HKD","2220","100000","XHKG","2519","MIC:XHKG","Volume 2220 < Seuil 100000 (1 cotations testées)"
"3623","CHINA SUCCESS FINANCE GROUP HOLDINGS LTD.","","Hong Kong","HKEX","HKD","70200","100000","XHKG","3623","MIC:XHKG","Volume 70200 < Seuil 100000 (1 cotations testées)"
"2671","USAS BUILDING SYSTEM (SHANGHAI) CO., LTD.","","Hong Kong","HKEX","HKD","21690","100000","XHKG","2671","MIC:XHKG","Volume 21690 < Seuil 100000 (1 cotations testées)"
"3348","CHINA PENGFEI GROUP LTD.","","Hong Kong","HKEX","HKD","10000","100000","XHKG","3348","MIC:XHKG","Volume 10000 < Seuil 100000 (1 cotations testées)"
"289","WING ON COMPANY INTERNATIONAL LIMITED","","Hong Kong","HKEX","HKD","9800","100000","XHKG","0289","MIC:XHKG","Volume 9800 < Seuil 100000 (1 cotations testées)"
"298","CHUANG'S CHINA INVESTMENTS LIMITED","","Hong Kong","HKEX","HKD","44000","100000","XHKG","0298","MIC:XHKG","Volume 44000 < Seuil 100000 (1 cotations testées)"
"287","WINFAIR INVESTMENT COMPANY LIMITED","","Hong Kong","HKEX","HKD","0","100000","XHKG","0287","MIC:XHKG","Volume 0 < Seuil 100000 (1 cotations testées)"
"277","TERN PROPERTIES COMPANY LIMITED","","Hong Kong","HKEX","HKD","2400","100000","XHKG","0277","MIC:XHKG","Volume 2400 < Seuil 100000 (1 cotations testées)"
"276","MONGOLIA ENERGY CORPORATION LIMITED","","Hong Kong","HKEX","HKD","76878","100000","XHKG","0276","MIC:XHKG","Volume 76878 < Seuil 100000 (1 cotations testées)"
"274","CHINA BILLION RESOURCES LIMITED","","Hong Kong","HKEX","HKD","0","100000","XHKG","0274","MIC:XHKG","Volume 0 < Seuil 100000 (1 cotations testées)"
"271","ASIASEC PROPERTIES LIMITED","","Hong Kong","HKEX","HKD","0","100000","XHKG","0271","MIC:XHKG","Volume 0 < Seuil 100000 (1 cotations testées)"
"286","AIDIGONG MATERNAL & CHILD HEALTH LIMITED","","Hong Kong","HKEX","HKD","0","100000","XHKG","0286","MIC:XHKG","Volume 0 < Seuil 100000 (1 cotations testées)"
"299","GLORY SUN LAND GROUP LIMITED","","Hong Kong","HKEX","HKD","0","100000","XHKG","0299","MIC:XHKG","Volume 0 < Seuil 100000 (1 cotations testées)"
"2954","ALPHA PROFESSIONAL HOLDINGS LTD.","","Hong Kong","HKEX","HKD","0","100000","XHKG","2954","MIC:XHKG","Volume 0 < Seuil 100000 (1 cotations testées)"
"2957","CROWN INTERNATIONAL CORP LTD","","Hong Kong","HKEX","HKD","3200","100000","XHKG","2957","MIC:XHKG","Volume 3200 < Seuil 100000 (1 cotations testées)"
"2959","UNITY ENTERPRISE HOLDINGS LIMITED","","Hong Kong","HKEX","HKD","0","100000","XHKG","2959","MIC:XHKG","Volume 0 < Seuil 100000 (1 cotations testées)"
"2966","CHINA METAL RESOURCES UTILIZATION LTD.","","Hong Kong","HKEX","HKD","0","100000","XHKG","2966","MIC:XHKG","Volume 0 < Seuil 100000 (1 cotations testées)"
"2967","XINMING CHINA HOLDINGS LIMITED","","Hong Kong","HKEX","HKD","0","100000","XHKG","2967","MIC:XHKG","Volume 0 < Seuil 100000 (1 cotations testées)"
"2974","GUANGDONG HONG KONG PARALLEL TRADING CO. LTD.","","Hong Kong","HKEX","HKD","3700","100000","XHKG","2974","MIC:XHKG","Volume 3700 < Seuil 100000 (1 cotations testées)"
"2990","SHOUGANG CENTURY HOLDINGS LTD.","","Hong Kong","HKEX","HKD","22267","100000","XHKG","2990","MIC:XHKG","Volume 22267 < Seuil 100000 (1 cotations testées)"
"266","TIAN TECK LAND LIMITED","","Hong Kong","HKEX","HKD","12000","100000","XHKG","0266","MIC:XHKG","Volume 12000 < Seuil 100000 (1 cotations testées)"
"229","RAYMOND INDUSTRIAL LIMITED","","Hong Kong","HKEX","HKD","22000","100000","XHKG","0229","MIC:XHKG","Volume 22000 < Seuil 100000 (1 cotations testées)"
"225","POKFULAM DEVELOPMENT COMPANY LIMITED","","Hong Kong","HKEX","HKD","1400","100000","XHKG","0225","MIC:XHKG","Volume 1400 < Seuil 100000 (1 cotations testées)"
"224","PIONEER GLOBAL GROUP LIMITED","","Hong Kong","HKEX","HKD","10800","100000","XHKG","0224","MIC:XHKG","Volume 10800 < Seuil 100000 (1 cotations testées)"
"222","MIN XIN HOLDINGS LIMITED","","Hong Kong","HKEX","HKD","17600","100000","XHKG","0222","MIC:XHKG","Volume 17600 < Seuil 100000 (1 cotations testées)"
"216","CHINNEY INVESTMENTS, LIMITED","","Hong Kong","HKEX","HKD","12800","100000","XHKG","0216","MIC:XHKG","Volume 12800 < Seuil 100000 (1 cotations testées)"
"214","ASIA ORIENT HOLDINGS LIMITED","","Hong Kong","HKEX","HKD","14000","100000","XHKG","0214","MIC:XHKG","Volume 14000 < Seuil 100000 (1 cotations testées)"
"212","NANYANG HOLDINGS LIMITED","","Hong Kong","HKEX","HKD","10000","100000","XHKG","0212","MIC:XHKG","Volume 10000 < Seuil 100000 (1 cotations testées)"
"211","STYLAND HOLDINGS LIMITED","","Hong Kong","HKEX","HKD","12385","100000","XHKG","0211","MIC:XHKG","Volume 12385 < Seuil 100000 (1 cotations testées)"
"219","SHUN HO PROPERTY INVESTMENTS LIMITED","","Hong Kong","HKEX","HKD","18441","100000","XHKG","0219","MIC:XHKG","Volume 18441 < Seuil 100000 (1 cotations testées)"
"237","SAFETY GODOWN COMPANY, LIMITED","","Hong Kong","HKEX","HKD","13400","100000","XHKG","0237","MIC:XHKG","Volume 13400 < Seuil 100000 (1 cotations testées)"
"239","PAK FAH YEOW INTERNATIONAL LIMITED","","Hong Kong","HKEX","HKD","17500","100000","XHKG","0239","MIC:XHKG","Volume 17500 < Seuil 100000 (1 cotations testées)"
"265","ORIENT VICTORY TRAVEL GROUP COMPANY LIMITED","","Hong Kong","HKEX","HKD","1368","100000","XHKG","0265","MIC:XHKG","Volume 1368 < Seuil 100000 (1 cotations testées)"
"262","DESON DEVELOPMENT INTERNATIONAL HOLDINGS LIMITED","","Hong Kong","HKEX","HKD","5500","100000","XHKG","0262","MIC:XHKG","Volume 5500 < Seuil 100000 (1 cotations testées)"
"261","GBA HOLDINGS LIMITED","","Hong Kong","HKEX","HKD","21076","100000","XHKG","0261","MIC:XHKG","Volume 21076 < Seuil 100000 (1 cotations testées)"
"255","LUNG KEE","","Hong Kong","HKEX","HKD","35776","100000","XHKG","0255","MIC:XHKG","Volume 35776 < Seuil 100000 (1 cotations testées)"
"253","SHUN HO HOLDINGS LIMITED","","Hong Kong","HKEX","HKD","2200","100000","XHKG","0253","MIC:XHKG","Volume 2200 < Seuil 100000 (1 cotations testées)"
"252","SOUTHEAST ASIA PROPERTIES & FINANCE LIMITED","","Hong Kong","HKEX","HKD","0","100000","XHKG","0252","MIC:XHKG","Volume 0 < Seuil 100000 (1 cotations testées)"
"251","S E A HOLDINGS LIMITED","","Hong Kong","HKEX","HKD","3517","100000","XHKG","0251","MIC:XHKG","Volume 3517 < Seuil 100000 (1 cotations testées)"
"248","HKC INTERNATIONAL HOLDINGS LIMITED","","Hong Kong","HKEX","HKD","3781","100000","XHKG","0248","MIC:XHKG","Volume 3781 < Seuil 100000 (1 cotations testées)"
"247","TSIM SHA TSUI PROPERTIES LIMITED","","Hong Kong","HKEX","HKD","0","100000","XHKG","0247","MIC:XHKG","Volume 0 < Seuil 100000 (1 cotations testées)"
"244","THE SINCERE COMPANY, LIMITED","","Hong Kong","HKEX","HKD","45900","100000","XHKG","0244","MIC:XHKG","Volume 45900 < Seuil 100000 (1 cotations testées)"
"2221","NEW CONCEPTS HOLDINGS LTD.","","Hong Kong","HKEX","HKD","99600","100000","XHKG","2221","MIC:XHKG","Volume 99600 < Seuil 100000 (2 cotations testées)"
"2697","GUANGDONG TRUE HEALTH MEDICAL TECHNOLOGY DEVELOPMENT CO., LTD.","","Hong Kong","HKEX","HKD","40232","100000","XHKG","2697","MIC:XHKG","Volume 40232 < Seuil 100000 (1 cotations testées)"
"2699","XINMING CHINA HOLDINGS LTD.","","Hong Kong","HKEX","HKD","16080","100000","XHKG","2699","MIC:XHKG","Volume 16080 < Seuil 100000 (1 cotations testées)"
"2700","GREEN INTERNATIONAL HOLDINGS LIMITED","","Hong Kong","HKEX","HKD","39500","100000","XHKG","2700","MIC:XHKG","Volume 39500 < Seuil 100000 (1 cotations testées)"
"2693","ANHUI JINYAN KAOLIN NEW MATERIALS CO., LTD.","","Hong Kong","HKEX","HKD","6900","100000","XHKG","2693","MIC:XHKG","Volume 6900 < Seuil 100000 (1 cotations testées)"
"2677","DISTINCT HEALTHCARE HOLDINGS LIMITED","","Hong Kong","HKEX","HKD","2345","100000","XHKG","2677","MIC:XHKG","Volume 2345 < Seuil 100000 (1 cotations testées)"
"2680","INNOVAX HOLDINGS LTD.","","Hong Kong","HKEX","HKD","18000","100000","XHKG","2680","MIC:XHKG","Volume 18000 < Seuil 100000 (1 cotations testées)"
"2683","WAH SUN HANDBAGS INTERNATIONAL HOLDINGS LIMITED","","Hong Kong","HKEX","HKD","63400","100000","XHKG","2683","MIC:XHKG","Volume 63400 < Seuil 100000 (1 cotations testées)"
"2720","RIDGE OUTDOOR INTERNATIONAL LIMITED","","Hong Kong","HKEX","HKD","31150","100000","XHKG","2720","MIC:XHKG","Volume 31150 < Seuil 100000 (1 cotations testées)"
"2881","WUHAN YOUJI HOLDINGS LTD.","","Hong Kong","HKEX","HKD","8650","100000","XHKG","2881","MIC:XHKG","Volume 8650 < Seuil 100000 (1 cotations testées)"
"2833","HANG SENG INDEX ETF","","Hong Kong","HKEX","HKD","0","100000","XHKG","2833","MIC:XHKG","Volume 0 < Seuil 100000 (1 cotations testées)"
"2882","3DG HOLDINGS INTERNATIONAL LTD.","","Hong Kong","HKEX","HKD","30183","100000","XHKG","2882","MIC:XHKG","Volume 30183 < Seuil 100000 (1 cotations testées)"
"2886","BINHAI INVESTMENT COMPANY LTD.","","Hong Kong","HKEX","HKD","82720","100000","XHKG","2886","MIC:XHKG","Volume 82720 < Seuil 100000 (1 cotations testées)"
"2892","MILLION CITIES HOLDINGS LTD.","","Hong Kong","HKEX","HKD","0","100000","XHKG","2892","MIC:XHKG","Volume 0 < Seuil 100000 (1 cotations testées)"
"2898","SUNHO BIOLOGICS INC.","","Hong Kong","HKEX","HKD","0","100000","XHKG","2898","MIC:XHKG","Volume 0 < Seuil 100000 (1 cotations testées)"
"2425","AUSTASIA GROUP LTD.","","Hong Kong","HKEX","HKD","32324","100000","XHKG","2425","MIC:XHKG","Volume 32324 < Seuil 100000 (1 cotations testées)"
"2193","MAN KING HOLDINGS LTD.","","Hong Kong","HKEX","HKD","46000","100000","XHKG","2193","MIC:XHKG","Volume 46000 < Seuil 100000 (1 cotations testées)"
"2205","KANGQIAO SERVICE GROUP LTD.","","Hong Kong","HKEX","HKD","1600","100000","XHKG","2205","MIC:XHKG","Volume 1600 < Seuil 100000 (1 cotations testées)"
"2212","FUTURE BRIGHT MINING HOLDINGS LTD.","","Hong Kong","HKEX","HKD","40000","100000","XHKG","2212","MIC:XHKG","Volume 40000 < Seuil 100000 (1 cotations testées)"
"2189","KATO (HONG KONG) HOLDINGS LTD.","","Hong Kong","HKEX","HKD","42514","100000","XHKG","2189","MIC:XHKG","Volume 42514 < Seuil 100000 (1 cotations testées)"
"2165","LING YUE SERVICES GROUP LTD.","","Hong Kong","HKEX","HKD","15600","100000","XHKG","2165","MIC:XHKG","Volume 15600 < Seuil 100000 (1 cotations testées)"
"2167","TI CLOUD INC.","","Hong Kong","HKEX","HKD","35020","100000","XHKG","2167","MIC:XHKG","Volume 35020 < Seuil 100000 (1 cotations testées)"
"2168","KAISA PROSPERITY HOLDINGS LIMITED","","Hong Kong","HKEX","HKD","7300","100000","XHKG","2168","MIC:XHKG","Volume 7300 < Seuil 100000 (1 cotations testées)"
"2170","SUZHOU BASECARE MEDICAL CORP. LTD.","","Hong Kong","HKEX","HKD","21000","100000","XHKG","2170","MIC:XHKG","Volume 21000 < Seuil 100000 (1 cotations testées)"
"2176","CCID CONSULTING COMPANY LIMITED","","Hong Kong","HKEX","HKD","19000","100000","XHKG","2176","MIC:XHKG","Volume 19000 < Seuil 100000 (1 cotations testées)"
"2179","JIANGSU RECBIO TECHNOLOGY CO., LTD.","","Hong Kong","HKEX","HKD","700","100000","XHKG","2179","MIC:XHKG","Volume 700 < Seuil 100000 (1 cotations testées)"
"2180","MANPOWERGROUP GREATER CHINA LTD.","","Hong Kong","HKEX","HKD","9950","100000","XHKG","2180","MIC:XHKG","Volume 9950 < Seuil 100000 (1 cotations testées)"
"2181","MABPHARM LTD.","","Hong Kong","HKEX","HKD","9400","100000","XHKG","2181","MIC:XHKG","Volume 9400 < Seuil 100000 (1 cotations testées)"
"2188","CHINA TITANS ENERGY TECHNOLOGY GROUP CO., LTD.","","Hong Kong","HKEX","HKD","60800","100000","XHKG","2188","MIC:XHKG","Volume 60800 < Seuil 100000 (1 cotations testées)"
"2177","UNQ HOLDINGS LTD.","","Hong Kong","HKEX","HKD","12460","100000","XHKG","2177","MIC:XHKG","Volume 12460 < Seuil 100000 (1 cotations testées)"
"2226","HONWORLD GROUP LTD.","","Hong Kong","HKEX","HKD","12350","100000","XHKG","2226","MIC:XHKG","Volume 12350 < Seuil 100000 (1 cotations testées)"
"2246","GOGOX HOLDINGS LIMITED","","Hong Kong","HKEX","HKD","29500","100000","XHKG","2246","MIC:XHKG","Volume 29500 < Seuil 100000 (1 cotations testées)"
"2251","BEIJING AIRDOC TECHNOLOGY CO., LTD.","","Hong Kong","HKEX","HKD","14490","100000","XHKG","2251","MIC:XHKG","Volume 14490 < Seuil 100000 (1 cotations testées)"
"3938","LFG INVESTMENT HOLDINGS LTD.","","Hong Kong","HKEX","HKD","64000","100000","XHKG","3938","MIC:XHKG","Volume 64000 < Seuil 100000 (1 cotations testées)"
"2239","SMIT HOLDINGS LTD.","","Hong Kong","HKEX","HKD","44000","100000","XHKG","2239","MIC:XHKG","Volume 44000 < Seuil 100000 (1 cotations testées)"
"204","CHINA INVESTMENT DEVELOPMENT LIMITED","","Hong Kong","HKEX","HKD","0","100000","XHKG","0204","MIC:XHKG","Volume 0 < Seuil 100000 (1 cotations testées)"
"3999","DACHAN FOOD ASIA LTD.","","Hong Kong","HKEX","HKD","24700","100000","XHKG","3999","MIC:XHKG","Volume 24700 < Seuil 100000 (1 cotations testées)"
"2235","MICROTECH MEDICAL (HANGZHOU) CO., LTD.","","Hong Kong","HKEX","HKD","11680","100000","XHKG","2235","MIC:XHKG","Volume 11680 < Seuil 100000 (1 cotations testées)"
"2163","CHANGSHA BROAD HOMES INDUSTRIAL GROUP CO., LTD.","","Hong Kong","HKEX","HKD","0","100000","XHKG","2163","MIC:XHKG","Volume 0 < Seuil 100000 (1 cotations testées)"
"2030","CABBEEN FASHION LTD","","Hong Kong","HKEX","HKD","22400","100000","XHKG","2030","MIC:XHKG","Volume 22400 < Seuil 100000 (1 cotations testées)"
"2031","AUSUPREME INTERNATIONAL HOLDINGS LIMITED","","Hong Kong","HKEX","HKD","50000","100000","XHKG","2031","MIC:XHKG","Volume 50000 < Seuil 100000 (1 cotations testées)"
"2033","TIME WATCH INVESTMENTS LTD.","","Hong Kong","HKEX","HKD","26400","100000","XHKG","2033","MIC:XHKG","Volume 26400 < Seuil 100000 (1 cotations testées)"
"2023","CHINA LUDAO TECHNOLOGY CO., LTD.","","Hong Kong","HKEX","HKD","30400","100000","XHKG","2023","MIC:XHKG","Volume 30400 < Seuil 100000 (1 cotations testées)"
"4336","APPLIED MATERIALS, INC.","","Hong Kong","HKEX","HKD","0","100000","XHKG","4336","MIC:XHKG","Volume 0 < Seuil 100000 (1 cotations testées)"
"4333","CISCO SYSTEMS, INC.","","Hong Kong","HKEX","HKD","0","100000","XHKG","4333","MIC:XHKG","Volume 0 < Seuil 100000 (1 cotations testées)"
"2076","KANZHUN LTD.","","Hong Kong","HKEX","HKD","62243","100000","XHKG","2076","MIC:XHKG","Volume 62243 < Seuil 100000 (1 cotations testées)"
"2078","PANASIA ALUMINUM HOLDINGS CO. LTD.","","Hong Kong","HKEX","HKD","2600","100000","XHKG","2078","MIC:XHKG","Volume 2600 < Seuil 100000 (1 cotations testées)"
"2086","LEADWAY TECHNOLOGY INVESTMENT LTD.","","Hong Kong","HKEX","HKD","16100","100000","XHKG","2086","MIC:XHKG","Volume 16100 < Seuil 100000 (1 cotations testées)"
"4335","INTEL CORPORATION","","Hong Kong","HKEX","HKD","0","100000","XHKG","4335","MIC:XHKG","Volume 0 < Seuil 100000 (1 cotations testées)"
"1993","ASIARAY MEDIA GROUP LIMITED","","Hong Kong","HKEX","HKD","7100","100000","XHKG","1993","MIC:XHKG","Volume 7100 < Seuil 100000 (1 cotations testées)"
"2003","VCREDIT HOLDINGS LTD.","","Hong Kong","HKEX","HKD","59200","100000","XHKG","2003","MIC:XHKG","Volume 59200 < Seuil 100000 (1 cotations testées)"
"2011","GILSTON GROUP LTD.","","Hong Kong","HKEX","HKD","2000","100000","XHKG","2011","MIC:XHKG","Volume 2000 < Seuil 100000 (1 cotations testées)"
"2088","XIWANG PROPERTY HOLDINGS COMPANY LIMITED","","Hong Kong","HKEX","HKD","0","100000","XHKG","2088","MIC:XHKG","Volume 0 < Seuil 100000 (1 cotations testées)"
"2132","LANDRICH HOLDING LTD.","","Hong Kong","HKEX","HKD","92800","100000","XHKG","2132","MIC:XHKG","Volume 92800 < Seuil 100000 (1 cotations testées)"
"2135","RAILY AESTHETIC MEDICINE INTERNATIONAL HOLDINGS LIMITED","","Hong Kong","HKEX","HKD","40600","100000","XHKG","2135","MIC:XHKG","Volume 40600 < Seuil 100000 (1 cotations testées)"
"2131","NETJOY HOLDINGS LTD.","","Hong Kong","HKEX","HKD","0","100000","XHKG","2131","MIC:XHKG","Volume 0 < Seuil 100000 (1 cotations testées)"
"2152","SUXIN JOYFUL LIFE SERVICES CO., LTD.","","Hong Kong","HKEX","HKD","50","100000","XHKG","2152","MIC:XHKG","Volume 50 < Seuil 100000 (1 cotations testées)"
"2153","TAT HONG EQUIPMENT SERVICE CO., LTD.","","Hong Kong","HKEX","HKD","0","100000","XHKG","2153","MIC:XHKG","Volume 0 < Seuil 100000 (1 cotations testées)"
"2159","MEDIWELCOME HEALTHCARE MANAGEMENT LTD.","","Hong Kong","HKEX","HKD","91600","100000","XHKG","2159","MIC:XHKG","Volume 91600 < Seuil 100000 (1 cotations testées)"
"2149","BATELAB CO., LTD.","","Hong Kong","HKEX","HKD","25300","100000","XHKG","2149","MIC:XHKG","Volume 25300 < Seuil 100000 (1 cotations testées)"
"2130","CN LOGISTICS INTERNATIONAL HOLDINGS LTD.","","Hong Kong","HKEX","HKD","12200","100000","XHKG","2130","MIC:XHKG","Volume 12200 < Seuil 100000 (1 cotations testées)"
"2102","TAK LEE MACHINERY HOLDINGS LIMITED","","Hong Kong","HKEX","HKD","30000","100000","XHKG","2102","MIC:XHKG","Volume 30000 < Seuil 100000 (1 cotations testées)"
"2108","K2 F&B HOLDINGS LTD.","","Hong Kong","HKEX","HKD","82000","100000","XHKG","2108","MIC:XHKG","Volume 82000 < Seuil 100000 (1 cotations testées)"
"2116","JIANGSU INNOVATIVE ECOLOGICAL CO., LTD.","","Hong Kong","HKEX","HKD","81000","100000","XHKG","2116","MIC:XHKG","Volume 81000 < Seuil 100000 (1 cotations testées)"
"2119","TSIT WING INTERNATIONAL HOLDINGS LIMITED","","Hong Kong","HKEX","HKD","93000","100000","XHKG","2119","MIC:XHKG","Volume 93000 < Seuil 100000 (1 cotations testées)"
"2120","WENZHOU KANGNING HOSPITAL CO., LTD.","","Hong Kong","HKEX","HKD","5910","100000","XHKG","2120","MIC:XHKG","Volume 5910 < Seuil 100000 (1 cotations testées)"
"2122","KIDSLAND INTERNATIONAL HOLDINGS LIMITED","","Hong Kong","HKEX","HKD","23800","100000","XHKG","2122","MIC:XHKG","Volume 23800 < Seuil 100000 (1 cotations testées)"
"2125","STRAWBEAR ENTERTAINMENT GROUP","","Hong Kong","HKEX","HKD","89000","100000","XHKG","2125","MIC:XHKG","Volume 89000 < Seuil 100000 (1 cotations testées)"
"2127","HUISEN SHARES GROUP LTD.","","Hong Kong","HKEX","HKD","0","100000","XHKG","2127","MIC:XHKG","Volume 0 < Seuil 100000 (1 cotations testées)"
"2257","SIRNAOMICS LTD.","","Hong Kong","HKEX","HKD","54515","100000","XHKG","2257","MIC:XHKG","Volume 54515 < Seuil 100000 (1 cotations testées)"
"3903","HANHUA FINANCIAL HOLDING CO., LTD.","","Hong Kong","HKEX","HKD","0","100000","XHKG","3903","MIC:XHKG","Volume 0 < Seuil 100000 (1 cotations testées)"
"2258","WATTS INTERNATIONAL MARITIME COMPANY LIMITED","","Hong Kong","HKEX","HKD","36200","100000","XHKG","2258","MIC:XHKG","Volume 36200 < Seuil 100000 (1 cotations testées)"
"2362","JINCHUAN GROUP INTERNATIONAL RESOURCES CO. LTD.","","Hong Kong","HKEX","HKD","0","100000","XHKG","2362","MIC:XHKG","Volume 0 < Seuil 100000 (1 cotations testées)"
"2368","EAGLE NICE INTERNATIONAL HOLDINGS LIMITED","","Hong Kong","HKEX","HKD","23000","100000","XHKG","2368","MIC:XHKG","Volume 23000 < Seuil 100000 (1 cotations testées)"
"3699","EVERBRIGHT GRAND CHINA ASSETS LIMITED","","Hong Kong","HKEX","HKD","84600","100000","XHKG","3699","MIC:XHKG","Volume 84600 < Seuil 100000 (1 cotations testées)"
"2361","SINOHEALTH HOLDINGS LTD.","","Hong Kong","HKEX","HKD","2250","100000","XHKG","2361","MIC:XHKG","Volume 2250 < Seuil 100000 (1 cotations testées)"
"2376","LUSHANG LIFE SERVICES CO., LTD.","","Hong Kong","HKEX","HKD","7150","100000","XHKG","2376","MIC:XHKG","Volume 7150 < Seuil 100000 (1 cotations testées)"
"3689","GUANGDONG KANGHUA HEALTHCARE CO., LTD.","","Hong Kong","HKEX","HKD","9100","100000","XHKG","3689","MIC:XHKG","Volume 9100 < Seuil 100000 (1 cotations testées)"
"3688","TOP SPRING INTERNATIONAL HOLDINGS LIMITED","","Hong Kong","HKEX","HKD","50000","100000","XHKG","3688","MIC:XHKG","Volume 50000 < Seuil 100000 (1 cotations testées)"
"2371","CHUANGLIAN HOLDINGS LTD.","","Hong Kong","HKEX","HKD","41600","100000","XHKG","2371","MIC:XHKG","Volume 41600 < Seuil 100000 (1 cotations testées)"
"2340","ISP HOLDINGS LTD.","","Hong Kong","HKEX","HKD","32865","100000","XHKG","2340","MIC:XHKG","Volume 32865 < Seuil 100000 (1 cotations testées)"
"3728","CHING LEE HOLDINGS LTD.","","Hong Kong","HKEX","HKD","80000","100000","XHKG","3728","MIC:XHKG","Volume 80000 < Seuil 100000 (1 cotations testées)"
"2348","DAWNRAYS PHARMACEUTICAL HOLDINGS LTD.","","Hong Kong","HKEX","HKD","47800","100000","XHKG","2348","MIC:XHKG","Volume 47800 < Seuil 100000 (1 cotations testées)"
"2352","DOWELL SERVICE GROUP CO. LTD.","","Hong Kong","HKEX","HKD","2840","100000","XHKG","2352","MIC:XHKG","Volume 2840 < Seuil 100000 (1 cotations testées)"
"2355","BAOYE GROUP CO., LTD.","","Hong Kong","HKEX","HKD","44000","100000","XHKG","2355","MIC:XHKG","Volume 44000 < Seuil 100000 (1 cotations testées)"
"3658","NEW HOPE SERVICE HOLDINGS LTD.","","Hong Kong","HKEX","HKD","33500","100000","XHKG","3658","MIC:XHKG","Volume 33500 < Seuil 100000 (1 cotations testées)"
"2408","GUANGZHOU XIAO NOODLES CATERING MANAGEMENT CO., LTD. H SHARES","","Hong Kong","HKEX","HKD","45600","100000","XHKG","2408","MIC:XHKG","Volume 45600 < Seuil 100000 (1 cotations testées)"
"2418","DEEWIN TIANXIA CO., LTD.","","Hong Kong","HKEX","HKD","30750","100000","XHKG","2418","MIC:XHKG","Volume 30750 < Seuil 100000 (1 cotations testées)"
"2420","ZIBUYU GROUP LTD.","","Hong Kong","HKEX","HKD","49250","100000","XHKG","2420","MIC:XHKG","Volume 49250 < Seuil 100000 (1 cotations testées)"
"3628","RENHENG ENTERPRISE HOLDINGS LIMITED","","Hong Kong","HKEX","HKD","66800","100000","XHKG","3628","MIC:XHKG","Volume 66800 < Seuil 100000 (1 cotations testées)"
"3625","SHANGHAI FOURSEMI SEMICONDUCTOR CO., LTD.","","Hong Kong","HKEX","HKD","86526","100000","XHKG","3625","MIC:XHKG","Volume 86526 < Seuil 100000 (1 cotations testées)"
"3638","HUNLICAR GROUP LTD.","","Hong Kong","HKEX","HKD","90700","100000","XHKG","3638","MIC:XHKG","Volume 90700 < Seuil 100000 (1 cotations testées)"
"3660","QFIN HOLDINGS, INC.","","Hong Kong","HKEX","HKD","8525","100000","XHKG","3660","MIC:XHKG","Volume 8525 < Seuil 100000 (1 cotations testées)"
"2383","TOM GROUP LTD.","","Hong Kong","HKEX","HKD","41800","100000","XHKG","2383","MIC:XHKG","Volume 41800 < Seuil 100000 (1 cotations testées)"
"2390","ZHIHU INC.","","Hong Kong","HKEX","HKD","48700","100000","XHKG","2390","MIC:XHKG","Volume 48700 < Seuil 100000 (1 cotations testées)"
"2391","TUYA INC.","","Hong Kong","HKEX","HKD","11580","100000","XHKG","2391","MIC:XHKG","Volume 11580 < Seuil 100000 (1 cotations testées)"
"3666","SHANGHAI XNG HOLDINGS LTD.","","Hong Kong","HKEX","HKD","0","100000","XHKG","3666","MIC:XHKG","Volume 0 < Seuil 100000 (1 cotations testées)"
"2392","XUAN WU CLOUD TECHNOLOGY HOLDINGS LIMITED","","Hong Kong","HKEX","HKD","64750","100000","XHKG","2392","MIC:XHKG","Volume 64750 < Seuil 100000 (1 cotations testées)"
"2396","B&K CORPORATION LIMITED","","Hong Kong","HKEX","HKD","9540","100000","XHKG","2396","MIC:XHKG","Volume 9540 < Seuil 100000 (1 cotations testées)"
"3768","KUNMING DIANCHI WATER TREATMENT CO., LTD.","","Hong Kong","HKEX","HKD","14500","100000","XHKG","3768","MIC:XHKG","Volume 14500 < Seuil 100000 (1 cotations testées)"
"2280","HC GROUP INC.","","Hong Kong","HKEX","HKD","0","100000","XHKG","2280","MIC:XHKG","Volume 0 < Seuil 100000 (1 cotations testées)"
"2281","LUZHOU XINGLU WATER GROUP CO.","","Hong Kong","HKEX","HKD","16000","100000","XHKG","2281","MIC:XHKG","Volume 16000 < Seuil 100000 (1 cotations testées)"
"3869","HOSPITAL CORPORATION OF CHINA LTD.","","Hong Kong","HKEX","HKD","200","100000","XHKG","3869","MIC:XHKG","Volume 200 < Seuil 100000 (1 cotations testées)"
"2286","CHEN XING DEVELOPMENT HOLDINGS LTD.","","Hong Kong","HKEX","HKD","15000","100000","XHKG","2286","MIC:XHKG","Volume 15000 < Seuil 100000 (1 cotations testées)"
"3839","CHIA TAI ENTERPRISES INTERNATIONAL LTD.","","Hong Kong","HKEX","HKD","30482","100000","XHKG","3839","MIC:XHKG","Volume 30482 < Seuil 100000 (1 cotations testées)"
"2288","RYKADAN CAPITAL LTD.","","Hong Kong","HKEX","HKD","9722","100000","XHKG","2288","MIC:XHKG","Volume 9722 < Seuil 100000 (1 cotations testées)"
"3882","SKY LIGHT HOLDINGS LTD.","","Hong Kong","HKEX","HKD","34600","100000","XHKG","3882","MIC:XHKG","Volume 34600 < Seuil 100000 (1 cotations testées)"
"2260","VANOV HOLDINGS CO., LTD.","","Hong Kong","HKEX","HKD","1000","100000","XHKG","2260","MIC:XHKG","Volume 1000 < Seuil 100000 (1 cotations testées)"
"2262","STEVE LEUNG DESIGN GROUP LTD.","","Hong Kong","HKEX","HKD","600","100000","XHKG","2262","MIC:XHKG","Volume 600 < Seuil 100000 (1 cotations testées)"
"2266","LAI SI ENTERPRISE HOLDING LIMITED","","Hong Kong","HKEX","HKD","84600","100000","XHKG","2266","MIC:XHKG","Volume 84600 < Seuil 100000 (1 cotations testées)"
"2270","DESUN REAL ESTATE INVESTMENT CO., LTD.","","Hong Kong","HKEX","HKD","10000","100000","XHKG","2270","MIC:XHKG","Volume 10000 < Seuil 100000 (1 cotations testées)"
"2272","KEYTOP PARKING INC.","","Hong Kong","HKEX","HKD","71742","100000","XHKG","2272","MIC:XHKG","Volume 71742 < Seuil 100000 (1 cotations testées)"
"2289","CHARMACY PHARMACEUTICAL CO. LTD.","","Hong Kong","HKEX","HKD","100","100000","XHKG","2289","MIC:XHKG","Volume 100 < Seuil 100000 (1 cotations testées)"
"2293","BAMBOOS HEALTH CARE HOLDINGS LIMITED","","Hong Kong","HKEX","HKD","90000","100000","XHKG","2293","MIC:XHKG","Volume 90000 < Seuil 100000 (1 cotations testées)"
"3789","ROYAL DELUXE HOLDINGS LTD.","","Hong Kong","HKEX","HKD","70800","100000","XHKG","3789","MIC:XHKG","Volume 70800 < Seuil 100000 (1 cotations testées)"
"2323","RENCO HOLDINGS GROUP LTD.","","Hong Kong","HKEX","HKD","0","100000","XHKG","2323","MIC:XHKG","Volume 0 < Seuil 100000 (1 cotations testées)"
"3778","CHINA WEAVING MATERIALS HOLDINGS LIMITED","","Hong Kong","HKEX","HKD","4400","100000","XHKG","3778","MIC:XHKG","Volume 4400 < Seuil 100000 (1 cotations testées)"
"2327","MEILLEURE HEALTH INTERNATIONAL INDUSTRY GROUP LTD.","","Hong Kong","HKEX","HKD","30000","100000","XHKG","2327","MIC:XHKG","Volume 30000 < Seuil 100000 (1 cotations testées)"
"2330","CHINA UPTOWN GROUP CO. LTD.","","Hong Kong","HKEX","HKD","86400","100000","XHKG","2330","MIC:XHKG","Volume 86400 < Seuil 100000 (1 cotations testées)"
"2326","NEW PROVENANCE EVERLASTING HOLDINGS LIMITED","","Hong Kong","HKEX","HKD","1000","100000","XHKG","2326","MIC:XHKG","Volume 1000 < Seuil 100000 (1 cotations testées)"
"2295","MAXICITY HOLDINGS LTD.","","Hong Kong","HKEX","HKD","59500","100000","XHKG","2295","MIC:XHKG","Volume 59500 < Seuil 100000 (1 cotations testées)"
"2299","BILLION INDUSTRIAL HOLDINGS LTD.","","Hong Kong","HKEX","HKD","15700","100000","XHKG","2299","MIC:XHKG","Volume 15700 < Seuil 100000 (1 cotations testées)"
"3822","SAM WOO CONSTRUCTION GROUP LTD.","","Hong Kong","HKEX","HKD","52300","100000","XHKG","3822","MIC:XHKG","Volume 52300 < Seuil 100000 (1 cotations testées)"
"6623","LUFAX HOLDING LTD.","","Hong Kong","HKEX","HKD","0","100000","XHKG","6623","MIC:XHKG","Volume 0 < Seuil 100000 (1 cotations testées)"
"645","ARES ASIA LIMITED","","Hong Kong","HKEX","HKD","0","100000","XHKG","0645","MIC:XHKG","Volume 0 < Seuil 100000 (1 cotations testées)"
"6633","QINGCI GAMES INC.","","Hong Kong","HKEX","HKD","50","100000","XHKG","6633","MIC:XHKG","Volume 50 < Seuil 100000 (1 cotations testées)"
"640","INFINITY DEVELOPMENT HOLDINGS COMPANY LIMITED","","Hong Kong","HKEX","HKD","24200","100000","XHKG","0640","MIC:XHKG","Volume 24200 < Seuil 100000 (1 cotations testées)"
"619","SOUTH CHINA FINANCIAL HOLDINGS LIMITED","","Hong Kong","HKEX","HKD","4540","100000","XHKG","0619","MIC:XHKG","Volume 4540 < Seuil 100000 (1 cotations testées)"
"627","FULLSUN INTERNATIONAL HOLDINGS GROUP CO., LIMITED","","Hong Kong","HKEX","HKD","0","100000","XHKG","0627","MIC:XHKG","Volume 0 < Seuil 100000 (1 cotations testées)"
"629","YUE DA INTERNATIONAL HOLDINGS LIMITED","","Hong Kong","HKEX","HKD","1700","100000","XHKG","0629","MIC:XHKG","Volume 1700 < Seuil 100000 (1 cotations testées)"
"6639","ARRAIL GROUP LTD.","","Hong Kong","HKEX","HKD","0","100000","XHKG","6639","MIC:XHKG","Volume 0 < Seuil 100000 (1 cotations testées)"
"635","PLAYMATES HOLDINGS LIMITED","","Hong Kong","HKEX","HKD","42000","100000","XHKG","0635","MIC:XHKG","Volume 42000 < Seuil 100000 (1 cotations testées)"
"682","CHAODA MODERN AGRICULTURE","","Hong Kong","HKEX","HKD","45000","100000","XHKG","0682","MIC:XHKG","Volume 45000 < Seuil 100000 (1 cotations testées)"
"676","PEGASUS INTERNATIONAL HOLDINGS LIMITED","","Hong Kong","HKEX","HKD","200","100000","XHKG","0676","MIC:XHKG","Volume 200 < Seuil 100000 (1 cotations testées)"
"675","K & P INTERNATIONAL HOLDINGS LIMITED","","Hong Kong","HKEX","HKD","20000","100000","XHKG","0675","MIC:XHKG","Volume 20000 < Seuil 100000 (1 cotations testées)"
"673","CHINA HEALTH GROUP LIMITED","","Hong Kong","HKEX","HKD","38403","100000","XHKG","0673","MIC:XHKG","Volume 38403 < Seuil 100000 (1 cotations testées)"
"664","HANGZHOU TONGSHIFU CULTURAL AND CREATIVE (GROUP) CO., LTD.","","Hong Kong","HKEX","HKD","11090","100000","XHKG","0664","MIC:XHKG","Volume 11090 < Seuil 100000 (1 cotations testées)"
"6611","SANXUN HOLDINGS GROUP LTD.","","Hong Kong","HKEX","HKD","0","100000","XHKG","6611","MIC:XHKG","Volume 0 < Seuil 100000 (1 cotations testées)"
"6609","SHANGHAI HEARTCARE MEDICAL TECHNOLOGY CO., LTD.","","Hong Kong","HKEX","HKD","66280","100000","XHKG","6609","MIC:XHKG","Volume 66280 < Seuil 100000 (1 cotations testées)"
"660","WAI CHUN BIO-TECHNOLOGY LIMITED","","Hong Kong","HKEX","HKD","60400","100000","XHKG","0660","MIC:XHKG","Volume 60400 < Seuil 100000 (1 cotations testées)"
"662","ASIA FINANCIAL HOLDINGS LIMITED","","Hong Kong","HKEX","HKD","0","100000","XHKG","0662","MIC:XHKG","Volume 0 < Seuil 100000 (1 cotations testées)"
"583","GREAT WALL PAN ASIA HOLDINGS LIMITED","","Hong Kong","HKEX","HKD","43600","100000","XHKG","0583","MIC:XHKG","Volume 43600 < Seuil 100000 (1 cotations testées)"
"6686","NOAH HOLDINGS LIMITED","","Hong Kong","HKEX","HKD","1530","100000","XHKG","6686","MIC:XHKG","Volume 1530 < Seuil 100000 (1 cotations testées)"
"575","REGENT PACIFIC GROUP LIMITED","","Hong Kong","HKEX","HKD","23500","100000","XHKG","0575","MIC:XHKG","Volume 23500 < Seuil 100000 (1 cotations testées)"
"572","FUTURE WORLD HOLDINGS LIMITED","","Hong Kong","HKEX","HKD","625","100000","XHKG","0572","MIC:XHKG","Volume 625 < Seuil 100000 (1 cotations testées)"
"573","TAO HEUNG HOLDINGS LIMITED","","Hong Kong","HKEX","HKD","93500","100000","XHKG","0573","MIC:XHKG","Volume 93500 < Seuil 100000 (1 cotations testées)"
"6698","STAR CM HOLDINGS LTD.","","Hong Kong","HKEX","HKD","52980","100000","XHKG","6698","MIC:XHKG","Volume 52980 < Seuil 100000 (1 cotations testées)"
"574","PA SHUN INTERNATIONAL HOLDINGS LIMITED","","Hong Kong","HKEX","HKD","0","100000","XHKG","0574","MIC:XHKG","Volume 0 < Seuil 100000 (1 cotations testées)"
"6696","MANY IDEA CLOUD HOLDINGS LTD.","","Hong Kong","HKEX","HKD","0","100000","XHKG","6696","MIC:XHKG","Volume 0 < Seuil 100000 (1 cotations testées)"
"571","ESUN HOLDINGS LIMITED","","Hong Kong","HKEX","HKD","29800","100000","XHKG","0571","MIC:XHKG","Volume 29800 < Seuil 100000 (1 cotations testées)"
"6661","HUZHOU GAS CO., LTD.","","Hong Kong","HKEX","HKD","150","100000","XHKG","6661","MIC:XHKG","Volume 150 < Seuil 100000 (1 cotations testées)"
"6660","AIM VACCINE CO. LTD.","","Hong Kong","HKEX","HKD","81400","100000","XHKG","6660","MIC:XHKG","Volume 81400 < Seuil 100000 (1 cotations testées)"
"6658","LIULIUMEI CO., LTD. H SHARES","","Hong Kong","HKEX","HKD","57370","100000","XHKG","6658","MIC:XHKG","Volume 57370 < Seuil 100000 (1 cotations testées)"
"605","CHINA FINANCIAL SERVICES HOLDINGS LIMITED","","Hong Kong","HKEX","HKD","59630","100000","XHKG","0605","MIC:XHKG","Volume 59630 < Seuil 100000 (1 cotations testées)"
"609","TIANDE CHEMICAL HOLDINGS LIMITED","","Hong Kong","HKEX","HKD","24400","100000","XHKG","0609","MIC:XHKG","Volume 24400 < Seuil 100000 (1 cotations testées)"
"1026","UNIVERSAL TECHNOLOGIES HOLDINGS LTD.","","Hong Kong","HKEX","HKD","0","100000","XHKG","1026","MIC:XHKG","Volume 0 < Seuil 100000 (1 cotations testées)"
"612","CHINA DING YI FENG HOLDINGS LIMITED","","Hong Kong","HKEX","HKD","0","100000","XHKG","0612","MIC:XHKG","Volume 0 < Seuil 100000 (1 cotations testées)"
"608","HIGH FASHION INTERNATIONAL LIMITED","","Hong Kong","HKEX","HKD","8400","100000","XHKG","0608","MIC:XHKG","Volume 8400 < Seuil 100000 (1 cotations testées)"
"684","ALLAN INTERNATIONAL HOLDINGS LIMITED","","Hong Kong","HKEX","HKD","14000","100000","XHKG","0684","MIC:XHKG","Volume 14000 < Seuil 100000 (1 cotations testées)"
"602","JIAHUA STORES HOLDINGS LIMITED","","Hong Kong","HKEX","HKD","22500","100000","XHKG","0602","MIC:XHKG","Volume 22500 < Seuil 100000 (1 cotations testées)"
"685","MEDIA CHINESE INTERNATIONAL LIMITED","","Hong Kong","HKEX","HKD","42000","100000","XHKG","0685","MIC:XHKG","Volume 42000 < Seuil 100000 (1 cotations testées)"
"814","BEIJING JINGKELONG COMPANY LIMITED","","Hong Kong","HKEX","HKD","76500","100000","XHKG","0814","MIC:XHKG","Volume 76500 < Seuil 100000 (1 cotations testées)"
"789","ARTINI HOLDINGS LIMITED","","Hong Kong","HKEX","HKD","7574","100000","XHKG","0789","MIC:XHKG","Volume 7574 < Seuil 100000 (1 cotations testées)"
"794","COME SURE GROUP","","Hong Kong","HKEX","HKD","40000","100000","XHKG","0794","MIC:XHKG","Volume 40000 < Seuil 100000 (1 cotations testées)"
"854","WILLAS-ARRAY ELECTRONICS","","Hong Kong","HKEX","HKD","8900","100000","XHKG","0854","MIC:XHKG","Volume 8900 < Seuil 100000 (1 cotations testées)"
"852","STRONG PETROCHEMICAL HOLDINGS LIMITED","","Hong Kong","HKEX","HKD","0","100000","XHKG","0852","MIC:XHKG","Volume 0 < Seuil 100000 (1 cotations testées)"
"848","MAOYE INTERNATIONAL HOLDINGS LIMITED","","Hong Kong","HKEX","HKD","71000","100000","XHKG","0848","MIC:XHKG","Volume 71000 < Seuil 100000 (1 cotations testées)"
"6188","BEIJING DIGITAL TELECOM CO.","","Hong Kong","HKEX","HKD","53500","100000","XHKG","6188","MIC:XHKG","Volume 53500 < Seuil 100000 (1 cotations testées)"
"6189","GUANGDONG ADWAY CONSTRUCTION HOLDINGS LTD.","","Hong Kong","HKEX","HKD","0","100000","XHKG","6189","MIC:XHKG","Volume 0 < Seuil 100000 (1 cotations testées)"
"846","MINGFA GROUP","","Hong Kong","HKEX","HKD","500","100000","XHKG","0846","MIC:XHKG","Volume 500 < Seuil 100000 (1 cotations testées)"
"6190","BANK OF JIUJIANG CO., LTD.","","Hong Kong","HKEX","HKD","15800","100000","XHKG","6190","MIC:XHKG","Volume 15800 < Seuil 100000 (1 cotations testées)"
"834","CHINA KANGDA FOOD COMPANY LIMITED","","Hong Kong","HKEX","HKD","10400","100000","XHKG","0834","MIC:XHKG","Volume 10400 < Seuil 100000 (1 cotations testées)"
"6193","TAILAM TECH CONSTRUCTION HOLDINGS LIMITED","","Hong Kong","HKEX","HKD","24000","100000","XHKG","6193","MIC:XHKG","Volume 24000 < Seuil 100000 (1 cotations testées)"
"845","GLORIOUS PROPERTY HOLDINGS LIMITED","","Hong Kong","HKEX","HKD","0","100000","XHKG","0845","MIC:XHKG","Volume 0 < Seuil 100000 (1 cotations testées)"
"722","UMP HEALTHCARE HOLDINGS LIMITED","","Hong Kong","HKEX","HKD","4000","100000","XHKG","0722","MIC:XHKG","Volume 4000 < Seuil 100000 (1 cotations testées)"
"708","CHINA EVERGRANDE NEW ENERGY VEHICLE GROUP LIMITED","","Hong Kong","HKEX","HKD","0","100000","XHKG","0708","MIC:XHKG","Volume 0 < Seuil 100000 (1 cotations testées)"
"707","ASIA TELEVISION HOLDINGS LIMITED","","Hong Kong","HKEX","HKD","0","100000","XHKG","0707","MIC:XHKG","Volume 0 < Seuil 100000 (1 cotations testées)"
"704","HUSCOKE HOLDINGS LIMITED","","Hong Kong","HKEX","HKD","0","100000","XHKG","0704","MIC:XHKG","Volume 0 < Seuil 100000 (1 cotations testées)"
"703","FUTURE BRIGHT HOLDINGS LIMITED","","Hong Kong","HKEX","HKD","18000","100000","XHKG","0703","MIC:XHKG","Volume 18000 < Seuil 100000 (1 cotations testées)"
"691","CHINA SHANSHUI CEMENT GROUP LIMITED","","Hong Kong","HKEX","HKD","58000","100000","XHKG","0691","MIC:XHKG","Volume 58000 < Seuil 100000 (1 cotations testées)"
"693","TAN CHONG INTERNATIONAL LIMITED","","Hong Kong","HKEX","HKD","900","100000","XHKG","0693","MIC:XHKG","Volume 900 < Seuil 100000 (1 cotations testées)"
"725","PERENNIAL INTERNATIONAL LIMITED","","Hong Kong","HKEX","HKD","4600","100000","XHKG","0725","MIC:XHKG","Volume 4600 < Seuil 100000 (1 cotations testées)"
"702","SINO OIL AND GAS HOLDINGS LIMITED","","Hong Kong","HKEX","HKD","0","100000","XHKG","0702","MIC:XHKG","Volume 0 < Seuil 100000 (1 cotations testées)"
"727","CROWN INTERNATIONAL CORPORATION LIMITED","","Hong Kong","HKEX","HKD","16000","100000","XHKG","0727","MIC:XHKG","Volume 16000 < Seuil 100000 (1 cotations testées)"
"756","SUMMI","","Hong Kong","HKEX","HKD","0","100000","XHKG","0756","MIC:XHKG","Volume 0 < Seuil 100000 (1 cotations testées)"
"759","CEC INTERNATIONAL HOLDINGS LIMITED","","Hong Kong","HKEX","HKD","49002","100000","XHKG","0759","MIC:XHKG","Volume 49002 < Seuil 100000 (1 cotations testées)"
"755","SHANGHAI ZENDAI PROPERTY LIMITED","","Hong Kong","HKEX","HKD","30000","100000","XHKG","0755","MIC:XHKG","Volume 30000 < Seuil 100000 (1 cotations testées)"
"764","ETERNITY INVESTMENT LIMITED","","Hong Kong","HKEX","HKD","17000","100000","XHKG","0764","MIC:XHKG","Volume 17000 < Seuil 100000 (1 cotations testées)"
"769","CHINA RARE EARTH HOLDINGS LIMITED","","Hong Kong","HKEX","HKD","0","100000","XHKG","0769","MIC:XHKG","Volume 0 < Seuil 100000 (1 cotations testées)"
"765","PERFECTECH INTERNATIONAL HOLDINGS LIMITED","","Hong Kong","HKEX","HKD","58000","100000","XHKG","0765","MIC:XHKG","Volume 58000 < Seuil 100000 (1 cotations testées)"
"754","HOPSON DEVELOPMENT HOLDINGS LIMITED","","Hong Kong","HKEX","HKD","0","100000","XHKG","0754","MIC:XHKG","Volume 0 < Seuil 100000 (1 cotations testées)"
"99","WONG'S INTERNATIONAL HOLDINGS LIMITED","","Hong Kong","HKEX","HKD","0","100000","XHKG","0099","MIC:XHKG","Volume 0 < Seuil 100000 (1 cotations testées)"
"733","HOPEFLUENT GROUP HOLDINGS LIMITED","","Hong Kong","HKEX","HKD","14400","100000","XHKG","0733","MIC:XHKG","Volume 14400 < Seuil 100000 (1 cotations testées)"
"747","SHENYANG PUBLIC UTILITY HOLDINGS COMPANY LIMITED","","Hong Kong","HKEX","HKD","87200","100000","XHKG","0747","MIC:XHKG","Volume 87200 < Seuil 100000 (1 cotations testées)"
"559","DETAI NEW ENERGY GROUP LIMITED","","Hong Kong","HKEX","HKD","0","100000","XHKG","0559","MIC:XHKG","Volume 0 < Seuil 100000 (1 cotations testées)"
"557","CHINA TIAN YUAN HEALTHCARE GROUP LIMITED","","Hong Kong","HKEX","HKD","0","100000","XHKG","0557","MIC:XHKG","Volume 0 < Seuil 100000 (1 cotations testées)"
"61","GREEN LEADER HOLDINGS GROUP LIMITED","","Hong Kong","HKEX","HKD","40250","100000","XHKG","0061","MIC:XHKG","Volume 40250 < Seuil 100000 (1 cotations testées)"
"60","HONG KONG FOOD INVESTMENT HOLDINGS LIMITED","","Hong Kong","HKEX","HKD","62600","100000","XHKG","0060","MIC:XHKG","Volume 62600 < Seuil 100000 (1 cotations testées)"
"387","LEEPORT","","Hong Kong","HKEX","HKD","2400","100000","XHKG","0387","MIC:XHKG","Volume 2400 < Seuil 100000 (1 cotations testées)"
"385","CHINNEY ALLIANCE GROUP LIMITED","","Hong Kong","HKEX","HKD","90000","100000","XHKG","0385","MIC:XHKG","Volume 90000 < Seuil 100000 (1 cotations testées)"
"380","SOFTPOWER INTERNATIONAL LIMITED","","Hong Kong","HKEX","HKD","85800","100000","XHKG","0380","MIC:XHKG","Volume 85800 < Seuil 100000 (1 cotations testées)"
"367","CHUANG'S CONSORTIUM INTERNATIONAL LIMITED","","Hong Kong","HKEX","HKD","82931","100000","XHKG","0367","MIC:XHKG","Volume 82931 < Seuil 100000 (1 cotations testées)"
"369","WING TAI PROPERTIES LIMITED","","Hong Kong","HKEX","HKD","48000","100000","XHKG","0369","MIC:XHKG","Volume 48000 < Seuil 100000 (1 cotations testées)"
"393","GLORIOUS SUN ENTERPRISES LIMITED","","Hong Kong","HKEX","HKD","90400","100000","XHKG","0393","MIC:XHKG","Volume 90400 < Seuil 100000 (1 cotations testées)"
"59","SKYFAME REALTY","","Hong Kong","HKEX","HKD","0","100000","XHKG","0059","MIC:XHKG","Volume 0 < Seuil 100000 (1 cotations testées)"
"374","FOUR SEAS MERCANTILE HOLDINGS LIMITED","","Hong Kong","HKEX","HKD","0","100000","XHKG","0374","MIC:XHKG","Volume 0 < Seuil 100000 (1 cotations testées)"
"375","YGM TRADING LIMITED","","Hong Kong","HKEX","HKD","53000","100000","XHKG","0375","MIC:XHKG","Volume 53000 < Seuil 100000 (1 cotations testées)"
"377","CHINA HUAJUN GROUP LIMITED","","Hong Kong","HKEX","HKD","24256","100000","XHKG","0377","MIC:XHKG","Volume 24256 < Seuil 100000 (1 cotations testées)"
"372","PT INTERNATIONAL DEVELOPMENT CORPORATION LIMITED","","Hong Kong","HKEX","HKD","30001","100000","XHKG","0372","MIC:XHKG","Volume 30001 < Seuil 100000 (1 cotations testées)"
"62","TRANSPORT INTERNATIONAL HOLDINGS LIMITED","","Hong Kong","HKEX","HKD","77614","100000","XHKG","0062","MIC:XHKG","Volume 77614 < Seuil 100000 (1 cotations testées)"
"431","GREATER CHINA FINANCIAL HOLDINGS LIMITED","","Hong Kong","HKEX","HKD","0","100000","XHKG","0431","MIC:XHKG","Volume 0 < Seuil 100000 (1 cotations testées)"
"430","ORIENTAL EXPLORER HOLDINGS LIMITED","","Hong Kong","HKEX","HKD","22000","100000","XHKG","0430","MIC:XHKG","Volume 22000 < Seuil 100000 (1 cotations testées)"
"423","HONG KONG ECONOMIC TIMES HOLDINGS LIMITED","","Hong Kong","HKEX","HKD","83400","100000","XHKG","0423","MIC:XHKG","Volume 83400 < Seuil 100000 (1 cotations testées)"
"422","VIETNAM MANUFACTURING AND EXPORT PROCESSING","","Hong Kong","HKEX","HKD","41000","100000","XHKG","0422","MIC:XHKG","Volume 41000 < Seuil 100000 (1 cotations testées)"
"418","FOUNDER HOLDINGS LIMITED","","Hong Kong","HKEX","HKD","75000","100000","XHKG","0418","MIC:XHKG","Volume 75000 < Seuil 100000 (1 cotations testées)"
"6883","ETERNAL BEAUTY HOLDINGS LIMITED","","Hong Kong","HKEX","HKD","0","100000","XHKG","6883","MIC:XHKG","Volume 0 < Seuil 100000 (1 cotations testées)"
"399","INNOVATIVE PHARMACEUTICAL BIOTECH LIMITED","","Hong Kong","HKEX","HKD","0","100000","XHKG","0399","MIC:XHKG","Volume 0 < Seuil 100000 (1 cotations testées)"
"401","WANJIA GROUP HOLDINGS LIMITED","","Hong Kong","HKEX","HKD","10000","100000","XHKG","0401","MIC:XHKG","Volume 10000 < Seuil 100000 (1 cotations testées)"
"411","LAM SOON","","Hong Kong","HKEX","HKD","0","100000","XHKG","0411","MIC:XHKG","Volume 0 < Seuil 100000 (1 cotations testées)"
"406","YAU LEE HOLDINGS LIMITED","","Hong Kong","HKEX","HKD","0","100000","XHKG","0406","MIC:XHKG","Volume 0 < Seuil 100000 (1 cotations testées)"
"58","SUNWAY INTERNATIONAL HOLDINGS LIMITED","","Hong Kong","HKEX","HKD","20000","100000","XHKG","0058","MIC:XHKG","Volume 20000 < Seuil 100000 (1 cotations testées)"
"310","PROSPERITY INVESTMENT HOLDINGS LIMITED","","Hong Kong","HKEX","HKD","3000","100000","XHKG","0310","MIC:XHKG","Volume 3000 < Seuil 100000 (1 cotations testées)"
"6898","CHINA ALUMINUM CANS HOLDINGS LTD.","","Hong Kong","HKEX","HKD","39200","100000","XHKG","6898","MIC:XHKG","Volume 39200 < Seuil 100000 (1 cotations testées)"
"6899","OURGAME INTERNATIONAL HOLDINGS LTD.","","Hong Kong","HKEX","HKD","0","100000","XHKG","6899","MIC:XHKG","Volume 0 < Seuil 100000 (1 cotations testées)"
"6911","PU'ER LANCANG ANCIENT TEA CO., LTD.","","Hong Kong","HKEX","HKD","99400","100000","XHKG","6911","MIC:XHKG","Volume 99400 < Seuil 100000 (1 cotations testées)"
"69168","JP_HSI  RP2906J","","Hong Kong","HKEX","HKD","0","100000","XHKG","69168","MIC:XHKG","Volume 0 < Seuil 100000 (1 cotations testées)"
"6929","ORBUSNEICH MEDICAL GROUP HOLDINGS LIMITED","","Hong Kong","HKEX","HKD","49250","100000","XHKG","6929","MIC:XHKG","Volume 49250 < Seuil 100000 (1 cotations testées)"
"6928","TOMO HOLDINGS LTD.","","Hong Kong","HKEX","HKD","71600","100000","XHKG","6928","MIC:XHKG","Volume 71600 < Seuil 100000 (1 cotations testées)"
"331","FSE SERVICES GROUP LIMITED","","Hong Kong","HKEX","HKD","46518","100000","XHKG","0331","MIC:XHKG","Volume 46518 < Seuil 100000 (1 cotations testées)"
"318","VONGROUP LIMITED","","Hong Kong","HKEX","HKD","19750","100000","XHKG","0318","MIC:XHKG","Volume 19750 < Seuil 100000 (1 cotations testées)"
"320","COMPUTIME GROUP LIMITED","","Hong Kong","HKEX","HKD","41000","100000","XHKG","0320","MIC:XHKG","Volume 41000 < Seuil 100000 (1 cotations testées)"
"6922","CRYOFOCUS MEDTECH (SHANGHAI) CO., LTD.","","Hong Kong","HKEX","HKD","30460","100000","XHKG","6922","MIC:XHKG","Volume 30460 < Seuil 100000 (1 cotations testées)"
"311","LUEN THAI HOLDINGS LIMITED","","Hong Kong","HKEX","HKD","19300","100000","XHKG","0311","MIC:XHKG","Volume 19300 < Seuil 100000 (1 cotations testées)"
"6893","HIN SANG GROUP INTERNATIONAL HOLDING CO. LTD.","","Hong Kong","HKEX","HKD","75400","100000","XHKG","6893","MIC:XHKG","Volume 75400 < Seuil 100000 (1 cotations testées)"
"352","FORTUNE SUN","","Hong Kong","HKEX","HKD","0","100000","XHKG","0352","MIC:XHKG","Volume 0 < Seuil 100000 (1 cotations testées)"
"57","CHEN HSONG HOLDINGS LIMITED","","Hong Kong","HKEX","HKD","63800","100000","XHKG","0057","MIC:XHKG","Volume 63800 < Seuil 100000 (1 cotations testées)"
"362","XINYANG MAOJIAN GROUP LIMITED","","Hong Kong","HKEX","HKD","0","100000","XHKG","0362","MIC:XHKG","Volume 0 < Seuil 100000 (1 cotations testées)"
"356","DT CAPITAL LIMITED","","Hong Kong","HKEX","HKD","28200","100000","XHKG","0356","MIC:XHKG","Volume 28200 < Seuil 100000 (1 cotations testées)"
"333","TOP FORM INTERNATIONAL LIMITED","","Hong Kong","HKEX","HKD","4720","100000","XHKG","0333","MIC:XHKG","Volume 4720 < Seuil 100000 (1 cotations testées)"
"6889","DYNAM JAPAN HOLDINGS CO., LTD.","","Hong Kong","HKEX","HKD","69849","100000","XHKG","6889","MIC:XHKG","Volume 69849 < Seuil 100000 (1 cotations testées)"
"335","UPBEST GROUP LIMITED","","Hong Kong","HKEX","HKD","1200","100000","XHKG","0335","MIC:XHKG","Volume 1200 < Seuil 100000 (1 cotations testées)"
"6888","FREETECH ROAD RECYCLING TECHNOLOGY (HOLDINGS) LTD.","","Hong Kong","HKEX","HKD","15000","100000","XHKG","6888","MIC:XHKG","Volume 15000 < Seuil 100000 (1 cotations testées)"
"346","YANCHANG PETROLEUM INTERNATIONAL LIMITED","","Hong Kong","HKEX","HKD","54950","100000","XHKG","0346","MIC:XHKG","Volume 54950 < Seuil 100000 (1 cotations testées)"
"55","NEWAY GROUP HOLDINGS LIMITED","","Hong Kong","HKEX","HKD","74310","100000","XHKG","0055","MIC:XHKG","Volume 74310 < Seuil 100000 (1 cotations testées)"
"6829","DRAGON RISE GROUP HOLDINGS LIMITED","","Hong Kong","HKEX","HKD","9700","100000","XHKG","6829","MIC:XHKG","Volume 9700 < Seuil 100000 (1 cotations testées)"
"6838","WINOX HOLDINGS LTD.","","Hong Kong","HKEX","HKD","20600","100000","XHKG","6838","MIC:XHKG","Volume 20600 < Seuil 100000 (1 cotations testées)"
"6839","YUNNAN WATER INVESTMENT CO., LTD.","","Hong Kong","HKEX","HKD","21000","100000","XHKG","6839","MIC:XHKG","Volume 21000 < Seuil 100000 (1 cotations testées)"
"518","TUNGTEX","","Hong Kong","HKEX","HKD","6800","100000","XHKG","0518","MIC:XHKG","Volume 6800 < Seuil 100000 (1 cotations testées)"
"515","CHINA SILVER TECHNOLOGY HOLDINGS LIMITED","","Hong Kong","HKEX","HKD","0","100000","XHKG","0515","MIC:XHKG","Volume 0 < Seuil 100000 (1 cotations testées)"
"6868","TENFU (CAYMAN) HOLDINGS CO. LTD.","","Hong Kong","HKEX","HKD","2500","100000","XHKG","6868","MIC:XHKG","Volume 2500 < Seuil 100000 (1 cotations testées)"
"6866","ZUOLI KECHUANG MICRO-FINANCE CO. LTD.","","Hong Kong","HKEX","HKD","5600","100000","XHKG","6866","MIC:XHKG","Volume 5600 < Seuil 100000 (1 cotations testées)"
"509","CENTURY SUNSHINE GROUP HOLDINGS LIMITED","","Hong Kong","HKEX","HKD","0","100000","XHKG","0509","MIC:XHKG","Volume 0 < Seuil 100000 (1 cotations testées)"
"6822","KING'S FLAIR INTERNATIONAL HOLDINGS LIMITED","","Hong Kong","HKEX","HKD","0","100000","XHKG","6822","MIC:XHKG","Volume 0 < Seuil 100000 (1 cotations testées)"
"6858","HONMA GOLF LTD.","","Hong Kong","HKEX","HKD","0","100000","XHKG","6858","MIC:XHKG","Volume 0 < Seuil 100000 (1 cotations testées)"
"513","CONTINENTAL HOLDINGS LIMITED","","Hong Kong","HKEX","HKD","8000","100000","XHKG","0513","MIC:XHKG","Volume 8000 < Seuil 100000 (1 cotations testées)"
"542","TFG INTERNATIONAL GROUP LIMITED","","Hong Kong","HKEX","HKD","9400","100000","XHKG","0542","MIC:XHKG","Volume 9400 < Seuil 100000 (1 cotations testées)"
"543","PACIFIC ONLINE LIMITED","","Hong Kong","HKEX","HKD","27238","100000","XHKG","0543","MIC:XHKG","Volume 27238 < Seuil 100000 (1 cotations testées)"
"533","GOLDLION HOLDINGS LIMITED","","Hong Kong","HKEX","HKD","42600","100000","XHKG","0533","MIC:XHKG","Volume 42600 < Seuil 100000 (1 cotations testées)"
"6816","PROSPER CONSTRUCTION HOLDINGS LTD.","","Hong Kong","HKEX","HKD","18200","100000","XHKG","6816","MIC:XHKG","Volume 18200 < Seuil 100000 (1 cotations testées)"
"6812","WINSON HOLDINGS HONG KONG LIMITED","","Hong Kong","HKEX","HKD","40000","100000","XHKG","6812","MIC:XHKG","Volume 40000 < Seuil 100000 (1 cotations testées)"
"529","SIS INTERNATIONAL HOLDINGS LIMITED","","Hong Kong","HKEX","HKD","6000","100000","XHKG","0529","MIC:XHKG","Volume 6000 < Seuil 100000 (1 cotations testées)"
"6805","KIMOU ENVIRONMENTAL HOLDING LTD.","","Hong Kong","HKEX","HKD","45200","100000","XHKG","6805","MIC:XHKG","Volume 45200 < Seuil 100000 (1 cotations testées)"
"468","GREATVIEW ASEPTIC PACKAGING COMPANY LIMITED","","Hong Kong","HKEX","HKD","0","100000","XHKG","0468","MIC:XHKG","Volume 0 < Seuil 100000 (1 cotations testées)"
"458","TRISTATE HOLDINGS LIMITED","","Hong Kong","HKEX","HKD","17800","100000","XHKG","0458","MIC:XHKG","Volume 17800 < Seuil 100000 (1 cotations testées)"
"455","TIANDA PHARMACEUTICALS LIMITED","","Hong Kong","HKEX","HKD","77200","100000","XHKG","0455","MIC:XHKG","Volume 77200 < Seuil 100000 (1 cotations testées)"
"71","MIRAMAR HOTEL AND INVESTMENT COMPANY, LIMITED","","Hong Kong","HKEX","HKD","54625","100000","XHKG","0071","MIC:XHKG","Volume 54625 < Seuil 100000 (1 cotations testées)"
"72","MODERN MEDIA HOLDINGS LIMITED","","Hong Kong","HKEX","HKD","66000","100000","XHKG","0072","MIC:XHKG","Volume 66000 < Seuil 100000 (1 cotations testées)"
"438","IRICO GROUP NEW ENERGY COMPANY LIMITED","","Hong Kong","HKEX","HKD","24840","100000","XHKG","0438","MIC:XHKG","Volume 24840 < Seuil 100000 (1 cotations testées)"
"73","ASIAN CITRUS HOLDINGS LIMITED","","Hong Kong","HKEX","HKD","2046","100000","XHKG","0073","MIC:XHKG","Volume 2046 < Seuil 100000 (1 cotations testées)"
"444","SINCERE WATCH","","Hong Kong","HKEX","HKD","0","100000","XHKG","0444","MIC:XHKG","Volume 0 < Seuil 100000 (1 cotations testées)"
"450","HUNG HING PRINTING GROUP LIMITED","","Hong Kong","HKEX","HKD","64200","100000","XHKG","0450","MIC:XHKG","Volume 64200 < Seuil 100000 (1 cotations testées)"
"77","AMS PUBLIC TRANSPORT HOLDINGS LIMITED","","Hong Kong","HKEX","HKD","71060","100000","XHKG","0077","MIC:XHKG","Volume 71060 < Seuil 100000 (1 cotations testées)"
"442","HIFOOD GROUP HOLDINGS CO., LIMITED","","Hong Kong","HKEX","HKD","65500","100000","XHKG","0442","MIC:XHKG","Volume 65500 < Seuil 100000 (1 cotations testées)"
"474","ACESO LIFE SCIENCE GROUP LIMITED","","Hong Kong","HKEX","HKD","0","100000","XHKG","0474","MIC:XHKG","Volume 0 < Seuil 100000 (1 cotations testées)"
"495","PALADIN LIMITED","","Hong Kong","HKEX","HKD","0","100000","XHKG","0495","MIC:XHKG","Volume 0 < Seuil 100000 (1 cotations testées)"
"496","KASEN INTERNATIONAL HOLDINGS LIMITED","","Hong Kong","HKEX","HKD","11100","100000","XHKG","0496","MIC:XHKG","Volume 11100 < Seuil 100000 (1 cotations testées)"
"98","XINGFA ALUMINIUM HOLDINGS LIMITED","","Hong Kong","HKEX","HKD","18200","100000","XHKG","0098","MIC:XHKG","Volume 18200 < Seuil 100000 (1 cotations testées)"
"499","QINGDAO HOLDINGS INTERNATIONAL LIMITED","","Hong Kong","HKEX","HKD","62800","100000","XHKG","0499","MIC:XHKG","Volume 62800 < Seuil 100000 (1 cotations testées)"
"6878","DIFFER GROUP AUTO LIMITED","","Hong Kong","HKEX","HKD","0","100000","XHKG","6878","MIC:XHKG","Volume 0 < Seuil 100000 (1 cotations testées)"
"6877","CLSA PREMIUM LTD.","","Hong Kong","HKEX","HKD","74500","100000","XHKG","6877","MIC:XHKG","Volume 74500 < Seuil 100000 (1 cotations testées)"
"498","PYI CORPORATION LIMITED","","Hong Kong","HKEX","HKD","0","100000","XHKG","0498","MIC:XHKG","Volume 0 < Seuil 100000 (1 cotations testées)"
"6872","TENNOR THERAPEUTICS (SUZHOU) LIMITED","","Hong Kong","HKEX","HKD","50142","100000","XHKG","6872","MIC:XHKG","Volume 50142 < Seuil 100000 (1 cotations testées)"
"488","LAI SUN DEVELOPMENT COMPANY LIMITED","","Hong Kong","HKEX","HKD","6565","100000","XHKG","0488","MIC:XHKG","Volume 6565 < Seuil 100000 (1 cotations testées)"
"475","CENTRAL DEVELOPMENT HOLDINGS LIMITED","","Hong Kong","HKEX","HKD","0","100000","XHKG","0475","MIC:XHKG","Volume 0 < Seuil 100000 (1 cotations testées)"
"88","TAI CHEUNG HOLDINGS LIMITED","","Hong Kong","HKEX","HKD","56331","100000","XHKG","0088","MIC:XHKG","Volume 56331 < Seuil 100000 (1 cotations testées)"
"476","CHINA DYNAMICS","","Hong Kong","HKEX","HKD","92122","100000","XHKG","0476","MIC:XHKG","Volume 92122 < Seuil 100000 (1 cotations testées)"
"89","TAI SANG LAND DEVELOPMENT LIMITED","","Hong Kong","HKEX","HKD","12300","100000","XHKG","0089","MIC:XHKG","Volume 12300 < Seuil 100000 (1 cotations testées)"
"90","PUXING ENERGY LIMITED","","Hong Kong","HKEX","HKD","50600","100000","XHKG","0090","MIC:XHKG","Volume 50600 < Seuil 100000 (1 cotations testées)"
"483","BAUHAUS INTERNATIONAL","","Hong Kong","HKEX","HKD","11600","100000","XHKG","0483","MIC:XHKG","Volume 11600 < Seuil 100000 (1 cotations testées)"
"484","FORGAME HOLDINGS LIMITED","","Hong Kong","HKEX","HKD","18830","100000","XHKG","0484","MIC:XHKG","Volume 18830 < Seuil 100000 (1 cotations testées)"
"485","CHINA SINOSTAR GROUP COMPANY LIMITED","","Hong Kong","HKEX","HKD","4000","100000","XHKG","0485","MIC:XHKG","Volume 4000 < Seuil 100000 (1 cotations testées)"
"93","TERMBRAY INDUSTRIES INTERNATIONAL","","Hong Kong","HKEX","HKD","4200","100000","XHKG","0093","MIC:XHKG","Volume 4200 < Seuil 100000 (1 cotations testées)"
"482","SANDMARTIN INTERNATIONAL HOLDINGS LIMITED","","Hong Kong","HKEX","HKD","70000","100000","XHKG","0482","MIC:XHKG","Volume 70000 < Seuil 100000 (1 cotations testées)"
"859","ZHONGCHANG INTERNATIONAL HOLDINGS GROUP LIMITED","","Hong Kong","HKEX","HKD","10400","100000","XHKG","0859","MIC:XHKG","Volume 10400 < Seuil 100000 (1 cotations testées)"
"210","DAPHNE INTERNATIONAL HOLDINGS LIMITED","","Hong Kong","HKEX","HKD","81600","100000","XHKG","0210","MIC:XHKG","Volume 81600 < Seuil 100000 (1 cotations testées)"
"1013","WAI CHUN GROUP HOLDINGS LTD.","","Hong Kong","HKEX","HKD","40000","100000","XHKG","1013","MIC:XHKG","Volume 40000 < Seuil 100000 (1 cotations testées)"
"976","CHIHO ENVIRONMENTAL GROUP LIMITED","","Hong Kong","HKEX","HKD","0","100000","XHKG","0976","MIC:XHKG","Volume 0 < Seuil 100000 (1 cotations testées)"
"6133","VITAL INNOVATIONS HOLDINGS LTD.","","Hong Kong","HKEX","HKD","0","100000","XHKG","6133","MIC:XHKG","Volume 0 < Seuil 100000 (1 cotations testées)"
"896","HANISON CONSTRUCTION HOLDINGS LIMITED","","Hong Kong","HKEX","HKD","11410","100000","XHKG","0896","MIC:XHKG","Volume 11410 < Seuil 100000 (1 cotations testées)"
"983","SOCAM DEVELOPMENT LIMITED","","Hong Kong","HKEX","HKD","88000","100000","XHKG","0983","MIC:XHKG","Volume 88000 < Seuil 100000 (1 cotations testées)"
"897","WAI YUEN TONG MEDICINE HOLDINGS LIMITED","","Hong Kong","HKEX","HKD","86204","100000","XHKG","0897","MIC:XHKG","Volume 86204 < Seuil 100000 (1 cotations testées)"
"984","AEON STORES","","Hong Kong","HKEX","HKD","46700","100000","XHKG","0984","MIC:XHKG","Volume 46700 < Seuil 100000 (1 cotations testées)"
"974","CHINA SHUN KE LONG HOLDINGS LIMITED","","Hong Kong","HKEX","HKD","12300","100000","XHKG","0974","MIC:XHKG","Volume 12300 < Seuil 100000 (1 cotations testées)"
"927","FUJIKON INDUSTRIAL HOLDINGS LIMITED","","Hong Kong","HKEX","HKD","4000","100000","XHKG","0927","MIC:XHKG","Volume 4000 < Seuil 100000 (1 cotations testées)"
"876","KAISA HEALTH GROUP HOLDINGS LIMITED","","Hong Kong","HKEX","HKD","21979","100000","XHKG","0876","MIC:XHKG","Volume 21979 < Seuil 100000 (1 cotations testées)"
"926","BESUNYEN HOLDINGS COMPANY LIMITED","","Hong Kong","HKEX","HKD","4050","100000","XHKG","0926","MIC:XHKG","Volume 4050 < Seuil 100000 (1 cotations testées)"
"959","CENTURY ENTERTAINMENT INTERNATIONAL HOLDINGS LIMITED","","Hong Kong","HKEX","HKD","0","100000","XHKG","0959","MIC:XHKG","Volume 0 < Seuil 100000 (1 cotations testées)"
"878","SOUNDWILL HOLDINGS LIMITED","","Hong Kong","HKEX","HKD","13619","100000","XHKG","0878","MIC:XHKG","Volume 13619 < Seuil 100000 (1 cotations testées)"
"924","KHOON GROUP LIMITED","","Hong Kong","HKEX","HKD","12800","100000","XHKG","0924","MIC:XHKG","Volume 12800 < Seuil 100000 (1 cotations testées)"
"888","BISON FINANCE GROUP LIMITED","","Hong Kong","HKEX","HKD","81403","100000","XHKG","0888","MIC:XHKG","Volume 81403 < Seuil 100000 (1 cotations testées)"
"969","HUA LIEN INTERNATIONAL","","Hong Kong","HKEX","HKD","55200","100000","XHKG","0969","MIC:XHKG","Volume 55200 < Seuil 100000 (1 cotations testées)"
"970","SPARKLE ROLL GROUP LIMITED","","Hong Kong","HKEX","HKD","21700","100000","XHKG","0970","MIC:XHKG","Volume 21700 < Seuil 100000 (1 cotations testées)"
"898","MULTIFIELD INTERNATIONAL HOLDINGS LIMITED","","Hong Kong","HKEX","HKD","26000","100000","XHKG","0898","MIC:XHKG","Volume 26000 < Seuil 100000 (1 cotations testées)"
"115","GRAND FIELD GROUP HOLDINGS LIMITED","","Hong Kong","HKEX","HKD","0","100000","XHKG","0115","MIC:XHKG","Volume 0 < Seuil 100000 (1 cotations testées)"
"6093","HEVOL SERVICES GROUP CO., LTD.","","Hong Kong","HKEX","HKD","20000","100000","XHKG","6093","MIC:XHKG","Volume 20000 < Seuil 100000 (1 cotations testées)"
"910","CHINA SANDI HOLDINGS LIMITED","","Hong Kong","HKEX","HKD","0","100000","XHKG","0910","MIC:XHKG","Volume 0 < Seuil 100000 (1 cotations testées)"
"1001","HONG KONG SHANGHAI ALLIANCE HOLDINGS LIMITED","","Hong Kong","HKEX","HKD","25200","100000","XHKG","1001","MIC:XHKG","Volume 25200 < Seuil 100000 (1 cotations testées)"
"6118","AUSTAR LIFESCIENCES LTD.","","Hong Kong","HKEX","HKD","32000","100000","XHKG","6118","MIC:XHKG","Volume 32000 < Seuil 100000 (1 cotations testées)"
"113","DICKSON CONCEPTS","","Hong Kong","HKEX","HKD","58856","100000","XHKG","0113","MIC:XHKG","Volume 58856 < Seuil 100000 (1 cotations testées)"
"6117","RIZHAO PORT JURONG CO., LTD. CLASS H COMMON STOCK","","Hong Kong","HKEX","HKD","22000","100000","XHKG","6117","MIC:XHKG","Volume 22000 < Seuil 100000 (1 cotations testées)"
"938","MAN SANG INTERNATIONAL LIMITED","","Hong Kong","HKEX","HKD","49400","100000","XHKG","0938","MIC:XHKG","Volume 49400 < Seuil 100000 (1 cotations testées)"
"1000","BEIJING MEDIA CORPORATION LIMITED","","Hong Kong","HKEX","HKD","3100","100000","XHKG","1000","MIC:XHKG","Volume 3100 < Seuil 100000 (1 cotations testées)"
"6108","NEW RAY MEDICINE INTERNATIONAL HOLDING LTD.","","Hong Kong","HKEX","HKD","39360","100000","XHKG","6108","MIC:XHKG","Volume 39360 < Seuil 100000 (1 cotations testées)"
"907","ELEGANCE OPTICAL INTERNATIONAL HOLDINGS LIMITED","","Hong Kong","HKEX","HKD","0","100000","XHKG","0907","MIC:XHKG","Volume 0 < Seuil 100000 (1 cotations testées)"
"912","SUGA INTERNATIONAL HOLDINGS LIMITED","","Hong Kong","HKEX","HKD","32000","100000","XHKG","0912","MIC:XHKG","Volume 32000 < Seuil 100000 (1 cotations testées)"
"986","CHINA ENVIRONMENTAL ENERGY INVESTMENT LIMITED","","Hong Kong","HKEX","HKD","23869","100000","XHKG","0986","MIC:XHKG","Volume 23869 < Seuil 100000 (1 cotations testées)"
"1008","LITU HOLDINGS LTD.","","Hong Kong","HKEX","HKD","97800","100000","XHKG","1008","MIC:XHKG","Volume 97800 < Seuil 100000 (1 cotations testées)"
"6068","WISDOM EDUCATION INTERNATIONAL HOLDINGS COMPANY LIMITED","","Hong Kong","HKEX","HKD","87200","100000","XHKG","6068","MIC:XHKG","Volume 87200 < Seuil 100000 (1 cotations testées)"
"6123","YTO INTERNATIONAL EXPRESS AND SUPPLY CHAIN TECHNOLOGY CO. LTD.","","Hong Kong","HKEX","HKD","68600","100000","XHKG","6123","MIC:XHKG","Volume 68600 < Seuil 100000 (1 cotations testées)"
"1007","LONGHUI INTERNATIONAL HOLDINGS LIMITED","","Hong Kong","HKEX","HKD","0","100000","XHKG","1007","MIC:XHKG","Volume 0 < Seuil 100000 (1 cotations testées)"
"900","AEON CREDIT SERVICE","","Hong Kong","HKEX","HKD","78039","100000","XHKG","0900","MIC:XHKG","Volume 78039 < Seuil 100000 (1 cotations testées)"
"1005","MATRIX HOLDINGS LTD.","","Hong Kong","HKEX","HKD","20000","100000","XHKG","1005","MIC:XHKG","Volume 20000 < Seuil 100000 (1 cotations testées)"
"1004","CHINA SMARTER ENERGY GROUP HOLDINGS LTD.","","Hong Kong","HKEX","HKD","38284","100000","XHKG","1004","MIC:XHKG","Volume 38284 < Seuil 100000 (1 cotations testées)"
"6119","TIAN YUAN GROUP HOLDINGS LTD.","","Hong Kong","HKEX","HKD","0","100000","XHKG","6119","MIC:XHKG","Volume 0 < Seuil 100000 (1 cotations testées)"
"864","WING LEE PROPERTY INVESTMENTS LIMITED","","Hong Kong","HKEX","HKD","3200","100000","XHKG","0864","MIC:XHKG","Volume 3200 < Seuil 100000 (1 cotations testées)"
"869","PLAYMATES TOYS LIMITED","","Hong Kong","HKEX","HKD","66750","100000","XHKG","0869","MIC:XHKG","Volume 66750 < Seuil 100000 (1 cotations testées)"
"106","LANDSEA GREEN PROPERTIES CO., LTD.","","Hong Kong","HKEX","HKD","0","100000","XHKG","0106","MIC:XHKG","Volume 0 < Seuil 100000 (1 cotations testées)"
"105","ASSOCIATED INTERNATIONAL HOTELS LIMITED","","Hong Kong","HKEX","HKD","4000","100000","XHKG","0105","MIC:XHKG","Volume 4000 < Seuil 100000 (1 cotations testées)"
"6163","GEMILANG INTERNATIONAL LIMITED","","Hong Kong","HKEX","HKD","40600","100000","XHKG","6163","MIC:XHKG","Volume 40600 < Seuil 100000 (1 cotations testées)"
"6033","TELECOM DIGITAL HOLDINGS LTD.","","Hong Kong","HKEX","HKD","43000","100000","XHKG","6033","MIC:XHKG","Volume 43000 < Seuil 100000 (1 cotations testées)"
"952","CHINA TONGHAI INTERNATIONAL FINANCIAL LIMITED","","Hong Kong","HKEX","HKD","60000","100000","XHKG","0952","MIC:XHKG","Volume 60000 < Seuil 100000 (1 cotations testées)"
"954","CHANGMAO BIOCHEMICAL ENGINEERING COMPANY LIMITED","","Hong Kong","HKEX","HKD","0","100000","XHKG","0954","MIC:XHKG","Volume 0 < Seuil 100000 (1 cotations testées)"
"948","ALPHA PROFESSIONAL HOLDINGS LIMITED","","Hong Kong","HKEX","HKD","22000","100000","XHKG","0948","MIC:XHKG","Volume 22000 < Seuil 100000 (1 cotations testées)"
"103","SHOUGANG CONCORD CENTURY HOLDINGS LIMITED","","Hong Kong","HKEX","HKD","19900","100000","XHKG","0103","MIC:XHKG","Volume 19900 < Seuil 100000 (1 cotations testées)"
"945","MANULIFE FINANCIAL CORPORATION","","Hong Kong","HKEX","HKD","24445","100000","XHKG","0945","MIC:XHKG","Volume 24445 < Seuil 100000 (1 cotations testées)"
"860","APOLLO FUTURE MOBILITY GROUP LIMITED","","Hong Kong","HKEX","HKD","29940","100000","XHKG","0860","MIC:XHKG","Volume 29940 < Seuil 100000 (1 cotations testées)"
"39570","HDCLABS CO., LTD.","","Corée","KRX","KRW","23091","100000","XKRX","039570","MIC:XKRX","Volume 23091 < Seuil 100000 (1 cotations testées)"
"50960","SOOSAN INT CO., LTD.","","Corée","KRX","KRW","7491","100000","XKRX","050960","MIC:XKRX","Volume 7491 < Seuil 100000 (1 cotations testées)"
"94820","ILJIN POWER CO., LTD.","","Corée","KRX","KRW","97977","100000","XKRX","094820","MIC:XKRX","Volume 97977 < Seuil 100000 (1 cotations testées)"
"258610","CAELUM CO., LTD.","","Corée","KRX","KRW","43115","100000","XKRX","258610","MIC:XKRX","Volume 43115 < Seuil 100000 (1 cotations testées)"
"251630","V ONE TECH CO., LTD.","","Corée","KRX","KRW","31490","100000","XKRX","251630","MIC:XKRX","Volume 31490 < Seuil 100000 (1 cotations testées)"
"94840","SUPREMA HQ INC.","","Corée","KRX","KRW","40820","100000","XKRX","094840","MIC:XKRX","Volume 40820 < Seuil 100000 (1 cotations testées)"
"50860","ASIA TECHNOLOGY CO. LTD.","","Corée","KRX","KRW","23221","100000","XKRX","050860","MIC:XKRX","Volume 23221 < Seuil 100000 (1 cotations testées)"
"42600","SERONICS CO., LTD.","","Corée","KRX","KRW","9380","100000","XKRX","042600","MIC:XKRX","Volume 9380 < Seuil 100000 (1 cotations testées)"
"117670","ALPHA HOLDINGS INC.","","Corée","KRX","KRW","15168","100000","XKRX","117670","MIC:XKRX","Volume 15168 < Seuil 100000 (1 cotations testées)"
"253450","STUDIO DRAGON CORPORATION","","Corée","KRX","KRW","66354","100000","XKRX","253450","MIC:XKRX","Volume 66354 < Seuil 100000 (1 cotations testées)"
"111110","HOJEON LTD.","","Corée","KRX","KRW","7231","100000","XKRX","111110","MIC:XKRX","Volume 7231 < Seuil 100000 (1 cotations testées)"
"42000","CAFE24 CORP.","","Corée","KRX","KRW","71751","100000","XKRX","042000","MIC:XKRX","Volume 71751 < Seuil 100000 (1 cotations testées)"
"42040","KPM TECH CO., LTD.","","Corée","KRX","KRW","39903","100000","XKRX","042040","MIC:XKRX","Volume 39903 < Seuil 100000 (1 cotations testées)"
"118000","METACARE CO., LTD.","","Corée","KRX","KRW","22172","100000","XKRX","118000","MIC:XKRX","Volume 22172 < Seuil 100000 (1 cotations testées)"
"109740","DSK CO. LTD.","","Corée","KRX","KRW","41568","100000","XKRX","109740","MIC:XKRX","Volume 41568 < Seuil 100000 (1 cotations testées)"
"51160","GAEASOFT CO., LTD.","","Corée","KRX","KRW","59263","100000","XKRX","051160","MIC:XKRX","Volume 59263 < Seuil 100000 (1 cotations testées)"
"252500","SEWHA P&C INC.","","Corée","KRX","KRW","75426","100000","XKRX","252500","MIC:XKRX","Volume 75426 < Seuil 100000 (1 cotations testées)"
"98660","STO CO., LTD.","","Corée","KRX","KRW","34442","100000","XKRX","098660","MIC:XKRX","Volume 34442 < Seuil 100000 (1 cotations testées)"
"93920","SEOWONINTECH CO., LTD.","","Corée","KRX","KRW","16551","100000","XKRX","093920","MIC:XKRX","Volume 16551 < Seuil 100000 (1 cotations testées)"
"42420","NEOWIZ HOLDINGS CORPORATION","","Corée","KRX","KRW","9209","100000","XKRX","042420","MIC:XKRX","Volume 9209 < Seuil 100000 (1 cotations testées)"
"2290","SAMIL ENTERPRISE CO., LTD.","","Corée","KRX","KRW","13853","100000","XKRX","002290","MIC:XKRX","Volume 13853 < Seuil 100000 (1 cotations testées)"
"39340","KOREA ECONOMIC BROADCASTING CO., LTD.","","Corée","KRX","KRW","10097","100000","XKRX","039340","MIC:XKRX","Volume 10097 < Seuil 100000 (1 cotations testées)"
"250030","JINCOSTECH CO., LTD.","","Corée","KRX","KRW","2557","100000","XKRX","250030","MIC:XKRX","Volume 2557 < Seuil 100000 (1 cotations testées)"
"250000","BORATR CO. LTD.","","Corée","KRX","KRW","10337","100000","XKRX","250000","MIC:XKRX","Volume 10337 < Seuil 100000 (1 cotations testées)"
"43220","TS NEXGEN CO., LTD.","","Corée","KRX","KRW","0","100000","XKRX","043220","MIC:XKRX","Volume 0 < Seuil 100000 (1 cotations testées)"
"98120","MICRO CONTACT SOLUTION CO., LTD.","","Corée","KRX","KRW","56936","100000","XKRX","098120","MIC:XKRX","Volume 56936 < Seuil 100000 (1 cotations testées)"
"39310","SEJOONG CO., LTD.","","Corée","KRX","KRW","89556","100000","XKRX","039310","MIC:XKRX","Volume 89556 < Seuil 100000 (1 cotations testées)"
"43360","DIGITAL GRAPHICS INC.","","Corée","KRX","KRW","9043","100000","XKRX","043360","MIC:XKRX","Volume 9043 < Seuil 100000 (1 cotations testées)"
"232530","EMT CO LTD.","","Corée","KRX","KRW","1212","100000","XKRX","232530","MIC:XKRX","Volume 1212 < Seuil 100000 (1 cotations testées)"
"249420","IL DONG PHARMACEUTICAL CO., LTD.","","Corée","KRX","KRW","96253","100000","XKRX","249420","MIC:XKRX","Volume 96253 < Seuil 100000 (1 cotations testées)"
"43370","PHA CO. LTD.","","Corée","KRX","KRW","18352","100000","XKRX","043370","MIC:XKRX","Volume 18352 < Seuil 100000 (1 cotations testées)"
"260930","CTK CO., LTD.","","Corée","KRX","KRW","55645","100000","XKRX","260930","MIC:XKRX","Volume 55645 < Seuil 100000 (1 cotations testées)"
"43340","ESSEN TECH CO., LTD.","","Corée","KRX","KRW","78049","100000","XKRX","043340","MIC:XKRX","Volume 78049 < Seuil 100000 (1 cotations testées)"
"43150","VALUE ADDED TECHNOLOGY CO. LTD.","","Corée","KRX","KRW","41279","100000","XKRX","043150","MIC:XKRX","Volume 41279 < Seuil 100000 (1 cotations testées)"
"94940","PULOON TECHNOLOGY INC.","","Corée","KRX","KRW","95182","100000","XKRX","094940","MIC:XKRX","Volume 95182 < Seuil 100000 (1 cotations testées)"
"251280","ANGIOLAB INC.","","Corée","KRX","KRW","252","100000","XKRX","251280","MIC:XKRX","Volume 252 < Seuil 100000 (1 cotations testées)"
"251120","BIO FOOD & DEVELOPMENT CO. LTD.","","Corée","KRX","KRW","22244","100000","XKRX","251120","MIC:XKRX","Volume 22244 < Seuil 100000 (1 cotations testées)"
"94850","VERY GOOD TOUR CO. LTD.","","Corée","KRX","KRW","26096","100000","XKRX","094850","MIC:XKRX","Volume 26096 < Seuil 100000 (1 cotations testées)"
"260660","KOREA ARLICO PHARM CO., LTD.","","Corée","KRX","KRW","87171","100000","XKRX","260660","MIC:XKRX","Volume 87171 < Seuil 100000 (1 cotations testées)"
"43090","THE TECHNOLOGY CO. LTD.","","Corée","KRX","KRW","0","100000","XKRX","043090","MIC:XKRX","Volume 0 < Seuil 100000 (1 cotations testées)"
"39420","KL-NET CORP","","Corée","KRX","KRW","60951","100000","XKRX","039420","MIC:XKRX","Volume 60951 < Seuil 100000 (1 cotations testées)"
"229000","GENCURIX INC.","","Corée","KRX","KRW","91738","100000","XKRX","229000","MIC:XKRX","Volume 91738 < Seuil 100000 (1 cotations testées)"
"256940","KPS CORP.","","Corée","KRX","KRW","70423","100000","XKRX","256940","MIC:XKRX","Volume 70423 < Seuil 100000 (1 cotations testées)"
"258830","SEJONG MEDICAL CO., LTD.","","Corée","KRX","KRW","0","100000","XKRX","258830","MIC:XKRX","Volume 0 < Seuil 100000 (1 cotations testées)"
"40910","ICD CO., LTD.","","Corée","KRX","KRW","29546","100000","XKRX","040910","MIC:XKRX","Volume 29546 < Seuil 100000 (1 cotations testées)"
"51780","CURO HOLDINGS CO., LTD.","","Corée","KRX","KRW","19273","100000","XKRX","051780","MIC:XKRX","Volume 19273 < Seuil 100000 (1 cotations testées)"
"910","UNION CORPORATION","","Corée","KRX","KRW","42102","100000","XKRX","000910","MIC:XKRX","Volume 42102 < Seuil 100000 (1 cotations testées)"
"39840","DIO CORPORATION","","Corée","KRX","KRW","19844","100000","XKRX","039840","MIC:XKRX","Volume 19844 < Seuil 100000 (1 cotations testées)"
"256630","POINT ENGINEERING CO., LTD.","","Corée","KRX","KRW","7504","100000","XKRX","256630","MIC:XKRX","Volume 7504 < Seuil 100000 (1 cotations testées)"
"860","KANGNAM JEVISCO CO., LTD.","","Corée","KRX","KRW","24049","100000","XKRX","000860","MIC:XKRX","Volume 24049 < Seuil 100000 (1 cotations testées)"
"229500","NOVMETAPHARMA CO. LTD.","","Corée","KRX","KRW","24548","100000","XKRX","229500","MIC:XKRX","Volume 24548 < Seuil 100000 (1 cotations testées)"
"94280","HYOSUNG ITX CO., LTD.","","Corée","KRX","KRW","22888","100000","XKRX","094280","MIC:XKRX","Volume 22888 < Seuil 100000 (1 cotations testées)"
"109860","DONGIL METAL CO. LTD.","","Corée","KRX","KRW","29242","100000","XKRX","109860","MIC:XKRX","Volume 29242 < Seuil 100000 (1 cotations testées)"
"109960","AP HEALTHCARE INC.","","Corée","KRX","KRW","7396","100000","XKRX","109960","MIC:XKRX","Volume 7396 < Seuil 100000 (1 cotations testées)"
"40160","NURIFLEX CO., LTD.","","Corée","KRX","KRW","30037","100000","XKRX","040160","MIC:XKRX","Volume 30037 < Seuil 100000 (1 cotations testées)"
"110020","JEONJIN BIOFARM CO., LTD.","","Corée","KRX","KRW","33089","100000","XKRX","110020","MIC:XKRX","Volume 33089 < Seuil 100000 (1 cotations testées)"
"40300","YTN CO., LTD.","","Corée","KRX","KRW","42580","100000","XKRX","040300","MIC:XKRX","Volume 42580 < Seuil 100000 (1 cotations testées)"
"40350","CREOS CORPORATION LTD.","","Corée","KRX","KRW","85185","100000","XKRX","040350","MIC:XKRX","Volume 85185 < Seuil 100000 (1 cotations testées)"
"40420","JLS CO., LTD.","","Corée","KRX","KRW","22832","100000","XKRX","040420","MIC:XKRX","Volume 22832 < Seuil 100000 (1 cotations testées)"
"99390","BRAINZ COMPANY CO., LTD.","","Corée","KRX","KRW","41592","100000","XKRX","099390","MIC:XKRX","Volume 41592 < Seuil 100000 (1 cotations testées)"
"99320","SATREC INITIATIVE CO., LTD.","","Corée","KRX","KRW","57844","100000","XKRX","099320","MIC:XKRX","Volume 57844 < Seuil 100000 (1 cotations testées)"
"257370","PEOPLE & TECHNOLOGY MS, INC.","","Corée","KRX","KRW","36194","100000","XKRX","257370","MIC:XKRX","Volume 36194 < Seuil 100000 (1 cotations testées)"
"258790","SOFTCAMP CO., LTD.","","Corée","KRX","KRW","12546","100000","XKRX","258790","MIC:XKRX","Volume 12546 < Seuil 100000 (1 cotations testées)"
"40610","SG&G CORP.","","Corée","KRX","KRW","42056","100000","XKRX","040610","MIC:XKRX","Volume 42056 < Seuil 100000 (1 cotations testées)"
"256150","HANDOK CLEAN TECH CO., LTD.","","Corée","KRX","KRW","2173","100000","XKRX","256150","MIC:XKRX","Volume 2173 < Seuil 100000 (1 cotations testées)"
"41930","DONG-A HWASUNG CO. LTD.","","Corée","KRX","KRW","24655","100000","XKRX","041930","MIC:XKRX","Volume 24655 < Seuil 100000 (1 cotations testées)"
"99190","I-SENS INC.","","Corée","KRX","KRW","86749","100000","XKRX","099190","MIC:XKRX","Volume 86749 < Seuil 100000 (1 cotations testées)"
"110990","DIT CORP.","","Corée","KRX","KRW","81813","100000","XKRX","110990","MIC:XKRX","Volume 81813 < Seuil 100000 (1 cotations testées)"
"70","SAMYANG HOLDINGS CORPORATION","","Corée","KRX","KRW","8493","100000","XKRX","000070","MIC:XKRX","Volume 8493 < Seuil 100000 (1 cotations testées)"
"228850","RAYENCE CO., LTD.","","Corée","KRX","KRW","10237","100000","XKRX","228850","MIC:XKRX","Volume 10237 < Seuil 100000 (1 cotations testées)"
"118990","MOTREX CO. LTD.","","Corée","KRX","KRW","57352","100000","XKRX","118990","MIC:XKRX","Volume 57352 < Seuil 100000 (1 cotations testées)"
"41830","INBODY CO., LTD.","","Corée","KRX","KRW","82479","100000","XKRX","041830","MIC:XKRX","Volume 82479 < Seuil 100000 (1 cotations testées)"
"254490","MIRAI SEMICONDUCTORS CO. LTD.","","Corée","KRX","KRW","93633","100000","XKRX","254490","MIC:XKRX","Volume 93633 < Seuil 100000 (1 cotations testées)"
"41650","SANGSIN BRAKE CO., LTD.","","Corée","KRX","KRW","25058","100000","XKRX","041650","MIC:XKRX","Volume 25058 < Seuil 100000 (1 cotations testées)"
"254120","XAVIS CO., LTD.","","Corée","KRX","KRW","71320","100000","XKRX","254120","MIC:XKRX","Volume 71320 < Seuil 100000 (1 cotations testées)"
"39610","HS VALVE CO., LTD.","","Corée","KRX","KRW","39658","100000","XKRX","039610","MIC:XKRX","Volume 39658 < Seuil 100000 (1 cotations testées)"
"253840","SUGENTECH INC.","","Corée","KRX","KRW","79614","100000","XKRX","253840","MIC:XKRX","Volume 79614 < Seuil 100000 (1 cotations testées)"
"253610","ROOTLOC CO., LTD.","","Corée","KRX","KRW","6","100000","XKRX","253610","MIC:XKRX","Volume 6 < Seuil 100000 (1 cotations testées)"
"254160","JOHNSON MATTHEY PLC","","Corée","KRX","KRW","22","100000","XKRX","254160","MIC:XKRX","Volume 22 < Seuil 100000 (1 cotations testées)"
"259630","MPLUS CORPORATION","","Corée","KRX","KRW","88845","100000","XKRX","259630","MIC:XKRX","Volume 88845 < Seuil 100000 (1 cotations testées)"
"41590","FLASK CO. LTD.","","Corée","KRX","KRW","0","100000","XKRX","041590","MIC:XKRX","Volume 0 < Seuil 100000 (1 cotations testées)"
"41520","ELC CO., LTD.","","Corée","KRX","KRW","28126","100000","XKRX","041520","MIC:XKRX","Volume 28126 < Seuil 100000 (1 cotations testées)"
"41440","HYUNDAI EVERDIGM CORP.","","Corée","KRX","KRW","91232","100000","XKRX","041440","MIC:XKRX","Volume 91232 < Seuil 100000 (1 cotations testées)"
"51500","CJ FRESHWAY CORP.","","Corée","KRX","KRW","11062","100000","XKRX","051500","MIC:XKRX","Volume 11062 < Seuil 100000 (1 cotations testées)"
"41460","KOREA ELECTRONIC CERTIFICATION AUTHORITY INC.","","Corée","KRX","KRW","85667","100000","XKRX","041460","MIC:XKRX","Volume 85667 < Seuil 100000 (1 cotations testées)"
"50","KYUNGBANG CO., LTD.","","Corée","KRX","KRW","47730","100000","XKRX","000050","MIC:XKRX","Volume 47730 < Seuil 100000 (1 cotations testées)"
"230360","ECHO MARKETING INC.","","Corée","KRX","KRW","0","100000","XKRX","230360","MIC:XKRX","Volume 0 < Seuil 100000 (1 cotations testées)"
"109820","GENEMATRIX INC.","","Corée","KRX","KRW","38696","100000","XKRX","109820","MIC:XKRX","Volume 38696 < Seuil 100000 (1 cotations testées)"
"51490","NARA MOLD & DIE CO. LTD.","","Corée","KRX","KRW","30494","100000","XKRX","051490","MIC:XKRX","Volume 30494 < Seuil 100000 (1 cotations testées)"
"94360","CHIPS&MEDIA INC.","","Corée","KRX","KRW","76832","100000","XKRX","094360","MIC:XKRX","Volume 76832 < Seuil 100000 (1 cotations testées)"
"51390","YW COMPANY LTD.","","Corée","KRX","KRW","9027","100000","XKRX","051390","MIC:XKRX","Volume 9027 < Seuil 100000 (1 cotations testées)"
"51380","PC DIRECT INC.","","Corée","KRX","KRW","33330","100000","XKRX","051380","MIC:XKRX","Volume 33330 < Seuil 100000 (1 cotations testées)"
"51370","INTERFLEX CO., LTD.","","Corée","KRX","KRW","81762","100000","XKRX","051370","MIC:XKRX","Volume 81762 < Seuil 100000 (1 cotations testées)"
"39740","KOREA INFORMATION ENGINEERING SERVICES CO., LTD.","","Corée","KRX","KRW","14575","100000","XKRX","039740","MIC:XKRX","Volume 14575 < Seuil 100000 (1 cotations testées)"
"110790","CREAS F&C CO., LTD.","","Corée","KRX","KRW","6500","100000","XKRX","110790","MIC:XKRX","Volume 6500 < Seuil 100000 (1 cotations testées)"
"49120","FINE DNC CO., LTD.","","Corée","KRX","KRW","14861","100000","XKRX","049120","MIC:XKRX","Volume 14861 < Seuil 100000 (1 cotations testées)"
"248170","SEMPIO FOODS CO.","","Corée","KRX","KRW","60135","100000","XKRX","248170","MIC:XKRX","Volume 60135 < Seuil 100000 (1 cotations testées)"
"98070","HANTECH LTD.","","Corée","KRX","KRW","57910","100000","XKRX","098070","MIC:XKRX","Volume 57910 < Seuil 100000 (1 cotations testées)"
"240","HANKOOK & COMPANY CO., LTD.","","Corée","KRX","KRW","79530","100000","XKRX","000240","MIC:XKRX","Volume 79530 < Seuil 100000 (1 cotations testées)"
"96250","WISENUT CO., LTD.","","Corée","KRX","KRW","48865","100000","XKRX","096250","MIC:XKRX","Volume 48865 < Seuil 100000 (1 cotations testées)"
"96240","CREVERSE INC.","","Corée","KRX","KRW","35197","100000","XKRX","096240","MIC:XKRX","Volume 35197 < Seuil 100000 (1 cotations testées)"
"49520","UIL CO., LTD.","","Corée","KRX","KRW","83301","100000","XKRX","049520","MIC:XKRX","Volume 83301 < Seuil 100000 (1 cotations testées)"
"850","HWACHEON MACHINE TOOL CO., LTD.","","Corée","KRX","KRW","16484","100000","XKRX","000850","MIC:XKRX","Volume 16484 < Seuil 100000 (1 cotations testées)"
"234300","STRAFFIC CO., LTD.","","Corée","KRX","KRW","51323","100000","XKRX","234300","MIC:XKRX","Volume 51323 < Seuil 100000 (1 cotations testées)"
"47560","ESTSOFT CORP.","","Corée","KRX","KRW","45535","100000","XKRX","047560","MIC:XKRX","Volume 45535 < Seuil 100000 (1 cotations testées)"
"238490","HIMS CO., LTD.","","Corée","KRX","KRW","36254","100000","XKRX","238490","MIC:XKRX","Volume 36254 < Seuil 100000 (1 cotations testées)"
"114840","IFAMILYSC CO. LTD.","","Corée","KRX","KRW","78631","100000","XKRX","114840","MIC:XKRX","Volume 78631 < Seuil 100000 (1 cotations testées)"
"238200","BIFIDO CO. LTD.","","Corée","KRX","KRW","12759","100000","XKRX","238200","MIC:XKRX","Volume 12759 < Seuil 100000 (1 cotations testées)"
"300","DAYOU PLUS CO., LTD.","","Corée","KRX","KRW","0","100000","XKRX","000300","MIC:XKRX","Volume 0 < Seuil 100000 (1 cotations testées)"
"47400","UNION MATERIALS CORPORATION","","Corée","KRX","KRW","84265","100000","XKRX","047400","MIC:XKRX","Volume 84265 < Seuil 100000 (1 cotations testées)"
"230","IL DONG HOLDINGS CO., LTD.","","Corée","KRX","KRW","11033","100000","XKRX","000230","MIC:XKRX","Volume 11033 < Seuil 100000 (1 cotations testées)"
"49550","INKTEC CO., LTD.","","Corée","KRX","KRW","99582","100000","XKRX","049550","MIC:XKRX","Volume 99582 < Seuil 100000 (1 cotations testées)"
"114190","KANGWON ENERGY CO., LTD.","","Corée","KRX","KRW","81777","100000","XKRX","114190","MIC:XKRX","Volume 81777 < Seuil 100000 (1 cotations testées)"
"234070","A ONE ALFORM CO., LTD.","","Corée","KRX","KRW","21","100000","XKRX","234070","MIC:XKRX","Volume 21 < Seuil 100000 (1 cotations testées)"
"239610","HLSCIENCE CO. LTD.","","Corée","KRX","KRW","2084","100000","XKRX","239610","MIC:XKRX","Volume 2084 < Seuil 100000 (1 cotations testées)"
"96610","RFSEMI TECHNOLOGIES INC.","","Corée","KRX","KRW","0","100000","XKRX","096610","MIC:XKRX","Volume 0 < Seuil 100000 (1 cotations testées)"
"220","YUYU PHARMA INC.","","Corée","KRX","KRW","65531","100000","XKRX","000220","MIC:XKRX","Volume 65531 < Seuil 100000 (1 cotations testées)"
"234080","JW LIFE SCIENCE CORP.","","Corée","KRX","KRW","26852","100000","XKRX","234080","MIC:XKRX","Volume 26852 < Seuil 100000 (1 cotations testées)"
"234100","SEWON CO., LTD.","","Corée","KRX","KRW","27606","100000","XKRX","234100","MIC:XKRX","Volume 27606 < Seuil 100000 (1 cotations testées)"
"239890","P&H TECH CO., LTD.","","Corée","KRX","KRW","27454","100000","XKRX","239890","MIC:XKRX","Volume 27454 < Seuil 100000 (1 cotations testées)"
"238120","ALIGNED GENETICS INC.","","Corée","KRX","KRW","25985","100000","XKRX","238120","MIC:XKRX","Volume 25985 < Seuil 100000 (1 cotations testées)"
"114920","DAEJOO ENERGY INNOVATION TECHNOLOGY CO. LTD.","","Corée","KRX","KRW","622","100000","XKRX","114920","MIC:XKRX","Volume 622 < Seuil 100000 (1 cotations testées)"
"47820","CHOROKBAEM MEDIA CO., LTD.","","Corée","KRX","KRW","24022","100000","XKRX","047820","MIC:XKRX","Volume 24022 < Seuil 100000 (1 cotations testées)"
"115480","CU MEDICAL SYSTEMS INC.","","Corée","KRX","KRW","10253","100000","XKRX","115480","MIC:XKRX","Volume 10253 < Seuil 100000 (1 cotations testées)"
"115500","KOREA COMPUTER & SYSTEMS INC.","","Corée","KRX","KRW","82587","100000","XKRX","115500","MIC:XKRX","Volume 82587 < Seuil 100000 (1 cotations testées)"
"236340","MEDIZEN HUMANCARE CO., LTD.","","Corée","KRX","KRW","728","100000","XKRX","236340","MIC:XKRX","Volume 728 < Seuil 100000 (1 cotations testées)"
"236200","SUPREMA INC.","","Corée","KRX","KRW","35544","100000","XKRX","236200","MIC:XKRX","Volume 35544 < Seuil 100000 (1 cotations testées)"
"115530","CNPLUS CO., LTD.","","Corée","KRX","KRW","18434","100000","XKRX","115530","MIC:XKRX","Volume 18434 < Seuil 100000 (1 cotations testées)"
"236030","SSI ALIMENTATION INC.","","Corée","KRX","KRW","154","100000","XKRX","236030","MIC:XKRX","Volume 154 < Seuil 100000 (1 cotations testées)"
"49430","KOMELON CORP.","","Corée","KRX","KRW","32853","100000","XKRX","049430","MIC:XKRX","Volume 32853 < Seuil 100000 (1 cotations testées)"
"48910","DAEWON MEDIA CO., LTD.","","Corée","KRX","KRW","41129","100000","XKRX","048910","MIC:XKRX","Volume 41129 < Seuil 100000 (1 cotations testées)"
"115570","STARFLEX CO., LTD.","","Corée","KRX","KRW","6908","100000","XKRX","115570","MIC:XKRX","Volume 6908 < Seuil 100000 (1 cotations testées)"
"95660","NEOWIZ HOLDINGS CORP.","","Corée","KRX","KRW","76772","100000","XKRX","095660","MIC:XKRX","Volume 76772 < Seuil 100000 (1 cotations testées)"
"48530","INTRON BIOTECHNOLOGY INC.","","Corée","KRX","KRW","74790","100000","XKRX","048530","MIC:XKRX","Volume 74790 < Seuil 100000 (1 cotations testées)"
"238090","NDFOS CO., LTD.","","Corée","KRX","KRW","23418","100000","XKRX","238090","MIC:XKRX","Volume 23418 < Seuil 100000 (1 cotations testées)"
"237880","CLIO COSMETICS CO., LTD.","","Corée","KRX","KRW","83137","100000","XKRX","237880","MIC:XKRX","Volume 83137 < Seuil 100000 (1 cotations testées)"
"237820","PLAYD CO., LTD.","","Corée","KRX","KRW","36689","100000","XKRX","237820","MIC:XKRX","Volume 36689 < Seuil 100000 (1 cotations testées)"
"320","NOROO HOLDINGS CO., LTD.","","Corée","KRX","KRW","7415","100000","XKRX","000320","MIC:XKRX","Volume 7415 < Seuil 100000 (1 cotations testées)"
"234690","GREEN CROSS WELLBEING CORP.","","Corée","KRX","KRW","70993","100000","XKRX","234690","MIC:XKRX","Volume 70993 < Seuil 100000 (1 cotations testées)"
"237750","PNC TECHNOLOGIES CO., LTD.","","Corée","KRX","KRW","13530","100000","XKRX","237750","MIC:XKRX","Volume 13530 < Seuil 100000 (1 cotations testées)"
"115160","HUMAX CO., LTD.","","Corée","KRX","KRW","19327","100000","XKRX","115160","MIC:XKRX","Volume 19327 < Seuil 100000 (1 cotations testées)"
"49470","SGA CO., LTD.","","Corée","KRX","KRW","51495","100000","XKRX","049470","MIC:XKRX","Volume 51495 < Seuil 100000 (1 cotations testées)"
"95720","WOONGJIN THINKBIG CO., LTD.","","Corée","KRX","KRW","76008","100000","XKRX","095720","MIC:XKRX","Volume 76008 < Seuil 100000 (1 cotations testées)"
"48430","YURA TECH CO., LTD.","","Corée","KRX","KRW","16085","100000","XKRX","048430","MIC:XKRX","Volume 16085 < Seuil 100000 (1 cotations testées)"
"48470","DAE DONG STEEL CO., LTD.","","Corée","KRX","KRW","43624","100000","XKRX","048470","MIC:XKRX","Volume 43624 < Seuil 100000 (1 cotations testées)"
"115310","INFOVINE CO., LTD.","","Corée","KRX","KRW","6985","100000","XKRX","115310","MIC:XKRX","Volume 6985 < Seuil 100000 (1 cotations testées)"
"115440","WOORI-NET CO., LTD.","","Corée","KRX","KRW","81172","100000","XKRX","115440","MIC:XKRX","Volume 81172 < Seuil 100000 (1 cotations testées)"
"96630","S CONNECT CO., LTD.","","Corée","KRX","KRW","49966","100000","XKRX","096630","MIC:XKRX","Volume 49966 < Seuil 100000 (1 cotations testées)"
"2170","SAMYANG TONGSANG CO., LTD.","","Corée","KRX","KRW","3653","100000","XKRX","002170","MIC:XKRX","Volume 3653 < Seuil 100000 (1 cotations testées)"
"49960","CELL BIOTECH CO., LTD.","","Corée","KRX","KRW","22434","100000","XKRX","049960","MIC:XKRX","Volume 22434 < Seuil 100000 (1 cotations testées)"
"233250","MEDIAN DIAGNOSTICS INC.","","Corée","KRX","KRW","163","100000","XKRX","233250","MIC:XKRX","Volume 163 < Seuil 100000 (1 cotations testées)"
"95270","WAVE ELECTRONICS CO., LTD.","","Corée","KRX","KRW","58953","100000","XKRX","095270","MIC:XKRX","Volume 58953 < Seuil 100000 (1 cotations testées)"
"140","HITEJINRO HOLDINGS CO., LTD.","","Corée","KRX","KRW","19251","100000","XKRX","000140","MIC:XKRX","Volume 19251 < Seuil 100000 (1 cotations testées)"
"49950","MEERECOMPANY INCORPORATED","","Corée","KRX","KRW","23021","100000","XKRX","049950","MIC:XKRX","Volume 23021 < Seuil 100000 (1 cotations testées)"
"245620","EONE DIAGNOMICS GENOME CENTER CO., LTD.","","Corée","KRX","KRW","0","100000","XKRX","245620","MIC:XKRX","Volume 0 < Seuil 100000 (1 cotations testées)"
"97780","ECO VOLT CO., LTD.","","Corée","KRX","KRW","22353","100000","XKRX","097780","MIC:XKRX","Volume 22353 < Seuil 100000 (1 cotations testées)"
"245450","CNS LINK CO., LTD.","","Corée","KRX","KRW","3","100000","XKRX","245450","MIC:XKRX","Volume 3 < Seuil 100000 (1 cotations testées)"
"44450","KSS LINE LTD.","","Corée","KRX","KRW","58905","100000","XKRX","044450","MIC:XKRX","Volume 58905 < Seuil 100000 (1 cotations testées)"
"44480","BILLIONS CO. LTD.","","Corée","KRX","KRW","62376","100000","XKRX","044480","MIC:XKRX","Volume 62376 < Seuil 100000 (1 cotations testées)"
"244920","APLUS ASSET ADVISOR CO., LTD.","","Corée","KRX","KRW","61151","100000","XKRX","244920","MIC:XKRX","Volume 61151 < Seuil 100000 (1 cotations testées)"
"244880","NANOOMTECH CO., LTD.","","Corée","KRX","KRW","37","100000","XKRX","244880","MIC:XKRX","Volume 37 < Seuil 100000 (1 cotations testées)"
"44780","HK CO., LTD.","","Corée","KRX","KRW","40858","100000","XKRX","044780","MIC:XKRX","Volume 40858 < Seuil 100000 (1 cotations testées)"
"97870","HYOSUNG ONB CO., LTD.","","Corée","KRX","KRW","60798","100000","XKRX","097870","MIC:XKRX","Volume 60798 < Seuil 100000 (1 cotations testées)"
"2240","KISWIRE LTD.","","Corée","KRX","KRW","33339","100000","XKRX","002240","MIC:XKRX","Volume 33339 < Seuil 100000 (1 cotations testées)"
"112190","KC INDUSTRY CO., LTD.","","Corée","KRX","KRW","454","100000","XKRX","112190","MIC:XKRX","Volume 454 < Seuil 100000 (1 cotations testées)"
"43610","GENIE MUSIC CORP.","","Corée","KRX","KRW","40132","100000","XKRX","043610","MIC:XKRX","Volume 40132 < Seuil 100000 (1 cotations testées)"
"50120","ES CUBE CO. LTD.","","Corée","KRX","KRW","7057","100000","XKRX","050120","MIC:XKRX","Volume 7057 < Seuil 100000 (1 cotations testées)"
"43650","KOOK SOON DANG BREWERY CO. LTD.","","Corée","KRX","KRW","52399","100000","XKRX","043650","MIC:XKRX","Volume 52399 < Seuil 100000 (1 cotations testées)"
"120","CJ LOGISTICS CORPORATION","","Corée","KRX","KRW","60436","100000","XKRX","000120","MIC:XKRX","Volume 60436 < Seuil 100000 (1 cotations testées)"
"2230","PS TEC CO., LTD.","","Corée","KRX","KRW","90357","100000","XKRX","002230","MIC:XKRX","Volume 90357 < Seuil 100000 (1 cotations testées)"
"232830","SECUCEN","","Corée","KRX","KRW","44716","100000","XKRX","232830","MIC:XKRX","Volume 44716 < Seuil 100000 (1 cotations testées)"
"43910","NATURE & ENVIRONMENT CO. LTD.","","Corée","KRX","KRW","29449","100000","XKRX","043910","MIC:XKRX","Volume 29449 < Seuil 100000 (1 cotations testées)"
"43710","SEOULEAGUER CO., LTD.","","Corée","KRX","KRW","4903","100000","XKRX","043710","MIC:XKRX","Volume 4903 < Seuil 100000 (1 cotations testées)"
"244460","OLIPASS CORPORATION","","Corée","KRX","KRW","0","100000","XKRX","244460","MIC:XKRX","Volume 0 < Seuil 100000 (1 cotations testées)"
"44820","COSMAX BTI INC.","","Corée","KRX","KRW","30645","100000","XKRX","044820","MIC:XKRX","Volume 30645 < Seuil 100000 (1 cotations testées)"
"46310","BG T&A CO.","","Corée","KRX","KRW","67040","100000","XKRX","046310","MIC:XKRX","Volume 67040 < Seuil 100000 (1 cotations testées)"
"241840","ASTORY CO., LTD.","","Corée","KRX","KRW","21280","100000","XKRX","241840","MIC:XKRX","Volume 21280 < Seuil 100000 (1 cotations testées)"
"241820","PCL INC.","","Corée","KRX","KRW","0","100000","XKRX","241820","MIC:XKRX","Volume 0 < Seuil 100000 (1 cotations testées)"
"2200","KOREA EXPORT PACKAGING CO., LTD.","","Corée","KRX","KRW","60210","100000","XKRX","002200","MIC:XKRX","Volume 60210 < Seuil 100000 (1 cotations testées)"
"46390","SAMHWA NETWORKS CO., LTD.","","Corée","KRX","KRW","55182","100000","XKRX","046390","MIC:XKRX","Volume 55182 < Seuil 100000 (1 cotations testées)"
"241790","TEMC CNS CO. LTD.","","Corée","KRX","KRW","29758","100000","XKRX","241790","MIC:XKRX","Volume 29758 < Seuil 100000 (1 cotations testées)"
"241710","COSMECCA KOREA CO., LTD.","","Corée","KRX","KRW","84635","100000","XKRX","241710","MIC:XKRX","Volume 84635 < Seuil 100000 (1 cotations testées)"
"113810","DGENX CO LTD.","","Corée","KRX","KRW","19818","100000","XKRX","113810","MIC:XKRX","Volume 19818 < Seuil 100000 (1 cotations testées)"
"46440","KGMOBILIANS CO., LTD.","","Corée","KRX","KRW","97329","100000","XKRX","046440","MIC:XKRX","Volume 97329 < Seuil 100000 (1 cotations testées)"
"241690","UNITEKNO CO., LTD.","","Corée","KRX","KRW","90326","100000","XKRX","241690","MIC:XKRX","Volume 90326 < Seuil 100000 (1 cotations testées)"
"96690","AROOT CO. LTD.","","Corée","KRX","KRW","3434","100000","XKRX","096690","MIC:XKRX","Volume 3434 < Seuil 100000 (1 cotations testées)"
"241590","HWASEUNG ENTERPRISE CO., LTD.","","Corée","KRX","KRW","75975","100000","XKRX","241590","MIC:XKRX","Volume 75975 < Seuil 100000 (1 cotations testées)"
"241770","MECARO CO., LTD.","","Corée","KRX","KRW","24341","100000","XKRX","241770","MIC:XKRX","Volume 24341 < Seuil 100000 (1 cotations testées)"
"96870","LDT INC.","","Corée","KRX","KRW","53259","100000","XKRX","096870","MIC:XKRX","Volume 53259 < Seuil 100000 (1 cotations testées)"
"116100","SUN MACHINERY CO. LTD.","","Corée","KRX","KRW","5525","100000","XKRX","116100","MIC:XKRX","Volume 5525 < Seuil 100000 (1 cotations testées)"
"44960","EAGLE VETERINARY TECH CO., LTD.","","Corée","KRX","KRW","30852","100000","XKRX","044960","MIC:XKRX","Volume 30852 < Seuil 100000 (1 cotations testées)"
"44990","H&S HIGHTECH CORP.","","Corée","KRX","KRW","60210","100000","XKRX","044990","MIC:XKRX","Volume 60210 < Seuil 100000 (1 cotations testées)"
"49830","SEUNG IL CORP.","","Corée","KRX","KRW","1212","100000","XKRX","049830","MIC:XKRX","Volume 1212 < Seuil 100000 (1 cotations testées)"
"45060","OKONG CORPORATION","","Corée","KRX","KRW","17831","100000","XKRX","045060","MIC:XKRX","Volume 17831 < Seuil 100000 (1 cotations testées)"
"97520","MCNEX CO., LTD.","","Corée","KRX","KRW","86239","100000","XKRX","097520","MIC:XKRX","Volume 86239 < Seuil 100000 (1 cotations testées)"
"243870","GOODCEN CO. LTD.","","Corée","KRX","KRW","192","100000","XKRX","243870","MIC:XKRX","Volume 192 < Seuil 100000 (1 cotations testées)"
"45100","HANYANG ENGINEERING CO., LTD.","","Corée","KRX","KRW","90223","100000","XKRX","045100","MIC:XKRX","Volume 90223 < Seuil 100000 (1 cotations testées)"
"45300","SUNGWOO TECHRON CO., LTD.","","Corée","KRX","KRW","27665","100000","XKRX","045300","MIC:XKRX","Volume 27665 < Seuil 100000 (1 cotations testées)"
"45340","TOTAL SOFT BANK LTD.","","Corée","KRX","KRW","32122","100000","XKRX","045340","MIC:XKRX","Volume 32122 < Seuil 100000 (1 cotations testées)"
"233990","JILGYUNGYI CO., LTD.","","Corée","KRX","KRW","1110","100000","XKRX","233990","MIC:XKRX","Volume 1110 < Seuil 100000 (1 cotations testées)"
"260970","S&D CO., LTD.","","Corée","KRX","KRW","77796","100000","XKRX","260970","MIC:XKRX","Volume 77796 < Seuil 100000 (1 cotations testées)"
"180","SUNGCHANG ENTERPRISE HOLDING INC.","","Corée","KRX","KRW","14419","100000","XKRX","000180","MIC:XKRX","Volume 14419 < Seuil 100000 (1 cotations testées)"
"49800","WOOJIN PLAIMM CO., LTD.","","Corée","KRX","KRW","22445","100000","XKRX","049800","MIC:XKRX","Volume 22445 < Seuil 100000 (1 cotations testées)"
"45660","ATEC CO., LTD.","","Corée","KRX","KRW","29871","100000","XKRX","045660","MIC:XKRX","Volume 29871 < Seuil 100000 (1 cotations testées)"
"243070","HUONS CO., LTD.","","Corée","KRX","KRW","25808","100000","XKRX","243070","MIC:XKRX","Volume 25808 < Seuil 100000 (1 cotations testées)"
"263770","UST CO. LTD.","","Corée","KRX","KRW","16495","100000","XKRX","263770","MIC:XKRX","Volume 16495 < Seuil 100000 (1 cotations testées)"
"261200","DENTIS CO., LTD.","","Corée","KRX","KRW","27241","100000","XKRX","261200","MIC:XKRX","Volume 27241 < Seuil 100000 (1 cotations testées)"
"101680","HNK MACHINE TOOL CO. LTD.","","Corée","KRX","KRW","47062","100000","XKRX","101680","MIC:XKRX","Volume 47062 < Seuil 100000 (1 cotations testées)"
"29460","KC CO., LTD.","","Corée","KRX","KRW","39384","100000","XKRX","029460","MIC:XKRX","Volume 39384 < Seuil 100000 (1 cotations testées)"
"29530","SINDOH CO., LTD.","","Corée","KRX","KRW","16659","100000","XKRX","029530","MIC:XKRX","Volume 16659 < Seuil 100000 (1 cotations testées)"
"29780","SAMSUNG CARD CO., LTD.","","Corée","KRX","KRW","86829","100000","XKRX","029780","MIC:XKRX","Volume 86829 < Seuil 100000 (1 cotations testées)"
"2420","THE CENTURY CO., LTD.","","Corée","KRX","KRW","8417","100000","XKRX","002420","MIC:XKRX","Volume 8417 < Seuil 100000 (1 cotations testées)"
"2410","BUMYUNG CONSTRUCTION CO., LTD.","","Corée","KRX","KRW","0","100000","XKRX","002410","MIC:XKRX","Volume 0 < Seuil 100000 (1 cotations testées)"
"33200","MOATECH CO., LTD.","","Corée","KRX","KRW","12784","100000","XKRX","033200","MIC:XKRX","Volume 12784 < Seuil 100000 (1 cotations testées)"
"101530","HAITAI CONFECTIONERY & FOODS CO., LTD.","","Corée","KRX","KRW","53930","100000","XKRX","101530","MIC:XKRX","Volume 53930 < Seuil 100000 (1 cotations testées)"
"33240","JAHWA ELECTRONICS CO., LTD.","","Corée","KRX","KRW","83660","100000","XKRX","033240","MIC:XKRX","Volume 83660 < Seuil 100000 (1 cotations testées)"
"30190","NICE INFORMATION SERVICE CO., LTD.","","Corée","KRX","KRW","81432","100000","XKRX","030190","MIC:XKRX","Volume 81432 < Seuil 100000 (1 cotations testées)"
"30210","DAOL INVESTMENT & SECURITIES CO., LTD.","","Corée","KRX","KRW","80359","100000","XKRX","030210","MIC:XKRX","Volume 80359 < Seuil 100000 (1 cotations testées)"
"299900","WYSIWYG STUDIOS CO., LTD.","","Corée","KRX","KRW","0","100000","XKRX","299900","MIC:XKRX","Volume 0 < Seuil 100000 (1 cotations testées)"
"104830","WONIK MATERIALS CO., LTD.","","Corée","KRX","KRW","67778","100000","XKRX","104830","MIC:XKRX","Volume 67778 < Seuil 100000 (1 cotations testées)"
"27040","SEOUL ELECTRONICS & TELECOM LTD.","","Corée","KRX","KRW","90209","100000","XKRX","027040","MIC:XKRX","Volume 90209 < Seuil 100000 (1 cotations testées)"
"32850","BIT COMPUTER CO., LTD.","","Corée","KRX","KRW","71877","100000","XKRX","032850","MIC:XKRX","Volume 71877 < Seuil 100000 (1 cotations testées)"
"32860","THE LAMY CO., LTD.","","Corée","KRX","KRW","47460","100000","XKRX","032860","MIC:XKRX","Volume 47460 < Seuil 100000 (1 cotations testées)"
"27580","SANGBO CORP.","","Corée","KRX","KRW","38035","100000","XKRX","027580","MIC:XKRX","Volume 38035 < Seuil 100000 (1 cotations testées)"
"104620","YELLOW BALLOON TOUR CO., LTD.","","Corée","KRX","KRW","57958","100000","XKRX","104620","MIC:XKRX","Volume 57958 < Seuil 100000 (1 cotations testées)"
"32940","WONIK CORPORATION","","Corée","KRX","KRW","83575","100000","XKRX","032940","MIC:XKRX","Volume 83575 < Seuil 100000 (1 cotations testées)"
"33050","JEONGMOON INFORMATION CO., LTD.","","Corée","KRX","KRW","50541","100000","XKRX","033050","MIC:XKRX","Volume 50541 < Seuil 100000 (1 cotations testées)"
"32960","DONGIL TECHNOLOGY LTD.","","Corée","KRX","KRW","10748","100000","XKRX","032960","MIC:XKRX","Volume 10748 < Seuil 100000 (1 cotations testées)"
"32980","BYON CO., LTD.","","Corée","KRX","KRW","0","100000","XKRX","032980","MIC:XKRX","Volume 0 < Seuil 100000 (1 cotations testées)"
"28080","HUMAX HOLDINGS CO. LTD.","","Corée","KRX","KRW","3419","100000","XKRX","028080","MIC:XKRX","Volume 3419 < Seuil 100000 (1 cotations testées)"
"28100","DONG-AH GEOLOGICAL ENGINEERING CO., LTD.","","Corée","KRX","KRW","38903","100000","XKRX","028100","MIC:XKRX","Volume 38903 < Seuil 100000 (1 cotations testées)"
"101930","INHWA PRECISION CO. LTD.","","Corée","KRX","KRW","22511","100000","XKRX","101930","MIC:XKRX","Volume 22511 < Seuil 100000 (1 cotations testées)"
"104700","KISCO CORP.","","Corée","KRX","KRW","49140","100000","XKRX","104700","MIC:XKRX","Volume 49140 < Seuil 100000 (1 cotations testées)"
"33270","KOREA UNITED PHARM INC.","","Corée","KRX","KRW","48381","100000","XKRX","033270","MIC:XKRX","Volume 48381 < Seuil 100000 (1 cotations testées)"
"299480","G&E HEALTHCARE CO. LTD.","","Corée","KRX","KRW","1982","100000","XKRX","299480","MIC:XKRX","Volume 1982 < Seuil 100000 (1 cotations testées)"
"295310","HVM CO. LTD.","","Corée","KRX","KRW","82754","100000","XKRX","295310","MIC:XKRX","Volume 82754 < Seuil 100000 (1 cotations testées)"
"105740","DK-LOK CORPORATION","","Corée","KRX","KRW","57376","100000","XKRX","105740","MIC:XKRX","Volume 57376 < Seuil 100000 (1 cotations testées)"
"294570","COOCON CORP.","","Corée","KRX","KRW","15052","100000","XKRX","294570","MIC:XKRX","Volume 15052 < Seuil 100000 (1 cotations testées)"
"294140","LEMON CO., LTD.","","Corée","KRX","KRW","24752","100000","XKRX","294140","MIC:XKRX","Volume 24752 < Seuil 100000 (1 cotations testées)"
"294090","EOFLOW CO., LTD.","","Corée","KRX","KRW","0","100000","XKRX","294090","MIC:XKRX","Volume 0 < Seuil 100000 (1 cotations testées)"
"105630","HANSAE CO., LTD.","","Corée","KRX","KRW","56239","100000","XKRX","105630","MIC:XKRX","Volume 56239 < Seuil 100000 (1 cotations testées)"
"105760","POSBANK CO., LTD.","","Corée","KRX","KRW","30240","100000","XKRX","105760","MIC:XKRX","Volume 30240 < Seuil 100000 (1 cotations testées)"
"293480","HANA PHARM CO., LTD.","","Corée","KRX","KRW","34870","100000","XKRX","293480","MIC:XKRX","Volume 34870 < Seuil 100000 (1 cotations testées)"
"291650","APTAMER SCIENCES INC.","","Corée","KRX","KRW","72262","100000","XKRX","291650","MIC:XKRX","Volume 72262 < Seuil 100000 (1 cotations testées)"
"33830","TAEGU BROADCASTING CORP","","Corée","KRX","KRW","22642","100000","XKRX","033830","MIC:XKRX","Volume 22642 < Seuil 100000 (1 cotations testées)"
"30610","KYOBO SECURITIES CO., LTD.","","Corée","KRX","KRW","78518","100000","XKRX","030610","MIC:XKRX","Volume 78518 < Seuil 100000 (1 cotations testées)"
"290740","ACTRO CO. LTD.","","Corée","KRX","KRW","41503","100000","XKRX","290740","MIC:XKRX","Volume 41503 < Seuil 100000 (1 cotations testées)"
"299030","HANA TECHNOLOGY CO., LTD.","","Corée","KRX","KRW","47136","100000","XKRX","299030","MIC:XKRX","Volume 47136 < Seuil 100000 (1 cotations testées)"
"33290","COWELL FASHION CO. LTD.","","Corée","KRX","KRW","41721","100000","XKRX","033290","MIC:XKRX","Volume 41721 < Seuil 100000 (1 cotations testées)"
"105330","KNW CO., LTD.","","Corée","KRX","KRW","40659","100000","XKRX","105330","MIC:XKRX","Volume 40659 < Seuil 100000 (1 cotations testées)"
"298540","NATURE HOLDINGS CO., LTD.","","Corée","KRX","KRW","21554","100000","XKRX","298540","MIC:XKRX","Volume 21554 < Seuil 100000 (1 cotations testées)"
"298060","SCM LIFESCIENCE CO., LTD.","","Corée","KRX","KRW","9811","100000","XKRX","298060","MIC:XKRX","Volume 9811 < Seuil 100000 (1 cotations testées)"
"298050","HYOSUNG ADVANCED MATERIALS INC.","","Corée","KRX","KRW","17178","100000","XKRX","298050","MIC:XKRX","Volume 17178 < Seuil 100000 (1 cotations testées)"
"298000","HYOSUNG CHEMICAL CORPORATION","","Corée","KRX","KRW","78629","100000","XKRX","298000","MIC:XKRX","Volume 78629 < Seuil 100000 (1 cotations testées)"
"2390","HANDOK INC.","","Corée","KRX","KRW","17862","100000","XKRX","002390","MIC:XKRX","Volume 17862 < Seuil 100000 (1 cotations testées)"
"33310","M2N CO., LTD.","","Corée","KRX","KRW","50689","100000","XKRX","033310","MIC:XKRX","Volume 50689 < Seuil 100000 (1 cotations testées)"
"297570","ALOYS INC.","","Corée","KRX","KRW","57219","100000","XKRX","297570","MIC:XKRX","Volume 57219 < Seuil 100000 (1 cotations testées)"
"33320","JCHYUN SYSTEMS INC.","","Corée","KRX","KRW","49079","100000","XKRX","033320","MIC:XKRX","Volume 49079 < Seuil 100000 (1 cotations testées)"
"105550","EDGE FOUNDRY CO. LTD.","","Corée","KRX","KRW","68298","100000","XKRX","105550","MIC:XKRX","Volume 68298 < Seuil 100000 (1 cotations testées)"
"296640","INNORULES CO., LTD.","","Corée","KRX","KRW","22480","100000","XKRX","296640","MIC:XKRX","Volume 22480 < Seuil 100000 (1 cotations testées)"
"33530","SEJONG INDUSTRIAL CO. LTD.","","Corée","KRX","KRW","81793","100000","XKRX","033530","MIC:XKRX","Volume 81793 < Seuil 100000 (1 cotations testées)"
"290720","FOODNAMOO INC.","","Corée","KRX","KRW","80485","100000","XKRX","290720","MIC:XKRX","Volume 80485 < Seuil 100000 (1 cotations testées)"
"26960","DONGSUH COMPANIES INC.","","Corée","KRX","KRW","96245","100000","XKRX","026960","MIC:XKRX","Volume 96245 < Seuil 100000 (1 cotations testées)"
"32080","AZTECH WB CO. LTD.","","Corée","KRX","KRW","41594","100000","XKRX","032080","MIC:XKRX","Volume 41594 < Seuil 100000 (1 cotations testées)"
"23350","KOREA ENGINEERING CONSULTANTS CORP.","","Corée","KRX","KRW","20453","100000","XKRX","023350","MIC:XKRX","Volume 20453 < Seuil 100000 (1 cotations testées)"
"23450","DONGNAM CHEMICAL CO., LTD.","","Corée","KRX","KRW","953","100000","XKRX","023450","MIC:XKRX","Volume 953 < Seuil 100000 (1 cotations testées)"
"23590","DAOU TECHNOLOGY INC.","","Corée","KRX","KRW","63306","100000","XKRX","023590","MIC:XKRX","Volume 63306 < Seuil 100000 (1 cotations testées)"
"23600","SAMBO CORRUGATED BOARD CO., LTD.","","Corée","KRX","KRW","12943","100000","XKRX","023600","MIC:XKRX","Volume 12943 < Seuil 100000 (1 cotations testées)"
"23770","PLAYWITH KOREA INC.","","Corée","KRX","KRW","11193","100000","XKRX","023770","MIC:XKRX","Volume 11193 < Seuil 100000 (1 cotations testées)"
"23800","INZI CONTROLS CO., LTD.","","Corée","KRX","KRW","61556","100000","XKRX","023800","MIC:XKRX","Volume 61556 < Seuil 100000 (1 cotations testées)"
"23810","INFAC CORP.","","Corée","KRX","KRW","31288","100000","XKRX","023810","MIC:XKRX","Volume 31288 < Seuil 100000 (1 cotations testées)"
"32280","SAMIL CO., LTD.","","Corée","KRX","KRW","37487","100000","XKRX","032280","MIC:XKRX","Volume 37487 < Seuil 100000 (1 cotations testées)"
"23900","PUNGKUK ETHANOL CO. LTD.","","Corée","KRX","KRW","14875","100000","XKRX","023900","MIC:XKRX","Volume 14875 < Seuil 100000 (1 cotations testées)"
"23910","DAIHAN PHARMACEUTICAL CO., LTD.","","Corée","KRX","KRW","16904","100000","XKRX","023910","MIC:XKRX","Volume 16904 < Seuil 100000 (1 cotations testées)"
"103660","CIAAT CO., LTD.","","Corée","KRX","KRW","394","100000","XKRX","103660","MIC:XKRX","Volume 394 < Seuil 100000 (1 cotations testées)"
"24070","WISCOM CO., LTD.","","Corée","KRX","KRW","36384","100000","XKRX","024070","MIC:XKRX","Volume 36384 < Seuil 100000 (1 cotations testées)"
"24090","DCM CORP.","","Corée","KRX","KRW","4239","100000","XKRX","024090","MIC:XKRX","Volume 4239 < Seuil 100000 (1 cotations testées)"
"32300","KOREA PHARMA CO., LTD.","","Corée","KRX","KRW","14174","100000","XKRX","032300","MIC:XKRX","Volume 14174 < Seuil 100000 (1 cotations testées)"
"23150","METHANOL CO. LTD.","","Corée","KRX","KRW","9184","100000","XKRX","023150","MIC:XKRX","Volume 9184 < Seuil 100000 (1 cotations testées)"
"103230","S&W SEED COMPANY","","Corée","KRX","KRW","24405","100000","XKRX","103230","MIC:XKRX","Volume 24405 < Seuil 100000 (1 cotations testées)"
"31210","SEOUL GUARANTEE INSURANCE CO. LTD.","","Corée","KRX","KRW","29892","100000","XKRX","031210","MIC:XKRX","Volume 29892 < Seuil 100000 (1 cotations testées)"
"31310","EYESVISION CORPORATION","","Corée","KRX","KRW","94077","100000","XKRX","031310","MIC:XKRX","Volume 94077 < Seuil 100000 (1 cotations testées)"
"21320","KCC ENGINEERING & CONSTRUCTION CO., LTD.","","Corée","KRX","KRW","18679","100000","XKRX","021320","MIC:XKRX","Volume 18679 < Seuil 100000 (1 cotations testées)"
"31430","SHINSEGAE INTERNATIONAL INC.","","Corée","KRX","KRW","91248","100000","XKRX","031430","MIC:XKRX","Volume 91248 < Seuil 100000 (1 cotations testées)"
"102460","REYON PHARMACEUTICAL CO. LTD.","","Corée","KRX","KRW","52960","100000","XKRX","102460","MIC:XKRX","Volume 52960 < Seuil 100000 (1 cotations testées)"
"21650","CUBIC KOREA INC.","","Corée","KRX","KRW","5702","100000","XKRX","021650","MIC:XKRX","Volume 5702 < Seuil 100000 (1 cotations testées)"
"23000","SAMWON STEEL CO., LTD.","","Corée","KRX","KRW","62432","100000","XKRX","023000","MIC:XKRX","Volume 62432 < Seuil 100000 (1 cotations testées)"
"31440","SHINSEGAE FOOD CO., LTD.","","Corée","KRX","KRW","1309","100000","XKRX","031440","MIC:XKRX","Volume 1309 < Seuil 100000 (1 cotations testées)"
"21820","SEWON PRECISION INDUSTRY CO., LTD.","","Corée","KRX","KRW","11993","100000","XKRX","021820","MIC:XKRX","Volume 11993 < Seuil 100000 (1 cotations testées)"
"21880","MASON CAPITAL CORP","","Corée","KRX","KRW","93172","100000","XKRX","021880","MIC:XKRX","Volume 93172 < Seuil 100000 (1 cotations testées)"
"301300","VAIV CO INC.","","Corée","KRX","KRW","64052","100000","XKRX","301300","MIC:XKRX","Volume 64052 < Seuil 100000 (1 cotations testées)"
"31510","AUSTEM CO., LTD.","","Corée","KRX","KRW","59458","100000","XKRX","031510","MIC:XKRX","Volume 59458 < Seuil 100000 (1 cotations testées)"
"102950","AHA CO., LTD.","","Corée","KRX","KRW","2851","100000","XKRX","102950","MIC:XKRX","Volume 2851 < Seuil 100000 (1 cotations testées)"
"22220","TKG AIKANG CO., LTD.","","Corée","KRX","KRW","50950","100000","XKRX","022220","MIC:XKRX","Volume 50950 < Seuil 100000 (1 cotations testées)"
"102370","K-AUCTION CO., LTD.","","Corée","KRX","KRW","61766","100000","XKRX","102370","MIC:XKRX","Volume 61766 < Seuil 100000 (1 cotations testées)"
"31820","COMTEC SYSTEMS CO., LTD.","","Corée","KRX","KRW","35840","100000","XKRX","031820","MIC:XKRX","Volume 35840 < Seuil 100000 (1 cotations testées)"
"24120","KB AUTOSYS CO., LTD.","","Corée","KRX","KRW","23727","100000","XKRX","024120","MIC:XKRX","Volume 23727 < Seuil 100000 (1 cotations testées)"
"103840","WOOYANG CO., LTD.","","Corée","KRX","KRW","39330","100000","XKRX","103840","MIC:XKRX","Volume 39330 < Seuil 100000 (1 cotations testées)"
"25770","KOREA INFORMATION & COMMUNICATIONS CO., LTD.","","Corée","KRX","KRW","53508","100000","XKRX","025770","MIC:XKRX","Volume 53508 < Seuil 100000 (1 cotations testées)"
"300720","HANIL CEMENT CO., LTD.","","Corée","KRX","KRW","82408","100000","XKRX","300720","MIC:XKRX","Volume 82408 < Seuil 100000 (1 cotations testées)"
"25880","KC FEED CO., LTD.","","Corée","KRX","KRW","81272","100000","XKRX","025880","MIC:XKRX","Volume 81272 < Seuil 100000 (1 cotations testées)"
"25890","HAN KOOK STEEL CO. LTD.","","Corée","KRX","KRW","16115","100000","XKRX","025890","MIC:XKRX","Volume 16115 < Seuil 100000 (1 cotations testées)"
"104460","DYPNF CO., LTD.","","Corée","KRX","KRW","19907","100000","XKRX","104460","MIC:XKRX","Volume 19907 < Seuil 100000 (1 cotations testées)"
"25900","DONGWHA ENTERPRISE CO. LTD.","","Corée","KRX","KRW","96792","100000","XKRX","025900","MIC:XKRX","Volume 96792 < Seuil 100000 (1 cotations testées)"
"25750","HANSOL HOMEDECO CO., LTD.","","Corée","KRX","KRW","27891","100000","XKRX","025750","MIC:XKRX","Volume 27891 < Seuil 100000 (1 cotations testées)"
"32680","SOFTCEN CO. LTD.","","Corée","KRX","KRW","82030","100000","XKRX","032680","MIC:XKRX","Volume 82030 < Seuil 100000 (1 cotations testées)"
"26150","TUKSU CONSTRUCTION CO. LTD.","","Corée","KRX","KRW","44188","100000","XKRX","026150","MIC:XKRX","Volume 44188 < Seuil 100000 (1 cotations testées)"
"2460","HS HWASUNG CO., LTD.","","Corée","KRX","KRW","15768","100000","XKRX","002460","MIC:XKRX","Volume 15768 < Seuil 100000 (1 cotations testées)"
"32750","SAMJIN CO., LTD.","","Corée","KRX","KRW","8831","100000","XKRX","032750","MIC:XKRX","Volume 8831 < Seuil 100000 (1 cotations testées)"
"104540","CORENTEC CO., LTD.","","Corée","KRX","KRW","14944","100000","XKRX","104540","MIC:XKRX","Volume 14944 < Seuil 100000 (1 cotations testées)"
"101970","WOOYANG HC CO. LTD.","","Corée","KRX","KRW","16039","100000","XKRX","101970","MIC:XKRX","Volume 16039 < Seuil 100000 (1 cotations testées)"
"26890","STIC INVESTMENTS INC.","","Corée","KRX","KRW","90168","100000","XKRX","026890","MIC:XKRX","Volume 90168 < Seuil 100000 (1 cotations testées)"
"32800","FANTAGIO CORP","","Corée","KRX","KRW","73632","100000","XKRX","032800","MIC:XKRX","Volume 73632 < Seuil 100000 (1 cotations testées)"
"32620","UBCARE CO., LTD.","","Corée","KRX","KRW","90425","100000","XKRX","032620","MIC:XKRX","Volume 90425 < Seuil 100000 (1 cotations testées)"
"25620","JAYJUN COSMETIC CO., LTD.","","Corée","KRX","KRW","32438","100000","XKRX","025620","MIC:XKRX","Volume 32438 < Seuil 100000 (1 cotations testées)"
"24800","YOOSUNG T&S CO., LTD.","","Corée","KRX","KRW","42176","100000","XKRX","024800","MIC:XKRX","Volume 42176 < Seuil 100000 (1 cotations testées)"
"24830","SEWON CORP LTD","","Corée","KRX","KRW","2165","100000","XKRX","024830","MIC:XKRX","Volume 2165 < Seuil 100000 (1 cotations testées)"
"24880","KOREA PARTS & FASTENERS CO., LTD.","","Corée","KRX","KRW","76409","100000","XKRX","024880","MIC:XKRX","Volume 76409 < Seuil 100000 (1 cotations testées)"
"24890","DAE WON CHEMICAL CO., LTD.","","Corée","KRX","KRW","19656","100000","XKRX","024890","MIC:XKRX","Volume 19656 < Seuil 100000 (1 cotations testées)"
"24950","SAMCHULY BICYCLE CO., LTD.","","Corée","KRX","KRW","42366","100000","XKRX","024950","MIC:XKRX","Volume 42366 < Seuil 100000 (1 cotations testées)"
"25000","KPX CHEMICAL CO., LTD.","","Corée","KRX","KRW","5054","100000","XKRX","025000","MIC:XKRX","Volume 5054 < Seuil 100000 (1 cotations testées)"
"104040","DAESUNG FINE TECH CO., LTD.","","Corée","KRX","KRW","71489","100000","XKRX","104040","MIC:XKRX","Volume 71489 < Seuil 100000 (1 cotations testées)"
"32540","TJ MEDIA CO., LTD.","","Corée","KRX","KRW","5151","100000","XKRX","032540","MIC:XKRX","Volume 5151 < Seuil 100000 (1 cotations testées)"
"32560","HWANGKUM STEEL & TECHNOLOGY CO., LTD.","","Corée","KRX","KRW","23271","100000","XKRX","032560","MIC:XKRX","Volume 23271 < Seuil 100000 (1 cotations testées)"
"25440","DHA CORPORATION LTD.","","Corée","KRX","KRW","23807","100000","XKRX","025440","MIC:XKRX","Volume 23807 < Seuil 100000 (1 cotations testées)"
"25530","SJM HOLDINGS CO., LTD.","","Corée","KRX","KRW","10025","100000","XKRX","025530","MIC:XKRX","Volume 10025 < Seuil 100000 (1 cotations testées)"
"25540","KOREA ELECTRIC TERMINAL CO., LTD.","","Corée","KRX","KRW","19253","100000","XKRX","025540","MIC:XKRX","Volume 19253 < Seuil 100000 (1 cotations testées)"
"25550","HANKUK STEEL WIRE CO., LTD.","","Corée","KRX","KRW","90632","100000","XKRX","025550","MIC:XKRX","Volume 90632 < Seuil 100000 (1 cotations testées)"
"290670","DAEBO MAGNETIC CO., LTD.","","Corée","KRX","KRW","12964","100000","XKRX","290670","MIC:XKRX","Volume 12964 < Seuil 100000 (1 cotations testées)"
"267290","KYUNGDONG CITY GAS CO., LTD.","","Corée","KRX","KRW","24852","100000","XKRX","267290","MIC:XKRX","Volume 24852 < Seuil 100000 (1 cotations testées)"
"108230","TOPTEC CO., LTD.","","Corée","KRX","KRW","85283","100000","XKRX","108230","MIC:XKRX","Volume 85283 < Seuil 100000 (1 cotations testées)"
"100220","VISANG EDUCATION INC.","","Corée","KRX","KRW","59709","100000","XKRX","100220","MIC:XKRX","Volume 59709 < Seuil 100000 (1 cotations testées)"
"37330","INZI DISPLAY CO., LTD.","","Corée","KRX","KRW","34118","100000","XKRX","037330","MIC:XKRX","Volume 34118 < Seuil 100000 (1 cotations testées)"
"37370","EG CORPORATION","","Corée","KRX","KRW","10527","100000","XKRX","037370","MIC:XKRX","Volume 10527 < Seuil 100000 (1 cotations testées)"
"37400","WOORI ENTERPRISE CO., LTD.","","Corée","KRX","KRW","77592","100000","XKRX","037400","MIC:XKRX","Volume 77592 < Seuil 100000 (1 cotations testées)"
"266470","BIOINFRA LIFE SCIENCE INC.","","Corée","KRX","KRW","5477","100000","XKRX","266470","MIC:XKRX","Volume 5477 < Seuil 100000 (1 cotations testées)"
"37460","SAMJI ELECTRONICS CO., LTD.","","Corée","KRX","KRW","72186","100000","XKRX","037460","MIC:XKRX","Volume 72186 < Seuil 100000 (1 cotations testées)"
"100120","VIEWORKS CO., LTD.","","Corée","KRX","KRW","34906","100000","XKRX","100120","MIC:XKRX","Volume 34906 < Seuil 100000 (1 cotations testées)"
"267790","BARREL CO. LTD.","","Corée","KRX","KRW","9117","100000","XKRX","267790","MIC:XKRX","Volume 9117 < Seuil 100000 (1 cotations testées)"
"267850","ASIANA IDT INC.","","Corée","KRX","KRW","12513","100000","XKRX","267850","MIC:XKRX","Volume 12513 < Seuil 100000 (1 cotations testées)"
"36480","DAESUNG MICROBIOLOGICAL LABS, INC.","","Corée","KRX","KRW","8248","100000","XKRX","036480","MIC:XKRX","Volume 8248 < Seuil 100000 (1 cotations testées)"
"100660","SEOAM MACHINERY INDUSTRY CO., LTD.","","Corée","KRX","KRW","64512","100000","XKRX","100660","MIC:XKRX","Volume 64512 < Seuil 100000 (1 cotations testées)"
"36530","SNT HOLDINGS CO., LTD.","","Corée","KRX","KRW","22221","100000","XKRX","036530","MIC:XKRX","Volume 22221 < Seuil 100000 (1 cotations testées)"
"269620","SYSWORK CO., LTD.","","Corée","KRX","KRW","0","100000","XKRX","269620","MIC:XKRX","Volume 0 < Seuil 100000 (1 cotations testées)"
"36560","YOUNG POONG PRECISION CORP.","","Corée","KRX","KRW","5758","100000","XKRX","036560","MIC:XKRX","Volume 5758 < Seuil 100000 (1 cotations testées)"
"36580","FARMSCO CO., LTD.","","Corée","KRX","KRW","49546","100000","XKRX","036580","MIC:XKRX","Volume 49546 < Seuil 100000 (1 cotations testées)"
"36630","SEJONG TELECOM INC.","","Corée","KRX","KRW","22161","100000","XKRX","036630","MIC:XKRX","Volume 22161 < Seuil 100000 (1 cotations testées)"
"107640","HANJUNG NATURAL CONNECTIVITY SYSTEM.CO.,LTD","","Corée","KRX","KRW","73911","100000","XKRX","107640","MIC:XKRX","Volume 73911 < Seuil 100000 (1 cotations testées)"
"36640","HRS CO., LTD.","","Corée","KRX","KRW","64007","100000","XKRX","036640","MIC:XKRX","Volume 64007 < Seuil 100000 (1 cotations testées)"
"36690","COMMAX CO., LTD.","","Corée","KRX","KRW","0","100000","XKRX","036690","MIC:XKRX","Volume 0 < Seuil 100000 (1 cotations testées)"
"0008Z0","S&SYS CO., LTD.","","Corée","KRX","KRW","36313","100000","XKRX","0008Z0","MIC:XKRX","Volume 36313 < Seuil 100000 (1 cotations testées)"
"107590","MIWON HOLDINGS CO., LTD.","","Corée","KRX","KRW","86","100000","XKRX","107590","MIC:XKRX","Volume 86 < Seuil 100000 (1 cotations testées)"
"36800","NICE INFORMATION & TELECOM CO., LTD.","","Corée","KRX","KRW","20970","100000","XKRX","036800","MIC:XKRX","Volume 20970 < Seuil 100000 (1 cotations testées)"
"268280","MIWON SPECIALTY CHEMICAL CO. LTD.","","Corée","KRX","KRW","3453","100000","XKRX","268280","MIC:XKRX","Volume 3453 < Seuil 100000 (1 cotations testées)"
"107600","SEBITCHEM CO., LTD.","","Corée","KRX","KRW","11355","100000","XKRX","107600","MIC:XKRX","Volume 11355 < Seuil 100000 (1 cotations testées)"
"36830","SOULBRAIN HOLDINGS CO., LTD.","","Corée","KRX","KRW","68245","100000","XKRX","036830","MIC:XKRX","Volume 68245 < Seuil 100000 (1 cotations testées)"
"36890","JINSUNG T.E.C. CO., LTD.","","Corée","KRX","KRW","67968","100000","XKRX","036890","MIC:XKRX","Volume 67968 < Seuil 100000 (1 cotations testées)"
"267980","MAEIL DAIRIES CO., LTD.","","Corée","KRX","KRW","4458","100000","XKRX","267980","MIC:XKRX","Volume 4458 < Seuil 100000 (1 cotations testées)"
"36670","KCI LTD.","","Corée","KRX","KRW","7328","100000","XKRX","036670","MIC:XKRX","Volume 7328 < Seuil 100000 (1 cotations testées)"
"265560","YOUNGHWA TECH CO., LTD.","","Corée","KRX","KRW","11124","100000","XKRX","265560","MIC:XKRX","Volume 11124 < Seuil 100000 (1 cotations testées)"
"38540","SANGSANGIN CO. LTD.","","Corée","KRX","KRW","44809","100000","XKRX","038540","MIC:XKRX","Volume 44809 < Seuil 100000 (1 cotations testées)"
"38620","WIZ CORP INC.","","Corée","KRX","KRW","53338","100000","XKRX","038620","MIC:XKRX","Volume 53338 < Seuil 100000 (1 cotations testées)"
"263020","DKND CO. LTD.","","Corée","KRX","KRW","49625","100000","XKRX","263020","MIC:XKRX","Volume 49625 < Seuil 100000 (1 cotations testées)"
"109080","OPTICIS CO., LTD.","","Corée","KRX","KRW","12948","100000","XKRX","109080","MIC:XKRX","Volume 12948 < Seuil 100000 (1 cotations testées)"
"38880","IA INC.","","Corée","KRX","KRW","58676","100000","XKRX","038880","MIC:XKRX","Volume 58676 < Seuil 100000 (1 cotations testées)"
"100030","INZISOFT CO., LTD.","","Corée","KRX","KRW","5540","100000","XKRX","100030","MIC:XKRX","Volume 5540 < Seuil 100000 (1 cotations testées)"
"262840","IQUEST CO., LTD.","","Corée","KRX","KRW","31922","100000","XKRX","262840","MIC:XKRX","Volume 31922 < Seuil 100000 (1 cotations testées)"
"99750","EZCARETECH CO., LTD.","","Corée","KRX","KRW","23274","100000","XKRX","099750","MIC:XKRX","Volume 23274 < Seuil 100000 (1 cotations testées)"
"39020","EAGON HOLDINGS CO., LTD.","","Corée","KRX","KRW","71206","100000","XKRX","039020","MIC:XKRX","Volume 71206 < Seuil 100000 (1 cotations testées)"
"39130","HANA TOUR SERVICE INC.","","Corée","KRX","KRW","32339","100000","XKRX","039130","MIC:XKRX","Volume 32339 < Seuil 100000 (1 cotations testées)"
"38950","FINE DIGITAL INC.","","Corée","KRX","KRW","12992","100000","XKRX","038950","MIC:XKRX","Volume 12992 < Seuil 100000 (1 cotations testées)"
"263600","DERKWOO ELECTRONICS CO., LTD.","","Corée","KRX","KRW","31475","100000","XKRX","263600","MIC:XKRX","Volume 31475 < Seuil 100000 (1 cotations testées)"
"108670","LX HAUSYS LTD.","","Corée","KRX","KRW","31083","100000","XKRX","108670","MIC:XKRX","Volume 31083 < Seuil 100000 (1 cotations testées)"
"265520","ADVANCED PROCESS SYSTEMS CORPORATION","","Corée","KRX","KRW","93401","100000","XKRX","265520","MIC:XKRX","Volume 93401 < Seuil 100000 (1 cotations testées)"
"37760","CENIT CO., LTD.","","Corée","KRX","KRW","36292","100000","XKRX","037760","MIC:XKRX","Volume 36292 < Seuil 100000 (1 cotations testées)"
"108380","DAEYANG ELECTRIC CO., LTD.","","Corée","KRX","KRW","89587","100000","XKRX","108380","MIC:XKRX","Volume 89587 < Seuil 100000 (1 cotations testées)"
"37950","ELCOMTEC CO., LTD.","","Corée","KRX","KRW","15205","100000","XKRX","037950","MIC:XKRX","Volume 15205 < Seuil 100000 (1 cotations testées)"
"264900","CROWN CONFECTIONERY CO., LTD.","","Corée","KRX","KRW","12875","100000","XKRX","264900","MIC:XKRX","Volume 12875 < Seuil 100000 (1 cotations testées)"
"38010","JEIL TECHNOS CO., LTD.","","Corée","KRX","KRW","20479","100000","XKRX","038010","MIC:XKRX","Volume 20479 < Seuil 100000 (1 cotations testées)"
"38070","SEOULIN BIOSCIENCE CO., LTD.","","Corée","KRX","KRW","36020","100000","XKRX","038070","MIC:XKRX","Volume 36020 < Seuil 100000 (1 cotations testées)"
"264660","C&G HI-TECH CO., LTD.","","Corée","KRX","KRW","34810","100000","XKRX","264660","MIC:XKRX","Volume 34810 < Seuil 100000 (1 cotations testées)"
"264450","UBIQUOSS INC.","","Corée","KRX","KRW","31356","100000","XKRX","264450","MIC:XKRX","Volume 31356 < Seuil 100000 (1 cotations testées)"
"38290","MACROGEN INC.","","Corée","KRX","KRW","29738","100000","XKRX","038290","MIC:XKRX","Volume 29738 < Seuil 100000 (1 cotations testées)"
"263920","HUM&C CO. LTD.","","Corée","KRX","KRW","10711","100000","XKRX","263920","MIC:XKRX","Volume 10711 < Seuil 100000 (1 cotations testées)"
"263860","EL PASO INDEPENDENT SCHOOL DISTRICT","","Corée","KRX","KRW","27905","100000","XKRX","263860","MIC:XKRX","Volume 27905 < Seuil 100000 (1 cotations testées)"
"263810","SANGSHIN ELECTRONICS CO., LTD.","","Corée","KRX","KRW","62547","100000","XKRX","263810","MIC:XKRX","Volume 62547 < Seuil 100000 (1 cotations testées)"
"263720","D&C MEDIA CO., LTD.","","Corée","KRX","KRW","30978","100000","XKRX","263720","MIC:XKRX","Volume 30978 < Seuil 100000 (1 cotations testées)"
"263700","CARELABS CO., LTD.","","Corée","KRX","KRW","70353","100000","XKRX","263700","MIC:XKRX","Volume 70353 < Seuil 100000 (1 cotations testées)"
"38390","REDCAPTOUR CO., LTD.","","Corée","KRX","KRW","17874","100000","XKRX","038390","MIC:XKRX","Volume 17874 < Seuil 100000 (1 cotations testées)"
"263690","DRGEM CORP","","Corée","KRX","KRW","15286","100000","XKRX","263690","MIC:XKRX","Volume 15286 < Seuil 100000 (1 cotations testées)"
"100700","SEWOON MEDICAL CO., LTD.","","Corée","KRX","KRW","64436","100000","XKRX","100700","MIC:XKRX","Volume 64436 < Seuil 100000 (1 cotations testées)"
"36220","OSANG HEALTHCARE CO., LTD.","","Corée","KRX","KRW","9492","100000","XKRX","036220","MIC:XKRX","Volume 9492 < Seuil 100000 (1 cotations testées)"
"34810","HAESUNG INDUSTRIAL CO., LTD.","","Corée","KRX","KRW","25948","100000","XKRX","034810","MIC:XKRX","Volume 25948 < Seuil 100000 (1 cotations testées)"
"34950","KOREA RATINGS CORP.","","Corée","KRX","KRW","1704","100000","XKRX","034950","MIC:XKRX","Volume 1704 < Seuil 100000 (1 cotations testées)"
"285490","NOVATECH CO., LTD.","","Corée","KRX","KRW","28583","100000","XKRX","285490","MIC:XKRX","Volume 28583 < Seuil 100000 (1 cotations testées)"
"285130","SK CHEMICALS CO., LTD.","","Corée","KRX","KRW","90484","100000","XKRX","285130","MIC:XKRX","Volume 90484 < Seuil 100000 (1 cotations testées)"
"284740","CUCKOO HOMESYS CO., LTD.","","Corée","KRX","KRW","11035","100000","XKRX","284740","MIC:XKRX","Volume 11035 < Seuil 100000 (1 cotations testées)"
"282880","COWINTECH CO., LTD.","","Corée","KRX","KRW","55584","100000","XKRX","282880","MIC:XKRX","Volume 55584 < Seuil 100000 (1 cotations testées)"
"280360","LOTTE WELLFOOD CO., LTD.","","Corée","KRX","KRW","29099","100000","XKRX","280360","MIC:XKRX","Volume 29099 < Seuil 100000 (1 cotations testées)"
"35080","GRADIANT CORPORATION","","Corée","KRX","KRW","21003","100000","XKRX","035080","MIC:XKRX","Volume 21003 < Seuil 100000 (1 cotations testées)"
"106190","HIGH TECH PHARMACEUTICALS CO., LTD.","","Corée","KRX","KRW","47485","100000","XKRX","106190","MIC:XKRX","Volume 47485 < Seuil 100000 (1 cotations testées)"
"279600","MEDIAZEN INC.","","Corée","KRX","KRW","12392","100000","XKRX","279600","MIC:XKRX","Volume 12392 < Seuil 100000 (1 cotations testées)"
"278990","EMB CO LTD.","","Corée","KRX","KRW","14","100000","XKRX","278990","MIC:XKRX","Volume 14 < Seuil 100000 (1 cotations testées)"
"35150","BAIKSAN CO., LTD.","","Corée","KRX","KRW","25824","100000","XKRX","035150","MIC:XKRX","Volume 25824 < Seuil 100000 (1 cotations testées)"
"286940","LOTTE INNOVATE CO., LTD.","","Corée","KRX","KRW","50732","100000","XKRX","286940","MIC:XKRX","Volume 50732 < Seuil 100000 (1 cotations testées)"
"290520","SHINDO ENG LAB LTD.","","Corée","KRX","KRW","59318","100000","XKRX","290520","MIC:XKRX","Volume 59318 < Seuil 100000 (1 cotations testées)"
"33920","MUHAK CO., LTD.","","Corée","KRX","KRW","39633","100000","XKRX","033920","MIC:XKRX","Volume 39633 < Seuil 100000 (1 cotations testées)"
"290270","HUNESION CO., LTD.","","Corée","KRX","KRW","26709","100000","XKRX","290270","MIC:XKRX","Volume 26709 < Seuil 100000 (1 cotations testées)"
"290120","DH AUTOLEAD CO. LTD.","","Corée","KRX","KRW","13554","100000","XKRX","290120","MIC:XKRX","Volume 13554 < Seuil 100000 (1 cotations testées)"
"290090","TWIM CORP","","Corée","KRX","KRW","3641","100000","XKRX","290090","MIC:XKRX","Volume 3641 < Seuil 100000 (1 cotations testées)"
"289930","WAVICE INC.","","Corée","KRX","KRW","92066","100000","XKRX","289930","MIC:XKRX","Volume 92066 < Seuil 100000 (1 cotations testées)"
"101360","ECO&DREAM CO. LTD.","","Corée","KRX","KRW","48912","100000","XKRX","101360","MIC:XKRX","Volume 48912 < Seuil 100000 (1 cotations testées)"
"101330","MOBASE CO., LTD.","","Corée","KRX","KRW","91030","100000","XKRX","101330","MIC:XKRX","Volume 91030 < Seuil 100000 (1 cotations testées)"
"289010","I-SCREAM EDU CO., LTD.","","Corée","KRX","KRW","69965","100000","XKRX","289010","MIC:XKRX","Volume 69965 < Seuil 100000 (1 cotations testées)"
"34120","SEOUL BROADCASTING SYSTEM CO., LTD.","","Corée","KRX","KRW","12109","100000","XKRX","034120","MIC:XKRX","Volume 12109 < Seuil 100000 (1 cotations testées)"
"288620","S-FUELCELL CO., LTD.","","Corée","KRX","KRW","17004","100000","XKRX","288620","MIC:XKRX","Volume 17004 < Seuil 100000 (1 cotations testées)"
"34310","NICE HOLDINGS CO., LTD.","","Corée","KRX","KRW","86787","100000","XKRX","034310","MIC:XKRX","Volume 86787 < Seuil 100000 (1 cotations testées)"
"34590","INCHEON CITY GAS CO. LTD.","","Corée","KRX","KRW","2597","100000","XKRX","034590","MIC:XKRX","Volume 2597 < Seuil 100000 (1 cotations testées)"
"101240","CQV CO. LTD.","","Corée","KRX","KRW","11639","100000","XKRX","101240","MIC:XKRX","Volume 11639 < Seuil 100000 (1 cotations testées)"
"287840","INTOCELL CO., LTD.","","Corée","KRX","KRW","87057","100000","XKRX","287840","MIC:XKRX","Volume 87057 < Seuil 100000 (1 cotations testées)"
"106240","FINE TECHNIX CO., LTD.","","Corée","KRX","KRW","62571","100000","XKRX","106240","MIC:XKRX","Volume 62571 < Seuil 100000 (1 cotations testées)"
"39290","INFOBANK CORP","","Corée","KRX","KRW","14257","100000","XKRX","039290","MIC:XKRX","Volume 14257 < Seuil 100000 (1 cotations testées)"
"35200","PLUMB FAST CO., LTD.","","Corée","KRX","KRW","23009","100000","XKRX","035200","MIC:XKRX","Volume 23009 < Seuil 100000 (1 cotations testées)"
"271980","JEIL PHARMACEUTICAL CO., LTD.","","Corée","KRX","KRW","23604","100000","XKRX","271980","MIC:XKRX","Volume 23604 < Seuil 100000 (1 cotations testées)"
"36000","YEARIMDANG PUBLISHING CO., LTD.","","Corée","KRX","KRW","41759","100000","XKRX","036000","MIC:XKRX","Volume 41759 < Seuil 100000 (1 cotations testées)"
"271940","ILJIN HYSOLUS CO., LTD.","","Corée","KRX","KRW","48035","100000","XKRX","271940","MIC:XKRX","Volume 48035 < Seuil 100000 (1 cotations testées)"
"36030","KT ALPHA CO., LTD.","","Corée","KRX","KRW","68150","100000","XKRX","036030","MIC:XKRX","Volume 68150 < Seuil 100000 (1 cotations testées)"
"270870","NEWTREE CO. LTD.","","Corée","KRX","KRW","18936","100000","XKRX","270870","MIC:XKRX","Volume 18936 < Seuil 100000 (1 cotations testées)"
"36190","GEUMHWA PSC CO. LTD.","","Corée","KRX","KRW","8423","100000","XKRX","036190","MIC:XKRX","Volume 8423 < Seuil 100000 (1 cotations testées)"
"2320","HANJIN TRANSPORTATION CO., LTD.","","Corée","KRX","KRW","30342","100000","XKRX","002320","MIC:XKRX","Volume 30342 < Seuil 100000 (1 cotations testées)"
"270210","SR BIOTEK INC.","","Corée","KRX","KRW","619","100000","XKRX","270210","MIC:XKRX","Volume 619 < Seuil 100000 (1 cotations testées)"
"272450","JIN AIR CO., LTD.","","Corée","KRX","KRW","80024","100000","XKRX","272450","MIC:XKRX","Volume 80024 < Seuil 100000 (1 cotations testées)"
"272550","SAMYANG PACKAGING CORP.","","Corée","KRX","KRW","26370","100000","XKRX","272550","MIC:XKRX","Volume 26370 < Seuil 100000 (1 cotations testées)"
"278280","CHUNBO CO., LTD.","","Corée","KRX","KRW","31641","100000","XKRX","278280","MIC:XKRX","Volume 31641 < Seuil 100000 (1 cotations testées)"
"35290","GOLD & CO., LTD.","","Corée","KRX","KRW","22287","100000","XKRX","035290","MIC:XKRX","Volume 22287 < Seuil 100000 (1 cotations testées)"
"277880","TSI CO., LTD.","","Corée","KRX","KRW","70016","100000","XKRX","277880","MIC:XKRX","Volume 70016 < Seuil 100000 (1 cotations testées)"
"101140","INBIOGEN CO. LTD.","","Corée","KRX","KRW","5922","100000","XKRX","101140","MIC:XKRX","Volume 5922 < Seuil 100000 (1 cotations testées)"
"277410","INSAN INC.","","Corée","KRX","KRW","53897","100000","XKRX","277410","MIC:XKRX","Volume 53897 < Seuil 100000 (1 cotations testées)"
"277070","LINDEMAN ASIA INVESTMENT CORPORATION","","Corée","KRX","KRW","4528","100000","XKRX","277070","MIC:XKRX","Volume 4528 < Seuil 100000 (1 cotations testées)"
"276730","JEJU BEER CO. LTD.","","Corée","KRX","KRW","18889","100000","XKRX","276730","MIC:XKRX","Volume 18889 < Seuil 100000 (1 cotations testées)"
"275630","SSR INC.","","Corée","KRX","KRW","15246","100000","XKRX","275630","MIC:XKRX","Volume 15246 < Seuil 100000 (1 cotations testées)"
"274400","INNOSIMULATION CO., LTD.","","Corée","KRX","KRW","23555","100000","XKRX","274400","MIC:XKRX","Volume 23555 < Seuil 100000 (1 cotations testées)"
"35460","KISAN TELECOM CO. LTD.","","Corée","KRX","KRW","88642","100000","XKRX","035460","MIC:XKRX","Volume 88642 < Seuil 100000 (1 cotations testées)"
"273640","YM TECH CO. LTD.","","Corée","KRX","KRW","19326","100000","XKRX","273640","MIC:XKRX","Volume 19326 < Seuil 100000 (1 cotations testées)"
"35510","SHINSEGAE INFORMATION & COMMUNICATION CO. LTD.","","Corée","KRX","KRW","55122","100000","XKRX","035510","MIC:XKRX","Volume 55122 < Seuil 100000 (1 cotations testées)"
"106520","NOBLE M&B CO. LTD.","","Corée","KRX","KRW","0","100000","XKRX","106520","MIC:XKRX","Volume 0 < Seuil 100000 (1 cotations testées)"
"35600","KG INICIS CO., LTD.","","Corée","KRX","KRW","72746","100000","XKRX","035600","MIC:XKRX","Volume 72746 < Seuil 100000 (1 cotations testées)"
"35760","CJ ENM CO., LTD.","","Corée","KRX","KRW","77102","100000","XKRX","035760","MIC:XKRX","Volume 77102 < Seuil 100000 (1 cotations testées)"
"143160","INTELLIGENT DIGITAL INTEGRATION HOLDINGS LTD.","","Corée","KRX","KRW","23129","100000","XKRX","143160","MIC:XKRX","Volume 23129 < Seuil 100000 (1 cotations testées)"
"52220","IMBC CO., LTD.","","Corée","KRX","KRW","79679","100000","XKRX","052220","MIC:XKRX","Volume 79679 < Seuil 100000 (1 cotations testées)"
"176590","KONASOL CO. LTD.","","Corée","KRX","KRW","2283","100000","XKRX","176590","MIC:XKRX","Volume 2283 < Seuil 100000 (1 cotations testées)"
"70590","HANSOL INTICUBE CO., LTD.","","Corée","KRX","KRW","14007","100000","XKRX","070590","MIC:XKRX","Volume 14007 < Seuil 100000 (1 cotations testées)"
"133750","MEGAMD CO., LTD.","","Corée","KRX","KRW","26296","100000","XKRX","133750","MIC:XKRX","Volume 26296 < Seuil 100000 (1 cotations testées)"
"1460","BYC CO., LTD.","","Corée","KRX","KRW","2532","100000","XKRX","001460","MIC:XKRX","Volume 2532 < Seuil 100000 (1 cotations testées)"
"133820","FINE BESTEEL CO. LTD.","","Corée","KRX","KRW","98016","100000","XKRX","133820","MIC:XKRX","Volume 98016 < Seuil 100000 (1 cotations testées)"
"70960","MONAYONG PYONG CO., LTD.","","Corée","KRX","KRW","71733","100000","XKRX","070960","MIC:XKRX","Volume 71733 < Seuil 100000 (1 cotations testées)"
"89470","HDC HYUNDAI ENGINEERING PLASTICS CO., LTD.","","Corée","KRX","KRW","79168","100000","XKRX","089470","MIC:XKRX","Volume 79168 < Seuil 100000 (1 cotations testées)"
"175140","HUMAN TECHNOLOGY CO., LTD.","","Corée","KRX","KRW","50840","100000","XKRX","175140","MIC:XKRX","Volume 50840 < Seuil 100000 (1 cotations testées)"
"1420","TAE WON MULSAN CO., LTD.","","Corée","KRX","KRW","74736","100000","XKRX","001420","MIC:XKRX","Volume 74736 < Seuil 100000 (1 cotations testées)"
"134060","E-FUTURE CO., LTD.","","Corée","KRX","KRW","7450","100000","XKRX","134060","MIC:XKRX","Volume 7450 < Seuil 100000 (1 cotations testées)"
"71200","INFINITT HEALTHCARE CO., LTD.","","Corée","KRX","KRW","67796","100000","XKRX","071200","MIC:XKRX","Volume 67796 < Seuil 100000 (1 cotations testées)"
"71320","KOREA DISTRICT HEATING CORP.","","Corée","KRX","KRW","26430","100000","XKRX","071320","MIC:XKRX","Volume 26430 < Seuil 100000 (1 cotations testées)"
"71670","A-TECH SOLUTION CO., LTD.","","Corée","KRX","KRW","38574","100000","XKRX","071670","MIC:XKRX","Volume 38574 < Seuil 100000 (1 cotations testées)"
"1470","SAMBU ENGINEERING & CONSTRUCTION CO. LTD.","","Corée","KRX","KRW","0","100000","XKRX","001470","MIC:XKRX","Volume 0 < Seuil 100000 (1 cotations testées)"
"69460","DAEHO AL CO. LTD.","","Corée","KRX","KRW","0","100000","XKRX","069460","MIC:XKRX","Volume 0 < Seuil 100000 (1 cotations testées)"
"1560","CHEIL GRINDING WHEEL IND. CO., LTD.","","Corée","KRX","KRW","3364","100000","XKRX","001560","MIC:XKRX","Volume 3364 < Seuil 100000 (1 cotations testées)"
"1550","CHOBI CO., LTD.","","Corée","KRX","KRW","45008","100000","XKRX","001550","MIC:XKRX","Volume 45008 < Seuil 100000 (1 cotations testées)"
"69510","ESTEC CORP.","","Corée","KRX","KRW","5055","100000","XKRX","069510","MIC:XKRX","Volume 5055 < Seuil 100000 (1 cotations testées)"
"177900","3ALOGICS INC.","","Corée","KRX","KRW","32725","100000","XKRX","177900","MIC:XKRX","Volume 32725 < Seuil 100000 (1 cotations testées)"
"69620","DAEWOONG PHARMACEUTICAL CO., LTD.","","Corée","KRX","KRW","28954","100000","XKRX","069620","MIC:XKRX","Volume 28954 < Seuil 100000 (1 cotations testées)"
"177830","PAVONINE CO. LTD.","","Corée","KRX","KRW","8016","100000","XKRX","177830","MIC:XKRX","Volume 8016 < Seuil 100000 (1 cotations testées)"
"69640","HANAE MK CO., LTD.","","Corée","KRX","KRW","17500","100000","XKRX","069640","MIC:XKRX","Volume 17500 < Seuil 100000 (1 cotations testées)"
"134380","MIWON CHEMICALS CO., LTD.","","Corée","KRX","KRW","2896","100000","XKRX","134380","MIC:XKRX","Volume 2896 < Seuil 100000 (1 cotations testées)"
"1540","AHN-GOOK PHARMACEUTICAL CO., LTD.","","Corée","KRX","KRW","79048","100000","XKRX","001540","MIC:XKRX","Volume 79048 < Seuil 100000 (1 cotations testées)"
"69730","DSR WIRE CORP.","","Corée","KRX","KRW","63544","100000","XKRX","069730","MIC:XKRX","Volume 63544 < Seuil 100000 (1 cotations testées)"
"1530","DI DONG IL CORP.","","Corée","KRX","KRW","26326","100000","XKRX","001530","MIC:XKRX","Volume 26326 < Seuil 100000 (1 cotations testées)"
"1020","PAPERCOREA INC.","","Corée","KRX","KRW","12105","100000","XKRX","001020","MIC:XKRX","Volume 12105 < Seuil 100000 (1 cotations testées)"
"89600","NASMEDIA CO., LTD.","","Corée","KRX","KRW","17005","100000","XKRX","089600","MIC:XKRX","Volume 17005 < Seuil 100000 (1 cotations testées)"
"69410","NTELS CO., LTD.","","Corée","KRX","KRW","90878","100000","XKRX","069410","MIC:XKRX","Volume 90878 < Seuil 100000 (1 cotations testées)"
"71840","LOTTE HI-MART CO., LTD.","","Corée","KRX","KRW","22671","100000","XKRX","071840","MIC:XKRX","Volume 22671 < Seuil 100000 (1 cotations testées)"
"71850","CASTEC KOREA CO., LTD.","","Corée","KRX","KRW","3314","100000","XKRX","071850","MIC:XKRX","Volume 3314 < Seuil 100000 (1 cotations testées)"
"73110","LMS CO. LTD.","","Corée","KRX","KRW","4389","100000","XKRX","073110","MIC:XKRX","Volume 4389 < Seuil 100000 (1 cotations testées)"
"171090","SUNIC SYSTEM LTD.","","Corée","KRX","KRW","58203","100000","XKRX","171090","MIC:XKRX","Volume 58203 < Seuil 100000 (1 cotations testées)"
"171010","RAM TECHNOLOGY CO., LTD.","","Corée","KRX","KRW","43960","100000","XKRX","171010","MIC:XKRX","Volume 43960 < Seuil 100000 (1 cotations testées)"
"1380","SG GLOBAL CO., LTD.","","Corée","KRX","KRW","33771","100000","XKRX","001380","MIC:XKRX","Volume 33771 < Seuil 100000 (1 cotations testées)"
"170900","DONG-A ST CO., LTD.","","Corée","KRX","KRW","13557","100000","XKRX","170900","MIC:XKRX","Volume 13557 < Seuil 100000 (1 cotations testées)"
"170790","PIOLINK INC.","","Corée","KRX","KRW","18383","100000","XKRX","170790","MIC:XKRX","Volume 18383 < Seuil 100000 (1 cotations testées)"
"73490","INNOWIRELESS CO., LTD.","","Corée","KRX","KRW","75311","100000","XKRX","073490","MIC:XKRX","Volume 75311 < Seuil 100000 (1 cotations testées)"
"73540","FRTEK CO., LTD.","","Corée","KRX","KRW","52855","100000","XKRX","073540","MIC:XKRX","Volume 52855 < Seuil 100000 (1 cotations testées)"
"73570","LITHIUM FOR EARTH INC.","","Corée","KRX","KRW","32786","100000","XKRX","073570","MIC:XKRX","Volume 32786 < Seuil 100000 (1 cotations testées)"
"0010F0","BOWON CHEMICAL CO., LTD.","","Corée","KRX","KRW","61719","100000","XKRX","0010F0","MIC:XKRX","Volume 61719 < Seuil 100000 (1 cotations testées)"
"170030","HYUNDAI INDUSTRIAL CO. LTD.","","Corée","KRX","KRW","33216","100000","XKRX","170030","MIC:XKRX","Volume 33216 < Seuil 100000 (1 cotations testées)"
"73640","TERA SCIENCE CO., LTD.","","Corée","KRX","KRW","0","100000","XKRX","073640","MIC:XKRX","Volume 0 < Seuil 100000 (1 cotations testées)"
"0010V0","JPI HEALTHCARE CO., LTD.","","Corée","KRX","KRW","16337","100000","XKRX","0010V0","MIC:XKRX","Volume 16337 < Seuil 100000 (1 cotations testées)"
"169670","KOSTEK SYSTEMS INC.","","Corée","KRX","KRW","741","100000","XKRX","169670","MIC:XKRX","Volume 741 < Seuil 100000 (1 cotations testées)"
"88790","JINDO CO., LTD.","","Corée","KRX","KRW","56825","100000","XKRX","088790","MIC:XKRX","Volume 56825 < Seuil 100000 (1 cotations testées)"
"169330","MACROMILL EMBRAIN CO., LTD.","","Corée","KRX","KRW","14062","100000","XKRX","169330","MIC:XKRX","Volume 14062 < Seuil 100000 (1 cotations testées)"
"1120","LX INTERNATIONAL CORP.","","Corée","KRX","KRW","82568","100000","XKRX","001120","MIC:XKRX","Volume 82568 < Seuil 100000 (1 cotations testées)"
"171120","LION CHEMTECH CO., LTD.","","Corée","KRX","KRW","47189","100000","XKRX","171120","MIC:XKRX","Volume 47189 < Seuil 100000 (1 cotations testées)"
"1080","MANHO ROPE & WIRE LTD.","","Corée","KRX","KRW","50011","100000","XKRX","001080","MIC:XKRX","Volume 50011 < Seuil 100000 (1 cotations testées)"
"88910","DONGWOO FARM TO TABLE CO., LTD.","","Corée","KRX","KRW","69051","100000","XKRX","088910","MIC:XKRX","Volume 69051 < Seuil 100000 (1 cotations testées)"
"0013V0","SAMJIN FOOD CO. LTD.","","Corée","KRX","KRW","50088","100000","XKRX","0013V0","MIC:XKRX","Volume 50088 < Seuil 100000 (1 cotations testées)"
"72020","CHOONG ANG VACCINE LABORATORIES CO., LTD.","","Corée","KRX","KRW","10888","100000","XKRX","072020","MIC:XKRX","Volume 10888 < Seuil 100000 (1 cotations testées)"
"89150","KOREA COMPUTER TERMINAL INC.","","Corée","KRX","KRW","88721","100000","XKRX","089150","MIC:XKRX","Volume 88721 < Seuil 100000 (1 cotations testées)"
"173130","OPASNET CO., LTD.","","Corée","KRX","KRW","73805","100000","XKRX","173130","MIC:XKRX","Volume 73805 < Seuil 100000 (1 cotations testées)"
"72130","UANGEL CORP.","","Corée","KRX","KRW","60057","100000","XKRX","072130","MIC:XKRX","Volume 60057 < Seuil 100000 (1 cotations testées)"
"134790","SIDIZ INC.","","Corée","KRX","KRW","1254","100000","XKRX","134790","MIC:XKRX","Volume 1254 < Seuil 100000 (1 cotations testées)"
"173940","FNC ENTERTAINMENT CO., LTD.","","Corée","KRX","KRW","23440","100000","XKRX","173940","MIC:XKRX","Volume 23440 < Seuil 100000 (1 cotations testées)"
"89140","NEXTURN BIOSCIENCE CO., LTD.","","Corée","KRX","KRW","96595","100000","XKRX","089140","MIC:XKRX","Volume 96595 < Seuil 100000 (1 cotations testées)"
"89010","CHEMTRONICS CO., LTD.","","Corée","KRX","KRW","85246","100000","XKRX","089010","MIC:XKRX","Volume 85246 < Seuil 100000 (1 cotations testées)"
"1060","JW PHARMACEUTICAL CORPORATION","","Corée","KRX","KRW","34023","100000","XKRX","001060","MIC:XKRX","Volume 34023 < Seuil 100000 (1 cotations testées)"
"72710","NONGSHIM HOLDINGS CO., LTD.","","Corée","KRX","KRW","9848","100000","XKRX","072710","MIC:XKRX","Volume 9848 < Seuil 100000 (1 cotations testées)"
"1070","TAIHAN TEXTILE CO., LTD.","","Corée","KRX","KRW","13894","100000","XKRX","001070","MIC:XKRX","Volume 13894 < Seuil 100000 (1 cotations testées)"
"72870","MEGASTUDY CO., LTD.","","Corée","KRX","KRW","24963","100000","XKRX","072870","MIC:XKRX","Volume 24963 < Seuil 100000 (1 cotations testées)"
"72990","HCT CO., LTD.","","Corée","KRX","KRW","22760","100000","XKRX","072990","MIC:XKRX","Volume 22760 < Seuil 100000 (1 cotations testées)"
"72470","WOORY INDUSTRIAL HOLDINGS CO., LTD.","","Corée","KRX","KRW","20196","100000","XKRX","072470","MIC:XKRX","Volume 20196 < Seuil 100000 (1 cotations testées)"
"178600","DAEDONG KOREA GINSENG CO., LTD.","","Corée","KRX","KRW","94","100000","XKRX","178600","MIC:XKRX","Volume 94 < Seuil 100000 (1 cotations testées)"
"178780","U-TECH CO., LTD.","","Corée","KRX","KRW","7934","100000","XKRX","178780","MIC:XKRX","Volume 7934 < Seuil 100000 (1 cotations testées)"
"66900","DAP CO., LTD.","","Corée","KRX","KRW","30603","100000","XKRX","066900","MIC:XKRX","Volume 30603 < Seuil 100000 (1 cotations testées)"
"131220","DAIHAN SCIENTIFIC CO., LTD.","","Corée","KRX","KRW","14235","100000","XKRX","131220","MIC:XKRX","Volume 14235 < Seuil 100000 (1 cotations testées)"
"185190","SUPPRO CO. LTD.","","Corée","KRX","KRW","18","100000","XKRX","185190","MIC:XKRX","Volume 18 < Seuil 100000 (1 cotations testées)"
"67010","ECS TELECOM CO., LTD.","","Corée","KRX","KRW","25624","100000","XKRX","067010","MIC:XKRX","Volume 25624 < Seuil 100000 (1 cotations testées)"
"67160","AFREECATV CO., LTD.","","Corée","KRX","KRW","62142","100000","XKRX","067160","MIC:XKRX","Volume 62142 < Seuil 100000 (1 cotations testées)"
"67280","MULTICAMPUS CO. LTD.","","Corée","KRX","KRW","6908","100000","XKRX","067280","MIC:XKRX","Volume 6908 < Seuil 100000 (1 cotations testées)"
"184230","SGA SOLUTIONS CO., LTD.","","Corée","KRX","KRW","50414","100000","XKRX","184230","MIC:XKRX","Volume 50414 < Seuil 100000 (1 cotations testées)"
"67370","SUNBIO INC.","","Corée","KRX","KRW","22244","100000","XKRX","067370","MIC:XKRX","Volume 22244 < Seuil 100000 (1 cotations testées)"
"700","EUSU HOLDINGS CO., LTD.","","Corée","KRX","KRW","36858","100000","XKRX","000700","MIC:XKRX","Volume 36858 < Seuil 100000 (1 cotations testées)"
"1840","EEHWA CONSTRUCTION CO., LTD.","","Corée","KRX","KRW","0","100000","XKRX","001840","MIC:XKRX","Volume 0 < Seuil 100000 (1 cotations testées)"
"185750","CHONG KUN DANG PHARMACEUTICAL CORP.","","Corée","KRX","KRW","25628","100000","XKRX","185750","MIC:XKRX","Volume 25628 < Seuil 100000 (1 cotations testées)"
"66830","GENOTECH CORP.","","Corée","KRX","KRW","12","100000","XKRX","066830","MIC:XKRX","Volume 12 < Seuil 100000 (1 cotations testées)"
"131180","DILLI INC.","","Corée","KRX","KRW","8573","100000","XKRX","131180","MIC:XKRX","Volume 8573 < Seuil 100000 (1 cotations testées)"
"130580","NICE D&B CO., LTD.","","Corée","KRX","KRW","9461","100000","XKRX","130580","MIC:XKRX","Volume 9461 < Seuil 100000 (1 cotations testées)"
"188040","BIO PORT KOREA INC.","","Corée","KRX","KRW","15424","100000","XKRX","188040","MIC:XKRX","Volume 15424 < Seuil 100000 (1 cotations testées)"
"66130","HAATZ INC.","","Corée","KRX","KRW","20557","100000","XKRX","066130","MIC:XKRX","Volume 20557 < Seuil 100000 (1 cotations testées)"
"130740","TPC CO., LTD.","","Corée","KRX","KRW","47068","100000","XKRX","130740","MIC:XKRX","Volume 47068 < Seuil 100000 (1 cotations testées)"
"66310","Q.S.I CO., LTD.","","Corée","KRX","KRW","55488","100000","XKRX","066310","MIC:XKRX","Volume 55488 < Seuil 100000 (1 cotations testées)"
"66360","CHERRYBROS CO., LTD.","","Corée","KRX","KRW","71226","100000","XKRX","066360","MIC:XKRX","Volume 71226 < Seuil 100000 (1 cotations testées)"
"187270","SHIN HWA CONTECH CO., LTD.","","Corée","KRX","KRW","14170","100000","XKRX","187270","MIC:XKRX","Volume 14170 < Seuil 100000 (1 cotations testées)"
"66670","DTC CO., LTD.","","Corée","KRX","KRW","16598","100000","XKRX","066670","MIC:XKRX","Volume 16598 < Seuil 100000 (2 cotations testées)"
"66410","BUCKET STUDIO CO., LTD.","","Corée","KRX","KRW","0","100000","XKRX","066410","MIC:XKRX","Volume 0 < Seuil 100000 (1 cotations testées)"
"131090","SECUVE CO., LTD.","","Corée","KRX","KRW","11196","100000","XKRX","131090","MIC:XKRX","Volume 11196 < Seuil 100000 (1 cotations testées)"
"66620","KUKBO DESIGN CO. LTD.","","Corée","KRX","KRW","10611","100000","XKRX","066620","MIC:XKRX","Volume 10611 < Seuil 100000 (1 cotations testées)"
"186230","GREEN PLUS CO. LTD.","","Corée","KRX","KRW","19606","100000","XKRX","186230","MIC:XKRX","Volume 19606 < Seuil 100000 (1 cotations testées)"
"89790","JT CORPORATION","","Corée","KRX","KRW","53439","100000","XKRX","089790","MIC:XKRX","Volume 53439 < Seuil 100000 (1 cotations testées)"
"180400","DXVX","","Corée","KRX","KRW","67342","100000","XKRX","180400","MIC:XKRX","Volume 67342 < Seuil 100000 (1 cotations testées)"
"1630","CHONGKUNDANG HOLDINGS CORP","","Corée","KRX","KRW","5210","100000","XKRX","001630","MIC:XKRX","Volume 5210 < Seuil 100000 (1 cotations testées)"
"68760","CELLTRION PHARM, INC.","","Corée","KRX","KRW","88833","100000","XKRX","068760","MIC:XKRX","Volume 88833 < Seuil 100000 (1 cotations testées)"
"180060","TOPSUN CO. LTD.","","Corée","KRX","KRW","3365","100000","XKRX","180060","MIC:XKRX","Volume 3365 < Seuil 100000 (1 cotations testées)"
"89850","UBIVELOX INC.","","Corée","KRX","KRW","17082","100000","XKRX","089850","MIC:XKRX","Volume 17082 < Seuil 100000 (1 cotations testées)"
"179720","MONEYMOVE CO. LTD.","","Corée","KRX","KRW","1233","100000","XKRX","179720","MIC:XKRX","Volume 1233 < Seuil 100000 (1 cotations testées)"
"179530","ADBIOTECH CO., LTD.","","Corée","KRX","KRW","67531","100000","XKRX","179530","MIC:XKRX","Volume 67531 < Seuil 100000 (1 cotations testées)"
"69140","NURIPLAN CO., LTD.","","Corée","KRX","KRW","34565","100000","XKRX","069140","MIC:XKRX","Volume 34565 < Seuil 100000 (1 cotations testées)"
"69260","TKG HUCHEMS CO., LTD.","","Corée","KRX","KRW","61497","100000","XKRX","069260","MIC:XKRX","Volume 61497 < Seuil 100000 (1 cotations testées)"
"178920","PI ADVANCED MATERIALS CO. LTD.","","Corée","KRX","KRW","81057","100000","XKRX","178920","MIC:XKRX","Volume 81057 < Seuil 100000 (1 cotations testées)"
"1570","KUM YANG CO., LTD.","","Corée","KRX","KRW","0","100000","XKRX","001570","MIC:XKRX","Volume 0 < Seuil 100000 (1 cotations testées)"
"68330","ILSHIN BIO BASE CO. LTD.","","Corée","KRX","KRW","87448","100000","XKRX","068330","MIC:XKRX","Volume 87448 < Seuil 100000 (1 cotations testées)"
"1720","SHINYOUNG SECURITIES CO., LTD.","","Corée","KRX","KRW","12357","100000","XKRX","001720","MIC:XKRX","Volume 12357 < Seuil 100000 (1 cotations testées)"
"1810","MOORIM SP CO., LTD.","","Corée","KRX","KRW","16831","100000","XKRX","001810","MIC:XKRX","Volume 16831 < Seuil 100000 (1 cotations testées)"
"67730","LOGISYS INC.","","Corée","KRX","KRW","20730","100000","XKRX","067730","MIC:XKRX","Volume 20730 < Seuil 100000 (1 cotations testées)"
"67830","SAVEZONE I&C CORP.","","Corée","KRX","KRW","55460","100000","XKRX","067830","MIC:XKRX","Volume 55460 < Seuil 100000 (1 cotations testées)"
"182400","NKMAX CO., LTD.","","Corée","KRX","KRW","0","100000","XKRX","182400","MIC:XKRX","Volume 0 < Seuil 100000 (1 cotations testées)"
"182360","CUBE ENTERTAINMENT INC.","","Corée","KRX","KRW","28913","100000","XKRX","182360","MIC:XKRX","Volume 28913 < Seuil 100000 (1 cotations testées)"
"1800","ORION HOLDINGS CORP.","","Corée","KRX","KRW","95353","100000","XKRX","001800","MIC:XKRX","Volume 95353 < Seuil 100000 (1 cotations testées)"
"67900","Y-ENTEC CO., LTD.","","Corée","KRX","KRW","40132","100000","XKRX","067900","MIC:XKRX","Volume 40132 < Seuil 100000 (1 cotations testées)"
"183190","ASIA CEMENT CO. LTD.","","Corée","KRX","KRW","40946","100000","XKRX","183190","MIC:XKRX","Volume 40946 < Seuil 100000 (1 cotations testées)"
"67920","IGLOO CORP.","","Corée","KRX","KRW","25848","100000","XKRX","067920","MIC:XKRX","Volume 25848 < Seuil 100000 (1 cotations testées)"
"67990","DEUTSCH MOTORS INC.","","Corée","KRX","KRW","94545","100000","XKRX","067990","MIC:XKRX","Volume 94545 < Seuil 100000 (1 cotations testées)"
"89980","SANG-A FRONTEC CO., LTD.","","Corée","KRX","KRW","34874","100000","XKRX","089980","MIC:XKRX","Volume 34874 < Seuil 100000 (1 cotations testées)"
"68100","KWEATHER CO., LTD.","","Corée","KRX","KRW","23681","100000","XKRX","068100","MIC:XKRX","Volume 23681 < Seuil 100000 (1 cotations testées)"
"68290","SAMSUNG PUBLISHING CO., LTD.","","Corée","KRX","KRW","19685","100000","XKRX","068290","MIC:XKRX","Volume 19685 < Seuil 100000 (1 cotations testées)"
"1770","SHIN HWA DYNAMICS CO., LTD.","","Corée","KRX","KRW","7968","100000","XKRX","001770","MIC:XKRX","Volume 7968 < Seuil 100000 (1 cotations testées)"
"1750","HANYANG SECURITIES CO., LTD.","","Corée","KRX","KRW","15993","100000","XKRX","001750","MIC:XKRX","Volume 15993 < Seuil 100000 (1 cotations testées)"
"188260","SANIGEN CO., LTD.","","Corée","KRX","KRW","9670","100000","XKRX","188260","MIC:XKRX","Volume 9670 < Seuil 100000 (1 cotations testées)"
"74610","ENPLUS CO., LTD.","","Corée","KRX","KRW","0","100000","XKRX","074610","MIC:XKRX","Volume 0 < Seuil 100000 (1 cotations testées)"
"136150","WONIL INDUSTRIAL CO. LTD.","","Corée","KRX","KRW","17879","100000","XKRX","136150","MIC:XKRX","Volume 17879 < Seuil 100000 (1 cotations testées)"
"1270","BOOKOOK SECURITIES CO., LTD.","","Corée","KRX","KRW","6365","100000","XKRX","001270","MIC:XKRX","Volume 6365 < Seuil 100000 (1 cotations testées)"
"83500","FNS TECH CO., LTD.","","Corée","KRX","KRW","84660","100000","XKRX","083500","MIC:XKRX","Volume 84660 < Seuil 100000 (1 cotations testées)"
"83550","KM CORP.","","Corée","KRX","KRW","13537","100000","XKRX","083550","MIC:XKRX","Volume 13537 < Seuil 100000 (1 cotations testées)"
"140520","DAECHANG STEEL CO., LTD.","","Corée","KRX","KRW","63643","100000","XKRX","140520","MIC:XKRX","Volume 63643 < Seuil 100000 (1 cotations testées)"
"83660","CSA COSMIC CO. LTD.","","Corée","KRX","KRW","0","100000","XKRX","083660","MIC:XKRX","Volume 0 < Seuil 100000 (1 cotations testées)"
"140610","ENSOL BIOSCIENCES INC.","","Corée","KRX","KRW","10884","100000","XKRX","140610","MIC:XKRX","Volume 10884 < Seuil 100000 (1 cotations testées)"
"83930","AVACO CO., LTD.","","Corée","KRX","KRW","49750","100000","XKRX","083930","MIC:XKRX","Volume 49750 < Seuil 100000 (1 cotations testées)"
"140660","WIWORLD CO., LTD.","","Corée","KRX","KRW","1550","100000","XKRX","140660","MIC:XKRX","Volume 1550 < Seuil 100000 (1 cotations testées)"
"150900","FASOO CO., LTD.","","Corée","KRX","KRW","43821","100000","XKRX","150900","MIC:XKRX","Volume 43821 < Seuil 100000 (1 cotations testées)"
"84010","DAEHAN STEEL CO., LTD.","","Corée","KRX","KRW","32874","100000","XKRX","084010","MIC:XKRX","Volume 32874 < Seuil 100000 (1 cotations testées)"
"0007C0","ACRYL INC.","","Corée","KRX","KRW","77350","100000","XKRX","0007C0","MIC:XKRX","Volume 77350 < Seuil 100000 (1 cotations testées)"
"86710","SUNJIN BEAUTY SCIENCE CO., LTD.","","Corée","KRX","KRW","69070","100000","XKRX","086710","MIC:XKRX","Volume 69070 < Seuil 100000 (1 cotations testées)"
"149980","HIRONIC CO., LTD.","","Corée","KRX","KRW","25239","100000","XKRX","149980","MIC:XKRX","Volume 25239 < Seuil 100000 (1 cotations testées)"
"149950","AVATEC CO., LTD.","","Corée","KRX","KRW","90229","100000","XKRX","149950","MIC:XKRX","Volume 90229 < Seuil 100000 (1 cotations testées)"
"83420","GREEN CHEMICAL CO., LTD.","","Corée","KRX","KRW","28840","100000","XKRX","083420","MIC:XKRX","Volume 28840 < Seuil 100000 (1 cotations testées)"
"153460","N-ABLE INC.","","Corée","KRX","KRW","5305","100000","XKRX","153460","MIC:XKRX","Volume 5305 < Seuil 100000 (1 cotations testées)"
"153490","WOOREE E&L CO., LTD.","","Corée","KRX","KRW","65473","100000","XKRX","153490","MIC:XKRX","Volume 65473 < Seuil 100000 (1 cotations testées)"
"83310","LOT VACUUM CO., LTD.","","Corée","KRX","KRW","81591","100000","XKRX","083310","MIC:XKRX","Volume 81591 < Seuil 100000 (1 cotations testées)"
"139670","KINEMASTER CORPORATION","","Corée","KRX","KRW","19899","100000","XKRX","139670","MIC:XKRX","Volume 19899 < Seuil 100000 (1 cotations testées)"
"155660","DSR CORP","","Corée","KRX","KRW","46500","100000","XKRX","155660","MIC:XKRX","Volume 46500 < Seuil 100000 (1 cotations testées)"
"155650","YMC CO., LTD.","","Corée","KRX","KRW","40255","100000","XKRX","155650","MIC:XKRX","Volume 40255 < Seuil 100000 (1 cotations testées)"
"86900","MEDY-TOX INC.","","Corée","KRX","KRW","26620","100000","XKRX","086900","MIC:XKRX","Volume 26620 < Seuil 100000 (1 cotations testées)"
"139990","AJU STEEL CO., LTD.","","Corée","KRX","KRW","41871","100000","XKRX","139990","MIC:XKRX","Volume 41871 < Seuil 100000 (1 cotations testées)"
"82660","COSNINE CO. LTD.","","Corée","KRX","KRW","0","100000","XKRX","082660","MIC:XKRX","Volume 0 < Seuil 100000 (1 cotations testées)"
"86670","BMT CO. LTD.","","Corée","KRX","KRW","22778","100000","XKRX","086670","MIC:XKRX","Volume 22778 < Seuil 100000 (1 cotations testées)"
"154040","DASAN SOLUETA CO., LTD.","","Corée","KRX","KRW","65459","100000","XKRX","154040","MIC:XKRX","Volume 65459 < Seuil 100000 (1 cotations testées)"
"154030","ASIA SEED CO., LTD.","","Corée","KRX","KRW","23150","100000","XKRX","154030","MIC:XKRX","Volume 23150 < Seuil 100000 (1 cotations testées)"
"86820","BIOSOLUTION CO., LTD.","","Corée","KRX","KRW","61820","100000","XKRX","086820","MIC:XKRX","Volume 61820 < Seuil 100000 (1 cotations testées)"
"153710","OPTIPHARM CO., LTD.","","Corée","KRX","KRW","9217","100000","XKRX","153710","MIC:XKRX","Volume 9217 < Seuil 100000 (1 cotations testées)"
"84110","HUONS GLOBAL CO., LTD.","","Corée","KRX","KRW","73037","100000","XKRX","084110","MIC:XKRX","Volume 73037 < Seuil 100000 (1 cotations testées)"
"85310","NK CO., LTD.","","Corée","KRX","KRW","29025","100000","XKRX","085310","MIC:XKRX","Volume 29025 < Seuil 100000 (1 cotations testées)"
"145270","K-TOP REITS CO. LTD.","","Corée","KRX","KRW","79885","100000","XKRX","145270","MIC:XKRX","Volume 79885 < Seuil 100000 (1 cotations testées)"
"145210","DYNAMIC DESIGN CO. LTD.","","Corée","KRX","KRW","0","100000","XKRX","145210","MIC:XKRX","Volume 0 < Seuil 100000 (1 cotations testées)"
"0007J0","INVENTERA INC.","","Corée","KRX","KRW","28351","100000","XKRX","0007J0","MIC:XKRX","Volume 28351 < Seuil 100000 (1 cotations testées)"
"145170","NOBLAND INTERNATIONAL INC.","","Corée","KRX","KRW","43165","100000","XKRX","145170","MIC:XKRX","Volume 43165 < Seuil 100000 (1 cotations testées)"
"86220","KWANGDONG HEALTHBIO CO., LTD.","","Corée","KRX","KRW","1293","100000","XKRX","086220","MIC:XKRX","Volume 1293 < Seuil 100000 (1 cotations testées)"
"144510","GC CELL CORP.","","Corée","KRX","KRW","80356","100000","XKRX","144510","MIC:XKRX","Volume 80356 < Seuil 100000 (1 cotations testées)"
"86060","GENE BIOTECH CO., LTD.","","Corée","KRX","KRW","23255","100000","XKRX","086060","MIC:XKRX","Volume 23255 < Seuil 100000 (1 cotations testées)"
"86040","BIOTOXTECH CO. LTD.","","Corée","KRX","KRW","16412","100000","XKRX","086040","MIC:XKRX","Volume 16412 < Seuil 100000 (1 cotations testées)"
"143240","SARAMIN CO., LTD.","","Corée","KRX","KRW","19711","100000","XKRX","143240","MIC:XKRX","Volume 19711 < Seuil 100000 (1 cotations testées)"
"85810","ALTICAST CORP.","","Corée","KRX","KRW","15414","100000","XKRX","085810","MIC:XKRX","Volume 15414 < Seuil 100000 (1 cotations testées)"
"143210","HANDS CORPORATION","","Corée","KRX","KRW","0","100000","XKRX","143210","MIC:XKRX","Volume 0 < Seuil 100000 (1 cotations testées)"
"145720","DENTIUM CO., LTD.","","Corée","KRX","KRW","17405","100000","XKRX","145720","MIC:XKRX","Volume 17405 < Seuil 100000 (1 cotations testées)"
"145990","SAMYANG CORPORATION","","Corée","KRX","KRW","14900","100000","XKRX","145990","MIC:XKRX","Volume 14900 < Seuil 100000 (1 cotations testées)"
"149010","IK SEMICON CO., LTD.","","Corée","KRX","KRW","421","100000","XKRX","149010","MIC:XKRX","Volume 421 < Seuil 100000 (1 cotations testées)"
"148930","HYTC CO., LTD.","","Corée","KRX","KRW","46509","100000","XKRX","148930","MIC:XKRX","Volume 46509 < Seuil 100000 (1 cotations testées)"
"148780","BECU AI INC.","","Corée","KRX","KRW","0","100000","XKRX","148780","MIC:XKRX","Volume 0 < Seuil 100000 (1 cotations testées)"
"84440","UBION CO., LTD.","","Corée","KRX","KRW","77251","100000","XKRX","084440","MIC:XKRX","Volume 77251 < Seuil 100000 (1 cotations testées)"
"141000","VIATRON TECHNOLOGIES INC.","","Corée","KRX","KRW","35538","100000","XKRX","141000","MIC:XKRX","Volume 35538 < Seuil 100000 (1 cotations testées)"
"148250","RN2 TECHNOLOGIES CO., LTD.","","Corée","KRX","KRW","55599","100000","XKRX","148250","MIC:XKRX","Volume 55599 < Seuil 100000 (1 cotations testées)"
"148150","SEGYUNG HITECH CO., LTD.","","Corée","KRX","KRW","87634","100000","XKRX","148150","MIC:XKRX","Volume 87634 < Seuil 100000 (1 cotations testées)"
"84670","DONGYANG EXPRESS CORP.","","Corée","KRX","KRW","27258","100000","XKRX","084670","MIC:XKRX","Volume 27258 < Seuil 100000 (1 cotations testées)"
"84690","DAESANG HOLDINGS CO., LTD.","","Corée","KRX","KRW","71330","100000","XKRX","084690","MIC:XKRX","Volume 71330 < Seuil 100000 (1 cotations testées)"
"84730","THINKWARE SYSTEMS CORP.","","Corée","KRX","KRW","15497","100000","XKRX","084730","MIC:XKRX","Volume 15497 < Seuil 100000 (1 cotations testées)"
"84850","ITM SEMICONDUCTOR CO. LTD.","","Corée","KRX","KRW","56380","100000","XKRX","084850","MIC:XKRX","Volume 56380 < Seuil 100000 (1 cotations testées)"
"84870","TBH GLOBAL CO., LTD.","","Corée","KRX","KRW","37554","100000","XKRX","084870","MIC:XKRX","Volume 37554 < Seuil 100000 (1 cotations testées)"
"146320","BCNC CO. LTD.","","Corée","KRX","KRW","29698","100000","XKRX","146320","MIC:XKRX","Volume 29698 < Seuil 100000 (1 cotations testées)"
"1130","DAEHAN FLOUR MILLS CO., LTD.","","Corée","KRX","KRW","28588","100000","XKRX","001130","MIC:XKRX","Volume 28588 < Seuil 100000 (1 cotations testées)"
"78000","TELCOWARE CO., LTD.","","Corée","KRX","KRW","7749","100000","XKRX","078000","MIC:XKRX","Volume 7749 < Seuil 100000 (1 cotations testées)"
"78070","UBIQUOSS HOLDINGS INC.","","Corée","KRX","KRW","44119","100000","XKRX","078070","MIC:XKRX","Volume 44119 < Seuil 100000 (1 cotations testées)"
"163730","FINGERMOTION INC.","","Corée","KRX","KRW","88385","100000","XKRX","163730","MIC:XKRX","Volume 88385 < Seuil 100000 (1 cotations testées)"
"78140","DAEBONGLS CO., LTD.","","Corée","KRX","KRW","25845","100000","XKRX","078140","MIC:XKRX","Volume 25845 < Seuil 100000 (1 cotations testées)"
"163560","DRB INDUSTRIAL CO., LTD.","","Corée","KRX","KRW","14879","100000","XKRX","163560","MIC:XKRX","Volume 14879 < Seuil 100000 (1 cotations testées)"
"78160","MEDIPOST CO., LTD.","","Corée","KRX","KRW","67346","100000","XKRX","078160","MIC:XKRX","Volume 67346 < Seuil 100000 (1 cotations testées)"
"78340","COM2US CORP.","","Corée","KRX","KRW","61091","100000","XKRX","078340","MIC:XKRX","Volume 61091 < Seuil 100000 (1 cotations testées)"
"163280","AIRRANE CO., LTD.","","Corée","KRX","KRW","53786","100000","XKRX","163280","MIC:XKRX","Volume 53786 < Seuil 100000 (1 cotations testées)"
"137940","NEXTEYE CO., LTD.","","Corée","KRX","KRW","42394","100000","XKRX","137940","MIC:XKRX","Volume 42394 < Seuil 100000 (1 cotations testées)"
"75130","PLANTYNET CO., LTD.","","Corée","KRX","KRW","76711","100000","XKRX","075130","MIC:XKRX","Volume 76711 < Seuil 100000 (1 cotations testées)"
"168330","NATURALENDO TECH CO. LTD.","","Corée","KRX","KRW","26079","100000","XKRX","168330","MIC:XKRX","Volume 26079 < Seuil 100000 (1 cotations testées)"
"75180","SAERON AUTOMOTIVE CORP.","","Corée","KRX","KRW","15676","100000","XKRX","075180","MIC:XKRX","Volume 15676 < Seuil 100000 (1 cotations testées)"
"88390","INNOX CORPORATION","","Corée","KRX","KRW","18381","100000","XKRX","088390","MIC:XKRX","Volume 18381 < Seuil 100000 (1 cotations testées)"
"136410","ASSEMS INC.","","Corée","KRX","KRW","17427","100000","XKRX","136410","MIC:XKRX","Volume 17427 < Seuil 100000 (1 cotations testées)"
"136540","WINS CO., LTD.","","Corée","KRX","KRW","17983","100000","XKRX","136540","MIC:XKRX","Volume 17983 < Seuil 100000 (1 cotations testées)"
"78860","NS ENM CO. LTD.","","Corée","KRX","KRW","8702","100000","XKRX","078860","MIC:XKRX","Volume 8702 < Seuil 100000 (1 cotations testées)"
"136660","QMC CO., LTD.","","Corée","KRX","KRW","453","100000","XKRX","136660","MIC:XKRX","Volume 453 < Seuil 100000 (1 cotations testées)"
"0011A0","AXBIS CO., LTD.","","Corée","KRX","KRW","67033","100000","XKRX","0011A0","MIC:XKRX","Volume 67033 < Seuil 100000 (1 cotations testées)"
"76080","WELCRON HANTEC CO., LTD.","","Corée","KRX","KRW","32213","100000","XKRX","076080","MIC:XKRX","Volume 32213 < Seuil 100000 (1 cotations testées)"
"88340","URACLE CO., LTD.","","Corée","KRX","KRW","25365","100000","XKRX","088340","MIC:XKRX","Volume 25365 < Seuil 100000 (1 cotations testées)"
"76340","GWANAK CONSTRUCTION AND EQUIPMENT CO., LTD.","","Corée","KRX","KRW","687","100000","XKRX","076340","MIC:XKRX","Volume 687 < Seuil 100000 (1 cotations testées)"
"137080","NARAE NANOTECH CORP.","","Corée","KRX","KRW","22118","100000","XKRX","137080","MIC:XKRX","Volume 22118 < Seuil 100000 (1 cotations testées)"
"88290","EWON COMFORTECH CO., LTD.","","Corée","KRX","KRW","30467","100000","XKRX","088290","MIC:XKRX","Volume 30467 < Seuil 100000 (1 cotations testées)"
"75970","DONGKUK REFRACTORIES & STEEL CO. LTD.","","Corée","KRX","KRW","43232","100000","XKRX","075970","MIC:XKRX","Volume 43232 < Seuil 100000 (1 cotations testées)"
"162300","SHIN STEEL CO., LTD.","","Corée","KRX","KRW","36047","100000","XKRX","162300","MIC:XKRX","Volume 36047 < Seuil 100000 (1 cotations testées)"
"80010","ESANG NETWORKS CO., LTD.","","Corée","KRX","KRW","7580","100000","XKRX","080010","MIC:XKRX","Volume 7580 < Seuil 100000 (1 cotations testées)"
"80160","MODETOUR NETWORK INC.","","Corée","KRX","KRW","43650","100000","XKRX","080160","MIC:XKRX","Volume 43650 < Seuil 100000 (1 cotations testées)"
"80420","MODA-INNOCHIPS CO., LTD.","","Corée","KRX","KRW","5380","100000","XKRX","080420","MIC:XKRX","Volume 5380 < Seuil 100000 (1 cotations testées)"
"80470","SUNGCHANG AUTOTECH CO., LTD.","","Corée","KRX","KRW","8267","100000","XKRX","080470","MIC:XKRX","Volume 8267 < Seuil 100000 (1 cotations testées)"
"80520","ODTECH INC.","","Corée","KRX","KRW","15617","100000","XKRX","080520","MIC:XKRX","Volume 15617 < Seuil 100000 (1 cotations testées)"
"80530","KODI CO. LTD.","","Corée","KRX","KRW","6921","100000","XKRX","080530","MIC:XKRX","Volume 6921 < Seuil 100000 (1 cotations testées)"
"760","RIFA CO., LTD.","","Corée","KRX","KRW","1452","100000","XKRX","000760","MIC:XKRX","Volume 1452 < Seuil 100000 (1 cotations testées)"
"80720","UNION KOREA PHARM CO. LTD.","","Corée","KRX","KRW","0","100000","XKRX","080720","MIC:XKRX","Volume 0 < Seuil 100000 (1 cotations testées)"
"138610","NIBEC CO., LTD.","","Corée","KRX","KRW","26136","100000","XKRX","138610","MIC:XKRX","Volume 26136 < Seuil 100000 (1 cotations testées)"
"81000","ILJIN DIAMOND CO. LTD.","","Corée","KRX","KRW","33482","100000","XKRX","081000","MIC:XKRX","Volume 33482 < Seuil 100000 (1 cotations testées)"
"81150","TPLEX CO., LTD.","","Corée","KRX","KRW","76000","100000","XKRX","081150","MIC:XKRX","Volume 76000 < Seuil 100000 (1 cotations testées)"
"81180","SEC CO LTD.","","Corée","KRX","KRW","72106","100000","XKRX","081180","MIC:XKRX","Volume 72106 < Seuil 100000 (1 cotations testées)"
"81580","SUNG WOO ELECTRONICS CO., LTD.","","Corée","KRX","KRW","78890","100000","XKRX","081580","MIC:XKRX","Volume 78890 < Seuil 100000 (1 cotations testées)"
"138070","SINJIN SM CO., LTD.","","Corée","KRX","KRW","45300","100000","XKRX","138070","MIC:XKRX","Volume 45300 < Seuil 100000 (1 cotations testées)"
"159910","SKIN N SKIN CO., LTD.","","Corée","KRX","KRW","17337","100000","XKRX","159910","MIC:XKRX","Volume 17337 < Seuil 100000 (1 cotations testées)"
"79970","TOBESOFT CO., LTD.","","Corée","KRX","KRW","0","100000","XKRX","079970","MIC:XKRX","Volume 0 < Seuil 100000 (1 cotations testées)"
"79000","WATOS COREA CO. LTD.","","Corée","KRX","KRW","45594","100000","XKRX","079000","MIC:XKRX","Volume 45594 < Seuil 100000 (1 cotations testées)"
"162120","LUKEN TECHNOLOGIES CO., LTD.","","Corée","KRX","KRW","4218","100000","XKRX","162120","MIC:XKRX","Volume 4218 < Seuil 100000 (1 cotations testées)"
"79170","HANCHANG INDUSTRY CO., LTD.","","Corée","KRX","KRW","5994","100000","XKRX","079170","MIC:XKRX","Volume 5994 < Seuil 100000 (1 cotations testées)"
"79190","KESPION CO., LTD.","","Corée","KRX","KRW","27832","100000","XKRX","079190","MIC:XKRX","Volume 27832 < Seuil 100000 (1 cotations testées)"
"79430","HYUNDAI LIVART CO., LTD.","","Corée","KRX","KRW","47068","100000","XKRX","079430","MIC:XKRX","Volume 47068 < Seuil 100000 (1 cotations testées)"
"87600","PIXELPLUS CO., LTD.","","Corée","KRX","KRW","2313","100000","XKRX","087600","MIC:XKRX","Volume 2313 < Seuil 100000 (1 cotations testées)"
"79900","JUNJIN CONSTRUCTION & ROBOÍ… CO., LTD.","","Corée","KRX","KRW","40073","100000","XKRX","079900","MIC:XKRX","Volume 40073 < Seuil 100000 (1 cotations testées)"
"79940","GABIA INC.","","Corée","KRX","KRW","41972","100000","XKRX","079940","MIC:XKRX","Volume 41972 < Seuil 100000 (1 cotations testées)"
"160550","NEXT ENTERTAINMENT WORLD CO., LTD.","","Corée","KRX","KRW","42446","100000","XKRX","160550","MIC:XKRX","Volume 42446 < Seuil 100000 (1 cotations testées)"
"79960","DONGYANG E&P INC.","","Corée","KRX","KRW","81280","100000","XKRX","079960","MIC:XKRX","Volume 81280 < Seuil 100000 (1 cotations testées)"
"228670","RAY CO., LTD.","","Corée","KRX","KRW","59539","100000","XKRX","228670","MIC:XKRX","Volume 59539 < Seuil 100000 (1 cotations testées)"
"130500","GH ADVANCED MATERIALS INC.","","Corée","KRX","KRW","57375","100000","XKRX","130500","MIC:XKRX","Volume 57375 < Seuil 100000 (1 cotations testées)"
"92440","KISHIN CORPORATION","","Corée","KRX","KRW","34015","100000","XKRX","092440","MIC:XKRX","Volume 34015 < Seuil 100000 (1 cotations testées)"
"122450","KX INNOVATION CO. LTD.","","Corée","KRX","KRW","52159","100000","XKRX","122450","MIC:XKRX","Volume 52159 < Seuil 100000 (1 cotations testées)"
"219130","TIGERELEC CO. LTD.","","Corée","KRX","KRW","60404","100000","XKRX","219130","MIC:XKRX","Volume 60404 < Seuil 100000 (1 cotations testées)"
"56700","SHINWHA INTERTEK CORP.","","Corée","KRX","KRW","90744","100000","XKRX","056700","MIC:XKRX","Volume 90744 < Seuil 100000 (1 cotations testées)"
"56730","CNT85","","Corée","KRX","KRW","40870","100000","XKRX","056730","MIC:XKRX","Volume 40870 < Seuil 100000 (1 cotations testées)"
"57030","YBM NET INC.","","Corée","KRX","KRW","16477","100000","XKRX","057030","MIC:XKRX","Volume 16477 < Seuil 100000 (1 cotations testées)"
"57050","HYUNDAI HOME SHOPPING NETWORK CORP.","","Corée","KRX","KRW","0","100000","XKRX","057050","MIC:XKRX","Volume 0 < Seuil 100000 (1 cotations testées)"
"122690","SEOJIN AUTOMOTIVE CO., LTD.","","Corée","KRX","KRW","59176","100000","XKRX","122690","MIC:XKRX","Volume 59176 < Seuil 100000 (1 cotations testées)"
"122830","ONE4U CO. LTD.","","Corée","KRX","KRW","10593","100000","XKRX","122830","MIC:XKRX","Volume 10593 < Seuil 100000 (1 cotations testées)"
"217950","PHARMA RESEARCH BIO CO., LTD.","","Corée","KRX","KRW","1335","100000","XKRX","217950","MIC:XKRX","Volume 1335 < Seuil 100000 (1 cotations testées)"
"217910","SJ-CHEM CO., LTD.","","Corée","KRX","KRW","258","100000","XKRX","217910","MIC:XKRX","Volume 258 < Seuil 100000 (1 cotations testées)"
"217880","TILON CO., LTD.","","Corée","KRX","KRW","16193","100000","XKRX","217880","MIC:XKRX","Volume 16193 < Seuil 100000 (1 cotations testées)"
"92230","KPX HOLDINGS CORP","","Corée","KRX","KRW","3038","100000","XKRX","092230","MIC:XKRX","Volume 3038 < Seuil 100000 (1 cotations testées)"
"122900","IMARKETKOREA INC.","","Corée","KRX","KRW","50639","100000","XKRX","122900","MIC:XKRX","Volume 50639 < Seuil 100000 (1 cotations testées)"
"219420","LINKGENESIS CO., LTD.","","Corée","KRX","KRW","43414","100000","XKRX","219420","MIC:XKRX","Volume 43414 < Seuil 100000 (1 cotations testées)"
"121850","KOYJ CO., LTD.","","Corée","KRX","KRW","32768","100000","XKRX","121850","MIC:XKRX","Volume 32768 < Seuil 100000 (1 cotations testées)"
"221980","KDCHEM CO., LTD.","","Corée","KRX","KRW","627","100000","XKRX","221980","MIC:XKRX","Volume 627 < Seuil 100000 (1 cotations testées)"
"221840","HIZEAERO CO., LTD.","","Corée","KRX","KRW","11079","100000","XKRX","221840","MIC:XKRX","Volume 11079 < Seuil 100000 (1 cotations testées)"
"92780","DONG YANG PISTON CO. LTD.","","Corée","KRX","KRW","43541","100000","XKRX","092780","MIC:XKRX","Volume 43541 < Seuil 100000 (1 cotations testées)"
"92730","NEOPHARM CO., LTD.","","Corée","KRX","KRW","37784","100000","XKRX","092730","MIC:XKRX","Volume 37784 < Seuil 100000 (1 cotations testées)"
"55490","TAPEX CO., LTD.","","Corée","KRX","KRW","30719","100000","XKRX","055490","MIC:XKRX","Volume 30719 < Seuil 100000 (1 cotations testées)"
"92590","LUXPIA CO., LTD.","","Corée","KRX","KRW","53","100000","XKRX","092590","MIC:XKRX","Volume 53 < Seuil 100000 (1 cotations testées)"
"92460","HANLA IMS CO., LTD.","","Corée","KRX","KRW","68292","100000","XKRX","092460","MIC:XKRX","Volume 68292 < Seuil 100000 (1 cotations testées)"
"122310","GENORAY CO., LTD.","","Corée","KRX","KRW","7367","100000","XKRX","122310","MIC:XKRX","Volume 7367 < Seuil 100000 (1 cotations testées)"
"220180","HANDYSOFT INC.","","Corée","KRX","KRW","9164","100000","XKRX","220180","MIC:XKRX","Volume 9164 < Seuil 100000 (1 cotations testées)"
"220100","FUTURECHEM CO., LTD.","","Corée","KRX","KRW","36414","100000","XKRX","220100","MIC:XKRX","Volume 36414 < Seuil 100000 (1 cotations testées)"
"219750","GTG WELLNESS CO., LTD.","","Corée","KRX","KRW","13333","100000","XKRX","219750","MIC:XKRX","Volume 13333 < Seuil 100000 (1 cotations testées)"
"950","CHONBANG CO., LTD.","","Corée","KRX","KRW","1470","100000","XKRX","000950","MIC:XKRX","Volume 1470 < Seuil 100000 (1 cotations testées)"
"222110","PANGEN BIOTECH INC.","","Corée","KRX","KRW","6486","100000","XKRX","222110","MIC:XKRX","Volume 6486 < Seuil 100000 (1 cotations testées)"
"122990","WISOL CO., LTD.","","Corée","KRX","KRW","74334","100000","XKRX","122990","MIC:XKRX","Volume 74334 < Seuil 100000 (1 cotations testées)"
"217330","CYTOGEN INC.","","Corée","KRX","KRW","73746","100000","XKRX","217330","MIC:XKRX","Volume 73746 < Seuil 100000 (1 cotations testées)"
"58400","KOREA NEW NETWORK CORP.","","Corée","KRX","KRW","25688","100000","XKRX","058400","MIC:XKRX","Volume 25688 < Seuil 100000 (1 cotations testées)"
"215000","GOLFZON CO. LTD.","","Corée","KRX","KRW","20878","100000","XKRX","215000","MIC:XKRX","Volume 20878 < Seuil 100000 (1 cotations testées)"
"540","HEUNGKUK FIRE & MARINE INSURANCE CO., LTD.","","Corée","KRX","KRW","46096","100000","XKRX","000540","MIC:XKRX","Volume 46096 < Seuil 100000 (1 cotations testées)"
"58450","HANJOO ART CO., LTD.","","Corée","KRX","KRW","26814","100000","XKRX","058450","MIC:XKRX","Volume 26814 < Seuil 100000 (1 cotations testées)"
"123750","ALTON CO. LTD.","","Corée","KRX","KRW","68560","100000","XKRX","123750","MIC:XKRX","Volume 68560 < Seuil 100000 (1 cotations testées)"
"214430","I3SYSTEM INC.","","Corée","KRX","KRW","39365","100000","XKRX","214430","MIC:XKRX","Volume 39365 < Seuil 100000 (1 cotations testées)"
"214420","TONYNOLY CO. LTD.","","Corée","KRX","KRW","92311","100000","XKRX","214420","MIC:XKRX","Volume 92311 < Seuil 100000 (1 cotations testées)"
"2100","KYUNG NONG CORPORATION","","Corée","KRX","KRW","42705","100000","XKRX","002100","MIC:XKRX","Volume 42705 < Seuil 100000 (1 cotations testées)"
"214390","KYONGBO PHARMACEUTICAL CO., LTD.","","Corée","KRX","KRW","35226","100000","XKRX","214390","MIC:XKRX","Volume 35226 < Seuil 100000 (1 cotations testées)"
"214370","CAREGEN CO., LTD.","","Corée","KRX","KRW","97222","100000","XKRX","214370","MIC:XKRX","Volume 97222 < Seuil 100000 (1 cotations testées)"
"214320","INNOCEAN WORLDWIDE INC.","","Corée","KRX","KRW","82853","100000","XKRX","214320","MIC:XKRX","Volume 82853 < Seuil 100000 (1 cotations testées)"
"214270","FSN CO., LTD.","","Corée","KRX","KRW","86163","100000","XKRX","214270","MIC:XKRX","Volume 86163 < Seuil 100000 (1 cotations testées)"
"214260","RAPHAS CO., LTD.","","Corée","KRX","KRW","24766","100000","XKRX","214260","MIC:XKRX","Volume 24766 < Seuil 100000 (1 cotations testées)"
"214180","HECTO INNOVATION CO. LTD.","","Corée","KRX","KRW","79615","100000","XKRX","214180","MIC:XKRX","Volume 79615 < Seuil 100000 (1 cotations testées)"
"123700","SJM CO., LTD.","","Corée","KRX","KRW","22578","100000","XKRX","123700","MIC:XKRX","Volume 22578 < Seuil 100000 (1 cotations testées)"
"215200","MEGASTUDYEDU CO., LTD.","","Corée","KRX","KRW","30765","100000","XKRX","215200","MIC:XKRX","Volume 30765 < Seuil 100000 (1 cotations testées)"
"92070","DNF CO., LTD.","","Corée","KRX","KRW","34893","100000","XKRX","092070","MIC:XKRX","Volume 34893 < Seuil 100000 (1 cotations testées)"
"215360","WOORY INDUSTRIAL CO., LTD.","","Corée","KRX","KRW","9412","100000","XKRX","215360","MIC:XKRX","Volume 9412 < Seuil 100000 (1 cotations testées)"
"217270","NEPTUNE CO","","Corée","KRX","KRW","27679","100000","XKRX","217270","MIC:XKRX","Volume 27679 < Seuil 100000 (1 cotations testées)"
"217190","GENESEM INC.","","Corée","KRX","KRW","77726","100000","XKRX","217190","MIC:XKRX","Volume 77726 < Seuil 100000 (1 cotations testées)"
"57680","T SCIENTIFIC CO., LTD.","","Corée","KRX","KRW","22887","100000","XKRX","057680","MIC:XKRX","Volume 22887 < Seuil 100000 (1 cotations testées)"
"216400","INVITES BIOCORE CO., LTD.","","Corée","KRX","KRW","30306","100000","XKRX","216400","MIC:XKRX","Volume 30306 < Seuil 100000 (1 cotations testées)"
"217480","SD BIOTECHNOLOGIES CO., LTD.","","Corée","KRX","KRW","0","100000","XKRX","217480","MIC:XKRX","Volume 0 < Seuil 100000 (1 cotations testées)"
"123420","WEMADE PLAY CO., LTD.","","Corée","KRX","KRW","25576","100000","XKRX","123420","MIC:XKRX","Volume 25576 < Seuil 100000 (1 cotations testées)"
"216050","INCROSS CO., LTD.","","Corée","KRX","KRW","38038","100000","XKRX","216050","MIC:XKRX","Volume 38038 < Seuil 100000 (1 cotations testées)"
"58110","MEKICS CO., LTD.","","Corée","KRX","KRW","59281","100000","XKRX","058110","MIC:XKRX","Volume 59281 < Seuil 100000 (1 cotations testées)"
"92130","E-CREDIBLE CO. LTD.","","Corée","KRX","KRW","4757","100000","XKRX","092130","MIC:XKRX","Volume 4757 < Seuil 100000 (1 cotations testées)"
"123570","EMNET INC.","","Corée","KRX","KRW","5466","100000","XKRX","123570","MIC:XKRX","Volume 5466 < Seuil 100000 (1 cotations testées)"
"215570","CRONEX CO., LTD.","","Corée","KRX","KRW","229","100000","XKRX","215570","MIC:XKRX","Volume 229 < Seuil 100000 (1 cotations testées)"
"123690","HANKOOK COSMETICS CO., LTD.","","Corée","KRX","KRW","87076","100000","XKRX","123690","MIC:XKRX","Volume 87076 < Seuil 100000 (1 cotations testées)"
"215480","TOEBOX KOREA LTD.","","Corée","KRX","KRW","30032","100000","XKRX","215480","MIC:XKRX","Volume 30032 < Seuil 100000 (1 cotations testées)"
"215380","WOOJUNG BIO INC.","","Corée","KRX","KRW","97956","100000","XKRX","215380","MIC:XKRX","Volume 97956 < Seuil 100000 (1 cotations testées)"
"123840","NUON CO. LTD.","","Corée","KRX","KRW","35935","100000","XKRX","123840","MIC:XKRX","Volume 35935 < Seuil 100000 (1 cotations testées)"
"52790","ACTOZ SOFT CO. LTD.","","Corée","KRX","KRW","19746","100000","XKRX","052790","MIC:XKRX","Volume 19746 < Seuil 100000 (1 cotations testées)"
"226590","MDEVICE CO. LTD.","","Corée","KRX","KRW","74317","100000","XKRX","226590","MIC:XKRX","Volume 74317 < Seuil 100000 (1 cotations testées)"
"120240","DAEJUNG CHEMICALS & METALS CO.","","Corée","KRX","KRW","31624","100000","XKRX","120240","MIC:XKRX","Volume 31624 < Seuil 100000 (1 cotations testées)"
"226400","OSTEONIC CO. LTD.","","Corée","KRX","KRW","99291","100000","XKRX","226400","MIC:XKRX","Volume 99291 < Seuil 100000 (1 cotations testées)"
"226340","BONNE CO. LTD.","","Corée","KRX","KRW","31396","100000","XKRX","226340","MIC:XKRX","Volume 31396 < Seuil 100000 (1 cotations testées)"
"52860","I&C TECHNOLOGY CO., LTD.","","Corée","KRX","KRW","18200","100000","XKRX","052860","MIC:XKRX","Volume 18200 < Seuil 100000 (1 cotations testées)"
"226320","IT'S HANBUL CO., LTD.","","Corée","KRX","KRW","22232","100000","XKRX","226320","MIC:XKRX","Volume 22232 < Seuil 100000 (1 cotations testées)"
"93380","PUNGKANG CO., LTD.","","Corée","KRX","KRW","20582","100000","XKRX","093380","MIC:XKRX","Volume 20582 < Seuil 100000 (1 cotations testées)"
"52960","3C TAE YANG CO. LTD.","","Corée","KRX","KRW","333","100000","XKRX","052960","MIC:XKRX","Volume 333 < Seuil 100000 (1 cotations testées)"
"53030","BINEX CO., LTD.","","Corée","KRX","KRW","86850","100000","XKRX","053030","MIC:XKRX","Volume 86850 < Seuil 100000 (1 cotations testées)"
"93320","KINX INC.","","Corée","KRX","KRW","20234","100000","XKRX","093320","MIC:XKRX","Volume 20234 < Seuil 100000 (1 cotations testées)"
"53060","SAE DONG CO., LTD.","","Corée","KRX","KRW","67477","100000","XKRX","053060","MIC:XKRX","Volume 67477 < Seuil 100000 (1 cotations testées)"
"53080","K ENSOLD CO., LTD.","","Corée","KRX","KRW","67130","100000","XKRX","053080","MIC:XKRX","Volume 67130 < Seuil 100000 (1 cotations testées)"
"53160","FREEMS CORPORATION","","Corée","KRX","KRW","14369","100000","XKRX","053160","MIC:XKRX","Volume 14369 < Seuil 100000 (1 cotations testées)"
"225590","FASHION PLATFORM CO., LTD.","","Corée","KRX","KRW","23398","100000","XKRX","225590","MIC:XKRX","Volume 23398 < Seuil 100000 (1 cotations testées)"
"480","CR HOLDINGS CO. LTD.","","Corée","KRX","KRW","34898","100000","XKRX","000480","MIC:XKRX","Volume 34898 < Seuil 100000 (1 cotations testées)"
"227100","QUANTUMON CO., LTD.","","Corée","KRX","KRW","0","100000","XKRX","227100","MIC:XKRX","Volume 0 < Seuil 100000 (1 cotations testées)"
"93510","NGVI INC.","","Corée","KRX","KRW","31","100000","XKRX","093510","MIC:XKRX","Volume 31 < Seuil 100000 (1 cotations testées)"
"440","JOONGANG ENERVIS CO., LTD.","","Corée","KRX","KRW","70498","100000","XKRX","000440","MIC:XKRX","Volume 70498 < Seuil 100000 (1 cotations testées)"
"119500","FORMETAL CO. LTD.","","Corée","KRX","KRW","40513","100000","XKRX","119500","MIC:XKRX","Volume 40513 < Seuil 100000 (1 cotations testées)"
"52260","HYUNDAI BIOLAND CO., LTD.","","Corée","KRX","KRW","34992","100000","XKRX","052260","MIC:XKRX","Volume 34992 < Seuil 100000 (1 cotations testées)"
"119610","INTEROJO CO., LTD.","","Corée","KRX","KRW","43253","100000","XKRX","119610","MIC:XKRX","Volume 43253 < Seuil 100000 (1 cotations testées)"
"119650","KC COTTRELL CO., LTD.","","Corée","KRX","KRW","0","100000","XKRX","119650","MIC:XKRX","Volume 0 < Seuil 100000 (1 cotations testées)"
"52330","KORTEK CORPORATION","","Corée","KRX","KRW","20546","100000","XKRX","052330","MIC:XKRX","Volume 20546 < Seuil 100000 (1 cotations testées)"
"93640","KOREA ROBOT MANUFACTURING CO., LTD.","","Corée","KRX","KRW","63588","100000","XKRX","093640","MIC:XKRX","Volume 63588 < Seuil 100000 (1 cotations testées)"
"52400","KONA I CO., LTD.","","Corée","KRX","KRW","63848","100000","XKRX","052400","MIC:XKRX","Volume 63848 < Seuil 100000 (1 cotations testées)"
"227950","N2TECH CO. LTD.","","Corée","KRX","KRW","47424","100000","XKRX","227950","MIC:XKRX","Volume 47424 < Seuil 100000 (1 cotations testées)"
"52420","OSUNG ADVANCED MATERIALS CO., LTD.","","Corée","KRX","KRW","40846","100000","XKRX","052420","MIC:XKRX","Volume 40846 < Seuil 100000 (1 cotations testées)"
"93520","MAKUS INC.","","Corée","KRX","KRW","32286","100000","XKRX","093520","MIC:XKRX","Volume 32286 < Seuil 100000 (1 cotations testées)"
"227840","HYUNDAI CORPORATION HOLDINGS CO., LTD.","","Corée","KRX","KRW","22334","100000","XKRX","227840","MIC:XKRX","Volume 22334 < Seuil 100000 (1 cotations testées)"
"227610","OUTIN FUTURES INC.","","Corée","KRX","KRW","98046","100000","XKRX","227610","MIC:XKRX","Volume 98046 < Seuil 100000 (1 cotations testées)"
"52600","HANNET CO., LTD.","","Corée","KRX","KRW","46036","100000","XKRX","052600","MIC:XKRX","Volume 46036 < Seuil 100000 (1 cotations testées)"
"227420","DOBU INC.","","Corée","KRX","KRW","1367","100000","XKRX","227420","MIC:XKRX","Volume 1367 < Seuil 100000 (1 cotations testées)"
"120030","CHOSUN STEEL WIRE CO., LTD.","","Corée","KRX","KRW","794","100000","XKRX","120030","MIC:XKRX","Volume 794 < Seuil 100000 (1 cotations testées)"
"54950","JVM CO., LTD.","","Corée","KRX","KRW","88645","100000","XKRX","054950","MIC:XKRX","Volume 88645 < Seuil 100000 (1 cotations testées)"
"53210","KT SKYLIFE CO., LTD.","","Corée","KRX","KRW","47668","100000","XKRX","053210","MIC:XKRX","Volume 47668 < Seuil 100000 (1 cotations testées)"
"53260","KEUM KANG STEEL CO., LTD.","","Corée","KRX","KRW","79474","100000","XKRX","053260","MIC:XKRX","Volume 79474 < Seuil 100000 (1 cotations testées)"
"223310","KYUNG NAM PHARM HEALTHCARE CO.,LTD.","","Corée","KRX","KRW","14274","100000","XKRX","223310","MIC:XKRX","Volume 14274 < Seuil 100000 (1 cotations testées)"
"54220","VITZROSYS CO., LTD.","","Corée","KRX","KRW","46838","100000","XKRX","054220","MIC:XKRX","Volume 46838 < Seuil 100000 (1 cotations testées)"
"54300","PANSTAR ENTERPRISE CO., LTD.","","Corée","KRX","KRW","78289","100000","XKRX","054300","MIC:XKRX","Volume 78289 < Seuil 100000 (1 cotations testées)"
"54410","KOREA PLASMA TECHNOLOGY U CO., LTD.","","Corée","KRX","KRW","42448","100000","XKRX","054410","MIC:XKRX","Volume 42448 < Seuil 100000 (1 cotations testées)"
"223250","DREAM CIS CO. LTD.","","Corée","KRX","KRW","70516","100000","XKRX","223250","MIC:XKRX","Volume 70516 < Seuil 100000 (1 cotations testées)"
"121600","ADVANCED NANO PRODUCTS CO., LTD.","","Corée","KRX","KRW","57533","100000","XKRX","121600","MIC:XKRX","Volume 57533 < Seuil 100000 (1 cotations testées)"
"54620","APS INC.","","Corée","KRX","KRW","50768","100000","XKRX","054620","MIC:XKRX","Volume 50768 < Seuil 100000 (1 cotations testées)"
"54670","DAEHAN NEW PHARM CO., LTD.","","Corée","KRX","KRW","29501","100000","XKRX","054670","MIC:XKRX","Volume 29501 < Seuil 100000 (1 cotations testées)"
"54780","KEYEAST CO., LTD.","","Corée","KRX","KRW","98109","100000","XKRX","054780","MIC:XKRX","Volume 98109 < Seuil 100000 (1 cotations testées)"
"222980","MCNULTY KOREA CO., LTD.","","Corée","KRX","KRW","20825","100000","XKRX","222980","MIC:XKRX","Volume 20825 < Seuil 100000 (1 cotations testées)"
"121800","VIDENTE CO., LTD.","","Corée","KRX","KRW","0","100000","XKRX","121800","MIC:XKRX","Volume 0 < Seuil 100000 (1 cotations testées)"
"54800","IDIS HOLDINGS CO., LTD.","","Corée","KRX","KRW","6900","100000","XKRX","054800","MIC:XKRX","Volume 6900 < Seuil 100000 (1 cotations testées)"
"54930","YOOSHIN ENGINEERING CORP.","","Corée","KRX","KRW","31687","100000","XKRX","054930","MIC:XKRX","Volume 31687 < Seuil 100000 (1 cotations testées)"
"54090","SAMJIN LND CO., LTD.","","Corée","KRX","KRW","70373","100000","XKRX","054090","MIC:XKRX","Volume 70373 < Seuil 100000 (1 cotations testées)"
"54050","NH NONGWOOBIO CO., LTD.","","Corée","KRX","KRW","30903","100000","XKRX","054050","MIC:XKRX","Volume 30903 < Seuil 100000 (1 cotations testées)"
"54040","KOREA COMPUTER INC.","","Corée","KRX","KRW","53867","100000","XKRX","054040","MIC:XKRX","Volume 53867 < Seuil 100000 (1 cotations testées)"
"93050","LF CORP.","","Corée","KRX","KRW","29576","100000","XKRX","093050","MIC:XKRX","Volume 29576 < Seuil 100000 (1 cotations testées)"
"53280","YES24 CO., LTD.","","Corée","KRX","KRW","39964","100000","XKRX","053280","MIC:XKRX","Volume 39964 < Seuil 100000 (1 cotations testées)"
"53290","NE NEUNGYULE INC.","","Corée","KRX","KRW","71327","100000","XKRX","053290","MIC:XKRX","Volume 71327 < Seuil 100000 (1 cotations testées)"
"121060","UNIPOINT CORP.","","Corée","KRX","KRW","905","100000","XKRX","121060","MIC:XKRX","Volume 905 < Seuil 100000 (1 cotations testées)"
"53300","KOREA INFORMATION CERTIFICATE AUTHORITY INC.","","Corée","KRX","KRW","89038","100000","XKRX","053300","MIC:XKRX","Volume 89038 < Seuil 100000 (1 cotations testées)"
"225220","GENOLUTION INC.","","Corée","KRX","KRW","32584","100000","XKRX","225220","MIC:XKRX","Volume 32584 < Seuil 100000 (1 cotations testées)"
"53450","SEKONIX CO., LTD.","","Corée","KRX","KRW","66399","100000","XKRX","053450","MIC:XKRX","Volume 66399 < Seuil 100000 (1 cotations testées)"
"225530","BOKWANG INDUSTRY CO. LTD.","","Corée","KRX","KRW","79991","100000","XKRX","225530","MIC:XKRX","Volume 79991 < Seuil 100000 (1 cotations testées)"
"93190","BIXOLON CO., LTD.","","Corée","KRX","KRW","36424","100000","XKRX","093190","MIC:XKRX","Volume 36424 < Seuil 100000 (1 cotations testées)"
"2150","DOHWA ENGINEERING CO., LTD.","","Corée","KRX","KRW","72700","100000","XKRX","002150","MIC:XKRX","Volume 72700 < Seuil 100000 (1 cotations testées)"
"53610","PROTEC CO. LTD.","","Corée","KRX","KRW","40610","100000","XKRX","053610","MIC:XKRX","Volume 40610 < Seuil 100000 (1 cotations testées)"
"53620","TAEYANG CORPORATION","","Corée","KRX","KRW","3782","100000","XKRX","053620","MIC:XKRX","Volume 3782 < Seuil 100000 (1 cotations testées)"
"224110","ATEC MOBILITY CO., LTD.","","Corée","KRX","KRW","25015","100000","XKRX","224110","MIC:XKRX","Volume 25015 < Seuil 100000 (1 cotations testées)"
"224060","CODI CO., LTD.","","Corée","KRX","KRW","33372","100000","XKRX","224060","MIC:XKRX","Volume 33372 < Seuil 100000 (1 cotations testées)"
"53800","AHNLAB INC.","","Corée","KRX","KRW","77847","100000","XKRX","053800","MIC:XKRX","Volume 77847 < Seuil 100000 (1 cotations testées)"
"53950","KYUNG NAM PHARM CO., LTD.","","Corée","KRX","KRW","98738","100000","XKRX","053950","MIC:XKRX","Volume 98738 < Seuil 100000 (1 cotations testées)"
"53980","OSANGJAIEL CO., LTD.","","Corée","KRX","KRW","36539","100000","XKRX","053980","MIC:XKRX","Volume 36539 < Seuil 100000 (1 cotations testées)"
"53580","WEBCASH CORP.","","Corée","KRX","KRW","42578","100000","XKRX","053580","MIC:XKRX","Volume 42578 < Seuil 100000 (1 cotations testées)"
"1940","KISCO HOLDINGS CO. LTD.","","Corée","KRX","KRW","30387","100000","XKRX","001940","MIC:XKRX","Volume 30387 < Seuil 100000 (1 cotations testées)"
"58650","SEAH HOLDINGS CORPORATION","","Corée","KRX","KRW","1168","100000","XKRX","058650","MIC:XKRX","Volume 1168 < Seuil 100000 (1 cotations testées)"
"90850","HYUNDAI EZWEL CO., LTD.","","Corée","KRX","KRW","52928","100000","XKRX","090850","MIC:XKRX","Volume 52928 < Seuil 100000 (1 cotations testées)"
"195500","MANIKER F&G CO., LTD.","","Corée","KRX","KRW","77447","100000","XKRX","195500","MIC:XKRX","Volume 77447 < Seuil 100000 (1 cotations testées)"
"128660","PJ METAL CO. LTD.","","Corée","KRX","KRW","92800","100000","XKRX","128660","MIC:XKRX","Volume 92800 < Seuil 100000 (1 cotations testées)"
"2030","ASIA HOLDINGS CO. LTD.","","Corée","KRX","KRW","6069","100000","XKRX","002030","MIC:XKRX","Volume 6069 < Seuil 100000 (1 cotations testées)"
"64480","BRIDGETEC CORP","","Corée","KRX","KRW","44193","100000","XKRX","064480","MIC:XKRX","Volume 44193 < Seuil 100000 (1 cotations testées)"
"650","CHUNIL EXPRESS CO., LTD.","","Corée","KRX","KRW","2470","100000","XKRX","000650","MIC:XKRX","Volume 2470 < Seuil 100000 (1 cotations testées)"
"194700","NOVAREX CO., LTD.","","Corée","KRX","KRW","76205","100000","XKRX","194700","MIC:XKRX","Volume 76205 < Seuil 100000 (1 cotations testées)"
"64520","TECHL CO. LTD.","","Corée","KRX","KRW","19314","100000","XKRX","064520","MIC:XKRX","Volume 19314 < Seuil 100000 (1 cotations testées)"
"194370","JS CORP.","","Corée","KRX","KRW","87036","100000","XKRX","194370","MIC:XKRX","Volume 87036 < Seuil 100000 (1 cotations testées)"
"64550","BIONEER CORPORATION","","Corée","KRX","KRW","61117","100000","XKRX","064550","MIC:XKRX","Volume 61117 < Seuil 100000 (1 cotations testées)"
"64800","PONYLINK CO. LTD.","","Corée","KRX","KRW","26485","100000","XKRX","064800","MIC:XKRX","Volume 26485 < Seuil 100000 (1 cotations testées)"
"195990","ABPRO BIO CO. LTD.","","Corée","KRX","KRW","25755","100000","XKRX","195990","MIC:XKRX","Volume 25755 < Seuil 100000 (1 cotations testées)"
"640","DONG-A SOCIO HOLDINGS CO., LTD.","","Corée","KRX","KRW","23048","100000","XKRX","000640","MIC:XKRX","Volume 23048 < Seuil 100000 (1 cotations testées)"
"199290","BIO PROTECH INC.","","Corée","KRX","KRW","85","100000","XKRX","199290","MIC:XKRX","Volume 85 < Seuil 100000 (1 cotations testées)"
"199150","DATA STREAMS CORP.","","Corée","KRX","KRW","177","100000","XKRX","199150","MIC:XKRX","Volume 177 < Seuil 100000 (1 cotations testées)"
"198940","HANJOO LIGHT METAL CO. LTD.","","Corée","KRX","KRW","87496","100000","XKRX","198940","MIC:XKRX","Volume 87496 < Seuil 100000 (1 cotations testées)"
"198080","NPD CO., LTD.","","Corée","KRX","KRW","73703","100000","XKRX","198080","MIC:XKRX","Volume 73703 < Seuil 100000 (1 cotations testées)"
"63080","COM2US HOLDINGS CORP.","","Corée","KRX","KRW","14198","100000","XKRX","063080","MIC:XKRX","Volume 14198 < Seuil 100000 (1 cotations testées)"
"970","KOREA CAST IRON PIPE INDUSTRY CO., LTD.","","Corée","KRX","KRW","26473","100000","XKRX","000970","MIC:XKRX","Volume 26473 < Seuil 100000 (1 cotations testées)"
"64850","FNGUIDE INC.","","Corée","KRX","KRW","83579","100000","XKRX","064850","MIC:XKRX","Volume 83579 < Seuil 100000 (1 cotations testées)"
"63160","CKD BIO CORP.","","Corée","KRX","KRW","12119","100000","XKRX","063160","MIC:XKRX","Volume 12119 < Seuil 100000 (1 cotations testées)"
"63170","SEOUL AUCTION CO. LTD.","","Corée","KRX","KRW","44168","100000","XKRX","063170","MIC:XKRX","Volume 44168 < Seuil 100000 (1 cotations testées)"
"63440","SM LIFE DESIGN GROUP CO., LTD.","","Corée","KRX","KRW","98605","100000","XKRX","063440","MIC:XKRX","Volume 98605 < Seuil 100000 (1 cotations testées)"
"197140","DIGICAP CO., LTD.","","Corée","KRX","KRW","16069","100000","XKRX","197140","MIC:XKRX","Volume 16069 < Seuil 100000 (1 cotations testées)"
"127980","FINECIRCUIT CO. LTD.","","Corée","KRX","KRW","29949","100000","XKRX","127980","MIC:XKRX","Volume 29949 < Seuil 100000 (1 cotations testées)"
"63570","NICE TOTAL CASH MANAGEMENT CO., LTD.","","Corée","KRX","KRW","52547","100000","XKRX","063570","MIC:XKRX","Volume 52547 < Seuil 100000 (1 cotations testées)"
"63760","ELP CORPORATION","","Corée","KRX","KRW","21334","100000","XKRX","063760","MIC:XKRX","Volume 21334 < Seuil 100000 (1 cotations testées)"
"196490","DA TECHNOLOGY CO., LTD.","","Corée","KRX","KRW","0","100000","XKRX","196490","MIC:XKRX","Volume 0 < Seuil 100000 (1 cotations testées)"
"196450","COASIA CO., LTD.","","Corée","KRX","KRW","62446","100000","XKRX","196450","MIC:XKRX","Volume 62446 < Seuil 100000 (1 cotations testées)"
"196300","ANYGEN CO., LTD.","","Corée","KRX","KRW","47195","100000","XKRX","196300","MIC:XKRX","Volume 47195 < Seuil 100000 (1 cotations testées)"
"199480","BANKWARE GLOBAL CO., LTD.","","Corée","KRX","KRW","36988","100000","XKRX","199480","MIC:XKRX","Volume 36988 < Seuil 100000 (1 cotations testées)"
"64960","SNT MOTIV CO., LTD.","","Corée","KRX","KRW","86755","100000","XKRX","064960","MIC:XKRX","Volume 86755 < Seuil 100000 (1 cotations testées)"
"129260","INTERGIS CO., LTD.","","Corée","KRX","KRW","31176","100000","XKRX","129260","MIC:XKRX","Volume 31176 < Seuil 100000 (1 cotations testées)"
"65510","HUVITZ CO., LTD.","","Corée","KRX","KRW","61811","100000","XKRX","065510","MIC:XKRX","Volume 61811 < Seuil 100000 (1 cotations testées)"
"190650","KOREA ASSET INVESTMENT SECURITIES CO. LTD.","","Corée","KRX","KRW","15764","100000","XKRX","190650","MIC:XKRX","Volume 15764 < Seuil 100000 (1 cotations testées)"
"65570","SAMYUNG ENC CO., LTD.","","Corée","KRX","KRW","0","100000","XKRX","065570","MIC:XKRX","Volume 0 < Seuil 100000 (1 cotations testées)"
"190510","NAMUGA CO. LTD.","","Corée","KRX","KRW","56480","100000","XKRX","190510","MIC:XKRX","Volume 56480 < Seuil 100000 (1 cotations testées)"
"189980","HYUNGKUK F&B CO., LTD.","","Corée","KRX","KRW","56590","100000","XKRX","189980","MIC:XKRX","Volume 56590 < Seuil 100000 (1 cotations testées)"
"65650","HYPER CORPORATION INC.","","Corée","KRX","KRW","38051","100000","XKRX","065650","MIC:XKRX","Volume 38051 < Seuil 100000 (1 cotations testées)"
"189860","SEOJEON ELECTRIC MACHINERY CO.","","Corée","KRX","KRW","60754","100000","XKRX","189860","MIC:XKRX","Volume 60754 < Seuil 100000 (1 cotations testées)"
"65660","ANTEROGEN CO., LTD.","","Corée","KRX","KRW","49375","100000","XKRX","065660","MIC:XKRX","Volume 49375 < Seuil 100000 (1 cotations testées)"
"189690","FORCS CO., LTD.","","Corée","KRX","KRW","58509","100000","XKRX","189690","MIC:XKRX","Volume 58509 < Seuil 100000 (1 cotations testées)"
"65680","UJU ELECTRONICS CO., LTD.","","Corée","KRX","KRW","60256","100000","XKRX","065680","MIC:XKRX","Volume 60256 < Seuil 100000 (1 cotations testées)"
"189350","COSET INC.","","Corée","KRX","KRW","774","100000","XKRX","189350","MIC:XKRX","Volume 774 < Seuil 100000 (1 cotations testées)"
"189300","INTELLIAN TECHNOLOGIES INC.","","Corée","KRX","KRW","58395","100000","XKRX","189300","MIC:XKRX","Volume 58395 < Seuil 100000 (1 cotations testées)"
"65710","SEOHO ELECTRIC CO., LTD.","","Corée","KRX","KRW","9712","100000","XKRX","065710","MIC:XKRX","Volume 9712 < Seuil 100000 (1 cotations testées)"
"670","YOUNG POONG CORPORATION","","Corée","KRX","KRW","49845","100000","XKRX","000670","MIC:XKRX","Volume 49845 < Seuil 100000 (1 cotations testées)"
"65060","GNCO CO., LTD.","","Corée","KRX","KRW","19148","100000","XKRX","065060","MIC:XKRX","Volume 19148 < Seuil 100000 (1 cotations testées)"
"65130","TOP ENGINEERING CO., LTD.","","Corée","KRX","KRW","29443","100000","XKRX","065130","MIC:XKRX","Volume 29443 < Seuil 100000 (1 cotations testées)"
"90470","JASTECH LTD.","","Corée","KRX","KRW","28457","100000","XKRX","090470","MIC:XKRX","Volume 28457 < Seuil 100000 (1 cotations testées)"
"192440","SPIGEN KOREA CO. LTD.","","Corée","KRX","KRW","9982","100000","XKRX","192440","MIC:XKRX","Volume 9982 < Seuil 100000 (1 cotations testées)"
"192400","CUCKOO HOLDINGS CO. LTD.","","Corée","KRX","KRW","18987","100000","XKRX","192400","MIC:XKRX","Volume 18987 < Seuil 100000 (1 cotations testées)"
"192390","WINHITECH CO., LTD.","","Corée","KRX","KRW","26345","100000","XKRX","192390","MIC:XKRX","Volume 26345 < Seuil 100000 (1 cotations testées)"
"193250","LINKED INC.","","Corée","KRX","KRW","33421","100000","XKRX","193250","MIC:XKRX","Volume 33421 < Seuil 100000 (1 cotations testées)"
"192080","DOUBLEUGAMES CO., LTD.","","Corée","KRX","KRW","57279","100000","XKRX","192080","MIC:XKRX","Volume 57279 < Seuil 100000 (1 cotations testées)"
"65370","WISE ITECH CO., LTD.","","Corée","KRX","KRW","30964","100000","XKRX","065370","MIC:XKRX","Volume 30964 < Seuil 100000 (1 cotations testées)"
"191600","BLUETOP CO. LTD.","","Corée","KRX","KRW","5","100000","XKRX","191600","MIC:XKRX","Volume 5 < Seuil 100000 (1 cotations testées)"
"191420","TEGO SCIENCE INC.","","Corée","KRX","KRW","10632","100000","XKRX","191420","MIC:XKRX","Volume 10632 < Seuil 100000 (1 cotations testées)"
"58630","MGAME CORP.","","Corée","KRX","KRW","52197","100000","XKRX","058630","MIC:XKRX","Volume 52197 < Seuil 100000 (1 cotations testées)"
"126880","JNK GLOBAL CO. LTD.","","Corée","KRX","KRW","91739","100000","XKRX","126880","MIC:XKRX","Volume 91739 < Seuil 100000 (1 cotations testées)"
"208860","ENGIS TECHNOLOGIES, INC.","","Corée","KRX","KRW","56124","100000","XKRX","208860","MIC:XKRX","Volume 56124 < Seuil 100000 (1 cotations testées)"
"208850","EB TECH CO., LTD.","","Corée","KRX","KRW","82","100000","XKRX","208850","MIC:XKRX","Volume 82 < Seuil 100000 (1 cotations testées)"
"60260","NUVOTEC CO., LTD.","","Corée","KRX","KRW","91580","100000","XKRX","060260","MIC:XKRX","Volume 91580 < Seuil 100000 (1 cotations testées)"
"208350","JIRANSECURITY CO. LTD.","","Corée","KRX","KRW","14755","100000","XKRX","208350","MIC:XKRX","Volume 14755 < Seuil 100000 (1 cotations testées)"
"208140","JUNGDAWN CO., LTD.","","Corée","KRX","KRW","55106","100000","XKRX","208140","MIC:XKRX","Volume 55106 < Seuil 100000 (1 cotations testées)"
"206560","DEXTER STUDIOS CO., LTD.","","Corée","KRX","KRW","63752","100000","XKRX","206560","MIC:XKRX","Volume 63752 < Seuil 100000 (1 cotations testées)"
"210120","VICTORY CONTENTS CO.,LTD.","","Corée","KRX","KRW","0","100000","XKRX","210120","MIC:XKRX","Volume 0 < Seuil 100000 (1 cotations testées)"
"123860","ANAPASS INC.","","Corée","KRX","KRW","22794","100000","XKRX","123860","MIC:XKRX","Volume 22794 < Seuil 100000 (1 cotations testées)"
"58850","KTCS CORP.","","Corée","KRX","KRW","98269","100000","XKRX","058850","MIC:XKRX","Volume 98269 < Seuil 100000 (1 cotations testées)"
"58860","KTIS CORPORATION","","Corée","KRX","KRW","71574","100000","XKRX","058860","MIC:XKRX","Volume 71574 < Seuil 100000 (1 cotations testées)"
"58970","EMRO. INCORPORATED","","Corée","KRX","KRW","34050","100000","XKRX","058970","MIC:XKRX","Volume 34050 < Seuil 100000 (1 cotations testées)"
"59100","I-COMPONENTS CO., LTD.","","Corée","KRX","KRW","60915","100000","XKRX","059100","MIC:XKRX","Volume 60915 < Seuil 100000 (1 cotations testées)"
"59210","META BIOMED CO., LTD","","Corée","KRX","KRW","81197","100000","XKRX","059210","MIC:XKRX","Volume 81197 < Seuil 100000 (1 cotations testées)"
"59270","HAISUNG AERO-ROBOTICS CO. LTD.","","Corée","KRX","KRW","89011","100000","XKRX","059270","MIC:XKRX","Volume 89011 < Seuil 100000 (1 cotations testées)"
"211270","ASIA PACIFIC SATELLITE INC.","","Corée","KRX","KRW","73797","100000","XKRX","211270","MIC:XKRX","Volume 73797 < Seuil 100000 (1 cotations testées)"
"210540","DY POWER CORP.","","Corée","KRX","KRW","39868","100000","XKRX","210540","MIC:XKRX","Volume 39868 < Seuil 100000 (1 cotations testées)"
"199550","LASEROPTEK CO. LTD.","","Corée","KRX","KRW","36409","100000","XKRX","199550","MIC:XKRX","Volume 36409 < Seuil 100000 (1 cotations testées)"
"60380","DONGYANG S.TEC CO., LTD.","","Corée","KRX","KRW","27414","100000","XKRX","060380","MIC:XKRX","Volume 27414 < Seuil 100000 (1 cotations testées)"
"205470","HUMASYS CO., LTD.","","Corée","KRX","KRW","54326","100000","XKRX","205470","MIC:XKRX","Volume 54326 < Seuil 100000 (1 cotations testées)"
"60980","HL HOLDINGS CORP.","","Corée","KRX","KRW","17747","100000","XKRX","060980","MIC:XKRX","Volume 17747 < Seuil 100000 (1 cotations testées)"
"61040","RFTECH CO. LTD.","","Corée","KRX","KRW","9158","100000","XKRX","061040","MIC:XKRX","Volume 9158 < Seuil 100000 (1 cotations testées)"
"200880","SEOYON E-HWA CO., LTD.","","Corée","KRX","KRW","55816","100000","XKRX","200880","MIC:XKRX","Volume 55816 < Seuil 100000 (1 cotations testées)"
"61090","SENA TECHNOLOGIES CO., LTD.","","Corée","KRX","KRW","36273","100000","XKRX","061090","MIC:XKRX","Volume 36273 < Seuil 100000 (1 cotations testées)"
"200780","BCWORLD PHARM CO., LTD.","","Corée","KRX","KRW","10546","100000","XKRX","200780","MIC:XKRX","Volume 10546 < Seuil 100000 (1 cotations testées)"
"200670","HUMEDIX CO., LTD.","","Corée","KRX","KRW","25979","100000","XKRX","200670","MIC:XKRX","Volume 25979 < Seuil 100000 (1 cotations testées)"
"200580","MEDYSSEY CO., LTD.","","Corée","KRX","KRW","848","100000","XKRX","200580","MIC:XKRX","Volume 848 < Seuil 100000 (1 cotations testées)"
"200350","ARTIST STUDIO INC.","","Corée","KRX","KRW","33345","100000","XKRX","200350","MIC:XKRX","Volume 33345 < Seuil 100000 (1 cotations testées)"
"61250","HWAIL PHARM CO., LTD.","","Corée","KRX","KRW","13344","100000","XKRX","061250","MIC:XKRX","Volume 13344 < Seuil 100000 (1 cotations testées)"
"200230","TELCON RF PHARMACEUTICAL INC.","","Corée","KRX","KRW","34323","100000","XKRX","200230","MIC:XKRX","Volume 34323 < Seuil 100000 (1 cotations testées)"
"126720","SOOSAN INDUSTRIES CO., LTD.","","Corée","KRX","KRW","25938","100000","XKRX","126720","MIC:XKRX","Volume 25938 < Seuil 100000 (1 cotations testées)"
"30350","DRAGONFLY GF CO. LTD.","","Corée","KRX","KRW","0","100000","XKRX","030350","MIC:XKRX","Volume 0 < Seuil 100000 (1 cotations testées)"
"126730","KORCHIP CORPORATION","","Corée","KRX","KRW","47392","100000","XKRX","126730","MIC:XKRX","Volume 47392 < Seuil 100000 (1 cotations testées)"
"199800","TOOLGEN INC.","","Corée","KRX","KRW","31346","100000","XKRX","199800","MIC:XKRX","Volume 31346 < Seuil 100000 (1 cotations testées)"
"60900","DGP CO., LTD.","","Corée","KRX","KRW","38980","100000","XKRX","060900","MIC:XKRX","Volume 38980 < Seuil 100000 (1 cotations testées)"
"91120","EM-TECH CO., LTD.","","Corée","KRX","KRW","61375","100000","XKRX","091120","MIC:XKRX","Volume 61375 < Seuil 100000 (1 cotations testées)"
"91340","S&K POLYTEC CO., LTD.","","Corée","KRX","KRW","18196","100000","XKRX","091340","MIC:XKRX","Volume 18196 < Seuil 100000 (1 cotations testées)"
"125210","AMO GREENTECH CO., LTD.","","Corée","KRX","KRW","86745","100000","XKRX","125210","MIC:XKRX","Volume 86745 < Seuil 100000 (1 cotations testées)"
"60540","SYSTEM AND APPLICATION TECHNOLOGIES CO., LTD.","","Corée","KRX","KRW","86770","100000","XKRX","060540","MIC:XKRX","Volume 86770 < Seuil 100000 (1 cotations testées)"
"60560","HOME CENTER HOLDINGS CO., LTD.","","Corée","KRX","KRW","13328","100000","XKRX","060560","MIC:XKRX","Volume 13328 < Seuil 100000 (1 cotations testées)"
"60570","DREAMUS CO.","","Corée","KRX","KRW","67307","100000","XKRX","060570","MIC:XKRX","Volume 67307 < Seuil 100000 (1 cotations testées)"
"203450","UNION COMMUNITY CO., LTD.","","Corée","KRX","KRW","22824","100000","XKRX","203450","MIC:XKRX","Volume 22824 < Seuil 100000 (1 cotations testées)"
"60590","CTC BIO INC.","","Corée","KRX","KRW","64273","100000","XKRX","060590","MIC:XKRX","Volume 64273 < Seuil 100000 (1 cotations testées)"
"590","CS HOLDINGS CO., LTD.","","Corée","KRX","KRW","1697","100000","XKRX","000590","MIC:XKRX","Volume 1697 < Seuil 100000 (1 cotations testées)"
"202960","PANDORA TV CO. LTD.","","Corée","KRX","KRW","5658","100000","XKRX","202960","MIC:XKRX","Volume 5658 < Seuil 100000 (1 cotations testées)"
"60850","YOUNGLIMWON SOFT LAB CO., LTD.","","Corée","KRX","KRW","7065","100000","XKRX","060850","MIC:XKRX","Volume 7065 < Seuil 100000 (1 cotations testées)"
"204020","GRITEE INC.","","Corée","KRX","KRW","25800","100000","XKRX","204020","MIC:XKRX","Volume 25800 < Seuil 100000 (1 cotations testées)"
"102710","ENF TECHNOLOGY CO., LTD.","","Corée","KRX","KRW","92584","100000","XKRX","102710","MIC:XKRX","Volume 92584 < Seuil 100000 (1 cotations testées)"
"393210","TOMATOSYSTEM CO.,LTD.","","Corée","KRX","KRW","34954","100000","XKRX","393210","MIC:XKRX","Volume 34954 < Seuil 100000 (1 cotations testées)"
"475560","BORN KOREA CO., LTD.","","Corée","KRX","KRW","9618","100000","XKRX","475560","MIC:XKRX","Volume 9618 < Seuil 100000 (1 cotations testées)"
"475580","ALUX CO., LTD.","","Corée","KRX","KRW","80645","100000","XKRX","475580","MIC:XKRX","Volume 80645 < Seuil 100000 (1 cotations testées)"
"475660","SCHEM INC.","","Corée","KRX","KRW","10036","100000","XKRX","475660","MIC:XKRX","Volume 10036 < Seuil 100000 (1 cotations testées)"
"340570","T&L CO. LTD.","","Corée","KRX","KRW","54994","100000","XKRX","340570","MIC:XKRX","Volume 54994 < Seuil 100000 (1 cotations testées)"
"475460","MEATBOX GLOBAL INC.","","Corée","KRX","KRW","16519","100000","XKRX","475460","MIC:XKRX","Volume 16519 < Seuil 100000 (1 cotations testées)"
"475830","ORUM THERAPEUTICS INC.","","Corée","KRX","KRW","88432","100000","XKRX","475830","MIC:XKRX","Volume 88432 < Seuil 100000 (1 cotations testées)"
"475960","TOMOCUBE INC.","","Corée","KRX","KRW","50622","100000","XKRX","475960","MIC:XKRX","Volume 50622 < Seuil 100000 (1 cotations testées)"
"476040","ORGANOID SCIENCES CO., LTD.","","Corée","KRX","KRW","21386","100000","XKRX","476040","MIC:XKRX","Volume 21386 < Seuil 100000 (1 cotations testées)"
"475400","CMES INC.","","Corée","KRX","KRW","48772","100000","XKRX","475400","MIC:XKRX","Volume 48772 < Seuil 100000 (1 cotations testées)"
"472220","SHINYOUNG HAPPY TOMORROW NO. 1 CO., LTD.","","Corée","KRX","KRW","50218","100000","XKRX","472220","MIC:XKRX","Volume 50218 < Seuil 100000 (1 cotations testées)"
"472850","POND GROUP CO. LTD.","","Corée","KRX","KRW","48782","100000","XKRX","472850","MIC:XKRX","Volume 48782 < Seuil 100000 (1 cotations testées)"
"344860","INNOGEN CO., LTD.","","Corée","KRX","KRW","16509","100000","XKRX","344860","MIC:XKRX","Volume 16509 < Seuil 100000 (1 cotations testées)"
"344820","KCC GLASS CORP.","","Corée","KRX","KRW","20725","100000","XKRX","344820","MIC:XKRX","Volume 20725 < Seuil 100000 (1 cotations testées)"
"473980","KNOWMERCE CORP","","Corée","KRX","KRW","50441","100000","XKRX","473980","MIC:XKRX","Volume 50441 < Seuil 100000 (1 cotations testées)"
"474170","LUMIR INC.","","Corée","KRX","KRW","54730","100000","XKRX","474170","MIC:XKRX","Volume 54730 < Seuil 100000 (1 cotations testées)"
"474650","LINC SOLUTION CO. LTD","","Corée","KRX","KRW","37371","100000","XKRX","474650","MIC:XKRX","Volume 37371 < Seuil 100000 (1 cotations testées)"
"474660","SHINHAN 12TH SPECIAL PURPOSE COMPANY","","Corée","KRX","KRW","19171","100000","XKRX","474660","MIC:XKRX","Volume 19171 < Seuil 100000 (1 cotations testées)"
"342870","OA LABORATORY CO., LTD.","","Corée","KRX","KRW","6243","100000","XKRX","342870","MIC:XKRX","Volume 6243 < Seuil 100000 (1 cotations testées)"
"474930","SHINHAN 13TH SPECIAL PURPOSE COMPANY LTD.","","Corée","KRX","KRW","1498","100000","XKRX","474930","MIC:XKRX","Volume 1498 < Seuil 100000 (1 cotations testées)"
"338100","NH PRIME REIT CO., LTD.","","Corée","KRX","KRW","47648","100000","XKRX","338100","MIC:XKRX","Volume 47648 < Seuil 100000 (1 cotations testées)"
"484120","DOWOOINSYS CO., LTD.","","Corée","KRX","KRW","17204","100000","XKRX","484120","MIC:XKRX","Volume 17204 < Seuil 100000 (1 cotations testées)"
"336060","WAVUS CO. LTD.","","Corée","KRX","KRW","0","100000","XKRX","336060","MIC:XKRX","Volume 0 < Seuil 100000 (1 cotations testées)"
"336040","TASCOM CO., LTD.","","Corée","KRX","KRW","11","100000","XKRX","336040","MIC:XKRX","Volume 11 < Seuil 100000 (1 cotations testées)"
"482690","DAISHIN BALANCE NO.19 SPECIAL PURPOSE COMPANY LTD.","","Corée","KRX","KRW","24509","100000","XKRX","482690","MIC:XKRX","Volume 24509 < Seuil 100000 (1 cotations testées)"
"484870","MNC SOLUTION CO. LTD.","","Corée","KRX","KRW","94000","100000","XKRX","484870","MIC:XKRX","Volume 94000 < Seuil 100000 (1 cotations testées)"
"335810","PRECISION BIOSENSOR INC.","","Corée","KRX","KRW","13513","100000","XKRX","335810","MIC:XKRX","Volume 13513 < Seuil 100000 (1 cotations testées)"
"487360","SHINHAN 14TH SPECIAL PURPOSE COMPANY LTD.","","Corée","KRX","KRW","13041","100000","XKRX","487360","MIC:XKRX","Volume 13041 < Seuil 100000 (1 cotations testées)"
"4800","HYOSUNG CORPORATION","","Corée","KRX","KRW","38708","100000","XKRX","004800","MIC:XKRX","Volume 38708 < Seuil 100000 (2 cotations testées)"
"487720","KIWOOM NO 10 SPECIAL PURPOSE CO.","","Corée","KRX","KRW","1947","100000","XKRX","487720","MIC:XKRX","Volume 1947 < Seuil 100000 (1 cotations testées)"
"335870","WINGS FOOT INC.","","Corée","KRX","KRW","21249","100000","XKRX","335870","MIC:XKRX","Volume 21249 < Seuil 100000 (1 cotations testées)"
"482680","MIRAE ASSET VISION SPECIAL PURPOSE CORP.","","Corée","KRX","KRW","0","100000","XKRX","482680","MIC:XKRX","Volume 0 < Seuil 100000 (1 cotations testées)"
"477760","DB FINANCE NO12 SPECIAL PURPOSE L.P.","","Corée","KRX","KRW","3625","100000","XKRX","477760","MIC:XKRX","Volume 3625 < Seuil 100000 (1 cotations testées)"
"478340","NARA SPACE TECHNOLOGY, INC.","","Corée","KRX","KRW","55393","100000","XKRX","478340","MIC:XKRX","Volume 55393 < Seuil 100000 (1 cotations testées)"
"478560","BLACKYAK I&C CO., LTD.","","Corée","KRX","KRW","52900","100000","XKRX","478560","MIC:XKRX","Volume 52900 < Seuil 100000 (1 cotations testées)"
"337930","BRAND X CO. LTD.","","Corée","KRX","KRW","81565","100000","XKRX","337930","MIC:XKRX","Volume 81565 < Seuil 100000 (1 cotations testées)"
"479960","WINNERS CO. LTD.","","Corée","KRX","KRW","20065","100000","XKRX","479960","MIC:XKRX","Volume 20065 < Seuil 100000 (1 cotations testées)"
"480370","CK SOLUTION CO. LTD.","","Corée","KRX","KRW","72317","100000","XKRX","480370","MIC:XKRX","Volume 72317 < Seuil 100000 (1 cotations testées)"
"337840","UXN CO., LTD.","","Corée","KRX","KRW","715","100000","XKRX","337840","MIC:XKRX","Volume 715 < Seuil 100000 (1 cotations testées)"
"481070","AU BRANDZ CO., LTD.","","Corée","KRX","KRW","24733","100000","XKRX","481070","MIC:XKRX","Volume 24733 < Seuil 100000 (1 cotations testées)"
"481850","SHINHAN GLOBAL ACTIVE REIT","","Corée","KRX","KRW","24461","100000","XKRX","481850","MIC:XKRX","Volume 24461 < Seuil 100000 (1 cotations testées)"
"336680","TOP RUN TOTAL SOLUTION CO., LTD.","","Corée","KRX","KRW","20587","100000","XKRX","336680","MIC:XKRX","Volume 20587 < Seuil 100000 (1 cotations testées)"
"338220","VUNO INC.","","Corée","KRX","KRW","29303","100000","XKRX","338220","MIC:XKRX","Volume 29303 < Seuil 100000 (1 cotations testées)"
"487830","SHINHAN 15TH SPECIAL PURPOSE COMPANY LTD.","","Corée","KRX","KRW","3931","100000","XKRX","487830","MIC:XKRX","Volume 3931 < Seuil 100000 (1 cotations testées)"
"347770","PIMS INC.","","Corée","KRX","KRW","81916","100000","XKRX","347770","MIC:XKRX","Volume 81916 < Seuil 100000 (1 cotations testées)"
"352770","CLINOMICS INC.","","Corée","KRX","KRW","0","100000","XKRX","352770","MIC:XKRX","Volume 0 < Seuil 100000 (1 cotations testées)"
"352700","CNTUS CO., LTD.","","Corée","KRX","KRW","70599","100000","XKRX","352700","MIC:XKRX","Volume 70599 < Seuil 100000 (1 cotations testées)"
"352480","C&C INTERNATIONAL CO. LTD.","","Corée","KRX","KRW","19851","100000","XKRX","352480","MIC:XKRX","Volume 19851 < Seuil 100000 (1 cotations testées)"
"460470","IVIM TECHNOLOGY INC.","","Corée","KRX","KRW","23769","100000","XKRX","460470","MIC:XKRX","Volume 23769 < Seuil 100000 (1 cotations testées)"
"461030","IMBDX INC.","","Corée","KRX","KRW","30189","100000","XKRX","461030","MIC:XKRX","Volume 30189 < Seuil 100000 (1 cotations testées)"
"461300","I-SCREAM MEDIA CO. LTD.","","Corée","KRX","KRW","15783","100000","XKRX","461300","MIC:XKRX","Volume 15783 < Seuil 100000 (1 cotations testées)"
"462310","NEW KIDS ON CO., LTD.","","Corée","KRX","KRW","22132","100000","XKRX","462310","MIC:XKRX","Volume 22132 < Seuil 100000 (1 cotations testées)"
"462510","LAMEDITECH CO., LTD.","","Corée","KRX","KRW","26939","100000","XKRX","462510","MIC:XKRX","Volume 26939 < Seuil 100000 (1 cotations testées)"
"352910","OBIGO INC.","","Corée","KRX","KRW","25456","100000","XKRX","352910","MIC:XKRX","Volume 25456 < Seuil 100000 (1 cotations testées)"
"457550","WOOJIN NTEC INC.","","Corée","KRX","KRW","48794","100000","XKRX","457550","MIC:XKRX","Volume 48794 < Seuil 100000 (1 cotations testées)"
"354390","BASKHANBIOPHARMA INC.","","Corée","KRX","KRW","358","100000","XKRX","354390","MIC:XKRX","Volume 358 < Seuil 100000 (1 cotations testées)"
"354320","ALMAC CO. LTD.","","Corée","KRX","KRW","57739","100000","XKRX","354320","MIC:XKRX","Volume 57739 < Seuil 100000 (1 cotations testées)"
"458350","ESTEEM CO., LTD.","","Corée","KRX","KRW","26269","100000","XKRX","458350","MIC:XKRX","Volume 26269 < Seuil 100000 (1 cotations testées)"
"458650","SUNG WOO CO., LTD.","","Corée","KRX","KRW","20529","100000","XKRX","458650","MIC:XKRX","Volume 20529 < Seuil 100000 (1 cotations testées)"
"353810","EASY BIO INC.","","Corée","KRX","KRW","75998","100000","XKRX","353810","MIC:XKRX","Volume 75998 < Seuil 100000 (1 cotations testées)"
"353590","AUTO& INC.","","Corée","KRX","KRW","20697","100000","XKRX","353590","MIC:XKRX","Volume 20697 < Seuil 100000 (1 cotations testées)"
"353190","HURUM CO. LTD.","","Corée","KRX","KRW","13860","100000","XKRX","353190","MIC:XKRX","Volume 13860 < Seuil 100000 (1 cotations testées)"
"459100","WITS CO. LTD.","","Corée","KRX","KRW","16203","100000","XKRX","459100","MIC:XKRX","Volume 16203 < Seuil 100000 (1 cotations testées)"
"352940","ENBIO CO., LTD.","","Corée","KRX","KRW","6624","100000","XKRX","352940","MIC:XKRX","Volume 6624 < Seuil 100000 (1 cotations testées)"
"462520","CHOSUN REFRACTORIES CO. LTD.","","Corée","KRX","KRW","15373","100000","XKRX","462520","MIC:XKRX","Volume 15373 < Seuil 100000 (1 cotations testées)"
"462980","AIJINET INC.","","Corée","KRX","KRW","37119","100000","XKRX","462980","MIC:XKRX","Volume 37119 < Seuil 100000 (1 cotations testées)"
"348950","JR GLOBAL REAL ESTATE INVESTMENT TRUST","","Corée","KRX","KRW","0","100000","XKRX","348950","MIC:XKRX","Volume 0 < Seuil 100000 (1 cotations testées)"
"348350","WITHTECH INC.","","Corée","KRX","KRW","57427","100000","XKRX","348350","MIC:XKRX","Volume 57427 < Seuil 100000 (1 cotations testées)"
"471050","DAISHIN BALANCE NO.17 SPECIAL PURPOSE COMPANY","","Corée","KRX","KRW","35243","100000","XKRX","471050","MIC:XKRX","Volume 35243 < Seuil 100000 (1 cotations testées)"
"348080","QURATIS CO., LTD.","","Corée","KRX","KRW","57731","100000","XKRX","348080","MIC:XKRX","Volume 57731 < Seuil 100000 (1 cotations testées)"
"348030","MOBIRIX CO., LTD.","","Corée","KRX","KRW","94833","100000","XKRX","348030","MIC:XKRX","Volume 94833 < Seuil 100000 (1 cotations testées)"
"471820","CELLROMAX SCIENCES CO. LTD.","","Corée","KRX","KRW","27999","100000","XKRX","471820","MIC:XKRX","Volume 27999 < Seuil 100000 (1 cotations testées)"
"347890","M2I CORPORATION","","Corée","KRX","KRW","29982","100000","XKRX","347890","MIC:XKRX","Volume 29982 < Seuil 100000 (1 cotations testées)"
"2920","YOOSUNG ENTERPRISE CO. LTD.","","Corée","KRX","KRW","15799","100000","XKRX","002920","MIC:XKRX","Volume 15799 < Seuil 100000 (1 cotations testées)"
"469480","IBKS NO.24 CO., LTD.","","Corée","KRX","KRW","0","100000","XKRX","469480","MIC:XKRX","Volume 0 < Seuil 100000 (1 cotations testées)"
"468530","PROTEINA CO., LTD.","","Corée","KRX","KRW","42172","100000","XKRX","468530","MIC:XKRX","Volume 42172 < Seuil 100000 (1 cotations testées)"
"351870","CHAI COMMUNICATION CO. LTD.","","Corée","KRX","KRW","21836","100000","XKRX","351870","MIC:XKRX","Volume 21836 < Seuil 100000 (1 cotations testées)"
"351330","ISAAC ENGINEERING CO. LTD.","","Corée","KRX","KRW","49766","100000","XKRX","351330","MIC:XKRX","Volume 49766 < Seuil 100000 (1 cotations testées)"
"351320","SOLUTION ADVANCED TECHNOLOGY","","Corée","KRX","KRW","35599","100000","XKRX","351320","MIC:XKRX","Volume 35599 < Seuil 100000 (1 cotations testées)"
"464280","TDS PHARM CO., LTD.","","Corée","KRX","KRW","17976","100000","XKRX","464280","MIC:XKRX","Volume 17976 < Seuil 100000 (1 cotations testées)"
"464500","IRON DEVICE CORP.","","Corée","KRX","KRW","57773","100000","XKRX","464500","MIC:XKRX","Volume 57773 < Seuil 100000 (1 cotations testées)"
"350520","IGIS RESIDENCE REIT CO., LTD.","","Corée","KRX","KRW","42317","100000","XKRX","350520","MIC:XKRX","Volume 42317 < Seuil 100000 (1 cotations testées)"
"465480","INSPIEN INC.","","Corée","KRX","KRW","13853","100000","XKRX","465480","MIC:XKRX","Volume 13853 < Seuil 100000 (1 cotations testées)"
"466410","SYNAPSOFT CORP.","","Corée","KRX","KRW","10848","100000","XKRX","466410","MIC:XKRX","Volume 10848 < Seuil 100000 (1 cotations testées)"
"467930","IBKS NO. 23 SPECIAL PURPOSE A CO., LTD.","","Corée","KRX","KRW","77504","100000","XKRX","467930","MIC:XKRX","Volume 77504 < Seuil 100000 (1 cotations testées)"
"488280","S2W INC.","","Corée","KRX","KRW","82689","100000","XKRX","488280","MIC:XKRX","Volume 82689 < Seuil 100000 (1 cotations testées)"
"489480","KIWOOM NO11 SPECIAL PURPOSE CO., LTD.","","Corée","KRX","KRW","65825","100000","XKRX","489480","MIC:XKRX","Volume 65825 < Seuil 100000 (1 cotations testées)"
"317450","MYUNG IN PHARM CO., LTD.","","Corée","KRX","KRW","23472","100000","XKRX","317450","MIC:XKRX","Volume 23472 < Seuil 100000 (1 cotations testées)"
"317120","RANIX INC.","","Corée","KRX","KRW","40820","100000","XKRX","317120","MIC:XKRX","Volume 40820 < Seuil 100000 (1 cotations testées)"
"317530","CARRIESOFT CO., LTD.","","Corée","KRX","KRW","11910","100000","XKRX","317530","MIC:XKRX","Volume 11910 < Seuil 100000 (1 cotations testées)"
"18500","DONGWON METAL CO., LTD.","","Corée","KRX","KRW","88944","100000","XKRX","018500","MIC:XKRX","Volume 88944 < Seuil 100000 (1 cotations testées)"
"2720","KUKJE PHARMA CO., LTD.","","Corée","KRX","KRW","60769","100000","XKRX","002720","MIC:XKRX","Volume 60769 < Seuil 100000 (1 cotations testées)"
"315640","DEEPNOID INC.","","Corée","KRX","KRW","92598","100000","XKRX","315640","MIC:XKRX","Volume 92598 < Seuil 100000 (1 cotations testées)"
"317690","QUANTAMATRIX INC.","","Corée","KRX","KRW","57272","100000","XKRX","317690","MIC:XKRX","Volume 57272 < Seuil 100000 (1 cotations testées)"
"317830","SP SYSTEMS CO., LTD.","","Corée","KRX","KRW","53080","100000","XKRX","317830","MIC:XKRX","Volume 53080 < Seuil 100000 (1 cotations testées)"
"18680","SEOUL PHARMA CO., LTD.","","Corée","KRX","KRW","11457","100000","XKRX","018680","MIC:XKRX","Volume 11457 < Seuil 100000 (1 cotations testées)"
"18670","SK GAS LTD.","","Corée","KRX","KRW","15935","100000","XKRX","018670","MIC:XKRX","Volume 15935 < Seuil 100000 (1 cotations testées)"
"318660","TIME TECHNICAL SUPPORT LTD.","","Corée","KRX","KRW","56","100000","XKRX","318660","MIC:XKRX","Volume 56 < Seuil 100000 (1 cotations testées)"
"318410","BBC CO. LTD.","","Corée","KRX","KRW","17896","100000","XKRX","318410","MIC:XKRX","Volume 17896 < Seuil 100000 (1 cotations testées)"
"18620","WOOGENE B&G CO. LTD.","","Corée","KRX","KRW","31135","100000","XKRX","018620","MIC:XKRX","Volume 31135 < Seuil 100000 (1 cotations testées)"
"318160","CELL BIO HUMAN TECH CO. LTD.","","Corée","KRX","KRW","17885","100000","XKRX","318160","MIC:XKRX","Volume 17885 < Seuil 100000 (1 cotations testées)"
"318060","GRAPHY INC.","","Corée","KRX","KRW","73615","100000","XKRX","318060","MIC:XKRX","Volume 73615 < Seuil 100000 (1 cotations testées)"
"318020","POINT MOBILE CO., LTD.","","Corée","KRX","KRW","23544","100000","XKRX","318020","MIC:XKRX","Volume 23544 < Seuil 100000 (1 cotations testées)"
"318010","PHARMSVILLE CO. LTD.","","Corée","KRX","KRW","6947","100000","XKRX","318010","MIC:XKRX","Volume 6947 < Seuil 100000 (1 cotations testées)"
"318000","KBG CORP","","Corée","KRX","KRW","18314","100000","XKRX","318000","MIC:XKRX","Volume 18314 < Seuil 100000 (1 cotations testées)"
"317870","ENVIONEER CO. LTD.","","Corée","KRX","KRW","20590","100000","XKRX","317870","MIC:XKRX","Volume 20590 < Seuil 100000 (1 cotations testées)"
"317860","NORDMASON CO. LTD.","","Corée","KRX","KRW","231","100000","XKRX","317860","MIC:XKRX","Volume 231 < Seuil 100000 (1 cotations testées)"
"317850","DAEMO ENGINEERING CO. LTD.","","Corée","KRX","KRW","35135","100000","XKRX","317850","MIC:XKRX","Volume 35135 < Seuil 100000 (1 cotations testées)"
"314930","BIODYNE CO., LTD.","","Corée","KRX","KRW","30769","100000","XKRX","314930","MIC:XKRX","Volume 30769 < Seuil 100000 (1 cotations testées)"
"10240","HEUNGKUK METALTECH CO., LTD.","","Corée","KRX","KRW","19582","100000","XKRX","010240","MIC:XKRX","Volume 19582 < Seuil 100000 (1 cotations testées)"
"314140","RP BIO INC.","","Corée","KRX","KRW","31858","100000","XKRX","314140","MIC:XKRX","Volume 31858 < Seuil 100000 (1 cotations testées)"
"10770","PYUNG HWA HOLDINGS CO., LTD.","","Corée","KRX","KRW","21466","100000","XKRX","010770","MIC:XKRX","Volume 21466 < Seuil 100000 (1 cotations testées)"
"18250","AEKYUNG INDUSTRIAL CO. LTD.","","Corée","KRX","KRW","32182","100000","XKRX","018250","MIC:XKRX","Volume 32182 < Seuil 100000 (1 cotations testées)"
"311060","LAT CO. LTD.","","Corée","KRX","KRW","951","100000","XKRX","311060","MIC:XKRX","Volume 951 < Seuil 100000 (1 cotations testées)"
"309960","LB INVESTMENT INC.","","Corée","KRX","KRW","83246","100000","XKRX","309960","MIC:XKRX","Volume 83246 < Seuil 100000 (1 cotations testées)"
"309930","OHEIM & COMPANY CO. LTD.","","Corée","KRX","KRW","88506","100000","XKRX","309930","MIC:XKRX","Volume 88506 < Seuil 100000 (1 cotations testées)"
"4250","NATIONAL PENSION CORPORATION","","Corée","KRX","KRW","54997","100000","XKRX","004250","MIC:XKRX","Volume 54997 < Seuil 100000 (1 cotations testées)"
"10780","IS DONGSEO CO., LTD.","","Corée","KRX","KRW","62502","100000","XKRX","010780","MIC:XKRX","Volume 62502 < Seuil 100000 (1 cotations testées)"
"311320","GO ELEMENT CO. LTD.","","Corée","KRX","KRW","81232","100000","XKRX","311320","MIC:XKRX","Volume 81232 < Seuil 100000 (1 cotations testées)"
"311390","NEO CREMAR CO., LTD.","","Corée","KRX","KRW","28276","100000","XKRX","311390","MIC:XKRX","Volume 28276 < Seuil 100000 (1 cotations testées)"
"2710","TCC STEEL CO., LTD.","","Corée","KRX","KRW","82361","100000","XKRX","002710","MIC:XKRX","Volume 82361 < Seuil 100000 (1 cotations testées)"
"10400","WOOJIN I&S CO., LTD.","","Corée","KRX","KRW","52130","100000","XKRX","010400","MIC:XKRX","Volume 52130 < Seuil 100000 (1 cotations testées)"
"18310","SAMMOK S-FORM CO., LTD.","","Corée","KRX","KRW","15804","100000","XKRX","018310","MIC:XKRX","Volume 15804 < Seuil 100000 (1 cotations testées)"
"10470","ORICOM INC.","","Corée","KRX","KRW","22763","100000","XKRX","010470","MIC:XKRX","Volume 22763 < Seuil 100000 (1 cotations testées)"
"10640","CHINYANG POLYURETHANE CO., LTD.","","Corée","KRX","KRW","83665","100000","XKRX","010640","MIC:XKRX","Volume 83665 < Seuil 100000 (1 cotations testées)"
"311960","AI THE NUTRIGENOMICS CO.","","Corée","KRX","KRW","66","100000","XKRX","311960","MIC:XKRX","Volume 66 < Seuil 100000 (1 cotations testées)"
"311690","CJ BIOSCIENCE INC.","","Corée","KRX","KRW","12930","100000","XKRX","311690","MIC:XKRX","Volume 12930 < Seuil 100000 (1 cotations testées)"
"10280","SSANGYONG INFORMATION & COMMUNICATIONS CORP.","","Corée","KRX","KRW","24640","100000","XKRX","010280","MIC:XKRX","Volume 24640 < Seuil 100000 (1 cotations testées)"
"331520","VALOFE CO., LTD.","","Corée","KRX","KRW","23697","100000","XKRX","331520","MIC:XKRX","Volume 23697 < Seuil 100000 (1 cotations testées)"
"493330","GFI CO., LTD.","","Corée","KRX","KRW","21170","100000","XKRX","493330","MIC:XKRX","Volume 21170 < Seuil 100000 (1 cotations testées)"
"331380","FOCUS HNS CO. LTD.","","Corée","KRX","KRW","78257","100000","XKRX","331380","MIC:XKRX","Volume 78257 < Seuil 100000 (1 cotations testées)"
"494120","CURIOSIS INC.","","Corée","KRX","KRW","97009","100000","XKRX","494120","MIC:XKRX","Volume 97009 < Seuil 100000 (1 cotations testées)"
"4720","PHARMGEN SCIENCE INC.","","Corée","KRX","KRW","38874","100000","XKRX","004720","MIC:XKRX","Volume 38874 < Seuil 100000 (1 cotations testées)"
"2840","MIWON COMMERCIAL CO., LTD.","","Corée","KRX","KRW","8035","100000","XKRX","002840","MIC:XKRX","Volume 8035 < Seuil 100000 (1 cotations testées)"
"330730","STONEBRIDGE VENTURES INC.","","Corée","KRX","KRW","42641","100000","XKRX","330730","MIC:XKRX","Volume 42641 < Seuil 100000 (1 cotations testées)"
"2820","SUN&L CO., LTD.","","Corée","KRX","KRW","12257","100000","XKRX","002820","MIC:XKRX","Volume 12257 < Seuil 100000 (1 cotations testées)"
"496070","SHINHAN 16TH SPECIAL PURPOSE COMPANY","","Corée","KRX","KRW","73208","100000","XKRX","496070","MIC:XKRX","Volume 73208 < Seuil 100000 (1 cotations testées)"
"2810","SAM YUNG TRADING CO., LTD.","","Corée","KRX","KRW","50524","100000","XKRX","002810","MIC:XKRX","Volume 50524 < Seuil 100000 (1 cotations testées)"
"493280","IMBIOLOGICS CORP.","","Corée","KRX","KRW","75490","100000","XKRX","493280","MIC:XKRX","Volume 75490 < Seuil 100000 (1 cotations testées)"
"331740","AUTOCRYPT CO LTD COMMON STOCK","","Corée","KRX","KRW","31000","100000","XKRX","331740","MIC:XKRX","Volume 31000 < Seuil 100000 (1 cotations testées)"
"4150","HANSOL HOLDINGS CO., LTD.","","Corée","KRX","KRW","99326","100000","XKRX","004150","MIC:XKRX","Volume 99326 < Seuil 100000 (1 cotations testées)"
"489500","LK CHEM CO., LTD.","","Corée","KRX","KRW","26086","100000","XKRX","489500","MIC:XKRX","Volume 26086 < Seuil 100000 (1 cotations testées)"
"333620","NSYS CO., LTD.","","Corée","KRX","KRW","8159","100000","XKRX","333620","MIC:XKRX","Volume 8159 < Seuil 100000 (1 cotations testées)"
"333050","MOCOMSYS INC.","","Corée","KRX","KRW","9666","100000","XKRX","333050","MIC:XKRX","Volume 9666 < Seuil 100000 (1 cotations testées)"
"332370","IDP CORPORATION LIMITED","","Corée","KRX","KRW","13241","100000","XKRX","332370","MIC:XKRX","Volume 13241 < Seuil 100000 (1 cotations testées)"
"331920","CELEMICS INC.","","Corée","KRX","KRW","57793","100000","XKRX","331920","MIC:XKRX","Volume 57793 < Seuil 100000 (1 cotations testées)"
"328380","SALTWARE CO., LTD.","","Corée","KRX","KRW","20690","100000","XKRX","328380","MIC:XKRX","Volume 20690 < Seuil 100000 (1 cotations testées)"
"19770","SEOYON TOPMETAL CO. LTD.","","Corée","KRX","KRW","81728","100000","XKRX","019770","MIC:XKRX","Volume 81728 < Seuil 100000 (1 cotations testées)"
"10040","KOREA REFRACTORIES CO. LTD.","","Corée","KRX","KRW","33986","100000","XKRX","010040","MIC:XKRX","Volume 33986 < Seuil 100000 (1 cotations testées)"
"321820","ARTIST UNITED INC.","","Corée","KRX","KRW","93962","100000","XKRX","321820","MIC:XKRX","Volume 93962 < Seuil 100000 (1 cotations testées)"
"0099X0","IBKS NO25 SPECIAL PURPOSE AC","","Corée","KRX","KRW","0","100000","XKRX","0099X0","MIC:XKRX","Volume 0 < Seuil 100000 (1 cotations testées)"
"19490","HITRON SYSTEMS INC.","","Corée","KRX","KRW","0","100000","XKRX","019490","MIC:XKRX","Volume 0 < Seuil 100000 (1 cotations testées)"
"19680","DAEKYO CO., LTD.","","Corée","KRX","KRW","43780","100000","XKRX","019680","MIC:XKRX","Volume 43780 < Seuil 100000 (1 cotations testées)"
"19660","GLOBON CO., LTD.","","Corée","KRX","KRW","18225","100000","XKRX","019660","MIC:XKRX","Volume 18225 < Seuil 100000 (1 cotations testées)"
"19570","PLUTUS INVESTMENT CO. LTD.","","Corée","KRX","KRW","0","100000","XKRX","019570","MIC:XKRX","Volume 0 < Seuil 100000 (1 cotations testées)"
"323990","VAXCELL-BIO THERAPEUTICS INC.","","Corée","KRX","KRW","81878","100000","XKRX","323990","MIC:XKRX","Volume 81878 < Seuil 100000 (1 cotations testées)"
"19540","ILJI TECHNOLOGY CO., LTD.","","Corée","KRX","KRW","85155","100000","XKRX","019540","MIC:XKRX","Volume 85155 < Seuil 100000 (1 cotations testées)"
"323350","DAWON NEXVIEW CO., LTD.","","Corée","KRX","KRW","39708","100000","XKRX","323350","MIC:XKRX","Volume 39708 < Seuil 100000 (1 cotations testées)"
"322970","MOOGENE MEDI CO., LTD.","","Corée","KRX","KRW","2606","100000","XKRX","322970","MIC:XKRX","Volume 2606 < Seuil 100000 (1 cotations testées)"
"2800","SINSIN PHARMACEUTICAL CO., LTD.","","Corée","KRX","KRW","29626","100000","XKRX","002800","MIC:XKRX","Volume 29626 < Seuil 100000 (1 cotations testées)"
"355150","KOSTECSYS CO. LTD.","","Corée","KRX","KRW","62972","100000","XKRX","355150","MIC:XKRX","Volume 62972 < Seuil 100000 (1 cotations testées)"
"389020","ZARAM TECHNOLOGY INC.","","Corée","KRX","KRW","32074","100000","XKRX","389020","MIC:XKRX","Volume 32074 < Seuil 100000 (1 cotations testées)"
"419530","SAMG ENTERTAINMENT CO., LTD.","","Corée","KRX","KRW","92393","100000","XKRX","419530","MIC:XKRX","Volume 92393 < Seuil 100000 (1 cotations testées)"
"389140","4BY4 INC.","","Corée","KRX","KRW","79026","100000","XKRX","389140","MIC:XKRX","Volume 79026 < Seuil 100000 (1 cotations testées)"
"419540","BISTOS CO. LTD.","","Corée","KRX","KRW","40867","100000","XKRX","419540","MIC:XKRX","Volume 40867 < Seuil 100000 (1 cotations testées)"
"388720","YUIL ROBOTICS CO., LTD.","","Corée","KRX","KRW","42283","100000","XKRX","388720","MIC:XKRX","Volume 42283 < Seuil 100000 (1 cotations testées)"
"388610","GFC LIFE SCIENCE CO., LTD.","","Corée","KRX","KRW","9265","100000","XKRX","388610","MIC:XKRX","Volume 9265 < Seuil 100000 (1 cotations testées)"
"3540","DAISHIN SECURITIES CO. LTD.","","Corée","KRX","KRW","76405","100000","XKRX","003540","MIC:XKRX","Volume 76405 < Seuil 100000 (1 cotations testées)"
"389470","INVENTAGE LAB INC.","","Corée","KRX","KRW","54050","100000","XKRX","389470","MIC:XKRX","Volume 54050 < Seuil 100000 (1 cotations testées)"
"394280","OPENEDGES TECHNOLOGY INC.","","Corée","KRX","KRW","93256","100000","XKRX","394280","MIC:XKRX","Volume 93256 < Seuil 100000 (1 cotations testées)"
"419080","ENJET CO., LTD.","","Corée","KRX","KRW","47933","100000","XKRX","419080","MIC:XKRX","Volume 47933 < Seuil 100000 (1 cotations testées)"
"20400","DAEDONG METALS CO. LTD.","","Corée","KRX","KRW","34080","100000","XKRX","020400","MIC:XKRX","Volume 34080 < Seuil 100000 (1 cotations testées)"
"390110","ANYMEDI INC.","","Corée","KRX","KRW","15839","100000","XKRX","390110","MIC:XKRX","Volume 15839 < Seuil 100000 (1 cotations testées)"
"419120","SANDOLL INC.","","Corée","KRX","KRW","25914","100000","XKRX","419120","MIC:XKRX","Volume 25914 < Seuil 100000 (1 cotations testées)"
"389650","NEXTBIOMEDICAL CO., LTD.","","Corée","KRX","KRW","35133","100000","XKRX","389650","MIC:XKRX","Volume 35133 < Seuil 100000 (1 cotations testées)"
"387570","FINEMEDIX CO., LTD.","","Corée","KRX","KRW","14123","100000","XKRX","387570","MIC:XKRX","Volume 14123 < Seuil 100000 (1 cotations testées)"
"20000","HANDSOME CO. LTD.","","Corée","KRX","KRW","73595","100000","XKRX","020000","MIC:XKRX","Volume 73595 < Seuil 100000 (1 cotations testées)"
"425420","TFE CO. LTD.","","Corée","KRX","KRW","54203","100000","XKRX","425420","MIC:XKRX","Volume 54203 < Seuil 100000 (1 cotations testées)"
"380550","NEUROPHET INC.","","Corée","KRX","KRW","80546","100000","XKRX","380550","MIC:XKRX","Volume 80546 < Seuil 100000 (1 cotations testées)"
"379390","IHSUNGCNI CO., LTD.","","Corée","KRX","KRW","101","100000","XKRX","379390","MIC:XKRX","Volume 101 < Seuil 100000 (1 cotations testées)"
"3570","SNT DYNAMICS CO., LTD.","","Corée","KRX","KRW","63977","100000","XKRX","003570","MIC:XKRX","Volume 63977 < Seuil 100000 (1 cotations testées)"
"431190","K3I CO., LTD.","","Corée","KRX","KRW","35268","100000","XKRX","431190","MIC:XKRX","Volume 35268 < Seuil 100000 (1 cotations testées)"
"378850","HWASEUNG R&A CO., LTD.","","Corée","KRX","KRW","39000","100000","XKRX","378850","MIC:XKRX","Volume 39000 < Seuil 100000 (1 cotations testées)"
"381970","K CAR CO., LTD.","","Corée","KRX","KRW","81026","100000","XKRX","381970","MIC:XKRX","Volume 81026 < Seuil 100000 (1 cotations testées)"
"383930","DT & CRO CO., LTD.","","Corée","KRX","KRW","34765","100000","XKRX","383930","MIC:XKRX","Volume 34765 < Seuil 100000 (1 cotations testées)"
"424760","BELLOCK INC.","","Corée","KRX","KRW","93876","100000","XKRX","424760","MIC:XKRX","Volume 93876 < Seuil 100000 (1 cotations testées)"
"383220","F&F CO., LTD.","","Corée","KRX","KRW","71937","100000","XKRX","383220","MIC:XKRX","Volume 71937 < Seuil 100000 (1 cotations testées)"
"382900","BUMHAN FUEL CELL CO., LTD.","","Corée","KRX","KRW","71293","100000","XKRX","382900","MIC:XKRX","Volume 71293 < Seuil 100000 (1 cotations testées)"
"382840","ONEJOON CO. LTD.","","Corée","KRX","KRW","49522","100000","XKRX","382840","MIC:XKRX","Volume 49522 < Seuil 100000 (1 cotations testées)"
"382150","ONCOCROSS CO. LTD.","","Corée","KRX","KRW","45338","100000","XKRX","382150","MIC:XKRX","Volume 45338 < Seuil 100000 (1 cotations testées)"
"424980","MICRO2NANO INC.","","Corée","KRX","KRW","22343","100000","XKRX","424980","MIC:XKRX","Volume 22343 < Seuil 100000 (1 cotations testées)"
"420570","J2KBIO CO., LTD.","","Corée","KRX","KRW","40602","100000","XKRX","420570","MIC:XKRX","Volume 40602 < Seuil 100000 (1 cotations testées)"
"3650","MI CHANG OIL INDUSTRIAL CO.","","Corée","KRX","KRW","4635","100000","XKRX","003650","MIC:XKRX","Volume 4635 < Seuil 100000 (1 cotations testées)"
"413390","MOT CO., LTD.","","Corée","KRX","KRW","34114","100000","XKRX","413390","MIC:XKRX","Volume 34114 < Seuil 100000 (1 cotations testées)"
"3030","SEAH STEEL HOLDINGS CORPORATION","","Corée","KRX","KRW","49453","100000","XKRX","003030","MIC:XKRX","Volume 49453 < Seuil 100000 (1 cotations testées)"
"408920","MESSE ESANG CO. LTD.","","Corée","KRX","KRW","25176","100000","XKRX","408920","MIC:XKRX","Volume 25176 < Seuil 100000 (1 cotations testées)"
"3350","HANKOOK COSMETICS MANUFACTURING CO., LTD.","","Corée","KRX","KRW","95930","100000","XKRX","003350","MIC:XKRX","Volume 95930 < Seuil 100000 (1 cotations testées)"
"408900","STUDIO MIR CO., LTD","","Corée","KRX","KRW","88854","100000","XKRX","408900","MIC:XKRX","Volume 88854 < Seuil 100000 (1 cotations testées)"
"415380","STUDIO SAMICK CO., LTD.","","Corée","KRX","KRW","45523","100000","XKRX","415380","MIC:XKRX","Volume 45523 < Seuil 100000 (1 cotations testées)"
"415640","KB BALHAE INFRASTRUCTURE FUND","","Corée","KRX","KRW","93119","100000","XKRX","415640","MIC:XKRX","Volume 93119 < Seuil 100000 (1 cotations testées)"
"3460","YUHWA SECURITIES CO., LTD.","","Corée","KRX","KRW","93713","100000","XKRX","003460","MIC:XKRX","Volume 93713 < Seuil 100000 (1 cotations testées)"
"405920","NARA CELLAR CO., LTD.","","Corée","KRX","KRW","9176","100000","XKRX","405920","MIC:XKRX","Volume 9176 < Seuil 100000 (1 cotations testées)"
"408470","HANPASS CO., LTD.","","Corée","KRX","KRW","58558","100000","XKRX","408470","MIC:XKRX","Volume 58558 < Seuil 100000 (1 cotations testées)"
"413300","TL ENGINEERING CO., LTD.","","Corée","KRX","KRW","228","100000","XKRX","413300","MIC:XKRX","Volume 228 < Seuil 100000 (1 cotations testées)"
"411080","SANDS LAB INC.","","Corée","KRX","KRW","54188","100000","XKRX","411080","MIC:XKRX","Volume 54188 < Seuil 100000 (1 cotations testées)"
"3220","DAEWON PHARMACEUTICAL CO., LTD.","","Corée","KRX","KRW","31961","100000","XKRX","003220","MIC:XKRX","Volume 31961 < Seuil 100000 (1 cotations testées)"
"3200","ILSHIN SPINNING CO., LTD.","","Corée","KRX","KRW","53246","100000","XKRX","003200","MIC:XKRX","Volume 53246 < Seuil 100000 (1 cotations testées)"
"3240","TAEKWANG INDUSTRIAL CO., LTD.","","Corée","KRX","KRW","3238","100000","XKRX","003240","MIC:XKRX","Volume 3238 < Seuil 100000 (1 cotations testées)"
"3120","ILSUNG CO. LTD.","","Corée","KRX","KRW","28430","100000","XKRX","003120","MIC:XKRX","Volume 28430 < Seuil 100000 (1 cotations testées)"
"3100","SUN KWANG CO., LTD.","","Corée","KRX","KRW","80899","100000","XKRX","003100","MIC:XKRX","Volume 80899 < Seuil 100000 (1 cotations testées)"
"412540","JEIL M&S CO., LTD.","","Corée","KRX","KRW","0","100000","XKRX","412540","MIC:XKRX","Volume 0 < Seuil 100000 (1 cotations testées)"
"0030R0","DAISHIN VALUE REIT CO., LTD.","","Corée","KRX","KRW","89581","100000","XKRX","0030R0","MIC:XKRX","Volume 89581 < Seuil 100000 (1 cotations testées)"
"3090","DAEWOONG CO., LTD.","","Corée","KRX","KRW","65626","100000","XKRX","003090","MIC:XKRX","Volume 65626 < Seuil 100000 (1 cotations testées)"
"3080","SUNG BO CHEMICALS CO., LTD.","","Corée","KRX","KRW","52969","100000","XKRX","003080","MIC:XKRX","Volume 52969 < Seuil 100000 (1 cotations testées)"
"3070","KOLON GLOBAL CORP.","","Corée","KRX","KRW","22762","100000","XKRX","003070","MIC:XKRX","Volume 22762 < Seuil 100000 (1 cotations testées)"
"3060","APROGEN BIOLOGICS INC.","","Corée","KRX","KRW","77268","100000","XKRX","003060","MIC:XKRX","Volume 77268 < Seuil 100000 (1 cotations testées)"
"3300","HANIL HOLDINGS CO., LTD.","","Corée","KRX","KRW","35723","100000","XKRX","003300","MIC:XKRX","Volume 35723 < Seuil 100000 (1 cotations testées)"
"405100","QRT INC.","","Corée","KRX","KRW","46430","100000","XKRX","405100","MIC:XKRX","Volume 46430 < Seuil 100000 (1 cotations testées)"
"404990","SHINHAN SEOBU T&D REIT CO. LTD.","","Corée","KRX","KRW","55444","100000","XKRX","404990","MIC:XKRX","Volume 55444 < Seuil 100000 (1 cotations testées)"
"398120","SG HEALTHCARE CO., LTD.","","Corée","KRX","KRW","58726","100000","XKRX","398120","MIC:XKRX","Volume 58726 < Seuil 100000 (1 cotations testées)"
"397810","ADFORUS CO., LTD.","","Corée","KRX","KRW","10406","100000","XKRX","397810","MIC:XKRX","Volume 10406 < Seuil 100000 (1 cotations testées)"
"417790","TRUEN CO., LTD.","","Corée","KRX","KRW","12860","100000","XKRX","417790","MIC:XKRX","Volume 12860 < Seuil 100000 (1 cotations testées)"
"417970","MODEL SOLUTION CO., LTD.","","Corée","KRX","KRW","22029","100000","XKRX","417970","MIC:XKRX","Volume 22029 < Seuil 100000 (1 cotations testées)"
"418250","SECULETTER CO., LTD.","","Corée","KRX","KRW","0","100000","XKRX","418250","MIC:XKRX","Volume 0 < Seuil 100000 (1 cotations testées)"
"396690","MIRAE ASSET GLOBAL REIT CO., LTD.","","Corée","KRX","KRW","57083","100000","XKRX","396690","MIC:XKRX","Volume 57083 < Seuil 100000 (1 cotations testées)"
"3010","HAE IN CORPORATION","","Corée","KRX","KRW","62803","100000","XKRX","003010","MIC:XKRX","Volume 62803 < Seuil 100000 (1 cotations testées)"
"417180","FINGER STORY CO., LTD.","","Corée","KRX","KRW","36808","100000","XKRX","417180","MIC:XKRX","Volume 36808 < Seuil 100000 (1 cotations testées)"
"403550","SOCAR INC.","","Corée","KRX","KRW","34753","100000","XKRX","403550","MIC:XKRX","Volume 34753 < Seuil 100000 (1 cotations testées)"
"403360","YESPEECH CO., LTD.","","Corée","KRX","KRW","808","100000","XKRX","403360","MIC:XKRX","Volume 808 < Seuil 100000 (1 cotations testées)"
"402420","CALTH, INC.","","Corée","KRX","KRW","34","100000","XKRX","402420","MIC:XKRX","Volume 34 < Seuil 100000 (1 cotations testées)"
"3480","HANJIN HEAVY INDUSTRIES & CONSTRUCTION HOLDINGS CO., LTD.","","Corée","KRX","KRW","53415","100000","XKRX","003480","MIC:XKRX","Volume 53415 < Seuil 100000 (1 cotations testées)"
"400760","NH ALL-ONE REIT CO., LTD.","","Corée","KRX","KRW","79484","100000","XKRX","400760","MIC:XKRX","Volume 79484 < Seuil 100000 (1 cotations testées)"
"20120","KIDARISTUDIO INC.","","Corée","KRX","KRW","81186","100000","XKRX","020120","MIC:XKRX","Volume 81186 < Seuil 100000 (1 cotations testées)"
"377460","WINIA AID CO., LTD.","","Corée","KRX","KRW","0","100000","XKRX","377460","MIC:XKRX","Volume 0 < Seuil 100000 (1 cotations testées)"
"448730","SAMSUNG F&M REIT CO., LTD.","","Corée","KRX","KRW","46119","100000","XKRX","448730","MIC:XKRX","Volume 46119 < Seuil 100000 (1 cotations testées)"
"448780","MICRO-NX CO., LTD.","","Corée","KRX","KRW","16","100000","XKRX","448780","MIC:XKRX","Volume 16 < Seuil 100000 (1 cotations testées)"
"360350","COXEM CO., LTD.","","Corée","KRX","KRW","22736","100000","XKRX","360350","MIC:XKRX","Volume 22736 < Seuil 100000 (1 cotations testées)"
"447690","AIOBIO CO., LTD.","","Corée","KRX","KRW","91","100000","XKRX","447690","MIC:XKRX","Volume 91 < Seuil 100000 (1 cotations testées)"
"360070","TOP MATERIAL CO. LTD.","","Corée","KRX","KRW","68022","100000","XKRX","360070","MIC:XKRX","Volume 68022 < Seuil 100000 (1 cotations testées)"
"450330","HASS CORP.","","Corée","KRX","KRW","4476","100000","XKRX","450330","MIC:XKRX","Volume 4476 < Seuil 100000 (1 cotations testées)"
"450950","ASTERASYS CO. LTD.","","Corée","KRX","KRW","64033","100000","XKRX","450950","MIC:XKRX","Volume 64033 < Seuil 100000 (1 cotations testées)"
"4080","SHINHUNG CO., LTD.","","Corée","KRX","KRW","1434","100000","XKRX","004080","MIC:XKRX","Volume 1434 < Seuil 100000 (1 cotations testées)"
"19990","ENERTORK LTD.","","Corée","KRX","KRW","35720","100000","XKRX","019990","MIC:XKRX","Volume 35720 < Seuil 100000 (1 cotations testées)"
"361390","GENOHCO INC.","","Corée","KRX","KRW","36607","100000","XKRX","361390","MIC:XKRX","Volume 36607 < Seuil 100000 (1 cotations testées)"
"363260","MOBIDAYS INC.","","Corée","KRX","KRW","51847","100000","XKRX","363260","MIC:XKRX","Volume 51847 < Seuil 100000 (1 cotations testées)"
"363250","GENESYSTEM CO., LTD.","","Corée","KRX","KRW","52813","100000","XKRX","363250","MIC:XKRX","Volume 52813 < Seuil 100000 (1 cotations testées)"
"362990","DREAMINSIGHT CO., LTD.","","Corée","KRX","KRW","25933","100000","XKRX","362990","MIC:XKRX","Volume 25933 < Seuil 100000 (1 cotations testées)"
"4000","LOTTE FINE CHEMICAL CO. LTD.","","Corée","KRX","KRW","78012","100000","XKRX","004000","MIC:XKRX","Volume 78012 < Seuil 100000 (1 cotations testées)"
"361670","SAMYOUNG S&C CO. LTD.","","Corée","KRX","KRW","11294","100000","XKRX","361670","MIC:XKRX","Volume 11294 < Seuil 100000 (1 cotations testées)"
"361570","RBW INC.","","Corée","KRX","KRW","20316","100000","XKRX","361570","MIC:XKRX","Volume 20316 < Seuil 100000 (1 cotations testées)"
"4700","CHOKWONG LEATHER CO., LTD.","","Corée","KRX","KRW","1705","100000","XKRX","004700","MIC:XKRX","Volume 1705 < Seuil 100000 (1 cotations testées)"
"446070","UNIDBTPLUS CO., LTD.","","Corée","KRX","KRW","59503","100000","XKRX","446070","MIC:XKRX","Volume 59503 < Seuil 100000 (1 cotations testées)"
"451250","BBIA CO.","","Corée","KRX","KRW","25034","100000","XKRX","451250","MIC:XKRX","Volume 25034 < Seuil 100000 (1 cotations testées)"
"363280","TY HOLDINGS CO. LTD.","","Corée","KRX","KRW","34481","100000","XKRX","363280","MIC:XKRX","Volume 34481 < Seuil 100000 (1 cotations testées)"
"357230","H.PIO CO. LTD.","","Corée","KRX","KRW","29144","100000","XKRX","357230","MIC:XKRX","Volume 29144 < Seuil 100000 (1 cotations testées)"
"357120","KORAMCO LIFE INFRASTRUCTURE REIT CO. LTD.","","Corée","KRX","KRW","89537","100000","XKRX","357120","MIC:XKRX","Volume 89537 < Seuil 100000 (1 cotations testées)"
"455180","KGA CO. LTD.","","Corée","KRX","KRW","74826","100000","XKRX","455180","MIC:XKRX","Volume 74826 < Seuil 100000 (1 cotations testées)"
"356890","CYBERONE CO., LTD.","","Corée","KRX","KRW","33951","100000","XKRX","356890","MIC:XKRX","Volume 33951 < Seuil 100000 (1 cotations testées)"
"357250","MIRAE ASSET MAPS REIT 1 CO., LTD.","","Corée","KRX","KRW","39929","100000","XKRX","357250","MIC:XKRX","Volume 39929 < Seuil 100000 (1 cotations testées)"
"456040","OCI CO., LTD.","","Corée","KRX","KRW","92384","100000","XKRX","456040","MIC:XKRX","Volume 92384 < Seuil 100000 (1 cotations testées)"
"456070","ENCELL CO., LTD.","","Corée","KRX","KRW","53455","100000","XKRX","456070","MIC:XKRX","Volume 53455 < Seuil 100000 (1 cotations testées)"
"357430","MASTERN PREMIER REIT 1","","Corée","KRX","KRW","43504","100000","XKRX","357430","MIC:XKRX","Volume 43504 < Seuil 100000 (1 cotations testées)"
"357550","SUKGYUNG AT CO., LTD.","","Corée","KRX","KRW","8077","100000","XKRX","357550","MIC:XKRX","Volume 8077 < Seuil 100000 (1 cotations testées)"
"357580","AMOSENSE CO., LTD.","","Corée","KRX","KRW","63669","100000","XKRX","357580","MIC:XKRX","Volume 63669 < Seuil 100000 (1 cotations testées)"
"359090","C&R RESEARCH INC.","","Corée","KRX","KRW","13538","100000","XKRX","359090","MIC:XKRX","Volume 13538 < Seuil 100000 (1 cotations testées)"
"452400","INICS CORP","","Corée","KRX","KRW","37823","100000","XKRX","452400","MIC:XKRX","Volume 37823 < Seuil 100000 (1 cotations testées)"
"452430","SAPIEN SEMICONDUCTOR INC.","","Corée","KRX","KRW","31086","100000","XKRX","452430","MIC:XKRX","Volume 31086 < Seuil 100000 (1 cotations testées)"
"453340","HYUNDAI GREEN FOOD CO., LTD.","","Corée","KRX","KRW","34659","100000","XKRX","453340","MIC:XKRX","Volume 34659 < Seuil 100000 (1 cotations testées)"
"453450","GRIDWIZ CO., LTD.","","Corée","KRX","KRW","88896","100000","XKRX","453450","MIC:XKRX","Volume 88896 < Seuil 100000 (1 cotations testées)"
"364950","AI KOREA CO., LTD.","","Corée","KRX","KRW","22108","100000","XKRX","364950","MIC:XKRX","Volume 22108 < Seuil 100000 (1 cotations testées)"
"373160","DAY1 CO INC","","Corée","KRX","KRW","5003","100000","XKRX","373160","MIC:XKRX","Volume 5003 < Seuil 100000 (1 cotations testées)"
"373110","XCELL THERAPEUTICS INC.","","Corée","KRX","KRW","48290","100000","XKRX","373110","MIC:XKRX","Volume 48290 < Seuil 100000 (1 cotations testées)"
"372800","ITEYES INC.","","Corée","KRX","KRW","26011","100000","XKRX","372800","MIC:XKRX","Volume 26011 < Seuil 100000 (1 cotations testées)"
"432430","YLAB CORP.","","Corée","KRX","KRW","17930","100000","XKRX","432430","MIC:XKRX","Volume 17930 < Seuil 100000 (1 cotations testées)"
"372170","YUNSUNG F&C CO., LTD.","","Corée","KRX","KRW","49041","100000","XKRX","372170","MIC:XKRX","Volume 49041 < Seuil 100000 (1 cotations testées)"
"9970","YOUNGONE HOLDINGS CO., LTD.","","Corée","KRX","KRW","14744","100000","XKRX","009970","MIC:XKRX","Volume 14744 < Seuil 100000 (1 cotations testées)"
"432980","MFC CO LTD.","","Corée","KRX","KRW","8347","100000","XKRX","432980","MIC:XKRX","Volume 8347 < Seuil 100000 (1 cotations testées)"
"434190","TALOS CO. LTD.","","Corée","KRX","KRW","249","100000","XKRX","434190","MIC:XKRX","Volume 249 < Seuil 100000 (1 cotations testées)"
"371950","POONGWON PRECISION CO., LTD.","","Corée","KRX","KRW","23345","100000","XKRX","371950","MIC:XKRX","Volume 23345 < Seuil 100000 (1 cotations testées)"
"377330","EGTRONICS CO., LTD.","","Corée","KRX","KRW","5528","100000","XKRX","377330","MIC:XKRX","Volume 5528 < Seuil 100000 (1 cotations testées)"
"377220","FROM BIO CO., LTD.","","Corée","KRX","KRW","91941","100000","XKRX","377220","MIC:XKRX","Volume 91941 < Seuil 100000 (1 cotations testées)"
"377030","MAXST CO., LTD.","","Corée","KRX","KRW","22256","100000","XKRX","377030","MIC:XKRX","Volume 22256 < Seuil 100000 (1 cotations testées)"
"376980","WANTEDLAB INC.","","Corée","KRX","KRW","43188","100000","XKRX","376980","MIC:XKRX","Volume 43188 < Seuil 100000 (1 cotations testées)"
"376290","CU TECH CORP","","Corée","KRX","KRW","12643","100000","XKRX","376290","MIC:XKRX","Volume 12643 < Seuil 100000 (1 cotations testées)"
"376270","HEM PHARMA INC.","","Corée","KRX","KRW","15521","100000","XKRX","376270","MIC:XKRX","Volume 15521 < Seuil 100000 (1 cotations testées)"
"434480","MONITORAPP CO., LTD.","","Corée","KRX","KRW","56452","100000","XKRX","434480","MIC:XKRX","Volume 56452 < Seuil 100000 (1 cotations testées)"
"435570","ERCOHS AGRICULTURAL CORPORATION CO.","","Corée","KRX","KRW","44430","100000","XKRX","435570","MIC:XKRX","Volume 44430 < Seuil 100000 (1 cotations testées)"
"3830","DAEHAN SYNTHETIC FIBER CO., LTD.","","Corée","KRX","KRW","159","100000","XKRX","003830","MIC:XKRX","Volume 159 < Seuil 100000 (1 cotations testées)"
"2960","HANKOOK SHELL OIL CO., LTD.","","Corée","KRX","KRW","2297","100000","XKRX","002960","MIC:XKRX","Volume 2297 < Seuil 100000 (1 cotations testées)"
"366030","09WOMEN CO. LTD.","","Corée","KRX","KRW","90155","100000","XKRX","366030","MIC:XKRX","Volume 90155 < Seuil 100000 (1 cotations testées)"
"365900","VC INC.","","Corée","KRX","KRW","10238","100000","XKRX","365900","MIC:XKRX","Volume 10238 < Seuil 100000 (1 cotations testées)"
"365340","SUNGEEL HITECH CO., LTD.","","Corée","KRX","KRW","48505","100000","XKRX","365340","MIC:XKRX","Volume 48505 < Seuil 100000 (1 cotations testées)"
"444530","SPLATFORM CO. LTD.","","Corée","KRX","KRW","20114","100000","XKRX","444530","MIC:XKRX","Volume 20114 < Seuil 100000 (1 cotations testées)"
"3920","NAMYANG DAIRY PRODUCTS CO., LTD.","","Corée","KRX","KRW","5422","100000","XKRX","003920","MIC:XKRX","Volume 5422 < Seuil 100000 (1 cotations testées)"
"3960","SAJODAERIM CORPORATION","","Corée","KRX","KRW","7613","100000","XKRX","003960","MIC:XKRX","Volume 7613 < Seuil 100000 (1 cotations testées)"
"3800","ACE BED CO., LTD.","","Corée","KRX","KRW","3690","100000","XKRX","003800","MIC:XKRX","Volume 3690 < Seuil 100000 (1 cotations testées)"
"367000","PLATEER CO., LTD.","","Corée","KRX","KRW","10480","100000","XKRX","367000","MIC:XKRX","Volume 10480 < Seuil 100000 (1 cotations testées)"
"438700","VIRNECT CO., LTD.","","Corée","KRX","KRW","29971","100000","XKRX","438700","MIC:XKRX","Volume 29971 < Seuil 100000 (1 cotations testées)"
"370090","FURONTEER CO., LTD.","","Corée","KRX","KRW","31261","100000","XKRX","370090","MIC:XKRX","Volume 31261 < Seuil 100000 (1 cotations testées)"
"440320","OPENKNOW CO., LTD.","","Corée","KRX","KRW","27576","100000","XKRX","440320","MIC:XKRX","Volume 27576 < Seuil 100000 (1 cotations testées)"
"369370","BLITZWAY STUDIOS CO., LTD.","","Corée","KRX","KRW","13124","100000","XKRX","369370","MIC:XKRX","Volume 13124 < Seuil 100000 (1 cotations testées)"
"368970","OSP CO. LTD.","","Corée","KRX","KRW","52409","100000","XKRX","368970","MIC:XKRX","Volume 52409 < Seuil 100000 (1 cotations testées)"
"12630","HDC HOLDINGS CO. LTD.","","Corée","KRX","KRW","74442","100000","XKRX","012630","MIC:XKRX","Volume 74442 < Seuil 100000 (1 cotations testées)"
"4970","SILLA CO., LTD.","","Corée","KRX","KRW","20746","100000","XKRX","004970","MIC:XKRX","Volume 20746 < Seuil 100000 (1 cotations testées)"
"4960","HANSHIN CONSTRUCTION CO., LTD.","","Corée","KRX","KRW","43956","100000","XKRX","004960","MIC:XKRX","Volume 43956 < Seuil 100000 (1 cotations testées)"
"11150","CJ SEAFOOD CORPORATION","","Corée","KRX","KRW","65138","100000","XKRX","011150","MIC:XKRX","Volume 65138 < Seuil 100000 (1 cotations testées)"
"5710","DAEWON SAN UP CO., LTD.","","Corée","KRX","KRW","13496","100000","XKRX","005710","MIC:XKRX","Volume 13496 < Seuil 100000 (1 cotations testées)"
"17040","KWANG MYUNG ELECTRIC CO., LTD.","","Corée","KRX","KRW","0","100000","XKRX","017040","MIC:XKRX","Volume 0 < Seuil 100000 (1 cotations testées)"
"7370","JIN YANG PHARMACEUTICAL CO., LTD.","","Corée","KRX","KRW","11635","100000","XKRX","007370","MIC:XKRX","Volume 11635 < Seuil 100000 (1 cotations testées)"
"7330","PUREUN MUTUAL SAVINGS BANK","","Corée","KRX","KRW","10841","100000","XKRX","007330","MIC:XKRX","Volume 10841 < Seuil 100000 (1 cotations testées)"
"12620","WONIL SPECIAL STEEL CO., LTD.","","Corée","KRX","KRW","4012","100000","XKRX","012620","MIC:XKRX","Volume 4012 < Seuil 100000 (1 cotations testées)"
"5720","NEXEN CORPORATION","","Corée","KRX","KRW","67077","100000","XKRX","005720","MIC:XKRX","Volume 67077 < Seuil 100000 (1 cotations testées)"
"306200","SEAH STEEL CORPORATION","","Corée","KRX","KRW","8265","100000","XKRX","306200","MIC:XKRX","Volume 8265 < Seuil 100000 (1 cotations testées)"
"9300","SAM-A PHARMACEUTICAL CO., LTD.","","Corée","KRX","KRW","3137","100000","XKRX","009300","MIC:XKRX","Volume 3137 < Seuil 100000 (1 cotations testées)"
"12510","DOUZONE BIZON CO., LTD.","","Corée","KRX","KRW","0","100000","XKRX","012510","MIC:XKRX","Volume 0 < Seuil 100000 (1 cotations testées)"
"9310","CHARM ENGINEERING CO., LTD.","","Corée","KRX","KRW","0","100000","XKRX","009310","MIC:XKRX","Volume 0 < Seuil 100000 (1 cotations testées)"
"7310","OTTOGI CORPORATION","","Corée","KRX","KRW","6688","100000","XKRX","007310","MIC:XKRX","Volume 6688 < Seuil 100000 (1 cotations testées)"
"20760","ILJIN DISPLAY CO., LTD.","","Corée","KRX","KRW","0","100000","XKRX","020760","MIC:XKRX","Volume 0 < Seuil 100000 (1 cotations testées)"
"6840","AK HOLDINGS INC.","","Corée","KRX","KRW","16703","100000","XKRX","006840","MIC:XKRX","Volume 16703 < Seuil 100000 (1 cotations testées)"
"15890","TAE KYUNG INDUSTRIAL CO., LTD.","","Corée","KRX","KRW","56475","100000","XKRX","015890","MIC:XKRX","Volume 56475 < Seuil 100000 (1 cotations testées)"
"9440","KC GREEN HOLDINGS CO., LTD.","","Corée","KRX","KRW","0","100000","XKRX","009440","MIC:XKRX","Volume 0 < Seuil 100000 (1 cotations testées)"
"2600","CHOHEUNG CORPORATION","","Corée","KRX","KRW","18","100000","XKRX","002600","MIC:XKRX","Volume 18 < Seuil 100000 (1 cotations testées)"
"9580","MOORIM P&P CO., LTD.","","Corée","KRX","KRW","80564","100000","XKRX","009580","MIC:XKRX","Volume 80564 < Seuil 100000 (1 cotations testées)"
"11280","TAILIM PACKAGING CO., LTD.","","Corée","KRX","KRW","81534","100000","XKRX","011280","MIC:XKRX","Volume 81534 < Seuil 100000 (1 cotations testées)"
"9680","MOTONIC CORP","","Corée","KRX","KRW","18960","100000","XKRX","009680","MIC:XKRX","Volume 18960 < Seuil 100000 (1 cotations testées)"
"5670","FOODWELL CORP.","","Corée","KRX","KRW","18001","100000","XKRX","005670","MIC:XKRX","Volume 18001 < Seuil 100000 (1 cotations testées)"
"11000","GENEONE LIFE SCIENCE INC.","","Corée","KRX","KRW","0","100000","XKRX","011000","MIC:XKRX","Volume 0 < Seuil 100000 (1 cotations testées)"
"8420","MOONBAE STEEL CO. LTD.","","Corée","KRX","KRW","45229","100000","XKRX","008420","MIC:XKRX","Volume 45229 < Seuil 100000 (1 cotations testées)"
"9450","KYUNG DONG NAVIEN CO., LTD.","","Corée","KRX","KRW","30380","100000","XKRX","009450","MIC:XKRX","Volume 30380 < Seuil 100000 (1 cotations testées)"
"4910","CHOKWANG PAINT LTD.","","Corée","KRX","KRW","16353","100000","XKRX","004910","MIC:XKRX","Volume 16353 < Seuil 100000 (1 cotations testées)"
"7460","APROGE INC.","","Corée","KRX","KRW","99682","100000","XKRX","007460","MIC:XKRX","Volume 99682 < Seuil 100000 (1 cotations testées)"
"7530","YM CO. LTD.","","Corée","KRX","KRW","31972","100000","XKRX","007530","MIC:XKRX","Volume 31972 < Seuil 100000 (1 cotations testées)"
"7540","SEMPIO CO., LTD.","","Corée","KRX","KRW","7807","100000","XKRX","007540","MIC:XKRX","Volume 7807 < Seuil 100000 (1 cotations testées)"
"7570","ILYANG PHARMACEUTICAL CO., LTD.","","Corée","KRX","KRW","24491","100000","XKRX","007570","MIC:XKRX","Volume 24491 < Seuil 100000 (1 cotations testées)"
"5680","SAM YOUNG ELECTRONICS CO., LTD.","","Corée","KRX","KRW","47829","100000","XKRX","005680","MIC:XKRX","Volume 47829 < Seuil 100000 (1 cotations testées)"
"302920","CONTENTS ON/THE INC.","","Corée","KRX","KRW","501","100000","XKRX","302920","MIC:XKRX","Volume 501 < Seuil 100000 (1 cotations testées)"
"9460","HANCHANG PAPER CO., LTD.","","Corée","KRX","KRW","43062","100000","XKRX","009460","MIC:XKRX","Volume 43062 < Seuil 100000 (1 cotations testées)"
"9470","SAMWHA ELECTRIC CO., LTD.","","Corée","KRX","KRW","52916","100000","XKRX","009470","MIC:XKRX","Volume 52916 < Seuil 100000 (1 cotations testées)"
"4590","KOREA FURNITURE CO. LTD.","","Corée","KRX","KRW","46395","100000","XKRX","004590","MIC:XKRX","Volume 46395 < Seuil 100000 (1 cotations testées)"
"11040","KYUNGDONG PHARM CO., LTD.","","Corée","KRX","KRW","20854","100000","XKRX","011040","MIC:XKRX","Volume 20854 < Seuil 100000 (1 cotations testées)"
"7590","DONGBANG AGRO CORP.","","Corée","KRX","KRW","20783","100000","XKRX","007590","MIC:XKRX","Volume 20783 < Seuil 100000 (1 cotations testées)"
"9770","SAM JUNG PULP CO., LTD.","","Corée","KRX","KRW","4658","100000","XKRX","009770","MIC:XKRX","Volume 4658 < Seuil 100000 (1 cotations testées)"
"16450","HANSA YES24 HOLDINGS CO., LTD.","","Corée","KRX","KRW","15495","100000","XKRX","016450","MIC:XKRX","Volume 15495 < Seuil 100000 (1 cotations testées)"
"5810","POONGSAN HOLDINGS CORPORATION","","Corée","KRX","KRW","39690","100000","XKRX","005810","MIC:XKRX","Volume 39690 < Seuil 100000 (1 cotations testées)"
"4690","SAMCHULLY CO. LTD.","","Corée","KRX","KRW","9706","100000","XKRX","004690","MIC:XKRX","Volume 9706 < Seuil 100000 (1 cotations testées)"
"8830","DAEDONG GEAR CO., LTD.","","Corée","KRX","KRW","73033","100000","XKRX","008830","MIC:XKRX","Volume 73033 < Seuil 100000 (1 cotations testées)"
"6980","WOOSUNG CO., LTD.","","Corée","KRX","KRW","1320","100000","XKRX","006980","MIC:XKRX","Volume 1320 < Seuil 100000 (1 cotations testées)"
"8500","IL JEONG INDUSTRIAL CO. LTD.","","Corée","KRX","KRW","0","100000","XKRX","008500","MIC:XKRX","Volume 0 < Seuil 100000 (1 cotations testées)"
"5180","BINGGRAE CO., LTD.","","Corée","KRX","KRW","21286","100000","XKRX","005180","MIC:XKRX","Volume 21286 < Seuil 100000 (1 cotations testées)"
"302550","REMED CO., LTD.","","Corée","KRX","KRW","98886","100000","XKRX","302550","MIC:XKRX","Volume 98886 < Seuil 100000 (1 cotations testées)"
"8870","KUM BI CORP.","","Corée","KRX","KRW","635","100000","XKRX","008870","MIC:XKRX","Volume 635 < Seuil 100000 (1 cotations testées)"
"0120G0","SAMYANG BIOPHARMACEUTICALS CORPORATION","","Corée","KRX","KRW","83069","100000","XKRX","0120G0","MIC:XKRX","Volume 83069 < Seuil 100000 (1 cotations testées)"
"6890","TAEKYUNG CHEMICAL CO., LTD.","","Corée","KRX","KRW","71563","100000","XKRX","006890","MIC:XKRX","Volume 71563 < Seuil 100000 (1 cotations testées)"
"6880","SINGSONG HOLDINGS CO., LTD.","","Corée","KRX","KRW","78107","100000","XKRX","006880","MIC:XKRX","Volume 78107 < Seuil 100000 (1 cotations testées)"
"5990","MAEIL HOLDINGS CO., LTD.","","Corée","KRX","KRW","2654","100000","XKRX","005990","MIC:XKRX","Volume 2654 < Seuil 100000 (1 cotations testées)"
"12210","SAMMI METAL PRODUCTS CO., LTD.","","Corée","KRX","KRW","59804","100000","XKRX","012210","MIC:XKRX","Volume 59804 < Seuil 100000 (1 cotations testées)"
"5850","SL CORPORATION","","Corée","KRX","KRW","82016","100000","XKRX","005850","MIC:XKRX","Volume 82016 < Seuil 100000 (1 cotations testées)"
"16800","FURSYS INC.","","Corée","KRX","KRW","1476","100000","XKRX","016800","MIC:XKRX","Volume 1476 < Seuil 100000 (1 cotations testées)"
"16790","HYUNDAI FEED INC.","","Corée","KRX","KRW","0","100000","XKRX","016790","MIC:XKRX","Volume 0 < Seuil 100000 (1 cotations testées)"
"7120","MIRAE ING CO LTD","","Corée","KRX","KRW","50258","100000","XKRX","007120","MIC:XKRX","Volume 50258 < Seuil 100000 (1 cotations testées)"
"8600","WILLBES & CO., LTD.","","Corée","KRX","KRW","0","100000","XKRX","008600","MIC:XKRX","Volume 0 < Seuil 100000 (1 cotations testées)"
"7160","SAJO INDUSTRIES CO. LTD.","","Corée","KRX","KRW","3437","100000","XKRX","007160","MIC:XKRX","Volume 3437 < Seuil 100000 (1 cotations testées)"
"5820","WONLIM CORPORATION","","Corée","KRX","KRW","1538","100000","XKRX","005820","MIC:XKRX","Volume 1538 < Seuil 100000 (1 cotations testées)"
"4560","HYUNDAI BNG STEEL CO., LTD.","","Corée","KRX","KRW","55770","100000","XKRX","004560","MIC:XKRX","Volume 55770 < Seuil 100000 (1 cotations testées)"
"17940","E1 CORP.","","Corée","KRX","KRW","16068","100000","XKRX","017940","MIC:XKRX","Volume 16068 < Seuil 100000 (1 cotations testées)"
"17810","PULMUONE CO., LTD.","","Corée","KRX","KRW","38934","100000","XKRX","017810","MIC:XKRX","Volume 38934 < Seuil 100000 (1 cotations testées)"
"16250","SGC E&C CO. LTD.","","Corée","KRX","KRW","8115","100000","XKRX","016250","MIC:XKRX","Volume 8115 < Seuil 100000 (1 cotations testées)"
"17890","KOREA ALCOHOL INDUSTRIAL CO., LTD.","","Corée","KRX","KRW","64741","100000","XKRX","017890","MIC:XKRX","Volume 64741 < Seuil 100000 (1 cotations testées)"
"6090","OYANG CORPORATION","","Corée","KRX","KRW","13853","100000","XKRX","006090","MIC:XKRX","Volume 13853 < Seuil 100000 (1 cotations testées)"
"4270","NAMSUNG CORPORATION","","Corée","KRX","KRW","15951","100000","XKRX","004270","MIC:XKRX","Volume 15951 < Seuil 100000 (1 cotations testées)"
"9180","HANSOL LOGISTICS CO., LTD.","","Corée","KRX","KRW","68538","100000","XKRX","009180","MIC:XKRX","Volume 68538 < Seuil 100000 (1 cotations testées)"
"20710","SIGONG TECH CO., LTD.","","Corée","KRX","KRW","73907","100000","XKRX","020710","MIC:XKRX","Volume 73907 < Seuil 100000 (1 cotations testées)"
"900120","CXI HEALTHCARE TECHNOLOGY GROUP, INC.","","Corée","KRX","KRW","97781","100000","XKRX","900120","MIC:XKRX","Volume 97781 < Seuil 100000 (1 cotations testées)"
"16710","DAESUNG HOLDINGS CO., LTD.","","Corée","KRX","KRW","19758","100000","XKRX","016710","MIC:XKRX","Volume 19758 < Seuil 100000 (1 cotations testées)"
"5110","HAN CHANG CORP","","Corée","KRX","KRW","0","100000","XKRX","005110","MIC:XKRX","Volume 0 < Seuil 100000 (1 cotations testées)"
"9200","MOORIM PAPER CO., LTD.","","Corée","KRX","KRW","61682","100000","XKRX","009200","MIC:XKRX","Volume 61682 < Seuil 100000 (1 cotations testées)"
"9240","HANSSEM CO. LTD.","","Corée","KRX","KRW","54736","100000","XKRX","009240","MIC:XKRX","Volume 54736 < Seuil 100000 (1 cotations testées)"
"16100","LEADERS COSMETICS CO. LTD.","","Corée","KRX","KRW","23327","100000","XKRX","016100","MIC:XKRX","Volume 23327 < Seuil 100000 (1 cotations testées)"
"16740","DUAL CO. LTD.","","Corée","KRX","KRW","33250","100000","XKRX","016740","MIC:XKRX","Volume 33250 < Seuil 100000 (1 cotations testées)"
"6060","H.S. INDUSTRIES CO. LTD.","","Corée","KRX","KRW","79101","100000","XKRX","006060","MIC:XKRX","Volume 79101 < Seuil 100000 (1 cotations testées)"
"5800","SHIN YOUNG WACOAL INC.","","Corée","KRX","KRW","4398","100000","XKRX","005800","MIC:XKRX","Volume 4398 < Seuil 100000 (1 cotations testées)"
"5300","LOTTE CHILSUNG BEVERAGE CO. LTD.","","Corée","KRX","KRW","20957","100000","XKRX","005300","MIC:XKRX","Volume 20957 < Seuil 100000 (1 cotations testées)"
"6040","DONGWON INDUSTRIES CO., LTD.","","Corée","KRX","KRW","44038","100000","XKRX","006040","MIC:XKRX","Volume 44038 < Seuil 100000 (1 cotations testées)"
"5320","ONTIDE CO., LTD.","","Corée","KRX","KRW","65546","100000","XKRX","005320","MIC:XKRX","Volume 65546 < Seuil 100000 (1 cotations testées)"
"12320","KYUNGDONG INVEST CO., LTD.","","Corée","KRX","KRW","7063","100000","XKRX","012320","MIC:XKRX","Volume 7063 < Seuil 100000 (1 cotations testées)"
"8470","BOOSTER CO. LTD.","","Corée","KRX","KRW","40682","100000","XKRX","008470","MIC:XKRX","Volume 40682 < Seuil 100000 (1 cotations testées)"
"5960","DONGBU CORPORATION","","Corée","KRX","KRW","67686","100000","XKRX","005960","MIC:XKRX","Volume 67686 < Seuil 100000 (1 cotations testées)"
"5740","CROWNHAITAI HOLDINGS CO., LTD.","","Corée","KRX","KRW","20239","100000","XKRX","005740","MIC:XKRX","Volume 20239 < Seuil 100000 (1 cotations testées)"
"5160","DONGKUK INDUSTRIES CO., LTD.","","Corée","KRX","KRW","58537","100000","XKRX","005160","MIC:XKRX","Volume 58537 < Seuil 100000 (1 cotations testées)"
"9140","KYUNGIN ELECTRONICS CO. LTD.","","Corée","KRX","KRW","5349","100000","XKRX","009140","MIC:XKRX","Volume 5349 < Seuil 100000 (1 cotations testées)"
"8490","SUHEUNG CO., LTD.","","Corée","KRX","KRW","24831","100000","XKRX","008490","MIC:XKRX","Volume 24831 < Seuil 100000 (1 cotations testées)"
"17650","DAELIM PAPER CO., LTD.","","Corée","KRX","KRW","14051","100000","XKRX","017650","MIC:XKRX","Volume 14051 < Seuil 100000 (1 cotations testées)"
"302430","INNOMETRY CO., LTD.","","Corée","KRX","KRW","78374","100000","XKRX","302430","MIC:XKRX","Volume 78374 < Seuil 100000 (1 cotations testées)"
"5610","SPC SAMLIP CO., LTD.","","Corée","KRX","KRW","3428","100000","XKRX","005610","MIC:XKRX","Volume 3428 < Seuil 100000 (1 cotations testées)"
"14790","HALLA CORPORATION","","Corée","KRX","KRW","69152","100000","XKRX","014790","MIC:XKRX","Volume 69152 < Seuil 100000 (1 cotations testées)"
"14710","SAJO SEAFOOD CO., LTD.","","Corée","KRX","KRW","69084","100000","XKRX","014710","MIC:XKRX","Volume 69084 < Seuil 100000 (1 cotations testées)"
"13030","HY-LOK CORPORATION","","Corée","KRX","KRW","45129","100000","XKRX","013030","MIC:XKRX","Volume 45129 < Seuil 100000 (1 cotations testées)"
"17250","INTER-M CO., LTD.","","Corée","KRX","KRW","66603","100000","XKRX","017250","MIC:XKRX","Volume 66603 < Seuil 100000 (1 cotations testées)"
"17390","SEOUL CITY GAS CO., LTD.","","Corée","KRX","KRW","4205","100000","XKRX","017390","MIC:XKRX","Volume 4205 < Seuil 100000 (1 cotations testées)"
"14570","KOREAN DRUG CO. LTD.","","Corée","KRX","KRW","5739","100000","XKRX","014570","MIC:XKRX","Volume 5739 < Seuil 100000 (1 cotations testées)"
"17370","WOOSHIN SYSTEMS CO., LTD.","","Corée","KRX","KRW","27352","100000","XKRX","017370","MIC:XKRX","Volume 27352 < Seuil 100000 (1 cotations testées)"
"900340","WING YIP FOOD HOLDINGS GROUP","","Corée","KRX","KRW","61158","100000","XKRX","900340","MIC:XKRX","Volume 61158 < Seuil 100000 (1 cotations testées)"
"900310","COLORAY INTERNATIONAL INVESTMENTS LTD.","","Corée","KRX","KRW","15653","100000","XKRX","900310","MIC:XKRX","Volume 15653 < Seuil 100000 (1 cotations testées)"
"14440","YOUNGBO CHEMICAL CO., LTD.","","Corée","KRX","KRW","12837","100000","XKRX","014440","MIC:XKRX","Volume 12837 < Seuil 100000 (1 cotations testées)"
"14580","TAEKYUNG BANK CO., LTD.","","Corée","KRX","KRW","92621","100000","XKRX","014580","MIC:XKRX","Volume 92621 < Seuil 100000 (1 cotations testées)"
"14820","DONGWON SYSTEMS CORP.","","Corée","KRX","KRW","75757","100000","XKRX","014820","MIC:XKRX","Volume 75757 < Seuil 100000 (1 cotations testées)"
"6380","CAPRO CORPORATION","","Corée","KRX","KRW","0","100000","XKRX","006380","MIC:XKRX","Volume 0 < Seuil 100000 (1 cotations testées)"
"304360","S BIOMEDICS CO., LTD.","","Corée","KRX","KRW","38411","100000","XKRX","304360","MIC:XKRX","Volume 38411 < Seuil 100000 (1 cotations testées)"
"16590","SHINDAEYANG PAPER CO., LTD.","","Corée","KRX","KRW","26249","100000","XKRX","016590","MIC:XKRX","Volume 26249 < Seuil 100000 (1 cotations testées)"
"4830","DUKSUNG CO. LTD.","","Corée","KRX","KRW","98693","100000","XKRX","004830","MIC:XKRX","Volume 98693 < Seuil 100000 (1 cotations testées)"
"14830","UNID CO., LTD.","","Corée","KRX","KRW","17162","100000","XKRX","014830","MIC:XKRX","Volume 17162 < Seuil 100000 (1 cotations testées)"
"900070","GLOBAL SMALL TECH LTD.","","Corée","KRX","KRW","36349","100000","XKRX","900070","MIC:XKRX","Volume 36349 < Seuil 100000 (1 cotations testées)"
"4440","SAMIL C&S CO., LTD.","","Corée","KRX","KRW","47017","100000","XKRX","004440","MIC:XKRX","Volume 47017 < Seuil 100000 (1 cotations testées)"
"13000","SEWOO GLOBAL CO., LTD.","","Corée","KRX","KRW","99020","100000","XKRX","013000","MIC:XKRX","Volume 99020 < Seuil 100000 (1 cotations testées)"
"0082N0","KANAPH THERAPEUTICS INC.","","Corée","KRX","KRW","65702","100000","XKRX","0082N0","MIC:XKRX","Volume 65702 < Seuil 100000 (1 cotations testées)"
"4450","SAMHWA CROWN & CLOSURE CO., LTD.","","Corée","KRX","KRW","340","100000","XKRX","004450","MIC:XKRX","Volume 340 < Seuil 100000 (1 cotations testées)"
"303530","INNODEP INC.","","Corée","KRX","KRW","26138","100000","XKRX","303530","MIC:XKRX","Volume 26138 < Seuil 100000 (1 cotations testées)"
"14100","MEDIENCE CO., LTD.","","Corée","KRX","KRW","51273","100000","XKRX","014100","MIC:XKRX","Volume 51273 < Seuil 100000 (1 cotations testées)"
"2620","JEIL PHARMA HOLDINGS INC.","","Corée","KRX","KRW","4055","100000","XKRX","002620","MIC:XKRX","Volume 4055 < Seuil 100000 (1 cotations testées)"
"308430","CELLBION CO., LTD.","","Corée","KRX","KRW","49108","100000","XKRX","308430","MIC:XKRX","Volume 49108 < Seuil 100000 (1 cotations testées)"
"14130","HAN EXPRESS CO., LTD.","","Corée","KRX","KRW","74594","100000","XKRX","014130","MIC:XKRX","Volume 74594 < Seuil 100000 (1 cotations testées)"
"13580","KYERYONG CONSTRUCTION INDUSTRIAL CO., LTD.","","Corée","KRX","KRW","88170","100000","XKRX","013580","MIC:XKRX","Volume 88170 < Seuil 100000 (1 cotations testées)"
"13870","GMB KOREA CORP.","","Corée","KRX","KRW","19684","100000","XKRX","013870","MIC:XKRX","Volume 19684 < Seuil 100000 (1 cotations testées)"
"13810","SPECO CO., LTD.","","Corée","KRX","KRW","41257","100000","XKRX","013810","MIC:XKRX","Volume 41257 < Seuil 100000 (1 cotations testées)"
"13720","CBI CO. LTD.","","Corée","KRX","KRW","18289","100000","XKRX","013720","MIC:XKRX","Volume 18289 < Seuil 100000 (1 cotations testées)"
"13890","ZINUS INC.","","Corée","KRX","KRW","25515","100000","XKRX","013890","MIC:XKRX","Volume 25515 < Seuil 100000 (1 cotations testées)"
"7860","SEOYON CO., LTD.","","Corée","KRX","KRW","36922","100000","XKRX","007860","MIC:XKRX","Volume 36922 < Seuil 100000 (1 cotations testées)"
"6200","KEC HOLDINGS CO., LTD.","","Corée","KRX","KRW","33581","100000","XKRX","006200","MIC:XKRX","Volume 33581 < Seuil 100000 (1 cotations testées)"
"303810","DONGKOOK LIFE SCIENCE CO., LTD.","","Corée","KRX","KRW","75133","100000","XKRX","303810","MIC:XKRX","Volume 75133 < Seuil 100000 (1 cotations testées)"
"8250","EAGON INDUSTRIAL LTD.","","Corée","KRX","KRW","25301","100000","XKRX","008250","MIC:XKRX","Volume 25301 < Seuil 100000 (1 cotations testées)"
"16600","Q CAPITAL PARTNERS CO., LTD.","","Corée","KRX","KRW","62185","100000","XKRX","016600","MIC:XKRX","Volume 62185 < Seuil 100000 (1 cotations testées)"
"16610","DB FINANCIAL INVESTMENT CO. LTD.","","Corée","KRX","KRW","93505","100000","XKRX","016610","MIC:XKRX","Volume 93505 < Seuil 100000 (1 cotations testées)"
"7820","SMCORE INC.","","Corée","KRX","KRW","70715","100000","XKRX","007820","MIC:XKRX","Volume 70715 < Seuil 100000 (1 cotations testées)"
"14280","KUMKANG KIND CO., LTD.","","Corée","KRX","KRW","48023","100000","XKRX","014280","MIC:XKRX","Volume 48023 < Seuil 100000 (1 cotations testées)"
"14190","WONIK CUBE CORP.","","Corée","KRX","KRW","73249","100000","XKRX","014190","MIC:XKRX","Volume 73249 < Seuil 100000 (1 cotations testées)"
"900260","ROTHWELL INTERNATIONAL CO. LTD.","","Corée","KRX","KRW","18858","100000","XKRX","900260","MIC:XKRX","Volume 18858 < Seuil 100000 (1 cotations testées)"
"308170","CTR MOBILITY CO. LTD.","","Corée","KRX","KRW","8901","100000","XKRX","308170","MIC:XKRX","Volume 8901 < Seuil 100000 (1 cotations testées)"
"16670","DMOA CO., LTD.","","Corée","KRX","KRW","12773","100000","XKRX","016670","MIC:XKRX","Volume 12773 < Seuil 100000 (1 cotations testées)"
"18120","JINRO DISTILLERS CO., LTD.","","Corée","KRX","KRW","1275","100000","XKRX","018120","MIC:XKRX","Volume 1275 < Seuil 100000 (1 cotations testées)"
"4650","CHANGHAE ETHANOL CO. LTD.","","Corée","KRX","KRW","27408","100000","XKRX","004650","MIC:XKRX","Volume 27408 < Seuil 100000 (1 cotations testées)"
"5250","GREEN CROSS HOLDINGS CORP.","","Corée","KRX","KRW","90060","100000","XKRX","005250","MIC:XKRX","Volume 90060 < Seuil 100000 (1 cotations testées)"
"4490","SEBANG GLOBAL BATTERY CO., LTD.","","Corée","KRX","KRW","34950","100000","XKRX","004490","MIC:XKRX","Volume 34950 < Seuil 100000 (1 cotations testées)"
"11560","SEBO MANUFACTURING ENGINEERS CO. LTD.","","Corée","KRX","KRW","35516","100000","XKRX","011560","MIC:XKRX","Volume 35516 < Seuil 100000 (1 cotations testées)"
"4840","DRB HOLDING CO. LTD.","","Corée","KRX","KRW","17986","100000","XKRX","004840","MIC:XKRX","Volume 17986 < Seuil 100000 (1 cotations testées)"
"4890","DONGIL INDUSTRIES CO., LTD.","","Corée","KRX","KRW","1049","100000","XKRX","004890","MIC:XKRX","Volume 1049 < Seuil 100000 (1 cotations testées)"
"7700","F&F HOLDINGS CO., LTD.","","Corée","KRX","KRW","34189","100000","XKRX","007700","MIC:XKRX","Volume 34189 < Seuil 100000 (1 cotations testées)"
"12790","SINIL PHARM CO., LTD.","","Corée","KRX","KRW","30364","100000","XKRX","012790","MIC:XKRX","Volume 30364 < Seuil 100000 (1 cotations testées)"
"5430","KOREA AIRPORT SERVICE CO., LTD.","","Corée","KRX","KRW","39818","100000","XKRX","005430","MIC:XKRX","Volume 39818 < Seuil 100000 (1 cotations testées)"
"6120","SK DISCOVERY CO., LTD.","","Corée","KRX","KRW","30124","100000","XKRX","006120","MIC:XKRX","Volume 30124 < Seuil 100000 (1 cotations testées)"
"15360","YESCO HOLDINGS CO., LTD.","","Corée","KRX","KRW","40530","100000","XKRX","015360","MIC:XKRX","Volume 40530 < Seuil 100000 (1 cotations testées)"
"5500","SAMJIN PHARMACEUTICAL CO., LTD.","","Corée","KRX","KRW","71111","100000","XKRX","005500","MIC:XKRX","Volume 71111 < Seuil 100000 (1 cotations testées)"
"307280","WONBIOGEN CO., LTD.","","Corée","KRX","KRW","31169","100000","XKRX","307280","MIC:XKRX","Volume 31169 < Seuil 100000 (1 cotations testées)"
"4360","SEBANG CO., LTD.","","Corée","KRX","KRW","25881","100000","XKRX","004360","MIC:XKRX","Volume 25881 < Seuil 100000 (1 cotations testées)"
"15230","DAECHANG FORGING CO., LTD.","","Corée","KRX","KRW","38734","100000","XKRX","015230","MIC:XKRX","Volume 38734 < Seuil 100000 (1 cotations testées)"
"11390","BUSAN INDUSTRIAL CO LTD.","","Corée","KRX","KRW","2266","100000","XKRX","011390","MIC:XKRX","Volume 2266 < Seuil 100000 (1 cotations testées)"
"9810","PLAYGRAM CO., LTD.","","Corée","KRX","KRW","18875","100000","XKRX","009810","MIC:XKRX","Volume 18875 < Seuil 100000 (1 cotations testées)"
"16580","WHANIN PHARMACEUTICAL CO., LTD.","","Corée","KRX","KRW","66445","100000","XKRX","016580","MIC:XKRX","Volume 66445 < Seuil 100000 (1 cotations testées)"
"11330","UNI CHEM CO., LTD.","","Corée","KRX","KRW","60239","100000","XKRX","011330","MIC:XKRX","Volume 60239 < Seuil 100000 (1 cotations testées)"
"11810","STX CORPORATION","","Corée","KRX","KRW","0","100000","XKRX","011810","MIC:XKRX","Volume 0 < Seuil 100000 (1 cotations testées)"
"7680","DAEWON CO. LTD.","","Corée","KRX","KRW","39798","100000","XKRX","007680","MIC:XKRX","Volume 39798 < Seuil 100000 (1 cotations testées)"
"6650","KOREA PETROCHEMICAL IND. CO., LTD.","","Corée","KRX","KRW","28881","100000","XKRX","006650","MIC:XKRX","Volume 28881 < Seuil 100000 (1 cotations testées)"
"17480","SAMHYUN STEEL CO., LTD.","","Corée","KRX","KRW","24664","100000","XKRX","017480","MIC:XKRX","Volume 24664 < Seuil 100000 (1 cotations testées)"
"6140","PJ ELECTRONICS CO., LTD.","","Corée","KRX","KRW","55756","100000","XKRX","006140","MIC:XKRX","Volume 55756 < Seuil 100000 (1 cotations testées)"
"11760","HYUNDAI CORPORATION","","Corée","KRX","KRW","79394","100000","XKRX","011760","MIC:XKRX","Volume 79394 < Seuil 100000 (1 cotations testées)"
"5870","HUNEED TECHNOLOGIES INC.","","Corée","KRX","KRW","55275","100000","XKRX","005870","MIC:XKRX","Volume 55275 < Seuil 100000 (1 cotations testées)"
"9780","MSC CO., LTD.","","Corée","KRX","KRW","23660","100000","XKRX","009780","MIC:XKRX","Volume 23660 < Seuil 100000 (1 cotations testées)"
"7770","HANIL CHEMICAL INDUSTRY CO., LTD.","","Corée","KRX","KRW","1581","100000","XKRX","007770","MIC:XKRX","Volume 1581 < Seuil 100000 (1 cotations testées)"
"7720","DAEMYUNG SONOSEASON CO., LTD.","","Corée","KRX","KRW","46298","100000","XKRX","007720","MIC:XKRX","Volume 46298 < Seuil 100000 (1 cotations testées)"
"8370","WONPOONG CORPORATION","","Corée","KRX","KRW","3194","100000","XKRX","008370","MIC:XKRX","Volume 3194 < Seuil 100000 (1 cotations testées)"
"15710","KOCOM CO., LTD.","","Corée","KRX","KRW","14314","100000","XKRX","015710","MIC:XKRX","Volume 14314 < Seuil 100000 (1 cotations testées)"
"6570","DAELIM TRADING CO., LTD.","","Corée","KRX","KRW","14669","100000","XKRX","006570","MIC:XKRX","Volume 14669 < Seuil 100000 (1 cotations testées)"
"11320","UNICK CORPORATION","","Corée","KRX","KRW","39819","100000","XKRX","011320","MIC:XKRX","Volume 39819 < Seuil 100000 (1 cotations testées)"
"303360","PROTIA INC.","","Corée","KRX","KRW","39674","100000","XKRX","303360","MIC:XKRX","Volume 39674 < Seuil 100000 (1 cotations testées)"
"12700","LEADCORP INC.","","Corée","KRX","KRW","82447","100000","XKRX","012700","MIC:XKRX","Volume 82447 < Seuil 100000 (1 cotations testées)"
"7690","KUKDO CHEMICAL CO., LTD.","","Corée","KRX","KRW","50775","100000","XKRX","007690","MIC:XKRX","Volume 50775 < Seuil 100000 (1 cotations testées)"
"15020","E-STARCO CO. LTD.","","Corée","KRX","KRW","0","100000","XKRX","015020","MIC:XKRX","Volume 0 < Seuil 100000 (1 cotations testées)"
"4380","SAMICK THK CO., LTD.","","Corée","KRX","KRW","52317","100000","XKRX","004380","MIC:XKRX","Volume 52317 < Seuil 100000 (1 cotations testées)"
"307930","CO K PARTNERS LTD.","","Corée","KRX","KRW","53190","100000","XKRX","307930","MIC:XKRX","Volume 53190 < Seuil 100000 (1 cotations testées)"
"12750","S-1 CORPORATION","","Corée","KRX","KRW","54809","100000","XKRX","012750","MIC:XKRX","Volume 54809 < Seuil 100000 (1 cotations testées)"
"6212","LI MING DEVELOPMENT CONSTRUCTION CO., LTD.","","Taïwan","TWSE","TWD","2000","60000","XTAI","6212","MIC:XTAI","Volume 2000 < Seuil 60000 (1 cotations testées)"
"6210","KINTECH ELECTRONICS CO., LTD.","","Taïwan","TWSE","TWD","21100","60000","XTAI","6210","MIC:XTAI","Volume 21100 < Seuil 60000 (1 cotations testées)"
"8047","GREAT COMPUTER CORPORATION","","Taïwan","TWSE","TWD","17926","60000","XTAI","8047","MIC:XTAI","Volume 17926 < Seuil 60000 (1 cotations testées)"
"1341","FULIN PLASTIC INDUSTRY (CAYMAN) HOLDING CO. LTD.","","Taïwan","TWSE","TWD","5792","60000","XTAI","1341","MIC:XTAI","Volume 5792 < Seuil 60000 (1 cotations testées)"
"8066","LIFESTYLE GLOBAL ENTERPRISE INC.","","Taïwan","TWSE","TWD","10661","60000","XTAI","8066","MIC:XTAI","Volume 10661 < Seuil 60000 (1 cotations testées)"
"4559","JOY INDUSTRIAL CO., LTD.","","Taïwan","TWSE","TWD","57250","60000","XTAI","4559","MIC:XTAI","Volume 57250 < Seuil 60000 (1 cotations testées)"
"4558","ALFORMER INDUSTRIAL CO., LTD.","","Taïwan","TWSE","TWD","34871","60000","XTAI","4558","MIC:XTAI","Volume 34871 < Seuil 60000 (1 cotations testées)"
"4554","ORANGE ELECTRONIC CO., LTD.","","Taïwan","TWSE","TWD","42186","60000","XTAI","4554","MIC:XTAI","Volume 42186 < Seuil 60000 (1 cotations testées)"
"4553","ALFOT TECHNOLOGIES CO., LTD.","","Taïwan","TWSE","TWD","12912","60000","XTAI","4553","MIC:XTAI","Volume 12912 < Seuil 60000 (1 cotations testées)"
"4550","CHANG JIA M&E ENGINEERING CORP.","","Taïwan","TWSE","TWD","10839","60000","XTAI","4550","MIC:XTAI","Volume 10839 < Seuil 60000 (1 cotations testées)"
"4565","HONG-WEI ELECTRICAL INDUSTRY & CO., LTD.","","Taïwan","TWSE","TWD","14695","60000","XTAI","4565","MIC:XTAI","Volume 14695 < Seuil 60000 (1 cotations testées)"
"4568","KOGE MICRO TECH CO., LTD.","","Taïwan","TWSE","TWD","8619","60000","XTAI","4568","MIC:XTAI","Volume 8619 < Seuil 60000 (1 cotations testées)"
"4581","WORLD KNOWN MFG CAYMAN LTD.","","Taïwan","TWSE","TWD","16262","60000","XTAI","4581","MIC:XTAI","Volume 16262 < Seuil 60000 (1 cotations testées)"
"4580","VALUE VALVES CO., LTD.","","Taïwan","TWSE","TWD","46382","60000","XTAI","4580","MIC:XTAI","Volume 46382 < Seuil 60000 (1 cotations testées)"
"9960","DACOME INTERNATIONAL LTD.","","Taïwan","TWSE","TWD","9264","60000","XTAI","9960","MIC:XTAI","Volume 9264 < Seuil 60000 (1 cotations testées)"
"9962","YEOU YIH STEEL CO., LTD.","","Taïwan","TWSE","TWD","46814","60000","XTAI","9962","MIC:XTAI","Volume 46814 < Seuil 60000 (1 cotations testées)"
"4575","CHUMPOWER MACHINERY CORPORATION","","Taïwan","TWSE","TWD","19574","60000","XTAI","4575","MIC:XTAI","Volume 19574 < Seuil 60000 (1 cotations testées)"
"4572","DREWLOONG PRECISION INC.","","Taïwan","TWSE","TWD","41257","60000","XTAI","4572","MIC:XTAI","Volume 41257 < Seuil 60000 (1 cotations testées)"
"8067","GISH INTERNATIONAL CO., LTD.","","Taïwan","TWSE","TWD","15383","60000","XTAI","8067","MIC:XTAI","Volume 15383 < Seuil 60000 (1 cotations testées)"
"8367","CHIEN SHING HARBOUR SERVICE CO., LTD.","","Taïwan","TWSE","TWD","24192","60000","XTAI","8367","MIC:XTAI","Volume 24192 < Seuil 60000 (1 cotations testées)"
"1323","YONYU PLASTICS CO., LTD.","","Taïwan","TWSE","TWD","47334","60000","XTAI","1323","MIC:XTAI","Volume 47334 < Seuil 60000 (1 cotations testées)"
"8999","TAIWAN LAMINATION INDUSTRIES, INC.","","Taïwan","TWSE","TWD","4584","60000","XTAI","8999","MIC:XTAI","Volume 4584 < Seuil 60000 (1 cotations testées)"
"1315","TAH HSIN INDUSTRIAL CO. LTD.","","Taïwan","TWSE","TWD","22968","60000","XTAI","1315","MIC:XTAI","Volume 22968 < Seuil 60000 (1 cotations testées)"
"4502","JIAN SIN INDUSTRIAL CO., LTD.","","Taïwan","TWSE","TWD","30727","60000","XTAI","4502","MIC:XTAI","Volume 30727 < Seuil 60000 (1 cotations testées)"
"6201","YA HORNG ELECTRONIC CO., LTD.","","Taïwan","TWSE","TWD","28085","60000","XTAI","6201","MIC:XTAI","Volume 28085 < Seuil 60000 (1 cotations testées)"
"4527","KUEN LING MACHINERY REFRIGERATING CO., LTD.","","Taïwan","TWSE","TWD","20086","60000","XTAI","4527","MIC:XTAI","Volume 20086 < Seuil 60000 (1 cotations testées)"
"4528","CHIAN HSING FORGING INDUSTRIAL CO., LTD.","","Taïwan","TWSE","TWD","27588","60000","XTAI","4528","MIC:XTAI","Volume 27588 < Seuil 60000 (1 cotations testées)"
"4529","ELECTRIC POWER TECHNOLOGY LIMITED","","Taïwan","TWSE","TWD","23142","60000","XTAI","4529","MIC:XTAI","Volume 23142 < Seuil 60000 (1 cotations testées)"
"4530","HONYI PRECISION INDUSTRY CO., LTD.","","Taïwan","TWSE","TWD","15025","60000","XTAI","4530","MIC:XTAI","Volume 15025 < Seuil 60000 (1 cotations testées)"
"4544","CHUN ZU MACHINERY INDUSTRY CO., LTD.","","Taïwan","TWSE","TWD","1921","60000","XTAI","4544","MIC:XTAI","Volume 1921 < Seuil 60000 (1 cotations testées)"
"6194","YUFO ELECTRONICS CO., LTD.","","Taïwan","TWSE","TWD","48729","60000","XTAI","6194","MIC:XTAI","Volume 48729 < Seuil 60000 (1 cotations testées)"
"4538","WINSON MACHINERY CO., LTD.","","Taïwan","TWSE","TWD","18623","60000","XTAI","4538","MIC:XTAI","Volume 18623 < Seuil 60000 (1 cotations testées)"
"4535","FINE BLANKING & TOOL CO., LTD.","","Taïwan","TWSE","TWD","13454","60000","XTAI","4535","MIC:XTAI","Volume 13454 < Seuil 60000 (1 cotations testées)"
"6195","SCAN-D CORPORATION","","Taïwan","TWSE","TWD","30055","60000","XTAI","6195","MIC:XTAI","Volume 30055 < Seuil 60000 (1 cotations testées)"
"4192","SYNCORE BIOTECHNOLOGY CO., LTD.","","Taïwan","TWSE","TWD","3565","60000","XTAI","4192","MIC:XTAI","Volume 3565 < Seuil 60000 (1 cotations testées)"
"8432","TSH BIOPHARM CORPORATION LIMITED","","Taïwan","TWSE","TWD","42296","60000","XTAI","8432","MIC:XTAI","Volume 42296 < Seuil 60000 (1 cotations testées)"
"6020","TACHAN SECURITIES CO., LTD.","","Taïwan","TWSE","TWD","32216","60000","XTAI","6020","MIC:XTAI","Volume 32216 < Seuil 60000 (1 cotations testées)"
"8433","BON FAME CO., LTD.","","Taïwan","TWSE","TWD","17676","60000","XTAI","8433","MIC:XTAI","Volume 17676 < Seuil 60000 (1 cotations testées)"
"6294","TEKOM TECHNOLOGIES, INC.","","Taïwan","TWSE","TWD","24642","60000","XTAI","6294","MIC:XTAI","Volume 24642 < Seuil 60000 (1 cotations testées)"
"1213","OCEANIC BEVERAGES CO. INC.","","Taïwan","TWSE","TWD","5682","60000","XTAI","1213","MIC:XTAI","Volume 5682 < Seuil 60000 (1 cotations testées)"
"8437","RMH HOLDINGS LIMITED","","Taïwan","TWSE","TWD","40778","60000","XTAI","8437","MIC:XTAI","Volume 40778 < Seuil 60000 (1 cotations testées)"
"4188","AMCAD BIOMED CORPORATION","","Taïwan","TWSE","TWD","36308","60000","XTAI","4188","MIC:XTAI","Volume 36308 < Seuil 60000 (1 cotations testées)"
"4190","JOURDENESS GROUP LTD.","","Taïwan","TWSE","TWD","43172","60000","XTAI","4190","MIC:XTAI","Volume 43172 < Seuil 60000 (1 cotations testées)"
"8435","ZIMMITE TAIWAN LTD.","","Taïwan","TWSE","TWD","16202","60000","XTAI","8435","MIC:XTAI","Volume 16202 < Seuil 60000 (1 cotations testées)"
"4197","VISGENEER INC.","","Taïwan","TWSE","TWD","25026","60000","XTAI","4197","MIC:XTAI","Volume 25026 < Seuil 60000 (1 cotations testées)"
"6276","ANTEC, INC.","","Taïwan","TWSE","TWD","48119","60000","XTAI","6276","MIC:XTAI","Volume 48119 < Seuil 60000 (1 cotations testées)"
"8423","POLYGREEN RESOURCES CO., LTD.","","Taïwan","TWSE","TWD","15278","60000","XTAI","8423","MIC:XTAI","Volume 15278 < Seuil 60000 (1 cotations testées)"
"1233","TEN REN TEA CO., LTD.","","Taïwan","TWSE","TWD","24120","60000","XTAI","1233","MIC:XTAI","Volume 24120 < Seuil 60000 (1 cotations testées)"
"8424","WELLPOOL CO., LTD.","","Taïwan","TWSE","TWD","18895","60000","XTAI","8424","MIC:XTAI","Volume 18895 < Seuil 60000 (1 cotations testées)"
"4198","S&S HEALTHCARE HOLDING LTD.","","Taïwan","TWSE","TWD","7622","60000","XTAI","4198","MIC:XTAI","Volume 7622 < Seuil 60000 (1 cotations testées)"
"6027","RELIANCE SECURITIES CO., LTD.","","Taïwan","TWSE","TWD","58167","60000","XTAI","6027","MIC:XTAI","Volume 58167 < Seuil 60000 (1 cotations testées)"
"6028","GOLDEN INSURANCE BROKERS CO., LTD.","","Taïwan","TWSE","TWD","18277","60000","XTAI","6028","MIC:XTAI","Volume 18277 < Seuil 60000 (1 cotations testées)"
"1235","SHIN TAI INDUSTRY CO., LTD.","","Taïwan","TWSE","TWD","24940","60000","XTAI","1235","MIC:XTAI","Volume 24940 < Seuil 60000 (1 cotations testées)"
"4183","EPS BIO TECHNOLOGY CORP.","","Taïwan","TWSE","TWD","16000","60000","XTAI","4183","MIC:XTAI","Volume 16000 < Seuil 60000 (1 cotations testées)"
"4148","ALL COSMOS BIO-TECH HOLDING LIMITED","","Taïwan","TWSE","TWD","34100","60000","XTAI","4148","MIC:XTAI","Volume 34100 < Seuil 60000 (1 cotations testées)"
"4153","DIVA LABORATORIES, LTD.","","Taïwan","TWSE","TWD","7329","60000","XTAI","4153","MIC:XTAI","Volume 7329 < Seuil 60000 (1 cotations testées)"
"8472","GOMAJI CORP., LTD.","","Taïwan","TWSE","TWD","27132","60000","XTAI","8472","MIC:XTAI","Volume 27132 < Seuil 60000 (1 cotations testées)"
"4154","RAKU CO., LTD.","","Taïwan","TWSE","TWD","6000","60000","XTAI","4154","MIC:XTAI","Volume 6000 < Seuil 60000 (1 cotations testées)"
"8467","BONNY WORLDWIDE LTD.","","Taïwan","TWSE","TWD","18034","60000","XTAI","8467","MIC:XTAI","Volume 18034 < Seuil 60000 (1 cotations testées)"
"4138","DYNAMIC MEDICAL TECHNOLOGIES INC.","","Taïwan","TWSE","TWD","25261","60000","XTAI","4138","MIC:XTAI","Volume 25261 < Seuil 60000 (1 cotations testées)"
"8489","SAMEBEST CO., LTD.","","Taïwan","TWSE","TWD","44425","60000","XTAI","8489","MIC:XTAI","Volume 44425 < Seuil 60000 (1 cotations testées)"
"4126","PACIFIC HOSPITAL SUPPLY CO., LTD.","","Taïwan","TWSE","TWD","42243","60000","XTAI","4126","MIC:XTAI","Volume 42243 < Seuil 60000 (1 cotations testées)"
"8488","JIYUAN PACKAGING HOLDINGS LTD.","","Taïwan","TWSE","TWD","8813","60000","XTAI","8488","MIC:XTAI","Volume 8813 < Seuil 60000 (1 cotations testées)"
"4130","GENOVATE BIOTECHNOLOGY CO., LTD.","","Taïwan","TWSE","TWD","54277","60000","XTAI","4130","MIC:XTAI","Volume 54277 < Seuil 60000 (1 cotations testées)"
"4131","NEOCORE TECHNOLOGY CO., LTD.","","Taïwan","TWSE","TWD","6223","60000","XTAI","4131","MIC:XTAI","Volume 6223 < Seuil 60000 (1 cotations testées)"
"8482","SHANE GLOBAL HOLDING INC.","","Taïwan","TWSE","TWD","8447","60000","XTAI","8482","MIC:XTAI","Volume 8447 < Seuil 60000 (1 cotations testées)"
"8481","TRANSART GRAPHICS CO., LTD.","","Taïwan","TWSE","TWD","32244","60000","XTAI","8481","MIC:XTAI","Volume 32244 < Seuil 60000 (1 cotations testées)"
"8477","XXTECHEC CO., LTD.","","Taïwan","TWSE","TWD","36032","60000","XTAI","8477","MIC:XTAI","Volume 36032 < Seuil 60000 (1 cotations testées)"
"4160","GENETICS GENERATION ADVANCEMENT CORP.","","Taïwan","TWSE","TWD","22550","60000","XTAI","4160","MIC:XTAI","Volume 22550 < Seuil 60000 (1 cotations testées)"
"4173","ARICH ENTERPRISE CO., LTD.","","Taïwan","TWSE","TWD","57798","60000","XTAI","4173","MIC:XTAI","Volume 57798 < Seuil 60000 (1 cotations testées)"
"4175","MEDFIRST HEALTHCARE SERVICES, INC.","","Taïwan","TWSE","TWD","23606","60000","XTAI","4175","MIC:XTAI","Volume 23606 < Seuil 60000 (1 cotations testées)"
"8444","GREEN RIVER HOLDING CO., LTD.","","Taïwan","TWSE","TWD","3400","60000","XTAI","8444","MIC:XTAI","Volume 3400 < Seuil 60000 (1 cotations testées)"
"1203","VE WONG CORPORATION","","Taïwan","TWSE","TWD","51181","60000","XTAI","1203","MIC:XTAI","Volume 51181 < Seuil 60000 (1 cotations testées)"
"8450","PILI INTERNATIONAL MULTIMEDIA CO., LTD.","","Taïwan","TWSE","TWD","41679","60000","XTAI","8450","MIC:XTAI","Volume 41679 < Seuil 60000 (1 cotations testées)"
"4161","BIOPTIK TECHNOLOGY INCORPORATION","","Taïwan","TWSE","TWD","21335","60000","XTAI","4161","MIC:XTAI","Volume 21335 < Seuil 60000 (1 cotations testées)"
"8458","1 PRODUCTION FILM CO.","","Taïwan","TWSE","TWD","12171","60000","XTAI","8458","MIC:XTAI","Volume 12171 < Seuil 60000 (1 cotations testées)"
"8443","SHUI-MU INTERNATIONAL CO., LTD.","","Taïwan","TWSE","TWD","18470","60000","XTAI","8443","MIC:XTAI","Volume 18470 < Seuil 60000 (1 cotations testées)"
"8455","DAITO ME HOLDINGS CO., LTD","","Taïwan","TWSE","TWD","12156","60000","XTAI","8455","MIC:XTAI","Volume 12156 < Seuil 60000 (1 cotations testées)"
"4304","SUNVIC TECHNOLOGY CO., LTD.","","Taïwan","TWSE","TWD","22817","60000","XTAI","4304","MIC:XTAI","Volume 22817 < Seuil 60000 (1 cotations testées)"
"4305","SHIH-KUEN PLASTICS CO., LTD.","","Taïwan","TWSE","TWD","1706","60000","XTAI","4305","MIC:XTAI","Volume 1706 < Seuil 60000 (1 cotations testées)"
"2012","CHUN YU WORKS & COMPANY LTD.","","Taïwan","TWSE","TWD","49539","60000","XTAI","2012","MIC:XTAI","Volume 49539 < Seuil 60000 (1 cotations testées)"
"4430","YAO I FABRIC CO., LTD.","","Taïwan","TWSE","TWD","45676","60000","XTAI","4430","MIC:XTAI","Volume 45676 < Seuil 60000 (1 cotations testées)"
"6236","NEITH CORPORATION","","Taïwan","TWSE","TWD","0","60000","XTAI","6236","MIC:XTAI","Volume 0 < Seuil 60000 (1 cotations testées)"
"4431","MYTREX HEALTH TECHNOLOGIES, INC.","","Taïwan","TWSE","TWD","44203","60000","XTAI","4431","MIC:XTAI","Volume 44203 < Seuil 60000 (1 cotations testées)"
"4432","HAKERS ENTERPRISE CO., LTD.","","Taïwan","TWSE","TWD","29902","60000","XTAI","4432","MIC:XTAI","Volume 29902 < Seuil 60000 (1 cotations testées)"
"2008","KAO HSING CHANG IRON & STEEL CORPORATION","","Taïwan","TWSE","TWD","37614","60000","XTAI","2008","MIC:XTAI","Volume 37614 < Seuil 60000 (1 cotations testées)"
"6240","SUNG GANG CORP. LIMITED","","Taïwan","TWSE","TWD","21200","60000","XTAI","6240","MIC:XTAI","Volume 21200 < Seuil 60000 (1 cotations testées)"
"2024","CHIH LIEN INDUSTRIAL CO. LTD.","","Taïwan","TWSE","TWD","13492","60000","XTAI","2024","MIC:XTAI","Volume 13492 < Seuil 60000 (1 cotations testées)"
"8931","TA-YUAN COGENERATION COMPANY LTD.","","Taïwan","TWSE","TWD","51932","60000","XTAI","8931","MIC:XTAI","Volume 51932 < Seuil 60000 (1 cotations testées)"
"4419","KING HOUSE CO., LTD.","","Taïwan","TWSE","TWD","2239","60000","XTAI","4419","MIC:XTAI","Volume 2239 < Seuil 60000 (1 cotations testées)"
"4420","KWANG MING SILK MILL CO., LTD.","","Taïwan","TWSE","TWD","28761","60000","XTAI","4420","MIC:XTAI","Volume 28761 < Seuil 60000 (1 cotations testées)"
"4440","YI SHIN TEXTILE INDUSTRIAL CO., LTD.","","Taïwan","TWSE","TWD","41412","60000","XTAI","4440","MIC:XTAI","Volume 41412 < Seuil 60000 (1 cotations testées)"
"1294","HANTECH BIO-TECHNOLOGY CO., LTD.","","Taïwan","TWSE","TWD","21462","60000","XTAI","1294","MIC:XTAI","Volume 21462 < Seuil 60000 (1 cotations testées)"
"1295","SYNBIO TECH INC.","","Taïwan","TWSE","TWD","31534","60000","XTAI","1295","MIC:XTAI","Volume 31534 < Seuil 60000 (1 cotations testées)"
"8941","GRAND HALL ENTERPRISE CO., LTD.","","Taïwan","TWSE","TWD","5839","60000","XTAI","8941","MIC:XTAI","Volume 5839 < Seuil 60000 (1 cotations testées)"
"6222","LI HSUAN INTERNATIONAL CONSTRUCTION CO., LTD.","","Taïwan","TWSE","TWD","9055","60000","XTAI","6222","MIC:XTAI","Volume 9055 < Seuil 60000 (1 cotations testées)"
"1293","LYTONE ENTERPRISE, INC.","","Taïwan","TWSE","TWD","13102","60000","XTAI","1293","MIC:XTAI","Volume 13102 < Seuil 60000 (1 cotations testées)"
"6225","AIPTEK INTERNATIONAL INC.","","Taïwan","TWSE","TWD","41115","60000","XTAI","6225","MIC:XTAI","Volume 41115 < Seuil 60000 (1 cotations testées)"
"4433","SINGTEX INDUSTRIAL CO., LTD.","","Taïwan","TWSE","TWD","19233","60000","XTAI","4433","MIC:XTAI","Volume 19233 < Seuil 60000 (1 cotations testées)"
"6228","PACIFIC IMAGE ELECTRONICS CO., LTD.","","Taïwan","TWSE","TWD","5634","60000","XTAI","6228","MIC:XTAI","Volume 5634 < Seuil 60000 (1 cotations testées)"
"4413","EST GLOBAL APPAREL CO.,LTD","","Taïwan","TWSE","TWD","6104","60000","XTAI","4413","MIC:XTAI","Volume 6104 < Seuil 60000 (1 cotations testées)"
"8940","NEW PALACE INTERNATIONAL CO. LTD.","","Taïwan","TWSE","TWD","52661","60000","XTAI","8940","MIC:XTAI","Volume 52661 < Seuil 60000 (1 cotations testées)"
"4438","QUANG VIET ENTERPRISE CO., LTD.","","Taïwan","TWSE","TWD","42872","60000","XTAI","4438","MIC:XTAI","Volume 42872 < Seuil 60000 (1 cotations testées)"
"4439","TST GROUP HOLDING LTD.","","Taïwan","TWSE","TWD","36001","60000","XTAI","4439","MIC:XTAI","Volume 36001 < Seuil 60000 (1 cotations testées)"
"8929","FU BURG INDUSTRIAL CO., LTD.","","Taïwan","TWSE","TWD","14906","60000","XTAI","8929","MIC:XTAI","Volume 14906 < Seuil 60000 (1 cotations testées)"
"8928","DYNAMIC PRECISION INDUSTRY CORPORATION","","Taïwan","TWSE","TWD","37167","60000","XTAI","8928","MIC:XTAI","Volume 37167 < Seuil 60000 (1 cotations testées)"
"1259","AN-SHIN FOOD SERVICES CO., LTD.","","Taïwan","TWSE","TWD","21513","60000","XTAI","1259","MIC:XTAI","Volume 21513 < Seuil 60000 (1 cotations testées)"
"2067","CHIA YI STEEL CO., LTD.","","Taïwan","TWSE","TWD","11601","60000","XTAI","2067","MIC:XTAI","Volume 11601 < Seuil 60000 (1 cotations testées)"
"1260","FLAVOR FULL FOODS INC.","","Taïwan","TWSE","TWD","52426","60000","XTAI","1260","MIC:XTAI","Volume 52426 < Seuil 60000 (1 cotations testées)"
"8401","BAI SHA TECHNOLOGY CO., LTD.","","Taïwan","TWSE","TWD","36589","60000","XTAI","8401","MIC:XTAI","Volume 36589 < Seuil 60000 (1 cotations testées)"
"1264","TEHMAG FOODS CORPORATION","","Taïwan","TWSE","TWD","21931","60000","XTAI","1264","MIC:XTAI","Volume 21931 < Seuil 60000 (1 cotations testées)"
"8905","EAGLE COLD STORAGE ENTERPRISE CO., LTD.","","Taïwan","TWSE","TWD","4299","60000","XTAI","8905","MIC:XTAI","Volume 4299 < Seuil 60000 (1 cotations testées)"
"8906","FORWARD GRAPHIC ENTERPRISE CO., LTD.","","Taïwan","TWSE","TWD","27893","60000","XTAI","8906","MIC:XTAI","Volume 27893 < Seuil 60000 (1 cotations testées)"
"2073","SYONG SHUN METAL CO., LTD.","","Taïwan","TWSE","TWD","3819","60000","XTAI","2073","MIC:XTAI","Volume 3819 < Seuil 60000 (1 cotations testées)"
"8416","SOLIDWIZARD TECHNOLOGY CO., LTD.","","Taïwan","TWSE","TWD","6000","60000","XTAI","8416","MIC:XTAI","Volume 6000 < Seuil 60000 (1 cotations testées)"
"1240","MORN SUN FEED MILL CORP.","","Taïwan","TWSE","TWD","11187","60000","XTAI","1240","MIC:XTAI","Volume 11187 < Seuil 60000 (1 cotations testées)"
"2065","SHEH FUNG SCREWS CO., LTD.","","Taïwan","TWSE","TWD","41824","60000","XTAI","2065","MIC:XTAI","Volume 41824 < Seuil 60000 (1 cotations testées)"
"8410","SENTIEN PRINTING FACTORY CO., LTD.","","Taïwan","TWSE","TWD","43022","60000","XTAI","8410","MIC:XTAI","Volume 43022 < Seuil 60000 (1 cotations testées)"
"6264","KINGLAND PROPERTY CORPORATION LTD.","","Taïwan","TWSE","TWD","49163","60000","XTAI","6264","MIC:XTAI","Volume 49163 < Seuil 60000 (1 cotations testées)"
"8409","EBM TECHNOLOGIES INCORPORATED","","Taïwan","TWSE","TWD","21001","60000","XTAI","8409","MIC:XTAI","Volume 21001 < Seuil 60000 (1 cotations testées)"
"2063","SHEH KAI PRECISION CO., LTD.","","Taïwan","TWSE","TWD","14920","60000","XTAI","2063","MIC:XTAI","Volume 14920 < Seuil 60000 (1 cotations testées)"
"2035","TANG ENG IRON WORKS CO., LTD.","","Taïwan","TWSE","TWD","8454","60000","XTAI","2035","MIC:XTAI","Volume 8454 < Seuil 60000 (1 cotations testées)"
"4401","TOUNG LOONG TEXTILE MFG. CO., LTD.","","Taïwan","TWSE","TWD","52189","60000","XTAI","4401","MIC:XTAI","Volume 52189 < Seuil 60000 (1 cotations testées)"
"6242","LI KANG BIOMEDICAL CO., LTD.","","Taïwan","TWSE","TWD","11163","60000","XTAI","6242","MIC:XTAI","Volume 11163 < Seuil 60000 (1 cotations testées)"
"4402","J.D. DEVELOPMENT CO., LTD.","","Taïwan","TWSE","TWD","17558","60000","XTAI","4402","MIC:XTAI","Volume 17558 < Seuil 60000 (1 cotations testées)"
"8923","CHINA TIMES PUBLISHING COMPANY","","Taïwan","TWSE","TWD","2710","60000","XTAI","8923","MIC:XTAI","Volume 2710 < Seuil 60000 (1 cotations testées)"
"1268","HI-LAI FOODS CO., LTD.","","Taïwan","TWSE","TWD","43355","60000","XTAI","1268","MIC:XTAI","Volume 43355 < Seuil 60000 (1 cotations testées)"
"8917","HSIN TAI GAS CO., LTD.","","Taïwan","TWSE","TWD","9946","60000","XTAI","8917","MIC:XTAI","Volume 9946 < Seuil 60000 (1 cotations testées)"
"1269","KANPAI CO., LTD","","Taïwan","TWSE","TWD","10905","60000","XTAI","1269","MIC:XTAI","Volume 10905 < Seuil 60000 (1 cotations testées)"
"8921","SHEN'S ART PRINTING CO., LTD.","","Taïwan","TWSE","TWD","3000","60000","XTAI","8921","MIC:XTAI","Volume 3000 < Seuil 60000 (1 cotations testées)"
"4584","JUFAN INDUSTRIAL CO., LTD.","","Taïwan","TWSE","TWD","2916","60000","XTAI","4584","MIC:XTAI","Volume 2916 < Seuil 60000 (1 cotations testées)"
"5240","ACTI CORPORATION","","Taïwan","TWSE","TWD","10116","60000","XTAI","5240","MIC:XTAI","Volume 10116 < Seuil 60000 (1 cotations testées)"
"5245","WISECHIP SEMICONDUCTOR INC.","","Taïwan","TWSE","TWD","51361","60000","XTAI","5245","MIC:XTAI","Volume 51361 < Seuil 60000 (1 cotations testées)"
"5254","CEN LINK CO., LTD.","","Taïwan","TWSE","TWD","34246","60000","XTAI","5254","MIC:XTAI","Volume 34246 < Seuil 60000 (1 cotations testées)"
"1594","JU-KAO ENGINEERING CO., LTD.","","Taïwan","TWSE","TWD","14494","60000","XTAI","1594","MIC:XTAI","Volume 14494 < Seuil 60000 (1 cotations testées)"
"5220","HIGGSTEC INC.","","Taïwan","TWSE","TWD","30234","60000","XTAI","5220","MIC:XTAI","Volume 30234 < Seuil 60000 (1 cotations testées)"
"5223","ANLI INTERNATIONAL CO., LTD.","","Taïwan","TWSE","TWD","37048","60000","XTAI","5223","MIC:XTAI","Volume 37048 < Seuil 60000 (1 cotations testées)"
"1593","CHI HUA FITNESS CO., LTD.","","Taïwan","TWSE","TWD","40500","60000","XTAI","1593","MIC:XTAI","Volume 40500 < Seuil 60000 (1 cotations testées)"
"5604","CHUNG LIEN CO., LTD.","","Taïwan","TWSE","TWD","24488","60000","XTAI","5604","MIC:XTAI","Volume 24488 < Seuil 60000 (1 cotations testées)"
"5601","TAIWAN ALLIED CONTAINER TERMINAL CORP.","","Taïwan","TWSE","TWD","19802","60000","XTAI","5601","MIC:XTAI","Volume 19802 < Seuil 60000 (1 cotations testées)"
"5548","ANCANG CONSTRUCTION CO., LTD.","","Taïwan","TWSE","TWD","55538","60000","XTAI","5548","MIC:XTAI","Volume 55538 < Seuil 60000 (1 cotations testées)"
"5287","ADDCN TECHNOLOGY CO., LTD.","","Taïwan","TWSE","TWD","53955","60000","XTAI","5287","MIC:XTAI","Volume 53955 < Seuil 60000 (1 cotations testées)"
"5276","DA HUI LIMITED","","Taïwan","TWSE","TWD","21000","60000","XTAI","5276","MIC:XTAI","Volume 21000 < Seuil 60000 (1 cotations testées)"
"1589","YEONG GUAN ENERGY GROUP CO., LTD.","","Taïwan","TWSE","TWD","0","60000","XTAI","1589","MIC:XTAI","Volume 0 < Seuil 60000 (1 cotations testées)"
"5267","LUNG PIEN VACUUM INDUSTRY CO., LTD.","","Taïwan","TWSE","TWD","57994","60000","XTAI","5267","MIC:XTAI","Volume 57994 < Seuil 60000 (1 cotations testées)"
"1583","GOODWAY MACHINE CORPORATION","","Taïwan","TWSE","TWD","19372","60000","XTAI","1583","MIC:XTAI","Volume 19372 < Seuil 60000 (1 cotations testées)"
"5212","HYWEB TECHNOLOGY CO., LTD.","","Taïwan","TWSE","TWD","8650","60000","XTAI","5212","MIC:XTAI","Volume 8650 < Seuil 60000 (1 cotations testées)"
"6124","YEH CHIANG TECHNOLOGY CORPORATION","","Taïwan","TWSE","TWD","21667","60000","XTAI","6124","MIC:XTAI","Volume 21667 < Seuil 60000 (1 cotations testées)"
"6123","GRANDTECH C.G. SYSTEMS INC.","","Taïwan","TWSE","TWD","57663","60000","XTAI","6123","MIC:XTAI","Volume 57663 < Seuil 60000 (1 cotations testées)"
"5704","HOTEL ROYAL CHIHPEN","","Taïwan","TWSE","TWD","12674","60000","XTAI","5704","MIC:XTAI","Volume 12674 < Seuil 60000 (1 cotations testées)"
"6114","JUIC INTERNATIONAL CORPORATION","","Taïwan","TWSE","TWD","37345","60000","XTAI","6114","MIC:XTAI","Volume 37345 < Seuil 60000 (1 cotations testées)"
"8107","TAYIH KENMOS AUTO PARTS CO., LTD.","","Taïwan","TWSE","TWD","46152","60000","XTAI","8107","MIC:XTAI","Volume 46152 < Seuil 60000 (1 cotations testées)"
"5201","K WAY INFORMATION CORPORATION","","Taïwan","TWSE","TWD","49624","60000","XTAI","5201","MIC:XTAI","Volume 49624 < Seuil 60000 (1 cotations testées)"
"5205","FAST TECHNOLOGIES LTD.","","Taïwan","TWSE","TWD","2204","60000","XTAI","5205","MIC:XTAI","Volume 2204 < Seuil 60000 (1 cotations testées)"
"5209","CTCI ADVANCED SYSTEMS INC.","","Taïwan","TWSE","TWD","30338","60000","XTAI","5209","MIC:XTAI","Volume 30338 < Seuil 60000 (1 cotations testées)"
"5211","PENPOWER TECHNOLOGY LTD.","","Taïwan","TWSE","TWD","39701","60000","XTAI","5211","MIC:XTAI","Volume 39701 < Seuil 60000 (1 cotations testées)"
"1626","AIRMATE CAYMAN INTERNATIONAL LTD.","","Taïwan","TWSE","TWD","54977","60000","XTAI","1626","MIC:XTAI","Volume 54977 < Seuil 60000 (1 cotations testées)"
"6103","AVID ELECTRONICS CORP.","","Taïwan","TWSE","TWD","9817","60000","XTAI","6103","MIC:XTAI","Volume 9817 < Seuil 60000 (1 cotations testées)"
"1441","TAH TONG TEXTILE CO., LTD.","","Taïwan","TWSE","TWD","18268","60000","XTAI","1441","MIC:XTAI","Volume 18268 < Seuil 60000 (1 cotations testées)"
"5703","THE LANDIS TAIPEI HOTEL CO., LTD.","","Taïwan","TWSE","TWD","8322","60000","XTAI","5703","MIC:XTAI","Volume 8322 < Seuil 60000 (1 cotations testées)"
"1443","LILY TEXTILE CO. LTD.","","Taïwan","TWSE","TWD","21451","60000","XTAI","1443","MIC:XTAI","Volume 21451 < Seuil 60000 (1 cotations testées)"
"5432","SOLOMON DATA INTERNATIONAL CORPORATION","","Taïwan","TWSE","TWD","54413","60000","XTAI","5432","MIC:XTAI","Volume 54413 < Seuil 60000 (1 cotations testées)"
"1512","JUI LI ENTERPRISE CO., LTD.","","Taïwan","TWSE","TWD","49369","60000","XTAI","1512","MIC:XTAI","Volume 49369 < Seuil 60000 (1 cotations testées)"
"5523","FONG-CHIEN CONSTRUCTION CO., LTD.","","Taïwan","TWSE","TWD","35088","60000","XTAI","5523","MIC:XTAI","Volume 35088 < Seuil 60000 (1 cotations testées)"
"5398","INALWAYS CORPORATION","","Taïwan","TWSE","TWD","50863","60000","XTAI","5398","MIC:XTAI","Volume 50863 < Seuil 60000 (1 cotations testées)"
"1516","FALCON POWER CO. LTD.","","Taïwan","TWSE","TWD","37652","60000","XTAI","1516","MIC:XTAI","Volume 37652 < Seuil 60000 (1 cotations testées)"
"5520","LIH TAI CONSTRUCTION ENTERPRISE CO., LTD.","","Taïwan","TWSE","TWD","1810","60000","XTAI","5520","MIC:XTAI","Volume 1810 < Seuil 60000 (1 cotations testées)"
"5455","SHENG YI DEVELOPMENT CO., LTD.","","Taïwan","TWSE","TWD","19300","60000","XTAI","5455","MIC:XTAI","Volume 19300 < Seuil 60000 (1 cotations testées)"
"1475","BIG SUNSHINE CO., LTD.","","Taïwan","TWSE","TWD","18371","60000","XTAI","1475","MIC:XTAI","Volume 18371 < Seuil 60000 (1 cotations testées)"
"1470","EVERTEX FABRINOLOGY LTD.","","Taïwan","TWSE","TWD","9208","60000","XTAI","1470","MIC:XTAI","Volume 9208 < Seuil 60000 (1 cotations testées)"
"5516","SUN-SEA CONSTRUCTION CORPORATION","","Taïwan","TWSE","TWD","36606","60000","XTAI","5516","MIC:XTAI","Volume 36606 < Seuil 60000 (1 cotations testées)"
"1480","TUNG MUNG DEVELOPMENT CO., LTD.","","Taïwan","TWSE","TWD","13610","60000","XTAI","1480","MIC:XTAI","Volume 13610 < Seuil 60000 (1 cotations testées)"
"1521","TA YIH INDUSTRIAL CO., LTD.","","Taïwan","TWSE","TWD","26320","60000","XTAI","1521","MIC:XTAI","Volume 26320 < Seuil 60000 (1 cotations testées)"
"5310","CGS INTERNATIONAL INC.","","Taïwan","TWSE","TWD","23622","60000","XTAI","5310","MIC:XTAI","Volume 23622 < Seuil 60000 (1 cotations testées)"
"1453","TA JIANG DEVELOPMENT CORP","","Taïwan","TWSE","TWD","58335","60000","XTAI","1453","MIC:XTAI","Volume 58335 < Seuil 60000 (1 cotations testées)"
"1454","TAIWAN TAFFETA FABRIC CO., LTD.","","Taïwan","TWSE","TWD","25562","60000","XTAI","1454","MIC:XTAI","Volume 25562 < Seuil 60000 (1 cotations testées)"
"1541","CHANG TYPE INDUSTRIAL CO., LTD.","","Taïwan","TWSE","TWD","19216","60000","XTAI","1541","MIC:XTAI","Volume 19216 < Seuil 60000 (1 cotations testées)"
"5301","CJW INTERNATIONAL CO., LTD.","","Taïwan","TWSE","TWD","8710","60000","XTAI","5301","MIC:XTAI","Volume 8710 < Seuil 60000 (1 cotations testées)"
"5546","YONGGU GROUP INC.","","Taïwan","TWSE","TWD","40841","60000","XTAI","5546","MIC:XTAI","Volume 40841 < Seuil 60000 (1 cotations testées)"
"8201","INVENTEC BESTA CO., LTD.","","Taïwan","TWSE","TWD","51190","60000","XTAI","8201","MIC:XTAI","Volume 51190 < Seuil 60000 (1 cotations testées)"
"5543","BUIMA GROUP INC.","","Taïwan","TWSE","TWD","7308","60000","XTAI","5543","MIC:XTAI","Volume 7308 < Seuil 60000 (1 cotations testées)"
"5538","TONG MING ENTERPRISE CO., LTD.","","Taïwan","TWSE","TWD","36112","60000","XTAI","5538","MIC:XTAI","Volume 36112 < Seuil 60000 (1 cotations testées)"
"5355","GIA TZOONG ENTERPRISE CO., LTD.","","Taïwan","TWSE","TWD","46701","60000","XTAI","5355","MIC:XTAI","Volume 46701 < Seuil 60000 (1 cotations testées)"
"1459","LANFA TEXTILE CO., LTD.","","Taïwan","TWSE","TWD","59260","60000","XTAI","1459","MIC:XTAI","Volume 59260 < Seuil 60000 (1 cotations testées)"
"5364","LEALEA HOTELS & RESORTS CO., LTD.","","Taïwan","TWSE","TWD","59648","60000","XTAI","5364","MIC:XTAI","Volume 59648 < Seuil 60000 (1 cotations testées)"
"1525","KIAN SHEN CORPORATION","","Taïwan","TWSE","TWD","41120","60000","XTAI","1525","MIC:XTAI","Volume 41120 < Seuil 60000 (1 cotations testées)"
"5529","MEGA INTERNATIONAL DEVELOPMENT CO., LTD.","","Taïwan","TWSE","TWD","25289","60000","XTAI","5529","MIC:XTAI","Volume 25289 < Seuil 60000 (1 cotations testées)"
"1538","JENN FENG INDUSTRIAL CO., LTD.","","Taïwan","TWSE","TWD","15049","60000","XTAI","1538","MIC:XTAI","Volume 15049 < Seuil 60000 (1 cotations testées)"
"5344","VATE TECHNOLOGY CO., LTD.","","Taïwan","TWSE","TWD","56611","60000","XTAI","5344","MIC:XTAI","Volume 56611 < Seuil 60000 (1 cotations testées)"
"5345","FULLHOME DEVELOPMENT CO., LTD.","","Taïwan","TWSE","TWD","59559","60000","XTAI","5345","MIC:XTAI","Volume 59559 < Seuil 60000 (1 cotations testées)"
"5348","EMPOWER TECHNOLOGY CORPORATION","","Taïwan","TWSE","TWD","7873","60000","XTAI","5348","MIC:XTAI","Volume 7873 < Seuil 60000 (1 cotations testées)"
"8077","GREEN WORLD HOTELS CO., LTD.","","Taïwan","TWSE","TWD","2000","60000","XTAI","8077","MIC:XTAI","Volume 2000 < Seuil 60000 (1 cotations testées)"
"4747","JOHNSON CHEMICAL PHARMACEUTICAL WORKS CO., LTD.","","Taïwan","TWSE","TWD","46000","60000","XTAI","4747","MIC:XTAI","Volume 46000 < Seuil 60000 (1 cotations testées)"
"8080","TERRALINK ENTERPRISE CO., LTD.","","Taïwan","TWSE","TWD","25235","60000","XTAI","8080","MIC:XTAI","Volume 25235 < Seuil 60000 (1 cotations testées)"
"4732","NATUREWISE BIOTECH & MEDICALS CORPORATION","","Taïwan","TWSE","TWD","22192","60000","XTAI","4732","MIC:XTAI","Volume 22192 < Seuil 60000 (1 cotations testées)"
"4735","AVITA CORPORATION","","Taïwan","TWSE","TWD","36058","60000","XTAI","4735","MIC:XTAI","Volume 36058 < Seuil 60000 (1 cotations testées)"
"1817","SANITAR CO., LTD.","","Taïwan","TWSE","TWD","53019","60000","XTAI","1817","MIC:XTAI","Volume 53019 < Seuil 60000 (1 cotations testées)"
"8284","MITAKE INFORMATION CORPORATION","","Taïwan","TWSE","TWD","26529","60000","XTAI","8284","MIC:XTAI","Volume 26529 < Seuil 60000 (1 cotations testées)"
"1813","POLYLITE TAIWAN CO., LTD.","","Taïwan","TWSE","TWD","22004","60000","XTAI","1813","MIC:XTAI","Volume 22004 < Seuil 60000 (1 cotations testées)"
"6171","TACHENG REAL ESTATE CO., LTD.","","Taïwan","TWSE","TWD","15762","60000","XTAI","6171","MIC:XTAI","Volume 15762 < Seuil 60000 (1 cotations testées)"
"4754","INTERNATIONAL CARBIDE TECHNOLOGY CO., LTD.","","Taïwan","TWSE","TWD","40111","60000","XTAI","4754","MIC:XTAI","Volume 40111 < Seuil 60000 (1 cotations testées)"
"4767","CHERNG TAY TECHNOLOGY CO., LTD.","","Taïwan","TWSE","TWD","7200","60000","XTAI","4767","MIC:XTAI","Volume 7200 < Seuil 60000 (1 cotations testées)"
"1418","TONGHWA CORP.","","Taïwan","TWSE","TWD","22964","60000","XTAI","1418","MIC:XTAI","Volume 22964 < Seuil 60000 (1 cotations testées)"
"1788","HI-CLEARANCE INC.","","Taïwan","TWSE","TWD","33379","60000","XTAI","1788","MIC:XTAI","Volume 33379 < Seuil 60000 (1 cotations testées)"
"6169","INTERSERV INTERNATIONAL INC.","","Taïwan","TWSE","TWD","20512","60000","XTAI","6169","MIC:XTAI","Volume 20512 < Seuil 60000 (1 cotations testées)"
"4804","DA LUE INTERNATIONAL HOLDING CO., LTD.","","Taïwan","TWSE","TWD","0","60000","XTAI","4804","MIC:XTAI","Volume 0 < Seuil 60000 (1 cotations testées)"
"8272","CHANGING INFORMATION TECHNOLOGY INC.","","Taïwan","TWSE","TWD","11201","60000","XTAI","8272","MIC:XTAI","Volume 11201 < Seuil 60000 (1 cotations testées)"
"8279","SYNGEN BIOTECH CO., LTD.","","Taïwan","TWSE","TWD","10069","60000","XTAI","8279","MIC:XTAI","Volume 10069 < Seuil 60000 (1 cotations testées)"
"1796","GENEFERM BIOTECHNOLOGY CO., LTD.","","Taïwan","TWSE","TWD","36216","60000","XTAI","1796","MIC:XTAI","Volume 36216 < Seuil 60000 (1 cotations testées)"
"4765","PANCOLOUR INK CO., LTD.","","Taïwan","TWSE","TWD","34138","60000","XTAI","4765","MIC:XTAI","Volume 34138 < Seuil 60000 (1 cotations testées)"
"4728","SUNMAX BIOTECHNOLOGY CO., LTD.","","Taïwan","TWSE","TWD","5806","60000","XTAI","4728","MIC:XTAI","Volume 5806 < Seuil 60000 (1 cotations testées)"
"9944","SHINIH ENTERPRISE CO., LTD.","","Taïwan","TWSE","TWD","53422","60000","XTAI","9944","MIC:XTAI","Volume 53422 < Seuil 60000 (1 cotations testées)"
"9937","NATIONAL PETROLEUM CO. LTD.","","Taïwan","TWSE","TWD","48107","60000","XTAI","9937","MIC:XTAI","Volume 48107 < Seuil 60000 (1 cotations testées)"
"4609","AIRLUX ELECTRICAL CO., LTD.","","Taïwan","TWSE","TWD","5201","60000","XTAI","4609","MIC:XTAI","Volume 5201 < Seuil 60000 (1 cotations testées)"
"9931","HSIN-KAO GAS CO., LTD.","","Taïwan","TWSE","TWD","38886","60000","XTAI","9931","MIC:XTAI","Volume 38886 < Seuil 60000 (1 cotations testées)"
"8345","SUPER QIN ENTERPRISE CO., LTD.","","Taïwan","TWSE","TWD","12491","60000","XTAI","8345","MIC:XTAI","Volume 12491 < Seuil 60000 (1 cotations testées)"
"4587","LNC TECHNOLOGY CO., LTD.","","Taïwan","TWSE","TWD","16482","60000","XTAI","4587","MIC:XTAI","Volume 16482 < Seuil 60000 (1 cotations testées)"
"9951","MACAUTO INDUSTRIAL CO., LTD.","","Taïwan","TWSE","TWD","52086","60000","XTAI","9951","MIC:XTAI","Volume 52086 < Seuil 60000 (1 cotations testées)"
"6184","DAFENG TV LTD.","","Taïwan","TWSE","TWD","49953","60000","XTAI","6184","MIC:XTAI","Volume 49953 < Seuil 60000 (1 cotations testées)"
"6183","TRADE-VAN INFORMATION SERVICES CO.","","Taïwan","TWSE","TWD","34200","60000","XTAI","6183","MIC:XTAI","Volume 34200 < Seuil 60000 (1 cotations testées)"
"4589","MOTION TECHNOLOGY ELECTRIC & MACHINERY CO., LTD.","","Taïwan","TWSE","TWD","24126","60000","XTAI","4589","MIC:XTAI","Volume 24126 < Seuil 60000 (1 cotations testées)"
"9929","CHOICE DEVELOPMENT INC.","","Taïwan","TWSE","TWD","18890","60000","XTAI","9929","MIC:XTAI","Volume 18890 < Seuil 60000 (1 cotations testées)"
"8342","I JANG INDUSTRIAL CO., LTD.","","Taïwan","TWSE","TWD","1306","60000","XTAI","8342","MIC:XTAI","Volume 1306 < Seuil 60000 (1 cotations testées)"
"4706","TAH KONG CHEMICAL INDUSTRIAL CORPORATION","","Taïwan","TWSE","TWD","17501","60000","XTAI","4706","MIC:XTAI","Volume 17501 < Seuil 60000 (1 cotations testées)"
"6035","EASYCARD CORPORATION","","Taïwan","TWSE","TWD","8454","60000","XTAI","6035","MIC:XTAI","Volume 8454 < Seuil 60000 (1 cotations testées)"
"8298","GENIE NETWORKS LIMITED","","Taïwan","TWSE","TWD","16614","60000","XTAI","8298","MIC:XTAI","Volume 16614 < Seuil 60000 (1 cotations testées)"
"9928","CHINA TELEVISION CO., LTD.","","Taïwan","TWSE","TWD","55201","60000","XTAI","9928","MIC:XTAI","Volume 55201 < Seuil 60000 (1 cotations testées)"
"9926","SHIN HAI GAS CORPORATION","","Taïwan","TWSE","TWD","40658","60000","XTAI","9926","MIC:XTAI","Volume 40658 < Seuil 60000 (1 cotations testées)"
"9918","SHIN SHIN NATURAL GAS CO., LTD.","","Taïwan","TWSE","TWD","41637","60000","XTAI","9918","MIC:XTAI","Volume 41637 < Seuil 60000 (1 cotations testées)"
"8329","TAIWAN TELEVISION ENTERPRISE CO., LTD.","","Taïwan","TWSE","TWD","22304","60000","XTAI","8329","MIC:XTAI","Volume 22304 < Seuil 60000 (1 cotations testées)"
"6144","DELTAMAC (TAIWAN) CO., LTD.","","Taïwan","TWSE","TWD","10504","60000","XTAI","6144","MIC:XTAI","Volume 10504 < Seuil 60000 (1 cotations testées)"
"4806","KUEI TIEN CULTURAL & CREATIVE ENTERTAINMENT CO., LTD.","","Taïwan","TWSE","TWD","6111","60000","XTAI","4806","MIC:XTAI","Volume 6111 < Seuil 60000 (1 cotations testées)"
"6158","P-TWO INDUSTRIES INC.","","Taïwan","TWSE","TWD","46517","60000","XTAI","6158","MIC:XTAI","Volume 46517 < Seuil 60000 (1 cotations testées)"
"8092","CHIEN WEI PRECISE TECHNOLOGY CO., LTD.","","Taïwan","TWSE","TWD","41159","60000","XTAI","8092","MIC:XTAI","Volume 41159 < Seuil 60000 (1 cotations testées)"
"8093","ENERMAX TECHNOLOGY CORPORATION","","Taïwan","TWSE","TWD","19334","60000","XTAI","8093","MIC:XTAI","Volume 19334 < Seuil 60000 (1 cotations testées)"
"1730","FARCENT ENTERPRISE CO., LTD.","","Taïwan","TWSE","TWD","36620","60000","XTAI","1730","MIC:XTAI","Volume 36620 < Seuil 60000 (1 cotations testées)"
"4972","TONS LIGHTOLOGY INC.","","Taïwan","TWSE","TWD","17248","60000","XTAI","4972","MIC:XTAI","Volume 17248 < Seuil 60000 (1 cotations testées)"
"8101","ARIMA COMMUNICATIONS CORP.","","Taïwan","TWSE","TWD","51473","60000","XTAI","8101","MIC:XTAI","Volume 51473 < Seuil 60000 (1 cotations testées)"
"8102","JEILIN TECHNOLOGY CO., LTD.","","Taïwan","TWSE","TWD","14776","60000","XTAI","8102","MIC:XTAI","Volume 14776 < Seuil 60000 (1 cotations testées)"
"5015","RODEX FASTENERS CORP.","","Taïwan","TWSE","TWD","15830","60000","XTAI","5015","MIC:XTAI","Volume 15830 < Seuil 60000 (1 cotations testées)"
"5007","SAN SHING FASTECH CORP.","","Taïwan","TWSE","TWD","43107","60000","XTAI","5007","MIC:XTAI","Volume 43107 < Seuil 60000 (1 cotations testées)"
"6154","SUNFAR COMPUTER CO., LTD","","Taïwan","TWSE","TWD","38203","60000","XTAI","6154","MIC:XTAI","Volume 38203 < Seuil 60000 (1 cotations testées)"
"5013","NEW BEST WIRE INDUSTRIAL CO., LTD.","","Taïwan","TWSE","TWD","20557","60000","XTAI","5013","MIC:XTAI","Volume 20557 < Seuil 60000 (1 cotations testées)"
"5016","SONG HO INDUSTRIAL CO., LTD.","","Taïwan","TWSE","TWD","15075","60000","XTAI","5016","MIC:XTAI","Volume 15075 < Seuil 60000 (1 cotations testées)"
"1435","CHUNG FU TEX-INTERNATIONAL LTD.","","Taïwan","TWSE","TWD","39580","60000","XTAI","1435","MIC:XTAI","Volume 39580 < Seuil 60000 (1 cotations testées)"
"4905","TAINET COMMUNICATION SYSTEM CORP.","","Taïwan","TWSE","TWD","6408","60000","XTAI","4905","MIC:XTAI","Volume 6408 < Seuil 60000 (1 cotations testées)"
"4911","G&E HERBAL BIOTECHNOLOGY CO., LTD.","","Taïwan","TWSE","TWD","44506","60000","XTAI","4911","MIC:XTAI","Volume 44506 < Seuil 60000 (1 cotations testées)"
"5878","TAIMING ASSURANCE BROKER CO., LTD.","","Taïwan","TWSE","TWD","21379","60000","XTAI","5878","MIC:XTAI","Volume 21379 < Seuil 60000 (1 cotations testées)"
"8087","LEADSUN GREENTECH CORPORATION","","Taïwan","TWSE","TWD","27336","60000","XTAI","8087","MIC:XTAI","Volume 27336 < Seuil 60000 (1 cotations testées)"
"1781","HEALTH & LIFE CO., LTD.","","Taïwan","TWSE","TWD","32164","60000","XTAI","1781","MIC:XTAI","Volume 32164 < Seuil 60000 (1 cotations testées)"
"5906","TAINAN ENTERPRISE (CAYMAN) CO., LTD.","","Taïwan","TWSE","TWD","6000","60000","XTAI","5906","MIC:XTAI","Volume 6000 < Seuil 60000 (1 cotations testées)"
"1777","SYN-TECH CHEM. & PHARM. CO., LTD.","","Taïwan","TWSE","TWD","40122","60000","XTAI","1777","MIC:XTAI","Volume 40122 < Seuil 60000 (1 cotations testées)"
"1423","REWARD WOOL INDUSTRY CORP","","Taïwan","TWSE","TWD","26940","60000","XTAI","1423","MIC:XTAI","Volume 26940 < Seuil 60000 (1 cotations testées)"
"5903","TAIWAN FAMILYMART CO., LTD.","","Taïwan","TWSE","TWD","29946","60000","XTAI","5903","MIC:XTAI","Volume 29946 < Seuil 60000 (1 cotations testées)"
"5902","TAIT MARKETING & DISTRIBUTION CO., LTD.","","Taïwan","TWSE","TWD","24610","60000","XTAI","5902","MIC:XTAI","Volume 24610 < Seuil 60000 (1 cotations testées)"
"4950","GOLDEN WIN INTERNATIONAL CORP.","","Taïwan","TWSE","TWD","32178","60000","XTAI","4950","MIC:XTAI","Volume 32178 < Seuil 60000 (1 cotations testées)"
"4946","CAYENNE ENTERTAINMENT TECHNOLOGY CO., LTD.","","Taïwan","TWSE","TWD","31638","60000","XTAI","4946","MIC:XTAI","Volume 31638 < Seuil 60000 (1 cotations testées)"
"1742","TAIWAN WAX COMPANY, LTD.","","Taïwan","TWSE","TWD","53000","60000","XTAI","1742","MIC:XTAI","Volume 53000 < Seuil 60000 (1 cotations testées)"
"4943","CONCRAFT HOLDING CO., LTD.","","Taïwan","TWSE","TWD","10176","60000","XTAI","4943","MIC:XTAI","Volume 10176 < Seuil 60000 (1 cotations testées)"
"1752","NANG KUANG PHARMACEUTICAL CO., LTD.","","Taïwan","TWSE","TWD","52410","60000","XTAI","1752","MIC:XTAI","Volume 52410 < Seuil 60000 (1 cotations testées)"
"4994","X-LEGEND ENTERTAINMENT CO., LTD.","","Taïwan","TWSE","TWD","18889","60000","XTAI","4994","MIC:XTAI","Volume 18889 < Seuil 60000 (1 cotations testées)"
"4924","HTM INTERNATIONAL HOLDING LTD.","","Taïwan","TWSE","TWD","49926","60000","XTAI","4924","MIC:XTAI","Volume 49926 < Seuil 60000 (1 cotations testées)"
"7713","WELEADER BIOMEDICAL CO., LTD.","","Taïwan","TWSE","TWD","10371","60000","XTAI","7713","MIC:XTAI","Volume 10371 < Seuil 60000 (1 cotations testées)"
"7716","ITI INTERNATIONAL TRANSPORTATION INC.","","Taïwan","TWSE","TWD","3700","60000","XTAI","7716","MIC:XTAI","Volume 3700 < Seuil 60000 (1 cotations testées)"
"7706","ACER SYNERGY MANPOWER CORP.","","Taïwan","TWSE","TWD","7401","60000","XTAI","7706","MIC:XTAI","Volume 7401 < Seuil 60000 (1 cotations testées)"
"7708","FAMILY INTERNATIONAL GOURMET CO., LTD.","","Taïwan","TWSE","TWD","23190","60000","XTAI","7708","MIC:XTAI","Volume 23190 < Seuil 60000 (1 cotations testées)"
"7710","ASROCK INDUSTRIAL COMPUTER CORPORATION","","Taïwan","TWSE","TWD","18210","60000","XTAI","7710","MIC:XTAI","Volume 18210 < Seuil 60000 (1 cotations testées)"
"6674","COMPAL BROADBAND NETWORKS INC.","","Taïwan","TWSE","TWD","25864","60000","XTAI","6674","MIC:XTAI","Volume 25864 < Seuil 60000 (1 cotations testées)"
"6666","LUO LIH-FEN HOLDING CO., LTD.","","Taïwan","TWSE","TWD","29294","60000","XTAI","6666","MIC:XTAI","Volume 29294 < Seuil 60000 (1 cotations testées)"
"6665","HEALTHCONN CORP.","","Taïwan","TWSE","TWD","27055","60000","XTAI","6665","MIC:XTAI","Volume 27055 < Seuil 60000 (1 cotations testées)"
"7732","KING SHING INDUSTRIAL CO., LTD.","","Taïwan","TWSE","TWD","46005","60000","XTAI","7732","MIC:XTAI","Volume 46005 < Seuil 60000 (1 cotations testées)"
"6662","BIOLASCO TAIWAN CO., LTD.","","Taïwan","TWSE","TWD","22578","60000","XTAI","6662","MIC:XTAI","Volume 22578 < Seuil 60000 (1 cotations testées)"
"6661","WELGENE BIOTECH CO., LTD.","","Taïwan","TWSE","TWD","4005","60000","XTAI","6661","MIC:XTAI","Volume 4005 < Seuil 60000 (1 cotations testées)"
"7726","CARILEX MEDICAL, INC.","","Taïwan","TWSE","TWD","1830","60000","XTAI","7726","MIC:XTAI","Volume 1830 < Seuil 60000 (1 cotations testées)"
"7718","SPEC PRODUCTS CORP.","","Taïwan","TWSE","TWD","27002","60000","XTAI","7718","MIC:XTAI","Volume 27002 < Seuil 60000 (1 cotations testées)"
"3252","HAIWAN INTERNATIONAL DEVELOPMENT CO., LTD.","","Taïwan","TWSE","TWD","58922","60000","XTAI","3252","MIC:XTAI","Volume 58922 < Seuil 60000 (1 cotations testées)"
"7724","U-ARK TECHNOLOGY CO., LTD.","","Taïwan","TWSE","TWD","23035","60000","XTAI","7724","MIC:XTAI","Volume 23035 < Seuil 60000 (1 cotations testées)"
"7725","LABTURBO BIOTECH CORPORATION","","Taïwan","TWSE","TWD","4000","60000","XTAI","7725","MIC:XTAI","Volume 4000 < Seuil 60000 (1 cotations testées)"
"3259","SOLID STATE SYSTEM CO., LTD.","","Taïwan","TWSE","TWD","29846","60000","XTAI","3259","MIC:XTAI","Volume 29846 < Seuil 60000 (1 cotations testées)"
"3191","YJN CO., LTD.","","Taïwan","TWSE","TWD","44703","60000","XTAI","3191","MIC:XTAI","Volume 44703 < Seuil 60000 (1 cotations testées)"
"2926","THE ESLITE SPECTRUM CORPORATION","","Taïwan","TWSE","TWD","19612","60000","XTAI","2926","MIC:XTAI","Volume 19612 < Seuil 60000 (1 cotations testées)"
"2924","GALACTIC LTD.","","Taïwan","TWSE","TWD","13000","60000","XTAI","2924","MIC:XTAI","Volume 13000 < Seuil 60000 (1 cotations testées)"
"6692","ACMEPOINT ENERGY SERVICES CO., LTD.","","Taïwan","TWSE","TWD","16718","60000","XTAI","6692","MIC:XTAI","Volume 16718 < Seuil 60000 (1 cotations testées)"
"2937","GSEVEN CO., LTD.","","Taïwan","TWSE","TWD","21000","60000","XTAI","2937","MIC:XTAI","Volume 21000 < Seuil 60000 (1 cotations testées)"
"2939","YONG YI INTERNATIONAL GROUP","","Taïwan","TWSE","TWD","53501","60000","XTAI","2939","MIC:XTAI","Volume 53501 < Seuil 60000 (1 cotations testées)"
"2949","H.H.GALAXY CO., LTD.","","Taïwan","TWSE","TWD","8530","60000","XTAI","2949","MIC:XTAI","Volume 8530 < Seuil 60000 (1 cotations testées)"
"6703","SHINY BRANDS GROUP CO., LTD.","","Taïwan","TWSE","TWD","58039","60000","XTAI","6703","MIC:XTAI","Volume 58039 < Seuil 60000 (1 cotations testées)"
"2948","BAUSEN INC.","","Taïwan","TWSE","TWD","1463","60000","XTAI","2948","MIC:XTAI","Volume 1463 < Seuil 60000 (1 cotations testées)"
"2947","ZHEN YU HARDWARE CO., LTD.","","Taïwan","TWSE","TWD","11726","60000","XTAI","2947","MIC:XTAI","Volume 11726 < Seuil 60000 (1 cotations testées)"
"2945","SIMPLE MART RETAIL CO., LTD.","","Taïwan","TWSE","TWD","11701","60000","XTAI","2945","MIC:XTAI","Volume 11701 < Seuil 60000 (1 cotations testées)"
"2942","JING-JAN RETAIL BUSINESS CO., LTD.","","Taïwan","TWSE","TWD","25448","60000","XTAI","2942","MIC:XTAI","Volume 25448 < Seuil 60000 (1 cotations testées)"
"6697","INFORMATION TECHNOLOGY TOTAL SERVICES CO., LTD","","Taïwan","TWSE","TWD","29807","60000","XTAI","6697","MIC:XTAI","Volume 29807 < Seuil 60000 (1 cotations testées)"
"2941","MISTER INTERNATIONAL LTD.","","Taïwan","TWSE","TWD","4011","60000","XTAI","2941","MIC:XTAI","Volume 4011 < Seuil 60000 (1 cotations testées)"
"2940","SUN OWN INDUSTRIAL CO., LTD.","","Taïwan","TWSE","TWD","6000","60000","XTAI","2940","MIC:XTAI","Volume 6000 < Seuil 60000 (1 cotations testées)"
"2938","BEDDING WORLD CO., LTD.","","Taïwan","TWSE","TWD","5150","60000","XTAI","2938","MIC:XTAI","Volume 5150 < Seuil 60000 (1 cotations testées)"
"6690","ACER CYBER SECURITY INC.","","Taïwan","TWSE","TWD","55446","60000","XTAI","6690","MIC:XTAI","Volume 55446 < Seuil 60000 (1 cotations testées)"
"7702","APEX WIND POWER EQUIPMENT MANUFACTURING INC.","","Taïwan","TWSE","TWD","12601","60000","XTAI","7702","MIC:XTAI","Volume 12601 < Seuil 60000 (1 cotations testées)"
"6677","ANXO PHARMACEUTICAL CO., LTD.","","Taïwan","TWSE","TWD","59330","60000","XTAI","6677","MIC:XTAI","Volume 59330 < Seuil 60000 (1 cotations testées)"
"7704","FINESSE TECHNOLOGY CO., LTD","","Taïwan","TWSE","TWD","56197","60000","XTAI","7704","MIC:XTAI","Volume 56197 < Seuil 60000 (1 cotations testées)"
"7735","TAIWAN AI CLOUD CORPORATION","","Taïwan","TWSE","TWD","15043","60000","XTAI","7735","MIC:XTAI","Volume 15043 < Seuil 60000 (1 cotations testées)"
"2904","PRIME OIL CHEMICAL SERVICE CO.","","Taïwan","TWSE","TWD","30087","60000","XTAI","2904","MIC:XTAI","Volume 30087 < Seuil 60000 (1 cotations testées)"
"6680","SINTRONES TECHNOLOGY CORP.","","Taïwan","TWSE","TWD","10514","60000","XTAI","6680","MIC:XTAI","Volume 10514 < Seuil 60000 (1 cotations testées)"
"2901","SHIN SHIN CO., LTD.","","Taïwan","TWSE","TWD","14358","60000","XTAI","2901","MIC:XTAI","Volume 14358 < Seuil 60000 (1 cotations testées)"
"7737","KDAN MOBILE SOFTWARE LTD.","","Taïwan","TWSE","TWD","14127","60000","XTAI","7737","MIC:XTAI","Volume 14127 < Seuil 60000 (1 cotations testées)"
"7738","EASTERN UNION INTERACTIVE CORP.","","Taïwan","TWSE","TWD","18516","60000","XTAI","7738","MIC:XTAI","Volume 18516 < Seuil 60000 (1 cotations testées)"
"7773","FULLHOPE BIOMEDICAL CO., LTD.","","Taïwan","TWSE","TWD","29523","60000","XTAI","7773","MIC:XTAI","Volume 29523 < Seuil 60000 (1 cotations testées)"
"6641","GSD TECHNOLOGIES CO., LTD.","","Taïwan","TWSE","TWD","40786","60000","XTAI","6641","MIC:XTAI","Volume 40786 < Seuil 60000 (1 cotations testées)"
"7779","CARRY INTERNATIONAL CO., LTD","","Taïwan","TWSE","TWD","10060","60000","XTAI","7779","MIC:XTAI","Volume 10060 < Seuil 60000 (1 cotations testées)"
"6638","GOLDTEK TECHNOLOGY CO., LTD.","","Taïwan","TWSE","TWD","23099","60000","XTAI","6638","MIC:XTAI","Volume 23099 < Seuil 60000 (1 cotations testées)"
"6637","MEDICAL IMAGING CORP.","","Taïwan","TWSE","TWD","42322","60000","XTAI","6637","MIC:XTAI","Volume 42322 < Seuil 60000 (1 cotations testées)"
"3332","CINCON ELECTRONICS CO., LTD.","","Taïwan","TWSE","TWD","43025","60000","XTAI","3332","MIC:XTAI","Volume 43025 < Seuil 60000 (1 cotations testées)"
"7770","ZEITEC SEMICONDUCTOR CO., LTD.","","Taïwan","TWSE","TWD","14845","60000","XTAI","7770","MIC:XTAI","Volume 14845 < Seuil 60000 (1 cotations testées)"
"7771","GREENBASE TECHNOLOGY CORP","","Taïwan","TWSE","TWD","6508","60000","XTAI","7771","MIC:XTAI","Volume 6508 < Seuil 60000 (1 cotations testées)"
"7797","Q BURGER GROUP CO., LTD.","","Taïwan","TWSE","TWD","8595","60000","XTAI","7797","MIC:XTAI","Volume 8595 < Seuil 60000 (1 cotations testées)"
"7798","FABULOUS GLOBAL HOLDING CO., LTD.","","Taïwan","TWSE","TWD","33345","60000","XTAI","7798","MIC:XTAI","Volume 33345 < Seuil 60000 (1 cotations testées)"
"6624","EVER-CLEAR ENVIRONMENTAL ENG. CORP.","","Taïwan","TWSE","TWD","4003","60000","XTAI","6624","MIC:XTAI","Volume 4003 < Seuil 60000 (1 cotations testées)"
"7801","ASUSTOR INC.","","Taïwan","TWSE","TWD","47381","60000","XTAI","7801","MIC:XTAI","Volume 47381 < Seuil 60000 (1 cotations testées)"
"6622","BOSSDOM DIGIINNOVATION CO., LTD.","","Taïwan","TWSE","TWD","15786","60000","XTAI","6622","MIC:XTAI","Volume 15786 < Seuil 60000 (1 cotations testées)"
"7794","ACERPURE INC.","","Taïwan","TWSE","TWD","22819","60000","XTAI","7794","MIC:XTAI","Volume 22819 < Seuil 60000 (1 cotations testées)"
"6629","THAI KAI CO., LTD.","","Taïwan","TWSE","TWD","18346","60000","XTAI","6629","MIC:XTAI","Volume 18346 < Seuil 60000 (1 cotations testées)"
"7783","GIANT HEAVY MACHINERY SERVICE CO.","","Taïwan","TWSE","TWD","41964","60000","XTAI","7783","MIC:XTAI","Volume 41964 < Seuil 60000 (1 cotations testées)"
"7785","PERSHING TECHNOLOGY SERVICES CORPORATION","","Taïwan","TWSE","TWD","2640","60000","XTAI","7785","MIC:XTAI","Volume 2640 < Seuil 60000 (1 cotations testées)"
"6650","ART EMPEROR TECHNOLOGY AND CULTURE CO., LTD.","","Taïwan","TWSE","TWD","7100","60000","XTAI","6650","MIC:XTAI","Volume 7100 < Seuil 60000 (1 cotations testées)"
"2643","SOONEST EXPRESS CO., LTD.","","Taïwan","TWSE","TWD","59330","60000","XTAI","2643","MIC:XTAI","Volume 59330 < Seuil 60000 (1 cotations testées)"
"7789","CASUAL RESTAURANTS INC.","","Taïwan","TWSE","TWD","2246","60000","XTAI","7789","MIC:XTAI","Volume 2246 < Seuil 60000 (1 cotations testées)"
"2640","TAIWAN TAXI CO., LTD.","","Taïwan","TWSE","TWD","54252","60000","XTAI","2640","MIC:XTAI","Volume 54252 < Seuil 60000 (1 cotations testées)"
"7790","SPIRIT SCIENTIFIC CO., LTD.","","Taïwan","TWSE","TWD","3252","60000","XTAI","7790","MIC:XTAI","Volume 3252 < Seuil 60000 (1 cotations testées)"
"6705","MARTAS PRECISION SLIDE CO., LTD.","","Taïwan","TWSE","TWD","31000","60000","XTAI","6705","MIC:XTAI","Volume 31000 < Seuil 60000 (1 cotations testées)"
"7762","PET PHARM BIOTECH CO., LTD.","","Taïwan","TWSE","TWD","41938","60000","XTAI","7762","MIC:XTAI","Volume 41938 < Seuil 60000 (1 cotations testées)"
"2756","LIAN FA INTERNATIONAL DINING BUSINESS CORPORATION","","Taïwan","TWSE","TWD","23644","60000","XTAI","2756","MIC:XTAI","Volume 23644 < Seuil 60000 (1 cotations testées)"
"2755","YOUNGQIN INTERNATIONAL CO., LTD.","","Taïwan","TWSE","TWD","41324","60000","XTAI","2755","MIC:XTAI","Volume 41324 < Seuil 60000 (1 cotations testées)"
"2754","KURA SUSHI ASIA CO., LTD.","","Taïwan","TWSE","TWD","21771","60000","XTAI","2754","MIC:XTAI","Volume 21771 < Seuil 60000 (1 cotations testées)"
"2752","TOFU RESTAURANT CO., LTD.","","Taïwan","TWSE","TWD","14633","60000","XTAI","2752","MIC:XTAI","Volume 14633 < Seuil 60000 (1 cotations testées)"
"2751","KINGZA INTERNATIONAL CO., LTD.","","Taïwan","TWSE","TWD","12887","60000","XTAI","2751","MIC:XTAI","Volume 12887 < Seuil 60000 (1 cotations testées)"
"2741","RENJIE OLDSICHUAN CATERING MANAGEMENT CONSULTANT CO., LTD.","","Taïwan","TWSE","TWD","17917","60000","XTAI","2741","MIC:XTAI","Volume 17917 < Seuil 60000 (1 cotations testées)"
"2740","MR. ONION INTERNATIONAL CO., LTD.","","Taïwan","TWSE","TWD","1289","60000","XTAI","2740","MIC:XTAI","Volume 1289 < Seuil 60000 (1 cotations testées)"
"7748","JOLLIFY CREATIVE LTD.","","Taïwan","TWSE","TWD","1393","60000","XTAI","7748","MIC:XTAI","Volume 1393 < Seuil 60000 (1 cotations testées)"
"2760","CHU YU HSIANG CO., LTD.","","Taïwan","TWSE","TWD","1856","60000","XTAI","2760","MIC:XTAI","Volume 1856 < Seuil 60000 (1 cotations testées)"
"6659","TIMING PHARMACEUTICAL CO., LTD.","","Taïwan","TWSE","TWD","44208","60000","XTAI","6659","MIC:XTAI","Volume 44208 < Seuil 60000 (1 cotations testées)"
"3285","MICROTIPS TECHNOLOGY INC.","","Taïwan","TWSE","TWD","55430","60000","XTAI","3285","MIC:XTAI","Volume 55430 < Seuil 60000 (1 cotations testées)"
"7743","KEE FRESH & SAFE FOODTECH CO., LTD.","","Taïwan","TWSE","TWD","8700","60000","XTAI","7743","MIC:XTAI","Volume 8700 < Seuil 60000 (1 cotations testées)"
"7744","W&B TECHNOLOGY LTD.","","Taïwan","TWSE","TWD","45845","60000","XTAI","7744","MIC:XTAI","Volume 45845 < Seuil 60000 (1 cotations testées)"
"7747","GRANDTECH CLOUD SERVICES INC.","","Taïwan","TWSE","TWD","2918","60000","XTAI","7747","MIC:XTAI","Volume 2918 < Seuil 60000 (1 cotations testées)"
"2761","G-YEN HUTONG CO., LTD.","","Taïwan","TWSE","TWD","18000","60000","XTAI","2761","MIC:XTAI","Volume 18000 < Seuil 60000 (1 cotations testées)"
"6655","KEDING ENTERPRISES CO., LTD.","","Taïwan","TWSE","TWD","9250","60000","XTAI","6655","MIC:XTAI","Volume 9250 < Seuil 60000 (1 cotations testées)"
"2758","LOUISA PROFESSIONAL COFFEE LTD.","","Taïwan","TWSE","TWD","3807","60000","XTAI","2758","MIC:XTAI","Volume 3807 < Seuil 60000 (1 cotations testées)"
"7757","LE BLE D'OR F&B CO., LTD.","","Taïwan","TWSE","TWD","17858","60000","XTAI","7757","MIC:XTAI","Volume 17858 < Seuil 60000 (1 cotations testées)"
"2718","ALLMIND HOLDINGS CORPORATION","","Taïwan","TWSE","TWD","46986","60000","XTAI","2718","MIC:XTAI","Volume 46986 < Seuil 60000 (1 cotations testées)"
"7758","KEELGOAL ENERGY CO., LTD.","","Taïwan","TWSE","TWD","2579","60000","XTAI","7758","MIC:XTAI","Volume 2579 < Seuil 60000 (1 cotations testées)"
"2712","FAR GLORY HOTEL CO. LTD.","","Taïwan","TWSE","TWD","12398","60000","XTAI","2712","MIC:XTAI","Volume 12398 < Seuil 60000 (1 cotations testées)"
"7759","SUNHAWK VISION BIOTECH, INC.","","Taïwan","TWSE","TWD","41655","60000","XTAI","7759","MIC:XTAI","Volume 41655 < Seuil 60000 (1 cotations testées)"
"2702","HOTEL HOLIDAY GARDEN","","Taïwan","TWSE","TWD","49859","60000","XTAI","2702","MIC:XTAI","Volume 49859 < Seuil 60000 (1 cotations testées)"
"7756","DONUTES INTERNATIONAL CO., LTD.","","Taïwan","TWSE","TWD","2616","60000","XTAI","7756","MIC:XTAI","Volume 2616 < Seuil 60000 (1 cotations testées)"
"3310","CHIALIN PRECISION INDUSTRIAL CO., LTD.","","Taïwan","TWSE","TWD","13203","60000","XTAI","3310","MIC:XTAI","Volume 13203 < Seuil 60000 (1 cotations testées)"
"2733","VIGOR KOBO CO., LTD.","","Taïwan","TWSE","TWD","8919","60000","XTAI","2733","MIC:XTAI","Volume 8919 < Seuil 60000 (1 cotations testées)"
"2732","LA KAFFA INTERNATIONAL CO., LTD.","","Taïwan","TWSE","TWD","33978","60000","XTAI","2732","MIC:XTAI","Volume 33978 < Seuil 60000 (1 cotations testées)"
"2729","TTFB COMPANY LIMITED","","Taïwan","TWSE","TWD","49246","60000","XTAI","2729","MIC:XTAI","Volume 49246 < Seuil 60000 (1 cotations testées)"
"7752","CENTURY HUAXIN WIND ENERGY CO., LTD.","","Taïwan","TWSE","TWD","48370","60000","XTAI","7752","MIC:XTAI","Volume 48370 < Seuil 60000 (1 cotations testées)"
"7753","STAR ASIA VISION CORPORATION","","Taïwan","TWSE","TWD","31370","60000","XTAI","7753","MIC:XTAI","Volume 31370 < Seuil 60000 (1 cotations testées)"
"2724","GLO AESTHETICS, LLC","","Taïwan","TWSE","TWD","18754","60000","XTAI","2724","MIC:XTAI","Volume 18754 < Seuil 60000 (1 cotations testées)"
"2726","YUMMY TOWN (CAYMAN) HOLDINGS CORPORATION","","Taïwan","TWSE","TWD","21644","60000","XTAI","2726","MIC:XTAI","Volume 21644 < Seuil 60000 (1 cotations testées)"
"6708","MARS SEMICONDUCTOR CORP.","","Taïwan","TWSE","TWD","45565","60000","XTAI","6708","MIC:XTAI","Volume 45565 < Seuil 60000 (1 cotations testées)"
"6886","FAR EAST BIO-TEC CO., LTD.","","Taïwan","TWSE","TWD","302","60000","XTAI","6886","MIC:XTAI","Volume 302 < Seuil 60000 (1 cotations testées)"
"6884","HIGHPOINT SERVICE NETWORK CORPORATION","","Taïwan","TWSE","TWD","8002","60000","XTAI","6884","MIC:XTAI","Volume 8002 < Seuil 60000 (1 cotations testées)"
"6882","REALLUSION INC.","","Taïwan","TWSE","TWD","43165","60000","XTAI","6882","MIC:XTAI","Volume 43165 < Seuil 60000 (1 cotations testées)"
"6874","M-POWER INFORMATION CO., LTD.","","Taïwan","TWSE","TWD","26619","60000","XTAI","6874","MIC:XTAI","Volume 26619 < Seuil 60000 (1 cotations testées)"
"6872","NAVIFUS CORP.","","Taïwan","TWSE","TWD","26630","60000","XTAI","6872","MIC:XTAI","Volume 26630 < Seuil 60000 (1 cotations testées)"
"6868","ISCOM ONLINE INTERNATIONAL INFORMATION INC.","","Taïwan","TWSE","TWD","6497","60000","XTAI","6868","MIC:XTAI","Volume 6497 < Seuil 60000 (1 cotations testées)"
"6867","TAN DE TECH CO., LTD.","","Taïwan","TWSE","TWD","15982","60000","XTAI","6867","MIC:XTAI","Volume 15982 < Seuil 60000 (1 cotations testées)"
"7418","JG-SSG CO., LTD.","","Taïwan","TWSE","TWD","2773","60000","XTAI","7418","MIC:XTAI","Volume 2773 < Seuil 60000 (1 cotations testées)"
"6865","WEBCOMM TECHNOLOGY CO., LTD.","","Taïwan","TWSE","TWD","25000","60000","XTAI","6865","MIC:XTAI","Volume 25000 < Seuil 60000 (1 cotations testées)"
"6864","ANTI-MICROBIAL SAVIOR BIOTEQ CO., LTD.","","Taïwan","TWSE","TWD","27659","60000","XTAI","6864","MIC:XTAI","Volume 27659 < Seuil 60000 (1 cotations testées)"
"6881","RUENTEX INTERIOR DESIGN INC.","","Taïwan","TWSE","TWD","9169","60000","XTAI","6881","MIC:XTAI","Volume 9169 < Seuil 60000 (1 cotations testées)"
"3064","ASTRO CORPORATION","","Taïwan","TWSE","TWD","3215","60000","XTAI","3064","MIC:XTAI","Volume 3215 < Seuil 60000 (1 cotations testées)"
"3067","ISHARES HANG SENG TECH ETF","","Taïwan","TWSE","TWD","6800","60000","XTAI","3067","MIC:XTAI","Volume 6800 < Seuil 60000 (1 cotations testées)"
"6879","TCI GENE INC.","","Taïwan","TWSE","TWD","5545","60000","XTAI","6879","MIC:XTAI","Volume 5545 < Seuil 60000 (1 cotations testées)"
"6955","BONRAYBIO CO. LTD.","","Taïwan","TWSE","TWD","24746","60000","XTAI","6955","MIC:XTAI","Volume 24746 < Seuil 60000 (1 cotations testées)"
"6921","LERAIN TECHNOLOGY CO., LTD.","","Taïwan","TWSE","TWD","20923","60000","XTAI","6921","MIC:XTAI","Volume 20923 < Seuil 60000 (1 cotations testées)"
"6961","UNI TRAVEL SERVICES CO., LTD.","","Taïwan","TWSE","TWD","27160","60000","XTAI","6961","MIC:XTAI","Volume 27160 < Seuil 60000 (1 cotations testées)"
"6963","TEXTURE MAKER ENTERPRISE CO., LTD.","","Taïwan","TWSE","TWD","11338","60000","XTAI","6963","MIC:XTAI","Volume 11338 < Seuil 60000 (1 cotations testées)"
"6915","IGIANT OPTICS CO., LTD.","","Taïwan","TWSE","TWD","41027","60000","XTAI","6915","MIC:XTAI","Volume 41027 < Seuil 60000 (1 cotations testées)"
"6965","CHUNG JYE INVESTMENT HOLDING CO., LTD.","","Taïwan","TWSE","TWD","36173","60000","XTAI","6965","MIC:XTAI","Volume 36173 < Seuil 60000 (1 cotations testées)"
"6911","CHYUNN ENVIRONMENT CORPORATION","","Taïwan","TWSE","TWD","52406","60000","XTAI","6911","MIC:XTAI","Volume 52406 < Seuil 60000 (1 cotations testées)"
"6953","GUDENG EQUIPMENT CO., LTD.","","Taïwan","TWSE","TWD","53212","60000","XTAI","6953","MIC:XTAI","Volume 53212 < Seuil 60000 (1 cotations testées)"
"6924","EIKEI GROUP CAYMAN CO. LTD.","","Taïwan","TWSE","TWD","24162","60000","XTAI","6924","MIC:XTAI","Volume 24162 < Seuil 60000 (1 cotations testées)"
"6938","NEWEB INFORMATION CO., LTD.","","Taïwan","TWSE","TWD","9251","60000","XTAI","6938","MIC:XTAI","Volume 9251 < Seuil 60000 (1 cotations testées)"
"6939","TFBS BIOSCIENCE INC.","","Taïwan","TWSE","TWD","24480","60000","XTAI","6939","MIC:XTAI","Volume 24480 < Seuil 60000 (1 cotations testées)"
"6929","WE CAN MEDICINES CO., LTD.","","Taïwan","TWSE","TWD","4116","60000","XTAI","6929","MIC:XTAI","Volume 4116 < Seuil 60000 (1 cotations testées)"
"6946","SANTI RENEWABLE ENERGY CO., LTD.","","Taïwan","TWSE","TWD","37298","60000","XTAI","6946","MIC:XTAI","Volume 37298 < Seuil 60000 (1 cotations testées)"
"6927","INTEGRATED SOLUTIONS TECHNOLOGY, INC.","","Taïwan","TWSE","TWD","59864","60000","XTAI","6927","MIC:XTAI","Volume 59864 < Seuil 60000 (1 cotations testées)"
"6926","SHINE-ON BIOMEDICAL CO., LTD.","","Taïwan","TWSE","TWD","10027","60000","XTAI","6926","MIC:XTAI","Volume 10027 < Seuil 60000 (1 cotations testées)"
"6925","ELAND INFORMATION CO., LTD.","","Taïwan","TWSE","TWD","43165","60000","XTAI","6925","MIC:XTAI","Volume 43165 < Seuil 60000 (1 cotations testées)"
"6910","GRANDSYS INC.","","Taïwan","TWSE","TWD","20734","60000","XTAI","6910","MIC:XTAI","Volume 20734 < Seuil 60000 (1 cotations testées)"
"6894","WASTE RECOVERY TECHNOLOGY INC.","","Taïwan","TWSE","TWD","45214","60000","XTAI","6894","MIC:XTAI","Volume 45214 < Seuil 60000 (1 cotations testées)"
"6988","WELLYSUN INC.","","Taïwan","TWSE","TWD","36900","60000","XTAI","6988","MIC:XTAI","Volume 36900 < Seuil 60000 (1 cotations testées)"
"6995","BEAST KINGDOM CO., LTD.","","Taïwan","TWSE","TWD","19457","60000","XTAI","6995","MIC:XTAI","Volume 19457 < Seuil 60000 (1 cotations testées)"
"6997","NEXTLINK TECHNOLOGY CO., LTD.","","Taïwan","TWSE","TWD","3234","60000","XTAI","6997","MIC:XTAI","Volume 3234 < Seuil 60000 (1 cotations testées)"
"6999","HAN BIOMEDICAL INC.","","Taïwan","TWSE","TWD","3027","60000","XTAI","6999","MIC:XTAI","Volume 3027 < Seuil 60000 (1 cotations testées)"
"6887","BORETECH RESOURCE RECOVERY ENGINEERING CO., LTD.","","Taïwan","TWSE","TWD","44980","60000","XTAI","6887","MIC:XTAI","Volume 44980 < Seuil 60000 (1 cotations testées)"
"6984","ACPAY CO., LTD.","","Taïwan","TWSE","TWD","16000","60000","XTAI","6984","MIC:XTAI","Volume 16000 < Seuil 60000 (1 cotations testées)"
"6983","HUA YANG PRECISION MACHINERY CO., LTD.","","Taïwan","TWSE","TWD","42727","60000","XTAI","6983","MIC:XTAI","Volume 42727 < Seuil 60000 (1 cotations testées)"
"6904","PROXENE TOOLS CO., LTD.","","Taïwan","TWSE","TWD","2200","60000","XTAI","6904","MIC:XTAI","Volume 2200 < Seuil 60000 (1 cotations testées)"
"6971","HUI MIN ENVIRONMENTAL TECH CORPORATION","","Taïwan","TWSE","TWD","31276","60000","XTAI","6971","MIC:XTAI","Volume 31276 < Seuil 60000 (1 cotations testées)"
"6972","PROTRADE APPLIED MATERIALS CORP.","","Taïwan","TWSE","TWD","5340","60000","XTAI","6972","MIC:XTAI","Volume 5340 < Seuil 60000 (1 cotations testées)"
"6899","APEX MATERIAL TECHNOLOGY CORPORATION","","Taïwan","TWSE","TWD","32806","60000","XTAI","6899","MIC:XTAI","Volume 32806 < Seuil 60000 (1 cotations testées)"
"6979","VICTORY FOR TECHNOLOGY CO., LTD.","","Taïwan","TWSE","TWD","12533","60000","XTAI","6979","MIC:XTAI","Volume 12533 < Seuil 60000 (1 cotations testées)"
"6898","CHAINSEA INFORMATION INTEGRATION CO., LTD.","","Taïwan","TWSE","TWD","27735","60000","XTAI","6898","MIC:XTAI","Volume 27735 < Seuil 60000 (1 cotations testées)"
"6982","WALRUS PUMP CO., LTD.","","Taïwan","TWSE","TWD","46708","60000","XTAI","6982","MIC:XTAI","Volume 46708 < Seuil 60000 (1 cotations testées)"
"6858","IPEVO CORPORATION","","Taïwan","TWSE","TWD","31069","60000","XTAI","6858","MIC:XTAI","Volume 31069 < Seuil 60000 (1 cotations testées)"
"6762","DELTA ASIA INTERNATIONAL CORPORATION","","Taïwan","TWSE","TWD","4939","60000","XTAI","6762","MIC:XTAI","Volume 4939 < Seuil 60000 (1 cotations testées)"
"6758","A-SPINE ASIA CO., LTD.","","Taïwan","TWSE","TWD","312","60000","XTAI","6758","MIC:XTAI","Volume 312 < Seuil 60000 (1 cotations testées)"
"6755","LIAN HONG ART CO., LTD.","","Taïwan","TWSE","TWD","51456","60000","XTAI","6755","MIC:XTAI","Volume 51456 < Seuil 60000 (1 cotations testées)"
"6754","RICH HONOUR INTERNATIONAL DESIGNS CO., LTD.","","Taïwan","TWSE","TWD","16599","60000","XTAI","6754","MIC:XTAI","Volume 16599 < Seuil 60000 (1 cotations testées)"
"3118","LEVEL BIOTECHNOLOGY INC.","","Taïwan","TWSE","TWD","21404","60000","XTAI","3118","MIC:XTAI","Volume 21404 < Seuil 60000 (1 cotations testées)"
"6752","GALAXY SOFTWARE SERVICES CORPORATION","","Taïwan","TWSE","TWD","20942","60000","XTAI","6752","MIC:XTAI","Volume 20942 < Seuil 60000 (1 cotations testées)"
"6751","ACER SYNERGY TECH CORP.","","Taïwan","TWSE","TWD","9483","60000","XTAI","6751","MIC:XTAI","Volume 9483 < Seuil 60000 (1 cotations testées)"
"7607","DUOGENIC STEMCELLS CORP.","","Taïwan","TWSE","TWD","5735","60000","XTAI","7607","MIC:XTAI","Volume 5735 < Seuil 60000 (1 cotations testées)"
"6767","WILTROM CO., LTD.","","Taïwan","TWSE","TWD","12041","60000","XTAI","6767","MIC:XTAI","Volume 12041 < Seuil 60000 (1 cotations testées)"
"7578","REVIVEGEN CO., LTD.","","Taïwan","TWSE","TWD","47930","60000","XTAI","7578","MIC:XTAI","Volume 47930 < Seuil 60000 (1 cotations testées)"
"6780","STUDY KING CO., LTD.","","Taïwan","TWSE","TWD","18000","60000","XTAI","6780","MIC:XTAI","Volume 18000 < Seuil 60000 (1 cotations testées)"
"7583","INTERNATIONAL OCEAN GROUP","","Taïwan","TWSE","TWD","4862","60000","XTAI","7583","MIC:XTAI","Volume 4862 < Seuil 60000 (1 cotations testées)"
"7584","HAPPYTUK CO., LTD.","","Taïwan","TWSE","TWD","2110","60000","XTAI","7584","MIC:XTAI","Volume 2110 < Seuil 60000 (1 cotations testées)"
"6935","PRINCE PHARMACEUTICAL CO., LTD.","","Taïwan","TWSE","TWD","11704","60000","XTAI","6935","MIC:XTAI","Volume 11704 < Seuil 60000 (1 cotations testées)"
"3115","TRUST-SEARCH CORP., LTD.","","Taïwan","TWSE","TWD","7443","60000","XTAI","3115","MIC:XTAI","Volume 7443 < Seuil 60000 (1 cotations testées)"
"6737","SOLID YEAR CO., LTD.","","Taïwan","TWSE","TWD","34042","60000","XTAI","6737","MIC:XTAI","Volume 34042 < Seuil 60000 (1 cotations testées)"
"7631","GENII IDEAS CO., LTD.","","Taïwan","TWSE","TWD","14248","60000","XTAI","7631","MIC:XTAI","Volume 14248 < Seuil 60000 (1 cotations testées)"
"3158","SYSJUST CO., LTD.","","Taïwan","TWSE","TWD","20579","60000","XTAI","3158","MIC:XTAI","Volume 20579 < Seuil 60000 (1 cotations testées)"
"6720","MAJOR-POWER TECHNOLOGY CO., LTD.","","Taïwan","TWSE","TWD","51408","60000","XTAI","6720","MIC:XTAI","Volume 51408 < Seuil 60000 (1 cotations testées)"
"3164","GENMONT BIOTECH INC.","","Taïwan","TWSE","TWD","28628","60000","XTAI","3164","MIC:XTAI","Volume 28628 < Seuil 60000 (1 cotations testées)"
"3171","YEM CHIO DISTRIBUTION CO., LTD.","","Taïwan","TWSE","TWD","16031","60000","XTAI","3171","MIC:XTAI","Volume 16031 < Seuil 60000 (1 cotations testées)"
"6709","ADVAGENE BIOPHARMA CO., LTD.","","Taïwan","TWSE","TWD","28717","60000","XTAI","6709","MIC:XTAI","Volume 28717 < Seuil 60000 (1 cotations testées)"
"6721","SINCERE SECURITY CORP. LTD.","","Taïwan","TWSE","TWD","9769","60000","XTAI","6721","MIC:XTAI","Volume 9769 < Seuil 60000 (1 cotations testées)"
"6723","JG ENVIRONMENTAL TECHNOLOGY CO., LTD.","","Taïwan","TWSE","TWD","33724","60000","XTAI","6723","MIC:XTAI","Volume 33724 < Seuil 60000 (1 cotations testées)"
"6734","IXENSOR CO., LTD.","","Taïwan","TWSE","TWD","41511","60000","XTAI","6734","MIC:XTAI","Volume 41511 < Seuil 60000 (1 cotations testées)"
"6730","LAGIS ENTERPRISE CO., LTD.","","Taïwan","TWSE","TWD","55714","60000","XTAI","6730","MIC:XTAI","Volume 55714 < Seuil 60000 (1 cotations testées)"
"6728","UP YOUNG CORNERSTONE CORP.","","Taïwan","TWSE","TWD","15761","60000","XTAI","6728","MIC:XTAI","Volume 15761 < Seuil 60000 (1 cotations testées)"
"6729","LUMINESCENCE TECHNOLOGY CORP.","","Taïwan","TWSE","TWD","56113","60000","XTAI","6729","MIC:XTAI","Volume 56113 < Seuil 60000 (1 cotations testées)"
"6843","JDV CONTROL VALVES CO., LTD.","","Taïwan","TWSE","TWD","13318","60000","XTAI","6843","MIC:XTAI","Volume 13318 < Seuil 60000 (1 cotations testées)"
"6839","POWER MASTER ENERGY CO., LTD.","","Taïwan","TWSE","TWD","37344","60000","XTAI","6839","MIC:XTAI","Volume 37344 < Seuil 60000 (1 cotations testées)"
"6835","COMPLEX MICRO INTERCONNECTION INC.","","Taïwan","TWSE","TWD","58946","60000","XTAI","6835","MIC:XTAI","Volume 58946 < Seuil 60000 (1 cotations testées)"
"6833","T-CONNECT PRECISION CORP.","","Taïwan","TWSE","TWD","21660","60000","XTAI","6833","MIC:XTAI","Volume 21660 < Seuil 60000 (1 cotations testées)"
"6832","KING'S METAL FIBER TECHNOLOGIES CO., LTD.","","Taïwan","TWSE","TWD","16541","60000","XTAI","6832","MIC:XTAI","Volume 16541 < Seuil 60000 (1 cotations testées)"
"IR0138","TPEX RGA QUALITY 50 TOTAL RETUR","","Taïwan","TWSE","TWD","0","60000","XTAI","IR0138","MIC:XTAI","Volume 0 < Seuil 60000 (1 cotations testées)"
"6844","NORBEL BABY CO., LTD.","","Taïwan","TWSE","TWD","29830","60000","XTAI","6844","MIC:XTAI","Volume 29830 < Seuil 60000 (1 cotations testées)"
"6846","GREENYN BIOTECHNOLOGY CO., LTD.","","Taïwan","TWSE","TWD","14485","60000","XTAI","6846","MIC:XTAI","Volume 14485 < Seuil 60000 (1 cotations testées)"
"6848","RBC BIOSCIENCE CORPORATION","","Taïwan","TWSE","TWD","37926","60000","XTAI","6848","MIC:XTAI","Volume 37926 < Seuil 60000 (1 cotations testées)"
"6857","ACER MEDICAL INC.","","Taïwan","TWSE","TWD","1092","60000","XTAI","6857","MIC:XTAI","Volume 1092 < Seuil 60000 (1 cotations testées)"
"6856","SHINE TREND INTERNATIONAL MULTIMEDIA TECHNOLOGY CO., LTD.","","Taïwan","TWSE","TWD","9807","60000","XTAI","6856","MIC:XTAI","Volume 9807 < Seuil 60000 (1 cotations testées)"
"7443","FLUXTEK INTERNATIONAL CORP.","","Taïwan","TWSE","TWD","7318","60000","XTAI","7443","MIC:XTAI","Volume 7318 < Seuil 60000 (1 cotations testées)"
"6855","ECLATORQ TECHNOLOGY CO., LTD.","","Taïwan","TWSE","TWD","7439","60000","XTAI","6855","MIC:XTAI","Volume 7439 < Seuil 60000 (1 cotations testées)"
"3085","NEW RETAIL CO. LTD.","","Taïwan","TWSE","TWD","9094","60000","XTAI","3085","MIC:XTAI","Volume 9094 < Seuil 60000 (1 cotations testées)"
"6850","BIOPTIC INC.","","Taïwan","TWSE","TWD","4440","60000","XTAI","6850","MIC:XTAI","Volume 4440 < Seuil 60000 (1 cotations testées)"
"7455","DEXATEK TECHNOLOGY LTD.","","Taïwan","TWSE","TWD","3777","60000","XTAI","7455","MIC:XTAI","Volume 3777 < Seuil 60000 (1 cotations testées)"
"6847","PURIBLOOD MEDICAL CO., LTD.","","Taïwan","TWSE","TWD","18002","60000","XTAI","6847","MIC:XTAI","Volume 18002 < Seuil 60000 (1 cotations testées)"
"6825","QBIC TECHNOLOGY CO., LTD.","","Taïwan","TWSE","TWD","11384","60000","XTAI","6825","MIC:XTAI","Volume 11384 < Seuil 60000 (1 cotations testées)"
"7547","INTUMIT, INC.","","Taïwan","TWSE","TWD","25306","60000","XTAI","7547","MIC:XTAI","Volume 25306 < Seuil 60000 (1 cotations testées)"
"6798","FLIGHT INTERNATIONAL CO., LTD.","","Taïwan","TWSE","TWD","10635","60000","XTAI","6798","MIC:XTAI","Volume 10635 < Seuil 60000 (1 cotations testées)"
"7551","FLASHAIM INC.","","Taïwan","TWSE","TWD","16600","60000","XTAI","7551","MIC:XTAI","Volume 16600 < Seuil 60000 (1 cotations testées)"
"6797","TAIWAN ADVANCED NANOTECH INC.","","Taïwan","TWSE","TWD","35838","60000","XTAI","6797","MIC:XTAI","Volume 35838 < Seuil 60000 (1 cotations testées)"
"7556","YEEDEX ELECTRONIC CORPORATION","","Taïwan","TWSE","TWD","50265","60000","XTAI","7556","MIC:XTAI","Volume 50265 < Seuil 60000 (1 cotations testées)"
"7558","BRYTON INC.","","Taïwan","TWSE","TWD","17204","60000","XTAI","7558","MIC:XTAI","Volume 17204 < Seuil 60000 (1 cotations testées)"
"7561","BIORAY BIOTECH CO., LTD.","","Taïwan","TWSE","TWD","11528","60000","XTAI","7561","MIC:XTAI","Volume 11528 < Seuil 60000 (1 cotations testées)"
"6791","TAIWAN AUTO-DESIGN CO.","","Taïwan","TWSE","TWD","42338","60000","XTAI","6791","MIC:XTAI","Volume 42338 < Seuil 60000 (1 cotations testées)"
"7562","LEX COMPUTECH CO., LTD.","","Taïwan","TWSE","TWD","29727","60000","XTAI","7562","MIC:XTAI","Volume 29727 < Seuil 60000 (1 cotations testées)"
"6807","FY GROUP LTD.","","Taïwan","TWSE","TWD","8068","60000","XTAI","6807","MIC:XTAI","Volume 8068 < Seuil 60000 (1 cotations testées)"
"7507","NESTEC, INC.","","Taïwan","TWSE","TWD","16899","60000","XTAI","7507","MIC:XTAI","Volume 16899 < Seuil 60000 (1 cotations testées)"
"6820","ACON OPTICS COMMUNICATIONS INC.","","Taïwan","TWSE","TWD","54463","60000","XTAI","6820","MIC:XTAI","Volume 54463 < Seuil 60000 (1 cotations testées)"
"6819","ORIENTAL SYSTEM TECHNOLOGY INC.","","Taïwan","TWSE","TWD","58900","60000","XTAI","6819","MIC:XTAI","Volume 58900 < Seuil 60000 (1 cotations testées)"
"6818","ADVANCED WIRELESS & ANTENNA INC.","","Taïwan","TWSE","TWD","51266","60000","XTAI","6818","MIC:XTAI","Volume 51266 < Seuil 60000 (1 cotations testées)"
"6817","WINSTON MEDICAL SUPPLY CO., LTD.","","Taïwan","TWSE","TWD","26564","60000","XTAI","6817","MIC:XTAI","Volume 26564 < Seuil 60000 (1 cotations testées)"
"6816","METAEDGE CORPORATION","","Taïwan","TWSE","TWD","4272","60000","XTAI","6816","MIC:XTAI","Volume 4272 < Seuil 60000 (1 cotations testées)"
"6815","DIAMOND BIOTECHNOLOGY CO., LTD","","Taïwan","TWSE","TWD","33517","60000","XTAI","6815","MIC:XTAI","Volume 33517 < Seuil 60000 (1 cotations testées)"
"3097","PARTNER TECH CORP.","","Taïwan","TWSE","TWD","11734","60000","XTAI","3097","MIC:XTAI","Volume 11734 < Seuil 60000 (1 cotations testées)"
"7516","SEA MILD BIOTECHNOLOGY CO., LTD.","","Taïwan","TWSE","TWD","18001","60000","XTAI","7516","MIC:XTAI","Volume 18001 < Seuil 60000 (1 cotations testées)"
"6814","LUKAS BIOMEDICAL INC.","","Taïwan","TWSE","TWD","8929","60000","XTAI","6814","MIC:XTAI","Volume 8929 < Seuil 60000 (1 cotations testées)"
"6810","BIO PREVENTIVE MEDICINE CORP.","","Taïwan","TWSE","TWD","48695","60000","XTAI","6810","MIC:XTAI","Volume 48695 < Seuil 60000 (1 cotations testées)"
"3095","CHI CHENG ENTERPRISE CO., LTD.","","Taïwan","TWSE","TWD","8808","60000","XTAI","3095","MIC:XTAI","Volume 8808 < Seuil 60000 (1 cotations testées)"
"6621","UNIPHARMA CO., LTD.","","Taïwan","TWSE","TWD","39824","60000","XTAI","6621","MIC:XTAI","Volume 39824 < Seuil 60000 (1 cotations testées)"
"3226","LFA CO., LTD.","","Taïwan","TWSE","TWD","25002","60000","XTAI","3226","MIC:XTAI","Volume 25002 < Seuil 60000 (1 cotations testées)"
"7890","ETICA BATTERY INC.","","Taïwan","TWSE","TWD","27012","60000","XTAI","7890","MIC:XTAI","Volume 27012 < Seuil 60000 (1 cotations testées)"
"7891","BOYEN THERAPEUTICS, INC.","","Taïwan","TWSE","TWD","3800","60000","XTAI","7891","MIC:XTAI","Volume 3800 < Seuil 60000 (1 cotations testées)"
"7893","RADBON ELECTRONICS CO., LTD.","","Taïwan","TWSE","TWD","34689","60000","XTAI","7893","MIC:XTAI","Volume 34689 < Seuil 60000 (1 cotations testées)"
"2373","AURORA CORPORATION","","Taïwan","TWSE","TWD","50232","60000","XTAI","2373","MIC:XTAI","Volume 50232 < Seuil 60000 (1 cotations testées)"
"7889","TSA INTERNATIONAL CO., LTD.","","Taïwan","TWSE","TWD","3144","60000","XTAI","7889","MIC:XTAI","Volume 3144 < Seuil 60000 (1 cotations testées)"
"2380","AVISION INC.","","Taïwan","TWSE","TWD","51996","60000","XTAI","2380","MIC:XTAI","Volume 51996 < Seuil 60000 (1 cotations testées)"
"7888","LIBO PHARMA CORP.","","Taïwan","TWSE","TWD","20142","60000","XTAI","7888","MIC:XTAI","Volume 20142 < Seuil 60000 (1 cotations testées)"
"6556","TOPVIEW OPTRONICS CORPORATION","","Taïwan","TWSE","TWD","11812","60000","XTAI","6556","MIC:XTAI","Volume 11812 < Seuil 60000 (1 cotations testées)"
"3678","USHINE PHOTONICS CORPORATION","","Taïwan","TWSE","TWD","20313","60000","XTAI","3678","MIC:XTAI","Volume 20313 < Seuil 60000 (1 cotations testées)"
"3679","NISHOKU TECHNOLOGY INC.","","Taïwan","TWSE","TWD","50493","60000","XTAI","3679","MIC:XTAI","Volume 50493 < Seuil 60000 (1 cotations testées)"
"3684","GRAND-TEK TECHNOLOGY CO., LTD.","","Taïwan","TWSE","TWD","18246","60000","XTAI","3684","MIC:XTAI","Volume 18246 < Seuil 60000 (1 cotations testées)"
"7896","SIL-MORE INDUSTRIAL LIMITED","","Taïwan","TWSE","TWD","13811","60000","XTAI","7896","MIC:XTAI","Volume 13811 < Seuil 60000 (1 cotations testées)"
"3713","HSINJING HOLDING CO., LTD.","","Taïwan","TWSE","TWD","47020","60000","XTAI","3713","MIC:XTAI","Volume 47020 < Seuil 60000 (1 cotations testées)"
"7897","WHOLE SUN GREEN POWER CO., LTD.","","Taïwan","TWSE","TWD","3669","60000","XTAI","7897","MIC:XTAI","Volume 3669 < Seuil 60000 (1 cotations testées)"
"7895","YUAN JIN CHUANG ENTERPRISE CO., LTD.","","Taïwan","TWSE","TWD","17482","60000","XTAI","7895","MIC:XTAI","Volume 17482 < Seuil 60000 (1 cotations testées)"
"3666","OPTIVISION TECHNOLOGY, INC.","","Taïwan","TWSE","TWD","59643","60000","XTAI","3666","MIC:XTAI","Volume 59643 < Seuil 60000 (1 cotations testées)"
"3623","TRANSTOUCH TECHNOLOGY INC.","","Taïwan","TWSE","TWD","40642","60000","XTAI","3623","MIC:XTAI","Volume 40642 < Seuil 60000 (1 cotations testées)"
"2424","LUNG HWA ELECTRONICS CO., LTD.","","Taïwan","TWSE","TWD","46802","60000","XTAI","2424","MIC:XTAI","Volume 46802 < Seuil 60000 (1 cotations testées)"
"3629","GRAVITYTAI CO.,LTD.","","Taïwan","TWSE","TWD","5201","60000","XTAI","3629","MIC:XTAI","Volume 5201 < Seuil 60000 (1 cotations testées)"
"7880","SANTA PHOENIX TECHNOLOGY CO., LTD.","","Taïwan","TWSE","TWD","44474","60000","XTAI","7880","MIC:XTAI","Volume 44474 < Seuil 60000 (1 cotations testées)"
"2432","ACER GADGET INC.","","Taïwan","TWSE","TWD","38062","60000","XTAI","2432","MIC:XTAI","Volume 38062 < Seuil 60000 (1 cotations testées)"
"6565","THROUGHTEK CO., LTD.","","Taïwan","TWSE","TWD","43346","60000","XTAI","6565","MIC:XTAI","Volume 43346 < Seuil 60000 (1 cotations testées)"
"3603","UPEC ELECTRONICS CORP.","","Taïwan","TWSE","TWD","5924","60000","XTAI","3603","MIC:XTAI","Volume 5924 < Seuil 60000 (1 cotations testées)"
"3611","TSC AUTO ID TECHNOLOGY CO., LTD.","","Taïwan","TWSE","TWD","49884","60000","XTAI","3611","MIC:XTAI","Volume 49884 < Seuil 60000 (1 cotations testées)"
"2433","HUXEN CORP","","Taïwan","TWSE","TWD","46706","60000","XTAI","2433","MIC:XTAI","Volume 46706 < Seuil 60000 (1 cotations testées)"
"7886","KOJEM INTERNATIONAL CO., LTD.","","Taïwan","TWSE","TWD","36788","60000","XTAI","7886","MIC:XTAI","Volume 36788 < Seuil 60000 (1 cotations testées)"
"3664","ARRAY INC.","","Taïwan","TWSE","TWD","26293","60000","XTAI","3664","MIC:XTAI","Volume 26293 < Seuil 60000 (1 cotations testées)"
"7885","N LYNN & CO. LTD","","Taïwan","TWSE","TWD","12288","60000","XTAI","7885","MIC:XTAI","Volume 12288 < Seuil 60000 (1 cotations testées)"
"3631","CHERNAN METAL INDUSTRIAL CORP.","","Taïwan","TWSE","TWD","32304","60000","XTAI","3631","MIC:XTAI","Volume 32304 < Seuil 60000 (1 cotations testées)"
"3632","PAPAGO INC.","","Taïwan","TWSE","TWD","4526","60000","XTAI","3632","MIC:XTAI","Volume 4526 < Seuil 60000 (1 cotations testées)"
"3633","EPOCH CHEMTRONICS CORP.","","Taïwan","TWSE","TWD","16574","60000","XTAI","3633","MIC:XTAI","Volume 16574 < Seuil 60000 (1 cotations testées)"
"7881","EYECARE TECH INC.","","Taïwan","TWSE","TWD","17499","60000","XTAI","7881","MIC:XTAI","Volume 17499 < Seuil 60000 (1 cotations testées)"
"3646","ANT PRECISION INDUSTRY CO., LTD.","","Taïwan","TWSE","TWD","18502","60000","XTAI","3646","MIC:XTAI","Volume 18502 < Seuil 60000 (1 cotations testées)"
"6561","CHIEF TELECOM INC.","","Taïwan","TWSE","TWD","48408","60000","XTAI","6561","MIC:XTAI","Volume 48408 < Seuil 60000 (1 cotations testées)"
"7883","FEASTOGETHER GROUP CO., LTD.","","Taïwan","TWSE","TWD","21066","60000","XTAI","7883","MIC:XTAI","Volume 21066 < Seuil 60000 (1 cotations testées)"
"2235","I YUAN PRECISION INDUSTRIAL CO., LTD.","","Taïwan","TWSE","TWD","8019","60000","XTAI","2235","MIC:XTAI","Volume 8019 < Seuil 60000 (1 cotations testées)"
"6482","FUN YOURS TECHNOLOGY CO., LTD.","","Taïwan","TWSE","TWD","30657","60000","XTAI","6482","MIC:XTAI","Volume 30657 < Seuil 60000 (1 cotations testées)"
"2227","YULON NISSAN MOTOR CO., LTD.","","Taïwan","TWSE","TWD","57751","60000","XTAI","2227","MIC:XTAI","Volume 57751 < Seuil 60000 (1 cotations testées)"
"6474","WFE TECHNOLOGY CORPORATION","","Taïwan","TWSE","TWD","26247","60000","XTAI","6474","MIC:XTAI","Volume 26247 < Seuil 60000 (1 cotations testées)"
"6473","MEIMAII TECHNOLOGY CO., LTD.","","Taïwan","TWSE","TWD","14957","60000","XTAI","6473","MIC:XTAI","Volume 14957 < Seuil 60000 (1 cotations testées)"
"6470","U-MEDIA COMMUNICATIONS INC.","","Taïwan","TWSE","TWD","39079","60000","XTAI","6470","MIC:XTAI","Volume 39079 < Seuil 60000 (1 cotations testées)"
"6496","EXCELSIOR BIOPHARMA INC.","","Taïwan","TWSE","TWD","7076","60000","XTAI","6496","MIC:XTAI","Volume 7076 < Seuil 60000 (1 cotations testées)"
"2255","JET OPTOELECTRONICS CO., LTD.","","Taïwan","TWSE","TWD","25971","60000","XTAI","2255","MIC:XTAI","Volume 25971 < Seuil 60000 (1 cotations testées)"
"2252","CUBTEK INC.","","Taïwan","TWSE","TWD","41615","60000","XTAI","2252","MIC:XTAI","Volume 41615 < Seuil 60000 (1 cotations testées)"
"2249","YOUNG SHINE ELECTRIC CO., LTD.","","Taïwan","TWSE","TWD","32290","60000","XTAI","2249","MIC:XTAI","Volume 32290 < Seuil 60000 (1 cotations testées)"
"4115","SUNDER BIOMEDICAL TECH. CO., LTD.","","Taïwan","TWSE","TWD","40648","60000","XTAI","4115","MIC:XTAI","Volume 40648 < Seuil 60000 (1 cotations testées)"
"4116","BENQ MEDICAL TECHNOLOGY CORPORATION","","Taïwan","TWSE","TWD","40551","60000","XTAI","4116","MIC:XTAI","Volume 40551 < Seuil 60000 (1 cotations testées)"
"6464","TAIWAN OPTICAL PLATFORM CO., LTD.","","Taïwan","TWSE","TWD","45372","60000","XTAI","6464","MIC:XTAI","Volume 45372 < Seuil 60000 (1 cotations testées)"
"4102","YUNG ZIP CHEMICAL IND. CO., LTD.","","Taïwan","TWSE","TWD","42317","60000","XTAI","4102","MIC:XTAI","Volume 42317 < Seuil 60000 (1 cotations testées)"
"6543","PERFECT MEDICAL INDUSTRY CO., LTD.","","Taïwan","TWSE","TWD","34637","60000","XTAI","6543","MIC:XTAI","Volume 34637 < Seuil 60000 (1 cotations testées)"
"7907","LAIEN PARTS TECHNOLOGY CO., LTD.","","Taïwan","TWSE","TWD","20456","60000","XTAI","7907","MIC:XTAI","Volume 20456 < Seuil 60000 (1 cotations testées)"
"6542","GAMESPARCS CO., LTD.","","Taïwan","TWSE","TWD","8905","60000","XTAI","6542","MIC:XTAI","Volume 8905 < Seuil 60000 (1 cotations testées)"
"7904","CITIESOCIAL CO., LTD.","","Taïwan","TWSE","TWD","3023","60000","XTAI","7904","MIC:XTAI","Volume 3023 < Seuil 60000 (1 cotations testées)"
"6539","DV BIOMED CO., LTD.","","Taïwan","TWSE","TWD","9038","60000","XTAI","6539","MIC:XTAI","Volume 9038 < Seuil 60000 (1 cotations testées)"
"7912","ZENITHTEK INC.","","Taïwan","TWSE","TWD","37024","60000","XTAI","7912","MIC:XTAI","Volume 37024 < Seuil 60000 (1 cotations testées)"
"7913","QBIT SEMICONDUCTOR LTD.","","Taïwan","TWSE","TWD","35534","60000","XTAI","7913","MIC:XTAI","Volume 35534 < Seuil 60000 (1 cotations testées)"
"2321","TECOM CO., LTD.","","Taïwan","TWSE","TWD","6100","60000","XTAI","2321","MIC:XTAI","Volume 6100 < Seuil 60000 (1 cotations testées)"
"7901","DA DA BROADBAND LTD.","","Taïwan","TWSE","TWD","35508","60000","XTAI","7901","MIC:XTAI","Volume 35508 < Seuil 60000 (1 cotations testées)"
"7915","U-LEAM INC.","","Taïwan","TWSE","TWD","15354","60000","XTAI","7915","MIC:XTAI","Volume 15354 < Seuil 60000 (1 cotations testées)"
"6523","DR. WU SKINCARE CO., LTD.","","Taïwan","TWSE","TWD","25428","60000","XTAI","6523","MIC:XTAI","Volume 25428 < Seuil 60000 (1 cotations testées)"
"7931","SUSEN GREEN ENERGY CO., LTD.","","Taïwan","TWSE","TWD","5734","60000","XTAI","7931","MIC:XTAI","Volume 5734 < Seuil 60000 (1 cotations testées)"
"6518","CONCORD MEDICAL CO., LTD.","","Taïwan","TWSE","TWD","4111","60000","XTAI","6518","MIC:XTAI","Volume 4111 < Seuil 60000 (1 cotations testées)"
"7927","LINKAGE ELECTRIC CO., LTD.","","Taïwan","TWSE","TWD","19908","60000","XTAI","7927","MIC:XTAI","Volume 19908 < Seuil 60000 (1 cotations testées)"
"6516","KINGWAYTEK TECHNOLOGY CO., LTD.","","Taïwan","TWSE","TWD","42851","60000","XTAI","6516","MIC:XTAI","Volume 42851 < Seuil 60000 (1 cotations testées)"
"6512","GOMAX ELECTRONICS INC.","","Taïwan","TWSE","TWD","3697","60000","XTAI","6512","MIC:XTAI","Volume 3697 < Seuil 60000 (1 cotations testées)"
"6536","TIGA GAMING INC.","","Taïwan","TWSE","TWD","5664","60000","XTAI","6536","MIC:XTAI","Volume 5664 < Seuil 60000 (1 cotations testées)"
"7926","CHUNGHWA LEADING PHOTONICS TECH CO., LTD.","","Taïwan","TWSE","TWD","38481","60000","XTAI","7926","MIC:XTAI","Volume 38481 < Seuil 60000 (1 cotations testées)"
"6527","CRYSTALVUE MEDICAL CORPORATION","","Taïwan","TWSE","TWD","18117","60000","XTAI","6527","MIC:XTAI","Volume 18117 < Seuil 60000 (1 cotations testées)"
"7918","XALLOY ADVANCED MATERIALS CORPORATION","","Taïwan","TWSE","TWD","53806","60000","XTAI","7918","MIC:XTAI","Volume 53806 < Seuil 60000 (1 cotations testées)"
"7919","ALTASEC TECHNOLOGY CORPORATION","","Taïwan","TWSE","TWD","35940","60000","XTAI","7919","MIC:XTAI","Volume 35940 < Seuil 60000 (1 cotations testées)"
"7921","RECHARGE POWER CO., LTD.","","Taïwan","TWSE","TWD","25847","60000","XTAI","7921","MIC:XTAI","Volume 25847 < Seuil 60000 (1 cotations testées)"
"7922","EVOASIS INC.","","Taïwan","TWSE","TWD","4154","60000","XTAI","7922","MIC:XTAI","Volume 4154 < Seuil 60000 (1 cotations testées)"
"7854","JOULES MILES CO., LTD","","Taïwan","TWSE","TWD","29992","60000","XTAI","7854","MIC:XTAI","Volume 29992 < Seuil 60000 (1 cotations testées)"
"7855","HOTAI LEASING CO., LTD.","","Taïwan","TWSE","TWD","41715","60000","XTAI","7855","MIC:XTAI","Volume 41715 < Seuil 60000 (1 cotations testées)"
"3541","CYPRESS TECHNOLOGY CO., LTD.","","Taïwan","TWSE","TWD","23976","60000","XTAI","3541","MIC:XTAI","Volume 23976 < Seuil 60000 (1 cotations testées)"
"3531","SHIAN YIH ELECTRONIC INDUSTRY CO., LTD.","","Taïwan","TWSE","TWD","7000","60000","XTAI","3531","MIC:XTAI","Volume 7000 < Seuil 60000 (1 cotations testées)"
"6612","ICARES MEDICUS, INC.","","Taïwan","TWSE","TWD","22846","60000","XTAI","6612","MIC:XTAI","Volume 22846 < Seuil 60000 (1 cotations testées)"
"7849","SHINE PASSION ENGINEERING CO., LTD.","","Taïwan","TWSE","TWD","2163","60000","XTAI","7849","MIC:XTAI","Volume 2163 < Seuil 60000 (1 cotations testées)"
"6590","PROVISION INFORMATION CO., LTD.","","Taïwan","TWSE","TWD","10822","60000","XTAI","6590","MIC:XTAI","Volume 10822 < Seuil 60000 (1 cotations testées)"
"7816","RITWIN CORPORATION","","Taïwan","TWSE","TWD","20412","60000","XTAI","7816","MIC:XTAI","Volume 20412 < Seuil 60000 (1 cotations testées)"
"7851","H2 INC.","","Taïwan","TWSE","TWD","55045","60000","XTAI","7851","MIC:XTAI","Volume 55045 < Seuil 60000 (1 cotations testées)"
"7865","JIN LIAN CHENG RESOURCES CO., LTD.","","Taïwan","TWSE","TWD","24508","60000","XTAI","7865","MIC:XTAI","Volume 24508 < Seuil 60000 (1 cotations testées)"
"6578","DABOMB PROTEIN BIOTECH CORP.","","Taïwan","TWSE","TWD","48816","60000","XTAI","6578","MIC:XTAI","Volume 48816 < Seuil 60000 (1 cotations testées)"
"7813","YU-CHEN SYSTEM TECHNOLOGY CORP.","","Taïwan","TWSE","TWD","50805","60000","XTAI","7813","MIC:XTAI","Volume 50805 < Seuil 60000 (1 cotations testées)"
"7863","CENTRAL TAIWAN SCIENCE PARK LOGISTICS CO., LTD.","","Taïwan","TWSE","TWD","4455","60000","XTAI","7863","MIC:XTAI","Volume 4455 < Seuil 60000 (1 cotations testées)"
"6583","YOOSONN ENTERTAINMENT CO., LTD.","","Taïwan","TWSE","TWD","9530","60000","XTAI","6583","MIC:XTAI","Volume 9530 < Seuil 60000 (1 cotations testées)"
"7857","ASWATER ADVANCED ENVIROTECH LTD.","","Taïwan","TWSE","TWD","14246","60000","XTAI","7857","MIC:XTAI","Volume 14246 < Seuil 60000 (1 cotations testées)"
"6582","SHIN FOONG SPECIALTY AND APPLIED MATERIALS CO., LTD.","","Taïwan","TWSE","TWD","44501","60000","XTAI","6582","MIC:XTAI","Volume 44501 < Seuil 60000 (1 cotations testées)"
"6581","TAIWAN STEEL UNION CO., LTD.","","Taïwan","TWSE","TWD","35278","60000","XTAI","6581","MIC:XTAI","Volume 35278 < Seuil 60000 (1 cotations testées)"
"7862","ACEGREEN ECO-MATERIAL TECHNOLOGY CO., LTD.","","Taïwan","TWSE","TWD","15287","60000","XTAI","7862","MIC:XTAI","Volume 15287 < Seuil 60000 (1 cotations testées)"
"2596","REALY DEVELOPMENT & CONSTRUCTION CORP.","","Taïwan","TWSE","TWD","34165","60000","XTAI","2596","MIC:XTAI","Volume 34165 < Seuil 60000 (1 cotations testées)"
"7831","JESPER CO., LTD.","","Taïwan","TWSE","TWD","0","60000","XTAI","7831","MIC:XTAI","Volume 0 < Seuil 60000 (1 cotations testées)"
"7829","YODA PHARMACEUTICALS INC.","","Taïwan","TWSE","TWD","35240","60000","XTAI","7829","MIC:XTAI","Volume 35240 < Seuil 60000 (1 cotations testées)"
"7839","PRO360 INC.","","Taïwan","TWSE","TWD","16005","60000","XTAI","7839","MIC:XTAI","Volume 16005 < Seuil 60000 (1 cotations testées)"
"6604","JUOKU TECHNOLOGY CO., LTD.","","Taïwan","TWSE","TWD","55169","60000","XTAI","6604","MIC:XTAI","Volume 55169 < Seuil 60000 (1 cotations testées)"
"3473","FIBER LOGIC COMMUNICATIONS, INC.","","Taïwan","TWSE","TWD","4148","60000","XTAI","3473","MIC:XTAI","Volume 4148 < Seuil 60000 (1 cotations testées)"
"6597","ECOCERA OPTRONICS CO., LTD.","","Taïwan","TWSE","TWD","4000","60000","XTAI","6597","MIC:XTAI","Volume 4000 < Seuil 60000 (1 cotations testées)"
"6599","POINDUS SYSTEMS CORP.","","Taïwan","TWSE","TWD","5108","60000","XTAI","6599","MIC:XTAI","Volume 5108 < Seuil 60000 (1 cotations testées)"
"7837","CREATIVE LIFE SCIENCE CO., LTD.","","Taïwan","TWSE","TWD","8526","60000","XTAI","7837","MIC:XTAI","Volume 8526 < Seuil 60000 (1 cotations testées)"
"3597","AVERTRONICS INC.","","Taïwan","TWSE","TWD","28248","60000","XTAI","3597","MIC:XTAI","Volume 28248 < Seuil 60000 (1 cotations testées)"
"7823","CYCRAFT TECHNOLOGY CORP","","Taïwan","TWSE","TWD","19434","60000","XTAI","7823","MIC:XTAI","Volume 19434 < Seuil 60000 (1 cotations testées)"
"3465","NEW ADVANCED ELECTRONICS TECHNOLOGIES CO., LTD.","","Taïwan","TWSE","TWD","47315","60000","XTAI","3465","MIC:XTAI","Volume 47315 < Seuil 60000 (1 cotations testées)"
"7836","SMADAY TECHNOLOGY CO LTD","","Taïwan","TWSE","TWD","47116","60000","XTAI","7836","MIC:XTAI","Volume 47116 < Seuil 60000 (1 cotations testées)"
"3492","ADVANCED CONNECTION TECHNOLOGY INC.","","Taïwan","TWSE","TWD","39932","60000","XTAI","3492","MIC:XTAI","Volume 39932 < Seuil 60000 (1 cotations testées)"
"7820","LIYING ENVIRONMENTAL PROTECTION TECHNOLOGY CO., LTD.","","Taïwan","TWSE","TWD","16728","60000","XTAI","7820","MIC:XTAI","Volume 16728 < Seuil 60000 (1 cotations testées)"
"2599","LE YOUNG CONSTRUCTION CO., LTD.","","Taïwan","TWSE","TWD","0","60000","XTAI","2599","MIC:XTAI","Volume 0 < Seuil 60000 (1 cotations testées)"
"6593","TAIWAN NAME PLATE CO., LTD.","","Taïwan","TWSE","TWD","55871","60000","XTAI","6593","MIC:XTAI","Volume 55871 < Seuil 60000 (1 cotations testées)"
"7847","LI YU CHU CO., LTD.","","Taïwan","TWSE","TWD","13869","60000","XTAI","7847","MIC:XTAI","Volume 13869 < Seuil 60000 (1 cotations testées)"
"7848","CHI YI HSIN TECHNOLOGY CO., LTD.","","Taïwan","TWSE","TWD","22034","60000","XTAI","7848","MIC:XTAI","Volume 22034 < Seuil 60000 (1 cotations testées)"
"7819","SYSTEX FINTECH CORPORATION","","Taïwan","TWSE","TWD","35422","60000","XTAI","7819","MIC:XTAI","Volume 35422 < Seuil 60000 (1 cotations testées)"
"7840","NICE GARDEN INDUSTRIAL CO., LTD.","","Taïwan","TWSE","TWD","6040","60000","XTAI","7840","MIC:XTAI","Volume 6040 < Seuil 60000 (1 cotations testées)"
"7841","CYBERSOFT DIGITAL SERVICES CORP.","","Taïwan","TWSE","TWD","6377","60000","XTAI","7841","MIC:XTAI","Volume 6377 < Seuil 60000 (1 cotations testées)"
"7825","NEW SMART TECHNOLOGY CO., LTD.","","Taïwan","TWSE","TWD","45112","60000","XTAI","7825","MIC:XTAI","Volume 45112 < Seuil 60000 (1 cotations testées)"
"7875","ALTOS COMPUTING INC.","","Taïwan","TWSE","TWD","5369","60000","XTAI","7875","MIC:XTAI","Volume 5369 < Seuil 60000 (1 cotations testées)"
"7810","JTRON TECHNOLOGY CORP.","","Taïwan","TWSE","TWD","48009","60000","XTAI","7810","MIC:XTAI","Volume 48009 < Seuil 60000 (1 cotations testées)"
"6616","TECHCENTIAL INTERNATIONAL LTD","","Taïwan","TWSE","TWD","19000","60000","XTAI","6616","MIC:XTAI","Volume 19000 < Seuil 60000 (1 cotations testées)"
"7811","MINSON INTEGRATION, INC.","","Taïwan","TWSE","TWD","10132","60000","XTAI","7811","MIC:XTAI","Volume 10132 < Seuil 60000 (1 cotations testées)"
"3426","TAI SHING ELECTRONICS COMPONENTS CORPORATION","","Taïwan","TWSE","TWD","0","60000","XTAI","3426","MIC:XTAI","Volume 0 < Seuil 60000 (1 cotations testées)"
"3593","LOGAH TECHNOLOGY CORP.","","Taïwan","TWSE","TWD","17502","60000","XTAI","3593","MIC:XTAI","Volume 17502 < Seuil 60000 (1 cotations testées)"
"3432","TAI TWUN ENTERPRISE CO. LTD.","","Taïwan","TWSE","TWD","32534","60000","XTAI","3432","MIC:XTAI","Volume 32534 < Seuil 60000 (1 cotations testées)"
"7806","GIN HWA BIOTECH INC.","","Taïwan","TWSE","TWD","22100","60000","XTAI","7806","MIC:XTAI","Volume 22100 < Seuil 60000 (1 cotations testées)"
"7805","QNAP SYSTEMS, INC.","","Taïwan","TWSE","TWD","36094","60000","XTAI","7805","MIC:XTAI","Volume 36094 < Seuil 60000 (1 cotations testées)"
"7877","TEINCO TECHNOLOGY CO., LTD.","","Taïwan","TWSE","TWD","35563","60000","XTAI","7877","MIC:XTAI","Volume 35563 < Seuil 60000 (1 cotations testées)"
"7824","NADA HOLDINGS CORP","","Taïwan","TWSE","TWD","5741","60000","XTAI","7824","MIC:XTAI","Volume 5741 < Seuil 60000 (1 cotations testées)"
"7808","BIONET THERAPEUTICS CORP.","","Taïwan","TWSE","TWD","9936","60000","XTAI","7808","MIC:XTAI","Volume 9936 < Seuil 60000 (1 cotations testées)"
"7826","TWISTER5 CO. LTD.","","Taïwan","TWSE","TWD","1306","60000","XTAI","7826","MIC:XTAI","Volume 1306 < Seuil 60000 (1 cotations testées)"
"6615","SOFIVA GENOMICS CO., LTD.","","Taïwan","TWSE","TWD","10923","60000","XTAI","6615","MIC:XTAI","Volume 10923 < Seuil 60000 (1 cotations testées)"
"2496","SUCCESS PRIME CORP.","","Taïwan","TWSE","TWD","34508","60000","XTAI","2496","MIC:XTAI","Volume 34508 < Seuil 60000 (1 cotations testées)"
"7867","TEST RITE RETAIL CO., LTD.","","Taïwan","TWSE","TWD","11490","60000","XTAI","7867","MIC:XTAI","Volume 11490 < Seuil 60000 (1 cotations testées)"
"7868","INFORCOM TECHNOLOGY INC.","","Taïwan","TWSE","TWD","31950","60000","XTAI","7868","MIC:XTAI","Volume 31950 < Seuil 60000 (1 cotations testées)"
"7870","ACCORDANCE SYSTEMS INC.","","Taïwan","TWSE","TWD","2363","60000","XTAI","7870","MIC:XTAI","Volume 2363 < Seuil 60000 (1 cotations testées)"
"7869","HORNG YU ELECTRIC CO., LTD.","","Taïwan","TWSE","TWD","1168","60000","XTAI","7869","MIC:XTAI","Volume 1168 < Seuil 60000 (1 cotations testées)"
"3570","OTSUKA INFORMATION TECHNOLOGY CORP.","","Taïwan","TWSE","TWD","39212","60000","XTAI","3570","MIC:XTAI","Volume 39212 < Seuil 60000 (1 cotations testées)"
"BQC","A-SMART HOLDINGS LTD.","","Singapour","SGX","SGD","3000","100000","XSES","BQC","REGION:ASIA","Volume 3000 < Seuil 100000 (1 cotations testées)"
"5PF","JASON MARINE GROUP LTD.","","Singapour","SGX","SGD","100","100000","XSES","5PF","REGION:ASIA","Volume 100 < Seuil 100000 (1 cotations testées)"
"BQD","ENVICTUS INTERNATIONAL HOLDINGS LTD.","","Singapour","SGX","SGD","14210","100000","XSES","BQD","REGION:ASIA","Volume 14210 < Seuil 100000 (1 cotations testées)"
"CJN","BRITISH AND MALAYAN HOLDINGS LIMITED","","Singapour","SGX","SGD","0","100000","XSES","CJN","REGION:ASIA","Volume 0 < Seuil 100000 (1 cotations testées)"
"SUN","CSOP CSAM CSI A500 INDEX ETF","","Singapour","SGX","SGD","9964","100000","XSES","SUN","REGION:ASIA","Volume 9964 < Seuil 100000 (1 cotations testées)"
"5OI","JAPAN FOODS HOLDING LTD.","","Singapour","SGX","SGD","300","100000","XSES","5OI","REGION:ASIA","Volume 300 < Seuil 100000 (1 cotations testées)"
"BQF","XMH HOLDINGS LTD.","","Singapour","SGX","SGD","10100","100000","XSES","BQF","REGION:ASIA","Volume 10100 < Seuil 100000 (1 cotations testées)"
"AYN","GLOBAL TESTING CORPORATION LTD.","","Singapour","SGX","SGD","7420","100000","XSES","AYN","REGION:ASIA","Volume 7420 < Seuil 100000 (1 cotations testées)"
"N01","NERA TELECOMMUNICATIONS LTD.","","Singapour","SGX","SGD","17320","100000","XSES","N01","REGION:ASIA","Volume 17320 < Seuil 100000 (1 cotations testées)"
"XCF","KT&G CORPORATION","","Singapour","SGX","SGD","50","100000","XSES","XCF","REGION:ASIA","Volume 50 < Seuil 100000 (1 cotations testées)"
"S71","SUNRIGHT LTD.","","Singapour","SGX","SGD","57500","100000","XSES","S71","REGION:ASIA","Volume 57500 < Seuil 100000 (1 cotations testées)"
"S61","SBS TRANSIT LTD.","","Singapour","SGX","SGD","87260","100000","XSES","S61","REGION:ASIA","Volume 87260 < Seuil 100000 (1 cotations testées)"
"BPF","YHI INTERNATIONAL LTD.","","Singapour","SGX","SGD","17450","100000","XSES","BPF","REGION:ASIA","Volume 17450 < Seuil 100000 (1 cotations testées)"
"S29","STAMFORD TYRES CORPORATION LTD.","","Singapour","SGX","SGD","22500","100000","XSES","S29","REGION:ASIA","Volume 22500 < Seuil 100000 (1 cotations testées)"
"583","PROGEN HOLDINGS LTD.","","Singapour","SGX","SGD","57760","100000","XSES","583","REGION:ASIA","Volume 57760 < Seuil 100000 (1 cotations testées)"
"AJ2","OUHUA ENERGY HOLDINGS LTD.","","Singapour","SGX","SGD","0","100000","XSES","AJ2","REGION:ASIA","Volume 0 < Seuil 100000 (1 cotations testées)"
"AWV","CAPTII LIMITED","","Singapour","SGX","SGD","900","100000","XSES","AWV","REGION:ASIA","Volume 900 < Seuil 100000 (1 cotations testées)"
"AWM","SHANGHAI TURBO ENTERPRISES LTD.","","Singapour","SGX","SGD","33630","100000","XSES","AWM","REGION:ASIA","Volume 33630 < Seuil 100000 (1 cotations testées)"
"S19","SINGAPORE SHIPPING CORPORATION LTD.","","Singapour","SGX","SGD","93090","100000","XSES","S19","REGION:ASIA","Volume 93090 < Seuil 100000 (1 cotations testées)"
"XHV","SERIAL ACHIEVA LIMITED","","Singapour","SGX","SGD","6000","100000","XSES","XHV","REGION:ASIA","Volume 6000 < Seuil 100000 (1 cotations testées)"
"500","TAI SIN ELECTRIC LTD.","","Singapour","SGX","SGD","67470","100000","XSES","500","REGION:ASIA","Volume 67470 < Seuil 100000 (1 cotations testées)"
"XJB","GHY CULTURE & MEDIA HOLDING CO LTD","","Singapour","SGX","SGD","4340","100000","XSES","XJB","REGION:ASIA","Volume 4340 < Seuil 100000 (1 cotations testées)"
"LVR","17LIVE GROUP LIMITED","","Singapour","SGX","SGD","44300","100000","XSES","LVR","REGION:ASIA","Volume 44300 < Seuil 100000 (1 cotations testées)"
"ENV","LS 2 HOLDINGS LTD.","","Singapour","SGX","SGD","9110","100000","XSES","ENV","REGION:ASIA","Volume 9110 < Seuil 100000 (1 cotations testées)"
"5OR","HEATEC JIETONG HOLDINGS LTD.","","Singapour","SGX","SGD","0","100000","XSES","5OR","REGION:ASIA","Volume 0 < Seuil 100000 (1 cotations testées)"
"AWK","FUXING CHINA GROUP LTD.","","Singapour","SGX","SGD","2620","100000","XSES","AWK","REGION:ASIA","Volume 2620 < Seuil 100000 (1 cotations testées)"
"AWI","THAKRAL CORPORATION LTD.","","Singapour","SGX","SGD","27670","100000","XSES","AWI","REGION:ASIA","Volume 27670 < Seuil 100000 (1 cotations testées)"
"OAJ","FORTRESS MINERALS LTD.","","Singapour","SGX","SGD","20520","100000","XSES","OAJ","REGION:ASIA","Volume 20520 < Seuil 100000 (1 cotations testées)"
"BRD","SAPPHIRE CORPORATION LTD.","","Singapour","SGX","SGD","11730","100000","XSES","BRD","REGION:ASIA","Volume 11730 < Seuil 100000 (1 cotations testées)"
"5OX","MARY CHIA HOLDINGS LTD.","","Singapour","SGX","SGD","14300","100000","XSES","5OX","REGION:ASIA","Volume 14300 < Seuil 100000 (1 cotations testées)"
"MV4","MEWAH INTERNATIONAL INC.","","Singapour","SGX","SGD","20040","100000","XSES","MV4","REGION:ASIA","Volume 20040 < Seuil 100000 (1 cotations testées)"
"AVX","HL GLOBAL ENTERPRISES LTD.","","Singapour","SGX","SGD","10810","100000","XSES","AVX","REGION:ASIA","Volume 10810 < Seuil 100000 (1 cotations testées)"
"AWC","BROOK CROMPTON HOLDINGS LTD.","","Singapour","SGX","SGD","2620","100000","XSES","AWC","REGION:ASIA","Volume 2620 < Seuil 100000 (1 cotations testées)"
"S35","SING INVESTMENTS & FINANCE LTD.","","Singapour","SGX","SGD","46740","100000","XSES","S35","REGION:ASIA","Volume 46740 < Seuil 100000 (1 cotations testées)"
"AWG","ASCENT BRIDGE LTD.","","Singapour","SGX","SGD","29620","100000","XSES","AWG","REGION:ASIA","Volume 29620 < Seuil 100000 (1 cotations testées)"
"S23","SINGAPURA FINANCE LTD.","","Singapour","SGX","SGD","10930","100000","XSES","S23","REGION:ASIA","Volume 10930 < Seuil 100000 (1 cotations testées)"
"5OQ","TEHO INTERNATIONAL INC. LTD.","","Singapour","SGX","SGD","0","100000","XSES","5OQ","REGION:ASIA","Volume 0 < Seuil 100000 (1 cotations testées)"
"AWZ","MULTI-CHEM LTD.","","Singapour","SGX","SGD","8620","100000","XSES","AWZ","REGION:ASIA","Volume 8620 < Seuil 100000 (1 cotations testées)"
"BQM","TIONG WOON CORPORATION HOLDING LTD.","","Singapour","SGX","SGD","57700","100000","XSES","BQM","REGION:ASIA","Volume 57700 < Seuil 100000 (1 cotations testées)"
"BQN","BH GLOBAL CORPORATION LTD.","","Singapour","SGX","SGD","3910","100000","XSES","BQN","REGION:ASIA","Volume 3910 < Seuil 100000 (1 cotations testées)"
"S44","ENGRO CORPORATION LTD.","","Singapour","SGX","SGD","63970","100000","XSES","S44","REGION:ASIA","Volume 63970 < Seuil 100000 (1 cotations testées)"
"5PD","HENGYANG PETROCHEMICAL LOGISTICS CO., LTD.","","Singapour","SGX","SGD","0","100000","XSES","5PD","REGION:ASIA","Volume 0 < Seuil 100000 (1 cotations testées)"
"43Q","ADVANCER GLOBAL LTD.","","Singapour","SGX","SGD","560","100000","XSES","43Q","REGION:ASIA","Volume 560 < Seuil 100000 (1 cotations testées)"
"BRS","UMS HOLDINGS LTD.","","Singapour","SGX","SGD","0","100000","XSES","BRS","REGION:ASIA","Volume 0 < Seuil 100000 (1 cotations testées)"
"BQP","SOUTHERN PACKAGING GROUP LTD.","","Singapour","SGX","SGD","460","100000","XSES","BQP","REGION:ASIA","Volume 460 < Seuil 100000 (1 cotations testées)"
"SES","SHANAYA LTD.","","Singapour","SGX","SGD","0","100000","XSES","SES","REGION:ASIA","Volume 0 < Seuil 100000 (1 cotations testées)"
"CLN","APAC REALTY LTD.","","Singapour","SGX","SGD","86070","100000","XSES","CLN","REGION:ASIA","Volume 86070 < Seuil 100000 (1 cotations testées)"
"RQ1","OVERSEAS EDUCATION LIMITED","","Singapour","SGX","SGD","4740","100000","XSES","RQ1","REGION:ASIA","Volume 4740 < Seuil 100000 (1 cotations testées)"
"A06","FIRST SPONSOR GROUP LIMITED","","Singapour","SGX","SGD","68800","100000","XSES","A06","REGION:ASIA","Volume 68800 < Seuil 100000 (1 cotations testées)"
"5PC","GOODLAND GROUP LTD.","","Singapour","SGX","SGD","0","100000","XSES","5PC","REGION:ASIA","Volume 0 < Seuil 100000 (1 cotations testées)"
"LUY","RAFFLES INFRASTRUCTURE HOLDINGS LIMITED","","Singapour","SGX","SGD","0","100000","XSES","LUY","REGION:ASIA","Volume 0 < Seuil 100000 (1 cotations testées)"
"RC5","TRIYARDS HOLDINGS LTD.","","Singapour","SGX","SGD","0","100000","XSES","RC5","REGION:ASIA","Volume 0 < Seuil 100000 (1 cotations testées)"
"49B","AMOS GROUP LTD.","","Singapour","SGX","SGD","0","100000","XSES","49B","REGION:ASIA","Volume 0 < Seuil 100000 (1 cotations testées)"
"S07","SHANGRI-LA ASIA LTD","","Singapour","SGX","HKD","9200","100000","XSES","S07","REGION:ASIA","Volume 9200 < Seuil 100000 (1 cotations testées)"
"YYB","BACUI TECHNOLOGIES INTERNATIONAL INC.","","Singapour","SGX","SGD","22510","100000","XSES","YYB","REGION:ASIA","Volume 22510 < Seuil 100000 (1 cotations testées)"
"LMS","LMS COMPLIANCE LTD.","","Singapour","SGX","SGD","21890","100000","XSES","LMS","REGION:ASIA","Volume 21890 < Seuil 100000 (1 cotations testées)"
"MIJ","ALLIANCE HEALTHCARE GROUP LTD.","","Singapour","SGX","SGD","1080","100000","XSES","MIJ","REGION:ASIA","Volume 1080 < Seuil 100000 (1 cotations testées)"
"CNE","MINDCHAMPS PRESCHOOL LTD.","","Singapour","SGX","SGD","7000","100000","XSES","CNE","REGION:ASIA","Volume 7000 < Seuil 100000 (1 cotations testées)"
"S41","HONG LEONG FINANCE LTD.","","Singapour","SGX","SGD","40320","100000","XSES","S41","REGION:ASIA","Volume 40320 < Seuil 100000 (1 cotations testées)"
"S85","STRACO CORPORATION LTD.","","Singapour","SGX","SGD","31100","100000","XSES","S85","REGION:ASIA","Volume 31100 < Seuil 100000 (1 cotations testées)"
"SHE","SOON HOCK ENTERPRISE HOLDING LIMITED","","Singapour","SGX","SGD","28300","100000","XSES","SHE","REGION:ASIA","Volume 28300 < Seuil 100000 (1 cotations testées)"
"WKS","WINKING STUDIOS LTD.","","Singapour","SGX","SGD","20430","100000","XSES","WKS","REGION:ASIA","Volume 20430 < Seuil 100000 (1 cotations testées)"
"5SY","ONEAPEX LTD.","","Singapour","SGX","SGD","4320","100000","XSES","5SY","REGION:ASIA","Volume 4320 < Seuil 100000 (1 cotations testées)"
"5TI","SDAI LTD.","","Singapour","SGX","SGD","0","100000","XSES","5TI","REGION:ASIA","Volume 0 < Seuil 100000 (1 cotations testées)"
"5TJ","FAR EAST GROUP LTD.","","Singapour","SGX","SGD","2010","100000","XSES","5TJ","REGION:ASIA","Volume 2010 < Seuil 100000 (1 cotations testées)"
"KUX","OIO HOLDINGS LTD.","","Singapour","SGX","SGD","4060","100000","XSES","KUX","REGION:ASIA","Volume 4060 < Seuil 100000 (1 cotations testées)"
"KYB","FOOD INNOVATORS HOLDINGS LTD.","","Singapour","SGX","SGD","10870","100000","XSES","KYB","REGION:ASIA","Volume 10870 < Seuil 100000 (1 cotations testées)"
"H20","HOE LEONG CORPORATION LTD.","","Singapour","SGX","SGD","110","100000","XSES","H20","REGION:ASIA","Volume 110 < Seuil 100000 (1 cotations testées)"
"L02","METIS ENERGY LTD.","","Singapour","SGX","SGD","29320","100000","XSES","L02","REGION:ASIA","Volume 29320 < Seuil 100000 (1 cotations testées)"
"H18","HOTEL GRAND CENTRAL LTD","","Singapour","SGX","SGD","28180","100000","XSES","H18","REGION:ASIA","Volume 28180 < Seuil 100000 (1 cotations testées)"
"L19","LUM CHANG HOLDINGS LTD.","","Singapour","SGX","SGD","9370","100000","XSES","L19","REGION:ASIA","Volume 9370 < Seuil 100000 (1 cotations testées)"
"GRQ","DON AGRO INTERNATIONAL LTD.","","Singapour","SGX","SGD","5100","100000","XSES","GRQ","REGION:ASIA","Volume 5100 < Seuil 100000 (1 cotations testées)"
"KUH","TSH CORPORATION LTD.","","Singapour","SGX","SGD","1230","100000","XSES","KUH","REGION:ASIA","Volume 1230 < Seuil 100000 (1 cotations testées)"
"5SR","ZHONGMIN BAIHUI RETAIL GROUP LTD.","","Singapour","SGX","SGD","400","100000","XSES","5SR","REGION:ASIA","Volume 400 < Seuil 100000 (1 cotations testées)"
"C9Q","SINOSTAR PEC HOLDINGS LTD.","","Singapour","SGX","SGD","71900","100000","XSES","C9Q","REGION:ASIA","Volume 71900 < Seuil 100000 (1 cotations testées)"
"URR","SIM LEISURE GROUP LTD.","","Singapour","SGX","SGD","160","100000","XSES","URR","REGION:ASIA","Volume 160 < Seuil 100000 (1 cotations testées)"
"LJ3","OUE LTD.","","Singapour","SGX","SGD","46710","100000","XSES","LJ3","REGION:ASIA","Volume 46710 < Seuil 100000 (1 cotations testées)"
"TVV","OXPAY FINANCIAL LTD.","","Singapour","SGX","SGD","82800","100000","XSES","TVV","REGION:ASIA","Volume 82800 < Seuil 100000 (1 cotations testées)"
"PPC","PROSPER CAPITAL CORPORATION LTD.","","Singapour","SGX","SGD","50","100000","XSES","PPC","REGION:ASIA","Volume 50 < Seuil 100000 (1 cotations testées)"
"5RC","ES GROUP (HOLDINGS) LIMITED","","Singapour","SGX","SGD","3720","100000","XSES","5RC","REGION:ASIA","Volume 3720 < Seuil 100000 (1 cotations testées)"
"GRO","CGS FULLGOAL CSI 1000 ETF","","Singapour","SGX","SGD","4887","100000","XSES","GRO","REGION:ASIA","Volume 4887 < Seuil 100000 (1 cotations testées)"
"PRH","LIVINGSTONE HEALTH HOLDINGS LTD.","","Singapour","SGX","SGD","10210","100000","XSES","PRH","REGION:ASIA","Volume 10210 < Seuil 100000 (1 cotations testées)"
"H15","HOTEL PROPERTIES LTD.","","Singapour","SGX","SGD","11730","100000","XSES","H15","REGION:ASIA","Volume 11730 < Seuil 100000 (1 cotations testées)"
"5RE","ASIA VETS HOLDINGS LTD.","","Singapour","SGX","SGD","90","100000","XSES","5RE","REGION:ASIA","Volume 90 < Seuil 100000 (1 cotations testées)"
"X5N","AVARGA LTD","","Singapour","SGX","SGD","22510","100000","XSES","X5N","REGION:ASIA","Volume 22510 < Seuil 100000 (2 cotations testées)"
"U13","UNITED OVERSEAS INSURANCE LTD.","","Singapour","SGX","SGD","2000","100000","XSES","U13","REGION:ASIA","Volume 2000 < Seuil 100000 (1 cotations testées)"
"5RF","MERCURIUS CAPITAL INVESTMENT LTD.","","Singapour","SGX","SGD","0","100000","XSES","5RF","REGION:ASIA","Volume 0 < Seuil 100000 (1 cotations testées)"
"U77","SARINE TECHNOLOGIES LTD.","","Singapour","SGX","SGD","25380","100000","XSES","U77","REGION:ASIA","Volume 25380 < Seuil 100000 (1 cotations testées)"
"U9E","CHINA EVERBRIGHT WATER LTD.","","Singapour","SGX","SGD","72540","100000","XSES","U9E","REGION:ASIA","Volume 72540 < Seuil 100000 (1 cotations testées)"
"5SO","DUTY FREE INTERNATIONAL LTD.","","Singapour","SGX","SGD","46270","100000","XSES","5SO","REGION:ASIA","Volume 46270 < Seuil 100000 (1 cotations testées)"
"U06","SINGAPORE LAND GROUP LTD.","","Singapour","SGX","SGD","80150","100000","XSES","U06","REGION:ASIA","Volume 80150 < Seuil 100000 (1 cotations testées)"
"5TT","KEONG HONG HOLDINGS LTD.","","Singapour","SGX","SGD","10","100000","XSES","5TT","REGION:ASIA","Volume 10 < Seuil 100000 (1 cotations testées)"
"L23","ENVIRO-HUB HOLDINGS LTD.","","Singapour","SGX","SGD","60000","100000","XSES","L23","REGION:ASIA","Volume 60000 < Seuil 100000 (1 cotations testées)"
"H13","HO BEE LAND LTD.","","Singapour","SGX","SGD","24480","100000","XSES","H13","REGION:ASIA","Volume 24480 < Seuil 100000 (1 cotations testées)"
"A55","ASIA ENTERPRISES HOLDING LTD.","","Singapour","SGX","SGD","60010","100000","XSES","A55","REGION:ASIA","Volume 60010 < Seuil 100000 (1 cotations testées)"
"A52","ANNAIK LTD.","","Singapour","SGX","SGD","2600","100000","XSES","A52","REGION:ASIA","Volume 2600 < Seuil 100000 (1 cotations testées)"
"5VS","HAFARY HOLDINGS LTD.","","Singapour","SGX","SGD","72230","100000","XSES","5VS","REGION:ASIA","Volume 72230 < Seuil 100000 (1 cotations testées)"
"K03","KHONG GUAN LIMITED","","Singapour","SGX","SGD","1100","100000","XSES","K03","REGION:ASIA","Volume 1100 < Seuil 100000 (1 cotations testées)"
"9VW","$ SPACKMAN ENTMT","","Singapour","SGX","SGD","15600","100000","XSES","9VW","REGION:ASIA","Volume 15600 < Seuil 100000 (1 cotations testées)"
"5VJ","HALCYON AGRI CORPORATION LTD.","","Singapour","SGX","SGD","0","100000","XSES","5VJ","REGION:ASIA","Volume 0 < Seuil 100000 (1 cotations testées)"
"5WV","ASIAPHOS LTD.","","Singapour","SGX","SGD","37120","100000","XSES","5WV","REGION:ASIA","Volume 37120 < Seuil 100000 (1 cotations testées)"
"H12","HOTEL ROYAL LTD.","","Singapour","SGX","SGD","4150","100000","XSES","H12","REGION:ASIA","Volume 4150 < Seuil 100000 (1 cotations testées)"
"UGS","ULTRAGREEN.AI LTD","","Singapour","SGX","SGD","60040","100000","XSES","UGS","REGION:ASIA","Volume 60040 < Seuil 100000 (1 cotations testées)"
"5UA","LUMINOR FINANCIAL HOLDINGS LTD.","","Singapour","SGX","SGD","6100","100000","XSES","5UA","REGION:ASIA","Volume 6100 < Seuil 100000 (1 cotations testées)"
"E9L","JOYAS INTERNATIONAL HOLDINGS LTD.","","Singapour","SGX","SGD","24620","100000","XSES","E9L","REGION:ASIA","Volume 24620 < Seuil 100000 (1 cotations testées)"
"9I7","BROMAT HOLDINGS LTD.","","Singapour","SGX","SGD","83200","100000","XSES","9I7","REGION:ASIA","Volume 83200 < Seuil 100000 (1 cotations testées)"
"SGR","SHEFFIELD GREEN LTD.","","Singapour","SGX","SGD","200","100000","XSES","SGR","REGION:ASIA","Volume 200 < Seuil 100000 (1 cotations testées)"
"A78","SHEN YAO HOLDINGS LTD.","","Singapour","SGX","SGD","0","100000","XSES","A78","REGION:ASIA","Volume 0 < Seuil 100000 (1 cotations testées)"
"5UL","ATLANTIC NAVIGATION HOLDINGS LTD.","","Singapour","SGX","SGD","44470","100000","XSES","5UL","REGION:ASIA","Volume 44470 < Seuil 100000 (1 cotations testées)"
"K29","KARIN TECHNOLOGY HOLDINGS LTD.","","Singapour","SGX","SGD","34950","100000","XSES","K29","REGION:ASIA","Volume 34950 < Seuil 100000 (1 cotations testées)"
"5VC","KORI HOLDINGS LTD.","","Singapour","SGX","SGD","0","100000","XSES","5VC","REGION:ASIA","Volume 0 < Seuil 100000 (1 cotations testées)"
"E6R","SAMKO TIMBER LTD.","","Singapour","SGX","SGD","81300","100000","XSES","E6R","REGION:ASIA","Volume 81300 < Seuil 100000 (1 cotations testées)"
"5VI","BOLDTEK HOLDINGS LTD.","","Singapour","SGX","SGD","0","100000","XSES","5VI","REGION:ASIA","Volume 0 < Seuil 100000 (1 cotations testées)"
"C76","CREATIVE TECHNOLOGY LTD.","","Singapour","SGX","SGD","21260","100000","XSES","C76","REGION:ASIA","Volume 21260 < Seuil 100000 (1 cotations testées)"
"8U7U","IREIT GLOBAL","","Singapour","SGX","EUR","0","100000","XSES","8U7U","REGION:ASIA","Volume 0 < Seuil 100000 (1 cotations testées)"
"5PO","HIAP TONG CORPORATION LTD.","","Singapour","SGX","SGD","21290","100000","XSES","5PO","REGION:ASIA","Volume 21290 < Seuil 100000 (1 cotations testées)"
"BTP","BAKER TECHNOLOGY LTD.","","Singapour","SGX","SGD","9640","100000","XSES","BTP","REGION:ASIA","Volume 9640 < Seuil 100000 (1 cotations testées)"
"N0Z","COMBINE WILL INTERNATIONAL HOLDINGS LIMITED","","Singapour","SGX","SGD","300","100000","XSES","N0Z","REGION:ASIA","Volume 300 < Seuil 100000 (1 cotations testées)"
"8K7","UG HEALTHCARE CORPORATION LTD.","","Singapour","SGX","SGD","49610","100000","XSES","8K7","REGION:ASIA","Volume 49610 < Seuil 100000 (1 cotations testées)"
"5QT","CHARISMA ENERGY SERVICES LTD.","","Singapour","SGX","SGD","25040","100000","XSES","5QT","REGION:ASIA","Volume 25040 < Seuil 100000 (1 cotations testées)"
"42E","CHOO CHIANG HOLDINGS LTD.","","Singapour","SGX","SGD","61200","100000","XSES","42E","REGION:ASIA","Volume 61200 < Seuil 100000 (1 cotations testées)"
"BTX","ANCHUN INTERNATIONAL HOLDINGS LTD.","","Singapour","SGX","SGD","3890","100000","XSES","BTX","REGION:ASIA","Volume 3890 < Seuil 100000 (1 cotations testées)"
"N2H","HYFLUX LTD.","","Singapour","SGX","SGD","0","100000","XSES","N2H","REGION:ASIA","Volume 0 < Seuil 100000 (1 cotations testées)"
"CHZ","HRNETGROUP LTD.","","Singapour","SGX","SGD","88000","100000","XSES","CHZ","REGION:ASIA","Volume 88000 < Seuil 100000 (1 cotations testées)"
"N32","NIPPECRAFT LTD.","","Singapour","SGX","SGD","28060","100000","XSES","N32","REGION:ASIA","Volume 28060 < Seuil 100000 (1 cotations testées)"
"41H","BLACKGOLD NATURAL RESOURCES PTE. LTD.","","Singapour","SGX","SGD","0","100000","XSES","41H","REGION:ASIA","Volume 0 < Seuil 100000 (1 cotations testées)"
"RCU","ASSURANCE HEALTHCARE LTD.","","Singapour","SGX","SGD","13000","100000","XSES","RCU","REGION:ASIA","Volume 13000 < Seuil 100000 (1 cotations testées)"
"S9B","AMCORP GLOBAL LTD","","Singapour","SGX","SGD","3000","100000","XSES","S9B","REGION:ASIA","Volume 3000 < Seuil 100000 (1 cotations testées)"
"J2T","HOCK LIAN SENG HOLDINGS LTD.","","Singapour","SGX","SGD","69700","100000","XSES","J2T","REGION:ASIA","Volume 69700 < Seuil 100000 (1 cotations testées)"
"42Z","EINDEC CORPORATION LIMITED","","Singapour","SGX","SGD","11610","100000","XSES","42Z","REGION:ASIA","Volume 11610 < Seuil 100000 (1 cotations testées)"
"N02","NSL LTD.","","Singapour","SGX","SGD","2490","100000","XSES","N02","REGION:ASIA","Volume 2490 < Seuil 100000 (1 cotations testées)"
"BTE","BUND CENTER INVESTMENT LTD.","","Singapour","SGX","SGD","10880","100000","XSES","BTE","REGION:ASIA","Volume 10880 < Seuil 100000 (1 cotations testées)"
"BTG","HG METAL MANUFACTURING LTD.","","Singapour","SGX","SGD","12420","100000","XSES","BTG","REGION:ASIA","Volume 12420 < Seuil 100000 (1 cotations testées)"
"42S","ASTAKA HOLDINGS LTD.","","Singapour","SGX","SGD","12560","100000","XSES","42S","REGION:ASIA","Volume 12560 < Seuil 100000 (1 cotations testées)"
"BTJ","A-SONIC AEROSPACE LTD.","","Singapour","SGX","SGD","1400","100000","XSES","BTJ","REGION:ASIA","Volume 1400 < Seuil 100000 (1 cotations testées)"
"42R","JUMBO GROUP LTD.","","Singapour","SGX","SGD","26700","100000","XSES","42R","REGION:ASIA","Volume 26700 < Seuil 100000 (1 cotations testées)"
"BTM","PENGUIN INTERNATIONAL LTD.","","Singapour","SGX","SGD","12300","100000","XSES","BTM","REGION:ASIA","Volume 12300 < Seuil 100000 (1 cotations testées)"
"N08","NEW TOYO INTERNATIONAL HOLDINGS LTD.","","Singapour","SGX","SGD","15520","100000","XSES","N08","REGION:ASIA","Volume 15520 < Seuil 100000 (1 cotations testées)"
"42L","TAKA JEWELLERY HOLDINGS LTD.","","Singapour","SGX","SGD","91510","100000","XSES","42L","REGION:ASIA","Volume 91510 < Seuil 100000 (1 cotations testées)"
"STG","SRI TRANG GLOVES PUBLIC COMPANY LIMITED","","Singapour","SGX","SGD","0","100000","XSES","STG","REGION:ASIA","Volume 0 < Seuil 100000 (1 cotations testées)"
"BWCU","EC WORLD REAL ESTATE INVESTMENT TRUST","","Singapour","SGX","SGD","0","100000","XSES","BWCU","REGION:ASIA","Volume 0 < Seuil 100000 (1 cotations testées)"
"UUK","PASTURE HOLDINGS LTD.","","Singapour","SGX","SGD","100","100000","XSES","UUK","REGION:ASIA","Volume 100 < Seuil 100000 (1 cotations testées)"
"5QY","NET PACIFIC FINANCIAL HOLDINGS LTD.","","Singapour","SGX","SGD","34240","100000","XSES","5QY","REGION:ASIA","Volume 34240 < Seuil 100000 (1 cotations testées)"
"C04","CASA HOLDINGS LTD.","","Singapour","SGX","SGD","7220","100000","XSES","C04","REGION:ASIA","Volume 7220 < Seuil 100000 (1 cotations testées)"
"C05","CHEMICAL INDUSTRIES (FAR EAST) LTD.","","Singapour","SGX","SGD","16560","100000","XSES","C05","REGION:ASIA","Volume 16560 < Seuil 100000 (1 cotations testées)"
"NC2","SRI TRANG AGRO-INDUSTRY PUBLIC COMPANY LIMITED","","Singapour","SGX","SGD","49110","100000","XSES","NC2","REGION:ASIA","Volume 49110 < Seuil 100000 (1 cotations testées)"
"WJP","VICOM LTD.","","Singapour","SGX","SGD","33250","100000","XSES","WJP","REGION:ASIA","Volume 33250 < Seuil 100000 (1 cotations testées)"
"SJY","MEGROUP LTD.","","Singapour","SGX","SGD","10090","100000","XSES","SJY","REGION:ASIA","Volume 10090 < Seuil 100000 (1 cotations testées)"
"5RA","ASIA-PACIFIC STRATEGIC INVESTMENTS LIMITED","","Singapour","SGX","SGD","0","100000","XSES","5RA","REGION:ASIA","Volume 0 < Seuil 100000 (1 cotations testées)"
"8A1","FORISE INTERNATIONAL LTD.","","Singapour","SGX","SGD","22670","100000","XSES","8A1","REGION:ASIA","Volume 22670 < Seuil 100000 (1 cotations testées)"
"C41","CORTINA HOLDINGS LIMITED","","Singapour","SGX","SGD","9620","100000","XSES","C41","REGION:ASIA","Volume 9620 < Seuil 100000 (1 cotations testées)"
"BXE","CDW HOLDING LTD.","","Singapour","SGX","SGD","22470","100000","XSES","BXE","REGION:ASIA","Volume 22470 < Seuil 100000 (1 cotations testées)"
"RDR","INCREDIBLE HOLDINGS LTD.","","Singapour","SGX","SGD","0","100000","XSES","RDR","REGION:ASIA","Volume 0 < Seuil 100000 (1 cotations testées)"
"V3M","METECH INTERNATIONAL LTD.","","Singapour","SGX","SGD","41100","100000","XSES","V3M","REGION:ASIA","Volume 41100 < Seuil 100000 (1 cotations testées)"
"V2Y","V2Y CORP LTD.","","Singapour","SGX","SGD","0","100000","XSES","V2Y","REGION:ASIA","Volume 0 < Seuil 100000 (1 cotations testées)"
"40V","ALSET INTERNATIONAL LTD.","","Singapour","SGX","SGD","10900","100000","XSES","40V","REGION:ASIA","Volume 10900 < Seuil 100000 (1 cotations testées)"
"UV1","REGAL INTERNATIONAL GROUP LTD.","","Singapour","SGX","SGD","0","100000","XSES","UV1","REGION:ASIA","Volume 0 < Seuil 100000 (1 cotations testées)"
"40T","ISEC HEALTHCARE LTD.","","Singapour","SGX","SGD","3470","100000","XSES","40T","REGION:ASIA","Volume 3470 < Seuil 100000 (1 cotations testées)"
"40F","ALITA RESOURCES LTD.","","Singapour","SGX","SGD","0","100000","XSES","40F","REGION:ASIA","Volume 0 < Seuil 100000 (1 cotations testées)"
"40E","SPACKMAN ENTERTAINMENT GROUP LIMITED","","Singapour","SGX","SGD","30200","100000","XSES","40E","REGION:ASIA","Volume 30200 < Seuil 100000 (1 cotations testées)"
"UZF","DEZIGN FORMAT GROUP LIMITED","","Singapour","SGX","SGD","4580","100000","XSES","UZF","REGION:ASIA","Volume 4580 < Seuil 100000 (1 cotations testées)"
"ZB9","UNION STEEL HOLDINGS LTD.","","Singapour","SGX","SGD","2700","100000","XSES","ZB9","REGION:ASIA","Volume 2700 < Seuil 100000 (1 cotations testées)"
"40B","HEALTHBANK HOLDINGS LTD.","","Singapour","SGX","SGD","3000","100000","XSES","40B","REGION:ASIA","Volume 3000 < Seuil 100000 (1 cotations testées)"
"BWM","ZHENENG JINJIANG ENVIRONMENT HOLDING CO., LTD.","","Singapour","SGX","SGD","33600","100000","XSES","BWM","REGION:ASIA","Volume 33600 < Seuil 100000 (1 cotations testées)"
"CHJ","UNI-ASIA GROUP LTD.","","Singapour","SGX","SGD","27750","100000","XSES","CHJ","REGION:ASIA","Volume 27750 < Seuil 100000 (1 cotations testées)"
"40N","VERSALINK HOLDINGS LTD.","","Singapour","SGX","SGD","0","100000","XSES","40N","REGION:ASIA","Volume 0 < Seuil 100000 (1 cotations testées)"
"O10","FAR EAST ORCHARD LTD.","","Singapour","SGX","SGD","36780","100000","XSES","O10","REGION:ASIA","Volume 36780 < Seuil 100000 (1 cotations testées)"
"5DM","YING LI INTERNATIONAL REAL ESTATE LIMITED","","Singapour","SGX","SGD","90200","100000","XSES","5DM","REGION:ASIA","Volume 90200 < Seuil 100000 (1 cotations testées)"
"BKW","DATAPULSE TECHNOLOGY LTD.","","Singapour","SGX","SGD","3300","100000","XSES","BKW","REGION:ASIA","Volume 3300 < Seuil 100000 (1 cotations testées)"
"NPW","MALAYSIA SMELTING CORPORATION BERHAD","","Singapour","SGX","SGD","1530","100000","XSES","NPW","REGION:ASIA","Volume 1530 < Seuil 100000 (1 cotations testées)"
"533","ABR HOLDINGS LTD.","","Singapour","SGX","SGD","320","100000","XSES","533","REGION:ASIA","Volume 320 < Seuil 100000 (1 cotations testées)"
"BKV","CHINA SHENSHAN ORCHARD HOLDINGS CO., LTD.","","Singapour","SGX","SGD","100","100000","XSES","BKV","REGION:ASIA","Volume 100 < Seuil 100000 (1 cotations testées)"
"LGH","LEONG GUAN HOLDINGS LIMITED","","Singapour","SGX","SGD","3590","100000","XSES","LGH","REGION:ASIA","Volume 3590 < Seuil 100000 (1 cotations testées)"
"BKX","YONGMAO HOLDINGS LTD.","","Singapour","SGX","SGD","0","100000","XSES","BKX","REGION:ASIA","Volume 0 < Seuil 100000 (1 cotations testées)"
"5GI","INTERRA RESOURCES LTD.","","Singapour","SGX","SGD","0","100000","XSES","5GI","REGION:ASIA","Volume 0 < Seuil 100000 (1 cotations testées)"
"5GJ","AUSGROUP LTD.","","Singapour","SGX","SGD","0","100000","XSES","5GJ","REGION:ASIA","Volume 0 < Seuil 100000 (1 cotations testées)"
"BKZ","SUNTAR ECO-CITY LTD.","","Singapour","SGX","SGD","2600","100000","XSES","BKZ","REGION:ASIA","Volume 2600 < Seuil 100000 (1 cotations testées)"
"I06","INTRACO LTD.","","Singapour","SGX","SGD","6310","100000","XSES","I06","REGION:ASIA","Volume 6310 < Seuil 100000 (1 cotations testées)"
"OTX","MEDINEX LTD.","","Singapour","SGX","SGD","20000","100000","XSES","OTX","REGION:ASIA","Volume 20000 < Seuil 100000 (1 cotations testées)"
"T12","TAT SENG PACKAGING GROUP LTD.","","Singapour","SGX","SGD","12400","100000","XSES","T12","REGION:ASIA","Volume 12400 < Seuil 100000 (1 cotations testées)"
"T43","YUNNAN ENERGY INTERNATIONAL CO. LIMITED","","Singapour","SGX","SGD","0","100000","XSES","T43","REGION:ASIA","Volume 0 < Seuil 100000 (1 cotations testées)"
"T41","TELECHOICE INTERNATIONAL LTD.","","Singapour","SGX","SGD","34740","100000","XSES","T41","REGION:ASIA","Volume 34740 < Seuil 100000 (1 cotations testées)"
"G20","GP INDUSTRIES LTD.","","Singapour","SGX","SGD","11560","100000","XSES","G20","REGION:ASIA","Volume 11560 < Seuil 100000 (1 cotations testées)"
"BKK","LUXKING GROUP HOLDINGS LTD.","","Singapour","SGX","SGD","0","100000","XSES","BKK","REGION:ASIA","Volume 0 < Seuil 100000 (1 cotations testées)"
"Y03","YEO HIAP SENG LTD.","","Singapour","SGX","SGD","9140","100000","XSES","Y03","REGION:ASIA","Volume 9140 < Seuil 100000 (1 cotations testées)"
"BAI","DIGILIFE TECHNOLOGIES LTD.","","Singapour","SGX","SGD","800","100000","XSES","BAI","REGION:ASIA","Volume 800 < Seuil 100000 (1 cotations testées)"
"G50","GRAND BANKS YACHTS LTD.","","Singapour","SGX","SGD","23000","100000","XSES","G50","REGION:ASIA","Volume 23000 < Seuil 100000 (1 cotations testées)"
"T15","TAN CHONG INTERNATIONAL LTD.","","Singapour","SGX","HKD","32070","100000","XSES","T15","REGION:ASIA","Volume 32070 < Seuil 100000 (1 cotations testées)"
"T4B","SINO GRANDNESS FOOD INDUSTRY GROUP LTD.","","Singapour","SGX","SGD","0","100000","XSES","T4B","REGION:ASIA","Volume 0 < Seuil 100000 (1 cotations testées)"
"BLR","DARCO WATER TECHNOLOGIES LTD.","","Singapour","SGX","SGD","1250","100000","XSES","BLR","REGION:ASIA","Volume 1250 < Seuil 100000 (1 cotations testées)"
"5BI","POLARIS LTD.","","Singapour","SGX","SGD","0","100000","XSES","5BI","REGION:ASIA","Volume 0 < Seuil 100000 (1 cotations testées)"
"BEI","LHT HOLDINGS LTD.","","Singapour","SGX","SGD","2180","100000","XSES","BEI","REGION:ASIA","Volume 2180 < Seuil 100000 (1 cotations testées)"
"BEH","CHINA INTERNATIONAL HOLDINGS LTD.","","Singapour","SGX","SGD","9530","100000","XSES","BEH","REGION:ASIA","Volume 9530 < Seuil 100000 (1 cotations testées)"
"FRQ","SINGAPORE PAINCARE HOLDINGS LIMITED","","Singapour","SGX","SGD","8910","100000","XSES","FRQ","REGION:ASIA","Volume 8910 < Seuil 100000 (1 cotations testées)"
"BLS","HOTUNG INVESTMENT HOLDINGS LTD.","","Singapour","SGX","SGD","19960","100000","XSES","BLS","REGION:ASIA","Volume 19960 < Seuil 100000 (1 cotations testées)"
"1J5","HYPHENS PHARMA INTERNATIONAL LIMITED","","Singapour","SGX","SGD","94180","100000","XSES","1J5","REGION:ASIA","Volume 94180 < Seuil 100000 (1 cotations testées)"
"DM0","PSC CORPORATION LTD.","","Singapour","SGX","SGD","54310","100000","XSES","DM0","REGION:ASIA","Volume 54310 < Seuil 100000 (1 cotations testées)"
"F17","GUOCOLAND LTD.","","Singapour","SGX","SGD","86920","100000","XSES","F17","REGION:ASIA","Volume 86920 < Seuil 100000 (1 cotations testées)"
"5AU","AP OIL INTERNATIONAL LTD.","","Singapour","SGX","SGD","1620","100000","XSES","5AU","REGION:ASIA","Volume 1620 < Seuil 100000 (1 cotations testées)"
"1H8","LY CORPORATION LTD.","","Singapour","SGX","SGD","8020","100000","XSES","1H8","REGION:ASIA","Volume 8020 < Seuil 100000 (1 cotations testées)"
"5HG","EDITION LIMITED","","Singapour","SGX","SGD","0","100000","XSES","5HG","REGION:ASIA","Volume 0 < Seuil 100000 (1 cotations testées)"
"BAC","CAMSING HEALTHCARE LTD.","","Singapour","SGX","SGD","60","100000","XSES","BAC","REGION:ASIA","Volume 60 < Seuil 100000 (1 cotations testées)"
"OTS","OTS HOLDINGS LTD.","","Singapour","SGX","SGD","23660","100000","XSES","OTS","REGION:ASIA","Volume 23660 < Seuil 100000 (1 cotations testées)"
"W05","WING TAI HOLDINGS LTD.","","Singapour","SGX","SGD","96150","100000","XSES","W05","REGION:ASIA","Volume 96150 < Seuil 100000 (1 cotations testées)"
"1J4","JEP HOLDINGS LTD.","","Singapour","SGX","SGD","75910","100000","XSES","1J4","REGION:ASIA","Volume 75910 < Seuil 100000 (1 cotations testées)"
"BFK","PHARMESIS INTERNATIONAL LTD","","Singapour","SGX","SGD","3000","100000","XSES","BFK","REGION:ASIA","Volume 3000 < Seuil 100000 (1 cotations testées)"
"Q01","QAF LTD.","","Singapour","SGX","SGD","47630","100000","XSES","Q01","REGION:ASIA","Volume 47630 < Seuil 100000 (1 cotations testées)"
"Q0F","IHH HEALTHCARE BERHAD","","Singapour","SGX","SGD","5220","100000","XSES","Q0F","REGION:ASIA","Volume 5220 < Seuil 100000 (1 cotations testées)"
"BFI","TIONG SENG HOLDINGS LTD.","","Singapour","SGX","SGD","34600","100000","XSES","BFI","REGION:ASIA","Volume 34600 < Seuil 100000 (1 cotations testées)"
"1000","SANLI ENVIRONMENT LIMITED","","Singapour","SGX","SGD","3100","100000","XSES","1000","REGION:ASIA","Volume 3100 < Seuil 100000 (1 cotations testées)"
"1F0","SHOPPER360 LTD.","","Singapour","SGX","SGD","3020","100000","XSES","1F0","REGION:ASIA","Volume 3020 < Seuil 100000 (1 cotations testées)"
"5DX","META HEALTH LTD.","","Singapour","SGX","SGD","90650","100000","XSES","5DX","REGION:ASIA","Volume 90650 < Seuil 100000 (1 cotations testées)"
"5DS","MEGACHEM LTD.","","Singapour","SGX","SGD","0","100000","XSES","5DS","REGION:ASIA","Volume 0 < Seuil 100000 (1 cotations testées)"
"5OC","KOYO INTERNATIONAL LTD.","","Singapour","SGX","SGD","10500","100000","XSES","5OC","REGION:ASIA","Volume 10500 < Seuil 100000 (1 cotations testées)"
"5DP","HEETON HOLDINGS LTD","","Singapour","SGX","SGD","37600","100000","XSES","5DP","REGION:ASIA","Volume 37600 < Seuil 100000 (1 cotations testées)"
"BFU","TYE SOON LTD.","","Singapour","SGX","SGD","5210","100000","XSES","BFU","REGION:ASIA","Volume 5210 < Seuil 100000 (1 cotations testées)"
"BHD","CHINA MINING INTERNATIONAL LIMITED","","Singapour","SGX","SGD","1010","100000","XSES","BHD","REGION:ASIA","Volume 1010 < Seuil 100000 (1 cotations testées)"
"5EF","ADVENTUS HOLDINGS LTD.","","Singapour","SGX","SGD","34370","100000","XSES","5EF","REGION:ASIA","Volume 34370 < Seuil 100000 (1 cotations testées)"
"5EG","ZHONGXIN FRUIT & JUICE LTD.","","Singapour","SGX","SGD","9580","100000","XSES","5EG","REGION:ASIA","Volume 9580 < Seuil 100000 (1 cotations testées)"
"BHU","SUTL ENTERPRISE LTD","","Singapour","SGX","SGD","5700","100000","XSES","BHU","REGION:ASIA","Volume 5700 < Seuil 100000 (1 cotations testées)"
"EMI","EMPERADOR INC.","","Singapour","SGX","SGD","7010","100000","XSES","EMI","REGION:ASIA","Volume 7010 < Seuil 100000 (1 cotations testées)"
"5EW","SEVENS ATELIER LTD.","","Singapour","SGX","SGD","3960","100000","XSES","5EW","REGION:ASIA","Volume 3960 < Seuil 100000 (1 cotations testées)"
"1B1","HC SURGICAL SPECIALISTS LTD","","Singapour","SGX","SGD","6680","100000","XSES","1B1","REGION:ASIA","Volume 6680 < Seuil 100000 (1 cotations testées)"
"TAP","THE ASSEMBLY PLACE HOLDINGS LTD.","","Singapour","SGX","SGD","77800","100000","XSES","TAP","REGION:ASIA","Volume 77800 < Seuil 100000 (1 cotations testées)"
"T55","TIH LTD.","","Singapour","SGX","SGD","53500","100000","XSES","T55","REGION:ASIA","Volume 53500 < Seuil 100000 (1 cotations testées)"
"EH5","UNITED OVERSEAS AUSTRALIA LTD.","","Singapour","SGX","SGD","4560","100000","XSES","EH5","REGION:ASIA","Volume 4560 < Seuil 100000 (1 cotations testées)"
"1F1","Y VENTURES GROUP LTD.","","Singapour","SGX","SGD","26440","100000","XSES","1F1","REGION:ASIA","Volume 26440 < Seuil 100000 (1 cotations testées)"
"VVL","ALPHA DX GROUP LTD.","","Singapour","SGX","SGD","0","100000","XSES","VVL","REGION:ASIA","Volume 0 < Seuil 100000 (1 cotations testées)"
"F86","MYP LTD.","","Singapour","SGX","SGD","24900","100000","XSES","F86","REGION:ASIA","Volume 24900 < Seuil 100000 (1 cotations testées)"
"Y8E","SAMURAI 2K AEROSOL LTD","","Singapour","SGX","SGD","84720","100000","XSES","Y8E","REGION:ASIA","Volume 84720 < Seuil 100000 (1 cotations testées)"
"5G2","KIM HENG LTD.","","Singapour","SGX","SGD","67550","100000","XSES","5G2","REGION:ASIA","Volume 67550 < Seuil 100000 (1 cotations testées)"
"DRX","ST GROUP FOOD INDUSTRIES HOLDINGS LTD.","","Singapour","SGX","SGD","0","100000","XSES","DRX","REGION:ASIA","Volume 0 < Seuil 100000 (1 cotations testées)"
"BJD","VIBROPOWER CORP LTD.","","Singapour","SGX","SGD","9220","100000","XSES","BJD","REGION:ASIA","Volume 9220 < Seuil 100000 (1 cotations testées)"
"BJV","YAMADA GREEN RESOURCES LTD.","","Singapour","SGX","SGD","0","100000","XSES","BJV","REGION:ASIA","Volume 0 < Seuil 100000 (1 cotations testées)"
"QNS","SOUTHERN ALLIANCE MINING LTD.","","Singapour","SGX","SGD","25210","100000","XSES","QNS","REGION:ASIA","Volume 25210 < Seuil 100000 (1 cotations testées)"
"BJZ","KODA LTD.","","Singapour","SGX","SGD","10360","100000","XSES","BJZ","REGION:ASIA","Volume 10360 < Seuil 100000 (1 cotations testées)"
"G0I","NAM LEE PRESSED METAL INDUSTRIES LTD.","","Singapour","SGX","SGD","39500","100000","XSES","G0I","REGION:ASIA","Volume 39500 < Seuil 100000 (1 cotations testées)"
"BKA","SIN HENG HEAVY MACHINERY LTD.","","Singapour","SGX","SGD","15730","100000","XSES","BKA","REGION:ASIA","Volume 15730 < Seuil 100000 (1 cotations testées)"
"1H2","OLIVE TREE ESTATES LTD.","","Singapour","SGX","SGD","0","100000","XSES","1H2","REGION:ASIA","Volume 0 < Seuil 100000 (1 cotations testées)"
"1A1","WONG FONG INDUSTRIES LTD.","","Singapour","SGX","SGD","22140","100000","XSES","1A1","REGION:ASIA","Volume 22140 < Seuil 100000 (1 cotations testées)"
"5DO","SAKAE HOLDINGS LTD.","","Singapour","SGX","SGD","50","100000","XSES","5DO","REGION:ASIA","Volume 50 < Seuil 100000 (1 cotations testées)"
"1B0","MM2 ASIA LTD.","","Singapour","SGX","SGD","0","100000","XSES","1B0","REGION:ASIA","Volume 0 < Seuil 100000 (1 cotations testées)"
"1F2","UNION GAS HOLDINGS LTD.","","Singapour","SGX","SGD","44170","100000","XSES","1F2","REGION:ASIA","Volume 44170 < Seuil 100000 (1 cotations testées)"
"BEW","JB FOODS LTD.","","Singapour","SGX","SGD","18420","100000","XSES","BEW","REGION:ASIA","Volume 18420 < Seuil 100000 (1 cotations testées)"
"1A0","KATRINA GROUP LTD.","","Singapour","SGX","SGD","1120","100000","XSES","1A0","REGION:ASIA","Volume 1120 < Seuil 100000 (1 cotations testées)"
"BIX","ELLIPSIZ LTD.","","Singapour","SGX","SGD","25010","100000","XSES","BIX","REGION:ASIA","Volume 25010 < Seuil 100000 (1 cotations testées)"
"TCU","CREDIT BUREAU ASIA LTD.","","Singapour","SGX","SGD","60750","100000","XSES","TCU","REGION:ASIA","Volume 60750 < Seuil 100000 (1 cotations testées)"
"1AZ","AUDIENCE ANALYTICS LTD.","","Singapour","SGX","SGD","20150","100000","XSES","1AZ","REGION:ASIA","Volume 20150 < Seuil 100000 (1 cotations testées)"
"1F3","ASPEN GROUP HOLDINGS LTD.","","Singapour","SGX","SGD","72400","100000","XSES","1F3","REGION:ASIA","Volume 72400 < Seuil 100000 (1 cotations testées)"
"F99","FRASER AND NEAVE, LTD.","","Singapour","SGX","SGD","34070","100000","XSES","F99","REGION:ASIA","Volume 34070 < Seuil 100000 (1 cotations testées)"
"PA3","TA CORP LTD.","","Singapour","SGX","SGD","49090","100000","XSES","PA3","REGION:ASIA","Volume 49090 < Seuil 100000 (1 cotations testées)"
"BCV","QIAN HU CORPORATION LIMITED","","Singapour","SGX","SGD","31510","100000","XSES","BCV","REGION:ASIA","Volume 31510 < Seuil 100000 (1 cotations testées)"
"1V3","MOOREAST HOLDINGS LTD.","","Singapour","SGX","SGD","87690","100000","XSES","1V3","REGION:ASIA","Volume 87690 < Seuil 100000 (1 cotations testées)"
"AOF","AMPLEFIELD LTD.","","Singapour","SGX","SGD","87750","100000","XSES","AOF","REGION:ASIA","Volume 87750 < Seuil 100000 (1 cotations testées)"
"1Y1","9R LTD.","","Singapour","SGX","SGD","56040","100000","XSES","1Y1","REGION:ASIA","Volume 56040 < Seuil 100000 (1 cotations testées)"
"B28","BONVESTS HOLDINGS LTD.","","Singapour","SGX","SGD","13700","100000","XSES","B28","REGION:ASIA","Volume 13700 < Seuil 100000 (1 cotations testées)"
"5ML","OLD CHANG KEE LTD.","","Singapour","SGX","SGD","2740","100000","XSES","5ML","REGION:ASIA","Volume 2740 < Seuil 100000 (1 cotations testées)"
"5MZ","KINGSMEN CREATIVES LTD.","","Singapour","SGX","SGD","64960","100000","XSES","5MZ","REGION:ASIA","Volume 64960 < Seuil 100000 (1 cotations testées)"
"P9D","CIVMEC LTD.","","Singapour","SGX","SGD","73990","100000","XSES","P9D","REGION:ASIA","Volume 73990 < Seuil 100000 (1 cotations testées)"
"5MD","SOON LIAN HOLDINGS LIMITED","","Singapour","SGX","SGD","72660","100000","XSES","5MD","REGION:ASIA","Volume 72660 < Seuil 100000 (1 cotations testées)"
"BMT","NEW SILKROUTES GROUP LTD.","","Singapour","SGX","SGD","0","100000","XSES","BMT","REGION:ASIA","Volume 0 < Seuil 100000 (1 cotations testées)"
"B49","WORLD PRECISION MACHINERY LIMITED","","Singapour","SGX","SGD","0","100000","XSES","B49","REGION:ASIA","Volume 0 < Seuil 100000 (1 cotations testées)"
"BCY","POWERMATIC DATA SYSTEMS LTD.","","Singapour","SGX","SGD","9390","100000","XSES","BCY","REGION:ASIA","Volume 9390 < Seuil 100000 (1 cotations testées)"
"BDR","WILLAS-ARRAY ELECTRONICS HOLDINGS LIMITED","","Singapour","SGX","SGD","200","100000","XSES","BDR","REGION:ASIA","Volume 200 < Seuil 100000 (1 cotations testées)"
"P74","CHINA KANGDA FOOD CO. LTD.","","Singapour","SGX","SGD","0","100000","XSES","P74","REGION:ASIA","Volume 0 < Seuil 100000 (1 cotations testées)"
"VIN","VIN'S HOLDINGS LTD.","","Singapour","SGX","SGD","7100","100000","XSES","VIN","REGION:ASIA","Volume 7100 < Seuil 100000 (1 cotations testées)"
"5JK","HIAP HOE LTD.","","Singapour","SGX","SGD","600","100000","XSES","5JK","REGION:ASIA","Volume 600 < Seuil 100000 (1 cotations testées)"
"O08","OSSIA INTERNATIONAL LTD.","","Singapour","SGX","SGD","580","100000","XSES","O08","REGION:ASIA","Volume 580 < Seuil 100000 (1 cotations testées)"
"BMGU","BHG RETAIL TRUST","","Singapour","SGX","SGD","9960","100000","XSES","BMGU","REGION:ASIA","Volume 9960 < Seuil 100000 (1 cotations testées)"
"5JS","INDOFOOD AGRI RESOURCES LTD.","","Singapour","SGX","SGD","22780","100000","XSES","5JS","REGION:ASIA","Volume 22780 < Seuil 100000 (1 cotations testées)"
"YSV","$ CHARISMAENERGY","","Singapour","SGX","SGD","25040","100000","XSES","YSV","REGION:ASIA","Volume 25040 < Seuil 100000 (1 cotations testées)"
"P8A","CORDLIFE GROUP LTD.","","Singapour","SGX","SGD","10440","100000","XSES","P8A","REGION:ASIA","Volume 10440 < Seuil 100000 (1 cotations testées)"
"BCZ","TRAVELITE HOLDINGS LTD.","","Singapour","SGX","SGD","37010","100000","XSES","BCZ","REGION:ASIA","Volume 37010 < Seuil 100000 (1 cotations testées)"
"M15","MATEX INTERNATIONAL LTD.","","Singapour","SGX","SGD","0","100000","XSES","M15","REGION:ASIA","Volume 0 < Seuil 100000 (1 cotations testées)"
"M11","MANUFACTURING INTEGRATION TECHNOLOGY LTD.","","Singapour","SGX","SGD","24310","100000","XSES","M11","REGION:ASIA","Volume 24310 < Seuil 100000 (1 cotations testées)"
"BBP","HOR KEW CORPORATION LTD.","","Singapour","SGX","SGD","3670","100000","XSES","BBP","REGION:ASIA","Volume 3670 < Seuil 100000 (1 cotations testées)"
"BNE","KENCANA AGRI LTD.","","Singapour","SGX","SGD","15240","100000","XSES","BNE","REGION:ASIA","Volume 15240 < Seuil 100000 (1 cotations testées)"
"508","FUJI OFFSET PLATES MANUFACTURING LTD.","","Singapour","SGX","SGD","0","100000","XSES","508","REGION:ASIA","Volume 0 < Seuil 100000 (1 cotations testées)"
"569","VICPLAS INTERNATIONAL LTD.","","Singapour","SGX","SGD","5730","100000","XSES","569","REGION:ASIA","Volume 5730 < Seuil 100000 (1 cotations testées)"
"570","ABUNDANTE LTD.","","Singapour","SGX","SGD","0","100000","XSES","570","REGION:ASIA","Volume 0 < Seuil 100000 (1 cotations testées)"
"566","SHS HOLDINGS LTD.","","Singapour","SGX","SGD","30660","100000","XSES","566","REGION:ASIA","Volume 30660 < Seuil 100000 (1 cotations testées)"
"AZA","IPC CORPORATION LTD.","","Singapour","SGX","SGD","1960","100000","XSES","AZA","REGION:ASIA","Volume 1960 < Seuil 100000 (1 cotations testées)"
"AYV","ACMA LTD","","Singapour","SGX","SGD","85500","100000","XSES","AYV","REGION:ASIA","Volume 85500 < Seuil 100000 (1 cotations testées)"
"580","SANTAK HOLDINGS LTD.","","Singapour","SGX","SGD","100","100000","XSES","580","REGION:ASIA","Volume 100 < Seuil 100000 (1 cotations testées)"
"581","SUNRISE SHARES HOLDINGS LTD.","","Singapour","SGX","SGD","10130","100000","XSES","581","REGION:ASIA","Volume 10130 < Seuil 100000 (1 cotations testées)"
"MR7","NORDIC GROUP LTD.","","Singapour","SGX","SGD","72500","100000","XSES","MR7","REGION:ASIA","Volume 72500 < Seuil 100000 (1 cotations testées)"
"M05","MTQ CORPORATION LTD.","","Singapour","SGX","SGD","17240","100000","XSES","M05","REGION:ASIA","Volume 17240 < Seuil 100000 (1 cotations testées)"
"YK9","YKGI LTD.","","Singapour","SGX","SGD","40","100000","XSES","YK9","REGION:ASIA","Volume 40 < Seuil 100000 (1 cotations testées)"
"BCD","CHINA YUANBANG PROPERTY HOLDINGS LIMITED","","Singapour","SGX","SGD","0","100000","XSES","BCD","REGION:ASIA","Volume 0 < Seuil 100000 (1 cotations testées)"
"SEJ","NOONTALK MEDIA LTD.","","Singapour","SGX","SGD","1820","100000","XSES","SEJ","REGION:ASIA","Volume 1820 < Seuil 100000 (1 cotations testées)"
"BBW","AZEUS SYSTEMS HOLDINGS LTD.","","Singapour","SGX","SGD","8600","100000","XSES","BBW","REGION:ASIA","Volume 8600 < Seuil 100000 (1 cotations testées)"
"AZT","NUTRYFARM INTERNATIONAL LTD.","","Singapour","SGX","SGD","0","100000","XSES","AZT","REGION:ASIA","Volume 0 < Seuil 100000 (1 cotations testées)"
"HKB","AMTD IDEA GROUP","","Singapour","SGX","SGD","0","100000","XSES","HKB","REGION:ASIA","Volume 0 < Seuil 100000 (1 cotations testées)"
"M01","METRO HOLDINGS LTD.","","Singapour","SGX","SGD","96200","100000","XSES","M01","REGION:ASIA","Volume 96200 < Seuil 100000 (1 cotations testées)"
"AZR","UNITED FOOD HOLDINGS LTD.","","Singapour","SGX","SGD","0","100000","XSES","AZR","REGION:ASIA","Volume 0 < Seuil 100000 (1 cotations testées)"
"LYY","SINOCLOUD GROUP LTD.","","Singapour","SGX","SGD","0","100000","XSES","LYY","REGION:ASIA","Volume 0 < Seuil 100000 (1 cotations testées)"
"BAZ","LION ASIAPAC LTD","","Singapour","SGX","SGD","2590","100000","XSES","BAZ","REGION:ASIA","Volume 2590 < Seuil 100000 (1 cotations testées)"
"585","ASIAN MICRO HOLDINGS LTD.","","Singapour","SGX","SGD","55100","100000","XSES","585","REGION:ASIA","Volume 55100 < Seuil 100000 (1 cotations testées)"
"5IF","NATURAL COOL HOLDINGS LTD.","","Singapour","SGX","SGD","0","100000","XSES","5IF","REGION:ASIA","Volume 0 < Seuil 100000 (1 cotations testées)"
"540","TUNG LOK RESTAURANTS (2000) LTD.","","Singapour","SGX","SGD","0","100000","XSES","540","REGION:ASIA","Volume 0 < Seuil 100000 (1 cotations testées)"
"NHD","JUBILEE INDUSTRIES HOLDINGS LTD.","","Singapour","SGX","SGD","20000","100000","XSES","NHD","REGION:ASIA","Volume 20000 < Seuil 100000 (1 cotations testées)"
"1J7","JAWALA INC.","","Singapour","SGX","SGD","0","100000","XSES","1J7","REGION:ASIA","Volume 0 < Seuil 100000 (1 cotations testées)"
"53W","ATTIKA GROUP LTD.","","Singapour","SGX","SGD","12740","100000","XSES","53W","REGION:ASIA","Volume 12740 < Seuil 100000 (1 cotations testées)"
"596","PAVILLON HOLDINGS LTD.","","Singapour","SGX","SGD","48000","100000","XSES","596","REGION:ASIA","Volume 48000 < Seuil 100000 (1 cotations testées)"
"5I1","KOP LIMITED","","Singapour","SGX","SGD","12030","100000","XSES","5I1","REGION:ASIA","Volume 12030 < Seuil 100000 (1 cotations testées)"
"B61","BUKIT SEMBAWANG ESTATES LTD.","","Singapour","SGX","SGD","71160","100000","XSES","B61","REGION:ASIA","Volume 71160 < Seuil 100000 (1 cotations testées)"
"BEC","BRC ASIA LTD.","","Singapour","SGX","SGD","69520","100000","XSES","BEC","REGION:ASIA","Volume 69520 < Seuil 100000 (1 cotations testées)"
"XVG","AEDGE GROUP LTD","","Singapour","SGX","SGD","10000","100000","XSES","XVG","REGION:ASIA","Volume 10000 < Seuil 100000 (1 cotations testées)"
"BDU","FEDERAL INTERNATIONAL HOLDINGS BHD","","Singapour","SGX","SGD","4600","100000","XSES","BDU","REGION:ASIA","Volume 4600 < Seuil 100000 (1 cotations testées)"
"541","ABUNDANCE INTERNATIONAL LTD.","","Singapour","SGX","SGD","40","100000","XSES","541","REGION:ASIA","Volume 40 < Seuil 100000 (1 cotations testées)"
"CTO","HONG LAI HUAT GROUP LTD.","","Singapour","SGX","SGD","23930","100000","XSES","CTO","REGION:ASIA","Volume 23930 < Seuil 100000 (1 cotations testées)"
"BLU","GRP LTD","","Singapour","SGX","SGD","7400","100000","XSES","BLU","REGION:ASIA","Volume 7400 < Seuil 100000 (1 cotations testées)"
"B58","BANYAN TREE HOLDINGS LTD.","","Singapour","SGX","SGD","69810","100000","XSES","B58","REGION:ASIA","Volume 69810 < Seuil 100000 (1 cotations testées)"
"543","NOEL GIFTS INTERNATIONAL LTD.","","Singapour","SGX","SGD","23000","100000","XSES","543","REGION:ASIA","Volume 23000 < Seuil 100000 (1 cotations testées)"