Ticker,Stock,Secteur,Pays,Bourse de valeurs,Devise de marché
7061,JAPAN HOSPICE HOLDINGS INC.,,Japon,JPX,JPY
7067,BRANDING TECHNOLOGY INC.,,Japon,JPX,JPY
2169,"CDS CO., LTD.",,Japon,JPX,JPY
8291,NISSAN TOKYO SALES HOLDINGS INC.,,Japon,JPX,JPY
8566,"RICOH LEASING CO., LTD.",,Japon,JPX,JPY
6943,"NKK SWITCHES CO., LTD.",,Japon,JPX,JPY
153A,CAULIS INC.,,Japon,JPX,JPY
8570,"AEON FINANCIAL SERVICE CO., LTD.",,Japon,JPX,JPY
2170,LINK AND MOTIVATION INC.,,Japon,JPX,JPY
7060,GEECHS INC.,,Japon,JPX,JPY
6932,ENDO LIGHTING CORPORATION,,Japon,JPX,JPY
1436,GREENENERGY & COMPANY INC.,,Japon,JPX,JPY
156A,MATERIAL GROUP INC.,,Japon,JPX,JPY
6929,"NIPPON CERAMIC CO., LTD.",,Japon,JPX,JPY
142A,"JINJIB CO., LTD.",,Japon,JPX,JPY
1435,ROBOT HOME INC.,,Japon,JPX,JPY
8230,HASEGAWA CO. LTD.,,Japon,JPX,JPY
8601,DAIWA SECURITIES GROUP INC.,,Japon,JPX,JPY
7062,"FUREASU CO., LTD.",,Japon,JPX,JPY
7066,"PEERS CO., LTD.",,Japon,JPX,JPY
1433,BESTERRA CO. LTD.,,Japon,JPX,JPY
154A,GAIA INC.,,Japon,JPX,JPY
7044,PIALA INC.,,Japon,JPX,JPY
1450,"TANAKEN CO., LTD.",,Japon,JPX,JPY
1449@S,FUJI JAPAN CO LTD,,Japon,JPX,JPY
1431,"LIB WORK CO., LTD.",,Japon,JPX,JPY
8604,NOMURA HOLDINGS INC.,,Japon,JPX,JPY
8609,OKASAN SECURITIES GROUP INC.,,Japon,JPX,JPY
8600,TOMONY HOLDINGS INC.,,Japon,JPX,JPY
1430,FIRST CORP INC.,,Japon,JPX,JPY
155A,INFORMATION STRATEGY & TECHNOLOGY INCORPORATION,,Japon,JPX,JPY
7043,ALUE CO. LTD.,,Japon,JPX,JPY
1434,JESCO HOLDINGS INC.,,Japon,JPX,JPY
8227,"SHIMAMURA CO., LTD.",,Japon,JPX,JPY
2168,PASONA GROUP INC.,,Japon,JPX,JPY
7046,TDSE INC.,,Japon,JPX,JPY
7047,PORT INC.,,Japon,JPX,JPY
8613,"MARUSAN SECURITIES CO., LTD.",,Japon,JPX,JPY
6035,IR JAPAN HOLDINGS LTD.,,Japon,JPX,JPY
1429,"NIPPON AQUA CO., LTD.",,Japon,JPX,JPY
6941,"YAMAICHI ELECTRONICS CO., LTD.",,Japon,JPX,JPY
8282,K'S HOLDINGS CORPORATION,,Japon,JPX,JPY
2164,"CHIIKISHINBUNSHA CO., LTD.",,Japon,JPX,JPY
2157,"KOSHIDAKA HOLDINGS CO., LTD.",,Japon,JPX,JPY
148A,"HATCH WORK CO., LTD.",,Japon,JPX,JPY
2156,SAYLOR ADVERTISING INC.,,Japon,JPX,JPY
2160,GNI GROUP LTD.,,Japon,JPX,JPY
7050,FRONTIER INTERNATIONAL INC.,,Japon,JPX,JPY
150A,JSH CO. LTD.,,Japon,JPX,JPY
6942,"SOPHIA HOLDINGS CO., LTD.",,Japon,JPX,JPY
1514,SUMISEKI HOLDINGS INC.,,Japon,JPX,JPY
7065,UPR CORPORATION,,Japon,JPX,JPY
1515,"NITTETSU MINING CO., LTD.",,Japon,JPX,JPY
8273,"IZUMI CO., LTD.",,Japon,JPX,JPY
8275,FORVAL CORPORATION,,Japon,JPX,JPY
147A,SORACOM INC.,,Japon,JPX,JPY
7058,"KYOEI SECURITY SERVICE CO., LTD.",,Japon,JPX,JPY
8276,"HEIWADO CO., LTD.",,Japon,JPX,JPY
149A,THINCA CO. LTD.,,Japon,JPX,JPY
7059,"COPRO-HOLDINGS CO., LTD.",,Japon,JPX,JPY
6037,RAKUMACHI INC.,,Japon,JPX,JPY
215A,TIMEE INC.,,Japon,JPX,JPY
8255,AXIAL RETAILING INC.,,Japon,JPX,JPY
2158,FRONTEO INC.,,Japon,JPX,JPY
8253,"CREDIT SAISON CO., LTD.",,Japon,JPX,JPY
216A,"LIFE CREATE CO., LTD.",,Japon,JPX,JPY
8237,"MATSUYA CO., LTD.",,Japon,JPX,JPY
8252,"MARUI GROUP CO., LTD.",,Japon,JPX,JPY
6038,IID INC.,,Japon,JPX,JPY
8247,"DAIWA CO., LTD.",,Japon,JPX,JPY
8260,"IZUTSUYA CO., LTD.",,Japon,JPX,JPY
1443,"GIKEN HOLDINGS CO., LTD.",,Japon,JPX,JPY
8244,KINTETSU DEPARTMENT STORE CO. LTD.,,Japon,JPX,JPY
1491,"CHUGAI MINING CO., LTD.",,Japon,JPX,JPY
8242,H2O RETAILING CORPORATION,,Japon,JPX,JPY
8267,"AEON CO., LTD.",,Japon,JPX,JPY
7057,"NEW CONSTRUCTOR'S NETWORK CO., LTD.",,Japon,JPX,JPY
8593,MITSUBISHI HC CAPITAL INC.,,Japon,JPX,JPY
8594@S,NAKAMICHI LEASING CO,,Japon,JPX,JPY
2173,HAKUTEN CORPORATION,,Japon,JPX,JPY
8591,ORIX CORPORATION,,Japon,JPX,JPY
2153,EJ HOLDINGS INC.,,Japon,JPX,JPY
6036,KEEPER TECHNICAL LABORATORY,,Japon,JPX,JPY
8285,"MITANI SANGYO CO., LTD.",,Japon,JPX,JPY
145A,L IS B CORPORATION,,Japon,JPX,JPY
2152,YOUJI CORP.,,Japon,JPX,JPY
157A,GREEN MONSTER INC.,,Japon,JPX,JPY
8585,ORIENT CORPORATION,,Japon,JPX,JPY
7048,VELTRA CORPORATION,,Japon,JPX,JPY
7064,HOWTELEVISION INC.,,Japon,JPX,JPY
2163,"ARTNER CO., LTD.",,Japon,JPX,JPY
8584,"JACCS CO., LTD.",,Japon,JPX,JPY
8572,"ACOM CO., LTD.",,Japon,JPX,JPY
8289,OLYMPIC GROUP CORP.,,Japon,JPX,JPY
1447,SAAF HOLDINGS CO. LTD.,,Japon,JPX,JPY
152A,OPTY CO. LTD.,,Japon,JPX,JPY
8283,PALTAC CORPORATION,,Japon,JPX,JPY
1446,CANDEAL CO. LTD.,,Japon,JPX,JPY
151A,DIVE INC.,,Japon,JPX,JPY
1438,"GIFU LANDSCAPE ARCHITECT CO., LTD.",,Japon,JPX,JPY
8278,"FUJI CO., LTD.",,Japon,JPX,JPY
1518,"MITSUI MATSUSHIMA HOLDINGS CO., LTD.",,Japon,JPX,JPY
8595,JAFCO GROUP CO. LTD.,,Japon,JPX,JPY
8596,"KYUSHU LEASING SERVICE CO., LTD.",,Japon,JPX,JPY
2172@S,INSIGHT INC,,Japon,JPX,JPY
2154,OPEN UP GROUP INC.,,Japon,JPX,JPY
7049,"SHIKIGAKU CO., LTD.",,Japon,JPX,JPY
7063,BIRDMAN INC.,,Japon,JPX,JPY
146A,COLUMBIA WORKS INC.,,Japon,JPX,JPY
1445,"HIKARI HOLDINGS CO., LTD.",,Japon,JPX,JPY
8233,"TAKASHIMAYA CO., LTD.",,Japon,JPX,JPY
2162,NMS HOLDINGS CO. LTD.,,Japon,JPX,JPY
8279,"YAOKO CO., LTD.",,Japon,JPX,JPY
2175,SMS CO. LTD.,,Japon,JPX,JPY
8281,"XEBIO HOLDINGS CO., LTD.",,Japon,JPX,JPY
143A,"ISHIN CO., LTD.",,Japon,JPX,JPY
1444,NISSOU CO. LTD.,,Japon,JPX,JPY
8254,"SAIKAYA DEPARTMENT STORE CO., LTD.",,Japon,JPX,JPY
1965,TECHNO RYOWA LTD.,,Japon,JPX,JPY
8301,BANK OF JAPAN,,Japon,JPX,JPY
1882,TOA ROAD CORPORATION,,Japon,JPX,JPY
1879,SHINNIN CORPORATION,,Japon,JPX,JPY
1878,"DAITO TRUST CONSTRUCTION CO., LTD.",,Japon,JPX,JPY
1873,"NIHON HOUSE HOLDINGS CO., LTD.",,Japon,JPX,JPY
1871,"PS CONSTRUCTION CO., LTD.",,Japon,JPX,JPY
1870,"YAHAGI CONSTRUCTION CO., LTD.",,Japon,JPX,JPY
186A,ASTROSCALE HOLDINGS INC.,,Japon,JPX,JPY
1867,UEKI CORPORATION,,Japon,JPX,JPY
1866,KITANO CONSTRUCTION CORP.,,Japon,JPX,JPY
1861,"KUMAGAI GUMI CO., LTD.",,Japon,JPX,JPY
6962,DAISHINKU CORP.,,Japon,JPX,JPY
1860,TODA CORPORATION,,Japon,JPX,JPY
6961,ENPLAS CORPORATION,,Japon,JPX,JPY
185A,RECYCLE TECH JAPAN CORP.,,Japon,JPX,JPY
1853,"MORI-GUMI CO., LTD.",,Japon,JPX,JPY
8439,TOKYO CENTURY CORPORATION,,Japon,JPX,JPY
1852,ASANUMA CORPORATION,,Japon,JPX,JPY
1885,TOA CORP.,,Japon,JPX,JPY
1850,"NANKAI TATSUMURA CONSTRUCTION CO., LTD.",,Japon,JPX,JPY
1887,JARDINE STRATEGIC HOLDINGS LIMITED,,Japon,JPX,JPY
1893,"PENTA-OCEAN CONSTRUCTION CO., LTD.",,Japon,JPX,JPY
6997,NIPPON CHEMI-CON CORPORATION,,Japon,JPX,JPY
6912,KIKUSUI HOLDINGS CORPORATION,,Japon,JPX,JPY
8462,"FUTURE VENTURE CAPITAL CO., LTD.",,Japon,JPX,JPY
6964,"SANKO CO., LTD.",,Japon,JPX,JPY
1904,"TAISEI ONCHO CO., LTD.",,Japon,JPX,JPY
189A,"D&M CO., LTD.",,Japon,JPX,JPY
1899,FUKUDA CORPORATION,,Japon,JPX,JPY
6018,HANSHIN DIESEL WORKS LTD.,,Japon,JPX,JPY
6998,"NIPPON TUNGSTEN CO., LTD.",,Japon,JPX,JPY
2009,"TORIGOE CO., LTD.",,Japon,JPX,JPY
6963,"ROHM CO., LTD.",,Japon,JPX,JPY
6914,"OPTEX GROUP CO., LTD.",,Japon,JPX,JPY
6915,"CHIYODA INTEGRE CO., LTD.",,Japon,JPX,JPY
1898,"SEIKITOKYU KOGYO CO., LTD.",,Japon,JPX,JPY
1897,KANESHITA CONSTRUCTION CO. LTD.,,Japon,JPX,JPY
8518,"JAPAN ASIA INVESTMENT CO., LTD.",,Japon,JPX,JPY
6999,KOA CORPORATION,,Japon,JPX,JPY
1888,"WAKACHIKU CONSTRUCTION CO., LTD.",,Japon,JPX,JPY
1905,TENOX CORP,,Japon,JPX,JPY
184A,MANABI-AID CO. LTD.,,Japon,JPX,JPY
1847,"ICHIKEN CO., LTD.",,Japon,JPX,JPY
2053,"CHUBU SHIRYO CO., LTD.",,Japon,JPX,JPY
1826,SATA CONSTRUCTION CO. LTD.,,Japon,JPX,JPY
1822,DAIHO CORPORATION,,Japon,JPX,JPY
1820,"NISHIMATSU CONSTRUCTION CO., LTD.",,Japon,JPX,JPY
6920,LASERTEC CORPORATION,,Japon,JPX,JPY
2055,NICHIWA SANGYO CO. LTD.,,Japon,JPX,JPY
2058@F,HIGASHIMARU CO LTD,,Japon,JPX,JPY
1815,TEKKEN CORPORATION,,Japon,JPX,JPY
8418,YAMAGUCHI FINANCIAL GROUP INC.,,Japon,JPX,JPY
6955,FDK CORPORATION,,Japon,JPX,JPY
1814,"DAISUE CONSTRUCTION CO., LTD.",,Japon,JPX,JPY
1813,FUDO TETRA CORP.,,Japon,JPX,JPY
205A,LOGOS HOLDINGS INC.,,Japon,JPX,JPY
1812,KAJIMA CORPORATION,,Japon,JPX,JPY
2060,"FEED ONE CO., LTD.",,Japon,JPX,JPY
1811,ZENITAKA CORPORATION,,Japon,JPX,JPY
206A,"PRISM BIOLAB CO., LTD.",,Japon,JPX,JPY
204A,"TAIYO PACKAGE CO., LTD.",,Japon,JPX,JPY
1848,FUJI PS CORPORATION,,Japon,JPX,JPY
1827,NAKANO CORPORATION,,Japon,JPX,JPY
6958,CMK CORP,,Japon,JPX,JPY
6960,"FUKUDA DENSHI CO., LTD.",,Japon,JPX,JPY
6918,AVAL DATA CORPORATION,,Japon,JPX,JPY
1844,"OHMORI CO., LTD.",,Japon,JPX,JPY
203A,SHUNBIN CO. LTD.,,Japon,JPX,JPY
6919,KEL CORPORATION,,Japon,JPX,JPY
6022,AKASAKA DIESELS LTD.,,Japon,JPX,JPY
6023,"DAIHATSU DIESEL MANUFACTURING CO., LTD.",,Japon,JPX,JPY
8425,"MIZUHO LEASING CO., LTD.",,Japon,JPX,JPY
6027,BENGO4.COM INC.,,Japon,JPX,JPY
8424,"FUYO GENERAL LEASE CO., LTD.",,Japon,JPX,JPY
6029,ARTRA GROUP CORP.,,Japon,JPX,JPY
6030,ADVENTURE INC.,,Japon,JPX,JPY
1840,"TSUCHIYA HOLDINGS CO., LTD.",,Japon,JPX,JPY
1835,"TOTETSU KOGYO CO., LTD.",,Japon,JPX,JPY
1833,OKUMURA CORPORATION,,Japon,JPX,JPY
8522,BANK OF NAGOYA LTD.,,Japon,JPX,JPY
1832@S,HOKKAIDENKO CORPORATION,,Japon,JPX,JPY
1828,TANABE ENGINEERING CORPORATION,,Japon,JPX,JPY
1810,"MATSUI CONSTRUCTION CO., LTD.",,Japon,JPX,JPY
6965,HAMAMATSU PHOTONICS K.K.,,Japon,JPX,JPY
2004,"SHOWA SANGYO CO., LTD.",,Japon,JPX,JPY
6981,"MURATA MANUFACTURING CO., LTD.",,Japon,JPX,JPY
1981,"KYOWA NISSEI CO., LTD.",,Japon,JPX,JPY
1982,HIBIYA ENGINEERING LTD.,,Japon,JPX,JPY
198A,POSTPRIME INC.,,Japon,JPX,JPY
6989,HOKURIKU ELECTRIC INDUSTRY CO. LTD.,,Japon,JPX,JPY
1992,"KANDA TSUSHINKI CO., LTD.",,Japon,JPX,JPY
6897,TWINBIRD CORPORATION,,Japon,JPX,JPY
8508,"J TRUST CO., LTD.",,Japon,JPX,JPY
1994,TAKAHASHI CURTAIN WALL CORP,,Japon,JPX,JPY
6898,"TOMITA ELECTRIC CO., LTD.",,Japon,JPX,JPY
1952,"SHIN NIPPON AIR TECHNOLOGIES CO., LTD.",,Japon,JPX,JPY
1951,EXEO GROUP INC.,,Japon,JPX,JPY
6890,FERROTEC HOLDINGS CORPORATION,,Japon,JPX,JPY
1950,"NIPPON DENSETSU KOGYO CO., LTD.",,Japon,JPX,JPY
1948,"KODENSHA CO., LTD.",,Japon,JPX,JPY
1946,TOENEC CORPORATION,,Japon,JPX,JPY
1945,TOKYO ENERGY & SYSTEMS INC.,,Japon,JPX,JPY
6982,LEAD CO INC.,,Japon,JPX,JPY
6899,ASTI CORP.,,Japon,JPX,JPY
1980,"DAI-DAN CO., LTD.",,Japon,JPX,JPY
1979,TAIKISHA LTD.,,Japon,JPX,JPY
1964,"CHUGAI RO CO., LTD.",,Japon,JPX,JPY
1967,YAMATO CORPORATION,,Japon,JPX,JPY
1963,JGC HOLDINGS CORPORATION,,Japon,JPX,JPY
1968,TAIHEI DENGYO KAISHA LTD.,,Japon,JPX,JPY
1969,"TAKASAGO THERMAL ENGINEERING CO., LTD.",,Japon,JPX,JPY
6986,FUTABA CORPORATION,,Japon,JPX,JPY
196A,MFS INC.,,Japon,JPX,JPY
1972,"SANKO METAL INDUSTRIAL CO., LTD.",,Japon,JPX,JPY
1961,"SANKI ENGINEERING CO., LTD.",,Japon,JPX,JPY
6988,NITTO DENKO CORPORATION,,Japon,JPX,JPY
1975,"ASAHI KOGYOSHA CO., LTD.",,Japon,JPX,JPY
6013,"TAKUMA CO., LTD.",,Japon,JPX,JPY
1960,SANYO ENGINEERING & CONSTRUCTION INC.,,Japon,JPX,JPY
1976,"MEISEI INDUSTRIAL CO., LTD.",,Japon,JPX,JPY
195A,RICECURRY INC.,,Japon,JPX,JPY
1959,KYUDENKO CORPORATION,,Japon,JPX,JPY
6894,"PULSTEC INDUSTRIAL CO., LTD.",,Japon,JPX,JPY
197A,TAUNS LABORATORIES INC.,,Japon,JPX,JPY
6966,MITSUI HIGH-TEC INC.,,Japon,JPX,JPY
8473,SBI HOLDINGS INC.,,Japon,JPX,JPY
6993,"DAIKOKUYA HOLDINGS CO., LTD.",,Japon,JPX,JPY
191A,MIMOSA CO. LTD.,,Japon,JPX,JPY
6904,"HARADA INDUSTRY CO., LTD.",,Japon,JPX,JPY
8511,"JAPAN SECURITIES FINANCE CO., LTD.",,Japon,JPX,JPY
1914,"JAPAN FOUNDATION ENGINEERING CO., LTD.",,Japon,JPX,JPY
6888,ACOMOS INC.,,Japon,JPX,JPY
6996,NICHICON CORPORATION,,Japon,JPX,JPY
6905,"COSEL CO., LTD.",,Japon,JPX,JPY
6969,"MATSUO ELECTRIC CO., LTD.",,Japon,JPX,JPY
6907,"GEOMATEC CO., LTD.",,Japon,JPX,JPY
1911,"SUMITOMO FORESTRY CO., LTD.",,Japon,JPX,JPY
190A,CHORDIA THERAPEUTICS INC.,,Japon,JPX,JPY
6908,"IRISO ELECTRONICS CO., LTD.",,Japon,JPX,JPY
2001,NIPPN CORPORATION,,Japon,JPX,JPY
2002,NISSHIN SEIFUN GROUP INC.,,Japon,JPX,JPY
2003,"NITTO FUJI FLOUR MILLING CO., LTD.",,Japon,JPX,JPY
8515,AIFUL CORPORATION,,Japon,JPX,JPY
1909,"NIPPON DRY-CHEMICAL CO., LTD.",,Japon,JPX,JPY
6971,KYOCERA CORPORATION,,Japon,JPX,JPY
1944,KINDEN CORPORATION,,Japon,JPX,JPY
6902,DENSO CORPORATION,,Japon,JPX,JPY
6976,"TAIYO YUDEN CO., LTD.",,Japon,JPX,JPY
1997,"AKATSUKI EAZIMA CO., LTD.",,Japon,JPX,JPY
1942,"KANDENKO CO., LTD.",,Japon,JPX,JPY
1941,CHUDENKO CORPORATION,,Japon,JPX,JPY
1939,YONDENKO CORPORATION,,Japon,JPX,JPY
1938,"NIPPON RIETEC CO., LTD.",,Japon,JPX,JPY
1934,YURTEC CORPORATION,,Japon,JPX,JPY
6977,"JAPAN RESISTOR MFG. CO., LTD.",,Japon,JPX,JPY
1930,HOKURIKU ELECTRICAL CONSTRUCTION CO. LTD.,,Japon,JPX,JPY
192A,INTEGROUP INC.,,Japon,JPX,JPY
1999@F,SAITA HOLDINGS,,Japon,JPX,JPY
1929,"NITTOC CONSTRUCTION CO., LTD.",,Japon,JPX,JPY
6016,JAPAN ENGINE CORPORATION,,Japon,JPX,JPY
6994,"SHIZUKI ELECTRIC CO., INC.",,Japon,JPX,JPY
1928,"SEKISUI HOUSE, LTD.",,Japon,JPX,JPY
1926,"RAITO KOGYO CO., LTD.",,Japon,JPX,JPY
1925,"DAIWA HOUSE INDUSTRY CO., LTD.",,Japon,JPX,JPY
6995,"TOKAI RIKA CO., LTD.",,Japon,JPX,JPY
1921,TOMOE CORPORATION,,Japon,JPX,JPY
2148,ITMEDIA INC.,,Japon,JPX,JPY
8416,BANK OF KOCHI LTD.,,Japon,JPX,JPY
1807,"WATANABE SATO CO., LTD.",,Japon,JPX,JPY
6947,ZUKEN INC.,,Japon,JPX,JPY
8550,"TOCHIGI BANK, LTD.",,Japon,JPX,JPY
7030,SPRIX INC.,,Japon,JPX,JPY
7031,INBOUND TECH INC.,,Japon,JPX,JPY
6033,EXTREME CO. LTD.,,Japon,JPX,JPY
8551,KITA-NIPPON BANK LTD.,,Japon,JPX,JPY
168A,ITAMIARTS INC.,,Japon,JPX,JPY
7033,"MANAGEMENT SOLUTIONS CO., LTD.",,Japon,JPX,JPY
7034,"PRORED PARTNERS CO., LTD.",,Japon,JPX,JPY
8554@F,MINAMI-NIPPON BANK,,Japon,JPX,JPY
8346,TOHO BANK LTD.,,Japon,JPX,JPY
8558,TOWA BANK LTD.,,Japon,JPX,JPY
167A,"RYOYO RYOSAN HOLDINGS, INC.",,Japon,JPX,JPY
212A,FIT EASY INC.,,Japon,JPX,JPY
7035,AND FACTORY INC.,,Japon,JPX,JPY
2130,MEMBERS CO. LTD.,,Japon,JPX,JPY
166A,TASUKI HOLDINGS INC.,,Japon,JPX,JPY
8349,TOHOKU BANK LTD.,,Japon,JPX,JPY
8345,BANK OF IWATE LTD.,,Japon,JPX,JPY
2127,NIHON M&A CENTER HOLDINGS INC.,,Japon,JPX,JPY
8354,FUKUOKA FINANCIAL GROUP INC.,,Japon,JPX,JPY
8363,"THE HOKKOKU BANK, LTD.",,Japon,JPX,JPY
8362,FUKUI BANK LTD.,,Japon,JPX,JPY
8361,OGAKI KYORITSU BANK LTD.,,Japon,JPX,JPY
8360,YAMANASHI CHUO BANK LTD.,,Japon,JPX,JPY
7018,NAIKAI ZOSEN CORPORATION,,Japon,JPX,JPY
8359,"THE HACHIJUNI BANK, LTD.",,Japon,JPX,JPY
1720,"TOKYU CONSTRUCTION CO., LTD.",,Japon,JPX,JPY
171A,"ZEROJAPAN CO., LTD.",,Japon,JPX,JPY
8358,SURUGA BANK LTD.,,Japon,JPX,JPY
1719,HAZAMA ANDO CORPORATION,,Japon,JPX,JPY
1718,"MIKIKOGYO CO., LTD.",,Japon,JPX,JPY
1717,MEIHO FACILITY WORKS LTD.,,Japon,JPX,JPY
1716,"DAI-ICHI CUTTER KOGYO CO., LTD.",,Japon,JPX,JPY
1711,"SDS HOLDINGS CO., LTD.",,Japon,JPX,JPY
8356,"THE JUROKU BANK, LTD.",,Japon,JPX,JPY
7021,"NITCHITSU CO., LTD.",,Japon,JPX,JPY
8355,"THE SHIZUOKA BANK, LTD.",,Japon,JPX,JPY
7022,SANOYAS HOLDINGS CORPORATION,,Japon,JPX,JPY
8364,"THE SHIMIZU BANK, LTD.",,Japon,JPX,JPY
8344,"THE YAMAGATA BANK, LTD.",,Japon,JPX,JPY
8343,AKITA BANK LTD.,,Japon,JPX,JPY
160A,"AS PARTNERS CO., LTD.",,Japon,JPX,JPY
8316,"SUMITOMO MITSUI FINANCIAL GROUP, INC.",,Japon,JPX,JPY
6946,"NIPPON AVIONICS CO., LTD.",,Japon,JPX,JPY
7039,BRIDGE INTERNATIONAL CORP.,,Japon,JPX,JPY
7040,SUN LIFE HOLDING CO. LTD.,,Japon,JPX,JPY
1605,INPEX CORPORATION,,Japon,JPX,JPY
8309,SUMITOMO MITSUI TRUST HOLDINGS INC.,,Japon,JPX,JPY
7041,"CRG HOLDINGS CO., LTD.",,Japon,JPX,JPY
6928,"ENOMOTO CO., LTD.",,Japon,JPX,JPY
8308,RESONA HOLDINGS INC.,,Japon,JPX,JPY
6034,MRT INC.,,Japon,JPX,JPY
8306,"MITSUBISHI UFJ FINANCIAL GROUP, INC.",,Japon,JPX,JPY
158A,"EXSELI CO., LTD.",,Japon,JPX,JPY
2146,"UT GROUP CO., LTD.",,Japon,JPX,JPY
8304,AOZORA BANK LTD.,,Japon,JPX,JPY
8303,"SBI SHINSEI BANK, LIMITED",,Japon,JPX,JPY
7042,"ACCESS GROUP HOLDINGS CO., LTD.",,Japon,JPX,JPY
6927,"HELIOS TECHNO HOLDING CO., LTD.",,Japon,JPX,JPY
8559@F,HOWA BANK,,Japon,JPX,JPY
7038,FRONTIER MANAGEMENT INC.,,Japon,JPX,JPY
8331,CHIBA BANK LTD.,,Japon,JPX,JPY
2134,"KITAHAMA CAPITAL PARTNERS CO., LTD.",,Japon,JPX,JPY
1663,K&O ENERGY GROUP INC.,,Japon,JPX,JPY
1662,"JAPAN PETROLEUM EXPLORATION CO., LTD.",,Japon,JPX,JPY
8341,77 BANK LTD.,,Japon,JPX,JPY
8338,TSUKUBA BANK LTD.,,Japon,JPX,JPY
8337,"CHIBA KOGYO BANK, LTD.",,Japon,JPX,JPY
8560@F,MIYAZAKI TAIYO BANK,,Japon,JPX,JPY
2136,HIP CORP.,,Japon,JPX,JPY
8562,FUKUSHIMA BANK LTD.,,Japon,JPX,JPY
8563,DAITO BANK LTD.,,Japon,JPX,JPY
2137@S,HIKARI HEIGHTS-VARUS CO.LTD.,,Japon,JPX,JPY
8336,MUSASHINO BANK LTD.,,Japon,JPX,JPY
2138,CROOZ INC.,,Japon,JPX,JPY
2139,CHUCO CO. LTD.,,Japon,JPX,JPY
8334,GUNMA BANK LTD.,,Japon,JPX,JPY
7036,"EMNET JAPAN CO., LTD.",,Japon,JPX,JPY
161A,MITSUBA CO. LTD.,,Japon,JPX,JPY
7037,"TENO. HOLDINGS CO., LTD.",,Japon,JPX,JPY
1808,HASEKO CORPORATION,,Japon,JPX,JPY
1966,TAKADA CORPORATION,,Japon,JPX,JPY
8366,"THE SHIGA BANK, LTD.",,Japon,JPX,JPY
1788,SANTO CORP,,Japon,JPX,JPY
1787,NAKABOHTEC CORROSION PROTECT CO. LTD.,,Japon,JPX,JPY
6031,ZETA GLOBAL HOLDINGS CORP.,,Japon,JPX,JPY
8397,"THE BANK OF OKINAWA, LTD.",,Japon,JPX,JPY
1786,ORIENTAL SHIRAISHI CORPORATION,,Japon,JPX,JPY
1783,"FANTASISTA CO., LTD.",,Japon,JPX,JPY
7011,MITSUBISHI HEAVY INDUSTRIES LTD.,,Japon,JPX,JPY
1780,YAMAURA CORPORATION,,Japon,JPX,JPY
8395,BANK OF SAGA LTD.,,Japon,JPX,JPY
8393,MIYAZAKI BANK LTD.,,Japon,JPX,JPY
7012,"KAWASAKI HEAVY INDUSTRIES, LTD.",,Japon,JPX,JPY
177A,"KOHJIN BIO CO., LTD.",,Japon,JPX,JPY
6951,JEOL LTD.,,Japon,JPX,JPY
208A,KOZO KEIKAKU ENGINEERING INC.,,Japon,JPX,JPY
6926,"OKAYA ELECTRIC INDUSTRIES CO., LTD.",,Japon,JPX,JPY
7013,IHI CORPORATION,,Japon,JPX,JPY
1773,YTL CORPORATION BERHAD,,Japon,JPX,JPY
1789,"ETS HOLDINGS CO.,LTD.",,Japon,JPX,JPY
209A,ONODANI MACHINE CO. LTD.,,Japon,JPX,JPY
207A,RISING CORP INC.,,Japon,JPX,JPY
8524,NORTH PACIFIC BANK LTD.,,Japon,JPX,JPY
6954,FANUC CORPORATION,,Japon,JPX,JPY
6923,"STANLEY ELECTRIC CO., LTD.",,Japon,JPX,JPY
1805,TOBISHIMA CORPORATION,,Japon,JPX,JPY
7003,"MITSUI E&S CO., LTD.",,Japon,JPX,JPY
8411,"MIZUHO FINANCIAL GROUP, INC.",,Japon,JPX,JPY
8410,SEVEN BANK LTD.,,Japon,JPX,JPY
6952,"CASIO COMPUTER CO., LTD.",,Japon,JPX,JPY
1803,SHIMIZU CORPORATION,,Japon,JPX,JPY
7004,KANADEVIA CORP.,,Japon,JPX,JPY
1802,OBAYASHI CORPORATION,,Japon,JPX,JPY
1801,TAISEI CORPORATION,,Japon,JPX,JPY
8399,BANK OF THE RYUKYUS LTD.,,Japon,JPX,JPY
1799,DAIICHI KENSETSU CORPORATION,,Japon,JPX,JPY
1798,MORIYA CORPORATION,,Japon,JPX,JPY
1795,MASARU CORPORATION,,Japon,JPX,JPY
8398@F,CHIKUHO BANK,,Japon,JPX,JPY
1793,"OHMOTO GUMI CO., LTD.",,Japon,JPX,JPY
6925,USHIO INC.,,Japon,JPX,JPY
8365,BANK OF TOYAMA LTD.,,Japon,JPX,JPY
1771@F,NIPPON KANRYU INDUSTRY CO,,Japon,JPX,JPY
1770,"FUJITA ENGINEERING CO., LTD.",,Japon,JPX,JPY
1736,OTEC CORP,,Japon,JPX,JPY
8385,"THE IYO BANK, LTD.",,Japon,JPX,JPY
172A,"NEO HOME CO., LTD.",,Japon,JPX,JPY
2121,MIXI INC.,,Japon,JPX,JPY
8383,TOTTORI BANK LTD.,,Japon,JPX,JPY
2122,"INTERSPACE CO., LTD.",,Japon,JPX,JPY
8382,"THE CHUGOKU BANK, LIMITED",,Japon,JPX,JPY
8381,SAN-IN GODO BANK LTD.,,Japon,JPX,JPY
1724,SYNCLAYER INC.,,Japon,JPX,JPY
8377,HOKUHOKU FINANCIAL GROUP INC.,,Japon,JPX,JPY
2124,"JAC RECRUITMENT CO., LTD.",,Japon,JPX,JPY
8370,KIYO BANK LTD.,,Japon,JPX,JPY
1723,"NIHON DENGI CO., LTD.",,Japon,JPX,JPY
8368,"HYAKUGO BANK, LTD.",,Japon,JPX,JPY
1721,COMSYS HOLDINGS CORPORATION,,Japon,JPX,JPY
8544,"KEIYO BANK, LTD.",,Japon,JPX,JPY
8367,"THE NANTO BANK, LTD.",,Japon,JPX,JPY
2120,"LIFULL CO., LTD.",,Japon,JPX,JPY
2108,"NIPPON BEET SUGAR MANUFACTURING CO., LTD.",,Japon,JPX,JPY
173A,HAMMOCK INC.,,Japon,JPX,JPY
8542,TOMATO BANK LTD,,Japon,JPX,JPY
1768,SONEC CORPORATION,,Japon,JPX,JPY
2109,"MITSUI DM SUGAR HOLDINGS CO., LTD.",,Japon,JPX,JPY
8392,OITA BANK LTD.,,Japon,JPX,JPY
2112,"ENSUIKO SUGAR REFINING CO., LTD.",,Japon,JPX,JPY
2114,FUJI NIHON CORPORATION,,Japon,JPX,JPY
1766,TOKEN CORPORATION,,Japon,JPX,JPY
7014,"NAMURA SHIPBUILDING CO., LTD.",,Japon,JPX,JPY
8388,AWA BANK LTD.,,Japon,JPX,JPY
1764,KUDO CORP,,Japon,JPX,JPY
8387,SHIKOKU BANK LTD.,,Japon,JPX,JPY
8537,"THE TAIKO BANK, LTD.",,Japon,JPX,JPY
2117,WELLNEO SUGAR CO. LTD.,,Japon,JPX,JPY
1762,"TAKAMATSU CONSTRUCTION GROUP CO., LTD.",,Japon,JPX,JPY
175A,"WILL SMART CO., LTD.",,Japon,JPX,JPY
1758,"TAIYO KISOKOGYO CO., LTD.",,Japon,JPX,JPY
8386,THE HYAKUJUSHI BANK LTD.,,Japon,JPX,JPY
8541,EHIME BANK LTD.,,Japon,JPX,JPY
211A,CADOS CORP.,,Japon,JPX,JPY
194A,WOLVES HAND CO. LTD.,,Japon,JPX,JPY
8056,BIPROGY INC.,,Japon,JPX,JPY
1420,SANYO HOMES CORPORATION,,Japon,JPX,JPY
7678,"ASAKUMA CO., LTD.",,Japon,JPX,JPY
7677,"YASHIMA & CO., LTD.",,Japon,JPX,JPY
7674,NATTY SWANKY HOLDINGS CO. LTD.,,Japon,JPX,JPY
6699,"DIAMOND ELECTRIC HOLDINGS CO., LTD.",,Japon,JPX,JPY
6701,NEC CORPORATION,,Japon,JPX,JPY
6702,FUJITSU LIMITED,,Japon,JPX,JPY
6703,"OKI ELECTRIC INDUSTRY CO., LTD.",,Japon,JPX,JPY
7110,KURASHICOM INC.,,Japon,JPX,JPY
7673,"DAIKO TSUSAN CO., LTD.",,Japon,JPX,JPY
7670,O-WELL CORPORATION,,Japon,JPX,JPY
6706,"DKK CO., LTD.",,Japon,JPX,JPY
7111,INEST INC.,,Japon,JPX,JPY
6707,"SANKEN ELECTRIC CO., LTD.",,Japon,JPX,JPY
7649,"SUGI HOLDINGS CO., LTD.",,Japon,JPX,JPY
7679,"YAKUODO HOLDINGS CO., LTD.",,Japon,JPX,JPY
7646,PLANT CO. LTD.,,Japon,JPX,JPY
7640,"TOP CULTURE CO., LTD.",,Japon,JPX,JPY
7638,NEW ART HOLDINGS CO. LTD.,,Japon,JPX,JPY
7637,"HAKUDO CO., LTD.",,Japon,JPX,JPY
6718,"AIPHONE CO., LTD.",,Japon,JPX,JPY
7636,"HANDSMAN CO., LTD.",,Japon,JPX,JPY
7634,"HOSHI IRYO-SANKI CO., LTD.",,Japon,JPX,JPY
6721,WINTEST CORP.,,Japon,JPX,JPY
6723,RENESAS ELECTRONICS CORPORATION,,Japon,JPX,JPY
7630,"ICHIBANYA CO., LTD.",,Japon,JPX,JPY
6724,SEIKO EPSON CORPORATION,,Japon,JPX,JPY
7112,CUBE CO. LTD.,,Japon,JPX,JPY
7628,OHASHI TECHNICA INC.,,Japon,JPX,JPY
6727,"WACOM CO., LTD.",,Japon,JPX,JPY
7625,GLOBAL-DINING INC.,,Japon,JPX,JPY
7643,"DAIICHI CO., LTD.",,Japon,JPX,JPY
7680,"KEIJIDOUSHAKAN CO., LTD.",,Japon,JPX,JPY
6696,TRAAS ON PRODUCT INC.,,Japon,JPX,JPY
6694,"ZOOM VIDEO COMMUNICATIONS, INC.",,Japon,JPX,JPY
7721,TOKYO KEIKI INC.,,Japon,JPX,JPY
7719,"TOKYO KOKI CO., LTD.",,Japon,JPX,JPY
7717,"V TECHNOLOGY CO., LTD.",,Japon,JPX,JPY
7716,NAKANISHI INC.,,Japon,JPX,JPY
7715,"NAGANO KEIKI CO., LTD.",,Japon,JPX,JPY
6674,GS YUASA CORPORATION,,Japon,JPX,JPY
7713,"SIGMA KOKI CO., LTD.",,Japon,JPX,JPY
7711,"SUKEGAWA ELECTRIC CO., LTD.",,Japon,JPX,JPY
6675,SAXA INC.,,Japon,JPX,JPY
7709,KUBOTEK CORPORATION,,Japon,JPX,JPY
7707,"PRECISION SYSTEM SCIENCE CO., LTD.",,Japon,JPX,JPY
6676,MELCO HOLDINGS INC.,,Japon,JPX,JPY
7702,"JMS CO., LTD.",,Japon,JPX,JPY
7701,SHIMADZU CORPORATION,,Japon,JPX,JPY
6677,SK-ELECTRONICS LTD.,,Japon,JPX,JPY
6678,"TECHNO MEDICA CO., LTD.",,Japon,JPX,JPY
7698,ICECO INC.,,Japon,JPX,JPY
7681,"LEOCLAN CO., LTD.",,Japon,JPX,JPY
7682,HAMAYUU CO. LTD.,,Japon,JPX,JPY
7683,WA INC.,,Japon,JPX,JPY
7102,"NIPPON SHARYO, LTD.",,Japon,JPX,JPY
7685,"BUYSELL TECHNOLOGIES CO., LTD.",,Japon,JPX,JPY
7686,"KAKUYASU GROUP CO., LTD.",,Japon,JPX,JPY
7624,"NAITO & CO., LTD.",,Japon,JPX,JPY
7687,"MICREED CO., LTD.",,Japon,JPX,JPY
7689,COPA CORP INC.,,Japon,JPX,JPY
7691,C CHANNEL CORPORATION,,Japon,JPX,JPY
7097,"SAKURASAKU PLUS CO., LTD.",,Japon,JPX,JPY
7692,EARTH INFINITY CO. LTD.,,Japon,JPX,JPY
7694,ITSUMO INC.,,Japon,JPX,JPY
7695,KOUKANDEKIRUKUN INC.,,Japon,JPX,JPY
7688,MIAHELSA CORPORATION,,Japon,JPX,JPY
7722,"KOKUSAI CO., LTD.",,Japon,JPX,JPY
6728,ULVAC INC.,,Japon,JPX,JPY
6730,AXELL CORPORATION,,Japon,JPX,JPY
6762,TDK CORPORATION,,Japon,JPX,JPY
6763,"TEIKOKU TSUSHIN KOGYO CO., LTD.",,Japon,JPX,JPY
7595,ARGO GRAPHICS INC.,,Japon,JPX,JPY
7593,"VT HOLDINGS CO., LTD.",,Japon,JPX,JPY
6768,TAMURA CORPORATION,,Japon,JPX,JPY
7590,"TAKASHO CO., LTD.",,Japon,JPX,JPY
6769,"THINE ELECTRONICS, INC.",,Japon,JPX,JPY
6770,"ALPS ALPINE CO., LTD.",,Japon,JPX,JPY
7585,KAN-NANMARU CORPORATION,,Japon,JPX,JPY
6771,"IKEGAMI TSUSHINKI CO., LTD.",,Japon,JPX,JPY
6772,"TOKYO COSMOS ELECTRIC CO., LTD.",,Japon,JPX,JPY
6775,TB GROUP INC.,,Japon,JPX,JPY
7581,"SAIZERIYA CO., LTD.",,Japon,JPX,JPY
6776,"TENSHO ELECTRIC INDUSTRIES CO., LTD.",,Japon,JPX,JPY
7114,FOODISON INC.,,Japon,JPX,JPY
6777,SANTEC HOLDINGS CORP.,,Japon,JPX,JPY
6779,"NIHON DEMPA KOGYO CO., LTD.",,Japon,JPX,JPY
7578,"NICHIRYOKU CO., LTD.",,Japon,JPX,JPY
7575,"JAPAN LIFELINE CO., LTD.",,Japon,JPX,JPY
7571,YAMANO HOLDINGS CORPORATION,,Japon,JPX,JPY
7570,"HASHIMOTO SOGYO HOLDINGS CO., LTD.",,Japon,JPX,JPY
6785,SUZUKI CO. LTD.,,Japon,JPX,JPY
7567,SAKAE ELECTRONICS CORPORATION,,Japon,JPX,JPY
6786,RVH INC.,,Japon,JPX,JPY
6787,"MEIKO ELECTRONICS CO., LTD.",,Japon,JPX,JPY
7565,MANSEI CORPORATION,,Japon,JPX,JPY
7564,"WORKMAN CO., LTD.",,Japon,JPX,JPY
6788,"NIHON TRIM CO., LTD.",,Japon,JPX,JPY
7562,"ANRAKUTEI CO., LTD.",,Japon,JPX,JPY
7561,HURXLEY CORP.,,Japon,JPX,JPY
6778,ARTIZA NETWORKS INC.,,Japon,JPX,JPY
7596,"UORIKI CO., LTD.",,Japon,JPX,JPY
7599,IDOM INC.,,Japon,JPX,JPY
6758,SONY GROUP CORP.,,Japon,JPX,JPY
7619,"TANAKA CO., LTD.",,Japon,JPX,JPY
6731,PIXELA CORPORATION,,Japon,JPX,JPY
7616,"COLOWIDE CO., LTD.",,Japon,JPX,JPY
7615,"KYOTO KIMONO YUZEN HOLDINGS CO., LTD.",,Japon,JPX,JPY
6736,SUN CORP,,Japon,JPX,JPY
6737,EIZO CORPORATION,,Japon,JPX,JPY
7614,"OM2 NETWORK CO., LTD.",,Japon,JPX,JPY
7613,SIIX CORP.,,Japon,JPX,JPY
7611,HIDAY HIDAKA CORP.,,Japon,JPX,JPY
6740,JAPAN DISPLAY INC.,,Japon,JPX,JPY
6741,"NIPPON SIGNAL CO., LTD.",,Japon,JPX,JPY
7610,"TAY TWO CO., LTD.",,Japon,JPX,JPY
7609,"DAITRON CO., LTD.",,Japon,JPX,JPY
6742,"KYOSAN ELECTRIC MANUFACTURING CO., LTD.",,Japon,JPX,JPY
6743,"DAIDO SIGNAL CO., LTD.",,Japon,JPX,JPY
6744,NOHMI BOSAI LTD.,,Japon,JPX,JPY
7608,"SK JAPAN CO., LTD.",,Japon,JPX,JPY
6757,"OSG CORPORATION CO., LTD.",,Japon,JPX,JPY
7600,JAPAN MEDICAL DYNAMIC MARKETING INC.,,Japon,JPX,JPY
6754,ANRITSU CORPORATION,,Japon,JPX,JPY
7601,"POPLAR CO., LTD.",,Japon,JPX,JPY
6753,SHARP CORPORATION,,Japon,JPX,JPY
6752,PANASONIC HOLDINGS CORPORATION,,Japon,JPX,JPY
7621,"UKAI CO., LTD.",,Japon,JPX,JPY
7602,"LEDAX CO., LTD.",,Japon,JPX,JPY
6750,"ELECOM CO., LTD.",,Japon,JPX,JPY
7604,"UMENOHANA CO., LTD.",,Japon,JPX,JPY
7606,UNITED ARROWS LTD.,,Japon,JPX,JPY
6748,"SEIWA ELECTRIC MFG. CO., LTD.",,Japon,JPX,JPY
6745,HOCHIKI CORPORATION,,Japon,JPX,JPY
7607,"SHINWA CO., LTD.",,Japon,JPX,JPY
7603,"MAC HOUSE CO., LTD.",,Japon,JPX,JPY
7723,"AICHI TOKEI DENKI CO., LTD.",,Japon,JPX,JPY
6668,"ADTEC PLASMA TECHNOLOGY CO., LTD.",,Japon,JPX,JPY
7725,INTER ACTION CORP.,,Japon,JPX,JPY
7838,"KYORITSU PRINTING CO., LTD.",,Japon,JPX,JPY
6599,EBRAINS INC.,,Japon,JPX,JPY
7837,R C CORE CO. LTD.,,Japon,JPX,JPY
7836,AVIX INC.,,Japon,JPX,JPY
7833,IFIS JAPAN LTD.,,Japon,JPX,JPY
7832,BANDAI NAMCO HOLDINGS INC.,,Japon,JPX,JPY
7831,WELLCO HOLDINGS CORP,,Japon,JPX,JPY
7827,ORVIS CORPORATION,,Japon,JPX,JPY
7826,"FURUYA METAL CO., LTD.",,Japon,JPX,JPY
7823,ARTNATURE INC.,,Japon,JPX,JPY
7822,"EIDAI CO., LTD.",,Japon,JPX,JPY
7821,"MAEDA KOSEN CO., LTD.",,Japon,JPX,JPY
7820,"NIHON FLUSH CO., LTD.",,Japon,JPX,JPY
7819,SHOBIDO CORP.,,Japon,JPX,JPY
6597,HPC SYSTEMS INC.,,Japon,JPX,JPY
7818,TRANSACTION CO LTD.,,Japon,JPX,JPY
7815,"TOKYO BOARD INDUSTRIES CO., LTD.",,Japon,JPX,JPY
7814,JAPAN CREATIVE PLATFORM GROUP INC.,,Japon,JPX,JPY
7813,"PLATZ CO., LTD.",,Japon,JPX,JPY
6613,"QD LASER, INC.",,Japon,JPX,JPY
6614,"SHIKINO HIGH-TECH CO., LTD.",,Japon,JPX,JPY
6615,"UMC ELECTRONICS CO., LTD.",,Japon,JPX,JPY
7812,CRESTEC INC.,,Japon,JPX,JPY
7811,"NAKAMOTO PACKS CO., LTD.",,Japon,JPX,JPY
7810,"CROSSFOR CO., LTD.",,Japon,JPX,JPY
6616,TOREX SEMICONDUCTOR LTD.,,Japon,JPX,JPY
6617,"TAKAOKA TOKO CO., LTD.",,Japon,JPX,JPY
7809,"KOTOBUKIYA CO., LTD.",,Japon,JPX,JPY
7808,CS LUMBER CO INC.,,Japon,JPX,JPY
7807,"KOWA COMPANY, LTD.",,Japon,JPX,JPY
6612,BALMUDA INC.,,Japon,JPX,JPY
7839,"SHOEI CO., LTD.",,Japon,JPX,JPY
6596,"TSUKUBA SEIKO CO., LTD.",,Japon,JPX,JPY
7840,"FRANCE BED HOLDINGS CO., LTD.",,Japon,JPX,JPY
6572,OPEN GROUP INC.,,Japon,JPX,JPY
7872,"ESTELLE HOLDINGS CO., LTD.",,Japon,JPX,JPY
6573,AGILE MEDIA NETWORK INC.,,Japon,JPX,JPY
6574,CONVANO INC.,,Japon,JPX,JPY
7871,"FUKUVI CHEMICAL INDUSTRY CO., LTD.",,Japon,JPX,JPY
7868,"KOSAIDO HOLDINGS CO., LTD.",,Japon,JPX,JPY
6577,"BESTONE.COM CO., LTD.",,Japon,JPX,JPY
7867,TOMY COMPANY LTD.,,Japon,JPX,JPY
7865,"PEOPLE CO., LTD.",,Japon,JPX,JPY
6578,CORREC HOLDINGS INC.,,Japon,JPX,JPY
6579,LOGLY INC.,,Japon,JPX,JPY
7864,FUJI SEAL INTERNATIONAL INC.,,Japon,JPX,JPY
6580,WRITEUP CO. LTD.,,Japon,JPX,JPY
7863,"HIRAGA CO., LTD.",,Japon,JPX,JPY
7860,AVEX INC.,,Japon,JPX,JPY
7859,ALMEDIO INC.,,Japon,JPX,JPY
7857,"SEKI CO., LTD.",,Japon,JPX,JPY
7841,ENDO MANUFACTURING CO. LTD.,,Japon,JPX,JPY
6594,NIDEC CORPORATION,,Japon,JPX,JPY
7844,MARVELOUS INC.,,Japon,JPX,JPY
7846,PILOT CORPORATION,,Japon,JPX,JPY
6592,"MABUCHI MOTOR CO., LTD.",,Japon,JPX,JPY
7847,GRAPHITE DESIGN INC.,,Japon,JPX,JPY
6619,W-SCOPE CORPORATION,,Japon,JPX,JPY
7849,STARTS PUBLISHING CORPORATION,,Japon,JPX,JPY
6588,TOSHIBA TEC CORPORATION,,Japon,JPX,JPY
7850,"SOUGOU SHOUKEN CO., LTD.",,Japon,JPX,JPY
7851,KAWASE COMPUTER SUPPLIES CO. LTD.,,Japon,JPX,JPY
6586,MAKITA CORPORATION,,Japon,JPX,JPY
7856,HAGIHARA INDUSTRIES INC.,,Japon,JPX,JPY
6584,"SANOH INDUSTRIAL CO., LTD.",,Japon,JPX,JPY
6590,SHIBAURA MECHATRONICS CORPORATION,,Japon,JPX,JPY
6620,MIYAKOSHI HOLDINGS INC.,,Japon,JPX,JPY
7806,"MTG CO., LTD.",,Japon,JPX,JPY
7805,PRINTNET INC.,,Japon,JPX,JPY
7762,"CITIZEN WATCH CO., LTD.",,Japon,JPX,JPY
7760,IMV CORPORATION,,Japon,JPX,JPY
6651,NITTO KOGYO CORPORATION,,Japon,JPX,JPY
7752,"RICOH COMPANY, LTD.",,Japon,JPX,JPY
6652,IDEC CORPORATION,,Japon,JPX,JPY
6653,"SEIKO ELECTRIC CO., LTD.",,Japon,JPX,JPY
7751,CANON INC.,,Japon,JPX,JPY
6654,"FUJI ELECTRIC INDUSTRY CO., LTD.",,Japon,JPX,JPY
7749,"MEDIKIT CO., LTD.",,Japon,JPX,JPY
7747,"ASAHI INTECC CO., LTD.",,Japon,JPX,JPY
7746,"OKAMOTO GLASS CO., LTD.",,Japon,JPX,JPY
6656,INSPEC INC.,,Japon,JPX,JPY
7745,A&D HOLON HOLDINGS CO. LTD.,,Japon,JPX,JPY
6658,"SHIRAI ELECTRONICS INDUSTRIAL CO., LTD.",,Japon,JPX,JPY
7744,"NORITSU KOKI CO., LTD.",,Japon,JPX,JPY
6659,"MEDIA LINKS CO., LTD.",,Japon,JPX,JPY
7743,SEED CO. LTD.,,Japon,JPX,JPY
7726,KURODA PRECISION INDUSTRIES LTD.,,Japon,JPX,JPY
6666,RIVER ELETEC CORP.,,Japon,JPX,JPY
7727,OVAL CORPORATION,,Japon,JPX,JPY
7729,"TOKYO SEIMITSU CO., LTD.",,Japon,JPX,JPY
7730,MANI INC.,,Japon,JPX,JPY
6664,"OPTOELECTRONICS CO., LTD.",,Japon,JPX,JPY
7769,"RHYTHM CO., LTD.",,Japon,JPX,JPY
7731,NIKON CORPORATION,,Japon,JPX,JPY
6663,"TAIYO TECHNOLEX CO., LTD.",,Japon,JPX,JPY
7734,"RIKEN KEIKI CO., LTD.",,Japon,JPX,JPY
6662,UBITEQ INC.,,Japon,JPX,JPY
7735,"SCREEN HOLDINGS CO., LTD.",,Japon,JPX,JPY
7740,"TAMRON CO., LTD.",,Japon,JPX,JPY
7741,HOYA CORPORATION,,Japon,JPX,JPY
7733,OLYMPUS CORPORATION,,Japon,JPX,JPY
7555,"OTA FLORICULTURE AUCTION CO., LTD.",,Japon,JPX,JPY
6648,KAWADEN CORPORATION,,Japon,JPX,JPY
6645,OMRON CORPORATION,,Japon,JPX,JPY
7804,"B&P CO., LTD.",,Japon,JPX,JPY
6622,DAIHEN CORPORATION,,Japon,JPX,JPY
7803,BUSHIROAD INC.,,Japon,JPX,JPY
7800,"AMIFA CO., LTD.",,Japon,JPX,JPY
7795,"KYORITSU CO., LTD.",,Japon,JPX,JPY
6625,JALCO HOLDINGS INC.,,Japon,JPX,JPY
7794,EDP CORP.,,Japon,JPX,JPY
6626,SEMITEC CORP,,Japon,JPX,JPY
6627,TERA PROBE INC.,,Japon,JPX,JPY
7793,IMAGE MAGIC INC.,,Japon,JPX,JPY
6629,"TECHNO HORIZON CO., LTD.",,Japon,JPX,JPY
7792,"COLAN TOTTE CO., LTD.",,Japon,JPX,JPY
6630,YA-MAN LTD.,,Japon,JPX,JPY
6632,JVC KENWOOD CORPORATION,,Japon,JPX,JPY
7791,"DREAMBED CO., LTD.",,Japon,JPX,JPY
6633,C&G SYSTEMS INC.,,Japon,JPX,JPY
7782,"SINCERE CO., LTD.",,Japon,JPX,JPY
6644,"OSAKI ELECTRIC CO., LTD.",,Japon,JPX,JPY
7771,"NIHON SEIMITSU CO., LTD.",,Japon,JPX,JPY
6643,"TOGAMI ELECTRIC MANUFACTURING CO., LTD.",,Japon,JPX,JPY
7774,"JAPAN TISSUE ENGINEERING CO., LTD.",,Japon,JPX,JPY
7775,"DAIKEN MEDICAL CO., LTD.",,Japon,JPX,JPY
7776,CELLSEED INC.,,Japon,JPX,JPY
6647,"MORIO DENKI CO., LTD.",,Japon,JPX,JPY
7777,3-D MATRIX LTD.,,Japon,JPX,JPY
7779,CYBERDYNE INC.,,Japon,JPX,JPY
6637,"TERASAKI ELECTRIC CO., LTD.",,Japon,JPX,JPY
7780,"MENICON CO., LTD.",,Japon,JPX,JPY
7781,"HIRAYAMA HOLDINGS CO., LTD.",,Japon,JPX,JPY
6635,"DI-NIKKO ENGINEERING CO., LTD.",,Japon,JPX,JPY
6634,NCXX GROUP INC.,,Japon,JPX,JPY
6638,"MIMAKI ENGINEERING CO., LTD.",,Japon,JPX,JPY
7874,LEC INC.,,Japon,JPX,JPY
7554,KOURAKUEN CORPORATION,,Japon,JPX,JPY
7552,HAPPINET CORPORATION,,Japon,JPX,JPY
7322,SAN JU SAN FINANCIAL GROUP INC.,,Japon,JPX,JPY
7320,SOLVVY INC.,,Japon,JPX,JPY
7318,SERENDIP HOLDINGS CO. LTD.,,Japon,JPX,JPY
7317,"MATSUYA R&D CO., LTD.",,Japon,JPX,JPY
7314,"ODAWARA AUTO-MACHINE MANUFACTURING CO., LTD.",,Japon,JPX,JPY
7313,"TS TECH CO., LTD.",,Japon,JPX,JPY
7309,SHIMANO INC.,,Japon,JPX,JPY
7305,"ARAYA INDUSTRIAL CO., LTD.",,Japon,JPX,JPY
7299,FUJI OOZX INC.,,Japon,JPX,JPY
7297,"CAR MATE MFG CO., LTD.",,Japon,JPX,JPY
7137,GRANTOMATO CO. LTD.,,Japon,JPX,JPY
7296,FCC CO. LTD.,,Japon,JPX,JPY
7294,YOROZU CORPORATION,,Japon,JPX,JPY
7138,"TORICO CO., LTD.",,Japon,JPX,JPY
7135,"JAPAN CRAFT HOLDINGS CO., LTD.",,Japon,JPX,JPY
7292,MURAKAMI CORPORATION,,Japon,JPX,JPY
7287,"NIPPON SEIKI CO., LTD.",,Japon,JPX,JPY
7284,"MEIWA INDUSTRY CO., LTD.",,Japon,JPX,JPY
7283,"AISAN INDUSTRY CO., LTD.",,Japon,JPX,JPY
7282,"TOYODA GOSEI CO., LTD.",,Japon,JPX,JPY
7280,MITSUBA CORPORATION,,Japon,JPX,JPY
7139,TOKYO KOATSU CO. LTD.,,Japon,JPX,JPY
7140,PETGO CORP.,,Japon,JPX,JPY
7148,"FINANCIAL PARTNERS GROUP CO., LTD.",,Japon,JPX,JPY
7150,SHIMANE BANK LTD.,,Japon,JPX,JPY
7279,HI-LEX CORPORATION,,Japon,JPX,JPY
7278,EXEDY CORPORATION,,Japon,JPX,JPY
7277,"TBK CO., LTD.",,Japon,JPX,JPY
7276,"KOITO MANUFACTURING CO., LTD.",,Japon,JPX,JPY
7273,"IKUYO CO., LTD.",,Japon,JPX,JPY
7291,"NIHON PLAST CO., LTD.",,Japon,JPX,JPY
7325,IRRC CORP.,,Japon,JPX,JPY
7326,"SBI INSURANCE GROUP CO., LTD.",,Japon,JPX,JPY
7327,DAISHI HOKUETSU FINANCIAL GROUP INC.,,Japon,JPX,JPY
7130,"YAMAE GROUP HOLDINGS CO., LTD.",,Japon,JPX,JPY
7375,REFINVERSE GROUP INC.,,Japon,JPX,JPY
7131,"NOMURA HOLDINGS, INC.",,Japon,JPX,JPY
7374,INTERWORKS CONFIDENCE INC.,,Japon,JPX,JPY
7133,"HYUGA PRIMARY CARE CO., LTD.",,Japon,JPX,JPY
7373,AIDMA HOLDINGS INC.,,Japon,JPX,JPY
7372,DECOLLTE HOLDINGS CORP.,,Japon,JPX,JPY
7371,ZENKEN CORPORATION,,Japon,JPX,JPY
7370,"ENJIN CO., LTD.",,Japon,JPX,JPY
7369,MEIHO HOLDINGS INC.,,Japon,JPX,JPY
7368,"HYOJITO CO., LTD.",,Japon,JPX,JPY
7134,"UP GARAGE GROUP CO., LTD.",,Japon,JPX,JPY
7367,CELM INC.,,Japon,JPX,JPY
7366,LITALICO INC.,,Japon,JPX,JPY
7363,BABY CALENDAR INC.,,Japon,JPX,JPY
7362,TERMINALCARE SUPPORT INSTITUTE INC.,,Japon,JPX,JPY
7361,HUMAN CREATION HOLDINGS INC.,,Japon,JPX,JPY
7337,HIROGIN HOLDINGS INC.,,Japon,JPX,JPY
7343,"BROAD MINDED CO., LTD.",,Japon,JPX,JPY
7345,AI PARTNERS FINANCIAL INC.,,Japon,JPX,JPY
7347,"MERCURIA HOLDINGS CO., LTD.",,Japon,JPX,JPY
7350,OKINAWA FINANCIAL GROUP INC.,,Japon,JPX,JPY
7351,GOODPATCH INC.,,Japon,JPX,JPY
7272,"YAMAHA MOTOR CO., LTD.",,Japon,JPX,JPY
7352,TWOSTONE & SONS INC.,,Japon,JPX,JPY
7354,DIRECT MARKETING MIX INC.,,Japon,JPX,JPY
7356,RETTY INC.,,Japon,JPX,JPY
7357,"GEOCODE CO., LTD.",,Japon,JPX,JPY
7358,POPPINS CORP.,,Japon,JPX,JPY
7359,TOKYO COMMUNICATIONS GROUP INC.,,Japon,JPX,JPY
7360,ONDECK CO LTD.,,Japon,JPX,JPY
7353,"KIYO LEARNING CO., LTD.",,Japon,JPX,JPY
7376,"BCC CO., LTD.",,Japon,JPX,JPY
7271,YASUNAGA CORPORATION,,Japon,JPX,JPY
7269,SUZUKI MOTOR CORPORATION,,Japon,JPX,JPY
7211,MITSUBISHI MOTORS CORPORATION,,Japon,JPX,JPY
7208,KANEMITSU CORP.,,Japon,JPX,JPY
7205,HINO MOTORS LTD.,,Japon,JPX,JPY
7162,ASTMAX CO. LTD.,,Japon,JPX,JPY
7203,TOYOTA MOTOR CORPORATION,,Japon,JPX,JPY
7202,ISUZU MOTORS LTD.,,Japon,JPX,JPY
7201,"NISSAN MOTOR CO., LTD.",,Japon,JPX,JPY
7164,"ZENKOKU HOSHO CO., LTD.",,Japon,JPX,JPY
7167,MEBUKI FINANCIAL GROUP INC.,,Japon,JPX,JPY
7199,"PREMIUM GROUP CO., LTD.",,Japon,JPX,JPY
6882,"SANSHA ELECTRIC MANUFACTURING CO., LTD.",,Japon,JPX,JPY
7198,SBI ARUHI CORPORATION,,Japon,JPX,JPY
7196,CASA INC.,,Japon,JPX,JPY
7192,MORTGAGE SERVICE JAPAN LTD.,,Japon,JPX,JPY
7212,F-TECH INC.,,Japon,JPX,JPY
7170,"CHUO INTERNATIONAL GROUP CO., LTD.",,Japon,JPX,JPY
7189,NISHI-NIPPON FINANCIAL HOLDINGS INC.,,Japon,JPX,JPY
7187,"J-LEASE CO., LTD.",,Japon,JPX,JPY
7186,"CONCORDIA FINANCIAL GROUP, LTD.",,Japon,JPX,JPY
7172,"JAPAN INVESTMENT ADVISER CO., LTD.",,Japon,JPX,JPY
7185,HIROSE TUSYO INC.,,Japon,JPX,JPY
7184,FIRST BANK OF TOYAMA LTD.,,Japon,JPX,JPY
7183,"ANSHIN GUARANTOR SERVICE CO., LTD.",,Japon,JPX,JPY
7182,"JAPAN POST BANK CO., LTD.",,Japon,JPX,JPY
7181,"JAPAN POST INSURANCE CO., LTD.",,Japon,JPX,JPY
7180,KYUSHU FINANCIAL GROUP INC.,,Japon,JPX,JPY
7177,GMO FINANCIAL HOLDINGS INC.,,Japon,JPX,JPY
7176,SIMPLEX FINANCIAL HOLDINGS CO.,,Japon,JPX,JPY
7175,"IMAMURA SECURITIES CO., LTD.",,Japon,JPX,JPY
7173,"TOKYO KIRABOSHI FINANCIAL GROUP, INC.",,Japon,JPX,JPY
7191,ENTRUST INC.,,Japon,JPX,JPY
7213,LECIP HOLDINGS CORP.,,Japon,JPX,JPY
7214,GMB CORPORATION,,Japon,JPX,JPY
7215,"FALTEC CO., LTD.",,Japon,JPX,JPY
7267,"HONDA MOTOR CO., LTD.",,Japon,JPX,JPY
7266,IMASEN ELECTRIC INDUSTRIAL CO. LTD.,,Japon,JPX,JPY
7265,"EIKEN INDUSTRIES CO., LTD.",,Japon,JPX,JPY
7264,MURO CORP.,,Japon,JPX,JPY
7261,MAZDA MOTOR CORPORATION,,Japon,JPX,JPY
7259,AISIN CORPORATION,,Japon,JPX,JPY
7256,"KASAI KOGYO CO., LTD.",,Japon,JPX,JPY
7255,SAKURAI LTD.,,Japon,JPX,JPY
7254,UNIVANCE CORPORATION,,Japon,JPX,JPY
7247,MIKUNI CORPORATION,,Japon,JPX,JPY
7246,"PRESS KOGYO CO., LTD.",,Japon,JPX,JPY
7245,"DAIDO METAL CO., LTD.",,Japon,JPX,JPY
7244,"ICHIKOH INDUSTRIES, LTD.",,Japon,JPX,JPY
7157,LIFENET INSURANCE COMPANY,,Japon,JPX,JPY
7242,KYB CORPORATION,,Japon,JPX,JPY
7241,"FUTABA INDUSTRIAL CO., LTD.",,Japon,JPX,JPY
7240,NOK CORPORATION,,Japon,JPX,JPY
7217,TEIJIN LIMITED,,Japon,JPX,JPY
7218,"TANAKA SEIMITSU KOGYO CO., LTD.",,Japon,JPX,JPY
7219,"HKS CO., LTD.",,Japon,JPX,JPY
7220,"MUSASHI SEIMITSU INDUSTRY CO., LTD.",,Japon,JPX,JPY
7161,JIMOTO HOLDINGS INC.,,Japon,JPX,JPY
7222,"NISSAN SHATAI CO., LTD.",,Japon,JPX,JPY
7270,SUBARU CORPORATION,,Japon,JPX,JPY
7224,SHINMAYWA INDUSTRIES LTD.,,Japon,JPX,JPY
7228,DAYTONA CORP.,,Japon,JPX,JPY
7231,TOPY INDUSTRIES LTD.,,Japon,JPX,JPY
7235,"TOKYO RADIATOR MANUFACTURING CO., LTD.",,Japon,JPX,JPY
7236,"T. HASEGAWA CO., LTD.",,Japon,JPX,JPY
7238,"AKEBONO BRAKE INDUSTRY CO., LTD.",,Japon,JPX,JPY
7239,"TACHI-S CO., LTD.",,Japon,JPX,JPY
7226,"KYOKUTO KAIHATSU KOGYO CO., LTD.",,Japon,JPX,JPY
7377,"DN HOLDINGS CO., LTD.",,Japon,JPX,JPY
7378,ASIRO INC.,,Japon,JPX,JPY
7380,JUROKU FINANCIAL GROUP INC.,,Japon,JPX,JPY
7509,IA GROUP CORP.,,Japon,JPX,JPY
7508,G-7 HOLDINGS INC.,,Japon,JPX,JPY
6820,ICOM INC.,,Japon,JPX,JPY
7506,"HOUSE OF ROSE CO., LTD.",,Japon,JPX,JPY
7505,"FUSO DENTSU CO., LTD.",,Japon,JPX,JPY
7504,KOHSOKU CORPORATION,,Japon,JPX,JPY
6822,"OI ELECTRIC CO., LTD.",,Japon,JPX,JPY
7502,"PLAZA HOLDINGS CO., LTD.",,Japon,JPX,JPY
6823,"RION CO., LTD.",,Japon,JPX,JPY
6824,"NEW COSMOS ELECTRIC CO., LTD.",,Japon,JPX,JPY
7501,TIEMCO LTD.,,Japon,JPX,JPY
7119,"HALMEK HOLDINGS CO., LTD.",,Japon,JPX,JPY
7500,"NISHIKAWA KEISOKU CO., LTD.",,Japon,JPX,JPY
7494,"KONAKA CO., LTD.",,Japon,JPX,JPY
6819,"IZU SHABOTEN RESORT CO., LTD.",,Japon,JPX,JPY
7490,"NISSIN SHOJI CO., LTD.",,Japon,JPX,JPY
7486,"SANRIN CO., LTD.",,Japon,JPX,JPY
7483,"DOSHISHA CO., LTD.",,Japon,JPX,JPY
7482,"SHIMOJIMA CO., LTD.",,Japon,JPX,JPY
6832,"AOI ELECTRONICS CO., LTD.",,Japon,JPX,JPY
7481,"OIE SANGYO CO., LTD.",,Japon,JPX,JPY
7480,SUZUDEN CORPORATION,,Japon,JPX,JPY
7477,MURAKI CORPORATION,,Japon,JPX,JPY
6834,"SEIKOH GIKEN CO., LTD.",,Japon,JPX,JPY
7476,AS ONE CORPORATION,,Japon,JPX,JPY
7475,"ALBIS CO., LTD.",,Japon,JPX,JPY
6835,ALLIED TELESIS HOLDINGS K.K.,,Japon,JPX,JPY
6836,"PLAT'HOME CO., LTD.",,Japon,JPX,JPY
6837,"KYOEI SANGYO CO., LTD.",,Japon,JPX,JPY
7472,TOBA INC.,,Japon,JPX,JPY
7487,OZU CORPORATION,,Japon,JPX,JPY
7510,TAKEBISHI CORPORATION,,Japon,JPX,JPY
7512,AEON HOKKAIDO CORPORATION,,Japon,JPX,JPY
7513,"KOJIMA CO., LTD.",,Japon,JPX,JPY
6797,"NAGOYA ELECTRIC WORKS CO., LTD.",,Japon,JPX,JPY
7551,"WEDS CO., LTD.",,Japon,JPX,JPY
6798,SMK CORPORATION,,Japon,JPX,JPY
7550,"ZENSHO HOLDINGS CO., LTD.",,Japon,JPX,JPY
6800,"YOKOWO CO., LTD.",,Japon,JPX,JPY
6803,TEAC CORPORATION,,Japon,JPX,JPY
7545,"NISHIMATSUYA CHAIN CO., LTD.",,Japon,JPX,JPY
6804,HOSIDEN CORPORATION,,Japon,JPX,JPY
7544,"THREE F CO., LTD.",,Japon,JPX,JPY
6806,"HIROSE ELECTRIC CO., LTD.",,Japon,JPX,JPY
7539,"AINAVO HOLDINGS CO., LTD.",,Japon,JPX,JPY
7538,"DAISUI CO., LTD.",,Japon,JPX,JPY
6807,JAPAN AVIATION ELECTRONICS INDUSTRY LTD.,,Japon,JPX,JPY
7537,MARUBUN CORPORATION,,Japon,JPX,JPY
7532,PAN PACIFIC INTERNATIONAL HOLDINGS CORPORATION,,Japon,JPX,JPY
6809,TOA CORPORATION,,Japon,JPX,JPY
7531,SEIWA CHUO HOLDINGS CORPORATION,,Japon,JPX,JPY
6817,SUMIDA CORPORATION,,Japon,JPX,JPY
7514,"HIMARAYA CO., LTD.",,Japon,JPX,JPY
7515,MARUYOSHI CENTER INC.,,Japon,JPX,JPY
7516,KOHNAN SHOJI CO LTD,,Japon,JPX,JPY
6814,"FURUNO ELECTRIC CO., LTD.",,Japon,JPX,JPY
7520,ECO'S CO. LTD.,,Japon,JPX,JPY
6838,TAMAGAWA HOLDINGS CO. LTD.,,Japon,JPX,JPY
7521,"MUSASHI CO., LTD.",,Japon,JPX,JPY
7115,ALPHA PURCHASE CO LTD.,,Japon,JPX,JPY
7523,"ART VIVANT CO., LTD.",,Japon,JPX,JPY
7524,MARCHE CORPORATION,,Japon,JPX,JPY
6810,MAXELL LTD.,,Japon,JPX,JPY
7525,RIX CORPORATION,,Japon,JPX,JPY
7527,SYSTEMSOFT CORP.,,Japon,JPX,JPY
7522,"WATAMI CO., LTD.",,Japon,JPX,JPY
7466,SPK CORPORATION,,Japon,JPX,JPY
7464,SAFTEC CO. LTD.,,Japon,JPX,JPY
6840,"AKIBA HOLDINGS CO., LTD.",,Japon,JPX,JPY
7425,"HATSUHO SHOJI CO., LTD.",,Japon,JPX,JPY
7120,SHINKO INC.,,Japon,JPX,JPY
6864,NF HOLDINGS CORP.,,Japon,JPX,JPY
7422,"TOHO LAMAC CO., LTD.",,Japon,JPX,JPY
7421,"KAPPA CREATE CO., LTD.",,Japon,JPX,JPY
6866,HIOKI E.E. CORPORATION,,Japon,JPX,JPY
7419,"NOJIMA CO., LTD.",,Japon,JPX,JPY
6867,LEADER ELECTRONICS CORP.,,Japon,JPX,JPY
7417,NANYO CORPORATION,,Japon,JPX,JPY
7416,HARUYAMA HOLDINGS INC.,,Japon,JPX,JPY
7414,"ONOKEN CO., LTD.",,Japon,JPX,JPY
6869,SYSMEX CORPORATION,,Japon,JPX,JPY
7413,"SOKENSHA CO., LTD.",,Japon,JPX,JPY
6870,FENWAL CONTROLS OF JAPAN LTD.,,Japon,JPX,JPY
7412,ATOM CORPORATION,,Japon,JPX,JPY
6871,MICRONICS JAPAN CO. LTD.,,Japon,JPX,JPY
7122,"KINKI SHARYO CO., LTD.",,Japon,JPX,JPY
7381,HOKKOKU FINANCIAL HOLDINGS INC.,,Japon,JPX,JPY
7129,MIAHELSA HOLDINGS CORP.,,Japon,JPX,JPY
7128,MARUKA FURUSATO CORPORATION,,Japon,JPX,JPY
7127,"IKKA HOLDINGS CO., LTD.",,Japon,JPX,JPY
6877,OBARA GROUP INCORPORATED,,Japon,JPX,JPY
7383,NET PROTECTIONS HOLDINGS INC.,,Japon,JPX,JPY
7426,YAMADAI CORPORATION,,Japon,JPX,JPY
7126,"GLOBAL STYLE CO., LTD.",,Japon,JPX,JPY
6875,MEGACHIPS CORPORATION,,Japon,JPX,JPY
7388,"FP HOLDINGS, INC.",,Japon,JPX,JPY
6874,KYORITSU ELECTRIC CORPORATION,,Japon,JPX,JPY
7389,AICHI FINANCIAL GROUP INC.,,Japon,JPX,JPY
7399,"NANSIN CO., LTD.",,Japon,JPX,JPY
7409,"AEROEDGE CO., LTD.",,Japon,JPX,JPY
7384,PROCREA HOLDINGS INC.,,Japon,JPX,JPY
6794,"FOSTER ELECTRIC CO., LTD.",,Japon,JPX,JPY
6863,NIRECO CORPORATION,,Japon,JPX,JPY
7433,"HAKUTO CO., LTD.",,Japon,JPX,JPY
7463,"ADVAN GROUP CO., LTD.",,Japon,JPX,JPY
6841,YOKOGAWA ELECTRIC CORPORATION,,Japon,JPX,JPY
7462,CAPITA INC.,,Japon,JPX,JPY
7461,KIMURA CO. LTD.,,Japon,JPX,JPY
7460,"YAGI & CO., LTD.",,Japon,JPX,JPY
6844,SHINDENGEN ELECTRIC MANUFACTURING CO. LTD.,,Japon,JPX,JPY
6845,AZBIL CORPORATION,,Japon,JPX,JPY
7459,MEDIPAL HOLDINGS CORP,,Japon,JPX,JPY
7458,"DAIICHIKOSHO CO., LTD.",,Japon,JPX,JPY
6848,TOA CORP.,,Japon,JPX,JPY
7456,MATSUDA SANGYO CO LTD,,Japon,JPX,JPY
7453,"RYOHIN KEIKAKU CO., LTD.",,Japon,JPX,JPY
6849,NIHON KOHDEN CORPORATION,,Japon,JPX,JPY
6850,CHINO CORP.,,Japon,JPX,JPY
7447,"NAGASE & CO., LTD.",,Japon,JPX,JPY
6853,KYOWA ELECTRONIC INSTRUMENTS CO. LTD.,,Japon,JPX,JPY
7446,TOHOKU CHEMICAL CO. LTD.,,Japon,JPX,JPY
6862,"MINATO HOLDINGS, INC.",,Japon,JPX,JPY
6861,KEYENCE CORPORATION,,Japon,JPX,JPY
7434,OTAKE CORPORATION,,Japon,JPX,JPY
7435,"NADEX CO., LTD.",,Japon,JPX,JPY
6859,ESPEC CORP.,,Japon,JPX,JPY
6858,"ONO SOKKI CO., LTD.",,Japon,JPX,JPY
7427,ECHO TRADING CO. LTD.,,Japon,JPX,JPY
7438,KONDOTEC INC.,,Japon,JPX,JPY
6857,ADVANTEST CORPORATION,,Japon,JPX,JPY
6856,HORIBA LTD.,,Japon,JPX,JPY
7442,"NAKAYAMAFUKU CO., LTD.",,Japon,JPX,JPY
7443,"YOKOHAMA GYORUI CO., LTD.",,Japon,JPX,JPY
6855,JAPAN ELECTRONIC MATERIALS CORPORATION,,Japon,JPX,JPY
7444,"HARIMA-KYOWA CO., LTD.",,Japon,JPX,JPY
7441@F,MISUMI CO LTD,,Japon,JPX,JPY
7068,FEEDFORCE GROUP INC.,,Japon,JPX,JPY
6571,"QB NET HOLDINGS CO., LTD.",,Japon,JPX,JPY
7875,"TAKEDA IP HOLDINGS CO., LTD.",,Japon,JPX,JPY
6161,ESTIC CORPORATION,,Japon,JPX,JPY
8091,"NICHIMO CO., LTD.",,Japon,JPX,JPY
6165,"PUNCH INDUSTRY CO., LTD.",,Japon,JPX,JPY
8089,NICE LTD.,,Japon,JPX,JPY
6166,"NAKAMURA CHOUKOU CO., LTD.",,Japon,JPX,JPY
8088,IWATANI CORPORATION,,Japon,JPX,JPY
6167,"FUJI DIE CO., LTD.",,Japon,JPX,JPY
8086,NIPRO CORPORATION,,Japon,JPX,JPY
8085,"NARASAKI SANGYO CO., LTD.",,Japon,JPX,JPY
8084,RYODEN CORPORATION,,Japon,JPX,JPY
6171,"C.E. MANAGEMENT INTEGRATED LABORATORIES CO., LTD.",,Japon,JPX,JPY
8081,KANADEN CORPORATION,,Japon,JPX,JPY
6176,BRANGISTA INC.,,Japon,JPX,JPY
8079,SHOEI FOODS CORPORATION,,Japon,JPX,JPY
8093,KYOKUTO BOEKI KAISHA LTD.,,Japon,JPX,JPY
6177,APPBANK INC.,,Japon,JPX,JPY
6178,"JAPAN POST HOLDINGS CO., LTD.",,Japon,JPX,JPY
8077,TORQ INC.,,Japon,JPX,JPY
6180,GMO MEDIA INC.,,Japon,JPX,JPY
8076,ANOIX CORP.,,Japon,JPX,JPY
6181,TAMENY INC.,,Japon,JPX,JPY
8075,SHINSHO CORPORATION,,Japon,JPX,JPY
8074,"YUASA TRADING CO., LTD.",,Japon,JPX,JPY
6182,METAREAL CORP.,,Japon,JPX,JPY
6183,BELLSYSTEM24 HOLDINGS INC.,,Japon,JPX,JPY
6184,KAMAKURA SHINSHO LTD.,,Japon,JPX,JPY
6185,SMN CORPORATION,,Japon,JPX,JPY
8070,"TOKYO SANGYO CO., LTD.",,Japon,JPX,JPY
6186,"ICHIKURA CO., LTD.",,Japon,JPX,JPY
8066,MITANI CORPORATION,,Japon,JPX,JPY
8078,"HANWA CO., LTD.",,Japon,JPX,JPY
8095,"ASTENA HOLDINGS CO., LTD.",,Japon,JPX,JPY
6159,"MICRON MACHINERY CO., LTD.",,Japon,JPX,JPY
6158,"WAIDA MANUFACTURING CO., LTD.",,Japon,JPX,JPY
8118,"KING CO., LTD.",,Japon,JPX,JPY
6134,FUJI CORPORATION,,Japon,JPX,JPY
8117,CENTRAL AUTOMOTIVE PRODUCTS LTD.,,Japon,JPX,JPY
6135,"MAKINO MILLING MACHINE CO., LTD.",,Japon,JPX,JPY
6136,OSG CORPORATION,,Japon,JPX,JPY
8115,"MOONBAT CO., LTD.",,Japon,JPX,JPY
6137,"KOIKE SANSO KOGYO CO., LTD.",,Japon,JPX,JPY
8113,UNICHARM CORPORATION,,Japon,JPX,JPY
6138,DIJET INDUSTRIAL CO. LTD.,,Japon,JPX,JPY
8111,GOLDWIN INC.,,Japon,JPX,JPY
6140,"ASAHI DIAMOND INDUSTRIAL CO., LTD.",,Japon,JPX,JPY
6141,DMG MORI CO. LTD.,,Japon,JPX,JPY
8108,"YAMAE HISANO CO., LTD.",,Japon,JPX,JPY
8107,KIMURATAN CORPORATION,,Japon,JPX,JPY
6143,"SODICK CO., LTD.",,Japon,JPX,JPY
6144,"SEIBU ELECTRIC & MACHINERY CO., LTD.",,Japon,JPX,JPY
6145,"NITTOKU CO., LTD.",,Japon,JPX,JPY
6157,"NS TOOL CO., LTD.",,Japon,JPX,JPY
6156,A-ONE SEIMITSU INC.,,Japon,JPX,JPY
8097,"SAN-AI OBBLI CO., LTD.",,Japon,JPX,JPY
6155,"TAKAMATSU MACHINERY CO., LTD.",,Japon,JPX,JPY
8098,"INABATA & CO., LTD.",,Japon,JPX,JPY
8101,GSI CREOS CORPORATION,,Japon,JPX,JPY
6189,GLOBAL KIDS CO. CORP.,,Japon,JPX,JPY
6151,"NITTO KOHKI CO., LTD.",,Japon,JPX,JPY
6149,"ODAWARA ENGINEERING CO., LTD.",,Japon,JPX,JPY
8103,MEIWA CORPORATION,,Japon,JPX,JPY
8104,KUWAZAWA HOLDINGS CORP.,,Japon,JPX,JPY
6147,"YAMAZAKI CO., LTD.",,Japon,JPX,JPY
8105,"MARUSHO HOTTA CO., LTD.",,Japon,JPX,JPY
6146,DISCO CORPORATION,,Japon,JPX,JPY
6150,"TAKEDA MACHINERY CO., LTD.",,Japon,JPX,JPY
8119,SANYEI CORPORATION,,Japon,JPX,JPY
8065,SATO SHOJI CORPORATION,,Japon,JPX,JPY
6191,AIRTRIP CORP.,,Japon,JPX,JPY
6228,J.E.T. CO. LTD.,,Japon,JPX,JPY
8032,"JAPAN PULP & PAPER CO., LTD.",,Japon,JPX,JPY
6229,OKUMURA ENGINEERING CORPORATION,,Japon,JPX,JPY
6230,SANEI LTD.,,Japon,JPX,JPY
6231,KIMURA KOHKI CO. LTD.,,Japon,JPX,JPY
8031,"MITSUI & CO., LTD.",,Japon,JPX,JPY
6232,ACSL LTD.,,Japon,JPX,JPY
6233,KLASS CORP,,Japon,JPX,JPY
8030,"CHUO GYORUI CO., LTD.",,Japon,JPX,JPY
6235,"OPTORUN CO., LTD.",,Japon,JPX,JPY
7091,LIVING PLATFORM LTD.,,Japon,JPX,JPY
8029,LOOK HOLDINGS INC.,,Japon,JPX,JPY
6237,"IWAKI CO., LTD.",,Japon,JPX,JPY
6238,FURYU CORPORATION,,Japon,JPX,JPY
6227,AIMECHATC LTD.,,Japon,JPX,JPY
6239,NAGAOKA INTERNATIONAL CORP.,,Japon,JPX,JPY
8025,"TSUKAMOTO CORPORATION CO., LTD.",,Japon,JPX,JPY
8023,DAIKO DENSHI TSUSHIN LTD.,,Japon,JPX,JPY
6245,"HIRANO TECSEED CO., LTD.",,Japon,JPX,JPY
8022,MIZUNO CORPORATION,,Japon,JPX,JPY
6246,TECHNO SMART CORP,,Japon,JPX,JPY
6247,HISAKA WORKS LTD.,,Japon,JPX,JPY
8020,KANEMATSU CORPORATION,,Japon,JPX,JPY
6248,"YOKOTA MANUFACTURING CO., LTD.",,Japon,JPX,JPY
6249,GAMECARD-JOYCO HOLDINGS INC.,,Japon,JPX,JPY
6250,YAMABIKO CORPORATION,,Japon,JPX,JPY
6254,"NOMURA MICRO SCIENCE CO., LTD.",,Japon,JPX,JPY
6255,NPC INC.,,Japon,JPX,JPY
6257,"FUJISHOJI CO., LTD.",,Japon,JPX,JPY
6258,HIRATA CORPORATION,,Japon,JPX,JPY
6240,YAMASHIN-FILTER CORP.,,Japon,JPX,JPY
6226,MORIYA TRANSPORTATION ENGINEERING INC.,,Japon,JPX,JPY
8035,TOKYO ELECTRON LTD.,,Japon,JPX,JPY
6224,"JRC CO., LTD.",,Japon,JPX,JPY
8061,SEIKA CORPORATION,,Japon,JPX,JPY
6193,VIRTUALEX HOLDINGS INC.,,Japon,JPX,JPY
8060,CANON MARKETING JAPAN INC.,,Japon,JPX,JPY
6194,ATRAE INC.,,Japon,JPX,JPY
8059,"DAIICHI JITSUGYO CO., LTD.",,Japon,JPX,JPY
6195,HOPE INC.,,Japon,JPX,JPY
8058,MITSUBISHI CORPORATION,,Japon,JPX,JPY
6196,STRIKE CO. LTD.,,Japon,JPX,JPY
8057,"UCHIDA YOKO CO., LTD.",,Japon,JPX,JPY
6197,SOLASTO CORPORATION,,Japon,JPX,JPY
6198,CAREER CO. LTD.,,Japon,JPX,JPY
6199,"SERAKU CO., LTD.",,Japon,JPX,JPY
8053,SUMITOMO CORPORATION,,Japon,JPX,JPY
6200,"INSOURCE CO., LTD.",,Japon,JPX,JPY
8052,"TSUBAKIMOTO KOGYO CO., LTD.",,Japon,JPX,JPY
6203,"HOWA MACHINERY, LTD.",,Japon,JPX,JPY
8051,YAMAZEN CORPORATION,,Japon,JPX,JPY
6223,"SEIBU GIKEN CO., LTD.",,Japon,JPX,JPY
8037,KAMEI CORPORATION,,Japon,JPX,JPY
6222,"SHIMA SEIKI MFG., LTD.",,Japon,JPX,JPY
8039,"TSUKIJI UOICHIBA CO., LTD.",,Japon,JPX,JPY
6218,ENSHU LTD.,,Japon,JPX,JPY
8040,"TOKYO SOIR CO., LTD.",,Japon,JPX,JPY
6190,"PHOENIXBIO CO., LTD.",,Japon,JPX,JPY
6217,TSUDAKOMA CORP.,,Japon,JPX,JPY
8043,"STARZEN CO., LTD.",,Japon,JPX,JPY
8045,"YOKOHAMA MARUUO CO., LTD.",,Japon,JPX,JPY
6209,NIPPON RIKEN CORPORATION,,Japon,JPX,JPY
8046,"MARUFUJI SHEET PILING CO., LTD.",,Japon,JPX,JPY
6208,ISHIKAWA SEISAKUSHO LTD.,,Japon,JPX,JPY
8050,SEIKO GROUP CORPORATION,,Japon,JPX,JPY
8041,OUG HOLDINGS INC.,,Japon,JPX,JPY
8123,"T. KAWABE & CO., LTD.",,Japon,JPX,JPY
8125,WAKITA & COMPANY LIMITED,,Japon,JPX,JPY
6125,OKAMOTO MACHINE TOOL WORKS LTD.,,Japon,JPX,JPY
6045,"RENTRACKS CO., LTD.",,Japon,JPX,JPY
6046,LINKBAL INC.,,Japon,JPX,JPY
7074,TWENTY-FOUR SEVEN INC.,,Japon,JPX,JPY
6047,GUNOSY INC.,,Japon,JPX,JPY
8203,MRMAX HOLDINGS LTD.,,Japon,JPX,JPY
6049,ITOKURO INC.,,Japon,JPX,JPY
6050,E-GUARDIAN INC.,,Japon,JPX,JPY
1333,MARUHA NICHIRO CORPORATION,,Japon,JPX,JPY
1332,NISSUI CORPORATION,,Japon,JPX,JPY
132A,"IN HOLDINGS CO., LTD.",,Japon,JPX,JPY
7075,"QLS HOLDINGS CO., LTD.",,Japon,JPX,JPY
7077,ALINK INTERNET INC.,,Japon,JPX,JPY
8202,"LAOX HOLDINGS CO., LTD.",,Japon,JPX,JPY
130A,VERITAS IN SILICO INC.,,Japon,JPX,JPY
6044,SANKI SERVICE CORPORATION,,Japon,JPX,JPY
8200,"RINGER HUT CO., LTD.",,Japon,JPX,JPY
1301,"KYOKUYO CO., LTD.",,Japon,JPX,JPY
7078,INCLUSIVE INC.,,Japon,JPX,JPY
7079,"WDB COCO CO., LTD.",,Japon,JPX,JPY
8194,LIFE CORPORATION LTD.,,Japon,JPX,JPY
7080,"SPORTSFIELD CO., LTD.",,Japon,JPX,JPY
7081,"KOYOU RENTIA CO., LTD.",,Japon,JPX,JPY
7082,JIMOTY INC.,,Japon,JPX,JPY
8185,"CHIYODA CO., LTD.",,Japon,JPX,JPY
8181,"TOTENKO CO., LTD.",,Japon,JPX,JPY
7083,AHC GROUP INC.,,Japon,JPX,JPY
8179,ROYAL HOLDINGS CO. LTD.,,Japon,JPX,JPY
7084,SMILE HOLDINGS INC.,,Japon,JPX,JPY
7085,"CURVES HOLDINGS CO., LTD.",,Japon,JPX,JPY
8174,"NIPPON GAS CO., LTD.",,Japon,JPX,JPY
8198,"MAXVALU TOKAI CO., LTD.",,Japon,JPX,JPY
6042,"NIKKI CO., LTD.",,Japon,JPX,JPY
6040,"NIPPON SKI RESORT DEVELOPMENT CO., LTD.",,Japon,JPX,JPY
7073,"JAIC CO., LTD.",,Japon,JPX,JPY
8226,RIKEI CORPORATION,,Japon,JPX,JPY
8225,"TAKACHIHO CO., LTD.",,Japon,JPX,JPY
141A,TRIAL HOLDINGS INC.,,Japon,JPX,JPY
1419,"TAMA HOME CO., LTD.",,Japon,JPX,JPY
1418,"INTERLIFE HOLDINGS CO., LTD.",,Japon,JPX,JPY
1417,MIRAIT ONE CORPORATION,,Japon,JPX,JPY
1414,"SHO-BOND HOLDINGS CO., LTD.",,Japon,JPX,JPY
7069,CYBERBUZZ INC.,,Japon,JPX,JPY
8219,"AOYAMA TRADING CO., LTD.",,Japon,JPX,JPY
1407,WEST HOLDINGS CORPORATION,,Japon,JPX,JPY
6039,"JAPAN ANIMAL REFERRAL MEDICAL CENTER CO., LTD.",,Japon,JPX,JPY
7071,AMVIS HOLDINGS INC.,,Japon,JPX,JPY
1401@F,MBS INC,,Japon,JPX,JPY
1401,MBS INC.,,Japon,JPX,JPY
8218,"KOMERI CO., LTD.",,Japon,JPX,JPY
8217,"OKUWA CO., LTD.",,Japon,JPX,JPY
8214,AOKI HOLDINGS INC.,,Japon,JPX,JPY
135A,VRAIN SOLUTION INC.,,Japon,JPX,JPY
1375,"YUKIGUNI MAITAKE CO., LTD.",,Japon,JPX,JPY
1376,"KANEKO SEEDS CO., LTD.",,Japon,JPX,JPY
1377,SAKATA SEED CORPORATION,,Japon,JPX,JPY
8207,"TEN ALLIED CO., LTD.",,Japon,JPX,JPY
1379,HOKUTO CORPORATION,,Japon,JPX,JPY
8173,"JOSHIN DENKI CO., LTD.",,Japon,JPX,JPY
137A,COCOLIVE INC.,,Japon,JPX,JPY
1381,"AXYZ CO., LTD.",,Japon,JPX,JPY
1382,HOB COMPANY LTD.,,Japon,JPX,JPY
1383,BERG EARTH CO. LTD.,,Japon,JPX,JPY
1384,"HOKURYO CO., LTD.",,Japon,JPX,JPY
138A,"HIKARI FOOD SERVICE CO., LTD.",,Japon,JPX,JPY
7072,INTIMATE MERGER INC.,,Japon,JPX,JPY
1380,AKIKAWA FOODS & FARMS CO. LTD.,,Japon,JPX,JPY
8167,"RETAIL PARTNERS CO., LTD.",,Japon,JPX,JPY
8166,TAKA-Q LTD.,,Japon,JPX,JPY
6054,LIVESENSE INC.,,Japon,JPX,JPY
6090,HUMAN METABOLOME TECHNOLOGIES INC.,,Japon,JPX,JPY
6091,WESCO HOLDINGS INC.,,Japon,JPX,JPY
6092,ENBIO HOLDINGS INC.,,Japon,JPX,JPY
6093,ESCROW AGENT JAPAN INC.,,Japon,JPX,JPY
8147,"TOMITA CO., LTD.",,Japon,JPX,JPY
6094,FREAKOUT HOLDINGS INC.,,Japon,JPX,JPY
7089,FOR STARTUPS INC.,,Japon,JPX,JPY
6096,RAREJOB INC.,,Japon,JPX,JPY
6098,"RECRUIT HOLDINGS CO., LTD.",,Japon,JPX,JPY
6099,ELAN CORPORATION PLC,,Japon,JPX,JPY
8144,"DENKYO GROUP HOLDINGS CO., LTD.",,Japon,JPX,JPY
8143,LAPINE CO. LTD.,,Japon,JPX,JPY
6101,TSUGAMI CORPORATION,,Japon,JPX,JPY
8142,"TOHO CO., LTD.",,Japon,JPX,JPY
7090,LIGUA INC.,,Japon,JPX,JPY
6103,OKUMA CORP,,Japon,JPX,JPY
6104,"SHIBAURA MACHINE CO., LTD.",,Japon,JPX,JPY
8127,YAMATO INTERNATIONAL INC.,,Japon,JPX,JPY
8129,"TOHO HOLDINGS CO., LTD.",,Japon,JPX,JPY
8130,SANGETSU CORPORATION,,Japon,JPX,JPY
8131,"MITSUIUROKO HOLDINGS CO., LTD.",,Japon,JPX,JPY
6118,AIDA ENGINEERING LTD.,,Japon,JPX,JPY
8132,"SINANEN HOLDINGS CO., LTD.",,Japon,JPX,JPY
6089,"WILL GROUP, INC.",,Japon,JPX,JPY
8133,"ITOCHU ENEX CO., LTD.",,Japon,JPX,JPY
6113,"AMADA CO., LTD.",,Japon,JPX,JPY
8136,"SANRIO CO., LTD.",,Japon,JPX,JPY
8137,SUN-WA TECHNOS CORPORATION,,Japon,JPX,JPY
8138,SANKYO KASEI CORPORATION,,Japon,JPX,JPY
8139,NAGAHORI CORPORATION,,Japon,JPX,JPY
8141,"SHINKO SHOJI CO., LTD.",,Japon,JPX,JPY
8135,ZETT CORP,,Japon,JPX,JPY
8018,"SANKYO SEIKO CO., LTD.",,Japon,JPX,JPY
6088,SIGMAXYZ HOLDINGS INC.,,Japon,JPX,JPY
6086,"SHIN MAINT HOLDINGS CO., LTD.",,Japon,JPX,JPY
8165,"SENSHUKAI CO., LTD.",,Japon,JPX,JPY
8163,"SRS HOLDINGS CO., LTD.",,Japon,JPX,JPY
6055,"JAPAN MATERIAL CO., LTD.",,Japon,JPX,JPY
8160,"KISOJI CO., LTD.",,Japon,JPX,JPY
7087,"WILLTEC CO., LTD.",,Japon,JPX,JPY
6058,VECTOR INC.,,Japon,JPX,JPY
8159,"TACHIBANA ELETECH CO., LTD.",,Japon,JPX,JPY
6059,"UCHIYAMA HOLDINGS CO., LTD.",,Japon,JPX,JPY
8158,SODA NIKKA CO. LTD.,,Japon,JPX,JPY
6061,UNIVERSAL ENGESHA CO. LTD.,,Japon,JPX,JPY
6062,CHARM CARE CORP,,Japon,JPX,JPY
6063,"EMERGENCY ASSISTANCE JAPAN CO., LTD.",,Japon,JPX,JPY
8157,"TSUZUKI DENKI CO., LTD.",,Japon,JPX,JPY
8154,"KAGA ELECTRONICS CO., LTD.",,Japon,JPX,JPY
8153,MOS FOOD SERVICES INC.,,Japon,JPX,JPY
6069,TRENDERS INC.,,Japon,JPX,JPY
6070,"CAREERLINK CO., LTD.",,Japon,JPX,JPY
6085,ARCHITECTS STUDIO JAPAN INC.,,Japon,JPX,JPY
8150,"SANSHIN ELECTRONICS CO., LTD.",,Japon,JPX,JPY
6083,"ERI HOLDINGS CO., LTD.",,Japon,JPX,JPY
8151,TOYO CORPORATION,,Japon,JPX,JPY
6082,"RIDE ON EXPRESS HOLDINGS CO., LTD.",,Japon,JPX,JPY
6081,ALLIED ARCHITECTS INC.,,Japon,JPX,JPY
6087,"ABIST CO., LTD.",,Japon,JPX,JPY
6080,"M&A CAPITAL PARTNERS CO., LTD.",,Japon,JPX,JPY
6078,VALUE HR CO. LTD.,,Japon,JPX,JPY
6076@F,AMAZE CO LTD,,Japon,JPX,JPY
6074,JSS CORPORATION,,Japon,JPX,JPY
6073,ASANTE INC.,,Japon,JPX,JPY
6072,"JIBANNET HOLDINGS CO., LTD.",,Japon,JPX,JPY
6071,IBJ INC.,,Japon,JPX,JPY
8152,SOMAR CORP.,,Japon,JPX,JPY
6570,KYOWA CORPORATION CO. LTD.,,Japon,JPX,JPY
6262,"PEGASUS CO., LTD.",,Japon,JPX,JPY
8016,"ONWARD HOLDINGS CO., LTD.",,Japon,JPX,JPY
6492,"OKANO VALVE MANUFACTURING CO., LTD.",,Japon,JPX,JPY
6493,NITTAN CORPORATION,,Japon,JPX,JPY
7953,"KIKUSUI CHEMICAL INDUSTRIES CO., LTD.",,Japon,JPX,JPY
7952,KAWAI MUSICAL INSTRUMENTS MANUFACTURING CO. LTD.,,Japon,JPX,JPY
7095,MACBEE PLANET INC.,,Japon,JPX,JPY
6494,"NFK HOLDINGS CO., LTD.",,Japon,JPX,JPY
6495,MIYAIRI VALVE MANUFACTURING CO. LTD.,,Japon,JPX,JPY
6496,"NAKAKITA SEISAKUSHO CO., LTD.",,Japon,JPX,JPY
7951,YAMAHA CORPORATION,,Japon,JPX,JPY
6497,HAMAI INDUSTRIES LTD.,,Japon,JPX,JPY
7949,"KOMATSU WALL INDUSTRY CO., LTD.",,Japon,JPX,JPY
6498,KITZ CORPORATION,,Japon,JPX,JPY
7947,FP CORP.,,Japon,JPX,JPY
6501,HITACHI LTD.,,Japon,JPX,JPY
7955,CLEANUP CORP.,,Japon,JPX,JPY
6503,MITSUBISHI ELECTRIC CORPORATION,,Japon,JPX,JPY
7944,ROLAND CORPORATION,,Japon,JPX,JPY
6505,TOYO DENKI SEIZO K.K.,,Japon,JPX,JPY
6506,YASKAWA ELECTRIC CORPORATION,,Japon,JPX,JPY
7943,NICHIHA CORPORATION,,Japon,JPX,JPY
6506@F,YASKAWA ELECTRIC CORP,,Japon,JPX,JPY
6507,"SINFONIA TECHNOLOGY CO., LTD.",,Japon,JPX,JPY
6508,MEIDENSHA CORPORATION,,Japon,JPX,JPY
7942,JSP CORPORATION,,Japon,JPX,JPY
7940,"WAVELOCK HOLDINGS CO., LTD.",,Japon,JPX,JPY
7939,"KENSHO CO., LTD.",,Japon,JPX,JPY
7938,REGAL CORPORATION,,Japon,JPX,JPY
6513,"ORIGIN CO., LTD.",,Japon,JPX,JPY
7937,"TSUTSUMI JEWELRY CO., LTD.",,Japon,JPX,JPY
6516,"SANYO DENKI CO., LTD.",,Japon,JPX,JPY
6504,"FUJI ELECTRIC CO., LTD.",,Japon,JPX,JPY
7956,PIGEON CORPORATION,,Japon,JPX,JPY
7957,"FUJICOPIAN CO., LTD.",,Japon,JPX,JPY
6490,PILLAR CORPORATION,,Japon,JPX,JPY
6464,"TSUBAKI NAKASHIMA CO., LTD.",,Japon,JPX,JPY
6465,HOSHIZAKI CORPORATION,,Japon,JPX,JPY
7981,"TAKARA STANDARD CO., LTD.",,Japon,JPX,JPY
6466,"TVE CO., LTD.",,Japon,JPX,JPY
7980,"SHIGEMATSU WORKS CO., LTD.",,Japon,JPX,JPY
6467,NICHIDAI CORPORATION,,Japon,JPX,JPY
6469,"HODEN SEIMITSU KAKO KENKYUSHO CO., LTD.",,Japon,JPX,JPY
7979,SHOFU INC.,,Japon,JPX,JPY
7976,"MITSUBISHI PENCIL CO., LTD.",,Japon,JPX,JPY
6470,"TAIHO KOGYO CO., LTD.",,Japon,JPX,JPY
6471,NSK LTD.,,Japon,JPX,JPY
6472,NTN CORPORATION,,Japon,JPX,JPY
6473,JTEKT CORPORATION,,Japon,JPX,JPY
7975,LIHIT LAB INC.,,Japon,JPX,JPY
6474,NACHI-FUJIKOSHI CORP.,,Japon,JPX,JPY
7974,"NINTENDO CO., LTD.",,Japon,JPX,JPY
7972,ITOKI CORPORATION,,Japon,JPX,JPY
7962,"KING JIM CO., LTD.",,Japon,JPX,JPY
6488,YOSHITAKE INC.,,Japon,JPX,JPY
6486,"EAGLE INDUSTRY CO., LTD.",,Japon,JPX,JPY
7963,KOKEN LTD.,,Japon,JPX,JPY
7965,ZOJIRUSHI CORPORATION,,Japon,JPX,JPY
6485,MAEZAWA KYUSO INDUSTRIES CO. LTD.,,Japon,JPX,JPY
7936,ASICS CORPORATION,,Japon,JPX,JPY
6484,KVK CORPORATION,,Japon,JPX,JPY
7970,SHIN-ETSU POLYMER CO. LTD.,,Japon,JPX,JPY
7971,TOLI CORPORATION,,Japon,JPX,JPY
6482,"YUSHIN PRECISION EQUIPMENT CO., LTD.",,Japon,JPX,JPY
6481,"THK CO., LTD.",,Japon,JPX,JPY
6480,"NIPPON THOMPSON CO., LTD.",,Japon,JPX,JPY
6479,MINEBEA MITSUMI INC.,,Japon,JPX,JPY
7966,LINTEC CORPORATION,,Japon,JPX,JPY
7983,MIROKU CORPORATION,,Japon,JPX,JPY
6517,"DENYO CO., LTD.",,Japon,JPX,JPY
6518,SANSO ELECTRIC CO. LTD.,,Japon,JPX,JPY
6547,"GREENS CO., LTD.",,Japon,JPX,JPY
7901,MATSUMOTO INC.,,Japon,JPX,JPY
7898,"WOOD ONE CO., LTD.",,Japon,JPX,JPY
6548,"TABIKOBO CO., LTD.",,Japon,JPX,JPY
6549,"DM SOLUTIONS CO., LTD.",,Japon,JPX,JPY
7897,"HOKUSHIN CO., LTD.",,Japon,JPX,JPY
6551,TSUNAGU GROUP HOLDINGS INC.,,Japon,JPX,JPY
6552,GAMEWITH INC.,,Japon,JPX,JPY
7896,"SEVEN INDUSTRIES CO., LTD.",,Japon,JPX,JPY
6554,SUSCO LTD.,,Japon,JPX,JPY
7894@F,MARUTO SANGYO CO,,Japon,JPX,JPY
6555,MS&CONSULTING CO. LTD.,,Japon,JPX,JPY
7893,PRONEXUS INC.,,Japon,JPX,JPY
6557,AIAI GROUP CORP.,,Japon,JPX,JPY
7902,"SONOCOM CO., LTD.",,Japon,JPX,JPY
6558,"COOKBIZ CO., LTD.",,Japon,JPX,JPY
7887,"NANKAI PLYWOOD CO., LTD.",,Japon,JPX,JPY
7886,"YAMATO MOBILITY & MANUFACTURING CO., LTD.",,Japon,JPX,JPY
6560,LADENBURG THALMANN FINANCIAL SERVICES INC.,,Japon,JPX,JPY
6561,"HANATOUR JAPAN CO., LTD.",,Japon,JPX,JPY
7885,"TAKANO CO., LTD.",,Japon,JPX,JPY
6562,GENIEE INC.,,Japon,JPX,JPY
6563,MIRAI WORKS INC.,,Japon,JPX,JPY
7883,"SUN MESSE CO., LTD.",,Japon,JPX,JPY
6564,"MIDAC HOLDINGS CO., LTD.",,Japon,JPX,JPY
7879,NODA CORPORATION,,Japon,JPX,JPY
6566,"KANAME KOGYO CO., LTD.",,Japon,JPX,JPY
6568,"KNC LABORATORIES CO., LTD.",,Japon,JPX,JPY
7878,"KOHSAI CO., LTD.",,Japon,JPX,JPY
7877,"EIDAI KAKO CO., LTD.",,Japon,JPX,JPY
7888,SANKO GOSEI LTD.,,Japon,JPX,JPY
6546,FULLTECH CO. LTD.,,Japon,JPX,JPY
6545,INTERNET INFINITY INC.,,Japon,JPX,JPY
6544,"JAPAN ELEVATOR SERVICE HOLDINGS CO., LTD.",,Japon,JPX,JPY
7931,"MIRAI INDUSTRY CO., LTD.",,Japon,JPX,JPY
6521,OXIDE CORPORATION,,Japon,JPX,JPY
6522,ASTERISK INC.,,Japon,JPX,JPY
6523,PHC HOLDINGS CORPORATION,,Japon,JPX,JPY
7928,ASAHI KASEI CORP.,,Japon,JPX,JPY
6524,"KOHOKU KOGYO CO., LTD.",,Japon,JPX,JPY
6525,KOKUSAI ELECTRIC CORPORATION,,Japon,JPX,JPY
7096,STEMCELL INSTITUTE INC.,,Japon,JPX,JPY
7927,"MUTO SEIKO CO., LTD.",,Japon,JPX,JPY
6526,SOCIONEXT INC.,,Japon,JPX,JPY
7922,"SANKO SANGYO CO., LTD.",,Japon,JPX,JPY
6527,WAKA MANUFACTURING CO. LTD.,,Japon,JPX,JPY
7921,TAKARA & COMPANY LTD.,,Japon,JPX,JPY
7919,"NOZAKI INSATSU SHIGYO CO., LTD.",,Japon,JPX,JPY
7918,VIA HOLDINGS INC.,,Japon,JPX,JPY
6532,BAYCURRENT INC.,,Japon,JPX,JPY
6533,ORCHESTRA HOLDINGS INC.,,Japon,JPX,JPY
6543,NISSEN INC.,,Japon,JPX,JPY
7906,"YONEX CO., LTD.",,Japon,JPX,JPY
7908,"KIMOTO CO., LTD.",,Japon,JPX,JPY
7911,TOPPAN HOLDINGS INC.,,Japon,JPX,JPY
6540,SEMBA CORP.,,Japon,JPX,JPY
7912,"DAI NIPPON PRINTING CO., LTD.",,Japon,JPX,JPY
7932,NIPPI INC.,,Japon,JPX,JPY
6539,"MATCHING SERVICE JAPAN CO., LTD.",,Japon,JPX,JPY
6538,DISRUPTORS INC.,,Japon,JPX,JPY
6537,"WASH HOUSE CO., LTD.",,Japon,JPX,JPY
7915,"NISSHA CO., LTD.",,Japon,JPX,JPY
7916,"MITSUMURA PRINTING CO., LTD.",,Japon,JPX,JPY
6535,"I-MOBILE CO., LTD.",,Japon,JPX,JPY
7917,ZACROS CORPORATION,,Japon,JPX,JPY
7914,"KYODO PRINTING CO., LTD.",,Japon,JPX,JPY
6463,"TPR CO., LTD.",,Japon,JPX,JPY
7984,"KOKUYO CO., LTD.",,Japon,JPX,JPY
7094,NEXTONE INC.,,Japon,JPX,JPY
6307,"SANSEI CO., LTD.",,Japon,JPX,JPY
6309,"TOMOE ENGINEERING CO., LTD.",,Japon,JPX,JPY
6310,"ISEKI & CO., LTD.",,Japon,JPX,JPY
6315,TOWA CORPORATION,,Japon,JPX,JPY
6316,MARUYAMA MANUFACTURING CO. INC.,,Japon,JPX,JPY
6317,KITAGAWA CORPORATION,,Japon,JPX,JPY
6322,TACMINA CORPORATION,,Japon,JPX,JPY
6323,RORZE CORPORATION,,Japon,JPX,JPY
6324,HARMONIC DRIVE SYSTEMS INC.,,Japon,JPX,JPY
6325,"TAKAKITA CO., LTD.",,Japon,JPX,JPY
6326,KUBOTA CORPORATION,,Japon,JPX,JPY
6327,KITAGAWA SEIKI CO. LTD.,,Japon,JPX,JPY
6328,"EBARA JITSUGYO CO., LTD.",,Japon,JPX,JPY
6330,TOYO ENGINEERING CORPORATION,,Japon,JPX,JPY
6306,"NIKKO CO., LTD.",,Japon,JPX,JPY
6331,MITSUBISHI KAKOKI KAISHA LTD.,,Japon,JPX,JPY
6333,TEIKOKU ELECTRIC MFG. CO. LTD.,,Japon,JPX,JPY
6334,"MEIJI MACHINE CO., LTD.",,Japon,JPX,JPY
6335,TOKYO KIKAI SEISAKUSHO LTD.,,Japon,JPX,JPY
6336,"ISHII HYOKI CO., LTD.",,Japon,JPX,JPY
6337,TESEC CORP.,,Japon,JPX,JPY
6338,TAKATORI CORP,,Japon,JPX,JPY
6339,SINTOKOGIO LTD.,,Japon,JPX,JPY
6340,SHIBUYA CORPORATION,,Japon,JPX,JPY
6342,TAIHEI MACHINERY WORKS LTD.,,Japon,JPX,JPY
6343,FREESIA MACROSS CORPORATION,,Japon,JPX,JPY
6345,AICHI CORPORATION,,Japon,JPX,JPY
6346,KIKUKAWA ENTERPRISE INC.,,Japon,JPX,JPY
6347,"PLACO CO., LTD.",,Japon,JPX,JPY
6349,KOMORI CORPORATION,,Japon,JPX,JPY
6332,"TSUKISHIMA HOLDINGS CO., LTD.",,Japon,JPX,JPY
6305,"HITACHI CONSTRUCTION MACHINERY CO., LTD.",,Japon,JPX,JPY
6302,SUMITOMO HEAVY INDUSTRIES LTD.,,Japon,JPX,JPY
6301,KOMATSU LTD.,,Japon,JPX,JPY
6265,CONVUM LTD.,,Japon,JPX,JPY
8015,TOYOTA TSUSHO CORPORATION,,Japon,JPX,JPY
6266,"TAZMO CO., LTD.",,Japon,JPX,JPY
8014,"CHORI CO., LTD.",,Japon,JPX,JPY
6267,"GENERAL PACKER CO., LTD.",,Japon,JPX,JPY
6268,NABTESCO CORPORATION,,Japon,JPX,JPY
6269,MODEC INC.,,Japon,JPX,JPY
8013,"NAIGAI CO., LTD.",,Japon,JPX,JPY
8012,"NAGASE & CO., LTD.",,Japon,JPX,JPY
6272,"RHEON AUTOMATIC MACHINERY CO., LTD.",,Japon,JPX,JPY
6273,SMC CORPORATION,,Japon,JPX,JPY
8011,SANYO SHOKAI LTD.,,Japon,JPX,JPY
6276,"SIRIUSVISION CO., LTD.",,Japon,JPX,JPY
8008,YONDOSHI HOLDINGS INC.,,Japon,JPX,JPY
8007,TAKASHIMA & CO. LTD.,,Japon,JPX,JPY
6277,HOSOKAWA MICRON CORPORATION,,Japon,JPX,JPY
6278,UNION TOOL CO.,,Japon,JPX,JPY
6298,"YAC HOLDINGS CO., LTD.",,Japon,JPX,JPY
6294,OKADA AIYON CORP.,,Japon,JPX,JPY
8001,ITOCHU CORPORATION,,Japon,JPX,JPY
6292,"KAWATA MANUFACTURING CO., LTD.",,Japon,JPX,JPY
6291,AIRTECH JAPAN LTD.,,Japon,JPX,JPY
8002,MARUBENI CORPORATION,,Japon,JPX,JPY
6351,"TSURUMI MANUFACTURING CO., LTD.",,Japon,JPX,JPY
6289,GIKEN LTD.,,Japon,JPX,JPY
6286,SEIKO GROUP CORPORATION,,Japon,JPX,JPY
6284,"NISSEI ASB MACHINE CO., LTD.",,Japon,JPX,JPY
8005,SCROLL CORPORATION,,Japon,JPX,JPY
6282,OILES CORPORATION,,Japon,JPX,JPY
8006,"YUASA FUNASHOKU CO., LTD.",,Japon,JPX,JPY
6279,ZUIKO CORPORATION,,Japon,JPX,JPY
6287,SATO HOLDINGS CORPORATION,,Japon,JPX,JPY
6356,"NIPPON GEAR CO., LTD.",,Japon,JPX,JPY
6357,SANSEI TECHNOLOGIES INC.,,Japon,JPX,JPY
6358,SAKAI HEAVY INDUSTRIES LTD.,,Japon,JPX,JPY
6419,MARS GROUP HOLDINGS CORP.,,Japon,JPX,JPY
7093,ADISH CO. LTD.,,Japon,JPX,JPY
6420,"FUKUSHIMA GALILEI CO., LTD.",,Japon,JPX,JPY
6424,"TAKAMISAWA CYBERNETICS CO., LTD.",,Japon,JPX,JPY
6425,UNIVERSAL ENTERTAINMENT CORPORATION,,Japon,JPX,JPY
6428,OIZUMI CORPORATION,,Japon,JPX,JPY
6430,"DAIKOKU DENKI CO., LTD.",,Japon,JPX,JPY
7997,KUROGANE KOSAKUSHO LTD.,,Japon,JPX,JPY
7995,VALQUA LTD.,,Japon,JPX,JPY
6432,"TAKEUCHI MFG. CO., LTD.",,Japon,JPX,JPY
6433,HEPHAIST CO. LTD.,,Japon,JPX,JPY
7994,OKAMURA CORP (X4O) COMMON STOCK,,Japon,JPX,JPY
7992,"SAILOR PEN CO., LTD.",,Japon,JPX,JPY
6436,AMANO CORPORATION,,Japon,JPX,JPY
7991,"MAMIYA-OP CO., LTD.",,Japon,JPX,JPY
6440,JUKI CORPORATION,,Japon,JPX,JPY
7990,GLOBERIDE INC.,,Japon,JPX,JPY
7985,NEPON INC.,,Japon,JPX,JPY
6460,SEGA SAMMY HOLDINGS INC.,,Japon,JPX,JPY
6459,DAIWA INDUSTRIES LTD.,,Japon,JPX,JPY
6458,SINKO INDUSTRIES LTD COMMON STOCK,,Japon,JPX,JPY
6457,GLORY LTD.,,Japon,JPX,JPY
7986,"NIHON ISK CO., LTD.",,Japon,JPX,JPY
6418,"JAPAN CASH MACHINE CO., LTD.",,Japon,JPX,JPY
6455,MORITA HOLDINGS CORPORATION,,Japon,JPX,JPY
7987,"NAKABAYASHI CO., LTD.",,Japon,JPX,JPY
6448,BROTHER INDUSTRIES LTD.,,Japon,JPX,JPY
6445,JANOME CORPORATION,,Japon,JPX,JPY
6444,SANDEN CORPORATION,,Japon,JPX,JPY
7988,NIFCO INC.,,Japon,JPX,JPY
7989,TACHIKAWA CORPORATION,,Japon,JPX,JPY
6454,"MAX CO., LTD.",,Japon,JPX,JPY
6264,"MARUMAE CO., LTD.",,Japon,JPX,JPY
6417,SANKYO CO. LTD.,,Japon,JPX,JPY
6412,HEIWA CORPORATION,,Japon,JPX,JPY
6360,TOKYO AUTOMATIC MACHINERY WORKS LTD.,,Japon,JPX,JPY
6361,EBARA CORPORATION,,Japon,JPX,JPY
6363,"TORISHIMA PUMP MFG. CO., LTD.",,Japon,JPX,JPY
6364,"HOKUETSU INDUSTRIES CO., LTD.",,Japon,JPX,JPY
6365,DMW CORP.,,Japon,JPX,JPY
6366,CHIYODA CORPORATION,,Japon,JPX,JPY
6367,DAIKIN INDUSTRIES LTD.,,Japon,JPX,JPY
6368,ORGANO CORPORATION,,Japon,JPX,JPY
6369,TOYO KANETSU K.K.,,Japon,JPX,JPY
6370,KURITA WATER INDUSTRIES LTD.,,Japon,JPX,JPY
6371,TSUBAKIMOTO CHAIN CO.,,Japon,JPX,JPY
6376,"NIKKISO CO., LTD.",,Japon,JPX,JPY
6378,"KIMURA CHEMICAL PLANTS CO., LTD.",,Japon,JPX,JPY
6379,RAIZNEXT CORPORATION,,Japon,JPX,JPY
6380,ORIENTAL CHAIN MANUFACTURING CO. LTD.,,Japon,JPX,JPY
6381,ANEST IWATA CORPORATION,,Japon,JPX,JPY
6382,TRINITY INDUSTRIAL CORP.,,Japon,JPX,JPY
6408,"OGURA CLUTCH CO., LTD.",,Japon,JPX,JPY
6407,CKD CORP,,Japon,JPX,JPY
6405,"SUZUMO MACHINERY CO., LTD.",,Japon,JPX,JPY
6402,"KANEMATSU ENGINEERING CO., LTD.",,Japon,JPX,JPY
6400,"FUJI SEIKI CO., LTD.",,Japon,JPX,JPY
6396,UOZAWA-GUMI IRON WORKS LTD.,,Japon,JPX,JPY
6413,RISO KAGAKU CORPORATION,,Japon,JPX,JPY
6395,TADANO LTD.,,Japon,JPX,JPY
6392,YAMADA CORPORATION,,Japon,JPX,JPY
6391,KAJI TECHNOLOGY CORPORATION,,Japon,JPX,JPY
6390,"KATO WORKS CO., LTD.",,Japon,JPX,JPY
6387,SAMCO INC.,,Japon,JPX,JPY
6384,"SHOWA SHINKU CO., LTD.",,Japon,JPX,JPY
6383,"DAIFUKU CO., LTD.",,Japon,JPX,JPY
6393,"YUKEN KOGYO CO., LTD.",,Japon,JPX,JPY
7946,KOYOSHA INC.,,Japon,JPX,JPY
2415,"HUMAN HOLDINGS CO., LTD.",,Japon,JPX,JPY
8614,"TOYO SECURITIES CO., LTD.",,Japon,JPX,JPY
4536,"SANTEN PHARMACEUTICAL CO., LTD.",,Japon,JPX,JPY
4534,"MOCHIDA PHARMACEUTICAL CO., LTD.",,Japon,JPX,JPY
4531,"YUKI GOSEI KOGYO CO., LTD.",,Japon,JPX,JPY
4528,"ONO PHARMACEUTICAL CO., LTD.",,Japon,JPX,JPY
4527,"ROHTO PHARMACEUTICAL CO., LTD.",,Japon,JPX,JPY
4526,"RIKEN VITAMIN CO., LTD.",,Japon,JPX,JPY
4524,"MORISHITA JINTAN CO., LTD.",,Japon,JPX,JPY
4523,"EISAI CO., LTD.",,Japon,JPX,JPY
4521,"KAKEN PHARMACEUTICAL CO., LTD.",,Japon,JPX,JPY
4519,"CHUGAI PHARMACEUTICAL CO., LTD.",,Japon,JPX,JPY
4516,"NIPPON SHINYAKU CO., LTD.",,Japon,JPX,JPY
3001,"KATAKURA INDUSTRIES CO., LTD.",,Japon,JPX,JPY
4512,"WAKAMOTO PHARMACEUTICAL CO., LTD.",,Japon,JPX,JPY
4507,"SHIONOGI & CO., LTD.",,Japon,JPX,JPY
4506,"SUMITOMO PHARMA CO., LTD.",,Japon,JPX,JPY
4503,ASTELLAS PHARMA INC,,Japon,JPX,JPY
4502,"TAKEDA PHARMACEUTICAL CO., LTD.",,Japon,JPX,JPY
9997,"BELLUNA CO., LTD.",,Japon,JPX,JPY
4499,"SPEEE, INC.",,Japon,JPX,JPY
4538,"FUSO PHARMACEUTICAL INDUSTRIES, LTD.",,Japon,JPX,JPY
4539,"NIPPON CHEMIPHAR CO., LTD.",,Japon,JPX,JPY
9984,SOFTBANK GROUP CORP.,,Japon,JPX,JPY
9986,ZAOH COMPANY LTD.,,Japon,JPX,JPY
4554,"FUJI PHARMA CO., LTD.",,Japon,JPX,JPY
4553,"TOWA PHARMACEUTICAL CO., LTD.",,Japon,JPX,JPY
4552,"JCR PHARMACEUTICALS CO., LTD.",,Japon,JPX,JPY
9987,"SUZUKEN CO., LTD.",,Japon,JPX,JPY
9989,"SUNDRUG CO., LTD.",,Japon,JPX,JPY
4549,"EIKEN CHEMICAL CO., LTD.",,Japon,JPX,JPY
9990,SAC'S BAR HOLDINGS INC.,,Japon,JPX,JPY
4548,SEIKAGAKU CORPORATION,,Japon,JPX,JPY
4547,KISSEI PHARMACEUTICAL CO. LTD.,,Japon,JPX,JPY
9991,GECOSS CORP,,Japon,JPX,JPY
4544,H.U. GROUP HOLDINGS INC.,,Japon,JPX,JPY
4543,TERUMO CORPORATION,,Japon,JPX,JPY
9993,"YAMAZAWA CO., LTD.",,Japon,JPX,JPY
9994,YAMAYA CORPORATION,,Japon,JPX,JPY
4540,TSUMURA & CO.,,Japon,JPX,JPY
9996,SATOH & CO. LTD.,,Japon,JPX,JPY
4498,"CYBERTRUST JAPAN CO., LTD.",,Japon,JPX,JPY
4496,COMMERCE ONE HOLDINGS INC.,,Japon,JPX,JPY
4495,I CUBED SYSTEMS INC.,,Japon,JPX,JPY
4463,"NICCA CHEMICAL CO., LTD.",,Japon,JPX,JPY
4462,"ISHIHARA CHEMICAL CO., LTD.",,Japon,JPX,JPY
4461,"DKS CO., LTD.",,Japon,JPX,JPY
445A,TOYO CORPORATION,,Japon,JPX,JPY
4452,KAO CORPORATION,,Japon,JPX,JPY
4450,POWER SOLUTIONS LTD.,,Japon,JPX,JPY
444A,"AITEL CO., LTD.",,Japon,JPX,JPY
4449,GIFTEE INC.,,Japon,JPX,JPY
4448,"KUBELL CO., LTD.",,Japon,JPX,JPY
4447,PBSYSTEMS INC.,,Japon,JPX,JPY
4446,LINK-U GROUP INC.,,Japon,JPX,JPY
4445,LIVING TECHNOLOGIES INC.,,Japon,JPX,JPY
4444,INFONET INC.,,Japon,JPX,JPY
4443,SANSAN INC.,,Japon,JPX,JPY
4442,"VALTES HOLDINGS CO., LTD.",,Japon,JPX,JPY
4441,TOBILA SYSTEMS INC.,,Japon,JPX,JPY
4440,WITZ CORP.,,Japon,JPX,JPY
4464,SOFT99 CORPORATION,,Japon,JPX,JPY
4465,"NIITAKA CO., LTD.",,Japon,JPX,JPY
446A,"NORTHSAND, INC.",,Japon,JPX,JPY
4471,SANYO CHEMICAL INDUSTRIES LTD.,,Japon,JPX,JPY
4494,VARIO SECURE INC.,,Japon,JPX,JPY
4493,CYBER SECURITY CLOUD INC.,,Japon,JPX,JPY
4492,GENETEC CORP.,,Japon,JPX,JPY
4491,COMPUTER MANAGEMENT CO. LTD.,,Japon,JPX,JPY
4490,VISASQ INC.,,Japon,JPX,JPY
4488,AI INSIDE INC.,,Japon,JPX,JPY
4487,SPACEMARKET INC.,,Japon,JPX,JPY
4486,UNITE AND GROW INC.,,Japon,JPX,JPY
4558,"CHUKYO IYAKUHIN CO., LTD.",,Japon,JPX,JPY
4484,LANCERS INC.,,Japon,JPX,JPY
4482,WILLS INC.,,Japon,JPX,JPY
4481,"BASE CO., LTD.",,Japon,JPX,JPY
4480,MEDLEY INC.,,Japon,JPX,JPY
4479,MAKUAKE INC.,,Japon,JPX,JPY
4478,FREEE K.K.,,Japon,JPX,JPY
4477,BASE INC.,,Japon,JPX,JPY
4476,AI CROSS INC.,,Japon,JPX,JPY
4475,HENNGE K.K.,,Japon,JPX,JPY
4483,JMDC INC.,,Japon,JPX,JPY
9983,FAST RETAILING CO. LTD.,,Japon,JPX,JPY
4559,"ZERIA PHARMACEUTICAL CO., LTD.",,Japon,JPX,JPY
9982,"TAKIHYO CO., LTD.",,Japon,JPX,JPY
4615,"SHINTO PAINT CO., LTD.",,Japon,JPX,JPY
9932,SUGIMOTO & CO. LTD.,,Japon,JPX,JPY
4613,"KANSAI PAINT CO., LTD.",,Japon,JPX,JPY
4612,"NIPPON PAINT HOLDINGS CO., LTD.",,Japon,JPX,JPY
4611,"DAI NIPPON TORYO CO., LTD.",,Japon,JPX,JPY
460A,BRANU INC.,,Japon,JPX,JPY
9934,"INABA DENKI SANGYO CO., LTD.",,Japon,JPX,JPY
9936,OHSHO FOOD SERVICE CORP.,,Japon,JPX,JPY
9941,TAIYO BUSSAN KAISHA LTD.,,Japon,JPX,JPY
4599,STEMRIM INC.,,Japon,JPX,JPY
4598,DELTA-FLY PHARMA INC.,,Japon,JPX,JPY
4597,SOLASIA PHARMA K.K.,,Japon,JPX,JPY
4596,"KUBOTA PHARMACEUTICAL HOLDINGS CO., LTD.",,Japon,JPX,JPY
9942@F,JOYFULL CO LTD,,Japon,JPX,JPY
9946,"MINISTOP CO., LTD.",,Japon,JPX,JPY
4595,"MIZUHO MEDY CO., LTD.",,Japon,JPX,JPY
4594,CALIFORNIA MUNICIPAL FINANCE AUTHORITY,,Japon,JPX,JPY
4616,"KAWAKAMI PAINT MANUFACTURING CO., LTD.",,Japon,JPX,JPY
4617,"CHUGOKU MARINE PAINTS, LTD.",,Japon,JPX,JPY
4619,"NIHON TOKUSHU TORYO CO., LTD.",,Japon,JPX,JPY
4620,FUJIKURA KASEI CO. LTD.,,Japon,JPX,JPY
4642,ORIGINAL ENGINEERING CONSULTANTS CO. LTD.,,Japon,JPX,JPY
4641,ALTECH CORPORATION,,Japon,JPX,JPY
463A,"INTELLEX HOLDINGS CO., LTD.",,Japon,JPX,JPY
4635,TOKYO PRINTING INK MFG CO. LTD.,,Japon,JPX,JPY
4634,"ARTIENCE CO., LTD.",,Japon,JPX,JPY
4633,SAKATA INX CORP.,,Japon,JPX,JPY
4631,DIC CORPORATION,,Japon,JPX,JPY
462A,"FUNDINNO, INC.",,Japon,JPX,JPY
4593,HEALIOS K.K.,,Japon,JPX,JPY
4629,"DAISHIN CHEMICAL CO., LTD.",,Japon,JPX,JPY
4628,"SK KAKEN CO., LTD.",,Japon,JPX,JPY
4627,"NATOCO CO., LTD.",,Japon,JPX,JPY
4626,"TAIYO HOLDINGS CO., LTD.",,Japon,JPX,JPY
9929,"HEIWA PAPER CO., LTD.",,Japon,JPX,JPY
4625,"ATOMIX CO., LTD.",,Japon,JPX,JPY
4624,"ISAMU PAINT CO., LTD.",,Japon,JPX,JPY
9930,"KITAZAWA SANGYO CO., LTD.",,Japon,JPX,JPY
4623,ASAHIPEN CORPORATION,,Japon,JPX,JPY
9928,"MIROKU JYOHO SERVICE CO., LTD.",,Japon,JPX,JPY
4439,"TOUMEI CO., LTD.",,Japon,JPX,JPY
4592,"SANBIO CO., LTD.",,Japon,JPX,JPY
458A,"PLAN DO CO., LTD.",,Japon,JPX,JPY
9969,"SHOKUBUN CO., LTD.",,Japon,JPX,JPY
4571,"NANO MRNA CO., LTD.",,Japon,JPX,JPY
4570,"IMMUNO-BIOLOGICAL LABORATORIES CO., LTD.",,Japon,JPX,JPY
456A,HUMAN MADE INC.,,Japon,JPX,JPY
9972,"ALTECH CO., LTD.",,Japon,JPX,JPY
4569,"KYORIN PHARMACEUTICAL CO., LTD.",,Japon,JPX,JPY
4568,"DAIICHI SANKYO CO., LTD.",,Japon,JPX,JPY
9973,"KOZO HOLDINGS CO., LTD.",,Japon,JPX,JPY
4565,NXERA PHARMA CO. LTD.,,Japon,JPX,JPY
9974,"BELC CO., LTD.",,Japon,JPX,JPY
4564,ONCOTHERAPY SCIENCE INC.,,Japon,JPX,JPY
9976,"SEKICHU CO., LTD.",,Japon,JPX,JPY
9978,"BUNKYODO GROUP HOLDINGS CO., LTD.",,Japon,JPX,JPY
4563,ANGES INC.,,Japon,JPX,JPY
9979,DAISYO CORPORATION,,Japon,JPX,JPY
9980,MRK HOLDINGS INC.,,Japon,JPX,JPY
455A,VALUE SOFT HOLDINGS CORPORATION,,Japon,JPX,JPY
4572,CARNA BIOSCIENCES INC.,,Japon,JPX,JPY
9966,FUJIKYU CORPORATION,,Japon,JPX,JPY
4574,"TAIKO PHARMACEUTICAL CO., LTD.",,Japon,JPX,JPY
4575,"CANBAS CO., LTD.",,Japon,JPX,JPY
9948,"ARCS CO., LTD.",,Japon,JPX,JPY
9950,"HACHI-BAN CO., LTD.",,Japon,JPX,JPY
4588,ONCOLYS BIOPHARMA INC.,,Japon,JPX,JPY
4587,PEPTIDREAM INC.,,Japon,JPX,JPY
9955,"YONKYU CO., LTD.",,Japon,JPX,JPY
4586,MEDRX CO. LTD.,,Japon,JPX,JPY
4584,KIDSWELL BIO CORP.,,Japon,JPX,JPY
9956,"VALOR HOLDINGS CO., LTD.",,Japon,JPX,JPY
4591,RIBOMIC INC.,,Japon,JPX,JPY
4583,CHIOME BIOSCIENCE INC.,,Japon,JPX,JPY
4582,SYMBIO PHARMACEUTICALS LTD.,,Japon,JPX,JPY
9960,TOTECH CORPORATION,,Japon,JPX,JPY
457A,"LE LIEN CO., LTD.",,Japon,JPX,JPY
4579,RAQUALIA PHARMA INC.,,Japon,JPX,JPY
4578,"OTSUKA HOLDINGS CO., LTD.",,Japon,JPX,JPY
4577,"DAITO PHARMACEUTICAL CO., LTD.",,Japon,JPX,JPY
9962,MISUMI GROUP INC.,,Japon,JPX,JPY
4576,D. WESTERN THERAPEUTICS INSTITUTE INC.,,Japon,JPX,JPY
9959,"ASEED HOLDINGS CO., LTD.",,Japon,JPX,JPY
4438,WELBY INC.,,Japon,JPX,JPY
4437,GOODDAYS HOLDINGS INC.,,Japon,JPX,JPY
4436,MINKABU THE INFONOID INC.,,Japon,JPX,JPY
4286,CL HOLDINGS INC.,,Japon,JPX,JPY
4284,"SOLXYZ CO., LTD.",,Japon,JPX,JPY
4275,"CARLIT HOLDINGS CO., LTD.",,Japon,JPX,JPY
4274,"HOSOYA PYRO-ENGINEERING CO., LTD.",,Japon,JPX,JPY
4272,"NIPPON KAYAKU CO., LTD.",,Japon,JPX,JPY
4270,BEEX INC.,,Japon,JPX,JPY
4265,INSTITUTION FOR A GLOBAL SOCIETY CORPORATION,,Japon,JPX,JPY
4264,SECURE INC.,,Japon,JPX,JPY
4263,SUSMED INC.,,Japon,JPX,JPY
4262,NIFTY LIFESTYLE CO. LTD.,,Japon,JPX,JPY
4261,"ASIA QUEST CO., LTD.",,Japon,JPX,JPY
4260,"HYBRID TECHNOLOGIES CO., LTD.",,Japon,JPX,JPY
4259,EXAWIZARDS INC.,,Japon,JPX,JPY
4258,AMIYA CORPORATION,,Japon,JPX,JPY
4256,CYND CO. LTD.,,Japon,JPX,JPY
4255,THECOO INC.,,Japon,JPX,JPY
3004,SHINYEI KAISHA,,Japon,JPX,JPY
4287,JUSTPLANNING INC.,,Japon,JPX,JPY
4288,ASGENT INC.,,Japon,JPX,JPY
428A,"CYPRESS HOLDINGS CO., LTD.",,Japon,JPX,JPY
4290,PRESTIGE INTERNATIONAL INC.,,Japon,JPX,JPY
4331,"TAKE AND GIVE NEEDS CO., LTD.",,Japon,JPX,JPY
432A,"CLINIPHAR CO., LTD.",,Japon,JPX,JPY
4326,INTAGE HOLDINGS INC.,,Japon,JPX,JPY
4324,DENTSU GROUP INC.,,Japon,JPX,JPY
4323,"JAPAN SYSTEM TECHNIQUES CO., LTD.",,Japon,JPX,JPY
4320,"CE HOLDINGS CO., LTD.",,Japon,JPX,JPY
431A,"USONAR CO., LTD.",,Japon,JPX,JPY
4318,QUICK CO. LTD.,,Japon,JPX,JPY
4251,KEIWA INC.,,Japon,JPX,JPY
4317,RAY CORPORATION,,Japon,JPX,JPY
4310,DREAM INCUBATOR INC.,,Japon,JPX,JPY
430A,"NEXT HANDS CO., LTD.",,Japon,JPX,JPY
4308,J-STREAM INC.,,Japon,JPX,JPY
4307,"NOMURA RESEARCH INSTITUTE, LTD.",,Japon,JPX,JPY
4301,AMUSE INC.,,Japon,JPX,JPY
429A,TEKSCEND PHOTOMASK CORP.,,Japon,JPX,JPY
4299,HIMACS LTD.,,Japon,JPX,JPY
4293,"SEPTENI HOLDINGS CO., LTD.",,Japon,JPX,JPY
4316,BEMAP INC.,,Japon,JPX,JPY
4334,"YUKE'S CO., LTD.",,Japon,JPX,JPY
4250@F,FRONTIER INC,,Japon,JPX,JPY
4248,"TAKEMOTO YOHKI CO., LTD.",,Japon,JPX,JPY
4216,ASAHI YUKIZAI CORPORATION,,Japon,JPX,JPY
4212,SEKISUI JUSHI CORPORATION,,Japon,JPX,JPY
4208,UBE CORPORATION,,Japon,JPX,JPY
4206,"AICA KOGYO CO., LTD.",,Japon,JPX,JPY
4205,ZEON CORPORATION,,Japon,JPX,JPY
4204,"SEKISUI CHEMICAL CO., LTD.",,Japon,JPX,JPY
4203,"SUMITOMO BAKELITE CO., LTD.",,Japon,JPX,JPY
4202,DAICEL CORPORATION,,Japon,JPX,JPY
419A,RUNGLOBE INC.,,Japon,JPX,JPY
4199,WONDERPLANET INC.,,Japon,JPX,JPY
4198,"TENDA CO., LTD.",,Japon,JPX,JPY
4197,"ASMARQ CO., LTD.",,Japon,JPX,JPY
4196,NEO MARKETING INC.,,Japon,JPX,JPY
4194,VISIONAL INC.,,Japon,JPX,JPY
4193,FABRICA HOLDINGS CO. LTD.,,Japon,JPX,JPY
4192,SPIDERPLUS & CO.,,Japon,JPX,JPY
4189,"KH NEOCHEM CO., LTD.",,Japon,JPX,JPY
4218,"NICHIBAN CO., LTD.",,Japon,JPX,JPY
421A,"MOVIN' STRATEGIC CAREER CO., LTD.",,Japon,JPX,JPY
4220,RIKEN TECHNOS CORPORATION,,Japon,JPX,JPY
4221,"OKURA INDUSTRIAL CO., LTD.",,Japon,JPX,JPY
4247,"POVAL KOGYO CO., LTD.",,Japon,JPX,JPY
4246,DAIKYONISHIKAWA CORPORATION,,Japon,JPX,JPY
4245,"DAIKI AXIS CO., LTD.",,Japon,JPX,JPY
4243,NIX INC.,,Japon,JPX,JPY
4242,TAKAGI SEIKO CORPORATION,,Japon,JPX,JPY
4241,ATECT CORPORATION,,Japon,JPX,JPY
4240,CLUSTER TECHNOLOGY CO. LTD.,,Japon,JPX,JPY
423A,LION OFFICE PRODUCTS CORP.,,Japon,JPX,JPY
4249,"MORIROKU HOLDINGS CO., LTD.",,Japon,JPX,JPY
4238,"MIRAIAL CO., LTD.",,Japon,JPX,JPY
4235,"ULTRAFABRICS HOLDINGS CO., LTD.",,Japon,JPX,JPY
4234,"SUN A. KAKEN CO., LTD.",,Japon,JPX,JPY
4231,TIGERS POLYMER CORPORATION,,Japon,JPX,JPY
422A,"TANE CREATIVE CO., LTD.",,Japon,JPX,JPY
4229,"GUN EI CHEMICAL INDUSTRY CO., LTD.",,Japon,JPX,JPY
4228,"SEKISUI KASEI CO., LTD.",,Japon,JPX,JPY
4224,LONSEAL CORPORATION,,Japon,JPX,JPY
4222,"KODAMA CHEMICAL INDUSTRY CO., LTD.",,Japon,JPX,JPY
4237,FUJIPREAM CORPORATION,,Japon,JPX,JPY
4644,"IMAGINEER CO., LTD.",,Japon,JPX,JPY
4335,IPS CO. LTD.,,Japon,JPX,JPY
433A,MJE INC.,,Japon,JPX,JPY
4414,"FLECT CO., LTD.",,Japon,JPX,JPY
4413,BAUDROIE INC.,,Japon,JPX,JPY
4412,SCIENCE ARTS INC.,,Japon,JPX,JPY
4410,HARIMA CHEMICALS GROUP INC.,,Japon,JPX,JPY
4409,"TOHO CHEMICAL INDUSTRY CO., LTD.",,Japon,JPX,JPY
4406,"NEW JAPAN CHEMICAL CO., LTD.",,Japon,JPX,JPY
4404,"MIYOSHI OIL & FAT CO., LTD.",,Japon,JPX,JPY
4403,NOF CORPORATION,,Japon,JPX,JPY
4401,ADEKA CORPORATION,,Japon,JPX,JPY
439A,ACTBE INC.,,Japon,JPX,JPY
4398,BROADBAND SECURITY INC.,,Japon,JPX,JPY
4397,TEAMSPIRIT INC.,,Japon,JPX,JPY
4396,SYSTEM SUPPORT HOLDINGS INC.,,Japon,JPX,JPY
4395,ACCRETE INC.,,Japon,JPX,JPY
4394,"EXMOTION CO., LTD.",,Japon,JPX,JPY
4393,BANK OF INNOVATION INC.,,Japon,JPX,JPY
4392,FUTURE INNOVATION GROUP INC.,,Japon,JPX,JPY
4415,BROAD ENTERPRISE CO. LTD.,,Japon,JPX,JPY
4416,TRUE DATA INC.,,Japon,JPX,JPY
4417,GLOBAL SECURITY EXPERTS INC.,,Japon,JPX,JPY
4418,JAPAN DATA SCIENCE CONSORTIUM INC.,,Japon,JPX,JPY
4434,"SERVERWORKS CO., LTD.",,Japon,JPX,JPY
4433,HITO COMMUNICATIONS HOLDINGS INC.,,Japon,JPX,JPY
4432,WINGARC1ST INC.,,Japon,JPX,JPY
4431,"SMAREGI, INC.",,Japon,JPX,JPY
4430,"TOKAI SOFT CO., LTD.",,Japon,JPX,JPY
442A,"CLASSICO, INC.",,Japon,JPX,JPY
4429,"RICKSOFT CO., LTD.",,Japon,JPX,JPY
4428,SINOPS INC.,,Japon,JPX,JPY
4391,"LOGIZARD CO., LTD.",,Japon,JPX,JPY
4427,EDULAB INC.,,Japon,JPX,JPY
4426,PASSLOGY CO. LTD.,,Japon,JPX,JPY
4425,KUDAN INC.,,Japon,JPX,JPY
4424,AMAZIA INC.,,Japon,JPX,JPY
4422,VALUENEX JAPAN INC.,,Japon,JPX,JPY
4421,"D I SYSTEM CO., LTD.",,Japon,JPX,JPY
4420,"ESOL CO., LTD.",,Japon,JPX,JPY
441A,NE INC.,,Japon,JPX,JPY
4419,FINATEXT HOLDINGS LTD.,,Japon,JPX,JPY
3002,GUNZE LIMITED,,Japon,JPX,JPY
4337,PIA CORPORATION,,Japon,JPX,JPY
4390,"IPS, INC.",,Japon,JPX,JPY
4389,PROPERTY DATA BANK INC.,,Japon,JPX,JPY
4367,"KOEI CHEMICAL CO., LTD.",,Japon,JPX,JPY
4366,DAITO CHEMIX CORP.,,Japon,JPX,JPY
4365,"MATSUMOTO YUSHI-SEIYAKU CO., LTD.",,Japon,JPX,JPY
4364,MANAC INCORPORATED,,Japon,JPX,JPY
4362,"NIPPON FINE CHEMICAL CO., LTD.",,Japon,JPX,JPY
4361,"KAWAGUCHI CHEMICAL INDUSTRY CO., LTD.",,Japon,JPX,JPY
4360,"MANAC CHEMICAL PARTNERS CO., LTD.",,Japon,JPX,JPY
4356,APPLIED TECHNOLOGY CO. LTD.,,Japon,JPX,JPY
4351,"YAMADA SERVICER SYNTHETIC CO., LTD.",,Japon,JPX,JPY
4350,"MEDICAL SYSTEM NETWORK CO., LTD.",,Japon,JPX,JPY
434A,LOOPLACE INC.,,Japon,JPX,JPY
4347,BROADMEDIA CORPORATION,,Japon,JPX,JPY
4346,NEXYZ GROUP CORP.,,Japon,JPX,JPY
4345,"CTS CO., LTD.",,Japon,JPX,JPY
4344,SOURCENEXT CORPORATION,,Japon,JPX,JPY
4343,"AEON FANTASY CO., LTD.",,Japon,JPX,JPY
4341,SEIRYO ELECTRIC CORPORATION,,Japon,JPX,JPY
4368,"FUSO CHEMICAL CO., LTD.",,Japon,JPX,JPY
4369,TRI CHEMICAL LABORATORIES INC.,,Japon,JPX,JPY
436A,CYBERSOLUTIONS INC.,,Japon,JPX,JPY
4370,MOBILUS CORP.,,Japon,JPX,JPY
4388,AI INCORPORATED,,Japon,JPX,JPY
4387,"ZUU CO., LTD.",,Japon,JPX,JPY
4386,SIG GROUP CO. LTD.,,Japon,JPX,JPY
4385,"MERCARI, INC.",,Japon,JPX,JPY
4382,HEROZ INC.,,Japon,JPX,JPY
4381,BPLATS INC.,,Japon,JPX,JPY
4380,M-MART INC.,,Japon,JPX,JPY
437A,"JWAVE CO., LTD.",,Japon,JPX,JPY
438A,INFCURION INC.,,Japon,JPX,JPY
4379,PHOTOSYNTH INC.,,Japon,JPX,JPY
4377,ONE CAREER INC.,,Japon,JPX,JPY
4376,KUFU CO. HOLDINGS INC.,,Japon,JPX,JPY
4375,SAFIE INC.,,Japon,JPX,JPY
3003,"HULIC CO., LTD.",,Japon,JPX,JPY
4374,ROBOT PAYMENT INC.,,Japon,JPX,JPY
4373,"SIMPLEX HOLDINGS, INC.",,Japon,JPX,JPY
4372,YMIRLINK INC.,,Japon,JPX,JPY
4371,CORE CONCEPT TECHNOLOGIES INC.,,Japon,JPX,JPY
4378,CINC CORP.,,Japon,JPX,JPY
4188,MITSUBISHI CHEMICAL GROUP CORPORATION,,Japon,JPX,JPY
4645,"ICHISHIN HOLDINGS CO., LTD.",,Japon,JPX,JPY
4650,SD ENTERTAINMENT INC.,,Japon,JPX,JPY
4933,"I-NE CO., LTD.",,Japon,JPX,JPY
9709,"NCS&A CO., LTD.",,Japon,JPX,JPY
4932,ALMADO INC.,,Japon,JPX,JPY
9713,ROYAL HOTEL LTD.,,Japon,JPX,JPY
4931,"SHINNIHON SEIYAKU CO., LTD.",,Japon,JPX,JPY
9715,TRANSCOSMOS INC.,,Japon,JPX,JPY
4929,ADJUVANT HOLDINGS CO. LTD.,,Japon,JPX,JPY
4928,"NOEVIR HOLDINGS CO., LTD.",,Japon,JPX,JPY
4927,POLA ORBIS HOLDINGS INC.,,Japon,JPX,JPY
9716,"NOMURA CO., LTD.",,Japon,JPX,JPY
4926,"C'BON COSMETICS CO., LTD.",,Japon,JPX,JPY
9720,"HOTEL NEW GRAND CO., LTD.",,Japon,JPX,JPY
4925,HABA LABORATORIES INC.,,Japon,JPX,JPY
9722,FUJITA KANKO INC.,,Japon,JPX,JPY
9723,KYOTO HOTEL LTD.,,Japon,JPX,JPY
4923,"COTA CO., LTD.",,Japon,JPX,JPY
4922,KOSE CORPORATION,,Japon,JPX,JPY
9708,IMPERIAL HOTEL LTD.,,Japon,JPX,JPY
4920,NIPPON SHIKIZAI INC.,,Japon,JPX,JPY
9706,JAPAN AIRPORT TERMINAL CO. LTD.,,Japon,JPX,JPY
9704,"AGORA HOSPITALITY GROUP CO., LTD.",,Japon,JPX,JPY
9687,KSK CO. LTD.,,Japon,JPX,JPY
4960,CHEMIPROKASEI KAISHA LTD.,,Japon,JPX,JPY
9691,"RYOMO SYSTEMS CO., LTD.",,Japon,JPX,JPY
4958,"T. HASEGAWA CO., LTD.",,Japon,JPX,JPY
4956,"KONISHI CO., LTD.",,Japon,JPX,JPY
9692,COMPUTER ENGINEER & CONSULTING LTD.,,Japon,JPX,JPY
4951,ST. CORPORATION,,Japon,JPX,JPY
9697,"CAPCOM CO., LTD.",,Japon,JPX,JPY
9698,"CREO CO., LTD.",,Japon,JPX,JPY
9699,"NISHIO HOLDINGS CO., LTD.",,Japon,JPX,JPY
2991,LANDNET INC.,,Japon,JPX,JPY
2993,CHOEI INC.,,Japon,JPX,JPY
9701,"TOKYO KAIKAN CO., LTD.",,Japon,JPX,JPY
4937,WAQOO INC.,,Japon,JPX,JPY
4936,AXXZIA INC.,,Japon,JPX,JPY
4935,LIBERTA CO. LTD.,,Japon,JPX,JPY
9702,ISB CORPORATION,,Japon,JPX,JPY
4934,"PREMIER ANTI-AGING CO., LTD.",,Japon,JPX,JPY
4919,"MILBON CO., LTD.",,Japon,JPX,JPY
9726,"KNT-CT HOLDINGS CO., LTD.",,Japon,JPX,JPY
4918,IVY COSMETICS CORPORATION,,Japon,JPX,JPY
9755,OYO CORPORATION,,Japon,JPX,JPY
9757,FUNAI SOKEN HOLDINGS INC.,,Japon,JPX,JPY
4896,K PHARMA INC.,,Japon,JPX,JPY
9759,"NSD CO., LTD.",,Japon,JPX,JPY
9760,"SHINGAKUKAI HOLDINGS CO., LTD.",,Japon,JPX,JPY
9761,"TOKAI LEASE CO., LTD.",,Japon,JPX,JPY
4894,CUORIPS INC.,,Japon,JPX,JPY
4893,NOILE-IMMUNE BIOTECH INC.,,Japon,JPX,JPY
4892,CYFUSE BIOMEDICAL K.K.,,Japon,JPX,JPY
4891,"TMS CO., LTD.",,Japon,JPX,JPY
4890,TSUBOTA LABORATORY INC.,,Japon,JPX,JPY
4889,RENASCIENCE INC.,,Japon,JPX,JPY
4888,STELLA PHARMA CORP.,,Japon,JPX,JPY
4887,"SAWAI GROUP HOLDINGS CO., LTD.",,Japon,JPX,JPY
4886,ASKA PHARMACEUTICAL HOLDINGS CO. LTD.,,Japon,JPX,JPY
4885,MUROMACHI CHEMICALS INC.,,Japon,JPX,JPY
4884,KRINGLE PHARMA INC.,,Japon,JPX,JPY
2999,"HOME POSITION CO., LTD.",,Japon,JPX,JPY
2998,CREAL INC.,,Japon,JPX,JPY
2997,"STORAGE OH CO., LTD.",,Japon,JPX,JPY
4901,FUJIFILM HOLDINGS CORPORATION,,Japon,JPX,JPY
9728,"NIPPON KANZAI CO., LTD.",,Japon,JPX,JPY
9729,TOKAI CORPORATION,,Japon,JPX,JPY
4914,TAKASAGO INTERNATIONAL CORPORATION,,Japon,JPX,JPY
9731,HAKUYOSHA COMPANY LTD.,,Japon,JPX,JPY
4912,LION CORPORATION,,Japon,JPX,JPY
9733,NAGASE BROTHERS INC.,,Japon,JPX,JPY
4911,"SHISEIDO CO., LTD.",,Japon,JPX,JPY
9735,"SECOM CO., LTD.",,Japon,JPX,JPY
4966,"C UYEMURA & CO., LTD.",,Japon,JPX,JPY
490A,"SENSE TRUST CO., LTD.",,Japon,JPX,JPY
9740,"CENTRAL SECURITY PATROLS CO., LTD.",,Japon,JPX,JPY
2995,J-REX CORPORATION,,Japon,JPX,JPY
9742,INES CORPORATION,,Japon,JPX,JPY
9743,"TANSEISHA CO., LTD.",,Japon,JPX,JPY
9744,MEITEC GROUP HOLDINGS INC.,,Japon,JPX,JPY
9746,TKC CORPORATION,,Japon,JPX,JPY
9753,IX KNOWLEDGE INC.,,Japon,JPX,JPY
4902,KONICA MINOLTA INC.,,Japon,JPX,JPY
9739,NSW INC.,,Japon,JPX,JPY
2990,"AIDA SEKKEI CO., LTD.",,Japon,JPX,JPY
4967,"KOBAYASHI PHARMACEUTICAL CO., LTD.",,Japon,JPX,JPY
9686,"TOYO TEC CO., LTD.",,Japon,JPX,JPY
5016,JX ADVANCED METALS CORPORATION,,Japon,JPX,JPY
5015,BP CASTROL K.K.,,Japon,JPX,JPY
9639,"SANKYO FRONTIER CO., LTD.",,Japon,JPX,JPY
2962,TECNISCO LTD.,,Japon,JPX,JPY
9640,"SAISON TECHNOLOGY CO., LTD.",,Japon,JPX,JPY
9644,"TANABE CONSULTING GROUP CO., LTD.",,Japon,JPX,JPY
5013,YUSHIRO CHEMICAL INDUSTRY CO. LTD.,,Japon,JPX,JPY
5011,"NICHIREKI GROUP CO., LTD.",,Japon,JPX,JPY
9647,"KYOWA ENGINEERING CONSULTANTS CO., LTD.",,Japon,JPX,JPY
5010,"NIPPON SEIRO CO., LTD.",,Japon,JPX,JPY
9651,"JAPAN PROCESS DEVELOPMENT CO., LTD.",,Japon,JPX,JPY
500A,BOOKS INC.,,Japon,JPX,JPY
9656,"GREENLAND RESORT CO., LTD.",,Japon,JPX,JPY
5009,"FUJI KOSAN CO., LTD.",,Japon,JPX,JPY
9658,BUSINESS BRAIN SHOWA-OTA INC.,,Japon,JPX,JPY
296A,"REIWA ACCOUNTING HOLDINGS CO., LTD.",,Japon,JPX,JPY
9661,"KABUKI-ZA CO., LTD.",,Japon,JPX,JPY
5018,MORESCO CORPORATION,,Japon,JPX,JPY
5019,"IDEMITSU KOSAN CO., LTD.",,Japon,JPX,JPY
501A,"PRECIOUS PARTNERS CO., LTD.",,Japon,JPX,JPY
5020,"ENEOS HOLDINGS, INC.",,Japon,JPX,JPY
503A,"BELLCHILD CO., LTD.",,Japon,JPX,JPY
5039@S,KITALIVE INC,,Japon,JPX,JPY
5038,"EWELL CO., LTD.",,Japon,JPX,JPY
5036,JAPAN BUSINESS SYSTEMS INC.,,Japon,JPX,JPY
9635,"MUSASHINO KOGYO CO., LTD.",,Japon,JPX,JPY
5035,HOUSEI INC.,,Japon,JPX,JPY
5034,UNERRY INC.,,Japon,JPX,JPY
5033,NULAB INC.,,Japon,JPX,JPY
2970,"GOOD LIFE CO., INC.",,Japon,JPX,JPY
5032,ANYCOLOR INC.,,Japon,JPX,JPY
5029,CIRCLACE INC.,,Japon,JPX,JPY
5028,SECOND SIGHT ANALYTICAL INC.,,Japon,JPX,JPY
5027,ANYMIND GROUP INC.,,Japon,JPX,JPY
5026,"TRIPLEIZE CO., LTD.",,Japon,JPX,JPY
9636,KIN-EI CORP.,,Japon,JPX,JPY
5025,MERCURY INC.,,Japon,JPX,JPY
2961,NITCHO CORP.,,Japon,JPX,JPY
5021,"COSMO ENERGY HOLDINGS CO., LTD.",,Japon,JPX,JPY
5031,MOI CORP,,Japon,JPX,JPY
4883,MODALIS THERAPEUTICS CORPORATION,,Japon,JPX,JPY
2971,ESCON JAPAN REIT INVESTMENT CORPORATION,,Japon,JPX,JPY
2974@F,DAIEISANGYO CO LTD,,Japon,JPX,JPY
4985,EARTH CORP.,,Japon,JPX,JPY
9678,"KANAMOTO CO., LTD.",,Japon,JPX,JPY
4980,DEXERIALS CORPORATION,,Japon,JPX,JPY
4979,"OAT AGRIO CO., LTD.",,Japon,JPX,JPY
4978,REPROCELL INC.,,Japon,JPX,JPY
9679,"HORAI CO., LTD.",,Japon,JPX,JPY
4977,NITTA GELATIN INC.,,Japon,JPX,JPY
4976,"TOYO DRILUBE CO., LTD.",,Japon,JPX,JPY
4975,JCU CORP,,Japon,JPX,JPY
9682,DTS CORPORATION,,Japon,JPX,JPY
4973,"JAPAN PURE CHEMICAL CO., LTD.",,Japon,JPX,JPY
9684,"SQUARE ENIX HOLDINGS CO., LTD.",,Japon,JPX,JPY
4972,"SOKEN CHEMICAL & ENGINEERING CO., LTD.",,Japon,JPX,JPY
9685,"KYCOM HOLDINGS CO., LTD.",,Japon,JPX,JPY
4971,MEC CO. LTD.,,Japon,JPX,JPY
4970,"TOYO GOSEI CO., LTD.",,Japon,JPX,JPY
4968,ARAKAWA CHEMICAL INDUSTRIES LTD.,,Japon,JPX,JPY
4990,"SHOWA CHEMICAL INDUSTRY CO., LTD.",,Japon,JPX,JPY
4992,HOKKO CHEMICAL INDUSTRY CO. LTD.,,Japon,JPX,JPY
4994,"TAISEI LAMICK CO., LTD.",,Japon,JPX,JPY
9672,"TOKYOTOKEIBA CO., LTD.",,Japon,JPX,JPY
2975,"STAR MICA HOLDINGS CO., LTD.",,Japon,JPX,JPY
2976@S,NIPPON GRANDE CO LTD,,Japon,JPX,JPY
2978,TSUKURUBA INC.,,Japon,JPX,JPY
2979,SOSILA LOGISTICS REIT INC.,,Japon,JPX,JPY
297A,"ALPICO HOLDINGS CO., LTD.",,Japon,JPX,JPY
9663,"NAGAWA CO., LTD.",,Japon,JPX,JPY
2980,SRE HOLDINGS CORP.,,Japon,JPX,JPY
2981,LANDIX INC.,,Japon,JPX,JPY
2972,SANKEI REAL ESTATE INC.,,Japon,JPX,JPY
2982,"AD WORKS GROUP CO., LTD.",,Japon,JPX,JPY
2984,"YAMAICHI UNIHEIM REAL ESTATE CO., LTD.",,Japon,JPX,JPY
2179,"SEIGAKUSYA CO., LTD.",,Japon,JPX,JPY
2989,TOKAIDO REIT INC.,,Japon,JPX,JPY
298A,GVA TECH INC.,,Japon,JPX,JPY
4998,FUMAKILLA LTD.,,Japon,JPX,JPY
4997,"NIHON NOHYAKU CO., LTD.",,Japon,JPX,JPY
4996,"KUMIAI CHEMICAL INDUSTRY CO., LTD.",,Japon,JPX,JPY
4995@F,SANKEI CHEMICALS CO,,Japon,JPX,JPY
2983,ARR PLANNER CO. LTD.,,Japon,JPX,JPY
9763,MARUBENI CONSTRUCTION MATERIAL LEASE CO. LTD.,,Japon,JPX,JPY
4882,PERSEUS PROTEOMICS INC.,,Japon,JPX,JPY
4881,"FUNPEP CO., LTD.",,Japon,JPX,JPY
4736,NIPPON RAD INC.,,Japon,JPX,JPY
4735,"KYOSHIN CO., LTD.",,Japon,JPX,JPY
4733,OBIC BUSINESS CONSULTANTS CO. LTD.,,Japon,JPX,JPY
4732,USS CO. LTD.,,Japon,JPX,JPY
9887,"MATSUYA FOODS HOLDINGS CO., LTD.",,Japon,JPX,JPY
9888,UEX LTD.,,Japon,JPX,JPY
472A,"MIRRATIV, INC.",,Japon,JPX,JPY
9889,JBCC HOLDINGS INC.,,Japon,JPX,JPY
4728,"TOSE CO., LTD.",,Japon,JPX,JPY
4725,CAC HOLDINGS CORP,,Japon,JPX,JPY
9890,"MAKIYA CO., LTD.",,Japon,JPX,JPY
9895,CONSEC CORPORATION,,Japon,JPX,JPY
4722,FUTURE CORPORATION,,Japon,JPX,JPY
9896,"JK HOLDINGS CO., LTD.",,Japon,JPX,JPY
4720,"JOHNAN ACADEMIC PREPARATORY INSTITUTE CO., LTD.",,Japon,JPX,JPY
471A,"NS GROUP, INC.",,Japon,JPX,JPY
4719,ALPHA SYSTEMS INC.,,Japon,JPX,JPY
9885,CHARLÃ© CO. LTD.,,Japon,JPX,JPY
9882,YELLOW HAT LTD.,,Japon,JPX,JPY
4743,ITFOR INC.,,Japon,JPX,JPY
9880,INNOTECH CORP,,Japon,JPX,JPY
9854,"AIGAN CO., LTD.",,Japon,JPX,JPY
4760,"ALPHA CO., LTD.",,Japon,JPX,JPY
475A,"GIMIC CO., LTD.",,Japon,JPX,JPY
9856,KU HOLDINGS CO. LTD.,,Japon,JPX,JPY
9857,EIWA CORPORATION,,Japon,JPX,JPY
9861,"YOSHINOYA HOLDINGS CO., LTD.",,Japon,JPX,JPY
4755,"RAKUTEN GROUP, INC.",,Japon,JPX,JPY
9867,SOLEKIA LTD.,,Japon,JPX,JPY
4718,"WASEDA ACADEMY CO., LTD.",,Japon,JPX,JPY
4754,TOSNET CORPORATION,,Japon,JPX,JPY
4752,"SHOWA SYSTEM ENGINEERING CO., LTD.",,Japon,JPX,JPY
4751,CYBERAGENT INC.,,Japon,JPX,JPY
4750,"DAISAN CO., LTD.",,Japon,JPX,JPY
9872,"KITAKEI CO., LTD.",,Japon,JPX,JPY
4748,KOZO KEIKAKU ENGINEERING INC.,,Japon,JPX,JPY
9876,"COX CO., LTD.",,Japon,JPX,JPY
9878,"SEKIDO CO., LTD.",,Japon,JPX,JPY
4746,"TOUKEI COMPUTER CO., LTD.",,Japon,JPX,JPY
9869,"KATO SANGYO CO., LTD.",,Japon,JPX,JPY
9853,"GINZA RENOIR CO., LTD.",,Japon,JPX,JPY
4716,ORACLE CORPORATION JAPAN,,Japon,JPX,JPY
4712,KEYHOLDER INC.,,Japon,JPX,JPY
4678,"SHUEI YOBIKO CO., LTD.",,Japon,JPX,JPY
4676,FUJI MEDIA HOLDINGS INC.,,Japon,JPX,JPY
4674,CRESCO LTD.,,Japon,JPX,JPY
4673,"KAWASAKI GEOLOGICAL ENGINEERING CO., LTD.",,Japon,JPX,JPY
4671,"FALCO HOLDINGS CO., LTD.",,Japon,JPX,JPY
4668,"MEIKO NETWORK JAPAN CO., LTD.",,Japon,JPX,JPY
4667,"AISAN TECHNOLOGY CO., LTD.",,Japon,JPX,JPY
4666,"PARK24 CO., LTD.",,Japon,JPX,JPY
4665,"DUSKIN CO., LTD.",,Japon,JPX,JPY
4664,JAPAN RELIANCE SERVICE CORP.,,Japon,JPX,JPY
4662,FOCUS SYSTEMS CORPORATION,,Japon,JPX,JPY
9913,NIPPO LTD.,,Japon,JPX,JPY
4661,"ORIENTAL LAND CO., LTD.",,Japon,JPX,JPY
4658,"NIPPON AIR CONDITIONING SERVICES CO., LTD.",,Japon,JPX,JPY
4657,"ENVIRONMENTAL CONTROL CENTER CO., LTD.",,Japon,JPX,JPY
9914,"UEMATSU SHOKAI CO., LTD.",,Japon,JPX,JPY
4651,SANIX INC.,,Japon,JPX,JPY
4679,"TAYA CO., LTD.",,Japon,JPX,JPY
4680,ROUND ONE CORPORATION,,Japon,JPX,JPY
4681,"RESORTTRUST, INC.",,Japon,JPX,JPY
4684,"OBIC CO., LTD.",,Japon,JPX,JPY
9900,SAGAMI HOLDINGS CORPORATION,,Japon,JPX,JPY
470A,"USER LOCAL, INC.",,Japon,JPX,JPY
4709,ID HOLDINGS CORP.,,Japon,JPX,JPY
9902,NICHIDEN CORPORATION,,Japon,JPX,JPY
9903,"KANSEKI CO., LTD.",,Japon,JPX,JPY
4707,KITAC CORPORATION,,Japon,JPX,JPY
4705,CLIP CORPORATION,,Japon,JPX,JPY
4704,TREND MICRO INCORPORATED,,Japon,JPX,JPY
4714,RISO KYOIKU CO. LTD.,,Japon,JPX,JPY
9904,"VERITE CO., LTD.",,Japon,JPX,JPY
9906,FUJII SANGYO CORPORATION,,Japon,JPX,JPY
4694,BML INC.,,Japon,JPX,JPY
4691,WASHINGTON HOTEL CORP.,,Japon,JPX,JPY
4689,LY CORPORATION,,Japon,JPX,JPY
4687,TDC SOFT INC.,,Japon,JPX,JPY
4686,JUSTSYSTEMS CORPORATION,,Japon,JPX,JPY
9908,"NIHON DENKEI CO., LTD.",,Japon,JPX,JPY
4685,"RYOYU SYSTEMS CO., LTD.",,Japon,JPX,JPY
469A,FITCREW INC.,,Japon,JPX,JPY
464A,QPS HOLDINGS INC.,,Japon,JPX,JPY
9850,"GOURMET KINEYA CO., LTD.",,Japon,JPX,JPY
4761,SAKURA KCS CORPORATION,,Japon,JPX,JPY
9790,FUKUI COMPUTER HOLDINGS INC.,,Japon,JPX,JPY
4834@S,CAREER BANK,,Japon,JPX,JPY
4833,DEF CONSULTING INC.,,Japon,JPX,JPY
4832,JFE SYSTEMS INC.,,Japon,JPX,JPY
4829,"NIHON ENTERPRISE CO., LTD.",,Japon,JPX,JPY
4828,BUSINESS ENGINEERING CORP.,,Japon,JPX,JPY
4827@F,BUSINESS ONE HOLDINGS INC,,Japon,JPX,JPY
9791,BIKEN TECHNO CORPORATION,,Japon,JPX,JPY
9793,"DAISEKI CO., LTD.",,Japon,JPX,JPY
9795,"STEP CO., LTD.",,Japon,JPX,JPY
4826,THE COMPUTER INSTITUTE OF JAPAN LTD.,,Japon,JPX,JPY
4825,WEATHERNEWS INC.,,Japon,JPX,JPY
4820,"EM SYSTEMS CO., LTD.",,Japon,JPX,JPY
481A,"JSECURITY, INC.",,Japon,JPX,JPY
4819,DIGITAL GARAGE INC.,,Japon,JPX,JPY
9799,"ASAHI INTELLIGENCE SERVICE CO., LTD.",,Japon,JPX,JPY
4816,"TOEI ANIMATION CO., LTD.",,Japon,JPX,JPY
4838,SPACE SHOWER SKIYAKI INC.,,Japon,JPX,JPY
4839,WOWOW INC.,,Japon,JPX,JPY
483A,"TERA TECHNOLOGY, INC.",,Japon,JPX,JPY
4840,TRIIS INC.,,Japon,JPX,JPY
4880,"CELLSOURCE CO., LTD.",,Japon,JPX,JPY
9765,"OHBA CO., LTD.",,Japon,JPX,JPY
9766,KONAMI GROUP CORPORATION,,Japon,JPX,JPY
9767,"NIKKEN KOGAKU CO., LTD.",,Japon,JPX,JPY
4875,MEDICINOVA INC.,,Japon,JPX,JPY
9768,IDEA CONSULTANTS INC.,,Japon,JPX,JPY
9769,"GAKKYUSHA CO., LTD.",,Japon,JPX,JPY
485A,"POWERX, INC.",,Japon,JPX,JPY
4814,NEXTWARE LTD.,,Japon,JPX,JPY
484A,"NEWSEDTECH CO., LTD.",,Japon,JPX,JPY
9778,"SUBARU CO., LTD.",,Japon,JPX,JPY
9780,HARIMA B-STEM CORPORATION,,Japon,JPX,JPY
4848,"FULLCAST HOLDINGS CO., LTD.",,Japon,JPX,JPY
299A,DELY INC,,Japon,JPX,JPY
4847,INTELLIGENT WAVE INC.,,Japon,JPX,JPY
9782,DMS INC.,,Japon,JPX,JPY
4845,SCALA INC.,,Japon,JPX,JPY
9788,NAC CO. LTD.,,Japon,JPX,JPY
4849,EN JAPAN INC.,,Japon,JPX,JPY
9849,"KYODO PAPER HOLDINGS CO., LTD.",,Japon,JPX,JPY
4813,"ACCESS CO., LTD.",,Japon,JPX,JPY
4811,DREAMARTS CORP.,,Japon,JPX,JPY
9831,"YAMADA HOLDINGS CO., LTD.",,Japon,JPX,JPY
4771,"F&M CO., LTD.",,Japon,JPX,JPY
9832,"AUTOBACS SEVEN CO., LTD.",,Japon,JPX,JPY
476A,"TSUJI HONGO IT CONSULTING CO., LTD.",,Japon,JPX,JPY
4769,IC CO. LTD.,,Japon,JPX,JPY
9835,"JUNTENDO CO., LTD.",,Japon,JPX,JPY
4768,OTSUKA CORPORATION,,Japon,JPX,JPY
9837,"MORITO CO., LTD.",,Japon,JPX,JPY
4767,TOW CO. LTD.,,Japon,JPX,JPY
9842,ARCLANDS CORPORATION,,Japon,JPX,JPY
4766,PA CO. LTD.,,Japon,JPX,JPY
4765,"SBI HOLDINGS, INC.",,Japon,JPX,JPY
9843,"NITORI HOLDINGS CO., LTD.",,Japon,JPX,JPY
9845,PARKER CORPORATION,,Japon,JPX,JPY
4763,"CREEK & RIVER CO., LTD.",,Japon,JPX,JPY
9846,"TENMAYA STORE CO., LTD.",,Japon,JPX,JPY
4762,XNET CORP,,Japon,JPX,JPY
4772,STREAM MEDIA CORP.,,Japon,JPX,JPY
4776,CYBOZU INC.,,Japon,JPX,JPY
4777,GALA INC.,,Japon,JPX,JPY
9830,TRUSCO NAKAYAMA CORPORATION,,Japon,JPX,JPY
9812,"TO HOLDINGS CO., LTD.",,Japon,JPX,JPY
9816,STRIDERS CORP,,Japon,JPX,JPY
480A,"LIB CONSULTING CO., LTD.",,Japon,JPX,JPY
4809,PARACA INC.,,Japon,JPX,JPY
9818,"DAIMARU ENAWIN CO., LTD.",,Japon,JPX,JPY
9820,MT GENEX CORP,,Japon,JPX,JPY
9823,MAMMY MART CORPORATION,,Japon,JPX,JPY
4801,"CENTRAL SPORTS CO., LTD.",,Japon,JPX,JPY
4812,DENTSU INC.,,Japon,JPX,JPY
4800,ORICON INC.,,Japon,JPX,JPY
9824,"SENSHU ELECTRIC CO., LTD.",,Japon,JPX,JPY
4792,"YAMADA CONSULTING GROUP CO., LTD.",,Japon,JPX,JPY
478A,HUTZPER INC.,,Japon,JPX,JPY
9827,"LILYCOLOR CO., LTD.",,Japon,JPX,JPY
4784,"GMO INTERNET GROUP, INC.",,Japon,JPX,JPY
9828,GENKI GLOBAL DINING CONCEPTS INC.,,Japon,JPX,JPY
4783,"NCD CO., LTD.",,Japon,JPX,JPY
477A,"STARTLINE CO., LTD.",,Japon,JPX,JPY
479A,PRONI INC.,,Japon,JPX,JPY
4187,OSAKA ORGANIC CHEMICAL INDUSTRY LTD.,,Japon,JPX,JPY
4186,"TOKYO OHKA KOGYO CO., LTD.",,Japon,JPX,JPY
4183,"MITSUI CHEMICALS, INC.",,Japon,JPX,JPY
3156,RESTAR CORP.,,Japon,JPX,JPY
3551,DYNIC CORPORATION,,Japon,JPX,JPY
3157,GEOLIVE GROUP CORP,,Japon,JPX,JPY
3550,"STUDIO ATAO CO., LTD.",,Japon,JPX,JPY
3549,"KUSURI NO AOKI HOLDINGS CO., LTD.",,Japon,JPX,JPY
3548,BAROQUE JAPAN LIMITED,,Japon,JPX,JPY
3547,KUSHIKATSU TANAKA HOLDINGS CO. LTD.,,Japon,JPX,JPY
3546,ALLEANZA HOLDINGS CO. LTD.,,Japon,JPX,JPY
3159,"MARUZEN CHI HOLDINGS CO., LTD.",,Japon,JPX,JPY
3544,"SATUDORA HOLDINGS CO., LTD.",,Japon,JPX,JPY
3160,"OOMITSU CO., LTD.",,Japon,JPX,JPY
3543,"KOMEDA HOLDINGS CO., LTD.",,Japon,JPX,JPY
3161,AZEARTH CORPORATION,,Japon,JPX,JPY
3542,"VEGA CORPORATION CO., LTD.",,Japon,JPX,JPY
3166,"OCHI HOLDINGS CO., LTD.",,Japon,JPX,JPY
3167,TOKAI HOLDINGS CORP,,Japon,JPX,JPY
3539,JM HOLDINGS CO. LTD.,,Japon,JPX,JPY
3154,"MEDIUS HOLDINGS CO., LTD.",,Japon,JPX,JPY
3168,MERF INC.,,Japon,JPX,JPY
3553,"KYOWA LEATHER CLOTH CO., LTD.",,Japon,JPX,JPY
3556,RENET JAPAN GROUP INC.,,Japon,JPX,JPY
3569,"SEIREN CO., LTD.",,Japon,JPX,JPY
3139,"LACTO JAPAN CO., LTD.",,Japon,JPX,JPY
3140,BRUNO INC.,,Japon,JPX,JPY
3566,"UNIFORM NEXT CO., LTD.",,Japon,JPX,JPY
3565,ASCENTECH KK,,Japon,JPX,JPY
3143,O'WILL CORPORATION,,Japon,JPX,JPY
3563,FOOD & LIFE COMPANIES LTD.,,Japon,JPX,JPY
3562,NO.1 CO. LTD.,,Japon,JPX,JPY
3561,"CHIKARANOMOTO HOLDINGS CO., LTD.",,Japon,JPX,JPY
3560,HOBONICHI CO. LTD.,,Japon,JPX,JPY
355A,NOW VILLAGE CO. LTD.,,Japon,JPX,JPY
3559,P-BANCOM CORP.,,Japon,JPX,JPY
3558,JADE GROUP INC.,,Japon,JPX,JPY
3148,"CREATE SD HOLDINGS CO., LTD.",,Japon,JPX,JPY
3557,"UNITED & COLLECTIVE CO., LTD.",,Japon,JPX,JPY
3150,"GREMZ, INC.",,Japon,JPX,JPY
3151,"VITAL KSK HOLDINGS, INC.",,Japon,JPX,JPY
3153,"YASHIMA DENKI CO., LTD.",,Japon,JPX,JPY
3538,WILLPLUS HOLDINGS CORP.,,Japon,JPX,JPY
3537,"SHOEI YAKUHIN CO., LTD.",,Japon,JPX,JPY
3169,"MISAWA & CO., LTD.",,Japon,JPX,JPY
3185,"DREAM VISION CO., LTD.",,Japon,JPX,JPY
350A,DIGITAL GRID CORP,,Japon,JPX,JPY
3186,"NEXTAGE CO., LTD.",,Japon,JPX,JPY
3187,MIRATAP INC.,,Japon,JPX,JPY
3501,"SUMINOE CO., LTD.",,Japon,JPX,JPY
3189,ANAPLAN INC.,,Japon,JPX,JPY
3190,HOTMAN CO. LTD.,,Japon,JPX,JPY
3191,"JOYFUL HONDA CO., LTD.",,Japon,JPX,JPY
3498,"KASUMIGASEKI CAPITAL CO., LTD.",,Japon,JPX,JPY
3496,"AZOOM CO., LTD.",,Japon,JPX,JPY
3495,"KORYO JYUHAN CO., LTD.",,Japon,JPX,JPY
3192,"SHIROHATO CO., LTD.",,Japon,JPX,JPY
3494,MULLION CO. LTD.,,Japon,JPX,JPY
3492,TAKARA LEBEN REAL ESTATE INVESTMENT CORPORATION,,Japon,JPX,JPY
3193,ETERNAL HOSPITALITY GROUP CO. LTD.,,Japon,JPX,JPY
3195,"GENERATION PASS CO., LTD.",,Japon,JPX,JPY
3491,"GATECHNOLOGIES CO., LTD.",,Japon,JPX,JPY
3184,INTERNATIONAL CONGLOMERATE DISTRIBUTIONS INC.,,Japon,JPX,JPY
3512,"NIPPON FELT CO., LTD.",,Japon,JPX,JPY
3513,"ICHIKAWA CO., LTD.",,Japon,JPX,JPY
3183,"WIN-PARTNERS CO., LTD.",,Japon,JPX,JPY
3536,"AXAS HOLDINGS CO., LTD.",,Japon,JPX,JPY
3172,"TEA LIFE CO., LTD.",,Japon,JPX,JPY
3173,"COMINIX CO., LTD.",,Japon,JPX,JPY
3174,"HAPPINESS AND D CO., LTD.",,Japon,JPX,JPY
3175,"AP HOLDINGS CO., LTD.",,Japon,JPX,JPY
3176,"SANYO TRADING CO., LTD.",,Japon,JPX,JPY
352A,LIFE CREATE CO. LTD,,Japon,JPX,JPY
3529,"ATSUGI CO., LTD.",,Japon,JPX,JPY
3138,FUJISAN MAGAZINE SERVICE CO. LTD.,,Japon,JPX,JPY
3177,ARIGATOU SERVICES CO. LTD.,,Japon,JPX,JPY
3524,"NITTO SEIMO CO., LTD.",,Japon,JPX,JPY
3521,ECONACH HOLDINGS CO. LTD.,,Japon,JPX,JPY
3179,"SYUPPIN CO., LTD.",,Japon,JPX,JPY
317A,SMS DATA TECH CORP,,Japon,JPX,JPY
351A,AXIS IT PARTNERS CORP,,Japon,JPX,JPY
3180,BEAUTY GARAGE INC.,,Japon,JPX,JPY
3181,"KAITORI OKOKU CO., LTD.",,Japon,JPX,JPY
3182,OISIX RA DAICHI INC.,,Japon,JPX,JPY
3178,CHIMNEY CO. LTD.,,Japon,JPX,JPY
3571,"SOTO CO., LTD.",,Japon,JPX,JPY
3137,"FUNDELY CO., LTD.",,Japon,JPX,JPY
3135,"MARKETENTERPRISE CO., LTD.",,Japon,JPX,JPY
3076,AI HOLDINGS CORPORATION,,Japon,JPX,JPY
3077,"HORIIFOODSERVICE CO., LTD.",,Japon,JPX,JPY
362A,EXEO HOLDINGS INC.,,Japon,JPX,JPY
3628,"DATA HORIZON CO., LTD.",,Japon,JPX,JPY
3079,DVX INC.,,Japon,JPX,JPY
3627,TEKMIRA PHARMACEUTICALS CORPORATION,,Japon,JPX,JPY
3626,TIS INC.,,Japon,JPX,JPY
307A,HOUSING STAFF INC.,,Japon,JPX,JPY
3080,JASON CO. LTD.,,Japon,JPX,JPY
3625,TECHFIRM HOLDINGS INC.,,Japon,JPX,JPY
3624,AXEL MARK INC.,,Japon,JPX,JPY
3082,"KICHIRI HOLDINGS & CO., LTD.",,Japon,JPX,JPY
3083,"STAR SEEDS CO., LTD.",,Japon,JPX,JPY
3086,"J. FRONT RETAILING CO., LTD.",,Japon,JPX,JPY
3623,BILLING SYSTEM CORPORATION,,Japon,JPX,JPY
3622,NETYEAR GROUP CORPORATION,,Japon,JPX,JPY
361A,"LIVING HOUSE CO., LTD.",,Japon,JPX,JPY
3075,"CHOUSHIMARU CO., LTD.",,Japon,JPX,JPY
3632,GREE HOLDINGS INC.,,Japon,JPX,JPY
3071,STREAM CO. LTD.,,Japon,JPX,JPY
3070,"JELLY BEANS GROUP CO., LTD.",,Japon,JPX,JPY
3063,"J-GROUP HOLDINGS, INC.",,Japon,JPX,JPY
3649,FINDEX INC.,,Japon,JPX,JPY
3648,AGS CORPORATION,,Japon,JPX,JPY
3647,G THREE HOLDINGS CORP.,,Japon,JPX,JPY
3646,EKITAIN & CO. LTD.,,Japon,JPX,JPY
3064,"MONOTARO CO., LTD.",,Japon,JPX,JPY
3645,MEDICAL NET INC.,,Japon,JPX,JPY
3065,LIFE FOODS CO. LTD.,,Japon,JPX,JPY
3087,"DOUTOR NICHIRES HOLDINGS CO., LTD.",,Japon,JPX,JPY
3641,"PAPYLELESS CO., LTD.",,Japon,JPX,JPY
3639,VOLTAGE INC.,,Japon,JPX,JPY
3067,"TOKYO ICHIBAN FOODS CO., LTD.",,Japon,JPX,JPY
3068,WDI CORPORATION,,Japon,JPX,JPY
3636,MITSUBISHI RESEARCH INSTITUTE INC.,,Japon,JPX,JPY
3635,"KOEI TECMO HOLDINGS CO., LTD.",,Japon,JPX,JPY
3634,SOCKETS INC.,,Japon,JPX,JPY
3633,GMO PEPABO INC.,,Japon,JPX,JPY
3069,JFLA HOLDINGS INC.,,Japon,JPX,JPY
3640,"DENSAN CO., LTD.",,Japon,JPX,JPY
3196,"HOTLAND CO., LTD.",,Japon,JPX,JPY
3088,MATSUKIYOCOCOKARA & CO.,,Japon,JPX,JPY
308A,POSTMATE HOLDINGS INC.,,Japon,JPX,JPY
3111,"OMIKENSHI CO., LTD.",,Japon,JPX,JPY
3591,WACOAL HOLDINGS CORP.,,Japon,JPX,JPY
3113,UNIVA OAK HOLDINGS LTD.,,Japon,JPX,JPY
358A,ZENLAND INC.,,Japon,JPX,JPY
3116,TOYOTA BOSHOKU CORPORATION,,Japon,JPX,JPY
3583,AUBEX CORP.,,Japon,JPX,JPY
3580,"KOMATSU MATERE CO., LTD.",,Japon,JPX,JPY
357A,F&F INC.,,Japon,JPX,JPY
311A,NPT CO. LTD.,,Japon,JPX,JPY
3121,"MBK CO., LTD.",,Japon,JPX,JPY
3577,TOKAI SENKO K.K.,,Japon,JPX,JPY
3123,SAIBO CO. LTD.,,Japon,JPX,JPY
312A,SHINKO HOLDINGS CORP.,,Japon,JPX,JPY
3131,SHINDEN HIGHTEX CORPORATION,,Japon,JPX,JPY
3132,MACNICA HOLDINGS INC.,,Japon,JPX,JPY
3133,"KAIHAN CO., LTD.",,Japon,JPX,JPY
3134,HAMEE CORP.,,Japon,JPX,JPY
3110,"NITTO BOSEKI CO., LTD.",,Japon,JPX,JPY
3109,SHIKIBO LTD.,,Japon,JPX,JPY
3107,"DAIWABO HOLDINGS CO., LTD.",,Japon,JPX,JPY
3106,KURABO INDUSTRIES LTD.,,Japon,JPX,JPY
3091,BRONCO BILLY CO. LTD.,,Japon,JPX,JPY
3092,"ZOZO, INC.",,Japon,JPX,JPY
3093,"TREASURE FACTORY CO., LTD.",,Japon,JPX,JPY
3612,"WORLD CO., LTD.",,Japon,JPX,JPY
3611,MATSUOKA CORPORATION,,Japon,JPX,JPY
3096,OCEAN SYSTEM CORP,,Japon,JPX,JPY
3097,MONOGATARI CORP.,,Japon,JPX,JPY
3608,"TSI HOLDINGS CO., LTD.",,Japon,JPX,JPY
3089,"TECHNO ALPHA CO., LTD.",,Japon,JPX,JPY
3607,"KURAUDIA HOLDINGS CO., LTD.",,Japon,JPX,JPY
3101,"TOYOBO CO., LTD.",,Japon,JPX,JPY
3103,UNITIKA LTD.,,Japon,JPX,JPY
3600,FUJIX LTD.,,Japon,JPX,JPY
3104,FUJIBO HOLDINGS INC.,,Japon,JPX,JPY
359A,NEXT STAGE CO. LTD.,,Japon,JPX,JPY
3598,"YAMAKI CO., LTD.",,Japon,JPX,JPY
3597,"JICHODO CO., LTD.",,Japon,JPX,JPY
3105,NISSHINBO HOLDINGS INC.,,Japon,JPX,JPY
3099,ISETAN MITSUKOSHI HOLDINGS LTD.,,Japon,JPX,JPY
3490,"AZPLANNING CO., LTD.",,Japon,JPX,JPY
3197,"SKYLARK HOLDINGS CO., LTD.",,Japon,JPX,JPY
3489,"FAITHNETWORK CO., LTD.",,Japon,JPX,JPY
338A,ZENMUTECH INC.,,Japon,JPX,JPY
3276,JAPAN PROPERTY MANAGEMENT CENTER CO. LTD.,,Japon,JPX,JPY
3277,"SANSEI LANDIC CO., LTD.",,Japon,JPX,JPY
3388,"MEIJI ELECTRIC INDUSTRIES CO., LTD.",,Japon,JPX,JPY
3279,ACTIVIA PROPERTIES INC.,,Japon,JPX,JPY
3387,CREATE RESTAURANTS HOLDINGS INC.,,Japon,JPX,JPY
3386,"COSMO BIO CO., LTD.",,Japon,JPX,JPY
3280,STRUST CO. LTD.,,Japon,JPX,JPY
3281,GLP J-REIT,,Japon,JPX,JPY
3282,"COMFORIA RESIDENTIAL REIT, INC.",,Japon,JPX,JPY
3382,"SEVEN & I HOLDINGS CO., LTD.",,Japon,JPX,JPY
3283,NIPPON PROLOGIS REIT INC.,,Japon,JPX,JPY
3284,"HOOSIERS HOLDINGS CO., LTD.",,Japon,JPX,JPY
3286,TRUST HOLDINGS INC.,,Japon,JPX,JPY
3287,HOSHINO RESORTS REIT INC.,,Japon,JPX,JPY
3288,"OPEN HOUSE GROUP CO., LTD.",,Japon,JPX,JPY
3289,TOKYU FUDOSAN HOLDINGS CORPORATION,,Japon,JPX,JPY
3271,GLOBAL LTD.,,Japon,JPX,JPY
326A,AERO LAB INTERNATIONAL,,Japon,JPX,JPY
3390,"INEST, INC.",,Japon,JPX,JPY
3391,TSURUHA HOLDINGS INC.,,Japon,JPX,JPY
3405,"KURARAY CO., LTD.",,Japon,JPX,JPY
3249,INDUSTRIAL & INFRASTRUCTURE FUND INVESTMENT CORPORATION,,Japon,JPX,JPY
324A,BOOKING RESORT CO. LTD.,,Japon,JPX,JPY
3402,"TORAY INDUSTRIES, INC.",,Japon,JPX,JPY
3401,TEIJIN LTD.,,Japon,JPX,JPY
3252,"JINUSHI CO., LTD.",,Japon,JPX,JPY
339A,PROGRESS TECHNOLOGIES GROUP,,Japon,JPX,JPY
325A,TENTIAL INC.,,Japon,JPX,JPY
3377,"BIKE O & CO., LTD.",,Japon,JPX,JPY
3399,MARUCHIYO YAMAOKAYA CORP.,,Japon,JPX,JPY
3397,TORIDOLL HOLDINGS CORPORATION,,Japon,JPX,JPY
3396,FELISSIMO CORPORATION,,Japon,JPX,JPY
3266,"FUND CREATION GROUP CO., LTD.",,Japon,JPX,JPY
3267,PHIL COMPANY,,Japon,JPX,JPY
3395,"SAINT MARC HOLDINGS CO., LTD.",,Japon,JPX,JPY
3269,ADVANCE RESIDENCE INVESTMENT CORPORATION,,Japon,JPX,JPY
3393,STARTIA HOLDINGS INC.,,Japon,JPX,JPY
3392,DELICA FOODS HOLDINGS CO. LTD.,,Japon,JPX,JPY
3261,GRANDES INC.,,Japon,JPX,JPY
3248,EARLY AGE CO. LTD.,,Japon,JPX,JPY
3290,ONE REIT INC.,,Japon,JPX,JPY
3374,NAIGAI TEC CORPORATION,,Japon,JPX,JPY
3353,"MEDICAL IKKOU GROUP CO., LTD.",,Japon,JPX,JPY
3352,BUFFALO CO. LTD.,,Japon,JPX,JPY
3350,METAPLANET INC.,,Japon,JPX,JPY
334A,"VISUAL PROCESSING JAPAN CO., LTD.",,Japon,JPX,JPY
3309,"SEKISUI HOUSE REIT, INC.",,Japon,JPX,JPY
3349,COSMOS PHARMACEUTICAL CORP.,,Japon,JPX,JPY
330A,TALENTX INC.,,Japon,JPX,JPY
333A,TECHNOSMILE INC.,,Japon,JPX,JPY
3315,NIPPON COKE & ENGINEERING CO. LTD.,,Japon,JPX,JPY
3317,FLYING GARDEN CO. LTD.,,Japon,JPX,JPY
331A,MEDIX INC.,,Japon,JPX,JPY
3333,"ASAHI CO., LTD.",,Japon,JPX,JPY
3320,CROSS PLUS INC.,,Japon,JPX,JPY
3321,"MITACHI CO., LTD.",,Japon,JPX,JPY
3323,"RECOMM CO., LTD.",,Japon,JPX,JPY
332A,MEEQ INC.,,Japon,JPX,JPY
3329,"TOWA FOOD SERVICE CO., LTD.",,Japon,JPX,JPY
3355,KURIYAMA HOLDINGS CORP.,,Japon,JPX,JPY
3306,"NIHON SEIMA CO., LTD.",,Japon,JPX,JPY
3356,"TERILOGY CO., LTD.",,Japon,JPX,JPY
3358,"Y.S. FOOD CO., LTD.",,Japon,JPX,JPY
3291,"IIDA GROUP HOLDINGS CO., LTD.",,Japon,JPX,JPY
3292,AEON REIT INVESTMENT CORPORATION,,Japon,JPX,JPY
3293,"AZUMA HOUSE CO., LTD.",,Japon,JPX,JPY
3372,"KANMONKAI CO., LTD.",,Japon,JPX,JPY
3371,SOFTCREATE HOLDINGS CORP.,,Japon,JPX,JPY
3370,"FUJITA CORPORATION CO., LTD.",,Japon,JPX,JPY
336A,"DYNAMIC MAP PLATFORM CO., LTD.",,Japon,JPX,JPY
3295,"HULIC REIT, INC.",,Japon,JPX,JPY
3375,ZOA CORPORATION,,Japon,JPX,JPY
3296,NIPPON REIT INVESTMENT CORPORATION,,Japon,JPX,JPY
3299,"MUGEN ESTATE CO., LTD.",,Japon,JPX,JPY
329A,ZEAL ASSOCIATE CORP,,Japon,JPX,JPY
3300,"AMBITION DX HOLDINGS CO., LTD.",,Japon,JPX,JPY
3361,"TOELL CO., LTD.",,Japon,JPX,JPY
3360,SHIP HEALTHCARE HOLDINGS INC.,,Japon,JPX,JPY
335A,MIRAIRO INC.,,Japon,JPX,JPY
3359,"COTTA CO., LTD.",,Japon,JPX,JPY
3302,"TEIKOKU SEN-I CO., LTD.",,Japon,JPX,JPY
3297,"TOUBUJYUHAN CO., LTD.",,Japon,JPX,JPY
3652,DIGITAL MEDIA PROFESSIONALS INC.,,Japon,JPX,JPY
3407,ASAHI KASEI CORPORATION,,Japon,JPX,JPY
3409,KITANI SPINNING CO. LTD.,,Japon,JPX,JPY
3221,"YOSSIX HOLDINGS CO., LTD.",,Japon,JPX,JPY
3472,NIPPON HOTEL & RESIDENTIAL INVESTMENT CORPORATION,,Japon,JPX,JPY
3471,MITSUI FUDOSAN LOGISTICS PARK INC.,,Japon,JPX,JPY
3222,UNITED SUPER MARKETS HOLDING INC.,,Japon,JPX,JPY
3470,"MARIMO REGIONAL REVITALIZATION REIT, INC.",,Japon,JPX,JPY
3469,"DUALTAP CO., LTD.",,Japon,JPX,JPY
3468,STAR ASIA INVESTMENT CORPORATION,,Japon,JPX,JPY
3467,AGRATIO URBAN DESIGN INC.,,Japon,JPX,JPY
3223,SLD ENTERTAINMENT INC.,,Japon,JPX,JPY
3466,LASALLE LOGIPORT REAL ESTATE INVESTMENT TRUST,,Japon,JPX,JPY
3224,GENERAL OYSTER INC.,,Japon,JPX,JPY
3226,NIPPON ACCOMMODATIONS FUND INC.,,Japon,JPX,JPY
3465,"KI-STAR REAL ESTATE CO., LTD.",,Japon,JPX,JPY
3463,ICHIGO HOTEL REIT INVESTMENT CORPORATION,,Japon,JPX,JPY
3462,NOMURA REAL ESTATE MASTER FUND,,Japon,JPX,JPY
3461,PALMA CO. LTD.,,Japon,JPX,JPY
3459,SAMTY RESIDENTIAL INVESTMENT CORPORATION,,Japon,JPX,JPY
3474,G-FACTORY CO. LTD.,,Japon,JPX,JPY
3475,GOOD COM ASSET CO. LTD.,,Japon,JPX,JPY
3476,MIRAI CORPORATION,,Japon,JPX,JPY
321A,HUMAN STAGE HOLDINGS CORP.,,Japon,JPX,JPY
3488,XYMAX REIT INVESTMENT CORPORATION,,Japon,JPX,JPY
3487,CRE LOGISTICS REIT INC.,,Japon,JPX,JPY
3486,GLOBAL LINK MANAGEMENT INC.,,Japon,JPX,JPY
3198,"SFP HOLDINGS CO., LTD.",,Japon,JPX,JPY
3484,INNOVATION HOLDINGS CO. LTD.,,Japon,JPX,JPY
3199,"WATAHAN & CO., LTD.",,Japon,JPX,JPY
319A,NEXT GENERATION TECHNOLOGY GROUP INC.,,Japon,JPX,JPY
3482,LOADSTAR CAPITAL K.K.,,Japon,JPX,JPY
3457,"&DO HOLDINGS CO., LTD.",,Japon,JPX,JPY
3481,MITSUBISHI ESTATE LOGISTICS REIT INC.,,Japon,JPX,JPY
3202,"DAITOBO CO., LTD.",,Japon,JPX,JPY
3480,"JSB CO., LTD.",,Japon,JPX,JPY
347A,GROWTH POWER CO. LTD.,,Japon,JPX,JPY
3479,TKP CORPORATION,,Japon,JPX,JPY
3204,TOABO CORP.,,Japon,JPX,JPY
3205,DAIDOH LTD.,,Japon,JPX,JPY
320A,D&I INC.,,Japon,JPX,JPY
3477,"FORLIFE CO., LTD.",,Japon,JPX,JPY
3201,"JAPAN WOOL TEXTILE CO., LTD.",,Japon,JPX,JPY
3246,"KOSE R.E. CO., LTD.",,Japon,JPX,JPY
3455,HEALTHCARE & MEDICAL INVESTMENT CORPORATION,,Japon,JPX,JPY
3452,"B-LOT CO., LTD.",,Japon,JPX,JPY
3238,"CENTRAL GENERAL DEVELOPMENT CO., LTD.",,Japon,JPX,JPY
3431,MIYAJI ENGINEERING GROUP INC.,,Japon,JPX,JPY
323A,FLIER INC.,,Japon,JPX,JPY
3426,"ATOM LIVIN TECH CO., LTD.",,Japon,JPX,JPY
3423,SE CORP,,Japon,JPX,JPY
3422,"J-MAX CO., LTD.",,Japon,JPX,JPY
3421,"INABA SEISAKUSHO CO., LTD.",,Japon,JPX,JPY
3420,KFC LTD.,,Japon,JPX,JPY
341A,TOYOKOH INC.,,Japon,JPX,JPY
3241,WILL CO. LTD.,,Japon,JPX,JPY
3418,"BALNIBARBI CO., LTD.",,Japon,JPX,JPY
3242,"URBANET CORPORATION CO., LTD.",,Japon,JPX,JPY
3417,"OHKI HEALTHCARE HOLDINGS CO., LTD.",,Japon,JPX,JPY
3416,PIXTA INC.,,Japon,JPX,JPY
3245,"DEAR LIFE CO., LTD.",,Japon,JPX,JPY
3415,"TOKYO BASE CO., LTD.",,Japon,JPX,JPY
340A,ZIG-ZAG INC.,,Japon,JPX,JPY
3433,"TOCALO CO., LTD.",,Japon,JPX,JPY
3237,"INTRANCE CO., LTD.",,Japon,JPX,JPY
3434,ALPHA CORP,,Japon,JPX,JPY
3435,"SANKO TECHNO CO., LTD.",,Japon,JPX,JPY
3451,TOSEI REIT INVESTMENT CORPORATION,,Japon,JPX,JPY
3449,TECHNOFLEX CORPORATION,,Japon,JPX,JPY
322A,"HIMEJI RIKA CO., LTD.",,Japon,JPX,JPY
3231,"NOMURA REAL ESTATE HOLDINGS, INC.",,Japon,JPX,JPY
3447,SHINWA CO. LTD.,,Japon,JPX,JPY
3446,JTEC CORPORATION,,Japon,JPX,JPY
3445,RS TECHNOLOGIES CO LTD,,Japon,JPX,JPY
3444,KIKUCHI SEISAKUSHO LTD.,,Japon,JPX,JPY
3454,FIRST BROTHERS CO. LTD.,,Japon,JPX,JPY
3232,MIE KOTSU GROUP HOLDINGS INC.,,Japon,JPX,JPY
3441,"SANNO CO., LTD.",,Japon,JPX,JPY
3234,MORI HILLS REIT INVESTMENT CORPORATION,,Japon,JPX,JPY
3440,"NISSO PRONITY CO., LTD.",,Japon,JPX,JPY
343A,IACE TRAVEL CORP,,Japon,JPX,JPY
3439,MITSUCHI CORPORATION,,Japon,JPX,JPY
3236,PROPERST CO. LTD.,,Japon,JPX,JPY
3437,"TOKUDEN CO., LTD.",,Japon,JPX,JPY
3436,SUMCO CORPORATION,,Japon,JPX,JPY
3443,KAWADA TECHNOLOGIES INC.,,Japon,JPX,JPY
3653,MORPHO INC.,,Japon,JPX,JPY
305A,DOUBLETREE INC.,,Japon,JPX,JPY
3059,HIRAKI CO. LTD.,,Japon,JPX,JPY
3993,PKSHA TECHNOLOGY INC.,,Japon,JPX,JPY
3992,NEEDS WELL INC.,,Japon,JPX,JPY
3991,"WANTEDLY, INC.",,Japon,JPX,JPY
398A,"REAL QUALITY CO., LTD.",,Japon,JPX,JPY
3989,SHARINGTECHNOLOGY INC.,,Japon,JPX,JPY
3988,"SYS HOLDINGS CO., LTD.",,Japon,JPX,JPY
3987,ECOMOTT INC.,,Japon,JPX,JPY
3986,BBREAK SYSTEMS CO. LTD.,,Japon,JPX,JPY
3985,TEMONA INC.,,Japon,JPX,JPY
3984,USER LOCAL INC.,,Japon,JPX,JPY
3983,"ORO CO., LTD.",,Japon,JPX,JPY
3981,BEAGLEE INC.,,Japon,JPX,JPY
3979,"ULURU CO., LTD.",,Japon,JPX,JPY
3977@S,FUSION CO LTD (JP),,Japon,JPX,JPY
3976,SHANON INC.,,Japon,JPX,JPY
3974,SCAT INC.,,Japon,JPX,JPY
3970,INNOVATION INC.,,Japon,JPX,JPY
3994,MONEY FORWARD INC.,,Japon,JPX,JPY
3996,SIGNPOST CORP,,Japon,JPX,JPY
3997,"TRADE WORKS CO., LTD.",,Japon,JPX,JPY
3998,"SURALA NET CO., LTD.",,Japon,JPX,JPY
4025,TAKI CHEMICAL CO. LTD.,,Japon,JPX,JPY
4023,KUREHA CORPORATION,,Japon,JPX,JPY
4022,RASA INDUSTRIES LTD.,,Japon,JPX,JPY
4021,NISSAN CHEMICAL CORPORATION,,Japon,JPX,JPY
4020,BETREND CORP,,Japon,JPX,JPY
401A,KASUMIGASEKI HOTEL REIT INVESTMENT CORPORATION,,Japon,JPX,JPY
4019,STMN INC.,,Japon,JPX,JPY
4018@F,GEOLOCATION TECHNOLOGY INC,,Japon,JPX,JPY
3969,ATLED CORP,,Japon,JPX,JPY
4017,CREEMA LTD.,,Japon,JPX,JPY
4015,PAYCLOUD HOLDINGS INC.,,Japon,JPX,JPY
4014,KARADANOTE INC.,,Japon,JPX,JPY
4013,"KINJIRO CO., LTD.",,Japon,JPX,JPY
4012,AXIS CO. LTD.,,Japon,JPX,JPY
4011,"HEADWATERS CO., LTD.",,Japon,JPX,JPY
4008,"SUMITOMO SEIKA CHEMICALS CO., LTD.",,Japon,JPX,JPY
4005,"SUMITOMO CHEMICAL CO., LTD.",,Japon,JPX,JPY
4004,RESONAC HOLDINGS CORPORATION,,Japon,JPX,JPY
4016,"MIT HOLDINGS CO., LTD.",,Japon,JPX,JPY
4026,"KONOSHIMA CHEMICAL CO., LTD.",,Japon,JPX,JPY
3968,"SEGUE GROUP CO., LTD.",,Japon,JPX,JPY
3965,CAPITAL ASSET PLANNING INC.,,Japon,JPX,JPY
3936,GLOBALWAY INC.,,Japon,JPX,JPY
3935,"EDIA CO., LTD.",,Japon,JPX,JPY
3934,"BENEFIT JAPAN CO., LTD.",,Japon,JPX,JPY
3933,"CHIERU CO., LTD.",,Japon,JPX,JPY
3932,AKATSUKI INC.,,Japon,JPX,JPY
3931,VALUE GOLF INC.,,Japon,JPX,JPY
3930,"HATENA CO., LTD.",,Japon,JPX,JPY
3929,"SOCIALWIRE CO., LTD.",,Japon,JPX,JPY
3928,MYNET INC.,,Japon,JPX,JPY
3927,FUVA BRAIN LTD.,,Japon,JPX,JPY
3926,OPEN DOOR INC.,,Japon,JPX,JPY
3925,DOUBLE STANDARD INC.,,Japon,JPX,JPY
3923,"RAKUS CO., LTD.",,Japon,JPX,JPY
3922,PR TIMES CORP.,,Japon,JPX,JPY
3921,NEOJAPAN INC.,,Japon,JPX,JPY
3920,INTERNETWORKING BROADBAND CO.,,Japon,JPX,JPY
3918,PCI HOLDINGS INC.,,Japon,JPX,JPY
3937,UBICOM HOLDINGS INC.,,Japon,JPX,JPY
3010,"POLARIS HOLDINGS CO., LTD.",,Japon,JPX,JPY
3939,"KANAMIC NETWORK CO., LTD.",,Japon,JPX,JPY
393A,RITAX INC.,,Japon,JPX,JPY
3964,AUCNET INC.,,Japon,JPX,JPY
3963,"SYNCHRO FOOD CO., LTD.",,Japon,JPX,JPY
3962,CHANGE HOLDINGS INC.,,Japon,JPX,JPY
3958,"SASATOKU PRINTING CO., LTD.",,Japon,JPX,JPY
3955,"IMURA & CO., LTD.",,Japon,JPX,JPY
3954,SHOWA PAXXS CORPORATION,,Japon,JPX,JPY
3953,"OHMURA SHIGYO CO., LTD.",,Japon,JPX,JPY
3951,"ASAHI PRINTING CO., LTD.",,Japon,JPX,JPY
3967,"ELTES CO., LTD.",,Japon,JPX,JPY
3950,PACK CORPORATION,,Japon,JPX,JPY
3947,"DYNAPAC CO., LTD.",,Japon,JPX,JPY
3946,"TOMOKU CO., LTD.",,Japon,JPX,JPY
3945,"SUPERBAG CO., LTD.",,Japon,JPX,JPY
3944,"FURUBAYASHI SHIKO CO., LTD.",,Japon,JPX,JPY
3943,"OHISHI SANGYO CO., LTD.",,Japon,JPX,JPY
300A,"MIC CO., LTD.",,Japon,JPX,JPY
3941,"RENGO CO., LTD.",,Japon,JPX,JPY
3940,"NOMURA SYSTEM CORPORATION CO., LTD.",,Japon,JPX,JPY
3948,"HIKARI BUSINESS FORM CO., LTD.",,Japon,JPX,JPY
3917,IRIDGE INC.,,Japon,JPX,JPY
4027,TAYCA CORPORATION,,Japon,JPX,JPY
402A,AXELSPACE HOLDINGS CORPORATION,,Japon,JPX,JPY
4124,OSAKA YUKA INDUSTRY LTD.,,Japon,JPX,JPY
4120,"SUGAI CHEMICAL INDUSTRY CO., LTD.",,Japon,JPX,JPY
411A,"NIPPON MARITIME BANK CO., LTD.",,Japon,JPX,JPY
4119,"NIPPON PIGMENT HOLDINGS CO., LTD.",,Japon,JPX,JPY
4118,KANEKA CORPORATION,,Japon,JPX,JPY
4116,"DAINICHISEIKA COLOR & CHEMICALS MFG. CO., LTD.",,Japon,JPX,JPY
4114,"NIPPON SHOKUBAI CO., LTD.",,Japon,JPX,JPY
4113,"TAOKA CHEMICAL CO., LTD.",,Japon,JPX,JPY
4112,"HODOGAYA CHEMICAL CO., LTD.",,Japon,JPX,JPY
410A,"GMO COMMERCE, INC.",,Japon,JPX,JPY
4109,STELLA CHEMIFA CORPORATION,,Japon,JPX,JPY
4107,ISE CHEMICALS CORPORATION,,Japon,JPX,JPY
4102,"MARUO CALCIUM CO., LTD.",,Japon,JPX,JPY
4100,TODA KOGYO CORP.,,Japon,JPX,JPY
409A,"ORION BREWERIES, LTD.",,Japon,JPX,JPY
4099,SHIKOKU KASEI HOLDINGS CORPORATION,,Japon,JPX,JPY
4098,TITAN KOGYO LTD.,,Japon,JPX,JPY
4125,SANWAYUKA INDUSTRY CORP.,,Japon,JPX,JPY
414A,"OVERLAP HOLDINGS, INC.",,Japon,JPX,JPY
4151,"KYOWA KIRIN CO., LTD.",,Japon,JPX,JPY
415A,"GMO TECH HOLDINGS, INC.",,Japon,JPX,JPY
4182,"MITSUBISHI GAS CHEMICAL COMPANY, INC.",,Japon,JPX,JPY
4180,APPIER GROUP INC.,,Japon,JPX,JPY
417A,"BLUE ZONES HOLDINGS CO., LTD.",,Japon,JPX,JPY
4179,G-NEXT INC.,,Japon,JPX,JPY
4178,SHARING INNOVATIONS INC.,,Japon,JPX,JPY
4177,I-PLUG INC.,,Japon,JPX,JPY
4176,COCONALA INC.,,Japon,JPX,JPY
4175,COLY INC.,,Japon,JPX,JPY
4097,KOATSU GAS KOGYO CO. LTD.,,Japon,JPX,JPY
4174,APPIRITS INC.,,Japon,JPX,JPY
4171,GLOBAL INFORMATION INC.,,Japon,JPX,JPY
4170,KAIZEN PLATFORM INC.,,Japon,JPX,JPY
416A,"FUJI UNITED HOLDINGS COMPANY, LTD.",,Japon,JPX,JPY
4169,ENECHANGE LTD.,,Japon,JPX,JPY
4168,YAPPLI INC.,,Japon,JPX,JPY
4167,KOKOPELLI INC.,,Japon,JPX,JPY
4166,CACCO INC.,,Japon,JPX,JPY
4165,PLAID INC.,,Japon,JPX,JPY
4172,"TOWA HI SYSTEM CO., LTD.",,Japon,JPX,JPY
4028,"ISHIHARA SANGYO KAISHA, LTD.",,Japon,JPX,JPY
4095,"NIHON PARKERIZING CO., LTD.",,Japon,JPX,JPY
4093,"TOHO ACETYLENE CO., LTD.",,Japon,JPX,JPY
4057,INTERFACTORY INC.,,Japon,JPX,JPY
4056,NEURAL GROUP INC.,,Japon,JPX,JPY
4055,T&S GROUP INC.,,Japon,JPX,JPY
4054,"JAPAN PROPTECH CO., LTD.",,Japon,JPX,JPY
4053,SUN INC.,,Japon,JPX,JPY
4052,FICHA INC.,,Japon,JPX,JPY
4051,GMO FINANCIAL GATE INC.,,Japon,JPX,JPY
4047,"KANTO DENKA KOGYO CO., LTD.",,Japon,JPX,JPY
4046,"OSAKA SODA CO., LTD.",,Japon,JPX,JPY
4045,"TOAGOSEI CO., LTD.",,Japon,JPX,JPY
4044,"CENTRAL GLASS CO., LTD.",,Japon,JPX,JPY
4043,TOKUYAMA CORPORATION,,Japon,JPX,JPY
4042,TOSOH CORPORATION,,Japon,JPX,JPY
4041,"NIPPON SODA CO., LTD.",,Japon,JPX,JPY
4040,"NANKAI CHEMICAL CO., LTD.",,Japon,JPX,JPY
403A,"HOJYOGUMI CO., LTD.",,Japon,JPX,JPY
4031,KATAKURA & CO-OP AGRI CORP,,Japon,JPX,JPY
4058,TOYOKUMO INC.,,Japon,JPX,JPY
4059,MAGMAG INC.,,Japon,JPX,JPY
405A,"KOYAMA MIRAIE CO., LTD.",,Japon,JPX,JPY
4060,RAKUMO INC.,,Japon,JPX,JPY
4092,NIPPON CHEMICAL INDUSTRIAL CO. LTD.,,Japon,JPX,JPY
4091,NIPPON SANSO HOLDINGS CORPORATION,,Japon,JPX,JPY
4088,AIR WATER INC.,,Japon,JPX,JPY
4082,DAIICHI KIGENSO KAGAKU KOGYO CO. LTD.,,Japon,JPX,JPY
407A,"UNICON HOLDINGS CO., LTD.",,Japon,JPX,JPY
4078,"SAKAI CHEMICAL INDUSTRY CO., LTD.",,Japon,JPX,JPY
4076,"CNS CO., LTD.",,Japon,JPX,JPY
4075,BRAINS TECHNOLOGY INC.,,Japon,JPX,JPY
4094,"NIHON KAGAKU SANGYO CO., LTD.",,Japon,JPX,JPY
4074,LAKEEL INC.,,Japon,JPX,JPY
4072,"DENSAN SYSTEM HOLDINGS CO., LTD.",,Japon,JPX,JPY
4071,PLUS ALPHA CONSULTING CO. LTD.,,Japon,JPX,JPY
4069,BLUEMEME INC.,,Japon,JPX,JPY
4068,BASIS CORPORATION,,Japon,JPX,JPY
4064,"NIPPON CARBIDE INDUSTRIES CO., INC.",,Japon,JPX,JPY
4063,SHIN-ETSU CHEMICAL CO. LTD.,,Japon,JPX,JPY
4062,"IBIDEN CO., LTD.",,Japon,JPX,JPY
4061,"DENKA CO., LTD.",,Japon,JPX,JPY
4073,GLOBAL COMMUNICATION PLANNING CO. LTD.,,Japon,JPX,JPY
9633,"TOKYO THEATRES CO., INC.",,Japon,JPX,JPY
3916,DIGITAL INFORMATION TECHNOLOGIES CORPORATION,,Japon,JPX,JPY
3914,JIG-SAW INC.,,Japon,JPX,JPY
3694,OPTIM CORP,,Japon,JPX,JPY
3692,FFRI SECURITY INC.,,Japon,JPX,JPY
3691,DIGITAL PLUS INC.,,Japon,JPX,JPY
3690,YRGLM INC.,,Japon,JPX,JPY
368A,KITAZATO CORPORATION,,Japon,JPX,JPY
3020,APPLIED COMPANY LTD.,,Japon,JPX,JPY
3021,"PACIFIC NET CO., LTD.",,Japon,JPX,JPY
3687,FIXSTARS CORPORATION,,Japon,JPX,JPY
3023,RASA CORPORATION,,Japon,JPX,JPY
3686,DLE INC.,,Japon,JPX,JPY
3024,CREATE CORP,,Japon,JPX,JPY
3683,"CYBERLINKS CO., LTD.",,Japon,JPX,JPY
3682,"ENCOURAGE TECHNOLOGIES CO., LTD.",,Japon,JPX,JPY
3681,V-CUBE INC.,,Japon,JPX,JPY
3028,ALPEN CO. LTD.,,Japon,JPX,JPY
302A,B-STYLE HOLDINGS INC.,,Japon,JPX,JPY
3680,HOTTO LINK INC.,,Japon,JPX,JPY
3695,GMO RESEARCH & AI INC.,,Japon,JPX,JPY
3696,CERES INC.,,Japon,JPX,JPY
3697,SHIFT INC.,,Japon,JPX,JPY
3698,"CRI MIDDLEWARE CO., LTD.",,Japon,JPX,JPY
3750,"CYTORI CELL RESEARCH INSTITUTE CO., LTD.",,Japon,JPX,JPY
374A,"HIGUCHI CONSULTING CO.,LTD.",,Japon,JPX,JPY
3747,"INTERTRADE CO., LTD.",,Japon,JPX,JPY
3744,SIOS CORPORATION,,Japon,JPX,JPY
3741,SYSTEMS ENGINEERING CONSULTANTS CO. LTD.,,Japon,JPX,JPY
373A,"LIPPS CO., LTD.",,Japon,JPX,JPY
3733,SOFTWARE SERVICE INC.,,Japon,JPX,JPY
372A,RENT CORPORATION,,Japon,JPX,JPY
367A,"PRIMO GLOBAL HOLDINGS CO., LTD.",,Japon,JPX,JPY
3727,APLIX CORPORATION,,Japon,JPX,JPY
3723,NIHON FALCOM CORPORATION,,Japon,JPX,JPY
371A,DESIGNET INC.,,Japon,JPX,JPY
3719,"GEXEED CO., LTD.",,Japon,JPX,JPY
3712,INFORMATION PLANNING CO. LTD.,,Japon,JPX,JPY
3710,"JORUDAN CO., LTD.",,Japon,JPX,JPY
370A,"REBIBLE CO., LTD.",,Japon,JPX,JPY
3708,"TOKUSHU TOKAI PAPER CO., LTD.",,Japon,JPX,JPY
369A,"A-TIE CO., LTD.",,Japon,JPX,JPY
3726,"4CS HOLDINGS CO., LTD.",,Japon,JPX,JPY
3753,FLIGHT SOLUTIONS INC.,,Japon,JPX,JPY
3679,"ZIGEXN CO., LTD.",,Japon,JPX,JPY
3678,"MEDIA DO CO., LTD.",,Japon,JPX,JPY
3045,KAWASAKI & CO. LTD.,,Japon,JPX,JPY
3046,JINS HOLDINGS INC.,,Japon,JPX,JPY
3662,ATEAM INC.,,Japon,JPX,JPY
3661,M-UP HOLDINGS INC.,,Japon,JPX,JPY
3047@F,TRUCK-ONE CO,,Japon,JPX,JPY
3048,BIC CAMERA INC.,,Japon,JPX,JPY
304A,FORCIA INC.,,Japon,JPX,JPY
3660,ISTYLE INC.,,Japon,JPX,JPY
3050,"DCM HOLDINGS CO., LTD.",,Japon,JPX,JPY
365A,"IZAWA TOWEL CO., LTD.",,Japon,JPX,JPY
3053,"PEPPER FOOD SERVICE CO., LTD.",,Japon,JPX,JPY
3054,HYPER INC.,,Japon,JPX,JPY
3659,"NEXON CO., LTD.",,Japon,JPX,JPY
3055@S,HOKUYAKU TAKEYAMA HOLDINGS INC,,Japon,JPX,JPY
3657,POLE TO WIN HOLDINGS INC.,,Japon,JPX,JPY
3656,KLAB INC.,,Japon,JPX,JPY
3058,SANYODO HOLDINGS INC.,,Japon,JPX,JPY
3663,CELSYS INC.,,Japon,JPX,JPY
3664,MOBCAST HOLDINGS INC.,,Japon,JPX,JPY
3042,SECUAVAIL INC.,,Japon,JPX,JPY
3665,ENIGMO INC.,,Japon,JPX,JPY
3031,RACCOON HOLDINGS INC.,,Japon,JPX,JPY
3034,"QOL HOLDINGS CO., LTD.",,Japon,JPX,JPY
3035,KTK INC.,,Japon,JPX,JPY
3676,"DIGITAL HEARTS HOLDINGS CO., LTD.",,Japon,JPX,JPY
3675,CROSS MARKETING GROUP INC.,,Japon,JPX,JPY
3674,"AUCFAN CO., LTD.",,Japon,JPX,JPY
3036,ALCONIX CORPORATION,,Japon,JPX,JPY
3673,"BROADLEAF CO., LTD.",,Japon,JPX,JPY
3030,HUB CO. LTD.,,Japon,JPX,JPY
3038,"KOBE BUSSAN CO., LTD.",,Japon,JPX,JPY
3671,SOFTMAX CO. LTD.,,Japon,JPX,JPY
3670,"KYORITSU COMPUTER & COMMUNICATION CO., LTD.",,Japon,JPX,JPY
366A,WELLNESS COMMUNICATIONS CORPORATION,,Japon,JPX,JPY
303A,VISUMO INC.,,Japon,JPX,JPY
3040,SOLITON SYSTEMS K.K.,,Japon,JPX,JPY
3668,"COLOPL, INC.",,Japon,JPX,JPY
3667,ENISH INC.,,Japon,JPX,JPY
3041,"BEAUTY KADAN HOLDINGS CO., LTD.",,Japon,JPX,JPY
3672,ALTPLUS INC.,,Japon,JPX,JPY
3915,"TERRASKY CO., LTD.",,Japon,JPX,JPY
3758,AERIA INC.,,Japon,JPX,JPY
3760,"CAVE INTERACTIVE CO., LTD.",,Japon,JPX,JPY
386A,"MINOYA CO., LTD.",,Japon,JPX,JPY
3865,HOKUETSU CORPORATION,,Japon,JPX,JPY
3864,MITSUBISHI PAPER MILLS LTD.,,Japon,JPX,JPY
3863,"NIPPON PAPER INDUSTRIES CO., LTD.",,Japon,JPX,JPY
3861,OJI HOLDINGS CORPORATION,,Japon,JPX,JPY
385A,"YAMAMOTO TRADING CO.,LTD.",,Japon,JPX,JPY
3858,UBIQUITOUS AI CORP.,,Japon,JPX,JPY
3856,ABALANCE CORPORATION,,Japon,JPX,JPY
3854,ILLUMINA INC.,,Japon,JPX,JPY
3853,ASTERIA CORP,,Japon,JPX,JPY
3851,NIPPON ICHI SOFTWARE INC.,,Japon,JPX,JPY
3850,NTT DATA INTRAMART CORPORATION,,Japon,JPX,JPY
3849@S,NIPPON TECHNO LAB INC.,,Japon,JPX,JPY
3848,"DATA APPLICATIONS CO., LTD.",,Japon,JPX,JPY
3845,I-FREEK MOBILE INC.,,Japon,JPX,JPY
3844,COMTURE CORPORATION,,Japon,JPX,JPY
3843,"FREEBIT CO., LTD.",,Japon,JPX,JPY
3877,"CHUETSU PULP & PAPER CO., LTD.",,Japon,JPX,JPY
3878,TOMOE RIVER CORPORATION,,Japon,JPX,JPY
387A,"FULLER, INC.",,Japon,JPX,JPY
3880,DAIO PAPER CORPORATION,,Japon,JPX,JPY
3913,GREENBEE INC.,,Japon,JPX,JPY
3912,MOBILE FACTORY INC.,,Japon,JPX,JPY
3911,AIMING INC.,,Japon,JPX,JPY
3910,MKSYSTEM CORPORATION,,Japon,JPX,JPY
3909,SHOWCASE INC.,,Japon,JPX,JPY
3908,COLLABOS CORP.,,Japon,JPX,JPY
3907,SILICON STUDIO CORPORATION,,Japon,JPX,JPY
3905,DATASECTION INC.,,Japon,JPX,JPY
3842,NEXTGEN INC.,,Japon,JPX,JPY
3904,KAYAC INC.,,Japon,JPX,JPY
3901,"MARKLINES CO., LTD.",,Japon,JPX,JPY
3900,CROWDWORKS INC.,,Japon,JPX,JPY
389A,"HAKKO AUTOMATION CO., LTD.",,Japon,JPX,JPY
3896,"AWA PAPER & TECHNOLOGICAL CO., LTD.",,Japon,JPX,JPY
3895,HAVIX CORP.,,Japon,JPX,JPY
3892,"OKAYAMA PAPER INDUSTRIES CO., LTD.",,Japon,JPX,JPY
3891,NIPPON KODOSHI CORPORATION,,Japon,JPX,JPY
3011,BANNERS CO. LTD.,,Japon,JPX,JPY
3903,GUMI INC.,,Japon,JPX,JPY
375A,"YAK HOLDINGS CO., LTD.",,Japon,JPX,JPY
3841,JEDAT INC.,,Japon,JPX,JPY
3839,"ODK SOLUTIONS CO., LTD.",,Japon,JPX,JPY
378A,"HIT CO., LTD.",,Japon,JPX,JPY
3788,GMO GLOBALSIGN HOLDINGS K.K.,,Japon,JPX,JPY
3787,"TECHNO MATHEMATICAL CO., LTD.",,Japon,JPX,JPY
3779,J ESCOM HOLDINGS INC.,,Japon,JPX,JPY
3778,SAKURA INTERNET INC.,,Japon,JPX,JPY
3777,ENVIRONMENT FRIENDLY HOLDING COMPANY,,Japon,JPX,JPY
3776,BROADBAND TOWER INC.,,Japon,JPX,JPY
3774,INTERNET INITIATIVE JAPAN INC.,,Japon,JPX,JPY
3773,ADVANCED MEDIA INC.,,Japon,JPX,JPY
3772,WEALTH MANAGEMENT INC.,,Japon,JPX,JPY
3771,"SYSTEM RESEARCH CO., LTD.",,Japon,JPX,JPY
3769,GMO PAYMENT GATEWAY INC.,,Japon,JPX,JPY
3768,RISKMONSTER.COM INC.,,Japon,JPX,JPY
3766,"SYSTEMS DESIGN CO., LTD.",,Japon,JPX,JPY
3765,"GUNGHO ONLINE ENTERTAINMENT, INC.",,Japon,JPX,JPY
3763,PRO-SHIP INC.,,Japon,JPX,JPY
3762,TECHMATRIX CORPORATION,,Japon,JPX,JPY
3791,IGPORT INC.,,Japon,JPX,JPY
3793,"DRECOM CO., LTD.",,Japon,JPX,JPY
3796,"E-SEIKATSU CO., LTD.",,Japon,JPX,JPY
3798,ULS GROUP INC.,,Japon,JPX,JPY
3837,AD-SOL NISSIN CORPORATION,,Japon,JPX,JPY
3836,AVANT GROUP CORPORATION,,Japon,JPX,JPY
3835,"EBASE CO., LTD.",,Japon,JPX,JPY
3834,ASAHI NET INC.,,Japon,JPX,JPY
3826,SYSTEM INTEGRATOR CORP.,,Japon,JPX,JPY
3825,"REMIXPOINT, INC.",,Japon,JPX,JPY
3824@F,MEDIA FIVE CO.,,Japon,JPX,JPY
3823,THE WHY HOW DO COMPANY INC.,,Japon,JPX,JPY
3840,PATH CORPORATION,,Japon,JPX,JPY
3817,SRA HOLDINGS INC.,,Japon,JPX,JPY
3815,MEDIA KOBO INC.,,Japon,JPX,JPY
3810,CYBERSTEP INC.,,Japon,JPX,JPY
3807,FISCO LTD.,,Japon,JPX,JPY
3804,SYSTEM D INC.,,Japon,JPX,JPY
3803,IMAGE INFORMATION SYSTEMS LTD.,,Japon,JPX,JPY
3802,"ECOMIC CO., LTD.",,Japon,JPX,JPY
3800,UNIRITA INC.,,Japon,JPX,JPY
3799,KEYWARE SOLUTIONS INC.,,Japon,JPX,JPY
3816,"DAIWA COMPUTER CO., LTD.",,Japon,JPX,JPY
9632,"SUBARU ENTERPRISE CO., LTD.",,Japon,JPX,JPY
2986,LA HOLDINGS CO. LTD.,,Japon,JPX,JPY
5337,DANTO HOLDINGS CORPORATION,,Japon,JPX,JPY
5531,"NAKAYAMA FUDOUSAN CO., LTD.",,Japon,JPX,JPY
2437,"SHINWA WISE HOLDINGS CO., LTD.",,Japon,JPX,JPY
5532,REALGATE INC.,,Japon,JPX,JPY
2438,"ASUKANET CO., LTD.",,Japon,JPX,JPY
9173,TOKAI KISEN CO. LTD.,,Japon,JPX,JPY
5533,"ELITZ HOLDINGS CO., LTD.",,Japon,JPX,JPY
243A,TOP'S INC.,,Japon,JPX,JPY
5534,ANGEL GROUP INC.,,Japon,JPX,JPY
5535,MIGALO HOLDINGS INC.,,Japon,JPX,JPY
9171,"KURIBAYASHI STEAMSHIP CO., LTD.",,Japon,JPX,JPY
5537,"ALBALINK CO., LTD.",,Japon,JPX,JPY
9169,DAISHINSHA INC.,,Japon,JPX,JPY
2730,EDION CORPORATION,,Japon,JPX,JPY
5541,"PACIFIC METALS CO., LTD.",,Japon,JPX,JPY
5542,SHINHOKOKU MATERIAL CORPORATION,,Japon,JPX,JPY
2440,GURUNAVI INC.,,Japon,JPX,JPY
9168,RISE CONSULTING GROUP INC.,,Japon,JPX,JPY
5563,"NIPPON DENKO CO., LTD.",,Japon,JPX,JPY
555A,"HOKUOH GROUP, INC.",,Japon,JPX,JPY
8984,DAIWA HOUSE REIT INVESTMENT CORPORATION,,Japon,JPX,JPY
2454,ALL ABOUT INC.,,Japon,JPX,JPY
8979,STARTS PROCEED INVESTMENT CORPORATION,,Japon,JPX,JPY
8977,HANKYU HANSHIN REIT INC.,,Japon,JPX,JPY
9193,TOKYO KISEN CO. LTD.,,Japon,JPX,JPY
554A,"BATONZ CO., LTD.",,Japon,JPX,JPY
2449,PRAP JAPAN INC.,,Japon,JPX,JPY
9163,NARERU GROUP INC.,,Japon,JPX,JPY
9165,QUALTEC CO. LTD.,,Japon,JPX,JPY
2445,"TAKAMIYA CO., LTD.",,Japon,JPX,JPY
8976,DAIWA OFFICE INVESTMENT CORPORATION,,Japon,JPX,JPY
9166,GENDA INC.,,Japon,JPX,JPY
244A,GROWTH X PARTNERS INC.,,Japon,JPX,JPY
2733,ARATA CORPORATION,,Japon,JPX,JPY
2734,SALA CORPORATION,,Japon,JPX,JPY
5528,"FRONTIER HOUSE CO., LTD.",,Japon,JPX,JPY
549A,"HITO-TO-HITO HOLDINGS CO.,LTD.",,Japon,JPX,JPY
8972,KDX REALTY INVESTMENT CORPORATION,,Japon,JPX,JPY
9219,GIXO LTD.,,Japon,JPX,JPY
8968,FUKUOKA REIT CORPORATION,,Japon,JPX,JPY
9220,"FB CARE SERVICE CO., LTD.",,Japon,JPX,JPY
5491,"NIPPON KINZOKU CO., LTD.",,Japon,JPX,JPY
9218,MENTAL HEALTH TECHNOLOGIES INC.,,Japon,JPX,JPY
9221,FULUHASHI EPO CORPORATION,,Japon,JPX,JPY
9222,"MANABY CO., LTD.",,Japon,JPX,JPY
9223,"ASNOVA CO., LTD.",,Japon,JPX,JPY
9225,BRIDGE CONSULTING GROUP INC.,,Japon,JPX,JPY
9227,"MICROWAVE CHEMICAL CO., LTD.",,Japon,JPX,JPY
2435,CEDAR COMPANY LTD.,,Japon,JPX,JPY
5484,"TOHOKU STEEL CO., LTD.",,Japon,JPX,JPY
548A,SYSTEMEXE INC.,,Japon,JPX,JPY
272A@F,GREEN CROSS HOLDINGS CO LTD,,Japon,JPX,JPY
550A,"SOFTTEX CO., LTD.",,Japon,JPX,JPY
9216,BEWITH INC.,,Japon,JPX,JPY
5527,PROPERTY TECHNOLOGIES INC.,,Japon,JPX,JPY
2735,WATTS CO. LTD.,,Japon,JPX,JPY
9201,"JAPAN AIRLINES CO., LTD.",,Japon,JPX,JPY
9202,ANA HOLDINGS INC.,,Japon,JPX,JPY
9204,SKYMARK AIRLINES INC.,,Japon,JPX,JPY
9206,STAR FLYER INC.,,Japon,JPX,JPY
8975,ICHIGO OFFICE REIT INVESTMENT CORPORATION,,Japon,JPX,JPY
551A,IZUMI GROUP INC.,,Japon,JPX,JPY
9211,F-CODE INC.,,Japon,JPX,JPY
2736,"FESTARIA HOLDINGS CO., LTD.",,Japon,JPX,JPY
9212,"GREEN EARTH INSTITUTE CO., LTD.",,Japon,JPX,JPY
9213,SEYFERT LTD.,,Japon,JPX,JPY
9214,"RECOVERY INTERNATIONAL CO., LTD.",,Japon,JPX,JPY
9215,"CASY CO., LTD.",,Japon,JPX,JPY
2436,"KYODO PUBLIC RELATIONS CO., LTD.",,Japon,JPX,JPY
9229,"SUNWELS CO., LTD.",,Japon,JPX,JPY
556A,"INUNEKO SEIKATSU CO., LTD.",,Japon,JPX,JPY
5571,"EXCITE HOLDINGS CO., LTD.",,Japon,JPX,JPY
9149,"OTOMO LOGISTICS SERVICE CO., LTD.",,Japon,JPX,JPY
560A,OKADA CORPORATION INC.,,Japon,JPX,JPY
5612,"NIPPON CHUTETSUKAN CO., LTD.",,Japon,JPX,JPY
5616,AME KAZE TAIYO INC.,,Japon,JPX,JPY
5618,NYLE INC.,,Japon,JPX,JPY
5619,MRSO INC.,,Japon,JPX,JPY
561A,"MARKSLIFE CO., LTD.",,Japon,JPX,JPY
5621,HUMAN TECHNOLOGIES INC.,,Japon,JPX,JPY
5622,ONEBE INC.,,Japon,JPX,JPY
8986,DAIWA SECURITIES LIVING INVESTMENT CORPORATION,,Japon,JPX,JPY
2461,FAN COMMUNICATIONS INC.,,Japon,JPX,JPY
562A,"HOUYOU, INC.",,Japon,JPX,JPY
5631,JAPAN STEEL WORKS LTD.,,Japon,JPX,JPY
5632,"MITSUBISHI STEEL MANUFACTURING CO., LTD.",,Japon,JPX,JPY
5644,METALART CORP.,,Japon,JPX,JPY
5658,NICHIA STEEL WORKS LTD.,,Japon,JPX,JPY
5659,NIPPON SEISEN CO. LTD.,,Japon,JPX,JPY
2721,J-HOLDINGS CORP.,,Japon,JPX,JPY
8987,JAPAN EXCELLENT INC.,,Japon,JPX,JPY
2722,"IK HOLDINGS CO., LTD.",,Japon,JPX,JPY
5699,"IBOKIN CO., LTD.",,Japon,JPX,JPY
5698,ENVIPRO HOLDINGS INC.,,Japon,JPX,JPY
5697,"SANYU CO., LTD.",,Japon,JPX,JPY
5609,NIPPON CHUZO K.K.,,Japon,JPX,JPY
5695,POWDERTECH CO. LTD.,,Japon,JPX,JPY
2464,AOBA-BBT INC.,,Japon,JPX,JPY
9145,"BEING HOLDINGS CO., LTD.",,Japon,JPX,JPY
5660,"KOBELCO WIRE CO., LTD.",,Japon,JPX,JPY
2462,LIKE INC.,,Japon,JPX,JPY
9147,NIPPON EXPRESS HOLDINGS INC.,,Japon,JPX,JPY
565A,FFF HOLDINGS CO.LTD.,,Japon,JPX,JPY
567A,"D-PLUS CO., LTD.",,Japon,JPX,JPY
9156,"HANA HOLDINGS CO., LTD.",,Japon,JPX,JPY
9158,CUC INC.,,Japon,JPX,JPY
9159,W TOKYO INC.,,Japon,JPX,JPY
5584,"STRAWBERRY JAMS CO., LTD.",,Japon,JPX,JPY
5582,GRID INC.,,Japon,JPX,JPY
5581,CHI-TECHNOLOGY CO. LTD.,,Japon,JPX,JPY
5580,PRODELIGHT CO. LTD.,,Japon,JPX,JPY
2459,AUN CONSULTING INC.,,Japon,JPX,JPY
557A,"FERIEST CO., LTD.",,Japon,JPX,JPY
5586,LABORO AI INC.,,Japon,JPX,JPY
5579@S,GSI CO LTD,,Japon,JPX,JPY
8985,JAPAN HOTEL REIT INVESTMENT CORPORATION,,Japon,JPX,JPY
5576,OBSYSTEM INC.,,Japon,JPX,JPY
5575,GLOBEE INC.,,Japon,JPX,JPY
5574,ABEJA INC.,,Japon,JPX,JPY
5573,"DORAKU HOLDINGS CO., LTD.",,Japon,JPX,JPY
5572,RIDGE-I INC.,,Japon,JPX,JPY
5578,AR ADVANCED TECHNOLOGY INC.,,Japon,JPX,JPY
5570,JENOBA CO. LTD.,,Japon,JPX,JPY
5587,INBOUND PLATFORM CORP.,,Japon,JPX,JPY
5589,AUTOSEVER CO. LTD.,,Japon,JPX,JPY
9160,NOVARESE INC.,,Japon,JPX,JPY
5603,KOGI CORPORATION,,Japon,JPX,JPY
5602,KURIMOTO LTD.,,Japon,JPX,JPY
9162,BLEACH INC.,,Japon,JPX,JPY
2726,"PAL GROUP HOLDINGS CO., LTD.",,Japon,JPX,JPY
559A,"UMENOYADO BREWERY CO., LTD.",,Japon,JPX,JPY
5588,"FAST ACCOUNTING CO., LTD.",,Japon,JPX,JPY
5599,S&J CORP,,Japon,JPX,JPY
5597,"BLUE INNOVATION CO., LTD.",,Japon,JPX,JPY
5592,KUSURINOMADOGUCHI INC.,,Japon,JPX,JPY
5591,AVILEN INC.,,Japon,JPX,JPY
5590,"NETSTARS CO., LTD.",,Japon,JPX,JPY
245A,INGS INC.,,Japon,JPX,JPY
558A,SQUEEZE INC.,,Japon,JPX,JPY
5598,YOTTAVIAS CO. LTD.,,Japon,JPX,JPY
9143,"SG HOLDINGS CO., LTD.",,Japon,JPX,JPY
5482,AICHI STEEL CORPORATION,,Japon,JPX,JPY
5480,"NIPPON YAKIN KOGYO CO., LTD.",,Japon,JPX,JPY
5351,"SHINAGAWA REFRACTORIES CO., LTD.",,Japon,JPX,JPY
9301,MITSUBISHI LOGISTICS CORP.,,Japon,JPX,JPY
5355,"NIPPON CRUCIBLE CO., LTD.",,Japon,JPX,JPY
241A,ROXX INC.,,Japon,JPX,JPY
2747,"HOKUYU LUCKY CO., LTD.",,Japon,JPX,JPY
9279,GIFT HOLDINGS INC.,,Japon,JPX,JPY
9278,BOOKOFF GROUP HOLDINGS LTD.,,Japon,JPX,JPY
5356,"MINO CERAMIC CO., LTD.",,Japon,JPX,JPY
9274,"KPP GROUP HOLDINGS CO., LTD.",,Japon,JPX,JPY
5357,"YOTAI REFRACTORIES CO., LTD.",,Japon,JPX,JPY
5363,TYK CORPORATION,,Japon,JPX,JPY
9273,"KOA SHOJI HOLDINGS CO., LTD.",,Japon,JPX,JPY
5367,NIKKATO CORPORATION,,Japon,JPX,JPY
5368,"JAPAN INSULATION CO., LTD.",,Japon,JPX,JPY
8940,"INTELLEX CO., LTD.",,Japon,JPX,JPY
9272,BOUTIQUES INC.,,Japon,JPX,JPY
5380,SHINTO CO. LTD.,,Japon,JPX,JPY
9267,"GENKY DRUGSTORES CO., LTD.",,Japon,JPX,JPY
5391,A&A MATERIAL CORPORATION,,Japon,JPX,JPY
8951,NIPPON BUILDING FUND INC.,,Japon,JPX,JPY
9268,"OPTIMUS GROUP CO., LTD.",,Japon,JPX,JPY
5388,KUNIMINE INDUSTRIES CO. LTD.,,Japon,JPX,JPY
9270,VALUENCE HOLDINGS INC.,,Japon,JPX,JPY
9302,"MITSUI-SOKO HOLDINGS CO., LTD.",,Japon,JPX,JPY
2425,CARE SERVICE CO. LTD.,,Japon,JPX,JPY
8945,SUNNEXTA GROUP INC.,,Japon,JPX,JPY
5384,FUJIMI INC.,,Japon,JPX,JPY
2424,BRASS CORP.,,Japon,JPX,JPY
8944,"LAND BUSINESS CO., LTD.",,Japon,JPX,JPY
5381,MIPOX CORPORATION,,Japon,JPX,JPY
9271,"WAGOKORO CO., LTD.",,Japon,JPX,JPY
8946,ASIAN STAR CO.,,Japon,JPX,JPY
2749,JP-HOLDINGS INC.,,Japon,JPX,JPY
274A,GARDEN CO. LTD.,,Japon,JPX,JPY
9303,"SUMITOMO WAREHOUSE CO., LTD.",,Japon,JPX,JPY
5334,"NITERRA CO., LTD.",,Japon,JPX,JPY
2413,M3 INC.,,Japon,JPX,JPY
2411,GENDAI AGENCY INC.,,Japon,JPX,JPY
5333,"NGK INSULATORS, LTD.",,Japon,JPX,JPY
2410,CAREER DESIGN CENTER CO. LTD.,,Japon,JPX,JPY
5332,TOTO LTD.,,Japon,JPX,JPY
2753,"AMIYAKI TEI CO., LTD.",,Japon,JPX,JPY
5331,"NORITAKE CO., LTD.",,Japon,JPX,JPY
8929,"AOYAMA ZAISAN NETWORKS CO., LTD.",,Japon,JPX,JPY
8928,ANABUKI KOSAN INC.,,Japon,JPX,JPY
9311,ASAGAMI CORPORATION,,Japon,JPX,JPY
9312,"KEIHIN CO., LTD.",,Japon,JPX,JPY
2408,"KG INTELLIGENCE CO., LTD.",,Japon,JPX,JPY
8927,"MEIHO ENTERPRISE CO., LTD.",,Japon,JPX,JPY
9310,JAPAN TRANSCITY CORPORATION,,Japon,JPX,JPY
5393,NICHIAS CORPORATION,,Japon,JPX,JPY
2752,FUJIO FOOD GROUP INC.,,Japon,JPX,JPY
2607,FUJI OIL HOLDINGS INC.,,Japon,JPX,JPY
8938,GLOME HOLDINGS INC.,,Japon,JPX,JPY
2418,TSUKADA GLOBAL HOLDINGS INC.,,Japon,JPX,JPY
9304,SHIBUSAWA LOGISTICS CORP.,,Japon,JPX,JPY
9305,YAMATANE CORPORATION,,Japon,JPX,JPY
9306,TOYO LOGISTICS CO. LTD.,,Japon,JPX,JPY
5344,"MARUWA CO., LTD.",,Japon,JPX,JPY
8931,WADAKOHSAN CORPORATION,,Japon,JPX,JPY
5341,"ASAHI EITO HOLDINGS CO., LTD.",,Japon,JPX,JPY
3326,"RUNSYSTEM CO., LTD.",,Japon,JPX,JPY
2750,S. ISHIMITSU & CO. LTD.,,Japon,JPX,JPY
9308,"INUI GLOBAL LOGISTICS CO., LTD.",,Japon,JPX,JPY
2751,"TENPOS HOLDINGS CO., LTD.",,Japon,JPX,JPY
8935,"FJ NEXT HOLDINGS CO., LTD.",,Japon,JPX,JPY
8934,"SUN FRONTIER FUDOUSAN CO., LTD.",,Japon,JPX,JPY
9307,SUGIMURA WAREHOUSE CO. LTD.,,Japon,JPX,JPY
9233,"ASIA AIR SURVEY CO., LTD.",,Japon,JPX,JPY
9266,"IKKA DINING PROJECT.,LTD.",,Japon,JPX,JPY
5401,NIPPON STEEL CORPORATION,,Japon,JPX,JPY
544A,"GMS GROUP CO., LTD.",,Japon,JPX,JPY
8960,UNITED URBAN INVESTMENT CORPORATION,,Japon,JPX,JPY
8961,MORI TRUST REIT INC.,,Japon,JPX,JPY
9249,"JAPAN ECOSYSTEM CO., LTD.",,Japon,JPX,JPY
5451,YODOGAWA STEEL WORKS LTD.,,Japon,JPX,JPY
9248,PEOPLE DREAMS & TECHNOLOGIES INC.,,Japon,JPX,JPY
9247,TRE HOLDINGS CORPORATION,,Japon,JPX,JPY
9246,PROJECTHOLDINGS INC.,,Japon,JPX,JPY
8963,INVINCIBLE INVESTMENT CORPORATION,,Japon,JPX,JPY
5458,TAKASAGO TEKKO K.K.,,Japon,JPX,JPY
545A,"TORANVIA CO., LTD.",,Japon,JPX,JPY
9245,LIVERO INC.,,Japon,JPX,JPY
2433,HAKUHODO DY HOLDINGS INC.,,Japon,JPX,JPY
9244,DIGITALIFT INC.,,Japon,JPX,JPY
5461,"CHUBU STEEL PLATE CO., LTD.",,Japon,JPX,JPY
5463,MARUICHI STEEL TUBE LTD.,,Japon,JPX,JPY
9243,FT HOLDINGS CO. INC.,,Japon,JPX,JPY
8967,JAPAN LOGISTICS FUND INC.,,Japon,JPX,JPY
8966,HEIWA REAL ESTATE REIT INC.,,Japon,JPX,JPY
547A,MUNINOVA HOLDINGS INC,,Japon,JPX,JPY
9235,URERU NET ADVERTISING GROUP INC.,,Japon,JPX,JPY
9236,JAPAN M&A SOLUTION INC.,,Japon,JPX,JPY
9237,"EMIMEN CO., LTD.",,Japon,JPX,JPY
5449,"OSAKA STEEL CO., LTD.",,Japon,JPX,JPY
9238,VALUE CREATION CO. LTD.,,Japon,JPX,JPY
546A,"MIRAINI HOLDINGS CO., LTD.",,Japon,JPX,JPY
8964,FRONTIER REAL ESTATE INVESTMENT CORPORATION,,Japon,JPX,JPY
9240,DELIVERY CONSULTING INC.,,Japon,JPX,JPY
9241,"FUTURE LINK NETWORK CO., LTD.",,Japon,JPX,JPY
9242,MEDIA RESEARCH INSTITUTE INC.,,Japon,JPX,JPY
5464,MORY INDUSTRIES INC.,,Japon,JPX,JPY
5471,"DAIDO STEEL CO., LTD.",,Japon,JPX,JPY
5446,"HOKUETSU METAL CO., LTD.",,Japon,JPX,JPY
5445,"TOKYO TEKKO CO., LTD.",,Japon,JPX,JPY
8958,GLOBAL ONE REAL ESTATE INVESTMENT CORP.,,Japon,JPX,JPY
5423,TOKYO STEEL MANUFACTURING CO. LTD.,,Japon,JPX,JPY
8954,ORIX JREIT INC.,,Japon,JPX,JPY
5411,JFE HOLDINGS INC.,,Japon,JPX,JPY
5410,GODÃΜ STEEL LTD.,,Japon,JPX,JPY
2429,"WORLD HOLDINGS CO., LTD.",,Japon,JPX,JPY
9262,"SILVER LIFE CO., LTD.",,Japon,JPX,JPY
9259,TAKAYOSHI HOLDINGS INC.,,Japon,JPX,JPY
9264,"PUEQU CO., LTD.",,Japon,JPX,JPY
5406,KOBE STEEL LTD.,,Japon,JPX,JPY
8953,JAPAN METROPOLITAN FUND INVESTMENT CORPORATION,,Japon,JPX,JPY
8952,JAPAN REAL ESTATE INVESTMENT CORPORATION,,Japon,JPX,JPY
9265,YAMASHITA HEALTHCARE HOLDINGS LTD.,,Japon,JPX,JPY
5401@F,NIPPON STEEL CORPORATION,,Japon,JPX,JPY
2428,WELLNET CORPORATION,,Japon,JPX,JPY
5408,NAKAYAMA STEEL WORKS LTD.,,Japon,JPX,JPY
2742,HALOWS CO. LTD.,,Japon,JPX,JPY
9258,"CS-C CO., LTD.",,Japon,JPX,JPY
542A,VITABRID JAPAN INC.,,Japon,JPX,JPY
5444,"YAMATO KOGYO CO., LTD.",,Japon,JPX,JPY
9250,GRCS INC.,,Japon,JPX,JPY
2432,"DENA CO., LTD.",,Japon,JPX,JPY
5440,KYOEI STEEL LTD.,,Japon,JPX,JPY
543A,ARCHION CORPORATION,,Japon,JPX,JPY
8957,TOKYU REIT INC.,,Japon,JPX,JPY
8955,JAPAN PRIME REALTY INVESTMENT CORPORATION,,Japon,JPX,JPY
9251,"AB & COMPANY CO., LTD.",,Japon,JPX,JPY
9253,SLOGAN INC.,,Japon,JPX,JPY
8956,NTT URBAN DEVELOPMENT REIT INVESTMENT CORPORATION,,Japon,JPX,JPY
9254,LOVABLE MARKETING GROUP INC.,,Japon,JPX,JPY
9256,"SUCCEED CO., LTD.",,Japon,JPX,JPY
242A@F,REPRIORITY CORPORATION,,Japon,JPX,JPY
2737,TOMEN DEVICES CORP.,,Japon,JPX,JPY
9252,"LAST ONE MILE CO., LTD.",,Japon,JPX,JPY
5702,"DAIKI ALUMINIUM INDUSTRY CO., LTD.",,Japon,JPX,JPY
271A,ACCELIA INC.,,Japon,JPX,JPY
2469,HIBINO CORPORATION,,Japon,JPX,JPY
2531,TAKARA HOLDINGS INC.,,Japon,JPX,JPY
5987,ONEX CORPORATION,,Japon,JPX,JPY
5988,PIOLAX INC.,,Japon,JPX,JPY
5989,"H-ONE CO., LTD.",,Japon,JPX,JPY
598A,"CHATPLUS CO.,LTD.",,Japon,JPX,JPY
5990,SUPER TOOL CO. LTD.,,Japon,JPX,JPY
5991,"NHK SPRING CO., LTD.",,Japon,JPX,JPY
5992,"CHUO SPRING CO., LTD.",,Japon,JPX,JPY
5994,"FINE SINTER CO., LTD.",,Japon,JPX,JPY
5997,KYORITSU AIR TECH INC.,,Japon,JPX,JPY
5998,ADVANEX INC.,,Japon,JPX,JPY
599A,"GENKINAKAIGO CO., LTD.",,Japon,JPX,JPY
2685,"ADASTRIA CO., LTD.",,Japon,JPX,JPY
9075,"FUKUYAMA TRANSPORTING CO., LTD.",,Japon,JPX,JPY
2533,OENON HOLDINGS INC.,,Japon,JPX,JPY
2683,"UOKI CO., LTD.",,Japon,JPX,JPY
2681,GEO HOLDINGS CORP.,,Japon,JPX,JPY
9063,OKAYAMA-KEN FREIGHT TRANSPORT COMPANY LTD.,,Japon,JPX,JPY
9003,SOTETSU HOLDINGS INC.,,Japon,JPX,JPY
9064,"YAMATO HOLDINGS CO., LTD.",,Japon,JPX,JPY
9065,SANKYU INC.,,Japon,JPX,JPY
9001,"TOBU RAILWAY CO., LTD.",,Japon,JPX,JPY
9068,"MARUZEN SHOWA UNYU CO., LTD.",,Japon,JPX,JPY
252A,WEDGE CO. LTD.,,Japon,JPX,JPY
2676,"TAKACHIHO KOHEKI CO., LTD.",,Japon,JPX,JPY
9069,"SENKO GROUP HOLDINGS CO., LTD.",,Japon,JPX,JPY
9072,"NIKKON HOLDINGS CO., LTD.",,Japon,JPX,JPY
2678,ASKUL CORPORATION,,Japon,JPX,JPY
9073,"KYOGOKU UNYU SHOJI CO., LTD.",,Japon,JPX,JPY
267A,TOWARISE CORP.,,Japon,JPX,JPY
9074,"JAPAN OIL TRANSPORTATION CO., LTD.",,Japon,JPX,JPY
253A,"ETS GROUP CO., LTD.",,Japon,JPX,JPY
251A,"NEUROMAGIC CO., LTD.",,Japon,JPX,JPY
5986,"MOLITEC STEEL CO., LTD.",,Japon,JPX,JPY
5985,SUNCALL CORPORATION,,Japon,JPX,JPY
5969,"LOBTEX CO., LTD.",,Japon,JPX,JPY
2497,UNITED INC.,,Japon,JPX,JPY
5967,"TONE CO., LTD.",,Japon,JPX,JPY
5966,"KYOTO TOOL CO., LTD.",,Japon,JPX,JPY
5965,FUJIMAK CORPORATION,,Japon,JPX,JPY
2493,E-SUPPORTLINK LTD.,,Japon,JPX,JPY
2498,"ORIENTAL CONSULTANTS HOLDINGS CO., LTD.",,Japon,JPX,JPY
5962,"ASAKA INDUSTRIAL CO., LTD.",,Japon,JPX,JPY
595A,"FUJIKOSAN CO., LTD.",,Japon,JPX,JPY
5959,"OKABE CO., LTD.",,Japon,JPX,JPY
5958,SANYO INDUSTRIES LTD.,,Japon,JPX,JPY
5957,"NITTO SEIKO CO., LTD.",,Japon,JPX,JPY
5956,"TOSO COMPANY, LIMITED",,Japon,JPX,JPY
5955,"WISE HOLDINGS CO., LTD.",,Japon,JPX,JPY
2687,CVS BAY AREA INC.,,Japon,JPX,JPY
2674,"HARD OFF CORPORATION CO., LTD.",,Japon,JPX,JPY
2499,NIHONWASOU HOLDINGS INC.,,Japon,JPX,JPY
5970,G-TEKT CORPORATION,,Japon,JPX,JPY
5984,KANEFUSA CORPORATION,,Japon,JPX,JPY
250A,SHIMADAYA CORPORATION,,Japon,JPX,JPY
2503,"KIRIN HOLDINGS CO., LTD.",,Japon,JPX,JPY
5983,IWABUCHI CORPORATION,,Japon,JPX,JPY
5982,"MARUZEN CO., LTD.",,Japon,JPX,JPY
5981,"TOKYO ROPE MFG. CO., LTD.",,Japon,JPX,JPY
249A,"HUMAN ADJUST CO., LTD.",,Japon,JPX,JPY
597A,&US INC.,,Japon,JPX,JPY
5975,TOPRE CORPORATION,,Japon,JPX,JPY
2502,"ASAHI GROUP HOLDINGS, LTD.",,Japon,JPX,JPY
2501,SAPPORO HOLDINGS LTD.,,Japon,JPX,JPY
5974,"CHUGOKU KOGYO CO., LTD.",,Japon,JPX,JPY
5973,TOAMI CORP.,,Japon,JPX,JPY
5971,KYOWAKOGYOSYO CO. LTD.,,Japon,JPX,JPY
5976,"NETUREN CO., LTD.",,Japon,JPX,JPY
5953@F,SHOWA MANUFACTURING CO,,Japon,JPX,JPY
9062,"NIPPON EXPRESS CO., LTD.",,Japon,JPX,JPY
9059,"KANDA HOLDINGS CO., LTD.",,Japon,JPX,JPY
265A,HMCOMM INC.,,Japon,JPX,JPY
2659,"SAN-A CO., LTD.",,Japon,JPX,JPY
2656,VECTOR HOLDING INC,,Japon,JPX,JPY
2654,ASMO CORP.,,Japon,JPX,JPY
9029,"HIGASHI TWENTY ONE CO., LTD.",,Japon,JPX,JPY
2653,"AEON KYUSHU CO., LTD.",,Japon,JPX,JPY
2652,MANDARAKE INC.,,Japon,JPX,JPY
264A,SCHOO INC.,,Japon,JPX,JPY
9028,ZERO CO LTD.,,Japon,JPX,JPY
9027@S,LOGINET JAPAN CO LTD,,Japon,JPX,JPY
9025,"KONOIKE TRANSPORT CO., LTD.",,Japon,JPX,JPY
2586,FRUTA FRUTA INC.,,Japon,JPX,JPY
9024,SEIBU HOLDINGS INC.,,Japon,JPX,JPY
2587,SUNTORY BEVERAGE & FOOD LTD.,,Japon,JPX,JPY
9023,"TOKYO METRO CO., LTD.",,Japon,JPX,JPY
9022,CENTRAL JAPAN RAILWAY COMPANY,,Japon,JPX,JPY
9021,WEST JAPAN RAILWAY COMPANY,,Japon,JPX,JPY
2597,UNICAFE INC.,,Japon,JPX,JPY
2612,KADOYA SESAME MILLS INC.,,Japon,JPX,JPY
2613,J-OIL MILLS INC.,,Japon,JPX,JPY
2594,KEY COFFEE INC.,,Japon,JPX,JPY
261A,"NIHON SUIDO CONSULTANTS CO., LTD.",,Japon,JPX,JPY
2593,"ITO EN, LTD.",,Japon,JPX,JPY
9031,"NISHI-NIPPON RAILROAD CO., LTD.",,Japon,JPX,JPY
262A,INTERMESTIC INC.,,Japon,JPX,JPY
9012,"CHICHIBU RAILWAY CO., LTD.",,Japon,JPX,JPY
9017,"NIIGATA KOTSU CO., LTD.",,Japon,JPX,JPY
9020,EAST JAPAN RAILWAY COMPANY,,Japon,JPX,JPY
2590,DYDO GROUP HOLDINGS INC.,,Japon,JPX,JPY
2588,PREMIUM WATER HOLDINGS INC.,,Japon,JPX,JPY
263A,DIGITALCUBE CO. LTD.,,Japon,JPX,JPY
9010,"FUJI KYUKO CO., LTD.",,Japon,JPX,JPY
9033,"HIROSHIMA ELECTRIC RAILWAY CO., LTD.",,Japon,JPX,JPY
2585,LIFEDRINK CO INC.,,Japon,JPX,JPY
2664,CAWACHI LTD.,,Japon,JPX,JPY
9008,KEIO CORPORATION,,Japon,JPX,JPY
9007,"ODAKYU ELECTRIC RAILWAY CO., LTD.",,Japon,JPX,JPY
9045,"KEIHAN HOLDINGS CO., LTD.",,Japon,JPX,JPY
2670,ABC-MART INC.,,Japon,JPX,JPY
2673,"YUMEMITSUKETAI CO., LTD.",,Japon,JPX,JPY
9046,"KOBE ELECTRIC RAILWAY CO., LTD.",,Japon,JPX,JPY
266A,"GLOCAL MARKETING CO., LTD.",,Japon,JPX,JPY
9006,KEIKYU CORPORATION,,Japon,JPX,JPY
9005,TOKYU CORPORATION,,Japon,JPX,JPY
9049,"KEIFUKU ELECTRIC RAILROAD CO., LTD.",,Japon,JPX,JPY
9051,"SENKON LOGISTICS CO., LTD.",,Japon,JPX,JPY
9052,"SANYO ELECTRIC RAILWAY CO., LTD.",,Japon,JPX,JPY
254A,AI FUSION CAPITAL GROUP CORP.,,Japon,JPX,JPY
9057,"ENSHU TRUCK CO., LTD.",,Japon,JPX,JPY
9048,"NAGOYA RAILROAD CO., LTD.",,Japon,JPX,JPY
9060,JAPAN LOGISTIC SYSTEMS CORP.,,Japon,JPX,JPY
9044,"NANKAI ELECTRIC RAILWAY CO., LTD.",,Japon,JPX,JPY
255A,GLTECHNO HOLDINGS INC.,,Japon,JPX,JPY
9034,"NANSO TRANSPORT CO., LTD.",,Japon,JPX,JPY
2666,"AUTOWAVE CO., LTD.",,Japon,JPX,JPY
9035@F,DAIICHI KOUTSU SANGYO CO LTD,,Japon,JPX,JPY
9036,"TOHBU NETWORK CO., LTD.",,Japon,JPX,JPY
9037,"HAMAKYOREX CO., LTD.",,Japon,JPX,JPY
9039,"SAKAI MOVING SERVICE CO., LTD.",,Japon,JPX,JPY
9009,"KEISEI ELECTRIC RAILWAY CO., LTD.",,Japon,JPX,JPY
9041,"KINTETSU GROUP HOLDINGS CO., LTD.",,Japon,JPX,JPY
2667,"IMAGEONE CO., LTD.",,Japon,JPX,JPY
2579,COCA-COLA BOTTLERS JAPAN HOLDINGS INC.,,Japon,JPX,JPY
2573,HOKKAIDO COCA-COLA BOTTLING CO. LTD.,,Japon,JPX,JPY
2668,TABIO CORPORATION,,Japon,JPX,JPY
256A,TOBISHIMA HOLDINGS INC.,,Japon,JPX,JPY
2669,"KANEMI CO., LTD.",,Japon,JPX,JPY
9042,HANKYU HANSHIN HOLDINGS INC.,,Japon,JPX,JPY
5952,AMATEI INC.,,Japon,JPX,JPY
5951,"DAINICHI CO., LTD.",,Japon,JPX,JPY
5950,"JAPAN POWER FASTENING CO., LTD.",,Japon,JPX,JPY
5819,"CANARE ELECTRIC CO., LTD.",,Japon,JPX,JPY
581A,GO INC.,,Japon,JPX,JPY
2481,"TOWNNEWS-SHA CO., LTD.",,Japon,JPX,JPY
8995,MAKOTO CONSTRUCTION CO. LTD.,,Japon,JPX,JPY
2483,HONYAKU CENTER INC.,,Japon,JPX,JPY
5820,"MITSUBOSHI CO., LTD.",,Japon,JPX,JPY
5821,HIRAKAWA HEWTECH CORP.,,Japon,JPX,JPY
2484,"DEMAE-CAN CO., LTD.",,Japon,JPX,JPY
2485,TEAR CORPORATION,,Japon,JPX,JPY
8996,HOUSEFREEDOM CO. LTD.,,Japon,JPX,JPY
2705,"OOTOYA HOLDINGS CO., LTD.",,Japon,JPX,JPY
2488,JTP CO. LTD.,,Japon,JPX,JPY
2702,"MCDONALD'S HOLDINGS CO., LTD.",,Japon,JPX,JPY
5830,IYOGIN HOLDINGS INC.,,Japon,JPX,JPY
5831,"SHIZUOKA FINANCIAL GROUP, INC.",,Japon,JPX,JPY
5832,CHUGIN FINANCIAL GROUP INC.,,Japon,JPX,JPY
5834,SBI LEASING SERVICES CO. LTD.,,Japon,JPX,JPY
5856,LIFE INTELLIGENT ENTERPRISE INC.,,Japon,JPX,JPY
5852,AHRESTY CORPORATION,,Japon,JPX,JPY
5851,RYOBI LIMITED,,Japon,JPX,JPY
269A,SAPEET INC.,,Japon,JPX,JPY
584A,LINKX INC.,,Japon,JPX,JPY
5845,ZENHOREN CO. LTD.,,Japon,JPX,JPY
5817,"JMACS JAPAN CO., LTD.",,Japon,JPX,JPY
5844,KYOTO FINANCIAL GROUP INC.,,Japon,JPX,JPY
5843,NIPPON INSURE CO. LTD.,,Japon,JPX,JPY
5842,INTEGRAL CORP.,,Japon,JPX,JPY
5840,"NIPPON SOUKEN CO., LTD.",,Japon,JPX,JPY
9115,MEIJI SHIPPING GROUP CO. LTD.,,Japon,JPX,JPY
583A,"REALESTATE DISTRIBUTION SYSTEM CO., LTD.",,Japon,JPX,JPY
5838,"RAKUTEN BANK, LTD.",,Japon,JPX,JPY
2700,"KITOKU SHINRYO CO., LTD.",,Japon,JPX,JPY
2480,"SYSTEM LOCATION CO., LTD.",,Japon,JPX,JPY
5816,"ONAMBA CO., LTD.",,Japon,JPX,JPY
247A,AI ROBOTICS INC.,,Japon,JPX,JPY
5715,"FURUKAWA CO., LTD.",,Japon,JPX,JPY
5714,"DOWA HOLDINGS CO., LTD.",,Japon,JPX,JPY
5713,"SUMITOMO METAL MINING CO., LTD.",,Japon,JPX,JPY
5711,MITSUBISHI MATERIALS CORPORATION,,Japon,JPX,JPY
5707,"TOHO ZINC CO., LTD.",,Japon,JPX,JPY
9127,TAMAI STEAMSHIP CO LTD.,,Japon,JPX,JPY
5721,"S SCIENCE CO., LTD.",,Japon,JPX,JPY
5706,"MITSUI MINING & SMELTING CO., LTD.",,Japon,JPX,JPY
9130,"KYOEI TANKER CO., LTD.",,Japon,JPX,JPY
2471,S-POOL INC.,,Japon,JPX,JPY
5704,JMC CORPORATION,,Japon,JPX,JPY
9142,KYUSHU RAILWAY COMPANY,,Japon,JPX,JPY
246A,ASUA INC.,,Japon,JPX,JPY
5703,"NIPPON LIGHT METAL HOLDINGS CO., LTD.",,Japon,JPX,JPY
2475,"WDB HOLDINGS CO., LTD.",,Japon,JPX,JPY
5857,ARE HOLDINGS INC.,,Japon,JPX,JPY
5724,"ASAKA RIKEN CO., LTD.",,Japon,JPX,JPY
5729,"NIHON SEIKO CO., LTD.",,Japon,JPX,JPY
5805,SWCC CORPORATION,,Japon,JPX,JPY
2479,JTEC CORPORATION,,Japon,JPX,JPY
5803,FUJIKURA LTD.,,Japon,JPX,JPY
5802,SUMITOMO ELECTRIC INDUSTRIES LTD.,,Japon,JPX,JPY
2477,TEMAIRAZU INC.,,Japon,JPX,JPY
5801,"FURUKAWA ELECTRIC CO., LTD.",,Japon,JPX,JPY
5726,"OSAKA TITANIUM TECHNOLOGIES CO., LTD.",,Japon,JPX,JPY
2708,"KUZE CO., LTD.",,Japon,JPX,JPY
575A,"MAEZAWA HOLDINGS CO., LTD.",,Japon,JPX,JPY
5757,"CK-SAN-ETSU CO., LTD.",,Japon,JPX,JPY
5753,"NIPPON SHINDO CO., LTD.",,Japon,JPX,JPY
574A,"LASSIC CO., LTD.",,Japon,JPX,JPY
5742,NIC AUTOTEC INC.,,Japon,JPX,JPY
5741,UACJ CORPORATION,,Japon,JPX,JPY
9119,IINO KAIUN KAISHA LTD.,,Japon,JPX,JPY
5858,SUNAC SERVICES HOLDINGS LTD.,,Japon,JPX,JPY
2698,"CAN DO CO., LTD.",,Japon,JPX,JPY
9110,NS UNITED KAIUN KAISHA LTD.,,Japon,JPX,JPY
5929,SANWA HOLDINGS CORPORATION,,Japon,JPX,JPY
5928,"ALMETAX MANUFACTURING CO., LTD.",,Japon,JPX,JPY
5923,"TAKADAKIKO CO., LTD.",,Japon,JPX,JPY
5922,"NASU DENKI TEKKO CO., LTD.",,Japon,JPX,JPY
5921,KAWAGISHI BRIDGE WORKS CO. LTD.,,Japon,JPX,JPY
591A,"SAIJO CO., LTD.",,Japon,JPX,JPY
5930,"BUNKA SHUTTER CO., LTD.",,Japon,JPX,JPY
5918,"TAKIGAMI STEEL CONSTRUCTION CO., LTD.",,Japon,JPX,JPY
5915,KOMAI HALTEC INC.,,Japon,JPX,JPY
5911,YOKOGAWA BRIDGE HOLDINGS CORPORATION,,Japon,JPX,JPY
590A,"GIFTEE GROUP, INC.",,Japon,JPX,JPY
5909,CORONA CORP.,,Japon,JPX,JPY
8999,GRANDY HOUSE CORPORATION,,Japon,JPX,JPY
268A,RIGAKU HOLDINGS CORPORATION,,Japon,JPX,JPY
9076,"SEINO HOLDINGS CO., LTD.",,Japon,JPX,JPY
9081,"KANAGAWA CHUO KOTSU CO., LTD.",,Japon,JPX,JPY
5932,SANKYO TATEYAMA INC.,,Japon,JPX,JPY
5933,ALINCO INC.,,Japon,JPX,JPY
594A,"PRO HOLDINGS CO., LTD.",,Japon,JPX,JPY
5949,UNIPRES CORPORATION,,Japon,JPX,JPY
5947,RINNAI CORPORATION,,Japon,JPX,JPY
5946,"CHOFU SEISAKUSHO CO., LTD.",,Japon,JPX,JPY
5945,"TENRYU SAW MANUFACTURING CO., LTD.",,Japon,JPX,JPY
5943,NORITZ CORPORATION,,Japon,JPX,JPY
2492,INFOMART CORPORATION,,Japon,JPX,JPY
5942,"NIPPON FILCON CO., LTD.",,Japon,JPX,JPY
5940,"FUJISASH CO., LTD.",,Japon,JPX,JPY
2689,OLBA HEALTHCARE HOLDINGS INC.,,Japon,JPX,JPY
593A,"TIER IV, INC.",,Japon,JPX,JPY
5939,"OTANI KOGYO CO., LTD.",,Japon,JPX,JPY
5938,LIXIL CORPORATION,,Japon,JPX,JPY
5936,"TOYO SHUTTER CO., LTD.",,Japon,JPX,JPY
5941,NAKANISHI MANUFACTURING CO. LTD.,,Japon,JPX,JPY
2760,TOKYO ELECTRON DEVICE LIMITED,,Japon,JPX,JPY
9082,"DAIWA MOTOR TRANSPORTATION CO., LTD.",,Japon,JPX,JPY
9083,"SHINKI BUS CO., LTD.",,Japon,JPX,JPY
5884,"KURADASHI CO., LTD.",,Japon,JPX,JPY
9090,AZ-COM MARUWA HOLDINGS INC.,,Japon,JPX,JPY
2695,KURA SUSHI INC.,,Japon,JPX,JPY
9101,NIPPON YUSEN KABUSHIKI KAISHA,,Japon,JPX,JPY
9104,"MITSUI O.S.K. LINES, LTD.",,Japon,JPX,JPY
5871,SOLIZE CORPORATION,,Japon,JPX,JPY
5885,GDEP ADVANCE INC.,,Japon,JPX,JPY
248A,KIDS STAR INC.,,Japon,JPX,JPY
5869,"WASEDA GAKUSHUKENKYUKAI CO., LTD.",,Japon,JPX,JPY
5868,ROCOCO CO. LTD.,,Japon,JPX,JPY
5867,"ES NETWORKS CO., LTD.",,Japon,JPX,JPY
2489,ADWAYS INC.,,Japon,JPX,JPY
5866,WIZBIZ INC.,,Japon,JPX,JPY
9107,"KAWASAKI KISEN KAISHA, LTD.",,Japon,JPX,JPY
5870,NALNET COMMUNICATIONS INC.,,Japon,JPX,JPY
5906,"MK SEIKO CO., LTD.",,Japon,JPX,JPY
5886,"OOKABE GLASS CO., LTD.",,Japon,JPX,JPY
5889,"JAPAN EYEWEAR HOLDINGS CO., LTD.",,Japon,JPX,JPY
5905,"NIHON SEIKAN CO., LTD.",,Japon,JPX,JPY
2491,"VALUECOMMERCE CO., LTD.",,Japon,JPX,JPY
2693,YKT CORPORATION,,Japon,JPX,JPY
5903,"SHINPO CO., LTD.",,Japon,JPX,JPY
9085@S,HOKKAIDO CHUO BUS CO,,Japon,JPX,JPY
5902,HOKKAN HOLDINGS LTD.,,Japon,JPX,JPY
5888,"DAIWA CYCLE CO., LTD.",,Japon,JPX,JPY
9087,TAKASE CORPORATION,,Japon,JPX,JPY
5900,"DAIKEN CO., LTD.",,Japon,JPX,JPY
2694,YAKINIKU SAKAI HOLDINGS INC.,,Japon,JPX,JPY
589A,"NEIS CO., LTD.",,Japon,JPX,JPY
5893,RAVIPA LTD.,,Japon,JPX,JPY
5892,YUTORI INC.,,Japon,JPX,JPY
5891,"KAIRIKIYA CO., LTD.",,Japon,JPX,JPY
5901,TOYO SEIKAN GROUP HOLDINGS LTD.,,Japon,JPX,JPY
2762,"SANKO MARKETING FOODS CO., LTD.",,Japon,JPX,JPY
2602,NISSHIN OILLIO GROUP LTD.,,Japon,JPX,JPY
2763,"FTGROUP CO., LTD.",,Japon,JPX,JPY
8769,"ADVANTAGE RISK MANAGEMENT CO., LTD.",,Japon,JPX,JPY
9517,"EREX CO., LTD.",,Japon,JPX,JPY
5131,LINKERS CORPORATION,,Japon,JPX,JPY
5132,PLUSZERO INC.,,Japon,JPX,JPY
2884,YOSHIMURA FOOD HOLDINGS K.K.,,Japon,JPX,JPY
2288,"MARUDAI FOOD CO., LTD.",,Japon,JPX,JPY
5133,TERILOGY HOLDINGS,,Japon,JPX,JPY
5134,POPER CO. LTD.,,Japon,JPX,JPY
9514,EF-ON INC.,,Japon,JPX,JPY
9513,"ELECTRIC POWER DEVELOPMENT CO., LTD.",,Japon,JPX,JPY
5136,TRIPLA CO. LTD.,,Japon,JPX,JPY
5137,SMARTDRIVE INC.,,Japon,JPX,JPY
9511,"OKINAWA ELECTRIC POWER CO., INC.",,Japon,JPX,JPY
288A,LAXUS TECHNOLOGIES INC.,,Japon,JPX,JPY
5138,REBASE INC.,,Japon,JPX,JPY
8771,EGUARANTEE INC.,,Japon,JPX,JPY
5139,OPENWORK INC.,,Japon,JPX,JPY
9508,"KYUSHU ELECTRIC POWER COMPANY, INCORPORATED",,Japon,JPX,JPY
228A,OPRO CO. LTD.,,Japon,JPX,JPY
9507,"SHIKOKU ELECTRIC POWER CO., INC.",,Japon,JPX,JPY
5142,ACHILLES CORPORATION,,Japon,JPX,JPY
9506,"TOHOKU ELECTRIC POWER CO., INC.",,Japon,JPX,JPY
9505,HOKURIKU ELECTRIC POWER COMPANY,,Japon,JPX,JPY
9504,"CHUGOKU ELECTRIC POWER COMPANY, INCORPORATED",,Japon,JPX,JPY
2883,DAIREI CO. LTD.,,Japon,JPX,JPY
514A,MAGONOTE INC.,,Japon,JPX,JPY
2882,"EAT&HOLDINGS CO., LTD.",,Japon,JPX,JPY
287A,"KURODA GROUP CO., LTD.",,Japon,JPX,JPY
9509,"HOKKAIDO ELECTRIC POWER CO., INC.",,Japon,JPX,JPY
5129,FIXER INC.,,Japon,JPX,JPY
5126,PORTERS CORP,,Japon,JPX,JPY
2892,"NIHON SHOKUHIN KAKO CO., LTD.",,Japon,JPX,JPY
2916,"SEMBA TOHKA INDUSTRIES CO., LTD.",,Japon,JPX,JPY
2915,"KENKO MAYONNAISE CO., LTD.",,Japon,JPX,JPY
2914,JAPAN TOBACCO INC.,,Japon,JPX,JPY
2911,ASAHIMATSU FOODS CO. LTD.,,Japon,JPX,JPY
2910,"ROCK FIELD CO., LTD.",,Japon,JPX,JPY
290A,SYNSPECTIVE INC.,,Japon,JPX,JPY
8742,"KOBAYASHI YOKO CO., LTD.",,Japon,JPX,JPY
2908,"FUJICCO CO., LTD.",,Japon,JPX,JPY
5101,"YOKOHAMA RUBBER CO., LTD.",,Japon,JPX,JPY
2907,"AHJIKAN CO., LTD.",,Japon,JPX,JPY
5103,"SHOWA HOLDINGS CO., LTD.",,Japon,JPX,JPY
8746,UNBANKED INC.,,Japon,JPX,JPY
9519,RENOVA INC.,,Japon,JPX,JPY
5105,TOYO TIRE CORPORATION,,Japon,JPX,JPY
5108,BRIDGESTONE CORPORATION,,Japon,JPX,JPY
510A,"HEART UP CO.,LTD.",,Japon,JPX,JPY
5110,"SUMITOMO RUBBER INDUSTRIES, LTD.",,Japon,JPX,JPY
2904,"ICHIMASA KAMABOKO CO., LTD.",,Japon,JPX,JPY
8747,"YUTAKA TRUSTY SECURITIES CO., LTD.",,Japon,JPX,JPY
2903,"SHINOBU FOODS PRODUCTS CO., LTD.",,Japon,JPX,JPY
511A,VANGUARD SMITH CORPORATION,,Japon,JPX,JPY
8750,DAI-ICHI LIFE HOLDINGS INC.,,Japon,JPX,JPY
2901,WEIL-DISH INC.,,Japon,JPX,JPY
5121,FUJIKURA COMPOSITES INC.,,Japon,JPX,JPY
8766,"TOKIO MARINE HOLDINGS, INC.",,Japon,JPX,JPY
5122,OKAMOTO INDUSTRIES INC.,,Japon,JPX,JPY
2897,"NISSIN FOODS HOLDINGS CO., LTD.",,Japon,JPX,JPY
2894,"ISHII FOOD CO., LTD.",,Japon,JPX,JPY
5125,FINES INC.,,Japon,JPX,JPY
9503,"KANSAI ELECTRIC POWER CO., INC.",,Japon,JPX,JPY
8772,ASAX CO. LTD.,,Japon,JPX,JPY
8783,"GFA CO., LTD.",,Japon,JPX,JPY
5161,"NISHIKAWA RUBBER CO., LTD.",,Japon,JPX,JPY
2296,ITOHAM YONEKYU HOLDINGS INC.,,Japon,JPX,JPY
8801,"MITSUI FUDOSAN CO., LTD.",,Japon,JPX,JPY
8802,"MITSUBISHI ESTATE CO., LTD.",,Japon,JPX,JPY
5199,"FUJI LATEX CO., LTD.",,Japon,JPX,JPY
519A,BASIC INC.,,Japon,JPX,JPY
285A,KIOXIA HOLDINGS CORPORATION,,Japon,JPX,JPY
5201,AGC INC.,,Japon,JPX,JPY
9467,"ALPHAPOLIS CO., LTD.",,Japon,JPX,JPY
9466,AIDMA MARKETING COMMUNICATION INC.,,Japon,JPX,JPY
5202,"NIPPON SHEET GLASS CO., LTD.",,Japon,JPX,JPY
8803,"HEIWA REAL ESTATE CO., LTD.",,Japon,JPX,JPY
8804,"TOKYO TATEMONO CO., LTD.",,Japon,JPX,JPY
5204,"ISHIZUKA GLASS CO., LTD.",,Japon,JPX,JPY
9450,FIBERGATE INC.,,Japon,JPX,JPY
9449,"GMO INTERNET GROUP, INC.",,Japon,JPX,JPY
9446,"SAKAI HOLDINGS CO., LTD.",,Japon,JPX,JPY
5208,"ARISAWA MFG CO., LTD.",,Japon,JPX,JPY
9445,FORVAL TELECOM INC.,,Japon,JPX,JPY
9444,"TOSHIN HOLDINGS CO., LTD.",,Japon,JPX,JPY
520A,"J-PHARMA CO., LTD.",,Japon,JPX,JPY
9441,"BELL-PARK CO., LTD.",,Japon,JPX,JPY
5210,"NIHON YAMAMURA GLASS CO., LTD.",,Japon,JPX,JPY
284A,"FUKUYA CONSTRUCTION CO., LTD.",,Japon,JPX,JPY
9439,M H GROUP LTD.,,Japon,JPX,JPY
9438,MTI LTD.,,Japon,JPX,JPY
229A,ASUMI HOLDINGS INC.,,Japon,JPX,JPY
8818,"KEIHANSHIN BUILDING CO., LTD.",,Japon,JPX,JPY
9436,OKINAWA CELLULAR TELEPHONE COMPANY,,Japon,JPX,JPY
2300,"KYOKUTO CO., LTD.",,Japon,JPX,JPY
2294,"KAKIYASU HONTEN CO., LTD.",,Japon,JPX,JPY
2917,"OHMORIYA CO., LTD.",,Japon,JPX,JPY
9468,KADOKAWA CORPORATION,,Japon,JPX,JPY
5195,"BANDO CHEMICAL INDUSTRIES, LTD.",,Japon,JPX,JPY
5162,ASAHI RUBBER INC.,,Japon,JPX,JPY
2291,FUKUTOME MEAT PACKERS LTD.,,Japon,JPX,JPY
2877,NITTOBEST CORP.,,Japon,JPX,JPY
2876,DELSOLE CORP.,,Japon,JPX,JPY
2875,TOYO SUISAN KAISHA LTD.,,Japon,JPX,JPY
9502,"CHUBU ELECTRIC POWER COMPANY, INC.",,Japon,JPX,JPY
2874,"YOKOREI CO., LTD.",,Japon,JPX,JPY
2872,"SEIHYO CO., LTD.",,Japon,JPX,JPY
9501,"TOKYO ELECTRIC POWER COMPANY HOLDINGS, INC.",,Japon,JPX,JPY
2871,NICHIREI CORPORATION,,Japon,JPX,JPY
8789,FINTECH GLOBAL INC.,,Japon,JPX,JPY
2292,S FOODS INC.,,Japon,JPX,JPY
8793,NEC CAPITAL SOLUTIONS LTD.,,Japon,JPX,JPY
9478,"SE HOLDINGS AND INCUBATIONS CO., LTD.",,Japon,JPX,JPY
5184,"NICHIRIN CO., LTD.",,Japon,JPX,JPY
5185,FUKOKU CO. LTD.,,Japon,JPX,JPY
286A,EUCALIA INC.,,Japon,JPX,JPY
5186,NITTA CORPORATION,,Japon,JPX,JPY
5187,"CREATE MEDIC CO., LTD.",,Japon,JPX,JPY
8795,T&D HOLDINGS INC.,,Japon,JPX,JPY
9476,CHUOKEIZAI-SHA HOLDINGS INC.,,Japon,JPX,JPY
2293,"TAKIZAWA HAM CO., LTD.",,Japon,JPX,JPY
5189,"SAKURA RUBBER CO., LTD.",,Japon,JPX,JPY
9475,SHOBUNSHA HOLDINGS INC.,,Japon,JPX,JPY
8923,TOSEI CORPORATION,,Japon,JPX,JPY
9470,"GAKKEN HOLDINGS CO., LTD.",,Japon,JPX,JPY
5192,MITSUBOSHI BELTING LTD.,,Japon,JPX,JPY
8798,"ADVANCE CREATE CO., LTD.",,Japon,JPX,JPY
5194,"SAGAMI RUBBER INDUSTRIES CO., LTD.",,Japon,JPX,JPY
8798@S,ADVANCE CREATE CO LTD,,Japon,JPX,JPY
5214,"NIPPON ELECTRIC GLASS CO., LTD.",,Japon,JPX,JPY
2918,"WARABEYA NICHIYO HOLDINGS CO., LTD.",,Japon,JPX,JPY
2919@F,MARUTAI CO LTD,,Japon,JPX,JPY
9616,"KYORITSU MAINTENANCE CO., LTD.",,Japon,JPX,JPY
2193,COOKPAD INC.,,Japon,JPX,JPY
2195,"AMITA HOLDINGS CO., LTD.",,Japon,JPX,JPY
9612,"LUCKLAND CO., LTD.",,Japon,JPX,JPY
2198,I K K HOLDINGS INC.,,Japon,JPX,JPY
219A,HEARTSEED INC.,,Japon,JPX,JPY
2201,"MORINAGA & CO., LTD.",,Japon,JPX,JPY
2204,"NAKAMURAYA CO., LTD.",,Japon,JPX,JPY
2206,"EZAKI GLICO CO., LTD.",,Japon,JPX,JPY
9610,WILSON LEARNING WORLDWIDE INC.,,Japon,JPX,JPY
2207,"MEITO SANGYO CO., LTD.",,Japon,JPX,JPY
2208,BOURBON CORPORATION,,Japon,JPX,JPY
9605,"TOEI CO., LTD.",,Japon,JPX,JPY
9619,"ICHINEN HOLDINGS CO., LTD.",,Japon,JPX,JPY
2209,"IMURAYA GROUP CO., LTD.",,Japon,JPX,JPY
9603,"H.I.S. CO., LTD.",,Japon,JPX,JPY
9602,TOHO CO. LTD.,,Japon,JPX,JPY
2211,"FUJIYA CO., LTD.",,Japon,JPX,JPY
9601,"SHOCHIKU CO., LTD.",,Japon,JPX,JPY
2936,BASE FOOD INC.,,Japon,JPX,JPY
2935,"PICKLES HOLDINGS CO., LTD.",,Japon,JPX,JPY
2212,"YAMAZAKI BAKING CO., LTD.",,Japon,JPX,JPY
2215,"FIRST BAKING CO., LTD.",,Japon,JPX,JPY
2216,KANRO INC.,,Japon,JPX,JPY
9565,GLOE INC.,,Japon,JPX,JPY
9564,FCE INC.,,Japon,JPX,JPY
9563,ATLAS TECHNOLOGIES CORP.,,Japon,JPX,JPY
9562,BUSINESS COACH INC.,,Japon,JPX,JPY
220A,FABER CO INC.,,Japon,JPX,JPY
218A,"LIBERAWARE CO., LTD.",,Japon,JPX,JPY
507A,"DIGITAL KNOWLEDGE CO., LTD.",,Japon,JPX,JPY
9621,"CTI ENGINEERING CO., LTD.",,Japon,JPX,JPY
9629,PCA CORP.,,Japon,JPX,JPY
504A,INNOVACELL INC.,,Japon,JPX,JPY
9628,SAN HOLDINGS INC.,,Japon,JPX,JPY
8616,TOKAI TOKYO FINANCIAL HOLDINGS INC.,,Japon,JPX,JPY
217A,SUPPORT CO LTD,,Japon,JPX,JPY
2180,SUNNY SIDE UP GROUP INC.,,Japon,JPX,JPY
505A,"GEEKLY, INC.",,Japon,JPX,JPY
8617,"KOSEI SECURITIES CO., LTD.",,Japon,JPX,JPY
9627,AIN HOLDINGS INC.,,Japon,JPX,JPY
2181,"PERSOL HOLDINGS CO., LTD.",,Japon,JPX,JPY
9625,"CERESPO CO., LTD.",,Japon,JPX,JPY
293A,BABY JOB CO. LTD.,,Japon,JPX,JPY
8622,"MITO SECURITIES CO., LTD.",,Japon,JPX,JPY
506A,"SINKANURSE, INC.",,Japon,JPX,JPY
2938,"OKAMURA FOODS CO., LTD.",,Japon,JPX,JPY
5071,VIS CO. LTD.,,Japon,JPX,JPY
8624,"ICHIYOSHI SECURITIES CO., LTD.",,Japon,JPX,JPY
9624,"CHODAI CO., LTD.",,Japon,JPX,JPY
5074,TESS HOLDINGS CO LTD,,Japon,JPX,JPY
2183,"LINICAL CO., LTD.",,Japon,JPX,JPY
9622,SPACE CO. LTD.,,Japon,JPX,JPY
5076,INFRONEER HOLDINGS INC.,,Japon,JPX,JPY
2937,"ST COUSAIR CO., LTD.",,Japon,JPX,JPY
5078,CEL CORPORATION,,Japon,JPX,JPY
8628,"MATSUI SECURITIES CO., LTD.",,Japon,JPX,JPY
2185,CMC CORPORATION,,Japon,JPX,JPY
5079,"NOVAC CO., LTD.",,Japon,JPX,JPY
8630,SOMPO HOLDINGS INC.,,Japon,JPX,JPY
2186,SOBAL CORPORATION,,Japon,JPX,JPY
2217,MOROZOFF LTD.,,Japon,JPX,JPY
9561,GLAD CUBE INC.,,Japon,JPX,JPY
9560,PROGRIT INC.,,Japon,JPX,JPY
2218@S,NICHIRYO BAKING CO,,Japon,JPX,JPY
8704,"TRADERS HOLDINGS CO., LTD.",,Japon,JPX,JPY
2281,PRIMA MEAT PACKERS LTD.,,Japon,JPX,JPY
8705,"NISSAN SECURITIES GROUP CO., LTD.",,Japon,JPX,JPY
9535,"HIROSHIMA GAS CO., LTD.",,Japon,JPX,JPY
8706,KYOKUTO SECURITIES CO. LTD.,,Japon,JPX,JPY
9534,"HOKKAIDO GAS CO., LTD.",,Japon,JPX,JPY
9533,"TOHO GAS CO., LTD.",,Japon,JPX,JPY
2282,NH FOODS LTD.,,Japon,JPX,JPY
8707,IWAICOSMO HOLDINGS INC.,,Japon,JPX,JPY
292A,SIE CO. LTD.,,Japon,JPX,JPY
8708,"AIZAWA SECURITIES GROUP CO., LTD.",,Japon,JPX,JPY
8713,"FIDEA HOLDINGS CO., LTD.",,Japon,JPX,JPY
9532,"OSAKA GAS CO., LTD.",,Japon,JPX,JPY
8714,SENSHU IKEDA HOLDINGS INC.,,Japon,JPX,JPY
8715,ANICOM HOLDINGS INC.,,Japon,JPX,JPY
9531,"TOKYO GAS CO., LTD.",,Japon,JPX,JPY
8725,"MS&AD INSURANCE GROUP HOLDINGS, INC.",,Japon,JPX,JPY
2929,"PHARMA FOODS INTERNATIONAL CO., LTD.",,Japon,JPX,JPY
2928@S,RIZAP GROUP INC,,Japon,JPX,JPY
8729,SONY FINANCIAL GROUP INC.,,Japon,JPX,JPY
2286,"HAYASHIKANE SANGYO CO., LTD.",,Japon,JPX,JPY
2927,"AFC-HD AMS LIFE SCIENCE CO., LTD.",,Japon,JPX,JPY
2926,SHINOZAKIYA INC.,,Japon,JPX,JPY
2925,PICKLES CORPORATION,,Japon,JPX,JPY
2924,"IFUJI SANGYO CO., LTD.",,Japon,JPX,JPY
2923,"SATO FOODS CO., LTD.",,Japon,JPX,JPY
2922,"NATORI CO., LTD.",,Japon,JPX,JPY
291A,RESKILL CORP,,Japon,JPX,JPY
8737,AKATSUKI CORP,,Japon,JPX,JPY
2270,"MEGMILK SNOW BRAND CO., LTD.",,Japon,JPX,JPY
8739,"SPARX GROUP CO., LTD.",,Japon,JPX,JPY
226A,KATSU MI JAPAN INC.,,Japon,JPX,JPY
8700,MARUHACHI SECURITIES LTD.,,Japon,JPX,JPY
9558,JAPANIACE CO. LTD.,,Japon,JPX,JPY
2220,"KAMEDA SEIKA CO., LTD.",,Japon,JPX,JPY
9557,AIR CLOSET INC.,,Japon,JPX,JPY
2221,"IWATSUKA CONFECTIONERY CO., LTD.",,Japon,JPX,JPY
2222,"KOTOBUKI SPIRITS CO., LTD.",,Japon,JPX,JPY
2224,COMO CO. LTD.,,Japon,JPX,JPY
2226,KOIKE-YA INC.,,Japon,JPX,JPY
9556,INTLOOP INC.,,Japon,JPX,JPY
2229,CALBEE INC.,,Japon,JPX,JPY
9554,AVIC CO. LTD.,,Japon,JPX,JPY
2934,"J FRONTIER CO., LTD.",,Japon,JPX,JPY
2264,"MORINAGA MILK INDUSTRY CO., LTD.",,Japon,JPX,JPY
9553,MICROAD INC,,Japon,JPX,JPY
8697,JAPAN EXCHANGE GROUP INC,,Japon,JPX,JPY
2266,"ROKKO BUTTER CO., LTD.",,Japon,JPX,JPY
9552,"M&A RESEARCH INSTITUTE HOLDINGS, INC.",,Japon,JPX,JPY
9551,"METAWATER CO., LTD.",,Japon,JPX,JPY
2933,KIBUN FOODS INC.,,Japon,JPX,JPY
2932,STI FOODS HOLDINGS INC.,,Japon,JPX,JPY
2267,"YAKULT HONSHA CO., LTD.",,Japon,JPX,JPY
2931,"EUGLENA CO., LTD.",,Japon,JPX,JPY
9543,"SHIZUOKA GAS CO., LTD.",,Japon,JPX,JPY
9539,KEIYO GAS CO. LTD.,,Japon,JPX,JPY
2930,KITANOTATSUJIN CORPORATION,,Japon,JPX,JPY
8698,MONEX GROUP INC.,,Japon,JPX,JPY
8699,"HS HOLDINGS CO., LTD.",,Japon,JPX,JPY
2268,B-R 31 ICE CREAM CO. LTD.,,Japon,JPX,JPY
9537,"HOKURIKU GAS CO., LTD.",,Japon,JPX,JPY
9536,"SAIBU GAS HOLDINGS CO., LTD.",,Japon,JPX,JPY
2269,"MEIJI HOLDINGS CO., LTD.",,Japon,JPX,JPY
9435,HIKARI TSUSHIN INC.,,Japon,JPX,JPY
9474,"ZENRIN CO., LTD.",,Japon,JPX,JPY
5269,"NIPPON CONCRETE INDUSTRIES CO., LTD.",,Japon,JPX,JPY
9376,EURASIA TRAVEL CO. LTD.,,Japon,JPX,JPY
2795,NIPPON PRIMEX INC.,,Japon,JPX,JPY
2340,"GOKURAKUYU HOLDINGS CO., LTD.",,Japon,JPX,JPY
2792,"HONEYS HOLDINGS CO., LTD.",,Japon,JPX,JPY
8912,AREA QUEST INC.,,Japon,JPX,JPY
2791,"DAIKOKUTENBUSSAN CO., LTD.",,Japon,JPX,JPY
2341,ARBEIT-TIMES CO. LTD.,,Japon,JPX,JPY
2790,"NAFCO CO., LTD.",,Japon,JPX,JPY
278A,TERRA DRONE CORPORATION,,Japon,JPX,JPY
2342,TRANSGENIC GROUP INC.,,Japon,JPX,JPY
9339,"COACH A CO., LTD.",,Japon,JPX,JPY
2338,"QUANTUM SOLUTIONS CO., LTD.",,Japon,JPX,JPY
9369,KRS CORPORATION,,Japon,JPX,JPY
9368,"KIMURA UNITY CO., LTD.",,Japon,JPX,JPY
2349,"NIPPON INFORMATION DEVELOPMENT CO., LTD.",,Japon,JPX,JPY
5279,NIHON KOGYO CO. LTD.,,Japon,JPX,JPY
8887,CUMICA CORP,,Japon,JPX,JPY
527A,NOSE SHOP INC.,,Japon,JPX,JPY
5280,"YOSHICON CO., LTD.",,Japon,JPX,JPY
8891,AMG HOLDINGS CO. LTD.,,Japon,JPX,JPY
2789,"KARULA CO., LTD.",,Japon,JPX,JPY
5282,GEOSTR CORP,,Japon,JPX,JPY
5216,"KURAMOTO CO., LTD.",,Japon,JPX,JPY
5283,TAKAMISAWA COMPANY LTD.,,Japon,JPX,JPY
2345,KUSHIM INC.,,Japon,JPX,JPY
9367,DAITO KOUN CO. LTD.,,Japon,JPX,JPY
8881,"NISSHIN GROUP HOLDINGS CO., LTD.",,Japon,JPX,JPY
9380,"AZUMA SHIPPING CO., LTD.",,Japon,JPX,JPY
2388,"WEDGE HOLDINGS CO., LTD.",,Japon,JPX,JPY
8871,"GOLDCREST CO., LTD.",,Japon,JPX,JPY
5302,"NIPPON CARBON CO., LTD.",,Japon,JPX,JPY
9401,TBS HOLDINGS INC.,,Japon,JPX,JPY
5261,"RESOL HOLDINGS CO., LTD.",,Japon,JPX,JPY
2802,"AJINOMOTO CO., INC.",,Japon,JPX,JPY
5262,NIPPON HUME CORPORATION,,Japon,JPX,JPY
9325,PHYZ HOLDINGS INC.,,Japon,JPX,JPY
2378,RENAISSANCE INC.,,Japon,JPX,JPY
9399,BEAT HOLDINGS LTD.,,Japon,JPX,JPY
2801,KIKKOMAN CORPORATION,,Japon,JPX,JPY
5273,"MITANI SEKISAN CO., LTD.",,Japon,JPX,JPY
9388@F,PAPANETS CO LTD,,Japon,JPX,JPY
279A,INTERG INC.,,Japon,JPX,JPY
8876,RELO GROUP INC.,,Japon,JPX,JPY
5268,"ASAHI CONCRETE WORKS CO., LTD.",,Japon,JPX,JPY
277A,GLOBE-ING INC.,,Japon,JPX,JPY
2798,Y'S TABLE CORPORATION,,Japon,JPX,JPY
2335,CUBE SYSTEM INC.,,Japon,JPX,JPY
9381,AIT CORP.,,Japon,JPX,JPY
8877,ESLEAD CORPORATION,,Japon,JPX,JPY
2337,ICHIGO INC.,,Japon,JPX,JPY
5271,"TOYO ASANO FOUNDATION CO., LTD.",,Japon,JPX,JPY
2796,PHARMARISE HOLDINGS CORP.,,Japon,JPX,JPY
9385,SHOEI CORPORATION,,Japon,JPX,JPY
2351,ASJ INC.,,Japon,JPX,JPY
9366,SANRITSU CORPORATION,,Japon,JPX,JPY
9340,ASO INTERNATIONAL INC.,,Japon,JPX,JPY
9353,SAKURAJIMA FUTO KAISHA LTD.,,Japon,JPX,JPY
9351,"TOYO WHARF & WAREHOUSE CO., LTD.",,Japon,JPX,JPY
9348,"ISPACE, INC.",,Japon,JPX,JPY
528A,FREESTYLE INC.,,Japon,JPX,JPY
5290,VERTEX CORP.,,Japon,JPX,JPY
9347,NIPPON KANZAI HOLDINGS CO. LTD.,,Japon,JPX,JPY
2776,SHINTO HOLDINGS INC.,,Japon,JPX,JPY
9346,COCORPORT INC.,,Japon,JPX,JPY
2375,GIG WORKS INC.,,Japon,JPX,JPY
9342,SUMASAPO INC.,,Japon,JPX,JPY
2788,APPLE INTERNATIONAL CO. LTD.,,Japon,JPX,JPY
2370,"MEDINET CO., LTD.",,Japon,JPX,JPY
2784,ALFRESA HOLDINGS CORPORATION,,Japon,JPX,JPY
2371,KAKAKU.COM INC.,,Japon,JPX,JPY
9345,BIZMATES INC.,,Japon,JPX,JPY
2780,"KOMEHYO HOLDINGS CO., LTD.",,Japon,JPX,JPY
9344,AXIS CONSULTING CORP.,,Japon,JPX,JPY
9330,AGEHA INC.,,Japon,JPX,JPY
8917,"FIRST JUKEN CO., LTD.",,Japon,JPX,JPY
2373,CARE TWENTYONE CORP.,,Japon,JPX,JPY
2778,PALEMO HOLDINGS CO. LTD.,,Japon,JPX,JPY
2782,SERIA CO. LTD.,,Japon,JPX,JPY
9343,IBIS INC.,,Japon,JPX,JPY
8904,"AVANTIA CO., LTD.",,Japon,JPX,JPY
5301,"TOKAI CARBON CO., LTD.",,Japon,JPX,JPY
8898,"CENTURY 21 REAL ESTATE OF JAPAN CO., LTD.",,Japon,JPX,JPY
9341,GENOVA INC.,,Japon,JPX,JPY
2376,SCINEX CORP,,Japon,JPX,JPY
2391,PLANET INC.,,Japon,JPX,JPY
8908,"MAINICHI COMNET CO., LTD.",,Japon,JPX,JPY
5284,"YAMAU HOLDINGS CO., LTD.",,Japon,JPX,JPY
9326,"KANTSU CO., LTD.",,Japon,JPX,JPY
8892,ES-CON JAPAN LTD.,,Japon,JPX,JPY
2353,"NIPPON PARKING DEVELOPMENT CO., LTD.",,Japon,JPX,JPY
5310,"TOYO TANSO CO., LTD.",,Japon,JPX,JPY
9365,TRADIA CORPORATION,,Japon,JPX,JPY
9364,"KAMIGUMI CO., LTD.",,Japon,JPX,JPY
5285,YAMAX CORP,,Japon,JPX,JPY
9363,"DAIUN CO., LTD.",,Japon,JPX,JPY
9362,HYOKI KAIUN KAISHA LTD.,,Japon,JPX,JPY
9327,"E-LOGIT CO., LTD.",,Japon,JPX,JPY
9361,"FUSHIKI KAIRIKU UNSO CO., LTD.",,Japon,JPX,JPY
2354,YE DIGITAL CORP.,,Japon,JPX,JPY
2385,SOIKEN HOLDINGS INC.,,Japon,JPX,JPY
9360,SUZUYO SHINWART CORPORATION,,Japon,JPX,JPY
5287,"ITO YOGYO CO., LTD.",,Japon,JPX,JPY
2359,CORE CORP,,Japon,JPX,JPY
8918,"LAND CO., LTD.",,Japon,JPX,JPY
8894,"REVOLUTION CO., LTD.",,Japon,JPX,JPY
9331,CASTER CO. LTD.,,Japon,JPX,JPY
9355,RINKO CORPORATION,,Japon,JPX,JPY
8897,MIRARTH HOLDINGS INC.,,Japon,JPX,JPY
5288,ASIA PILE HOLDINGS CORPORATION,,Japon,JPX,JPY
2334,FEDERAL NATIONAL MORTGAGE ASSOCIATION (FNCL) FLOATING RATE NOTE 1995 SERIES,,Japon,JPX,JPY
525A,MANEBÃ­,,Japon,JPX,JPY
2804,"BULL-DOG SAUCE CO., LTD.",,Japon,JPX,JPY
2332,"QUEST CO., LTD.",,Japon,JPX,JPY
2304,CSS HOLDINGS LTD.,,Japon,JPX,JPY
5237,NOZAWA CORP,,Japon,JPX,JPY
9418,"U-NEXT HOLDINGS CO., LTD.",,Japon,JPX,JPY
2305,"STUDIO ALICE CO., LTD.",,Japon,JPX,JPY
2307,"CROSS CAT CO., LTD.",,Japon,JPX,JPY
9417,"SMARTVALUE CO., LTD.",,Japon,JPX,JPY
2395,SHIN NIPPON BIOMEDICAL LABORATORIES LTD.,,Japon,JPX,JPY
8841,TOC CO. LTD.,,Japon,JPX,JPY
2384,"SBS HOLDINGS, INC.",,Japon,JPX,JPY
523A,"SEIWA HOLDINGS CO., LTD.",,Japon,JPX,JPY
2311,"EPCO CO., LTD.",,Japon,JPX,JPY
2315,CAICA DIGITAL INC.,,Japon,JPX,JPY
9319,"CHUO WAREHOUSE CO., LTD.",,Japon,JPX,JPY
8844,"COSMOS INITIA CO., LTD.",,Japon,JPX,JPY
8848,LEOPALACE21 CORPORATION,,Japon,JPX,JPY
9416,VISION INC.,,Japon,JPX,JPY
8850,STARTS CORPORATION INC.,,Japon,JPX,JPY
5240,MONOAI TECHNOLOGY CO. LTD.,,Japon,JPX,JPY
2317,SYSTENA CORPORATION,,Japon,JPX,JPY
5242,EYEZ INC.,,Japon,JPX,JPY
2393,"NIPPON CARE SUPPLY CO., LTD.",,Japon,JPX,JPY
2768,SOJITZ CORPORATION,,Japon,JPX,JPY
2816,"DAISHO CO., LTD.",,Japon,JPX,JPY
9414,NIPPON BS BROADCASTING CORPORATION,,Japon,JPX,JPY
8860,FUJI CORPORATION LTD.,,Japon,JPX,JPY
2767,TSUBURAYA FIELDS HOLDINGS INC.,,Japon,JPX,JPY
239A,BALLEGGS CO. LTD.,,Japon,JPX,JPY
9419,WIRELESSGATE INC.,,Japon,JPX,JPY
9421,NJ HOLDINGS INC.,,Japon,JPX,JPY
5218,OHARA INC.,,Japon,JPX,JPY
9434,SOFTBANK CORP.,,Japon,JPX,JPY
9433,KDDI CORP,,Japon,JPX,JPY
9432,NIPPON TELEGRAPH AND TELEPHONE CORPORATION,,Japon,JPX,JPY
2831,HAGOROMO FOODS CORPORATION,,Japon,JPX,JPY
9428,CROPS CORPORATION,,Japon,JPX,JPY
2820,YAMAMI CO.,,Japon,JPX,JPY
9425,REYUU JAPAN INC.,,Japon,JPX,JPY
2301,"GAKUJO CO., LTD.",,Japon,JPX,JPY
281A,"INFORMETIS CO., LTD.",,Japon,JPX,JPY
8830,"SUMITOMO REALTY & DEVELOPMENT CO., LTD.",,Japon,JPX,JPY
2303,DAWN CORPORATION,,Japon,JPX,JPY
2805,S & B FOODS INC.,,Japon,JPX,JPY
9424,JAPAN COMMUNICATIONS INC.,,Japon,JPX,JPY
9313,"MARUHACHI WAREHOUSE CO., LTD.",,Japon,JPX,JPY
9336,"DAIEI KANKYO CO., LTD.",,Japon,JPX,JPY
2819,EBARA FOODS INDUSTRY INC.,,Japon,JPX,JPY
2764,HIRAMATSU INC.,,Japon,JPX,JPY
9423,FORVAL REALSTRAIGHT INC.,,Japon,JPX,JPY
8920,"TOSHO CO., LTD.",,Japon,JPX,JPY
8835,TAIHEIYO KOUHATSU INC.,,Japon,JPX,JPY
8836,RISE INC.,,Japon,JPX,JPY
2404,TETSUJIN HOLDINGS INC.,,Japon,JPX,JPY
2818,PIETRO CO. LTD.,,Japon,JPX,JPY
5232,"SUMITOMO OSAKA CEMENT CO., LTD.",,Japon,JPX,JPY
5233,TAIHEIYO CEMENT CORPORATION,,Japon,JPX,JPY
522A,COEL INC.,,Japon,JPX,JPY
5243,NOTE INC.,,Japon,JPX,JPY
9332,"NISSO HOLDINGS CO., LTD.",,Japon,JPX,JPY
9413,TV TOKYO HOLDINGS CORPORATION,,Japon,JPX,JPY
5249,"ASAKAWA SYSTEMS CO., LTD.",,Japon,JPX,JPY
524A,"TAMURA BUILDS GROUP CO.,LTD",,Japon,JPX,JPY
2326,DIGITAL ARTS INC.,,Japon,JPX,JPY
2811,"KAGOME CO., LTD.",,Japon,JPX,JPY
5250,"PRIME STRATEGY CO., LTD.",,Japon,JPX,JPY
2327,NS SOLUTIONS CORPORATION,,Japon,JPX,JPY
8919,"KATITAS CO., LTD.",,Japon,JPX,JPY
2810,HOUSE FOODS GROUP INC.,,Japon,JPX,JPY
5252,"NIHON KNOWLEDGE CO., LTD.",,Japon,JPX,JPY
280A,TMH INC.,,Japon,JPX,JPY
5253,COVER CORPORATION,,Japon,JPX,JPY
8914,"AREALINK CO., LTD.",,Japon,JPX,JPY
2329,TOHOKUSHINSHA FILM CORPORATION,,Japon,JPX,JPY
5304,"SEC CARBON, LTD.",,Japon,JPX,JPY
9405,ASAHI BROADCASTING GROUP HOLDINGS CORPORATION,,Japon,JPX,JPY
5255,MONSTARLAB HOLDINGS INC.,,Japon,JPX,JPY
5256,"FUSIC CO., LTD.",,Japon,JPX,JPY
5257,"NOVA SYSTEM CO., LTD.",,Japon,JPX,JPY
2330,"FORSIDE CO., LTD.",,Japon,JPX,JPY
2331,"SOHGO SECURITY SERVICES CO., LTD.",,Japon,JPX,JPY
2809,KEWPIE CORPORATION,,Japon,JPX,JPY
5258,TRANSACTION MEDIA NETWORKS INC.,,Japon,JPX,JPY
9404,NIPPON TELEVISION HOLDINGS INC.,,Japon,JPX,JPY
2806,YUTAKA FOODS CORPORATION,,Japon,JPX,JPY
5254,ARENT INC.,,Japon,JPX,JPY
5248,TECHNOLOGIES INC.,,Japon,JPX,JPY
276A,CCREB ADVISORS INC.,,Japon,JPX,JPY
9322,"KAWANISHI WAREHOUSE CO., LTD.",,Japon,JPX,JPY
231A@F,CROSS E HOLDINGS CORPORATION LI,,Japon,JPX,JPY
9409,TV ASAHI HOLDINGS CORPORATION,,Japon,JPX,JPY
2379,DIP CORPORATION,,Japon,JPX,JPY
9337,TORIDORI INC.,,Japon,JPX,JPY
2815,"ARIAKE JAPAN CO., LTD.",,Japon,JPX,JPY
2325,"NJS CO., LTD.",,Japon,JPX,JPY
9412,SKY PERFECT JSAT HOLDINGS INC.,,Japon,JPX,JPY
2321,"SOFTFRONT HOLDINGS CO., LTD.",,Japon,JPX,JPY
9324,YASUDA LOGISTICS CORPORATION,,Japon,JPX,JPY
9408,BSN MEDIA HOLDINGS INC.,,Japon,JPX,JPY
5246,"ELEMENTS CO., LTD.",,Japon,JPX,JPY
8869,"MEIWA ESTATE CO., LTD.",,Japon,JPX,JPY
5247,BTM INC.,,Japon,JPX,JPY
2814,"SATO FOODS INDUSTRIES CO., LTD.",,Japon,JPX,JPY
2323,FONFUN CORPORATION,,Japon,JPX,JPY
5244,"JIG.JP CO., LTD.",,Japon,JPX,JPY
8864,"AIRPORT FACILITIES CO., LTD.",,Japon,JPX,JPY
2813,"WAKOU SHOKUHIN CO., LTD.",,Japon,JPX,JPY
9407@F,RKB MAINICHI HOLDINGS CORP,,Japon,JPX,JPY
6005,MIURA CO LTD (COMMON STOCK),,Japon,JPX,JPY
2769,"VILLAGE VANGUARD CO., LTD.",,Japon,JPX,JPY
8645,BYTE METAVERSE HOLDINGS LTD.,,Hong Kong,HKEX,HKD
8646,CHINA HONGGUANG HOLDINGS LTD.,,Hong Kong,HKEX,HKD
6968,GANGLONG CHINA PROPERTY GROUP LTD.,,Hong Kong,HKEX,HKD
8631,SUN KONG HOLDINGS LTD.,,Hong Kong,HKEX,HKD
6969,SMOORE INTERNATIONAL HOLDINGS LIMITED,,Hong Kong,HKEX,HKD
8635,NOVACON TECHNOLOGY GROUP LTD.,,Hong Kong,HKEX,HKD
6938,"SUZHOU RIBO LIFE SCIENCE CO., LTD.",,Hong Kong,HKEX,HKD
7,HONG KONG FINANCE INVESTMENT HOLDING GROUP LIMITED,,Hong Kong,HKEX,HKD
8637,METASURFACE TECHNOLOGIES HOLDINGS INC.,,Hong Kong,HKEX,HKD
6966,CHINA WAN TONG YUAN HOLDINGS LTD.,,Hong Kong,HKEX,HKD
8597,ZHONGHUA GAS HOLDINGS LIMITED,,Hong Kong,HKEX,HKD
8476,OCEAN ONE HOLDING LTD.,,Hong Kong,HKEX,HKD
52,FAIRWOOD HOLDINGS LIMITED,,Hong Kong,HKEX,HKD
8613,ORIENTAL PAYMENT GROUP HOLDINGS LIMITED,,Hong Kong,HKEX,HKD
6939,"MEGAIN HOLDING (CAYMAN) CO., LTD.",,Hong Kong,HKEX,HKD
8451,SUNLIGHT 1977 HOLDINGS LTD.,,Hong Kong,HKEX,HKD
8616,SUNRAY ENGINEERING GROUP LTD.,,Hong Kong,HKEX,HKD
8619,KING OF CATERING (GLOBAL) HOLDINGS LTD.,,Hong Kong,HKEX,HKD
8620,ASIA-EXPRESS LOGISTICS HOLDINGS LTD.,,Hong Kong,HKEX,HKD
8621,METROPOLIS CAPITAL HOLDINGS LTD.,,Hong Kong,HKEX,HKD
8622,HUAKANG BIOMEDICAL HOLDINGS LTD.,,Hong Kong,HKEX,HKD
8452,"FY FINANCIAL (SHENZHEN) CO., LTD.",,Hong Kong,HKEX,HKD
8612,WORLD SUPER HOLDINGS LTD.,,Hong Kong,HKEX,HKD
8623,CHINA SAFTOWER INTERNATIONAL HOLDING GROUP LTD.,,Hong Kong,HKEX,HKD
6951,"CHAOZHOU THREE-CIRCLE (GROUP) CO., LTD.",,Hong Kong,HKEX,HKD
8511,"MIN FU INTERNATIONAL HOLDING CO., LTD.",,Hong Kong,HKEX,HKD
8455,"LAI GROUP HOLDING CO., LTD.",,Hong Kong,HKEX,HKD
8611,MINDTELL TECHNOLOGY LIMITED,,Hong Kong,HKEX,HKD
8456,MANSION INTERNATIONAL HOLDINGS LTD.,,Hong Kong,HKEX,HKD
8512,HYFUSIN GROUP HOLDINGS LTD.,,Hong Kong,HKEX,HKD
6963,SUNSHINE INSURANCE GROUP CO. LTD.,,Hong Kong,HKEX,HKD
22,MEXAN LIMITED,,Hong Kong,HKEX,HKD
8629,"GUANGDONG SYNTRUST GK TESTING CO., LTD.",,Hong Kong,HKEX,HKD
8601,BOLTEK HOLDINGS LTD.,,Hong Kong,HKEX,HKD
6960,"SHUANGDENG GROUP CO., LTD.",,Hong Kong,HKEX,HKD
8510,TOP STANDARD CORPORATION,,Hong Kong,HKEX,HKD
29,DYNAMIC HOLDINGS LIMITED,,Hong Kong,HKEX,HKD
8460,BASETROPHY GROUP HOLDINGS LIMITED,,Hong Kong,HKEX,HKD
6959,CHANGJIU HOLDINGS LTD.,,Hong Kong,HKEX,HKD
8606,KINETIX SYSTEMS HOLDINGS LTD.,,Hong Kong,HKEX,HKD
6958,ZHENRO SERVICES GROUP LTD.,,Hong Kong,HKEX,HKD
6955,"SHANDONG BOAN BIOTECH CO., LTD.",,Hong Kong,HKEX,HKD
8627,"ORANGE TOUR CULTURAL HOLDING CO., LTD.",,Hong Kong,HKEX,HKD
8610,BBSB INTERNATIONAL LIMITED,,Hong Kong,HKEX,HKD
8603,FAMEGLOW HOLDINGS LTD.,,Hong Kong,HKEX,HKD
4,WHARF,,Hong Kong,HKEX,HKD
6999,LEADING HOLDINGS GROUP LTD.,,Hong Kong,HKEX,HKD
8592,POLYFAIR HOLDINGS LIMITED,,Hong Kong,HKEX,HKD
8472,LAPCO HOLDINGS LTD.,,Hong Kong,HKEX,HKD
8490,NICHE-TECH SEMICONDUCTOR MATERIALS LTD.,,Hong Kong,HKEX,HKD
8491,COOL LINK HOLDINGS LTD.,,Hong Kong,HKEX,HKD
89888,BAIDU INC.,,Hong Kong,HKEX,CNY
8521,WEBX INTERNATIONAL HOLDINGS,,Hong Kong,HKEX,HKD
8493,DRAGON KING GROUP HOLDINGS LIMITED,,Hong Kong,HKEX,HKD
8519,XINXIANG ERA GROUP COMPANY LTD.,,Hong Kong,HKEX,HKD
27,GALAXY ENTERTAINMENT GROUP LIMITED,,Hong Kong,HKEX,HKD
8471,REACH NEW HOLDINGS LTD.,,Hong Kong,HKEX,HKD
89988,ALIBABA GROUP HOLDING LTD,,Hong Kong,HKEX,CNY
2,CLP HOLDINGS LIMITED,,Hong Kong,HKEX,HKD
8545,AMUSE GROUP HOLDING LTD.,,Hong Kong,HKEX,HKD
89618,"JD.COM, INC.",,Hong Kong,HKEX,CNY
8547,PACIFIC LEGEND GROUP LTD.,,Hong Kong,HKEX,HKD
8549,GOLDEN LEAF INTERNATIONAL GROUP LIMITED,,Hong Kong,HKEX,HKD
8540,VICTORY SECURITIES HOLDINGS CO. LTD.,,Hong Kong,HKEX,HKD
8495,1957 & CO. HOSPITALITY LTD.,,Hong Kong,HKEX,HKD
8473,MI MING MART HOLDINGS LTD.,,Hong Kong,HKEX,HKD
6,POWER ASSETS HOLDINGS LIMITED,,Hong Kong,HKEX,HKD
8529,UBOT HOLDING LTD.,,Hong Kong,HKEX,HKD
1,CK HUTCHISON HOLDINGS LIMITED,,Hong Kong,HKEX,HKD
8527,JLOGO HOLDINGS LTD.,,Hong Kong,HKEX,HKD
8526,WING FUNG GROUP ASIA LTD.,,Hong Kong,HKEX,HKD
8480,FURNIWEB HOLDINGS LTD.,,Hong Kong,HKEX,HKD
8475,E-STATION GREEN TECHNOLOGY GROUP INC.,,Hong Kong,HKEX,HKD
8532,POLYFAIR HOLDINGS LTD.,,Hong Kong,HKEX,HKD
8525,BAIYING HOLDINGS GROUP LTD.,,Hong Kong,HKEX,HKD
8481,SHENGLONG SPLENDECOR INTERNATIONAL LTD.,,Hong Kong,HKEX,HKD
8482,WAN LEADER INTERNATIONAL LTD.,,Hong Kong,HKEX,HKD
8483,MAX SIGHT GROUP HOLDINGS LTD.,,Hong Kong,HKEX,HKD
8535,VISTAR HOLDINGS LTD.,,Hong Kong,HKEX,HKD
8487,ISP GLOBAL LTD.,,Hong Kong,HKEX,HKD
8536,TL NATURAL GAS HOLDINGS LTD.,,Hong Kong,HKEX,HKD
8489,GRAND POWER LOGISTICS GROUP INC.,,Hong Kong,HKEX,HKD
8537,CHONG FAI JEWELLERY GROUP HOLDINGS LIMITED,,Hong Kong,HKEX,HKD
8657,TRUE PARTNER CAPITAL HOLDING LIMITED,,Hong Kong,HKEX,HKD
8496,GLOBAL UNICHIP CORP.,,Hong Kong,HKEX,HKD
87001,HUI XIAN REAL ESTATE INVESTMENT TRUST,,Hong Kong,HKEX,CNY
46,COMPUTER AND TECHNOLOGIES HOLDINGS LIMITED,,Hong Kong,HKEX,HKD
6990,"SICHUAN KELUN-BIOTECH BIOPHARMACEUTICAL CO., LTD.",,Hong Kong,HKEX,HKD
6989,EXCELLENCE COMMERCIAL PROPERTY & FACILITIES MANAGEMENT GROUP LTD.,,Hong Kong,HKEX,HKD
6988,JOY SPREADER GROUP INC.,,Hong Kong,HKEX,HKD
8586,"ZIJIN INTERNATIONAL GROUP CO., LTD.",,Hong Kong,HKEX,HKD
8462,OMNIBRIDGE HOLDINGS LTD.,,Hong Kong,HKEX,HKD
8587,WAN LEADER INTERNATIONAL LIMITED,,Hong Kong,HKEX,HKD
8509,WINE'S LINK INTERNATIONAL HOLDINGS LTD.,,Hong Kong,HKEX,HKD
6980,"BAMA TEA CO., LTD.",,Hong Kong,HKEX,HKD
6979,ZJLD GROUP INC.,,Hong Kong,HKEX,HKD
6978,IMMUNOTECH BIOPHARM LTD.,,Hong Kong,HKEX,HKD
8591,MAXWIN INTERNATIONAL HOLDINGS LIMITED,,Hong Kong,HKEX,HKD
86618,JD HEALTH INTERNATIONAL INC.,,Hong Kong,HKEX,CNY
8513,MAXWIN INTERNATIONAL HOLDING LIMITED,,Hong Kong,HKEX,HKD
8659,YIK WO INTERNATIONAL HOLDING LIMITED,,Hong Kong,HKEX,HKD
8571,CHINA NETCOM TECHNOLOGY HOLDINGS LIMITED,,Hong Kong,HKEX,HKD
5,HSBC HOLDINGS PLC,,Hong Kong,HKEX,HKD
28,TIAN AN CHINA INVESTMENTS COMPANY LIMITED,,Hong Kong,HKEX,HKD
8569,CHINA DEMETER FINANCIAL INVESTMENTS LIMITED,,Hong Kong,HKEX,HKD
6998,GENOR BIOPHARMA HOLDINGS LIMITED,,Hong Kong,HKEX,HKD
8500,"ICON CULTURE GLOBAL CO., LTD.",,Hong Kong,HKEX,HKD
8562,SINO-LIFE GROUP LIMITED,,Hong Kong,HKEX,HKD
45,"THE HONGKONG AND SHANGHAI HOTELS, LIMITED",,Hong Kong,HKEX,HKD
8566,WS-SK TARGET GROUP LIMITED,,Hong Kong,HKEX,HKD
8501,SANBASE CORPORATION LIMITED,,Hong Kong,HKEX,HKD
8502,OCEAN LINE PORT DEVELOPMENT LTD.,,Hong Kong,HKEX,HKD
21,GREAT CHINA PROPERTIES HOLDINGS LIMITED,,Hong Kong,HKEX,HKD
8516,GRAND TALENTS GROUP HOLDINGS LIMITED,,Hong Kong,HKEX,HKD
53,GUOCO GROUP LIMITED,,Hong Kong,HKEX,HKD
8507,I. CENTURY HOLDING LTD.,,Hong Kong,HKEX,HKD
6996,ANTENGENE CORPORATION LIMITED,,Hong Kong,HKEX,HKD
8668,YING HAI GROUP HOLDINGS CO LTD.,,Hong Kong,HKEX,HKD
6993,BLUE MOON GROUP HOLDINGS LTD.,,Hong Kong,HKEX,HKD
3,THE HONG KONG AND CHINA GAS COMPANY LIMITED,,Hong Kong,HKEX,HKD
8570,JIADING INTERNATIONAL GROUP HOLDINGS LIMITED,,Hong Kong,HKEX,HKD
8076,SING LEE SOFTWARE GROUP LTD.,,Hong Kong,HKEX,HKD
8319,EXPERT SYSTEMS HOLDINGS LTD.,,Hong Kong,HKEX,HKD
23,"THE BANK OF EAST ASIA, LIMITED",,Hong Kong,HKEX,HKD
8147,MILLENNIUM PACIFIC GROUP HOLDINGS LIMITED,,Hong Kong,HKEX,HKD
8148,WUXI LIFE INTERNATIONAL HOLDINGS LTD.,,Hong Kong,HKEX,HKD
8149,ALTUS HOLDINGS LIMITED,,Hong Kong,HKEX,HKD
8152,M&L HOLDINGS GROUP LTD.,,Hong Kong,HKEX,HKD
8153,"JIADING INTERNATIONAL GROUP CO., LTD.",,Hong Kong,HKEX,HKD
8156,SINOPHARM TECH HOLDINGS LTD.,,Hong Kong,HKEX,HKD
8158,CHINA REGENERATIVE MEDICINE INTERNATIONAL LTD.,,Hong Kong,HKEX,HKD
8159,CHINA UNITED VENTURE INVESTMENT LTD.,,Hong Kong,HKEX,HKD
8160,GOLDWAY EDUCATION GROUP LTD.,,Hong Kong,HKEX,HKD
8161,MEDINET GROUP LTD.,,Hong Kong,HKEX,HKD
8162,LOCO HONG KONG HOLDINGS LTD.,,Hong Kong,HKEX,HKD
8163,NOIZ GROUP LIMITED,,Hong Kong,HKEX,HKD
8168,AMASSÃ© CAPITAL HOLDINGS LTD.,,Hong Kong,HKEX,HKD
8169,ECO-TEK HOLDINGS LTD.,,Hong Kong,HKEX,HKD
8172,LAJIN ENTERTAINMENT NETWORK LIMITED,,Hong Kong,HKEX,HKD
8173,HEPHAESTUS HOLDINGS LTD,,Hong Kong,HKEX,HKD
8176,SUPERROBOTICS HOLDINGS LTD.,,Hong Kong,HKEX,HKD
8178,CHINA INFORMATION TECHNOLOGY DEVELOPMENT LTD.,,Hong Kong,HKEX,HKD
8179,PALINDA GROUP HOLDINGS LTD,,Hong Kong,HKEX,HKD
8181,SHI SHI SERVICES LTD.,,Hong Kong,HKEX,HKD
81810,XIAOMI CORP.,,Hong Kong,HKEX,CNY
8146,GRACE WINE HOLDINGS LTD.,,Hong Kong,HKEX,HKD
8186,ALMANA LTD.,,Hong Kong,HKEX,HKD
8143,GOOD FELLOW HEALTHCARE HOLDINGS LTD.,,Hong Kong,HKEX,HKD
8139,ZHEJIANG CHANGAN RENHENG TECHNOLOGY CO. LTD.,,Hong Kong,HKEX,HKD
8121,GUOEN HOLDINGS LTD.,,Hong Kong,HKEX,HKD
8003,GREAT WORLD COMPANY HOLDINGS LTD.,,Hong Kong,HKEX,HKD
9688,ZAI LAB LIMITED,,Hong Kong,HKEX,HKD
80020,SENSETIME GROUP INC.,,Hong Kong,HKEX,CNY
9689,JTF INTERNATIONAL HOLDINGS LTD.,,Hong Kong,HKEX,HKD
9690,TUHU CAR INC.,,Hong Kong,HKEX,HKD
81211,BYD CO. LTD.,,Hong Kong,HKEX,CNY
80016,SUN HUNG KAI PROPERTIES LIMITED,,Hong Kong,HKEX,CNY
8123,SINOFORTUNE FINANCIAL HOLDINGS LIMITED,,Hong Kong,HKEX,HKD
9696,TIANQI LITHIUM CORP.,,Hong Kong,HKEX,HKD
8125,ROYAL CENTURY RESOURCES HOLDINGS LTD.,,Hong Kong,HKEX,HKD
8128,CHYY DEVELOPMENT GROUP LTD,,Hong Kong,HKEX,HKD
9698,GDS HOLDINGS LTD.,,Hong Kong,HKEX,HKD
9699,"HANGZHOU SF INTRA-CITY INDUSTRIAL CO., LTD.",,Hong Kong,HKEX,HKD
81299,AIA GROUP LTD.,,Hong Kong,HKEX,CNY
8130,DADI INTERNATIONAL GROUP LTD.,,Hong Kong,HKEX,HKD
8131,ABC MULTIACTIVE LTD.,,Hong Kong,HKEX,HKD
8132,CENTURY ENERGY INTERNATIONAL LTD.,,Hong Kong,HKEX,HKD
8133,JISHENG GROUP HOLDINGS LTD.,,Hong Kong,HKEX,HKD
8136,IMS GROUP HOLDINGS LTD.,,Hong Kong,HKEX,HKD
8137,HONBRIDGE HOLDINGS LTD.,,Hong Kong,HKEX,HKD
8140,BOSA TECHNOLOGY HOLDINGS LTD.,,Hong Kong,HKEX,HKD
8187,JIMU GROUP LTD.,,Hong Kong,HKEX,HKD
8188,GME GROUP HOLDINGS LIMITED,,Hong Kong,HKEX,HKD
8189,"TIANJIN TEDA BIOMEDICAL ENGINEERING CO., LTD.",,Hong Kong,HKEX,HKD
82020,ANTA SPORTS PRODUCTS LTD.,,Hong Kong,HKEX,CNY
9888,"BAIDU, INC.",,Hong Kong,HKEX,HKD
9889,"DONGGUAN RURAL COMMERCIAL BANK CO., LTD.",,Hong Kong,HKEX,HKD
9890,ZX INC.,,Hong Kong,HKEX,HKD
9893,PIZU GROUP HOLDINGS LIMITED,,Hong Kong,HKEX,HKD
9896,MINISO GROUP HOLDING LTD.,,Hong Kong,HKEX,HKD
9898,WEIBO CORPORATION,,Hong Kong,HKEX,HKD
9899,NETEASE CLOUD MUSIC INC.,,Hong Kong,HKEX,HKD
9900,GAIN PLUS HOLDINGS LTD.,,Hong Kong,HKEX,HKD
9901,NEW ORIENTAL EDUCATION & TECHNOLOGY GROUP INC.,,Hong Kong,HKEX,HKD
8203,KAISUN HOLDINGS LTD.,,Hong Kong,HKEX,HKD
9903,"SHANGHAI ILUVATAR COREX SEMICONDUCTOR CO., LTD.",,Hong Kong,HKEX,HKD
9906,"HONLIV HEALTHCARE MANAGEMENT, INC.",,Hong Kong,HKEX,HKD
9908,"JIAXING GAS GROUP CO., LTD.",,Hong Kong,HKEX,HKD
12,HENDERSON LAND DEVELOPMENT COMPANY LIMITED,,Hong Kong,HKEX,HKD
8205,SHANGHAI JIAODA WITHUB INFORMATION INDUSTRIAL COMPANY LIMITED,,Hong Kong,HKEX,HKD
8206,SHENTONG ROBOT EDUCATION GROUP LIMITED,,Hong Kong,HKEX,HKD
9909,POWERLONG COMMERCIAL MANAGEMENT HOLDINGS LTD.,,Hong Kong,HKEX,HKD
8208,WMCH GLOBAL INVESTMENT LTD.,,Hong Kong,HKEX,HKD
9911,NEWBORN TOWN INC.,,Hong Kong,HKEX,HKD
8210,DLC ASIA LTD.,,Hong Kong,HKEX,HKD
9887,"NANJING LEADS BIOLABS CO., LTD.",,Hong Kong,HKEX,HKD
9886,DINGDANG HEALTH TECHNOLOGY GROUP LTD.,,Hong Kong,HKEX,HKD
9885,YSB INC.,,Hong Kong,HKEX,HKD
9882,BEST LINKING GROUP HOLDINGS LIMITED,,Hong Kong,HKEX,HKD
8191,HONG WEI ASIA HOLDINGS CO. LTD.,,Hong Kong,HKEX,HKD
42,NORTHEAST ELECTRIC DEVELOPMENT COMPANY LIMITED,,Hong Kong,HKEX,HKD
8193,ASIA-PAC FINANCIAL INVESTMENT COMPANY LIMITED,,Hong Kong,HKEX,HKD
8195,LEGENDARY EDUCATION GROUP LTD.,,Hong Kong,HKEX,HKD
8196,FUTIAN HOLDINGS LTD.,,Hong Kong,HKEX,HKD
8198,CRYPTO FLOW TECHNOLOGY LIMITED,,Hong Kong,HKEX,HKD
9857,LINMON MEDIA LTD.,,Hong Kong,HKEX,HKD
9858,CHINA YOURAN DAIRY GROUP LTD.,,Hong Kong,HKEX,HKD
9860,ADICON HOLDINGS LTD,,Hong Kong,HKEX,HKD
9863,"ZHEJIANG LEAPMOTOR TECHNOLOGY CO., LTD.",,Hong Kong,HKEX,HKD
8120,CHINA DEMETER FINANCIAL INVESTMENTS LIMITED,,Hong Kong,HKEX,HKD
9866,NIO INC.,,Hong Kong,HKEX,HKD
9868,XPENG INC.,,Hong Kong,HKEX,HKD
8201,PPS INTERNATIONAL HOLDINGS LTD.,,Hong Kong,HKEX,HKD
9869,HELENS INTERNATIONAL HOLDINGS LTD.,,Hong Kong,HKEX,HKD
9876,OCEAN ONE HOLDING LTD.,,Hong Kong,HKEX,HKD
9877,"JENSCARE SCIENTIFIC CO., LTD.",,Hong Kong,HKEX,HKD
9878,"HUITONGDA NETWORK CO., LTD.",,Hong Kong,HKEX,HKD
9879,MIGAO GROUP HOLDINGS LTD.,,Hong Kong,HKEX,HKD
9880,UBTECH ROBOTICS CORP LTD.,,Hong Kong,HKEX,HKD
9881,RONGTA TECHNOLOGY XIAMEN GROUP CO. LTD.,,Hong Kong,HKEX,HKD
10,HANG LUNG GROUP LIMITED,,Hong Kong,HKEX,HKD
8200,SAU SAN TONG HOLDINGS LTD.,,Hong Kong,HKEX,HKD
8005,YUXING INFOTECH INVESTMENT HOLDINGS LIMITED,,Hong Kong,HKEX,HKD
8006,SINO SPLENDID HOLDINGS LTD.,,Hong Kong,HKEX,HKD
8007,GLOBAL STRATEGIC GROUP LTD.,,Hong Kong,HKEX,HKD
8052,LUK HING ENTERTAINMENT GROUP HOLDINGS LIMITED,,Hong Kong,HKEX,HKD
9638,FERRETTI S.P.A.,,Hong Kong,HKEX,HKD
9639,WING LEE DEVELOPMENT CONSTRUCTION LTD.,,Hong Kong,HKEX,HKD
8051,CIRCUTECH INTERNATIONAL HOLDINGS LTD.,,Hong Kong,HKEX,HKD
80883,CNOOC LIMITED,,Hong Kong,HKEX,CNY
8050,QUANTUM THINKING LTD.,,Hong Kong,HKEX,HKD
8049,JILIN PROVINCE HUINAN CHANGLONG BIO-PHARMACY COMPANY LIMITED,,Hong Kong,HKEX,HKD
8048,YU TAK INTERNATIONAL HOLDINGS LTD.,,Hong Kong,HKEX,HKD
8047,CHINA OCEAN GROUP DEVELOPMENT LTD.,,Hong Kong,HKEX,HKD
8090,"SHANDONG BAOGAI NEW MATERIALS TECHNOLOGY CO., LTD.",,Hong Kong,HKEX,HKD
8091,OOH HOLDINGS LTD.,,Hong Kong,HKEX,HKD
8043,ATLINKS GROUP LTD.,,Hong Kong,HKEX,HKD
8092,ITE HOLDINGS LTD.,,Hong Kong,HKEX,HKD
8042,KOS INTERNATIONAL HOLDINGS LIMITED,,Hong Kong,HKEX,HKD
8093,WEB3 META LTD.,,Hong Kong,HKEX,HKD
8041,LUXEY INTERNATIONAL HOLDINGS LIMITED,,Hong Kong,HKEX,HKD
8040,COOLPOINT INNONISM HOLDING LTD.,,Hong Kong,HKEX,HKD
9618,"JD.COM, INC.",,Hong Kong,HKEX,HKD
80941,CHINA MOBILE LIMITED,,Hong Kong,HKEX,CNY
9616,NEUTECH GROUP LTD.,,Hong Kong,HKEX,HKD
8039,CHINA COME RIDE NEW ENERGY GROUP LIMITED,,Hong Kong,HKEX,HKD
8053,PIZU GROUP HOLDINGS LIMITED,,Hong Kong,HKEX,HKD
8087,CHINA 33 MEDIA GROUP LTD.,,Hong Kong,HKEX,HKD
8056,LIFE CONCEPTS HOLDINGS LTD.,,Hong Kong,HKEX,HKD
9637,ALEBUND PHARMACEUTICALS (JIANGSU) LIMITED,,Hong Kong,HKEX,HKD
80737,"SHENZHEN INVESTMENT HOLDINGS CO., LTD.",,Hong Kong,HKEX,CNY
8073,CHINA SHUIFA SINGYES NEW MATERIALS HOLDINGS LIMITED,,Hong Kong,HKEX,HKD
8072,ROMA META GROUP LTD,,Hong Kong,HKEX,HKD
8071,CHINA NETCOM TECHNOLOGY HOLDINGS LIMITED,,Hong Kong,HKEX,HKD
80700,TENCENT HOLDINGS LTD.,,Hong Kong,HKEX,CNY
8070,KEEN OCEAN INTERNATIONAL HOLDING LIMITED,,Hong Kong,HKEX,HKD
9633,"NONGFU SPRING CO., LTD.",,Hong Kong,HKEX,HKD
8069,FLYDOO TECHNOLOGY HOLDING LTD.,,Hong Kong,HKEX,HKD
8067,ORIENTAL UNIVERSITY CITY HOLDINGS (H.K.) LTD.,,Hong Kong,HKEX,HKD
8066,PHOENITRON HOLDINGS LTD.,,Hong Kong,HKEX,HKD
80388,HONG KONG EXCHANGES AND CLEARING LIMITED,,Hong Kong,HKEX,CNY
9626,BILIBILI INC.,,Hong Kong,HKEX,HKD
8062,EFT SOLUTIONS HOLDINGS LTD.,,Hong Kong,HKEX,HKD
8079,WISDOMCOME GROUP HOLDINGS LIMITED,,Hong Kong,HKEX,HKD
8060,GLOBAL LINK COMMUNICATIONS HOLDINGS LIMITED,,Hong Kong,HKEX,HKD
8080,NORTH ASIA STRATEGIC HOLDINGS LIMITED,,Hong Kong,HKEX,HKD
8081,HANG TAI YUE GROUP HOLDINGS LIMITED,,Hong Kong,HKEX,HKD
9636,JF SMARTINVEST HOLDINGS LTD.,,Hong Kong,HKEX,HKD
8059,GLORY FLAME HOLDINGS LTD,,Hong Kong,HKEX,HKD
8082,SUNNY SIDE UP CULTURE HOLDINGS LTD.,,Hong Kong,HKEX,HKD
8057,MADISON HOLDINGS GROUP LTD.,,Hong Kong,HKEX,HKD
8083,YOUZAN TECHNOLOGY LIMITED,,Hong Kong,HKEX,HKD
8065,KML TECHNOLOGY GROUP LTD.,,Hong Kong,HKEX,HKD
9913,CHI KAN HOLDINGS LTD.,,Hong Kong,HKEX,HKD
9658,SUPER HI INTERNATIONAL HOLDINGS LTD.,,Hong Kong,HKEX,HKD
8095,"BEIJING BEIDA JADE BIRD CO., LTD.",,Hong Kong,HKEX,HKD
8021,WLS HOLDINGS LIMITED,,Hong Kong,HKEX,HKD
9669,BEISEN HOLDING LTD.,,Hong Kong,HKEX,HKD
8106,SHENGHUA LANDE SCITECH LTD.,,Hong Kong,HKEX,HKD
8020,UNITAS HOLDINGS LTD.,,Hong Kong,HKEX,HKD
9676,"SHIYUE DAOTIAN GROUP CO., LTD.",,Hong Kong,HKEX,HKD
8019,HAO WEN HOLDINGS LTD.,,Hong Kong,HKEX,HKD
8107,FICUS TECHNOLOGY HOLDINGS LTD.,,Hong Kong,HKEX,HKD
9677,WEIHAI CITY COMMERCIAL BANK CO. LTD.,,Hong Kong,HKEX,HKD
8018,FINSOFT FINANCIAL INVESTMENT LTD.,,Hong Kong,HKEX,HKD
80175,GEELY AUTOMOBILE HOLDINGS LTD,,Hong Kong,HKEX,CNY
9678,"UNISOUND AI TECHNOLOGY CO., LTD.",,Hong Kong,HKEX,HKD
8017,TRADEGO FINTECH LTD.,,Hong Kong,HKEX,HKD
8111,CHINA TECHNOLOGY INDUSTRY GROUP LTD.,,Hong Kong,HKEX,HKD
8112,CORNERSTONE FINANCIAL HOLDINGS INC.,,Hong Kong,HKEX,HKD
8113,V & V TECHNOLOGY HOLDINGS LTD.,,Hong Kong,HKEX,HKD
9680,CHENQI TECHNOLOGY LTD.,,Hong Kong,HKEX,HKD
8013,ECI TECHNOLOGY HOLDINGS LTD.,,Hong Kong,HKEX,HKD
8115,"SHANGHAI QINGPU FIRE-FIGHTING EQUIPMENT CO., LTD.",,Hong Kong,HKEX,HKD
9686,XIKANG CLOUD HOSPITAL HOLDINGS LTD.,,Hong Kong,HKEX,HKD
8117,CHINA PRIMARY ENERGY HOLDINGS LTD.,,Hong Kong,HKEX,HKD
8118,BORTEX GLOBAL LTD.,,Hong Kong,HKEX,HKD
9668,"CHINA BOHAI BANK CO., LTD.",,Hong Kong,HKEX,HKD
8023,KWONG MAN KEE GROUP LTD.,,Hong Kong,HKEX,HKD
9600,NEWLINK TECHNOLOGY INC.,,Hong Kong,HKEX,HKD
8026,CHINA BRILLIANT GLOBAL LTD.,,Hong Kong,HKEX,HKD
8036,EBROKER GROUP LTD.,,Hong Kong,HKEX,HKD
9660,HORIZON ROBOTICS INC.,,Hong Kong,HKEX,HKD
8096,TASTY CONCEPTS HOLDING LTD,,Hong Kong,HKEX,HKD
9611,"SHANGHAI LONGCHEER TECHNOLOGY CO., LTD.",,Hong Kong,HKEX,HKD
8035,JANCO HOLDINGS LTD.,,Hong Kong,HKEX,HKD
8033,VODATEL NETWORKS HOLDINGS LIMITED,,Hong Kong,HKEX,HKD
9609,"HEBEI HAIWEI ELECTRONIC NEW MATERIAL TECHNOLOGY CO., LTD.",,Hong Kong,HKEX,HKD
9608,"SUNDY SERVICE GROUP CO., LTD.",,Hong Kong,HKEX,HKD
9606,"DUALITY BIOTHERAPEUTICS, INC.",,Hong Kong,HKEX,HKD
8032,VIVA CHINA HOLDINGS LIMITED,,Hong Kong,HKEX,HKD
8037,CHINA BIOTECH SERVICES HOLDINGS LTD.,,Hong Kong,HKEX,HKD
8031,ETS GROUP LTD.,,Hong Kong,HKEX,HKD
80992,LENOVO GROUP LIMITED,,Hong Kong,HKEX,CNY
8100,FAMOUS TECHNOLOGICAL INTERNATIONAL HOLDINGS LTD.,,Hong Kong,HKEX,HKD
8030,FENGYINHE HOLDINGS LTD.,,Hong Kong,HKEX,HKD
80291,CHINA RESOURCES BEER HOLDINGS COMPANY LIMITED,,Hong Kong,HKEX,CNY
81024,KUAISHOU TECHNOLOGY,,Hong Kong,HKEX,CNY
8029,IMPERIUM FINANCIAL GROUP LTD.,,Hong Kong,HKEX,HKD
8028,TIMELESS RESOURCES HOLDINGS CORP.,,Hong Kong,HKEX,HKD
8103,HMVOD LTD.,,Hong Kong,HKEX,HKD
8027,KPM HOLDING LTD.,,Hong Kong,HKEX,HKD
9663,SINO-SYNERGY HYDROGEN ENERGY LTD.,,Hong Kong,HKEX,HKD
8098,CL GROUP HOLDINGS LIMITED,,Hong Kong,HKEX,HKD
8213,STARGLORY HOLDINGS CO. LTD.,,Hong Kong,HKEX,HKD
9916,"XINGYE WULIAN SERVICE GROUP CO., LTD.",,Hong Kong,HKEX,HKD
9918,WISE ALLY INTERNATIONAL HOLDINGS LIMITED,,Hong Kong,HKEX,HKD
35,FAR EAST CONSORTIUM INTERNATIONAL LIMITED,,Hong Kong,HKEX,HKD
8347,F8 ENTERPRISES HOLDINGS GROUP LIMITED,,Hong Kong,HKEX,HKD
8348,TIANJIN BINHAI TEDA LOGISTICS (GROUP) CORP. LTD.,,Hong Kong,HKEX,HKD
8349,"YUNHONG GUIXIN GROUP HOLDING CO., LTD.",,Hong Kong,HKEX,HKD
8350,WELL LINK SECURITIES HOLDINGS LIMITED,,Hong Kong,HKEX,HKD
34,KOWLOON DEVELOPMENT COMPANY LIMITED,,Hong Kong,HKEX,HKD
33,AMBER HILL FINANCIAL HOLDINGS LIMITED,,Hong Kong,HKEX,HKD
8356,TSUN YIP HOLDINGS LTD.,,Hong Kong,HKEX,HKD
32,THE CROSS-HARBOUR,,Hong Kong,HKEX,HKD
31,CHINA AEROSPACE INTERNATIONAL HOLDINGS LIMITED,,Hong Kong,HKEX,HKD
8357,REPUBLIC HEALTHCARE LTD.,,Hong Kong,HKEX,HKD
8360,BASIC HOUSE NEW LIFE GROUP LTD.,,Hong Kong,HKEX,HKD
8362,WINNING TOWER GROUP HOLDINGS LTD.,,Hong Kong,HKEX,HKD
8365,HATCHER GROUP LTD.,,Hong Kong,HKEX,HKD
8366,ZHEJIANG UNITED INVESTMENT HOLDINGS GROUP LTD.,,Hong Kong,HKEX,HKD
8367,SIMPLICITY HOLDING LTD.,,Hong Kong,HKEX,HKD
8368,CREATIVE CHINA HOLDINGS LTD.,,Hong Kong,HKEX,HKD
83690,MEITUAN,,Hong Kong,HKEX,CNY
8370,ZHI SHENG GROUP HOLDINGS LTD.,,Hong Kong,HKEX,HKD
8371,TASTE GOURMET GROUP LTD.,,Hong Kong,HKEX,HKD
8372,GRAND BRILLIANCE GROUP HOLDINGS LIMITED,,Hong Kong,HKEX,HKD
8341,AESO HOLDING LTD.,,Hong Kong,HKEX,HKD
8340,ZIJING INTERNATIONAL FINANCE LTD.,,Hong Kong,HKEX,HKD
8337,DIRECTEL HOLDINGS LTD.,,Hong Kong,HKEX,HKD
8333,ASTRUM FINANCIAL HOLDINGS LTD.,,Hong Kong,HKEX,HKD
8299,GT GOLD HOLDINGS LTD.,,Hong Kong,HKEX,HKD
8300,JIN MI FANG GROUP HOLDINGS LIMITED,,Hong Kong,HKEX,HKD
8305,ALLUREFEM HOLDING LTD.,,Hong Kong,HKEX,HKD
8307,MEDICSKIN HOLDINGS LTD.,,Hong Kong,HKEX,HKD
83074,ISHARES ASIA TRUST - ISHARES CORE MSCI TAIWAN INDEX ETF,,Hong Kong,HKEX,CNY
8308,GUDOU HOLDINGS LTD.,,Hong Kong,HKEX,HKD
8309,MAN SHING GLOBAL HOLDINGS LIMITED,,Hong Kong,HKEX,HKD
8310,"DAFENG PORT HESHUN TECHNOLOGY HOLDINGS CO., LTD.",,Hong Kong,HKEX,HKD
36,FAR EAST HOLDINGS INTERNATIONAL LIMITED,,Hong Kong,HKEX,HKD
8311,PERFECT OPTRONICS LTD.,,Hong Kong,HKEX,HKD
8373,INDIGO STAR HOLDINGS LTD.,,Hong Kong,HKEX,HKD
8313,ZACD GROUP LTD.,,Hong Kong,HKEX,HKD
8316,CHINA HONGBAO HOLDINGS LTD.,,Hong Kong,HKEX,HKD
8317,FINET GROUP LTD.,,Hong Kong,HKEX,HKD
9630,"CIRCUIT FABOLOGY MICROELECTRONICS EQUIPMENT CO., LTD.",,Hong Kong,HKEX,HKD
7489,VOYAH AUTOMOBILE TECHNOLOGY COMPANY LIMITED,,Hong Kong,HKEX,HKD
8320,ALLIED SUSTAINABILITY AND ENVIRONMENTAL CONSULTANTS GROUP LIMITED,,Hong Kong,HKEX,HKD
8321,TAI KAM HOLDINGS LTD.,,Hong Kong,HKEX,HKD
8326,TONKING NEW ENERGY GROUP HOLDINGS LTD.,,Hong Kong,HKEX,HKD
8328,XINYI ELECTRIC STORAGE HOLDINGS LTD.,,Hong Kong,HKEX,HKD
8329,"SHENZHEN NEPTUNUS INTERLONG CO., LTD.",,Hong Kong,HKEX,HKD
8331,P.B. GROUP LTD.,,Hong Kong,HKEX,HKD
8315,CENTURY PLAZA HOTEL GROUP,,Hong Kong,HKEX,HKD
8297,"OCEAN STAR TECHNOLOGY GROUP CO., LTD.",,Hong Kong,HKEX,HKD
8375,VERTICAL INTERNATIONAL HOLDINGS LTD.,,Hong Kong,HKEX,HKD
8379,PRIME INTELLIGENCE SOLUTIONS INC.,,Hong Kong,HKEX,HKD
8,PCCW LIMITED,,Hong Kong,HKEX,HKD
8423,CHI HO DEVELOPMENT HOLDINGS LIMITED,,Hong Kong,HKEX,HKD
8425,HING MING HOLDINGS LIMITED,,Hong Kong,HKEX,HKD
8426,MODERN LIVING INVESTMENTS HOLDINGS LTD.,,Hong Kong,HKEX,HKD
8427,WS-SK TARGET GROUP LTD.,,Hong Kong,HKEX,HKD
8428,CBK HOLDINGS LTD.,,Hong Kong,HKEX,HKD
8429,SV VISION LTD.,,Hong Kong,HKEX,HKD
8430,C&N HOLDINGS LTD.,,Hong Kong,HKEX,HKD
8431,HAO BAI INTERNATIONAL CAYMAN LIMITED,,Hong Kong,HKEX,HKD
8432,BAR PACIFIC GROUP HOLDINGS LIMITED,,Hong Kong,HKEX,HKD
8436,TAKBO GROUP HOLDINGS LTD.,,Hong Kong,HKEX,HKD
8437,RMH HOLDINGS LTD.,,Hong Kong,HKEX,HKD
8439,SOMERLEY CAPITAL HOLDINGS LIMITED,,Hong Kong,HKEX,HKD
19,SWIRE PACIFIC LIMITED,,Hong Kong,HKEX,HKD
8445,NOBLE ENGINEERING GROUP HOLDINGS LTD.,,Hong Kong,HKEX,HKD
26,"CHINA MOTOR BUS COMPANY, LIMITED",,Hong Kong,HKEX,HKD
51,HARBOUR CENTRE DEVELOPMENT LIMITED,,Hong Kong,HKEX,HKD
8446,BRIGHTSTAR TECHNOLOGY GROUP INC.,,Hong Kong,HKEX,HKD
8447,MS CONCEPT LTD.,,Hong Kong,HKEX,HKD
8448,UNIVERSE PRINTSHOP HOLDINGS LTD.,,Hong Kong,HKEX,HKD
8450,EDICO HOLDINGS LTD.,,Hong Kong,HKEX,HKD
8422,WT GROUP HOLDINGS LTD.,,Hong Kong,HKEX,HKD
8420,NEXION TECHNOLOGIES LTD.,,Hong Kong,HKEX,HKD
8419,AV PROMOTIONS HOLDINGS LTD.,,Hong Kong,HKEX,HKD
18,ORIENTAL PRESS GROUP LIMITED,,Hong Kong,HKEX,HKD
8385,PROSPEROUS PRINTING COMPANY LIMITED,,Hong Kong,HKEX,HKD
48,CHINA AUTOMOTIVE INTERIOR DECORATION HOLDINGS LIMITED,,Hong Kong,HKEX,HKD
14,HYSAN DEVELOPMENT COMPANY LIMITED,,Hong Kong,HKEX,HKD
25,CHEVALIER INTERNATIONAL HOLDINGS LIMITED,,Hong Kong,HKEX,HKD
8391,CORNERSTONE TECHNOLOGIES HOLDINGS LIMITED,,Hong Kong,HKEX,HKD
8392,SATU HOLDINGS LTD.,,Hong Kong,HKEX,HKD
8395,ZXZN QI-HOUSE HOLDINGS LTD,,Hong Kong,HKEX,HKD
16,SUN HUNG KAI PROPERTIES LIMITED,,Hong Kong,HKEX,HKD
8400,ASIA PIONEER ENTERTAINMENT HOLDINGS LIMITED,,Hong Kong,HKEX,HKD
8401,STREAM IDEAS GROUP LTD.,,Hong Kong,HKEX,HKD
8377,HARBOUR EQUINE HOLDINGS LTD.,,Hong Kong,HKEX,HKD
50,HONG KONG FERRY,,Hong Kong,HKEX,HKD
8403,DOWWAY HOLDINGS LTD.,,Hong Kong,HKEX,HKD
30,BAN LOONG HOLDINGS LIMITED,,Hong Kong,HKEX,HKD
8406,CHINA ORAL INDUSTRY GROUP HOLDINGS LIMITED,,Hong Kong,HKEX,HKD
17,NEW WORLD DEVELOPMENT COMPANY LIMITED,,Hong Kong,HKEX,HKD
8411,K W NELSON INTERIOR DESIGN & CONTRACTING GROUP CO. LTD.,,Hong Kong,HKEX,HKD
8412,NEW AMANTE GROUP LTD.,,Hong Kong,HKEX,HKD
8413,ASIA GROCERY DISTRIBUTION LTD.,,Hong Kong,HKEX,HKD
8416,HM INTERNATIONAL HOLDINGS LIMITED,,Hong Kong,HKEX,HKD
8417,DADI EDUCATION HOLDINGS LTD.,,Hong Kong,HKEX,HKD
8418,OPTIMA AUTOMOBILE GROUP HOLDINGS LIMITED,,Hong Kong,HKEX,HKD
8402,PLATEAU TREASURES LTD.,,Hong Kong,HKEX,HKD
20,SENSETIME GROUP INC.,,Hong Kong,HKEX,HKD
8296,SINO-LIFE GROUP LTD.,,Hong Kong,HKEX,HKD
8295,KINGWISOFT TECHNOLOGY GROUP LTD.,,Hong Kong,HKEX,HKD
8229,FUTURE DATA GROUP LTD.,,Hong Kong,HKEX,HKD
82318,PING AN INSURANCE GROUP CO. LTD.,,Hong Kong,HKEX,CNY
9960,KINDSTAR GLOBALGENE TECHNOLOGY INC.,,Hong Kong,HKEX,HKD
9961,TRIP.COM GROUP LIMITED,,Hong Kong,HKEX,HKD
8232,CLASSIFIED GROUP HOLDINGS LTD.,,Hong Kong,HKEX,HKD
9963,TRANSTECH OPTELECOM SCIENCE HOLDINGS LIMITED,,Hong Kong,HKEX,HKD
9966,ALPHAMAB ONCOLOGY,,Hong Kong,HKEX,HKD
9968,HUIJING HOLDINGS CO. LTD.,,Hong Kong,HKEX,HKD
9969,INNOCARE PHARMA LTD.,,Hong Kong,HKEX,HKD
9971,"BASIC SEMICONDUCTOR CO., LTD.",,Hong Kong,HKEX,HKD
82331,LI NING COMPANY LIMITED,,Hong Kong,HKEX,CNY
82333,"GREAT WALL MOTOR CO., LTD.",,Hong Kong,HKEX,CNY
9973,"CHERY AUTOMOBILE CO., LTD. H SHARES",,Hong Kong,HKEX,HKD
8237,LINK HOLDINGS LTD.,,Hong Kong,HKEX,HKD
9978,FINELAND LIVING SERVICES GROUP INC.,,Hong Kong,HKEX,HKD
9979,GREENTOWN MANAGEMENT HOLDINGS COMPANY LIMITED,,Hong Kong,HKEX,HKD
9980,"EASTROC BEVERAGE (GROUP) CO., LTD.",,Hong Kong,HKEX,HKD
9981,"SHENZHEN WOER HEAT-SHRINKABLE MATERIAL CO., LTD.",,Hong Kong,HKEX,HKD
9982,CENTRAL CHINA MANAGEMENT CO LTD,,Hong Kong,HKEX,HKD
9983,CENTRAL CHINA NEW LIFE LTD.,,Hong Kong,HKEX,HKD
8238,WINTO GROUP HOLDINGS LTD.,,Hong Kong,HKEX,HKD
9959,LINKLOGIS INC.,,Hong Kong,HKEX,HKD
9958,LITIAN PICTURES HOLDINGS LTD.,,Hong Kong,HKEX,HKD
8227,XI'AN HAITIAN ANTENNA TECHNOLOGIES CO. LTD.,,Hong Kong,HKEX,HKD
9955,CLOUDR GROUP LTD.,,Hong Kong,HKEX,HKD
9919,ACTIVATION GROUP HOLDINGS LTD.,,Hong Kong,HKEX,HKD
9922,JIUMAOJIU INTERNATIONAL HOLDINGS LIMITED,,Hong Kong,HKEX,HKD
9923,YEAHKA LTD.,,Hong Kong,HKEX,HKD
8217,WMHW HOLDINGS LTD.,,Hong Kong,HKEX,HKD
9926,AKESO INC.,,Hong Kong,HKEX,HKD
9927,"SERES GROUP CO., LTD.",,Hong Kong,HKEX,HKD
9928,TIMES NEIGHBORHOOD HOLDINGS LIMITED,,Hong Kong,HKEX,HKD
9929,SEM HOLDINGS LTD.,,Hong Kong,HKEX,HKD
8218,ECHO INTERNATIONAL HOLDINGS GROUP LTD.,,Hong Kong,HKEX,HKD
9930,HORIZON CONSTRUCTION DEVELOPMENT LIMITED,,Hong Kong,HKEX,HKD
9985,WEILONG DELICIOUS GLOBAL HOLDINGS LTD,,Hong Kong,HKEX,HKD
8219,HANVEY GROUP HOLDINGS LTD.,,Hong Kong,HKEX,HKD
9933,GHW INTERNATIONAL LTD.,,Hong Kong,HKEX,HKD
8221,GAOYU FINANCE GROUP LTD.,,Hong Kong,HKEX,HKD
9936,XIMEI RESOURCES HOLDING LIMITED,,Hong Kong,HKEX,HKD
9938,WAH WO HOLDINGS GROUP LTD.,,Hong Kong,HKEX,HKD
9939,KINTOR PHARMACEUTICAL LIMITED,,Hong Kong,HKEX,HKD
8222,E LIGHTING GROUP HOLDINGS LIMITED,,Hong Kong,HKEX,HKD
8223,ZIYUANYUAN HOLDINGS GROUP LTD.,,Hong Kong,HKEX,HKD
8225,CHINA HEALTH GROUP INC.,,Hong Kong,HKEX,HKD
8226,KOALA FINANCIAL GROUP LTD.,,Hong Kong,HKEX,HKD
41,GREAT EAGLE HOLDINGS LIMITED,,Hong Kong,HKEX,HKD
8220,BINGO GROUP HOLDINGS LTD.,,Hong Kong,HKEX,HKD
13,HUTCHMED,,Hong Kong,HKEX,HKD
9986,DASHAN EDUCATION HOLDINGS LIMITED,,Hong Kong,HKEX,HKD
9988,ALIBABA GROUP HOLDING LTD.,,Hong Kong,HKEX,HKD
40,GOLD PEAK INDUSTRIES,,Hong Kong,HKEX,HKD
8270,"CHINA CBM GROUP CO., LTD.",,Hong Kong,HKEX,HKD
7618,JINGDONG INDUSTRIALS INC.,,Hong Kong,HKEX,HKD
8271,GLOBAL DIGITAL CREATIONS HOLDINGS LIMITED,,Hong Kong,HKEX,HKD
8275,CHINA NEW CONSUMPTION GROUP LTD.,,Hong Kong,HKEX,HKD
39,CHINA BEIDAHUANG INDUSTRY GROUP HOLDINGS LIMITED,,Hong Kong,HKEX,HKD
8277,STEED ORIENTAL HOLDINGS COMPANY LIMITED,,Hong Kong,HKEX,HKD
8279,AGTECH HOLDINGS LTD.,,Hong Kong,HKEX,HKD
38,FIRST TRACTOR COMPANY LIMITED,,Hong Kong,HKEX,HKD
8280,CHINA DIGITAL VIDEO HOLDINGS LTD.,,Hong Kong,HKEX,HKD
8281,CHINA GOLDEN CLASSIC GROUP LIMITED,,Hong Kong,HKEX,HKD
8282,GAMEONE HOLDINGS LTD.,,Hong Kong,HKEX,HKD
8283,ZHONGSHI MINAN HOLDINGS LTD.,,Hong Kong,HKEX,HKD
82834,ISHARES ASIA TRUST - ISHARES NASDAQ 100 INDEX ETF,,Hong Kong,HKEX,CNY
8285,SLING GROUP HOLDINGS LTD.,,Hong Kong,HKEX,HKD
8286,"SHANXI CHANGCHENG MICROLIGHT CO., LTD.",,Hong Kong,HKEX,HKD
37,FAR EAST HOTELS AND ENTERTAINMENT LIMITED,,Hong Kong,HKEX,HKD
8290,AHSAY BACKUP SOFTWARE DEVELOPMENT COMPANY LIMITED,,Hong Kong,HKEX,HKD
8291,HONG KONG ENTERTAINMENT INTERNATIONAL LTD.,,Hong Kong,HKEX,HKD
8292,WORLDGATE GLOBAL LOGISTICS LTD.,,Hong Kong,HKEX,HKD
8293,SINGASIA HOLDINGS LTD.,,Hong Kong,HKEX,HKD
8269,WEALTH GLORY HOLDINGS LTD.,,Hong Kong,HKEX,HKD
8268,SMART CITY DEVELOPMENT HOLDINGS LTD.,,Hong Kong,HKEX,HKD
7630,"IMPACT THERAPEUTICS, INC.",,Hong Kong,HKEX,HKD
8267,LINEKONG INTERACTIVE GROUP CO. LTD.,,Hong Kong,HKEX,HKD
9989,"SHENZHEN HEPALINK PHARMACEUTICAL GROUP CO., LTD.",,Hong Kong,HKEX,HKD
9990,ARCHOSAUR GAMES INC.,,Hong Kong,HKEX,HKD
82388,BOC HONG KONG (HOLDINGS) LIMITED,,Hong Kong,HKEX,CNY
9991,BAOZUN INC.,,Hong Kong,HKEX,HKD
9992,POP MART INTERNATIONAL GROUP LIMITED,,Hong Kong,HKEX,HKD
9993,"RADIANCE HOLDINGS GROUP CO., LTD.",,Hong Kong,HKEX,HKD
8239,CAPITAL FINANCE HOLDINGS LTD.,,Hong Kong,HKEX,HKD
9995,"REMEGEN CO., LTD.",,Hong Kong,HKEX,HKD
9996,PEIJIA MEDICAL LTD.,,Hong Kong,HKEX,HKD
9998,KWAN YONG HOLDINGS LTD.,,Hong Kong,HKEX,HKD
9987,YUM CHINA HOLDINGS INC.,,Hong Kong,HKEX,HKD
9999,NETEASE INC.,,Hong Kong,HKEX,HKD
7687,"EACON GROUP CO., LTD.",,Hong Kong,HKEX,HKD
8241,YING KEE TEA HOUSE GROUP LTD.,,Hong Kong,HKEX,HKD
8245,"SHANYU GROUP HOLDINGS CO., LTD.",,Hong Kong,HKEX,HKD
8246,ZHONGHUA GAS HOLDINGS LTD.,,Hong Kong,HKEX,HKD
8247,BIOSINO BIO-TECHNOLOGY AND SCIENCE INC.,,Hong Kong,HKEX,HKD
8249,"ZHEJIANG RUIYUAN INTELLIGENT CONTROL TECHNOLOGY CO., LTD.",,Hong Kong,HKEX,HKD
8250,SILK ROAD ENERGY SERVICES GROUP LIMITED,,Hong Kong,HKEX,HKD
7666,"METIS TECHBIO CO., LTD.",,Hong Kong,HKEX,HKD
7656,"RECONOVA TECHNOLOGIES CO., LTD.",,Hong Kong,HKEX,HKD
8262,SUPER STRONG HOLDINGS LTD.,,Hong Kong,HKEX,HKD
7688,"SHANGHAI TOP NUMERICAL CONTROL TECHNOLOGY CO., LTD.",,Hong Kong,HKEX,HKD
6936,SF HOLDING CO. LTD.,,Hong Kong,HKEX,HKD
312,SHIRBLE DEPARTMENT STORE HOLDINGS,,Hong Kong,HKEX,HKD
6933,"SINO-ENTERTAINMENT TECHNOLOGY CO., LTD.",,Hong Kong,HKEX,HKD
1660,ZHAOBANGJI LIFESTYLE HOLDINGS LIMITED,,Hong Kong,HKEX,HKD
1661,CHINA FRONTIER TECHNOLOGY GROUP LTD.,,Hong Kong,HKEX,HKD
1662,YEE HOP HOLDINGS LTD,,Hong Kong,HKEX,HKD
1663,SINO HARBOUR HOLDINGS GROUP LTD.,,Hong Kong,HKEX,HKD
1666,"TONG REN TANG TECHNOLOGIES CO., LTD.",,Hong Kong,HKEX,HKD
1667,DIMMI LIFE HOLDINGS LTD.,,Hong Kong,HKEX,HKD
1668,CHINA SOUTH CITY HOLDINGS LTD.,,Hong Kong,HKEX,HKD
1669,GLOBAL INTERNATIONAL CREDIT GROUP LTD.,,Hong Kong,HKEX,HKD
1671,"TIANJIN TIANBAO ENERGY CO., LTD.",,Hong Kong,HKEX,HKD
1658,"POSTAL SAVINGS BANK OF CHINA CO., LTD.",,Hong Kong,HKEX,HKD
1672,ASCLETIS PHARMA INC.,,Hong Kong,HKEX,HKD
195,GREENTECH TECHNOLOGY INTERNATIONAL LIMITED,,Hong Kong,HKEX,HKD
1675,ASIAINFO TECHNOLOGIES LIMITED,,Hong Kong,HKEX,HKD
1676,GAODI HOLDINGS LTD.,,Hong Kong,HKEX,HKD
1679,RISECOMM GROUP HOLDINGS LTD.,,Hong Kong,HKEX,HKD
1680,MACAU LEGEND DEVELOPMENT LTD.,,Hong Kong,HKEX,HKD
1681,CONSUN PHARMACEUTICAL GROUP LIMITED,,Hong Kong,HKEX,HKD
1682,HANG PIN LIVING TECHNOLOGY CO. LTD.,,Hong Kong,HKEX,HKD
1683,HOPE LIFE INTERNATIONAL HOLDINGS LIMITED,,Hong Kong,HKEX,HKD
1685,BOER POWER HOLDINGS LTD.,,Hong Kong,HKEX,HKD
1673,HUAZHANG TECHNOLOGY HOLDING LIMITED,,Hong Kong,HKEX,HKD
1686,SUNEVISION HOLDINGS LTD.,,Hong Kong,HKEX,HKD
1657,SG GROUP HOLDINGS LIMITED,,Hong Kong,HKEX,HKD
1655,OKURA HOLDINGS LTD.,,Hong Kong,HKEX,HKD
1629,CHAMPION ALLIANCE INTERNATIONAL HOLDINGS LTD.,,Hong Kong,HKEX,HKD
1630,KIN SHING HOLDINGS LTD.,,Hong Kong,HKEX,HKD
1631,REF HOLDINGS LIMITED,,Hong Kong,HKEX,HKD
1632,MINSHANG CREATIVE TECHNOLOGY HOLDINGS LIMITED,,Hong Kong,HKEX,HKD
1633,SHEUNG YUE GROUP HOLDINGS LIMITED,,Hong Kong,HKEX,HKD
1635,"SHANGHAI DAZHONG PUBLIC UTILITIES GROUP CO., LTD.",,Hong Kong,HKEX,HKD
1636,CHINA METAL RESOURCES UTILIZATION LIMITED,,Hong Kong,HKEX,HKD
1637,SH GROUP HOLDINGS LTD.,,Hong Kong,HKEX,HKD
1638,KAISA GROUP HOLDINGS LTD.,,Hong Kong,HKEX,HKD
1656,ISDN HOLDINGS LTD.,,Hong Kong,HKEX,HKD
1640,RUICHENG CHINA MEDIA GROUP LTD.,,Hong Kong,HKEX,HKD
1643,"MODERN CHINESE MEDICINE GROUP CO., LTD.",,Hong Kong,HKEX,HKD
193,CAPITAL ESTATE LIMITED,,Hong Kong,HKEX,HKD
194,LIU CHONG HING INVESTMENT LIMITED,,Hong Kong,HKEX,HKD
1645,HAINA INTELLIGENT EQUIPMENT INTERNATIONAL HOLDINGS LTD.,,Hong Kong,HKEX,HKD
1647,GRANDSHORES TECHNOLOGY GROUP LIMITED,,Hong Kong,HKEX,HKD
1650,HYGIEIA GROUP LTD.,,Hong Kong,HKEX,HKD
1651,PRECISION TSUGAMI (CHINA) CORPORATION LIMITED,,Hong Kong,HKEX,HKD
1652,"FUSEN PHARMACEUTICAL CO., LTD.",,Hong Kong,HKEX,HKD
1653,MOS HOUSE GROUP LTD.,,Hong Kong,HKEX,HKD
1641,"HONGXING COLDCHAIN (HUNAN) CO., LTD.",,Hong Kong,HKEX,HKD
1688,LINGYI ITECH (GUANGDONG) COMPANY,,Hong Kong,HKEX,HKD
1689,HUAXI HOLDINGS CO. LTD.,,Hong Kong,HKEX,HKD
1690,LAP KEI ENGINEERING HOLDINGS LIMITED,,Hong Kong,HKEX,HKD
1720,PUTIAN COMMUNICATION GROUP LIMITED,,Hong Kong,HKEX,HKD
1721,FSM HOLDINGS LTD.,,Hong Kong,HKEX,HKD
1722,KIN PANG HOLDINGS LTD.,,Hong Kong,HKEX,HKD
1723,MOON INC.,,Hong Kong,HKEX,HKD
1725,USPACE TECHNOLOGY GROUP LTD.,,Hong Kong,HKEX,HKD
1726,HKE HOLDINGS LTD.,,Hong Kong,HKEX,HKD
1727,HEBEI CONSTRUCTION GROUP CORPORATION LIMITED,,Hong Kong,HKEX,HKD
1728,CHINA ZHENGTONG AUTO SERVICES HOLDINGS LTD.,,Hong Kong,HKEX,HKD
1729,TIME INTERCONNECT TECHNOLOGY LIMITED,,Hong Kong,HKEX,HKD
1719,CHINA INFRASTRUCTURE & LOGISTICS GROUP LTD.,,Hong Kong,HKEX,HKD
1731,PROSPEROUS INDUSTRIAL HOLDINGS LTD.,,Hong Kong,HKEX,HKD
1733,E-COMMODITIES HOLDINGS LTD.,,Hong Kong,HKEX,HKD
1735,CENTRAL NEW ENERGY HOLDING GROUP LTD.,,Hong Kong,HKEX,HKD
1736,CHINA PARENTING NETWORK HOLDINGS LTD.,,Hong Kong,HKEX,HKD
1737,A & S GROUP HOLDINGS LTD.,,Hong Kong,HKEX,HKD
1738,FEISHANG ANTHRACITE RESOURCES LIMITED,,Hong Kong,HKEX,HKD
1739,QEEKA HOME (CAYMAN) INC.,,Hong Kong,HKEX,HKD
1740,VALUES CULTURAL INVESTMENT LTD.,,Hong Kong,HKEX,HKD
1741,SHING CHI HOLDINGS LTD.,,Hong Kong,HKEX,HKD
1742,HPC HOLDINGS LTD.,,Hong Kong,HKEX,HKD
1732,XIANGXING INTERNATIONAL HOLDING LTD.,,Hong Kong,HKEX,HKD
1718,WAN KEI GROUP HOLDINGS LTD.,,Hong Kong,HKEX,HKD
1717,AUSNUTRIA DAIRY CORP LTD.,,Hong Kong,HKEX,HKD
1716,MOST KWAI CHUNG LTD.,,Hong Kong,HKEX,HKD
1691,JS GLOBAL LIFESTYLE CO. LTD.,,Hong Kong,HKEX,HKD
1692,TOWN RAY HOLDINGS LTD.,,Hong Kong,HKEX,HKD
1693,BGMC INTERNATIONAL LTD.,,Hong Kong,HKEX,HKD
1695,S&P INTERNATIONAL HOLDING LTD.,,Hong Kong,HKEX,HKD
1696,SISRAM MEDICAL LTD.,,Hong Kong,HKEX,HKD
196,HONGHUA GROUP LIMITED,,Hong Kong,HKEX,HKD
1697,SHANDONG INTERNATIONAL TRUST CO. LTD.,,Hong Kong,HKEX,HKD
1698,TENCENT MUSIC ENTERTAINMENT GROUP,,Hong Kong,HKEX,HKD
1701,TU YI HOLDING CO. LTD.,,Hong Kong,HKEX,HKD
1702,DONGGUANG CHEMICAL LTD.,,Hong Kong,HKEX,HKD
1703,WELIFE TECHNOLOGY LTD.,,Hong Kong,HKEX,HKD
1705,B & S INTERNATIONAL HOLDINGS LTD.,,Hong Kong,HKEX,HKD
1707,GEOTECH HOLDINGS LTD.,,Hong Kong,HKEX,HKD
1708,"NANJING SAMPLE TECHNOLOGY CO., LTD.",,Hong Kong,HKEX,HKD
1709,DL HOLDINGS GROUP LTD.,,Hong Kong,HKEX,HKD
1710,TRIO INDUSTRIAL ELECTRONICS GROUP LIMITED,,Hong Kong,HKEX,HKD
1711,ULFERTS INTERNATIONAL LTD.,,Hong Kong,HKEX,HKD
197,HENG TAI CONSUMABLES GROUP LIMITED,,Hong Kong,HKEX,HKD
1712,DRAGON MINING LIMITED,,Hong Kong,HKEX,HKD
1713,"SICHUAN ENERGY INVESTMENT CO., LTD.",,Hong Kong,HKEX,HKD
1715,VOLCANO SPRING INTERNATIONAL LTD.,,Hong Kong,HKEX,HKD
1628,YUZHOU GROUP HOLDINGS CO. LTD.,,Hong Kong,HKEX,HKD
191,LAI SUN GARMENT,,Hong Kong,HKEX,HKD
1627,ABLE ENGINEERING HOLDINGS LIMITED,,Hong Kong,HKEX,HKD
189,DONGYUE GROUP LIMITED,,Hong Kong,HKEX,HKD
1541,IMMUNEONCO BIOPHARMACEUTICAL INC.,,Hong Kong,HKEX,HKD
183,WINFULL GROUP HOLDINGS LIMITED,,Hong Kong,HKEX,HKD
1542,"TAIZHOU WATER GROUP CO., LTD.",,Hong Kong,HKEX,HKD
1543,"GUANGDONG JOIN-SHARE FINANCING GUARANTEE INVESTMENT CO., LTD.",,Hong Kong,HKEX,HKD
1545,DESIGN CAPITAL LTD.,,Hong Kong,HKEX,HKD
1546,THELLOY DEVELOPMENT GROUP LIMITED,,Hong Kong,HKEX,HKD
1547,IBI GROUP HOLDINGS LTD.,,Hong Kong,HKEX,HKD
1548,GENSCRIPT BIOTECH CORPORATION,,Hong Kong,HKEX,HKD
1549,EVER HARVEST GROUP HOLDINGS LIMITED,,Hong Kong,HKEX,HKD
1540,LEFT FIELD PRINTING GROUP LIMITED,,Hong Kong,HKEX,HKD
1551,"GUANGZHOU RURAL COMMERCIAL BANK CO., LTD.",,Hong Kong,HKEX,HKD
184,KECK SENG INVESTMENTS,,Hong Kong,HKEX,HKD
1553,MAIKE TUBE INDUSTRY HOLDINGS LIMITED,,Hong Kong,HKEX,HKD
1555,MIE HOLDINGS CORPORATION,,Hong Kong,HKEX,HKD
1556,CHINNEY KIN WING HOLDINGS LIMITED,,Hong Kong,HKEX,HKD
1557,KH GROUP HOLDINGS LTD.,,Hong Kong,HKEX,HKD
1559,KWAN ON HOLDINGS LTD.,,Hong Kong,HKEX,HKD
1560,STAR GROUP ASIA LTD.,,Hong Kong,HKEX,HKD
1561,PAN ASIA DATA HOLDINGS INC.,,Hong Kong,HKEX,HKD
1563,ALLIANCE INTERNATIONAL EDUCATION LEASING HOLDINGS LTD.,,Hong Kong,HKEX,HKD
1552,BHCC HOLDING LTD.,,Hong Kong,HKEX,HKD
1539,UNITY GROUP HOLDINGS INTERNATIONAL LTD.,,Hong Kong,HKEX,HKD
1538,ZHONG AO HOME GROUP LTD.,,Hong Kong,HKEX,HKD
1536,YUK WING GROUP HOLDINGS LTD.,,Hong Kong,HKEX,HKD
1500,IN CONSTRUCTION HOLDINGS LTD.,,Hong Kong,HKEX,HKD
1501,"SHANGHAI INTERNATIONAL MEDICAL INSTRUMENTS CO., LTD.",,Hong Kong,HKEX,HKD
1502,FINANCIAL STREET PROPERTY CO. LTD.,,Hong Kong,HKEX,HKD
1503,CHINA MERCHANTS COMMERCIAL REAL ESTATE INVESTMENT TRUST,,Hong Kong,HKEX,HKD
1508,CHINA REINSURANCE GROUP CORPORATION,,Hong Kong,HKEX,HKD
1511,"UISEE TECHNOLOGIES (BEIJING) CO., LTD.",,Hong Kong,HKEX,HKD
1513,"LIVZON PHARMACEUTICAL GROUP CO., LTD.",,Hong Kong,HKEX,HKD
1515,CHINA RESOURCES MEDICAL HOLDINGS COMPANY LIMITED,,Hong Kong,HKEX,HKD
1516,SUNAC SERVICES HOLDINGS LTD.,,Hong Kong,HKEX,HKD
1518,NEW CENTURY HEALTHCARE HOLDINGS CO. LTD.,,Hong Kong,HKEX,HKD
1519,J&T GLOBAL EXPRESS LTD.,,Hong Kong,HKEX,HKD
1520,VIRTUAL MIND HOLDING CO. LTD.,,Hong Kong,HKEX,HKD
1521,FRONTAGE HOLDINGS CORPORATION,,Hong Kong,HKEX,HKD
1522,BII RAILWAY TRANSPORTATION TECHNOLOGY INC.,,Hong Kong,HKEX,HKD
1525,SHANGHAI GENCH EDUCATION GROUP LIMITED,,Hong Kong,HKEX,HKD
1526,RICI HEALTHCARE HOLDINGS LTD.,,Hong Kong,HKEX,HKD
1527,"ZHEJIANG TENGY ENVIRONMENTAL TECHNOLOGY CO., LTD.",,Hong Kong,HKEX,HKD
1528,RED STAR MACALLINE GROUP CORPORATION LTD.,,Hong Kong,HKEX,HKD
1529,YUES INTERNATIONAL HOLDINGS LIMITED,,Hong Kong,HKEX,HKD
1530,3SBIO INC.,,Hong Kong,HKEX,HKD
1532,CHINA PARTYTIME CULTURE HOLDINGS LIMITED,,Hong Kong,HKEX,HKD
1565,VIRSCEND EDUCATION COMPANY LIMITED,,Hong Kong,HKEX,HKD
1745,LVJI TECHNOLOGY HOLDINGS INC.,,Hong Kong,HKEX,HKD
1566,CA CULTURAL TECHNOLOGY GROUP LTD.,,Hong Kong,HKEX,HKD
1569,MINSHENG EDUCATION GROUP CO. LTD.,,Hong Kong,HKEX,HKD
1600,TIAN LUN GAS HOLDINGS LTD.,,Hong Kong,HKEX,HKD
1601,"ZHONGGUANCUN SCIENCE-TECH CO., LTD.",,Hong Kong,HKEX,HKD
187,BEIJING JINGCHENG MACHINERY ELECTRIC COMPANY LIMITED,,Hong Kong,HKEX,HKD
1606,"CHINA DEVELOPMENT BANK FINANCIAL LEASING CO., LTD.",,Hong Kong,HKEX,HKD
1608,VPOWER GROUP INTERNATIONAL HOLDINGS LTD.,,Hong Kong,HKEX,HKD
1609,"STAR SPORTS MEDICINE CO., LTD.",,Hong Kong,HKEX,HKD
1610,COFCO JOYCOME FOODS LTD,,Hong Kong,HKEX,HKD
1611,SINOHOPE TECHNOLOGY HOLDINGS LIMITED,,Hong Kong,HKEX,HKD
1612,VINCENT MEDICAL HOLDINGS LTD.,,Hong Kong,HKEX,HKD
1599,"BEIJING URBAN CONSTRUCTION INVESTMENT & DEVELOPMENT CO., LTD.",,Hong Kong,HKEX,HKD
188,SUNWAH KINGSWAY CAPITAL HOLDINGS LIMITED,,Hong Kong,HKEX,HKD
1615,AB BUILDERS GROUP LTD.,,Hong Kong,HKEX,HKD
1616,A METAVERSE CO.,,Hong Kong,HKEX,HKD
1617,NANFANG COMMUNICATION HOLDINGS LIMITED,,Hong Kong,HKEX,HKD
1618,METALLURGICAL CORPORATION OF CHINA LTD.,,Hong Kong,HKEX,HKD
1620,CHINESE INTERNATIONAL GROUP HOLDINGS LTD.,,Hong Kong,HKEX,HKD
1621,VICO INTERNATIONAL HOLDINGS LIMITED,,Hong Kong,HKEX,HKD
1622,REDCO PROPERTIES GROUP LTD.,,Hong Kong,HKEX,HKD
1623,HILONG HOLDING LTD.,,Hong Kong,HKEX,HKD
1626,JIA YAO HOLDINGS LTD.,,Hong Kong,HKEX,HKD
1613,SYNERTONE COMMUNICATION CORPORATION,,Hong Kong,HKEX,HKD
1598,CHINA 21ST CENTURY EDUCATION GROUP LIMITED,,Hong Kong,HKEX,HKD
1597,CHINA NATURE ENERGY TECHNOLOGY HOLDINGS LIMITED,,Hong Kong,HKEX,HKD
1596,"HEBEI YICHEN INDUSTRIAL GROUP CO., LTD.",,Hong Kong,HKEX,HKD
1570,WEIYE HOLDINGS LTD.,,Hong Kong,HKEX,HKD
185,ZENSUN ENTERPRISES LIMITED,,Hong Kong,HKEX,HKD
1571,XIN POINT HOLDINGS LIMITED,,Hong Kong,HKEX,HKD
1572,CHINA ART FINANCIAL HOLDINGS LIMITED,,Hong Kong,HKEX,HKD
1575,REGAL PARTNERS HOLDINGS LTD.,,Hong Kong,HKEX,HKD
1576,"QILU EXPRESSWAY CO., LTD.",,Hong Kong,HKEX,HKD
1577,QUANZHOU HUIXIN MICRO-CREDIT CO. LTD.,,Hong Kong,HKEX,HKD
1578,"BANK OF TIANJIN CO., LTD.",,Hong Kong,HKEX,HKD
1579,YIHAI INTERNATIONAL HOLDING LTD.,,Hong Kong,HKEX,HKD
1580,DA SEN HOLDINGS GROUP LTD.,,Hong Kong,HKEX,HKD
1581,PROGRESSIVE PATH GROUP HOLDINGS LIMITED,,Hong Kong,HKEX,HKD
1582,CR CONSTRUCTION GROUP HOLDINGS LIMITED,,Hong Kong,HKEX,HKD
186,NIMBLE HOLDINGS COMPANY LIMITED,,Hong Kong,HKEX,HKD
1583,QINQIN FOODSTUFFS GROUP (CAYMAN) COMPANY LIMITED,,Hong Kong,HKEX,HKD
1585,YADEA GROUP HOLDINGS LTD.,,Hong Kong,HKEX,HKD
1586,CHINA LEON INSPECTION HOLDING LTD.,,Hong Kong,HKEX,HKD
1587,SHINEROA INTERNATIONAL HOLDINGS LIMITED,,Hong Kong,HKEX,HKD
1588,CHANJET INFORMATION TECHNOLOGY COMPANY LIMITED,,Hong Kong,HKEX,HKD
1591,SHUN WO GROUP HOLDINGS LTD.,,Hong Kong,HKEX,HKD
1592,ANCHORSTONE HOLDINGS LTD.,,Hong Kong,HKEX,HKD
1593,CHEN LIN EDUCATION GROUP HOLDINGS LTD.,,Hong Kong,HKEX,HKD
1568,SUNDART HOLDINGS LIMITED,,Hong Kong,HKEX,HKD
1499,OKG TECHNOLOGY HOLDINGS LTD,,Hong Kong,HKEX,HKD
1746,MAN SHUN GROUP HOLDINGS LTD.,,Hong Kong,HKEX,HKD
1748,XIN YUAN ENTERPRISES GROUP LIMITED,,Hong Kong,HKEX,HKD
1901,FEIYANG INTERNATIONAL HOLDINGS GROUP LTD.,,Hong Kong,HKEX,HKD
1903,JBB BUILDERS INTERNATIONAL LTD.,,Hong Kong,HKEX,HKD
1905,"HAITONG UNITRUST INTERNATIONAL CO., LTD.",,Hong Kong,HKEX,HKD
1906,BONNY INTERNATIONAL HOLDING LTD.,,Hong Kong,HKEX,HKD
1907,CHINA RISUN GROUP LTD,,Hong Kong,HKEX,HKD
1908,C&D INTERNATIONAL INVESTMENT GROUP LTD.,,Hong Kong,HKEX,HKD
1909,FIRE ROCK HOLDINGS LTD.,,Hong Kong,HKEX,HKD
1910,SAMSONITE INTERNATIONAL S.A.,,Hong Kong,HKEX,HKD
1911,CHINA RENAISSANCE HOLDINGS LIMITED,,Hong Kong,HKEX,HKD
1900,CHINA ITS HOLDINGS CO. LTD.,,Hong Kong,HKEX,HKD
1912,"CONTEL TECHNOLOGY CO., LTD.",,Hong Kong,HKEX,HKD
1915,YANGZHOU GUANGLING DISTRICT DEVELOPMENT CO. LTD.,,Hong Kong,HKEX,HKD
1916,"JIANGXI BANK CO., LTD.",,Hong Kong,HKEX,HKD
1917,DOUMOB INC.,,Hong Kong,HKEX,HKD
1918,SUNAC CHINA HOLDINGS LTD.,,Hong Kong,HKEX,HKD
1919,"COSCO SHIPPING HOLDINGS CO., LTD.",,Hong Kong,HKEX,HKD
1920,"CHINA WACAN GROUP CO., LTD.",,Hong Kong,HKEX,HKD
1921,DALIPAL HOLDINGS LTD.,,Hong Kong,HKEX,HKD
1925,KWUNG'S AROMA HOLDINGS LTD.,,Hong Kong,HKEX,HKD
1927,JIUJIUWANG FOOD INTERNATIONAL LIMITED,,Hong Kong,HKEX,HKD
1913,PRADA S.P.A.,,Hong Kong,HKEX,HKD
1928,SANDS CHINA LTD.,,Hong Kong,HKEX,HKD
1899,XINGDA INTERNATIONAL HOLDINGS LIMITED,,Hong Kong,HKEX,HKD
1897,MILLION HOPE INDUSTRIES HOLDINGS LTD.,,Hong Kong,HKEX,HKD
1871,CHINA ORIENTED INTERNATIONAL HOLDINGS LTD.,,Hong Kong,HKEX,HKD
1872,GUAN CHAO HOLDINGS LTD.,,Hong Kong,HKEX,HKD
1873,VIVA BIOTECH HOLDINGS,,Hong Kong,HKEX,HKD
1875,"TOT BIOPHARM INTERNATIONAL CO., LTD.",,Hong Kong,HKEX,HKD
1876,BUDWEISER BREWING COMPANY APAC LIMITED,,Hong Kong,HKEX,HKD
1877,"SHANGHAI JUNSHI BIOSCIENCES CO., LTD.",,Hong Kong,HKEX,HKD
1878,SOUTHGOBI RESOURCES LTD.,,Hong Kong,HKEX,HKD
1879,"SHANGHAI XIZHI TECHNOLOGY CO., LTD.",,Hong Kong,HKEX,HKD
1880,CHINA TOURISM GROUP DUTY FREE CORPORATION LIMITED,,Hong Kong,HKEX,HKD
1898,"CHINA COAL ENERGY CO., LTD.",,Hong Kong,HKEX,HKD
1881,REGAL REAL ESTATE INVESTMENT TRUST,,Hong Kong,HKEX,HKD
1883,CITIC TELECOM INTERNATIONAL HOLDINGS LTD.,,Hong Kong,HKEX,HKD
1884,EPRINT GROUP LTD.,,Hong Kong,HKEX,HKD
1888,KINGBOARD LAMINATES HOLDINGS LTD.,,Hong Kong,HKEX,HKD
1889,SANAI HEALTH INDUSTRY GROUP COMPANY LIMITED,,Hong Kong,HKEX,HKD
1890,CHINA KEPEI EDUCATION GROUP LTD.,,Hong Kong,HKEX,HKD
1891,HENG HUP HOLDINGS LTD.,,Hong Kong,HKEX,HKD
1894,HANG YICK HOLDINGS COMPANY LIMITED,,Hong Kong,HKEX,HKD
1895,XINYUAN PROPERTY MANAGEMENT SERVICE (CAYMAN) LTD.,,Hong Kong,HKEX,HKD
1896,MAOYAN ENTERTAINMENT,,Hong Kong,HKEX,HKD
1882,HAITIAN INTERNATIONAL HOLDINGS LTD.,,Hong Kong,HKEX,HKD
1929,CHOW TAI FOOK JEWELLERY GROUP LIMITED,,Hong Kong,HKEX,HKD
1930,"SHINELONG AUTOMOTIVE LIGHTING TECHNOLOGY CO., LTD.",,Hong Kong,HKEX,HKD
1931,IVD MEDICAL HOLDING LTD.,,Hong Kong,HKEX,HKD
1961,INFINITIES TECHNOLOGY INTERNATIONAL INC.,,Hong Kong,HKEX,HKD
1962,EVERGREEN PRODUCTS GROUP LTD.,,Hong Kong,HKEX,HKD
1963,"BANK OF CHONGQING CO., LTD.",,Hong Kong,HKEX,HKD
1965,"LANDSEA GREEN LIFE SERVICE CO., LTD.",,Hong Kong,HKEX,HKD
1966,CHINA SCE PROPERTY HOLDINGS LIMITED,,Hong Kong,HKEX,HKD
1967,CONFIDENCE INTELLIGENCE HOLDINGS LTD.,,Hong Kong,HKEX,HKD
1968,HINGTEX HOLDINGS LTD.,,Hong Kong,HKEX,HKD
1969,"CHINA CHUNLAI EDUCATION GROUP CO., LTD.",,Hong Kong,HKEX,HKD
1970,"IMAX CHINA HOLDING, INC.",,Hong Kong,HKEX,HKD
1960,TBK & SONS HOLDINGS LTD.,,Hong Kong,HKEX,HKD
1971,REDSUN SERVICES GROUP LTD.,,Hong Kong,HKEX,HKD
1973,"TIAN TU CAPITAL CO., LTD.",,Hong Kong,HKEX,HKD
1975,SUN HING PRINTING HOLDINGS LTD.,,Hong Kong,HKEX,HKD
1977,ANALOGUE HOLDINGS LIMITED,,Hong Kong,HKEX,HKD
1978,LH GROUP LIMITED,,Hong Kong,HKEX,HKD
1979,TEN PAO GROUP HOLDINGS LIMITED,,Hong Kong,HKEX,HKD
1980,TIAN GE INTERACTIVE HOLDINGS LIMITED,,Hong Kong,HKEX,HKD
1981,CATHAY GROUP HOLDINGS INC.,,Hong Kong,HKEX,HKD
1982,NAMESON HOLDINGS LIMITED,,Hong Kong,HKEX,HKD
1983,LUZHOU BANK CO. LTD.,,Hong Kong,HKEX,HKD
1972,SWIRE PROPERTIES LTD.,,Hong Kong,HKEX,HKD
1959,CENTENARY UNITED HOLDINGS LIMITED,,Hong Kong,HKEX,HKD
1958,BAIC MOTOR CORP. LTD.,,Hong Kong,HKEX,HKD
1957,MBV INTERNATIONAL LTD.,,Hong Kong,HKEX,HKD
1932,CPM GROUP LTD.,,Hong Kong,HKEX,HKD
1933,ONEFORCE HOLDINGS LTD.,,Hong Kong,HKEX,HKD
1935,JH EDUCATIONAL TECHNOLOGY INC.,,Hong Kong,HKEX,HKD
1936,RITAMIX GLOBAL LTD.,,Hong Kong,HKEX,HKD
1937,JIACHEN HOLDING GROUP LTD.,,Hong Kong,HKEX,HKD
1938,CHU KONG PETROLEUM & NATURAL GAS CO. LTD.,,Hong Kong,HKEX,HKD
1939,TOKYO CHUO AUCTION HOLDINGS LTD.,,Hong Kong,HKEX,HKD
1940,"CHINA GAS INDUSTRY INVESTMENT HOLDINGS CO., LTD.",,Hong Kong,HKEX,HKD
1941,YE XING HOLDINGS LTD.,,Hong Kong,HKEX,HKD
1942,MOG DIGITECH HOLDINGS LTD.,,Hong Kong,HKEX,HKD
1943,KING'S STONE HOLDINGS GROUP CO. LTD.,,Hong Kong,HKEX,HKD
1945,ZERO2IPO HOLDINGS INC.,,Hong Kong,HKEX,HKD
1947,"MEIHAO MEDICAL GROUP CO., LTD.",,Hong Kong,HKEX,HKD
1948,UJU HOLDING LIMITED,,Hong Kong,HKEX,HKD
1949,PLATT NERA INTERNATIONAL LTD.,,Hong Kong,HKEX,HKD
1950,DIWANG INDUSTRIAL HOLDINGS LIMITED,,Hong Kong,HKEX,HKD
1951,JINXIN FERTILITY GROUP LTD.,,Hong Kong,HKEX,HKD
1952,EVEREST MEDICINES LTD.,,Hong Kong,HKEX,HKD
1953,RIMBACO GROUP GLOBAL LTD.,,Hong Kong,HKEX,HKD
1955,"HONG KONG JOHNSON HOLDINGS CO., LTD.",,Hong Kong,HKEX,HKD
1956,"BEIJING ZHONGKE WENGEAI SCIENCE AND TECHNOLOGY CO., LTD. CLASS H",,Hong Kong,HKEX,HKD
1870,ACME INTERNATIONAL HOLDINGS INC.,,Hong Kong,HKEX,HKD
1869,KAFELAKU COFFEE HOLDING LTD.,,Hong Kong,HKEX,HKD
1868,NEO-NEON HOLDINGS LTD.,,Hong Kong,HKEX,HKD
1867,STANDARD DEVELOPMENT GROUP LIMITED,,Hong Kong,HKEX,HKD
1778,"COLOUR LIFE SERVICES GROUP CO., LTD.",,Hong Kong,HKEX,HKD
1779,"LONGBIO PHARMA (SUZHOU) CO., LTD.",,Hong Kong,HKEX,HKD
1780,RONGZUN INTERNATIONAL HOLDINGS LIMITED,,Hong Kong,HKEX,HKD
1782,INTERNATIONAL BUSINESS DIGITAL CORPORATION,,Hong Kong,HKEX,HKD
1783,ENVISION GREENWISE HOLDINGS INC.,,Hong Kong,HKEX,HKD
199,ITC PROPERTIES GROUP LIMITED,,Hong Kong,HKEX,HKD
1785,"CHENGDU EXPRESSWAY CO., LTD.",,Hong Kong,HKEX,HKD
1786,CRCC HIGH-TECH EQUIPMENT CORPORATION LIMITED,,Hong Kong,HKEX,HKD
1787,"SHANDONG GOLD MINING CO., LTD.",,Hong Kong,HKEX,HKD
1777,"FANTASIA HOLDINGS GROUP CO., LTD.",,Hong Kong,HKEX,HKD
1788,GUOTAI JUNAN INTERNATIONAL HOLDINGS LIMITED,,Hong Kong,HKEX,HKD
1790,TIL ENVIRO LTD.,,Hong Kong,HKEX,HKD
1792,CMON LTD.,,Hong Kong,HKEX,HKD
1793,WECON HOLDINGS LIMITED,,Hong Kong,HKEX,HKD
1795,YADONG GROUP HOLDINGS LTD.,,Hong Kong,HKEX,HKD
1796,METASPACEX LTD,,Hong Kong,HKEX,HKD
1797,EAST BUY HOLDING LTD.,,Hong Kong,HKEX,HKD
1798,"CHINA DATANG CORPORATION RENEWABLE POWER CO., LTD.",,Hong Kong,HKEX,HKD
1799,"XINTE ENERGY CO., LTD.",,Hong Kong,HKEX,HKD
1800,CHINA COMMUNICATIONS CONSTRUCTION CO. LTD.,,Hong Kong,HKEX,HKD
1789,AK MEDICAL HOLDINGS LTD.,,Hong Kong,HKEX,HKD
1776,GF SECURITIES CO. LTD.,,Hong Kong,HKEX,HKD
1775,BEXCELLENT GROUP HOLDINGS LIMITED,,Hong Kong,HKEX,HKD
1773,TIANLI INTERNATIONAL HOLDINGS LIMITED,,Hong Kong,HKEX,HKD
1749,"SHANSHAN BRAND MANAGEMENT CO., LTD.",,Hong Kong,HKEX,HKD
1750,REM GROUP HOLDINGS LTD.,,Hong Kong,HKEX,HKD
1751,KINGLAND GROUP HOLDINGS LTD.,,Hong Kong,HKEX,HKD
1752,TOP EDUCATION GROUP LTD.,,Hong Kong,HKEX,HKD
1753,DUIBA GROUP LIMITED,,Hong Kong,HKEX,HKD
1755,"S-ENJOY SERVICE GROUP CO., LTD.",,Hong Kong,HKEX,HKD
1756,CHINA VOCATIONAL EDUCATION HOLDINGS LIMITED,,Hong Kong,HKEX,HKD
1757,AFFLUENT FOUNDATION HOLDINGS,,Hong Kong,HKEX,HKD
1758,"BOJUN EDUCATION CO., LTD.",,Hong Kong,HKEX,HKD
1759,SINO GAS HOLDINGS GROUP LTD.,,Hong Kong,HKEX,HKD
1760,INTRON TECHNOLOGY HOLDINGS LIMITED,,Hong Kong,HKEX,HKD
1762,WANKA ONLINE INC.,,Hong Kong,HKEX,HKD
1763,CHINA ISOTOPE & RADIATION CORPORATION,,Hong Kong,HKEX,HKD
1765,"XJ INTERNATIONAL HOLDINGS CO., LTD.",,Hong Kong,HKEX,HKD
1766,CRRC CORPORATION LIMITED,,Hong Kong,HKEX,HKD
1767,TS WONDERS HOLDING LTD.,,Hong Kong,HKEX,HKD
1768,"BUSY MING GROUP CO., LTD.",,Hong Kong,HKEX,HKD
1769,SCHOLAR EDUCATION GROUP,,Hong Kong,HKEX,HKD
1770,DKE HOLDING COMPANY LIMITED,,Hong Kong,HKEX,HKD
1771,SUNFONDA GROUP HOLDINGS LTD.,,Hong Kong,HKEX,HKD
1772,"GANFENG LITHIUM GROUP CO., LTD.",,Hong Kong,HKEX,HKD
1801,INNOVENT BIOLOGICS INC.,,Hong Kong,HKEX,HKD
1747,HOME CONTROL INTERNATIONAL LIMITED,,Hong Kong,HKEX,HKD
305,WULING MOTORS HOLDINGS LIMITED,,Hong Kong,HKEX,HKD
1803,BEIJING SPORTS AND ENTERTAINMENT INDUSTRY GROUP LIMITED,,Hong Kong,HKEX,HKD
1842,GROWN UP GROUP INVESTMENTS HOLDINGS LTD.,,Hong Kong,HKEX,HKD
1843,SNACK EMPIRE HOLDINGS LTD.,,Hong Kong,HKEX,HKD
1845,WEIGANG ENVIRONMENTAL TECHNOLOGY INC.,,Hong Kong,HKEX,HKD
1846,EUROEYES INTERNATIONAL EYE CLINIC LTD.,,Hong Kong,HKEX,HKD
1847,YCIH GREEN HIGH-PERFORMANCE CO. LTD.,,Hong Kong,HKEX,HKD
1848,CHINA AIRCRAFT LEASING GROUP HOLDINGS LTD.,,Hong Kong,HKEX,HKD
1849,AM GROUP HOLDINGS LIMITED,,Hong Kong,HKEX,HKD
1850,HSC RESOURCES GROUP LTD.,,Hong Kong,HKEX,HKD
1851,CHINA GINGKO EDUCATION GROUP LTD.,,Hong Kong,HKEX,HKD
1841,A.PLUS GROUP HOLDINGS LTD,,Hong Kong,HKEX,HKD
1853,JILIN PROVINCE CHUNCHENG HEATING COMPANY LIMITED,,Hong Kong,HKEX,HKD
1855,ZONQING ENVIRONMENTAL LTD.,,Hong Kong,HKEX,HKD
1856,ERNEST BOREL HOLDINGS LTD.,,Hong Kong,HKEX,HKD
1857,CHINA EVERBRIGHT WATER LIMITED,,Hong Kong,HKEX,HKD
1858,"BEIJING CHUNLIZHENGDA MEDICAL INSTRUMENTS CO., LTD.",,Hong Kong,HKEX,HKD
1860,MOBVISTA INC.,,Hong Kong,HKEX,HKD
1861,PRECIOUS DRAGON TECHNOLOGY HOLDINGS LIMITED,,Hong Kong,HKEX,HKD
1862,JINGRUI HOLDINGS LTD.,,Hong Kong,HKEX,HKD
1865,TRENDZON HOLDINGS GROUP LTD.,,Hong Kong,HKEX,HKD
1866,CHINA XLX FERTILISER LTD.,,Hong Kong,HKEX,HKD
1854,CHINA WANTIAN HOLDINGS LTD.,,Hong Kong,HKEX,HKD
1837,NATURAL FOOD INTERNATIONAL HOLDING LTD.,,Hong Kong,HKEX,HKD
1836,STELLA INTERNATIONAL HOLDINGS LTD.,,Hong Kong,HKEX,HKD
1835,SHANGHAI REALWAY CAPITAL INC.,,Hong Kong,HKEX,HKD
1808,ENTERPRISE DEVELOPMENT HOLDINGS LIMITED,,Hong Kong,HKEX,HKD
1809,PRINX CHENGSHAN HOLDINGS LTD.,,Hong Kong,HKEX,HKD
1810,XIAOMI CORPORATION,,Hong Kong,HKEX,HKD
1811,"CGN NEW ENERGY HOLDINGS CO., LTD.",,Hong Kong,HKEX,HKD
1812,SHANDONG CHENMING PAPER HOLDINGS LTD.,,Hong Kong,HKEX,HKD
1813,KWG GROUP HOLDINGS LTD.,,Hong Kong,HKEX,HKD
1815,CSMALL GROUP LTD.,,Hong Kong,HKEX,HKD
1816,"CGN POWER CO., LTD.",,Hong Kong,HKEX,HKD
1817,MULSANNE GROUP HOLDING LTD.,,Hong Kong,HKEX,HKD
1818,ZHAOJIN MINING INDUSTRY CO. LTD.,,Hong Kong,HKEX,HKD
1820,PACIFIC MILLENNIUM PACKAGING GROUP CORPORATION,,Hong Kong,HKEX,HKD
1822,CHINA WOOD INTERNATIONAL HOLDINGS LIMITED,,Hong Kong,HKEX,HKD
1823,HUAYU EXPRESSWAY GROUP LTD,,Hong Kong,HKEX,HKD
1825,STERLING GROUP HOLDINGS LTD.,,Hong Kong,HKEX,HKD
1826,FDB HOLDINGS LTD.,,Hong Kong,HKEX,HKD
1827,MIRICOR ENTERPRISES HOLDINGS LTD.,,Hong Kong,HKEX,HKD
1828,FWD GROUP HOLDINGS LIMITED,,Hong Kong,HKEX,HKD
1830,PERFECT MEDICAL HEALTH MANAGEMENT LTD.,,Hong Kong,HKEX,HKD
1831,SHIFANG HOLDING LTD.,,Hong Kong,HKEX,HKD
1832,SAI LEISURE GROUP CO. LTD.,,Hong Kong,HKEX,HKD
1833,PING AN HEALTHCARE AND TECHNOLOGY COMPANY LIMITED,,Hong Kong,HKEX,HKD
1802,WENYE GROUP HOLDINGS LTD.,,Hong Kong,HKEX,HKD
1498,PURAPHARM CORPORATION LTD.,,Hong Kong,HKEX,HKD
1497,"XIAMEN YAN PALACE BIRDS NEST CO., LTD.",,Hong Kong,HKEX,HKD
1496,AP RENTALS HOLDINGS LTD.,,Hong Kong,HKEX,HKD
142,FIRST PACIFIC COMPANY LIMITED,,Hong Kong,HKEX,HKD
1161,WATER OASIS GROUP LTD.,,Hong Kong,HKEX,HKD
1162,LUMINA GROUP LIMITED,,Hong Kong,HKEX,HKD
1163,ADTIGER CORPORATION LIMITED,,Hong Kong,HKEX,HKD
1164,CGN MINING CO. LTD.,,Hong Kong,HKEX,HKD
1165,SHUNFENG INTERNATIONAL CLEAN ENERGY LTD.,,Hong Kong,HKEX,HKD
1166,SOLARTECH INTERNATIONAL HOLDINGS LIMITED,,Hong Kong,HKEX,HKD
1167,"JACOBIO PHARMACEUTICALS GROUP CO., LTD.",,Hong Kong,HKEX,HKD
144,CHINA MERCHANTS PORT HOLDINGS COMPANY LIMITED,,Hong Kong,HKEX,HKD
1160,GOLDSTONE CAPITAL GROUP LTD.,,Hong Kong,HKEX,HKD
1168,SINOLINK WORLDWIDE HOLDINGS LTD.,,Hong Kong,HKEX,HKD
1171,"YANKUANG ENERGY GROUP CO., LTD.",,Hong Kong,HKEX,HKD
1172,MAGNUS CONCORDIA GROUP LTD.,,Hong Kong,HKEX,HKD
1173,VEEKO INTERNATIONAL HOLDINGS LIMITED,,Hong Kong,HKEX,HKD
145,THE HONG KONG BUILDING AND LOAN AGENCY LIMITED,,Hong Kong,HKEX,HKD
1176,"ZHUGUANG HOLDINGS GROUP CO., LTD.",,Hong Kong,HKEX,HKD
146,TAI PING CARPETS INTERNATIONAL LIMITED,,Hong Kong,HKEX,HKD
1177,SINO BIOPHARMACEUTICAL LTD.,,Hong Kong,HKEX,HKD
1179,H WORLD GROUP LIMITED,,Hong Kong,HKEX,HKD
1180,PARADISE ENTERTAINMENT LTD.,,Hong Kong,HKEX,HKD
1170,KINGMAKER FOOTWEAR HOLDINGS LIMITED,,Hong Kong,HKEX,HKD
1181,TANG PALACE (CHINA) HOLDINGS LIMITED,,Hong Kong,HKEX,HKD
1159,SMART DIGITAL TECHNOLOGY GROUP LTD.,,Hong Kong,HKEX,HKD
1156,CHINA NEW ENERGY LIMITED,,Hong Kong,HKEX,HKD
1133,"HARBIN ELECTRIC CO., LTD.",,Hong Kong,HKEX,HKD
1134,KELFRED HOLDINGS LTD.,,Hong Kong,HKEX,HKD
135,KUNLUN ENERGY COMPANY LIMITED,,Hong Kong,HKEX,HKD
1137,HONG KONG TECHNOLOGY VENTURE COMPANY LIMITED,,Hong Kong,HKEX,HKD
1138,"COSCO SHIPPING ENERGY TRANSPORTATION CO., LTD.",,Hong Kong,HKEX,HKD
1140,WEALTHINK AI-INNOVATION CAPITAL INC.,,Hong Kong,HKEX,HKD
136,HENGTEN NETWORKS GROUP LIMITED,,Hong Kong,HKEX,HKD
1141,CMBC CAPITAL HOLDINGS LTD.,,Hong Kong,HKEX,HKD
1142,E&P GLOBAL HOLDINGS LTD.,,Hong Kong,HKEX,HKD
1157,"ZOOMLION HEAVY INDUSTRY SCIENCE & TECHNOLOGY CO., LTD.",,Hong Kong,HKEX,HKD
1143,CHINA ENERGY STORAGE TECHNOLOGY INC.,,Hong Kong,HKEX,HKD
1145,COURAGE INVESTMENT GROUP LTD.,,Hong Kong,HKEX,HKD
1146,HUICHENG INTERNATIONAL HOLDINGS LIMITED,,Hong Kong,HKEX,HKD
138,CCT FORTIS HOLDINGS LIMITED,,Hong Kong,HKEX,HKD
1147,EDENSOFT HOLDINGS LTD,,Hong Kong,HKEX,HKD
1148,XINCHEN CHINA POWER HOLDINGS LIMITED,,Hong Kong,HKEX,HKD
139,CENTRAL WEALTH GROUP HOLDINGS LIMITED,,Hong Kong,HKEX,HKD
1150,MILAN STATION HOLDINGS LTD.,,Hong Kong,HKEX,HKD
1152,MOMENTUM FINANCIAL HOLDINGS LIMITED,,Hong Kong,HKEX,HKD
1153,JIAYUAN SERVICES HOLDINGS LTD.,,Hong Kong,HKEX,HKD
137,JINHUI HOLDINGS COMPANY LIMITED,,Hong Kong,HKEX,HKD
147,INTERNATIONAL BUSINESS SETTLEMENT HOLDINGS LIMITED,,Hong Kong,HKEX,HKD
1182,SUCCESS DRAGON INTERNATIONAL HOLDINGS LTD.,,Hong Kong,HKEX,HKD
1183,MECOM POWER AND CONSTRUCTION LTD.,,Hong Kong,HKEX,HKD
1213,MOBICON GROUP LTD.,,Hong Kong,HKEX,HKD
1215,KAI YUAN HOLDINGS LTD.,,Hong Kong,HKEX,HKD
1216,"ZHONGYUAN BANK CO., LTD.",,Hong Kong,HKEX,HKD
1217,CHINA INNOVATION INVESTMENT LTD.,,Hong Kong,HKEX,HKD
1218,EASYLKNIT INTERNATIONAL HOLDINGS LIMITED,,Hong Kong,HKEX,HKD
154,BEIJING ENTERPRISES ENVIRONMENT GROUP LIMITED,,Hong Kong,HKEX,HKD
1220,ZHIDAO INTERNATIONAL HOLDING CORP.,,Hong Kong,HKEX,HKD
1221,SINO HOTELS HOLDINGS LTD.,,Hong Kong,HKEX,HKD
156,LIPPO CHINA RESOURCES LIMITED,,Hong Kong,HKEX,HKD
1211,BYD COMPANY LIMITED,,Hong Kong,HKEX,HKD
1222,WANG ON GROUP LTD.,,Hong Kong,HKEX,HKD
157,NATURAL BEAUTY BIO-TECHNOLOGY LIMITED,,Hong Kong,HKEX,HKD
1224,C C LAND HOLDINGS LTD.,,Hong Kong,HKEX,HKD
1225,LERADO FINANCIAL GROUP COMPANY LIMITED,,Hong Kong,HKEX,HKD
1226,CHINA INVESTMENT & FINANCE GROUP LTD.,,Hong Kong,HKEX,HKD
1228,CANBRIDGE PHARMACEUTICALS INC.,,Hong Kong,HKEX,HKD
1229,NAN NAN RESOURCES ENTERPRISE LIMITED,,Hong Kong,HKEX,HKD
1231,NEWTON RESOURCES LTD.,,Hong Kong,HKEX,HKD
1232,GOLDEN WHEEL TIANDI HOLDINGS LIMITED,,Hong Kong,HKEX,HKD
1233,TIMES CHINA HOLDINGS LIMITED,,Hong Kong,HKEX,HKD
1223,SYMPHONY HOLDINGS LTD.,,Hong Kong,HKEX,HKD
152,SHENZHEN INTERNATIONAL HOLDINGS LIMITED,,Hong Kong,HKEX,HKD
151,WANT WANT CHINA HOLDINGS LIMITED,,Hong Kong,HKEX,HKD
1209,CHINA RESOURCES MIXC LIFESTYLE SERVICES LTD.,,Hong Kong,HKEX,HKD
1184,SAS DRAGON HOLDINGS LTD.,,Hong Kong,HKEX,HKD
1186,CHINA RAILWAY CONSTRUCTION CORPORATION LIMITED,,Hong Kong,HKEX,HKD
1187,"COFOE MEDICAL TECHNOLOGY CO., LTD.",,Hong Kong,HKEX,HKD
148,KINGBOARD HOLDINGS LIMITED,,Hong Kong,HKEX,HKD
1188,HYBRID KINETIC GROUP LTD.,,Hong Kong,HKEX,HKD
1191,"CREALIGHTS TECHNOLOGY CO., LTD.",,Hong Kong,HKEX,HKD
1193,CHINA RESOURCES GAS GROUP LTD.,,Hong Kong,HKEX,HKD
1195,KINGWELL GROUP LTD,,Hong Kong,HKEX,HKD
1196,REALORD GROUP HOLDINGS LTD.,,Hong Kong,HKEX,HKD
1198,ROYALE HOME HOLDINGS LTD.,,Hong Kong,HKEX,HKD
1199,COSCO SHIPPING PORTS LTD.,,Hong Kong,HKEX,HKD
1200,MIDLAND HOLDINGS LTD.,,Hong Kong,HKEX,HKD
149,CHINA AGRI-PRODUCTS EXCHANGE LIMITED,,Hong Kong,HKEX,HKD
1201,TESSON HOLDINGS LTD.,,Hong Kong,HKEX,HKD
1202,"CHENGDU SIWI SCIENCE AND TECHNOLOGY CO., LTD.",,Hong Kong,HKEX,HKD
1203,GDH GUANGNAN HOLDINGS LTD.,,Hong Kong,HKEX,HKD
1204,BOARDWARE INTELLIGENCE TECHNOLOGY LIMITED,,Hong Kong,HKEX,HKD
150,HYPEBEAST LIMITED,,Hong Kong,HKEX,HKD
1205,CITIC RESOURCES HOLDINGS LTD.,,Hong Kong,HKEX,HKD
1206,TECHNOVATOR INTERNATIONAL LTD.,,Hong Kong,HKEX,HKD
1208,MMG LIMITED,,Hong Kong,HKEX,HKD
1132,ORANGE SKY GOLDEN HARVEST ENTERTAINMENT (HOLDINGS) LTD.,,Hong Kong,HKEX,HKD
1130,CHINA ENVIRONMENTAL RESOURCES GROUP LIMITED,,Hong Kong,HKEX,HKD
1129,CHINA WATER INDUSTRY GROUP LIMITED,,Hong Kong,HKEX,HKD
1128,WYNN MACAU LTD.,,Hong Kong,HKEX,HKD
1060,ALIBABA PICTURES GROUP LTD.,,Hong Kong,HKEX,HKD
1061,ESSEX BIO-TECHNOLOGY LTD.,,Hong Kong,HKEX,HKD
1062,CHINA DEVELOPMENT BANK INTERNATIONAL INVESTMENT LTD.,,Hong Kong,HKEX,HKD
124,GUANGDONG LAND HOLDINGS LIMITED,,Hong Kong,HKEX,HKD
1063,SUNCORP TECHNOLOGIES LTD.,,Hong Kong,HKEX,HKD
1064,ZHONG HUA INTERNATIONAL HOLDINGS LTD.,,Hong Kong,HKEX,HKD
1065,"TIANJIN CAPITAL ENVIRONMENTAL PROTECTION GROUP CO., LTD.",,Hong Kong,HKEX,HKD
1066,SHANDONG WEIGAO GROUP MEDICAL POLYMER CO. LTD.,,Hong Kong,HKEX,HKD
1068,CHINA YURUN FOOD GROUP LTD.,,Hong Kong,HKEX,HKD
1059,KANTONE HOLDINGS LTD.,,Hong Kong,HKEX,HKD
125,SUN HING VISION GROUP HOLDINGS LIMITED,,Hong Kong,HKEX,HKD
1070,TCL ELECTRONICS HOLDINGS LTD.,,Hong Kong,HKEX,HKD
126,CARRIANNA GROUP HOLDINGS COMPANY LIMITED,,Hong Kong,HKEX,HKD
1071,HUADIAN POWER INTERNATIONAL CORPORATION LIMITED,,Hong Kong,HKEX,HKD
1072,DONGFANG ELECTRIC CORPORATION LIMITED,,Hong Kong,HKEX,HKD
1073,DA YU FINANCIAL HOLDINGS LTD.,,Hong Kong,HKEX,HKD
1075,CAPINFO CO. LTD.,,Hong Kong,HKEX,HKD
1079,PINE TECHNOLOGY HOLDINGS LTD.,,Hong Kong,HKEX,HKD
1080,SHENGLI OIL & GAS PIPE HOLDINGS LTD.,,Hong Kong,HKEX,HKD
1081,"DAJIN HEAVY INDUSTRY CO., LTD.",,Hong Kong,HKEX,HKD
1069,CHINA HEALTH TECHNOLOGY GROUP LTD.,,Hong Kong,HKEX,HKD
6031,"SANY HEAVY INDUSTRY CO., LTD.",,Hong Kong,HKEX,HKD
123,YUEXIU PROPERTY COMPANY LIMITED,,Hong Kong,HKEX,HKD
1058,NAM YUE HOLDINGS LIMITED,,Hong Kong,HKEX,HKD
1029,IRC LIMITED,,Hong Kong,HKEX,HKD
119,"POLY PROPERTY GROUP CO., LIMITED",,Hong Kong,HKEX,HKD
1030,SEAZEN GROUP LTD.,,Hong Kong,HKEX,HKD
120,COSMOPOLITAN INTERNATIONAL HOLDINGS LIMITED,,Hong Kong,HKEX,HKD
1033,SINOPEC OILFIELD SERVICE CORP.,,Hong Kong,HKEX,HKD
1036,VANKE OVERSEAS INVESTMENT HOLDING COMPANY LIMITED,,Hong Kong,HKEX,HKD
1037,MAXNERVA TECHNOLOGY SERVICES LIMITED,,Hong Kong,HKEX,HKD
1038,CK INFRASTRUCTURE HOLDINGS LIMITED,,Hong Kong,HKEX,HKD
1039,CHANGYOU INTERNATIONAL GROUP INC.,,Hong Kong,HKEX,HKD
1044,HENGAN INTERNATIONAL GROUP CO. LTD.,,Hong Kong,HKEX,HKD
1045,APT SATELLITE HOLDINGS LTD.,,Hong Kong,HKEX,HKD
1046,UNIVERSE ENTERTAINMENT & CULTURE GROUP COMPANY LIMITED,,Hong Kong,HKEX,HKD
1047,NGAI HING HONG COMPANY LTD.,,Hong Kong,HKEX,HKD
1049,CELESTIAL ASIA SECURITIES HOLDINGS LTD.,,Hong Kong,HKEX,HKD
1050,KARRIE INTERNATIONAL HOLDINGS LTD.,,Hong Kong,HKEX,HKD
1051,G-RESOURCES GROUP LTD.,,Hong Kong,HKEX,HKD
1052,YUEXIU TRANSPORT INFRASTRUCTURE LIMITED,,Hong Kong,HKEX,HKD
1053,CHONGQING IRON & STEEL CO. LTD.,,Hong Kong,HKEX,HKD
122,CROCODILE GARMENTS LIMITED,,Hong Kong,HKEX,HKD
1055,CHINA SOUTHERN AIRLINES CO. LTD.,,Hong Kong,HKEX,HKD
1057,"ZHEJIANG SHIBAO CO., LTD.",,Hong Kong,HKEX,HKD
1082,BRADAVERSE EDUCATION INVESTMENTS LTD.,,Hong Kong,HKEX,HKD
1234,CHINA LILANG LTD.,,Hong Kong,HKEX,HKD
127,CHINESE ESTATES HOLDINGS LIMITED,,Hong Kong,HKEX,HKD
1083,TOWNGAS SMART ENERGY COMPANY LIMITED,,Hong Kong,HKEX,HKD
1111,HUASHI GROUP HOLDINGS LTD,,Hong Kong,HKEX,HKD
1112,HEALTH AND HAPPINESS (H&H) INTERNATIONAL HOLDINGS LTD.,,Hong Kong,HKEX,HKD
1113,CK ASSET HOLDINGS LTD.,,Hong Kong,HKEX,HKD
1114,BRILLIANCE CHINA AUTOMOTIVE HOLDINGS LIMITED,,Hong Kong,HKEX,HKD
1115,TIBET WATER RESOURCES LTD.,,Hong Kong,HKEX,HKD
1116,MAYER HOLDINGS LTD.,,Hong Kong,HKEX,HKD
1117,CHINA MODERN DAIRY HOLDINGS LTD.,,Hong Kong,HKEX,HKD
1118,GOLIK HOLDINGS LTD.,,Hong Kong,HKEX,HKD
1119,IDREAMSKY TECHNOLOGY HOLDINGS LTD.,,Hong Kong,HKEX,HKD
1110,KINGWORLD MEDICINES GROUP LIMITED,,Hong Kong,HKEX,HKD
1120,ARTS OPTICAL INTERNATIONAL HOLDINGS LTD.,,Hong Kong,HKEX,HKD
1121,GOLDEN SOLAR NEW ENERGY TECHNOLOGY HOLDINGS LIMITED,,Hong Kong,HKEX,HKD
1122,"QINGLING MOTORS CO., LTD.",,Hong Kong,HKEX,HKD
1123,CHINA HONG KONG PHOTO PRODUCTS HOLDINGS LIMITED,,Hong Kong,HKEX,HKD
1124,COASTAL GREENLAND LIMITED,,Hong Kong,HKEX,HKD
132,CHINA INVESTMENTS HOLDINGS LIMITED,,Hong Kong,HKEX,HKD
1125,LAI FUNG HOLDINGS LTD.,,Hong Kong,HKEX,HKD
1126,DREAM INTERNATIONAL LTD.,,Hong Kong,HKEX,HKD
1127,LION ROCK GROUP LTD.,,Hong Kong,HKEX,HKD
133,CHINA MERCHANTS CHINA DIRECT INVESTMENTS LIMITED,,Hong Kong,HKEX,HKD
131,CHEUK NANG,,Hong Kong,HKEX,HKD
1109,CHINA RESOURCES LAND LTD.,,Hong Kong,HKEX,HKD
1108,"TRIUMPH NEW ENERGY CO., LTD.",,Hong Kong,HKEX,HKD
1107,"MODERN LAND (CHINA) CO., LTD.",,Hong Kong,HKEX,HKD
6030,"CITIC SECURITIES CO., LTD.",,Hong Kong,HKEX,HKD
1084,"GREEN FUTURE FOOD HYDROCOLLOID MARINE SCIENCE CO., LTD.",,Hong Kong,HKEX,HKD
1085,HENGXIN TECHNOLOGY LTD.,,Hong Kong,HKEX,HKD
1086,GOODBABY INTERNATIONAL HOLDINGS LIMITED,,Hong Kong,HKEX,HKD
1087,INVESTECH HOLDINGS LTD.,,Hong Kong,HKEX,HKD
1088,CHINA SHENHUA ENERGY COMPANY LIMITED,,Hong Kong,HKEX,HKD
1090,DA MING INTERNATIONAL HOLDINGS LIMITED,,Hong Kong,HKEX,HKD
1091,SOUTH MANGANESE INVESTMENT LIMITED,,Hong Kong,HKEX,HKD
1093,CSPC PHARMACEUTICAL GROUP LTD.,,Hong Kong,HKEX,HKD
1094,CHERISH SUNSHINE INTERNATIONAL LTD.,,Hong Kong,HKEX,HKD
1097,I-CABLE COMMUNICATIONS LTD.,,Hong Kong,HKEX,HKD
128,ENM HOLDINGS LIMITED,,Hong Kong,HKEX,HKD
1098,ROAD KING INFRASTRUCTURE LTD.,,Hong Kong,HKEX,HKD
1099,"SINOPHARM GROUP CO., LTD.",,Hong Kong,HKEX,HKD
1100,MAINLAND HEADWEAR HOLDINGS LTD.,,Hong Kong,HKEX,HKD
1101,CHINA HUARONG ENERGY CO. LTD.,,Hong Kong,HKEX,HKD
1102,ENVIRO ENERGY INTERNATIONAL HOLDINGS LIMITED,,Hong Kong,HKEX,HKD
129,ASIA STANDARD INTERNATIONAL GROUP LIMITED,,Hong Kong,HKEX,HKD
1104,APAC RESOURCES LIMITED,,Hong Kong,HKEX,HKD
130,MOISELLE INTERNATIONAL HOLDINGS LIMITED,,Hong Kong,HKEX,HKD
1105,SING TAO NEWS CORPORATION LIMITED,,Hong Kong,HKEX,HKD
306,KWOON CHUNG BUS HOLDINGS LIMITED,,Hong Kong,HKEX,HKD
1235,TRAVEL EXPERT ASIA ENTERPRISES LIMITED,,Hong Kong,HKEX,HKD
158,MELBOURNE ENTERPRISES LIMITED,,Hong Kong,HKEX,HKD
1236,"SHENZHEN LDROBOT CO., LTD.",,Hong Kong,HKEX,HKD
1396,GUANGDONG HONG KONG GREATER BAY AREA HOLDINGS LIMITED,,Hong Kong,HKEX,HKD
1397,BAGUIO GREEN GROUP LTD.,,Hong Kong,HKEX,HKD
1398,INDUSTRIAL & COMMERCIAL BANK OF CHINA LTD.,,Hong Kong,HKEX,HKD
1399,VESON HOLDINGS LTD.,,Hong Kong,HKEX,HKD
1400,MOODY TECHNOLOGY HOLDINGS LIMITED,,Hong Kong,HKEX,HKD
177,JIANGSU EXPRESSWAY COMPANY LIMITED,,Hong Kong,HKEX,HKD
1401,SPROCOMM INTELLIGENCE LTD.,,Hong Kong,HKEX,HKD
1402,I-CONTROL HOLDINGS LTD.,,Hong Kong,HKEX,HKD
1405,DPC DASH LTD.,,Hong Kong,HKEX,HKD
1395,ELL ENVIRONMENTAL HOLDINGS LTD.,,Hong Kong,HKEX,HKD
1406,CLARITY MEDICAL GROUP HOLDING LTD.,,Hong Kong,HKEX,HKD
1407,JY GAS LTD.,,Hong Kong,HKEX,HKD
179,JOHNSON ELECTRIC HOLDINGS LIMITED,,Hong Kong,HKEX,HKD
1408,MACAU E&M HOLDING LTD.,,Hong Kong,HKEX,HKD
1410,EDVANCE INTERNATIONAL HOLDINGS LIMITED,,Hong Kong,HKEX,HKD
1412,Q P GROUP HOLDINGS LIMITED,,Hong Kong,HKEX,HKD
1413,FEG HOLDINGS CORPORATION LTD.,,Hong Kong,HKEX,HKD
1415,COWELL E HOLDINGS INC.,,Hong Kong,HKEX,HKD
1416,CTR HOLDINGS LTD.,,Hong Kong,HKEX,HKD
180,KADER HOLDINGS COMPANY LIMITED,,Hong Kong,HKEX,HKD
178,SA SA INTERNATIONAL HOLDINGS LIMITED,,Hong Kong,HKEX,HKD
1393,HIDILI INDUSTRY INTERNATIONAL DEVELOPMENT LIMITED,,Hong Kong,HKEX,HKD
1392,"SHENZHEN HQVT TECHNOLOGY CO., LTD.",,Hong Kong,HKEX,HKD
1389,MAJOR HOLDINGS LTD.,,Hong Kong,HKEX,HKD
1361,361 DEGREES INTERNATIONAL LTD.,,Hong Kong,HKEX,HKD
1362,SIS MOBILE HOLDINGS LTD.,,Hong Kong,HKEX,HKD
1364,GUMING HOLDINGS LIMITED,,Hong Kong,HKEX,HKD
174,GEMINI INVESTMENTS,,Hong Kong,HKEX,HKD
1368,XTEP INTERNATIONAL HOLDINGS LIMITED,,Hong Kong,HKEX,HKD
1370,AOWEI HOLDINGS LTD.,,Hong Kong,HKEX,HKD
1371,CHINA ECOTOURISM GROUP LTD.,,Hong Kong,HKEX,HKD
1372,CHINA CARBON NEUTRAL DEVELOPMENT GROUP LTD.,,Hong Kong,HKEX,HKD
1373,INTERNATIONAL HOUSEWARES RETAIL COMPANY LIMITED,,Hong Kong,HKEX,HKD
1375,"CENTRAL CHINA SECURITIES CO., LTD.",,Hong Kong,HKEX,HKD
1376,RAFFLES INTERIOR LTD.,,Hong Kong,HKEX,HKD
1377,"GUANGDONG DTECH TECHNOLOGY CO., LTD.",,Hong Kong,HKEX,HKD
1378,CHINA HONGQIAO GROUP LTD.,,Hong Kong,HKEX,HKD
1379,"WENLING ZHEJIANG MEASURING TOOLS CO., LTD.",,Hong Kong,HKEX,HKD
175,GEELY AUTOMOBILE HOLDINGS LIMITED,,Hong Kong,HKEX,HKD
1380,CHINA KINGSTONE MINING HOLDINGS LIMITED,,Hong Kong,HKEX,HKD
176,SUPERACTIVE GROUP COMPANY LIMITED,,Hong Kong,HKEX,HKD
1382,PACIFIC TEXTILES HOLDINGS LIMITED,,Hong Kong,HKEX,HKD
1384,"DEEPEXI TECHNOLOGY CO., LTD.",,Hong Kong,HKEX,HKD
1385,SHANGHAI FUDAN MICROELECTRONICS GROUP COMPANY LIMITED,,Hong Kong,HKEX,HKD
1388,EMBRY HOLDINGS LTD.,,Hong Kong,HKEX,HKD
1417,RIVERINE CHINA HOLDINGS LTD.,,Hong Kong,HKEX,HKD
1359,CHINA CINDA ASSET MANAGEMENT CO. LTD.,,Hong Kong,HKEX,HKD
1418,SINOMAX GROUP LTD.,,Hong Kong,HKEX,HKD
1420,CHUAN HOLDINGS LTD.,,Hong Kong,HKEX,HKD
1460,ICO GROUP LTD.,,Hong Kong,HKEX,HKD
1461,"ZHONGTAI FUTURES CO., LTD.",,Hong Kong,HKEX,HKD
1463,C-LINK SQUARED LTD.,,Hong Kong,HKEX,HKD
1466,BAIJIN LIFE SCIENCE HOLDINGS LTD.,,Hong Kong,HKEX,HKD
1468,KINGKEY FINANCIAL INTERNATIONAL HOLDINGS LTD.,,Hong Kong,HKEX,HKD
1470,PROSPER ONE INTERNATIONAL HOLDINGS LTD.,,Hong Kong,HKEX,HKD
1471,ZHONGMIAO HOLDINGS QINGDAO LTD.,,Hong Kong,HKEX,HKD
1472,SANG HING HOLDINGS INTERNATIONAL LIMITED,,Hong Kong,HKEX,HKD
1473,PANGAEA CONNECTIVITY TECHNOLOGY LTD.,,Hong Kong,HKEX,HKD
1459,"JUJIANG CONSTRUCTION GROUP CO., LTD.",,Hong Kong,HKEX,HKD
1475,"NISSIN FOODS CO., LTD.",,Hong Kong,HKEX,HKD
1477,OCUMENSION THERAPEUTICS,,Hong Kong,HKEX,HKD
1478,"Q TECHNOLOGY GROUP CO., LTD.",,Hong Kong,HKEX,HKD
1480,YAN TAT GROUP HOLDINGS LTD.,,Hong Kong,HKEX,HKD
1481,SMART GLOBE HOLDINGS LTD.,,Hong Kong,HKEX,HKD
1483,"NET-A-GO TECHNOLOGY CO., LTD.",,Hong Kong,HKEX,HKD
1486,C CHENG HOLDINGS LIMITED,,Hong Kong,HKEX,HKD
1488,BEST FOOD HOLDING COMPANY LTD.,,Hong Kong,HKEX,HKD
1489,GC CONSTRUCTION HOLDINGS LTD.,,Hong Kong,HKEX,HKD
1490,CHESHI TECHNOLOGY INC.,,Hong Kong,HKEX,HKD
1476,"HENGTAI SECURITIES CO., LTD.",,Hong Kong,HKEX,HKD
1458,ZHOU HEI YA INTERNATIONAL HOLDINGS COMPANY LIMITED,,Hong Kong,HKEX,HKD
1456,GUOLIAN SECURITIES CO. LTD.,,Hong Kong,HKEX,HKD
1455,FOURACE INDUSTRIES GROUP HOLDINGS LIMITED,,Hong Kong,HKEX,HKD
1421,KINGBO STRIKE LIMITED,,Hong Kong,HKEX,HKD
1425,JUSTIN ALLEN HOLDINGS LTD.,,Hong Kong,HKEX,HKD
1426,SPRING REAL ESTATE INVESTMENT TRUST,,Hong Kong,HKEX,HKD
1427,CHINA TIANBAO GROUP DEVELOPMENT COMPANY LIMITED,,Hong Kong,HKEX,HKD
1428,BRIGHT SMART SECURITIES & COMMODITIES GROUP LIMITED,,Hong Kong,HKEX,HKD
1429,SKYMISSION GROUP HOLDINGS LIMITED,,Hong Kong,HKEX,HKD
1431,YUANSHENGTAI DAIRY FARM LTD.,,Hong Kong,HKEX,HKD
1432,CHINA SHENGMU ORGANIC MILK LIMITED,,Hong Kong,HKEX,HKD
181,FUJIAN HOLDINGS LIMITED,,Hong Kong,HKEX,HKD
1433,CIRTEK HOLDINGS LTD.,,Hong Kong,HKEX,HKD
1440,STAR SHINE HOLDINGS GROUP LTD.,,Hong Kong,HKEX,HKD
1442,INFINITY LOGISTICS & TRANSPORT VENTURES LIMITED,,Hong Kong,HKEX,HKD
1443,FULUM GROUP HOLDINGS LTD.,,Hong Kong,HKEX,HKD
182,CONCORD NEW ENERGY GROUP LIMITED,,Hong Kong,HKEX,HKD
1446,HUNG FOOK TONG GROUP HOLDINGS LIMITED,,Hong Kong,HKEX,HKD
1447,SFK CONSTRUCTION HOLDINGS LIMITED,,Hong Kong,HKEX,HKD
1448,FU SHOU YUAN INTERNATIONAL GROUP LTD.,,Hong Kong,HKEX,HKD
1449,LEADER EDUCATION LTD.,,Hong Kong,HKEX,HKD
1450,BE FRIENDS HOLDING LTD.,,Hong Kong,HKEX,HKD
1451,MS GROUP HOLDINGS LTD.,,Hong Kong,HKEX,HKD
1452,DENOX ENVIRONMENTAL & TECHNOLOGY HOLDINGS LIMITED,,Hong Kong,HKEX,HKD
1419,HUMAN HEALTH HOLDINGS LTD.,,Hong Kong,HKEX,HKD
1985,MICROWARE GROUP LTD.,,Hong Kong,HKEX,HKD
1358,PW MEDTECH GROUP LTD.,,Hong Kong,HKEX,HKD
173,K. WAH INTERNATIONAL HOLDINGS LIMITED,,Hong Kong,HKEX,HKD
164,CHINA BAOLI TECHNOLOGIES HOLDINGS LIMITED,,Hong Kong,HKEX,HKD
1268,CHINA MEIDONG AUTO HOLDINGS LIMITED,,Hong Kong,HKEX,HKD
1269,CHINA FIRST CAPITAL GROUP LIMITED,,Hong Kong,HKEX,HKD
1271,GRAND MING GROUP HOLDINGS LIMITED,,Hong Kong,HKEX,HKD
1272,"DATANG ENVIRONMENT INDUSTRY GROUP CO., LTD.",,Hong Kong,HKEX,HKD
1273,HONG KONG FINANCE GROUP LTD.,,Hong Kong,HKEX,HKD
1274,"IMOTION AUTOMOTIVE TECHNOLOGY (SUZHOU) CO., LTD.",,Hong Kong,HKEX,HKD
1276,"JIANGSU HENGRUI PHARMACEUTICALS CO., LTD.",,Hong Kong,HKEX,HKD
1277,KINETIC DEVELOPMENT GROUP LTD.,,Hong Kong,HKEX,HKD
1265,TIANJIN JINRAN PUBLIC UTILITIES COMPANY LIMITED,,Hong Kong,HKEX,HKD
1278,CHINA NEW TOWN DEVELOPMENT COMPANY LIMITED,,Hong Kong,HKEX,HKD
1281,XINDA INVESTMENT HOLDINGS LTD.,,Hong Kong,HKEX,HKD
1282,RENZE HARVEST INTERNATIONAL LTD.,,Hong Kong,HKEX,HKD
1283,ACCEL GROUP HOLDINGS LTD.,,Hong Kong,HKEX,HKD
1284,NEW MEDIA LAB LTD.,,Hong Kong,HKEX,HKD
1285,JIASHILI GROUP LTD.,,Hong Kong,HKEX,HKD
1286,IMPRO PRECISION INDUSTRIES LIMITED,,Hong Kong,HKEX,HKD
1288,AGRICULTURAL BANK OF CHINA LTD.,,Hong Kong,HKEX,HKD
165,CHINA EVERBRIGHT LIMITED,,Hong Kong,HKEX,HKD
1289,"WUXI SUNLIT SCIENCE AND TECHNOLOGY CO., LTD.",,Hong Kong,HKEX,HKD
1280,"CHINA QIDIAN GUOFENG HOLDING CO., LTD.",,Hong Kong,HKEX,HKD
163,EMPEROR INTERNATIONAL HOLDINGS LIMITED,,Hong Kong,HKEX,HKD
1262,LABIXIAOXIN SNACKS GROUP LTD.,,Hong Kong,HKEX,HKD
1260,WONDERFUL SKY FINANCIAL GROUP HOLDINGS LIMITED,,Hong Kong,HKEX,HKD
1237,CHINA ENVIRONMENTAL TECHNOLOGY HOLDINGS LIMITED,,Hong Kong,HKEX,HKD
1238,POWERLONG REAL ESTATE HOLDINGS LIMITED,,Hong Kong,HKEX,HKD
1239,TEAMWAY INTERNATIONAL GROUP HOLDINGS LTD.,,Hong Kong,HKEX,HKD
159,BROCKMAN MINING LIMITED,,Hong Kong,HKEX,HKD
1240,CNQC INTERNATIONAL HOLDINGS LIMITED,,Hong Kong,HKEX,HKD
1241,SHUANGHUA HOLDINGS LTD.,,Hong Kong,HKEX,HKD
1243,WANG ON PROPERTIES LTD.,,Hong Kong,HKEX,HKD
160,"HON KWOK LAND INVESTMENT COMPANY, LIMITED",,Hong Kong,HKEX,HKD
1244,3D MEDICINES INC.,,Hong Kong,HKEX,HKD
1245,NIRAKU GC HOLDINGS INC.,,Hong Kong,HKEX,HKD
1246,BOILL HEALTHCARE HOLDINGS LIMITED,,Hong Kong,HKEX,HKD
1247,MIKO INTERNATIONAL HOLDINGS LIMITED,,Hong Kong,HKEX,HKD
1250,SHANDONG HI-SPEED NEW ENERGY GROUP LTD.,,Hong Kong,HKEX,HKD
1251,SPT ENERGY GROUP INC.,,Hong Kong,HKEX,HKD
1252,CHINA TIANRUI GROUP CEMENT CO. LTD.,,Hong Kong,HKEX,HKD
162,CENTURY GINWA RETAIL HOLDINGS LIMITED,,Hong Kong,HKEX,HKD
1253,CHINA GREENLAND BROAD GREENSTATE GROUP COMPANY LIMITED,,Hong Kong,HKEX,HKD
1255,TATA HEALTH INTERNATIONAL HOLDINGS LTD.,,Hong Kong,HKEX,HKD
1257,CHINA EVERBRIGHT GREENTECH LIMITED,,Hong Kong,HKEX,HKD
1258,CHINA NONFERROUS MINING CORP LTD,,Hong Kong,HKEX,HKD
1259,PROSPEROUS FUTURE HOLDINGS LIMITED,,Hong Kong,HKEX,HKD
1290,CHINA HUIRONG FINANCIAL HOLDINGS LTD.,,Hong Kong,HKEX,HKD
1357,MEITU INC.,,Hong Kong,HKEX,HKD
1292,"CHANGAN MINSHENG APLL LOGISTICS CO., LTD.",,Hong Kong,HKEX,HKD
1298,YUNNAN ENERGY INTERNATIONAL CO. LTD.,,Hong Kong,HKEX,HKD
1328,GOLDSTREAM INVESTMENT LTD.,,Hong Kong,HKEX,HKD
1330,DYNAGREEN ENVIRONMENTAL PROTECTION GROUP CO. LTD.,,Hong Kong,HKEX,HKD
171,SILVER GRANT INTERNATIONAL HOLDINGS GROUP LIMITED,,Hong Kong,HKEX,HKD
1333,BRETON TECHNOLOGY CO. LTD.,,Hong Kong,HKEX,HKD
1334,RUICHANG INTERNATIONAL HOLDINGS LTD.,,Hong Kong,HKEX,HKD
1335,"SHEEN TAI HOLDINGS GROUP CO., LTD.",,Hong Kong,HKEX,HKD
1336,NEW CHINA LIFE INSURANCE CO. LTD.,,Hong Kong,HKEX,HKD
1338,BAWANG INTERNATIONAL GROUP LIMITED,,Hong Kong,HKEX,HKD
1339,PEOPLE'S INSURANCE COMPANY (GROUP) OF CHINA LIMITED,,Hong Kong,HKEX,HKD
1327,LUXXU GROUP LTD.,,Hong Kong,HKEX,HKD
1340,HUISHENG INTERNATIONAL HOLDINGS LIMITED,,Hong Kong,HKEX,HKD
1343,WEI YUAN HOLDINGS LTD.,,Hong Kong,HKEX,HKD
1345,SHANGHAI PIONEER HOLDING LTD.,,Hong Kong,HKEX,HKD
1346,LEVER STYLE CORPORATION,,Hong Kong,HKEX,HKD
1347,HUA HONG SEMICONDUCTOR LIMITED,,Hong Kong,HKEX,HKD
1348,QUALI-SMART HOLDINGS LTD.,,Hong Kong,HKEX,HKD
1349,"SHANGHAI FUDAN-ZHANGJIANG BIO-PHARMACEUTICAL CO., LTD.",,Hong Kong,HKEX,HKD
1351,BRIGHT FUTURE TECHNOLOGY HOLDINGS LTD.,,Hong Kong,HKEX,HKD
1354,"XI'AN KINGFAR PROPERTY SERVICES GROUP CO., LTD.",,Hong Kong,HKEX,HKD
1355,"LEGEND STRATEGY INTERNATIONAL HOLDINGS GROUP CO., LTD.",,Hong Kong,HKEX,HKD
1341,HAO TIAN INTERNATIONAL CONSTRUCTION INVESTMENT GROUP LTD.,,Hong Kong,HKEX,HKD
1326,TRANSMIT ENTERTAINMENT LTD.,,Hong Kong,HKEX,HKD
1323,HUASHENG INTERNATIONAL HOLDINGS LIMITED,,Hong Kong,HKEX,HKD
1321,CHINA NEW CITY COMMERCIAL DEVELOPMENT LTD.,,Hong Kong,HKEX,HKD
166,NEW TIMES ENERGY CORPORATION LIMITED,,Hong Kong,HKEX,HKD
1299,AIA GROUP LIMITED,,Hong Kong,HKEX,HKD
1300,TRIGIANT GROUP LIMITED,,Hong Kong,HKEX,HKD
1301,D&G TECHNOLOGY HOLDING CO. LTD.,,Hong Kong,HKEX,HKD
1302,LIFETECH SCIENTIFIC CORPORATION,,Hong Kong,HKEX,HKD
1303,HUILI RESOURCES GROUP LTD.,,Hong Kong,HKEX,HKD
1304,"FORTIOR TECHNOLOGY (SHENZHEN) CO., LTD.",,Hong Kong,HKEX,HKD
1305,"WAI CHI HOLDINGS CO., LTD.",,Hong Kong,HKEX,HKD
167,IDT INTERNATIONAL LIMITED,,Hong Kong,HKEX,HKD
1308,"SITC INTERNATIONAL HOLDINGS CO., LTD.",,Hong Kong,HKEX,HKD
1310,HKBN LTD.,,Hong Kong,HKEX,HKD
1312,KONTAFARMA CHINA HOLDINGS LIMITED,,Hong Kong,HKEX,HKD
1313,CHINA RESOURCES BUILDING MATERIALS TECHNOLOGY HOLDINGS LIMITED,,Hong Kong,HKEX,HKD
1314,TSUI WAH HOLDINGS LIMITED,,Hong Kong,HKEX,HKD
168,TSINGTAO BREWERY COMPANY LIMITED,,Hong Kong,HKEX,HKD
1315,GREEN ECONOMY DEVELOPMENT LTD.,,Hong Kong,HKEX,HKD
169,WANDA HOTEL DEVELOPMENT COMPANY LIMITED,,Hong Kong,HKEX,HKD
1316,NEXTEER AUTOMOTIVE GROUP LTD.,,Hong Kong,HKEX,HKD
1317,CHINA MAPLE LEAF EDUCATIONAL SYSTEMS LTD.,,Hong Kong,HKEX,HKD
1318,"MAO GEPING COSMETICS CO., LTD.",,Hong Kong,HKEX,HKD
1319,OI WAH PAWNSHOP CREDIT HOLDINGS LIMITED,,Hong Kong,HKEX,HKD
1293,GRAND BAOXIN AUTO GROUP LTD.,,Hong Kong,HKEX,HKD
1028,C.BANNER INTERNATIONAL HOLDINGS LIMITED,,Hong Kong,HKEX,HKD
1986,"TSAKER NEW ENERGY TECH CO., LIMITED",,Hong Kong,HKEX,HKD
1988,CHINA MINSHENG BANKING CORP.,,Hong Kong,HKEX,HKD
2595,GENFLEET THERAPEUTICS (SHANGHAI) INC.,,Hong Kong,HKEX,HKD
2596,"YIBIN CITY COMMERCIAL BANK CO., LTD.",,Hong Kong,HKEX,HKD
2597,"BEIJING XUNZHONG COMMUNICATION TECHNOLOGY CO., LTD.",,Hong Kong,HKEX,HKD
2598,"LIANLIAN DIGITECH CO., LTD.",,Hong Kong,HKEX,HKD
2600,ALUMINUM CORPORATION OF CHINA LTD.,,Hong Kong,HKEX,HKD
2601,"CHINA PACIFIC INSURANCE GROUP CO., LTD.",,Hong Kong,HKEX,HKD
2602,ONEWO INC.,,Hong Kong,HKEX,HKD
2603,"XIAMEN JIHONG TECHNOLOGY CO., LTD.",,Hong Kong,HKEX,HKD
2605,METALIGHT INC.,,Hong Kong,HKEX,HKD
2593,HERBS GENERATION GROUP HOLDINGS LIMITED,,Hong Kong,HKEX,HKD
2607,SHANGHAI PHARMACEUTICALS HOLDING CO. LTD.,,Hong Kong,HKEX,HKD
2609,BAYZED HEALTH GROUP INC.,,Hong Kong,HKEX,HKD
2610,NANSHAN ALUMINIUM INTERNATIONAL HOLDINGS LIMITED,,Hong Kong,HKEX,HKD
2611,"GUOTAI JUNAN SECURITIES CO., LTD.",,Hong Kong,HKEX,HKD
2613,"CONTIOCEAN ENVIRONMENT TECH. CO., LTD.",,Hong Kong,HKEX,HKD
2616,CSTONE PHARMACEUTICALS,,Hong Kong,HKEX,HKD
2617,"TRANSTHERA SCIENCES (NANJING), INC.",,Hong Kong,HKEX,HKD
2618,JD LOGISTICS INC.,,Hong Kong,HKEX,HKD
2619,"X.J. ELECTRICS (HU BEI) CO., LTD.",,Hong Kong,HKEX,HKD
2621,SHOUHUI GROUP LTD.,,Hong Kong,HKEX,HKD
2608,SUNSHINE 100 CHINA HOLDINGS LTD.,,Hong Kong,HKEX,HKD
2623,ADD NEW ENERGY INVESTMENT HOLDINGS GROUP LIMITED,,Hong Kong,HKEX,HKD
2592,CLOUDBREAK PHARMA INC.,,Hong Kong,HKEX,HKD
2590,BEIJING GEEKPLUS TECHNOLOGY CO. LTD.,,Hong Kong,HKEX,HKD
2565,"PEGBIO CO., LTD.",,Hong Kong,HKEX,HKD
2566,"HANGZHOU JIUYUAN GENE ENGINEERING CO., LTD.",,Hong Kong,HKEX,HKD
2567,QINIU LTD.,,Hong Kong,HKEX,HKD
2569,SOFT INTERNATIONAL GROUP LTD.,,Hong Kong,HKEX,HKD
2570,SHANGHAI REFIRE GROUP LTD.,,Hong Kong,HKEX,HKD
2571,"BEIJING SAIMO TECHNOLOGY CO., LTD.",,Hong Kong,HKEX,HKD
2573,NEWTREND GROUP HOLDING CO. LTD.,,Hong Kong,HKEX,HKD
2575,"XUANZHU BIOPHARMACEUTICAL CO., LTD.",,Hong Kong,HKEX,HKD
2576,"ZHEJIANG TAIMEI MEDICAL TECHNOLOGY CO., LTD.",,Hong Kong,HKEX,HKD
2591,"GUANGZHOU INNOGEN PHARMACEUTICAL GROUP CO., LTD.",,Hong Kong,HKEX,HKD
2577,"INNOSCIENCE SUZHOU TECHNOLOGY CO., LTD.",,Hong Kong,HKEX,HKD
2580,"AUX ELECTRIC CO., LTD.",,Hong Kong,HKEX,HKD
2581,BENQ BM HOLDING CAYMAN CORP.,,Hong Kong,HKEX,HKD
2582,"JIANGSU GUOFU HYDROGEN ENERGY EQUIPMENT CO., LTD.",,Hong Kong,HKEX,HKD
2583,"SHENZHEN HIPINE PRECISION TECHNOLOGY CO., LTD.",,Hong Kong,HKEX,HKD
2585,MOKINGRAN JEWELLERY GROUP CO. LTD.,,Hong Kong,HKEX,HKD
2586,DMALL INC.,,Hong Kong,HKEX,HKD
2587,HEALTHYWAY INC.,,Hong Kong,HKEX,HKD
2588,BOC AVIATION LTD.,,Hong Kong,HKEX,HKD
2589,"AUNTEA JENNY (SHANGHAI) INDUSTRIAL CO., LTD.",,Hong Kong,HKEX,HKD
2579,"CNGR ADVANCED MATERIAL CO., LTD.",,Hong Kong,HKEX,HKD
2625,"JIANGSU HORIZON CHAIN SUPERMARKET CO., LTD.",,Hong Kong,HKEX,HKD
2627,"AB&B BIO-TECH CO., LTD. (JS)",,Hong Kong,HKEX,HKD
2628,CHINA LIFE INSURANCE COMPANY LIMITED,,Hong Kong,HKEX,HKD
3366,OVERSEAS CHINESE TOWN (ASIA) HOLDINGS LTD.,,Hong Kong,HKEX,HKD
2650,"SHANGHAI ZHIDA TECHNOLOGY DEVELOPMENT CO., LTD.",,Hong Kong,HKEX,HKD
2651,"WUHAN DAZHONG DENTAL MEDICAL CO., LTD.",,Hong Kong,HKEX,HKD
2652,"CF PHARMTECH, INC.",,Hong Kong,HKEX,HKD
2655,"GUOXIA TECHNOLOGY CO., LTD.",,Hong Kong,HKEX,HKD
3363,"ZHENGYE INTERNATIONAL HOLDINGS CO., LTD.",,Hong Kong,HKEX,HKD
2656,160 HEALTH INTERNATIONAL LIMITED,,Hong Kong,HKEX,HKD
2657,"SHANGHAI FOREST CABIN COSMETICS GROUP CO., LTD.",,Hong Kong,HKEX,HKD
2658,"GUANGDONG TIANYU SEMICONDUCTOR CO., LTD. H SHARES",,Hong Kong,HKEX,HKD
2649,"ALSCO POOLING SERVICE CO., LTD.",,Hong Kong,HKEX,HKD
2659,"SHANGHAI BAO PHARMACEUTICALS CO., LTD.",,Hong Kong,HKEX,HKD
2661,QINGSONG HEALTH CORP,,Hong Kong,HKEX,HKD
2663,KPA-BM HOLDINGS LTD.,,Hong Kong,HKEX,HKD
2665,SEYOND HOLDINGS LTD.,,Hong Kong,HKEX,HKD
3360,FAR EAST HORIZON LTD.,,Hong Kong,HKEX,HKD
2666,"GENERTEC UNIVERSAL MEDICAL GROUP CO., LTD.",,Hong Kong,HKEX,HKD
2667,"BEIJING TONG REN TANG HEALTHCARE INVESTMENT CO., LTD.",,Hong Kong,HKEX,HKD
2668,PAK TAK INTERNATIONAL HOLDINGS LIMITED,,Hong Kong,HKEX,HKD
2669,CHINA OVERSEAS PROPERTY HOLDINGS LIMITED,,Hong Kong,HKEX,HKD
2670,"BEIJING YUNJI TECHNOLOGY CO., LTD.",,Hong Kong,HKEX,HKD
2660,ZENGAME TECHNOLOGY HOLDING LIMITED,,Hong Kong,HKEX,HKD
3368,PARKSON RETAIL GROUP LTD.,,Hong Kong,HKEX,HKD
3369,"QINHUANGDAO PORT CO., LTD.",,Hong Kong,HKEX,HKD
2648,"ANJOY FOODS GROUP CO., LTD.",,Hong Kong,HKEX,HKD
3399,GUANGDONG YUEYUN TRANSPORTATION COMPANY LIMITED,,Hong Kong,HKEX,HKD
3398,CHINA TING GROUP HOLDINGS LTD.,,Hong Kong,HKEX,HKD
3396,LEGEND HOLDINGS CORPORATION,,Hong Kong,HKEX,HKD
3395,JX ENERGY LTD.,,Hong Kong,HKEX,HKD
3393,WASION GROUP HOLDINGS LTD.,,Hong Kong,HKEX,HKD
2629,MIRXES HOLDING CO. LTD.,,Hong Kong,HKEX,HKD
2630,"VIGONVITA LIFE SCIENCES CO., LTD.",,Hong Kong,HKEX,HKD
3390,TYCOON GROUP HOLDINGS LTD.,,Hong Kong,HKEX,HKD
2631,"SICC CO., LTD.",,Hong Kong,HKEX,HKD
3389,HENGDELI HOLDINGS LTD.,,Hong Kong,HKEX,HKD
2632,JIANGSU NEW VISION AUTOMOTIVE ELECTRONICS CO. LTD. CLASS H,,Hong Kong,HKEX,HKD
3388,"SHENZHEN CREALITY 3D TECHNOLOGY CO., LTD.",,Hong Kong,HKEX,HKD
2633,JACOBSON PHARMA CORPORATION LIMITED,,Hong Kong,HKEX,HKD
3383,AGILE GROUP HOLDINGS LTD.,,Hong Kong,HKEX,HKD
2635,"NUOBIKAN ARTIFICIAL INTELLIGENCE TECHNOLOGY (CHENGDU) CO., LTD.",,Hong Kong,HKEX,HKD
3382,TIANJIN PORT DEVELOPMENT HOLDINGS LIMITED,,Hong Kong,HKEX,HKD
3380,"LOGAN GROUP CO., LTD.",,Hong Kong,HKEX,HKD
2637,"FUJIAN HAIXI PHARMACEUTICALS CO., LTD.",,Hong Kong,HKEX,HKD
3378,"HANX BIOPHARMACEUTICALS (WUHAN) CO., LTD.",,Hong Kong,HKEX,HKD
2643,CAOCAO INC.,,Hong Kong,HKEX,HKD
3377,SINO-OCEAN GROUP HOLDING LIMITED,,Hong Kong,HKEX,HKD
2563,"BEIJING BIOSTAR PHARMACEUTICALS, CO., LTD.",,Hong Kong,HKEX,HKD
2562,SYNAGISTICS LIMITED,,Hong Kong,HKEX,HKD
2561,VISEN PHARMACEUTICALS,,Hong Kong,HKEX,HKD
2560,ANHUI CONCH MATERIAL TECHNOLOGY COMPANY LIMITED,,Hong Kong,HKEX,HKD
2460,"CHINA RESOURCES BEVERAGE CO., LTD.",,Hong Kong,HKEX,HKD
2465,"JIANGSU LOPAL TECH CO., LTD.",,Hong Kong,HKEX,HKD
2469,FENBI LTD.,,Hong Kong,HKEX,HKD
2473,XXF GROUP HOLDINGS LTD.,,Hong Kong,HKEX,HKD
2475,"LUXSHARE PRECISION INDUSTRY CO., LTD.",,Hong Kong,HKEX,HKD
2476,"VICTORY GIANT TECHNOLOGY (HUIZHOU) CO., LTD.",,Hong Kong,HKEX,HKD
2477,"WELLCELL HOLDINGS CO., LTD.",,Hong Kong,HKEX,HKD
2479,"TIANJU DIHE SUZHOU DATA CO., LTD.",,Hong Kong,HKEX,HKD
2480,"BEIJING LUZHU BIOTECHNOLOGY CO., LTD.",,Hong Kong,HKEX,HKD
2459,SANERGY GROUP LTD.,,Hong Kong,HKEX,HKD
205,SEEC MEDIA GROUP LIMITED,,Hong Kong,HKEX,HKD
2482,"LOGORY LOGISTICS TECHNOLOGY CO., LTD.",,Hong Kong,HKEX,HKD
2483,K CASH CORP LTD.,,Hong Kong,HKEX,HKD
2486,PLUS GROUP HOLDINGS INC.,,Hong Kong,HKEX,HKD
2487,CUTIA THERAPEUTICS LIMITED,,Hong Kong,HKEX,HKD
2488,"LAUNCH TECH CO., LTD.",,Hong Kong,HKEX,HKD
2489,PERSISTENCE GOLD GROUP LTD,,Hong Kong,HKEX,HKD
2490,LC LOGISTICS INC.,,Hong Kong,HKEX,HKD
2493,"MABWELL (SHANGHAI) BIOSCIENCE CO., LTD.",,Hong Kong,HKEX,HKD
2495,HUBEI VOICECOMM TECHNOLOGY CO. LTD.,,Hong Kong,HKEX,HKD
2481,"WISE LIVING TECHNOLOGY CO., LTD.",,Hong Kong,HKEX,HKD
2458,GALA TECHNOLOGY HOLDING LIMITED,,Hong Kong,HKEX,HKD
2457,BUYANG INTERNATIONAL HOLDING INC.,,Hong Kong,HKEX,HKD
2455,RUNHUA LIVING SERVICE GROUP HOLDINGS LTD.,,Hong Kong,HKEX,HKD
2427,"GUANZE MEDICAL INFORMATION INDUSTRY CO., LTD.",,Hong Kong,HKEX,HKD
2429,BEIJING UBOX ONLINE TECHNOLOGY CORP.,,Hong Kong,HKEX,HKD
3618,"CHONGQING RURAL COMMERCIAL BANK CO., LTD.",,Hong Kong,HKEX,HKD
2431,"MINIEYE TECHNOLOGY CO., LTD.",,Hong Kong,HKEX,HKD
2432,SHENZHEN DOBOT CORPORATION LTD.,,Hong Kong,HKEX,HKD
3616,EVER REACH GROUP HOLDINGS CO LTD.,,Hong Kong,HKEX,HKD
2433,"ZHONGTIAN CONSTRUCTION HUNAN CO., LTD.",,Hong Kong,HKEX,HKD
2436,LX TECHNOLOGY GROUP LTD.,,Hong Kong,HKEX,HKD
2438,MOBVOI INC.,,Hong Kong,HKEX,HKD
3613,BEIJING TONG REN TANG CHINESE MEDICINE COMPANY LTD.,,Hong Kong,HKEX,HKD
2439,CHINA TREASURES NEW MATERIALS GROUP LTD,,Hong Kong,HKEX,HKD
3606,FUYAO GLASS INDUSTRY GROUP CO. LTD.,,Hong Kong,HKEX,HKD
2440,HOWKINGTECH INTERNATIONAL HOLDINGS LIMITED,,Hong Kong,HKEX,HKD
2442,EASY SMART GROUP HOLDINGS LTD.,,Hong Kong,HKEX,HKD
2443,AUTOSTREETS DEVELOPMENT LTD.,,Hong Kong,HKEX,HKD
3603,XINJI SHAXI GROUP CO. LTD.,,Hong Kong,HKEX,HKD
3601,360 LUDASHI HOLDINGS LTD.,,Hong Kong,HKEX,HKD
3600,MODERN DENTAL GROUP LTD.,,Hong Kong,HKEX,HKD
2450,"HUAIBEI GREENGOLD INDUSTRY CO., LTD.",,Hong Kong,HKEX,HKD
2451,LUYUAN GROUP HOLDING CAYMAN LTD.,,Hong Kong,HKEX,HKD
2453,CONCORD HEALTHCARE GROUP HOLDINGS LTD.,,Hong Kong,HKEX,HKD
2496,"WUHAN YZY BIOPHARMA CO., LTD.",,Hong Kong,HKEX,HKD
3355,FS.COM LIMITED,,Hong Kong,HKEX,HKD
2497,"FUJING HOLDINGS CO., LTD.",,Hong Kong,HKEX,HKD
2499,"FOLANGSI CO., LTD.",,Hong Kong,HKEX,HKD
2530,NUMANS HEALTH FOOD HOLDINGS LTD.,,Hong Kong,HKEX,HKD
2531,GL-CARLINK TECHNOLOGY HOLDING LIMITED,,Hong Kong,HKEX,HKD
2533,BLACK SESAME INTERNATIONAL HOLDING LTD.,,Hong Kong,HKEX,HKD
2535,WK GROUP HOLDINGS LTD.,,Hong Kong,HKEX,HKD
2536,PALASINO HOLDINGS LTD.,,Hong Kong,HKEX,HKD
2539,"LEMO SERVICES CO., LTD.",,Hong Kong,HKEX,HKD
2540,LÃ©SI GROUP LTD.,,Hong Kong,HKEX,HKD
2543,"DAHON TECH (SHENZHEN) CO., LTD.",,Hong Kong,HKEX,HKD
2545,"ZHONGGAN COMMUNICATION GROUP CO., LTD.",,Hong Kong,HKEX,HKD
2529,"HOLLWIN URBAN OPERATION SERVICES CO., LTD.",,Hong Kong,HKEX,HKD
2546,"XIZANG ZHIHUI MINING CO., LTD.",,Hong Kong,HKEX,HKD
2550,EASOU TECHNOLOGY HOLDINGS LTD.,,Hong Kong,HKEX,HKD
2551,"APT ELECTRONICS CO., LTD.",,Hong Kong,HKEX,HKD
2552,HUA MEDICINE LTD.,,Hong Kong,HKEX,HKD
206,"CMIC OCEAN EN-TECH HOLDING CO., LTD.",,Hong Kong,HKEX,HKD
2553,"BEIJING SHOUGANG LANZATECH TECHNOLOGY CO., LTD.",,Hong Kong,HKEX,HKD
2555,"SICHUAN BAICHA BAIDAO INDUSTRIAL CO., LTD.",,Hong Kong,HKEX,HKD
2556,MARKETINGFORCE MANAGEMENT LTD.,,Hong Kong,HKEX,HKD
2558,"JINSHANG BANK CO., LTD.",,Hong Kong,HKEX,HKD
2559,DIDA INC.,,Hong Kong,HKEX,HKD
2549,CAROTE LTD.,,Hong Kong,HKEX,HKD
2528,FORWARD FASHION INTERNATIONAL HOLDINGS COMPANY LIMITED,,Hong Kong,HKEX,HKD
2526,"HANGZHOU DIAGENS BIOTECHNOLOGY CO., LTD.",,Hong Kong,HKEX,HKD
2525,HESAI GROUP,,Hong Kong,HKEX,HKD
2500,VENUS MEDTECH (HANGZHOU) INC.,,Hong Kong,HKEX,HKD
2501,MAIYUE TECHNOLOGY LTD.,,Hong Kong,HKEX,HKD
2502,"HENAN JINYUAN HYDROGENATED CO., LTD.",,Hong Kong,HKEX,HKD
2503,ZHONGSHEN JIANYE HOLDING LTD.,,Hong Kong,HKEX,HKD
2505,EDA GROUP HOLDINGS LTD.,,Hong Kong,HKEX,HKD
2506,"XUNFEI HEALTHCARE TECHNOLOGY CO., LTD.",,Hong Kong,HKEX,HKD
2507,CIRRUS AIRCRAFT LTD.,,Hong Kong,HKEX,HKD
2508,SAINT BELLA INC.,,Hong Kong,HKEX,HKD
2509,QYUNS THERAPEUTICS CO. LTD.,,Hong Kong,HKEX,HKD
2510,T.S. LINES LTD,,Hong Kong,HKEX,HKD
2511,HIGHTIDE THERAPEUTICS INC.,,Hong Kong,HKEX,HKD
2512,CLOUD FACTORY TECHNOLOGY HOLDINGS LTD.,,Hong Kong,HKEX,HKD
2513,KNOWLEDGE ATLAS TECHNOLOGY JOINT STOCK COMPANY LIMITED,,Hong Kong,HKEX,HKD
2515,"TIANJIN CONSTRUCTION DEVELOPMENT CO., LTD.",,Hong Kong,HKEX,HKD
2516,FAR INTERNATIONAL HOLDINGS GROUP,,Hong Kong,HKEX,HKD
2517,"GUOQUAN FOOD SHANGHAI CO., LTD.",,Hong Kong,HKEX,HKD
2518,AUTOHOME INC.,,Hong Kong,HKEX,HKD
2519,AUGROUP SHENZHEN CROSS-BORDER E-COMMERCE COMPANY LIMITED,,Hong Kong,HKEX,HKD
2520,"SHANXI INSTALLATION GROUP CO., LTD.",,Hong Kong,HKEX,HKD
2521,SHENGHUI CLEANNESS GROUP HOLDINGS LIMITED,,Hong Kong,HKEX,HKD
2522,"JIANGXI RIMAG GROUP CO., LTD.",,Hong Kong,HKEX,HKD
2498,ROBOSENSE TECHNOLOGY CO. LTD.,,Hong Kong,HKEX,HKD
3623,CHINA SUCCESS FINANCE GROUP HOLDINGS LTD.,,Hong Kong,HKEX,HKD
2671,"USAS BUILDING SYSTEM (SHANGHAI) CO., LTD.",,Hong Kong,HKEX,HKD
3348,CHINA PENGFEI GROUP LTD.,,Hong Kong,HKEX,HKD
297,SINOFERT HOLDINGS LIMITED,,Hong Kong,HKEX,HKD
296,EMPEROR ENTERTAINMENT HOTEL LIMITED,,Hong Kong,HKEX,HKD
295,KONG SUN HOLDINGS LIMITED,,Hong Kong,HKEX,HKD
294,YANGTZEKIANG GARMENT LIMITED,,Hong Kong,HKEX,HKD
293,CATHAY PACIFIC AIRWAYS LIMITED,,Hong Kong,HKEX,HKD
291,CHINA RESOURCES BEER,,Hong Kong,HKEX,HKD
290,CHINA FORTUNE FINANCIAL GROUP LIMITED,,Hong Kong,HKEX,HKD
289,WING ON COMPANY INTERNATIONAL LIMITED,,Hong Kong,HKEX,HKD
288,WH GROUP LIMITED,,Hong Kong,HKEX,HKD
298,CHUANG'S CHINA INVESTMENTS LIMITED,,Hong Kong,HKEX,HKD
287,WINFAIR INVESTMENT COMPANY LIMITED,,Hong Kong,HKEX,HKD
285,BYD ELECTRONIC,,Hong Kong,HKEX,HKD
280,KING FOOK HOLDINGS LIMITED,,Hong Kong,HKEX,HKD
279,ARTA TECHFIN CORPORATION LIMITED,,Hong Kong,HKEX,HKD
277,TERN PROPERTIES COMPANY LIMITED,,Hong Kong,HKEX,HKD
276,MONGOLIA ENERGY CORPORATION LIMITED,,Hong Kong,HKEX,HKD
274,CHINA BILLION RESOURCES LIMITED,,Hong Kong,HKEX,HKD
272,SHUI ON LAND LIMITED,,Hong Kong,HKEX,HKD
271,ASIASEC PROPERTIES LIMITED,,Hong Kong,HKEX,HKD
270,GUANGDONG INVESTMENT LIMITED,,Hong Kong,HKEX,HKD
286,AIDIGONG MATERNAL & CHILD HEALTH LIMITED,,Hong Kong,HKEX,HKD
269,CHINA RESOURCES AND TRANSPORTATION GROUP LIMITED,,Hong Kong,HKEX,HKD
299,GLORY SUN LAND GROUP LIMITED,,Hong Kong,HKEX,HKD
301,SANVO FINE CHEMICALS GROUP LIMITED,,Hong Kong,HKEX,HKD
2951,TONGDA GROUP HOLDINGS LIMITED,,Hong Kong,HKEX,HKD
2953,IMMUNOTECH BIOPHARM LTD RIGHT,,Hong Kong,HKEX,HKD
2954,ALPHA PROFESSIONAL HOLDINGS LTD.,,Hong Kong,HKEX,HKD
2957,CROWN INTERNATIONAL CORP LTD,,Hong Kong,HKEX,HKD
2959,UNITY ENTERPRISE HOLDINGS LIMITED,,Hong Kong,HKEX,HKD
2960,FIRE ROCK HOLDINGS INC.,,Hong Kong,HKEX,HKD
2963,SHOUGANG CENTURY HOLDINGS LIMITED,,Hong Kong,HKEX,HKD
2966,CHINA METAL RESOURCES UTILIZATION LTD.,,Hong Kong,HKEX,HKD
2967,XINMING CHINA HOLDINGS LIMITED,,Hong Kong,HKEX,HKD
300,"MIDEA GROUP CO., LTD.",,Hong Kong,HKEX,HKD
2968,CHINA GREENLAND BROAD GREENSTATE GROUP COMPANY LIMITED,,Hong Kong,HKEX,HKD
2972,CONTEL TECHNOLOGY COMPANY LIMITED,,Hong Kong,HKEX,HKD
2974,GUANGDONG HONG KONG PARALLEL TRADING CO. LTD.,,Hong Kong,HKEX,HKD
2976,MEXAN LIMITED,,Hong Kong,HKEX,HKD
2980,CHINA AUTOMOTIVE INTERIOR (RIGHTS),,Hong Kong,HKEX,HKD
2986,FLOWING CLOUD TECHNOLOGY LTD.,,Hong Kong,HKEX,HKD
2988,JF SMARTINVEST HOLDINGS LTD,,Hong Kong,HKEX,HKD
2990,SHOUGANG CENTURY HOLDINGS LTD.,,Hong Kong,HKEX,HKD
2995,CMBC CAPITAL HOLDINGS LIMITED,,Hong Kong,HKEX,HKD
302,CMGE TECHNOLOGY GROUP LIMITED,,Hong Kong,HKEX,HKD
2969,GLOBAL BIO-CHEM TECHNOLOGY GROUP COMPANY LIMITED,,Hong Kong,HKEX,HKD
268,KINGDEE INTERNATIONAL SOFTWARE GROUP COMPANY LIMITED,,Hong Kong,HKEX,HKD
267,CITIC LIMITED,,Hong Kong,HKEX,HKD
266,TIAN TECK LAND LIMITED,,Hong Kong,HKEX,HKD
234,NEW CENTURY GROUP HONG KONG LIMITED,,Hong Kong,HKEX,HKD
232,AVIC INTERNATIONAL HOLDING,,Hong Kong,HKEX,HKD
229,RAYMOND INDUSTRIAL LIMITED,,Hong Kong,HKEX,HKD
228,CHINA ENERGY DEVELOPMENT HOLDINGS LIMITED,,Hong Kong,HKEX,HKD
227,FIRST SHANGHAI INVESTMENTS LIMITED,,Hong Kong,HKEX,HKD
225,POKFULAM DEVELOPMENT COMPANY LIMITED,,Hong Kong,HKEX,HKD
224,PIONEER GLOBAL GROUP LIMITED,,Hong Kong,HKEX,HKD
223,ELIFE HOLDINGS LIMITED,,Hong Kong,HKEX,HKD
222,MIN XIN HOLDINGS LIMITED,,Hong Kong,HKEX,HKD
235,CHINA STRATEGIC HOLDINGS LIMITED,,Hong Kong,HKEX,HKD
220,UNI-PRESIDENT CHINA HOLDINGS LTD,,Hong Kong,HKEX,HKD
218,SHENWAN HONGYUAN,,Hong Kong,HKEX,HKD
217,CHINA CHENGTONG DEVELOPMENT GROUP LIMITED,,Hong Kong,HKEX,HKD
216,"CHINNEY INVESTMENTS, LIMITED",,Hong Kong,HKEX,HKD
215,HUTCHISON TELECOMMUNICATIONS HONG KONG HOLDINGS LIMITED,,Hong Kong,HKEX,HKD
214,ASIA ORIENT HOLDINGS LIMITED,,Hong Kong,HKEX,HKD
213,NATIONAL ELECTRONICS HOLDINGS LIMITED,,Hong Kong,HKEX,HKD
209,WINSHINE SCIENCE COMPANY LIMITED,,Hong Kong,HKEX,HKD
212,NANYANG HOLDINGS LIMITED,,Hong Kong,HKEX,HKD
211,STYLAND HOLDINGS LIMITED,,Hong Kong,HKEX,HKD
219,SHUN HO PROPERTY INVESTMENTS LIMITED,,Hong Kong,HKEX,HKD
236,SAN MIGUEL BREWERY HONG KONG LIMITED,,Hong Kong,HKEX,HKD
237,"SAFETY GODOWN COMPANY, LIMITED",,Hong Kong,HKEX,HKD
239,PAK FAH YEOW INTERNATIONAL LIMITED,,Hong Kong,HKEX,HKD
265,ORIENT VICTORY TRAVEL GROUP COMPANY LIMITED,,Hong Kong,HKEX,HKD
264,CHINA INTERNATIONAL DEVELOPMENT CORPORATION LIMITED,,Hong Kong,HKEX,HKD
262,DESON DEVELOPMENT INTERNATIONAL HOLDINGS LIMITED,,Hong Kong,HKEX,HKD
261,GBA HOLDINGS LIMITED,,Hong Kong,HKEX,HKD
259,YEEBO,,Hong Kong,HKEX,HKD
258,TOMSON GROUP LIMITED,,Hong Kong,HKEX,HKD
257,CHINA EVERBRIGHT ENVIRONMENT GROUP LIMITED,,Hong Kong,HKEX,HKD
256,CITYCHAMP WATCH & JEWELLERY GROUP LIMITED,,Hong Kong,HKEX,HKD
255,LUNG KEE,,Hong Kong,HKEX,HKD
254,NATIONAL UNITED RESOURCES HOLDINGS LIMITED,,Hong Kong,HKEX,HKD
253,SHUN HO HOLDINGS LIMITED,,Hong Kong,HKEX,HKD
252,SOUTHEAST ASIA PROPERTIES & FINANCE LIMITED,,Hong Kong,HKEX,HKD
251,S E A HOLDINGS LIMITED,,Hong Kong,HKEX,HKD
248,HKC INTERNATIONAL HOLDINGS LIMITED,,Hong Kong,HKEX,HKD
247,TSIM SHA TSUI PROPERTIES LIMITED,,Hong Kong,HKEX,HKD
245,CHINA VERED FINANCIAL HOLDING CORPORATION LIMITED,,Hong Kong,HKEX,HKD
244,"THE SINCERE COMPANY, LIMITED",,Hong Kong,HKEX,HKD
243,QPL INTERNATIONAL HOLDINGS LIMITED,,Hong Kong,HKEX,HKD
242,SHUN TAK HOLDINGS LIMITED,,Hong Kong,HKEX,HKD
241,ALIBABA HEALTH INFORMATION TECHNOLOGY LIMITED,,Hong Kong,HKEX,HKD
240,BUILD KING HOLDINGS LIMITED,,Hong Kong,HKEX,HKD
2950,NEW CONCEPTS HOLDINGS LTD,,Hong Kong,HKEX,HKD
2944,BYD COMPANY LIMITED,,Hong Kong,HKEX,HKD
2940,"WELLCELL HOLDINGS CO., LTD.",,Hong Kong,HKEX,HKD
3200,"SHENZHEN HAN'S CNC TECHNOLOGY CO., LTD.",,Hong Kong,HKEX,HKD
2697,"GUANGDONG TRUE HEALTH MEDICAL TECHNOLOGY DEVELOPMENT CO., LTD.",,Hong Kong,HKEX,HKD
3322,WIN HANVERKY HOLDINGS LTD.,,Hong Kong,HKEX,HKD
2698,SOFTCARE LIMITED,,Hong Kong,HKEX,HKD
3321,WAI HUNG GROUP HOLDINGS LTD.,,Hong Kong,HKEX,HKD
2699,XINMING CHINA HOLDINGS LTD.,,Hong Kong,HKEX,HKD
3320,CHINA RESOURCES PHARMACEUTICAL GROUP LIMITED,,Hong Kong,HKEX,HKD
2700,GREEN INTERNATIONAL HOLDINGS LIMITED,,Hong Kong,HKEX,HKD
2701,NSING TECHNOLOGIES INC.,,Hong Kong,HKEX,HKD
3319,"A-LIVING SMART CITY SERVICES CO., LTD.",,Hong Kong,HKEX,HKD
3323,CHINA NATIONAL BUILDING MATERIAL CO. LTD.,,Hong Kong,HKEX,HKD
3318,CHINA BOTON GROUP CO. LTD.,,Hong Kong,HKEX,HKD
3316,"BINJIANG SERVICE GROUP CO., LTD.",,Hong Kong,HKEX,HKD
2706,"BEIJING HAIZHI TECHNOLOGY GROUP CO., LTD.",,Hong Kong,HKEX,HKD
3315,GOLDPAC GROUP LTD.,,Hong Kong,HKEX,HKD
3313,ARTGO HOLDINGS LTD.,,Hong Kong,HKEX,HKD
2714,"MUYUAN FOODS CO., LTD.",,Hong Kong,HKEX,HKD
2715,"ESTUN AUTOMATION CO., LTD.",,Hong Kong,HKEX,HKD
2718,MININGLAMP TECHNOLOGY,,Hong Kong,HKEX,HKD
3311,CHINA STATE CONSTRUCTION INTERNATIONAL HOLDINGS LTD.,,Hong Kong,HKEX,HKD
3310,"VIEWTRIX TECHNOLOGY CO., LTD.",,Hong Kong,HKEX,HKD
3317,"SHENZHEN XUNCE TECHNOLOGY CO., LTD. H SHARES",,Hong Kong,HKEX,HKD
2696,"SHANGHAI HENLIUS BIOTECH, INC.",,Hong Kong,HKEX,HKD
2695,"IMPRESSION DAHONGPAO CO., LTD.",,Hong Kong,HKEX,HKD
2693,"ANHUI JINYAN KAOLIN NEW MATERIALS CO., LTD.",,Hong Kong,HKEX,HKD
3347,"HANGZHOU TIGERMED CONSULTING CO., LTD.",,Hong Kong,HKEX,HKD
2675,"SHENZHEN EDGE MEDICAL CO., LTD.",,Hong Kong,HKEX,HKD
2676,"SUZHOU NOVOSENSE MICROELECTRONICS CO., LTD. H SHARES",,Hong Kong,HKEX,HKD
2677,DISTINCT HEALTHCARE HOLDINGS LIMITED,,Hong Kong,HKEX,HKD
3339,LONKING HOLDINGS LIMITED,,Hong Kong,HKEX,HKD
3337,ANTON OILFIELD SERVICES GROUP,,Hong Kong,HKEX,HKD
2678,TEXHONG INTERNATIONAL GROUP LIMITED,,Hong Kong,HKEX,HKD
2680,INNOVAX HOLDINGS LTD.,,Hong Kong,HKEX,HKD
3336,JU TENG INTERNATIONAL HOLDINGS LIMITED,,Hong Kong,HKEX,HKD
2682,YUN LEE MARINE GROUP HOLDINGS LTD.,,Hong Kong,HKEX,HKD
2683,WAH SUN HANDBAGS INTERNATIONAL HOLDINGS LIMITED,,Hong Kong,HKEX,HKD
3332,"NANJING SINOLIFE UNITED CO., LTD.",,Hong Kong,HKEX,HKD
2685,QUANTGROUP HOLDING LIMITED,,Hong Kong,HKEX,HKD
2687,"SHANGHAI ABLE DIGITAL SCIENCE & TECH CO., LTD.",,Hong Kong,HKEX,HKD
3330,"LINGBAO GOLD GROUP CO., LTD.",,Hong Kong,HKEX,HKD
2688,ENN ENERGY HOLDINGS LTD.,,Hong Kong,HKEX,HKD
2689,NINE DRAGONS PAPER HOLDINGS LIMITED,,Hong Kong,HKEX,HKD
3329,BOCOM INTERNATIONAL HOLDINGS COMPANY LIMITED,,Hong Kong,HKEX,HKD
3328,"BANK OF COMMUNICATIONS CO., LTD.",,Hong Kong,HKEX,HKD
2691,"NANHUA FUTURES CO., LTD.",,Hong Kong,HKEX,HKD
2692,"SHENZHEN ZHAOWEI MACHINERY & ELECTRONICS CO., LTD.",,Hong Kong,HKEX,HKD
3309,C-MER MEDICAL HOLDINGS LTD.,,Hong Kong,HKEX,HKD
2672,"BAIGE ONLINE DIGITAL TECHNOLOGY CO., LTD.",,Hong Kong,HKEX,HKD
2720,RIDGE OUTDOOR INTERNATIONAL LIMITED,,Hong Kong,HKEX,HKD
3306,JNBY DESIGN LTD.,,Hong Kong,HKEX,HKD
2858,YIXIN GROUP LTD.,,Hong Kong,HKEX,HKD
2863,GOLDEN FAITH GROUP HOLDINGS LIMITED,,Hong Kong,HKEX,HKD
2865,HAINAN DRINDA NEW ENERGY TECHNOLOGY CO. LTD.,,Hong Kong,HKEX,HKD
2866,"COSCO SHIPPING DEVELOPMENT CO., LTD.",,Hong Kong,HKEX,HKD
2869,GREENTOWN SERVICE GROUP CO. LTD.,,Hong Kong,HKEX,HKD
2877,CHINA SHINEWAY PHARMACEUTICAL GROUP LIMITED,,Hong Kong,HKEX,HKD
2878,SOLOMON SYSTECH (INTERNATIONAL) LTD.,,Hong Kong,HKEX,HKD
2880,"LIAONING PORT CO., LTD.",,Hong Kong,HKEX,HKD
2881,WUHAN YOUJI HOLDINGS LTD.,,Hong Kong,HKEX,HKD
2833,HANG SENG INDEX ETF,,Hong Kong,HKEX,HKD
2882,3DG HOLDINGS INTERNATIONAL LTD.,,Hong Kong,HKEX,HKD
2885,PEIPORT HOLDINGS LTD.,,Hong Kong,HKEX,HKD
2886,BINHAI INVESTMENT COMPANY LTD.,,Hong Kong,HKEX,HKD
2888,STANDARD CHARTERED PLC,,Hong Kong,HKEX,HKD
2889,PATEO CONNECT TECHNOLOGY (SHANGHAI) CORPORATION,,Hong Kong,HKEX,HKD
2892,MILLION CITIES HOLDINGS LTD.,,Hong Kong,HKEX,HKD
2898,SUNHO BIOLOGICS INC.,,Hong Kong,HKEX,HKD
2899,"ZIJIN MINING GROUP CO., LTD.",,Hong Kong,HKEX,HKD
2904,DAIDO GROUP LIMITED,,Hong Kong,HKEX,HKD
2910,"SHANGHAI ZHIDA TECHNOLOGY DEVELOPMENT CO., LTD.",,Hong Kong,HKEX,HKD
2883,CHINA OILFIELD SERVICES LIMITED,,Hong Kong,HKEX,HKD
2799,CHINA CITIC FINANCIAL ASSET HOLDINGS CO. LTD.,,Hong Kong,HKEX,HKD
2798,PERENNIAL ENERGY HOLDINGS LIMITED,,Hong Kong,HKEX,HKD
2797,"JIANGXI QIYUNSHAN FOOD CO., LTD.",,Hong Kong,HKEX,HKD
2723,"BEIJING DEEPZERO TECHNOLOGY CO., LTD.",,Hong Kong,HKEX,HKD
3303,JUTAL OFFSHORE OIL SERVICES LTD.,,Hong Kong,HKEX,HKD
2726,"EPIWORLD INTERNATIONAL CO., LTD.",,Hong Kong,HKEX,HKD
3302,KINERGY CORP LTD.,,Hong Kong,HKEX,HKD
3301,RONSHINE CHINA HOLDINGS LTD.,,Hong Kong,HKEX,HKD
3300,CHINA GLASS HOLDINGS LTD.,,Hong Kong,HKEX,HKD
2727,"SHANGHAI ELECTRIC GROUP CO., LTD.",,Hong Kong,HKEX,HKD
2728,JINTAI ENERGY HOLDINGS LTD.,,Hong Kong,HKEX,HKD
3296,"HUAQIN CO., LTD.",,Hong Kong,HKEX,HKD
2729,"ZHEJIANG GALAXIS TECHNOLOGY GROUP CO., LTD.",,Hong Kong,HKEX,HKD
2738,HUAJIN INTERNATIONAL HOLDINGS LTD.,,Hong Kong,HKEX,HKD
2768,"QINGDAO GON TECHNOLOGY CO., LTD.",,Hong Kong,HKEX,HKD
3288,FOSHAN HAITIAN FLAVOURING & FOOD CO. LTD.,,Hong Kong,HKEX,HKD
2772,"ZHONGLIANG HOLDINGS GROUP CO., LTD.",,Hong Kong,HKEX,HKD
2777,"GUANGZHOU R&F PROPERTIES CO., LTD.",,Hong Kong,HKEX,HKD
2778,CHAMPION REAL ESTATE INVESTMENT TRUST,,Hong Kong,HKEX,HKD
2779,CHINA XINHUA EDUCATION GROUP LIMITED,,Hong Kong,HKEX,HKD
3277,GPIXEL CHANGCHUN MICROELECTRONICS INC.,,Hong Kong,HKEX,HKD
3268,"MEIG SMART TECHNOLOGY CO., LTD.",,Hong Kong,HKEX,HKD
2788,CHUANGXIN INDUSTRIES HOLDINGS LIMITED,,Hong Kong,HKEX,HKD
2789,YUANDA CHINA HOLDINGS LTD.,,Hong Kong,HKEX,HKD
2722,"CHONGQING MACHINERY & ELECTRIC CO., LTD.",,Hong Kong,HKEX,HKD
2425,AUSTASIA GROUP LTD.,,Hong Kong,HKEX,HKD
2423,KE HOLDINGS INC.,,Hong Kong,HKEX,HKD
2422,"REGO INTERACTIVE CO., LTD.",,Hong Kong,HKEX,HKD
2193,MAN KING HOLDINGS LTD.,,Hong Kong,HKEX,HKD
2195,UNITY ENTERPRISE HOLDINGS LTD.,,Hong Kong,HKEX,HKD
2196,"SHANGHAI FOSUN PHARMACEUTICAL GROUP CO., LTD.",,Hong Kong,HKEX,HKD
2197,CLOVER BIOPHARMACEUTICALS LTD.,,Hong Kong,HKEX,HKD
2198,"CHINA SANJIANG FINE CHEMICALS CO., LTD.",,Hong Kong,HKEX,HKD
2199,REGINA MIRACLE INTERNATIONAL HOLDINGS LTD.,,Hong Kong,HKEX,HKD
2202,"CHINA VANKE CO., LTD.",,Hong Kong,HKEX,HKD
2203,BRAINHOLE TECHNOLOGY LTD.,,Hong Kong,HKEX,HKD
2205,KANGQIAO SERVICE GROUP LTD.,,Hong Kong,HKEX,HKD
2192,"MEDLIVE TECHNOLOGY CO., LTD.",,Hong Kong,HKEX,HKD
2208,"GOLDWIND SCIENCE & TECHNOLOGY CO., LTD.",,Hong Kong,HKEX,HKD
2210,"BEIJING CAPITAL JIAYE PROPERTY CO., LTD.",,Hong Kong,HKEX,HKD
2211,UNIVERSAL HEALTH INTERNATIONAL GROUP HOLDING LTD.,,Hong Kong,HKEX,HKD
2212,FUTURE BRIGHT MINING HOLDINGS LTD.,,Hong Kong,HKEX,HKD
2215,DEXIN SERVICES GROUP LTD.,,Hong Kong,HKEX,HKD
2216,BRONCUS HOLDING CORPORATION,,Hong Kong,HKEX,HKD
2218,"YANTAI NORTH ANDRE JUICE CO., LTD.",,Hong Kong,HKEX,HKD
2219,CHAOJU EYE CARE HOLDINGS LTD.,,Hong Kong,HKEX,HKD
2221,NEW CONCEPTS HOLDINGS LTD.,,Hong Kong,HKEX,HKD
2222,NVC INTERNATIONAL HOLDINGS LIMITED,,Hong Kong,HKEX,HKD
2209,YESASIA HOLDINGS LTD,,Hong Kong,HKEX,HKD
2223,CASABLANCA GROUP LTD.,,Hong Kong,HKEX,HKD
2191,SF REAL ESTATE INVESTMENT TRUST,,Hong Kong,HKEX,HKD
2189,KATO (HONG KONG) HOLDINGS LTD.,,Hong Kong,HKEX,HKD
2165,LING YUE SERVICES GROUP LTD.,,Hong Kong,HKEX,HKD
2166,SMART-CORE HOLDINGS LTD.,,Hong Kong,HKEX,HKD
2167,TI CLOUD INC.,,Hong Kong,HKEX,HKD
2168,KAISA PROSPERITY HOLDINGS LIMITED,,Hong Kong,HKEX,HKD
2169,CANGGANG RAILWAY LTD.,,Hong Kong,HKEX,HKD
2170,SUZHOU BASECARE MEDICAL CORP. LTD.,,Hong Kong,HKEX,HKD
2171,CARSGEN THERAPEUTICS HOLDINGS LIMITED,,Hong Kong,HKEX,HKD
2172,MICROPORT NEUROTECH LTD.,,Hong Kong,HKEX,HKD
2175,CHINA GENERAL EDUCATION GROUP LTD.,,Hong Kong,HKEX,HKD
2190,"ZYLOX-TONBRIDGE MEDICAL TECHNOLOGY CO., LTD.",,Hong Kong,HKEX,HKD
2176,CCID CONSULTING COMPANY LIMITED,,Hong Kong,HKEX,HKD
2178,PETRO-KING OILFIELD SERVICES LTD.,,Hong Kong,HKEX,HKD
2179,"JIANGSU RECBIO TECHNOLOGY CO., LTD.",,Hong Kong,HKEX,HKD
2180,MANPOWERGROUP GREATER CHINA LTD.,,Hong Kong,HKEX,HKD
2181,MABPHARM LTD.,,Hong Kong,HKEX,HKD
2182,TIAN CHANG GROUP HOLDINGS LTD.,,Hong Kong,HKEX,HKD
2185,"SHANGHAI BIO-HEART BIOLOGICAL TECHNOLOGY CO., LTD.",,Hong Kong,HKEX,HKD
2186,LUYE PHARMA GROUP LTD.,,Hong Kong,HKEX,HKD
2187,ZHIXIN GROUP HOLDING LTD,,Hong Kong,HKEX,HKD
2188,"CHINA TITANS ENERGY TECHNOLOGY GROUP CO., LTD.",,Hong Kong,HKEX,HKD
2177,UNQ HOLDINGS LTD.,,Hong Kong,HKEX,HKD
2225,JINHAI MEDICAL TECHNOLOGY LTD.,,Hong Kong,HKEX,HKD
2226,HONWORLD GROUP LTD.,,Hong Kong,HKEX,HKD
2227,SOLIS HOLDINGS LTD.,,Hong Kong,HKEX,HKD
3968,"CHINA MERCHANTS BANK CO., LTD.",,Hong Kong,HKEX,HKD
2245,LYGEND RESOURCES & TECHNOLOGY CO. LTD.,,Hong Kong,HKEX,HKD
2246,GOGOX HOLDINGS LIMITED,,Hong Kong,HKEX,HKD
3963,CHINA RONGZHONG FINANCIAL HOLDINGS LTD.,,Hong Kong,HKEX,HKD
3958,"ORIENT SECURITIES CO., LTD.",,Hong Kong,HKEX,HKD
2249,NEXCHIP SEMICONDUCTOR CORPORATION,,Hong Kong,HKEX,HKD
3952,"ZHEJIANG LAIFUAL DRIVE CO., LTD.",,Hong Kong,HKEX,HKD
2250,B.DUCK SEMK HOLDINGS INTERNATIONAL LTD.,,Hong Kong,HKEX,HKD
2251,"BEIJING AIRDOC TECHNOLOGY CO., LTD.",,Hong Kong,HKEX,HKD
3969,CHINA RAILWAY SIGNAL & COMMUNICATION CORPORATION LIMITED,,Hong Kong,HKEX,HKD
2252,"SHANGHAI MICROPORT MEDBOT GROUP CO., LTD.",,Hong Kong,HKEX,HKD
3938,LFG INVESTMENT HOLDINGS LTD.,,Hong Kong,HKEX,HKD
3933,THE UNITED LABORATORIES INTERNATIONAL HOLDINGS LIMITED,,Hong Kong,HKEX,HKD
2255,HAICHANG OCEAN PARK HOLDINGS LTD.,,Hong Kong,HKEX,HKD
3931,CALB GROUP CO. LTD.,,Hong Kong,HKEX,HKD
3928,CHINA NEXT-GEN COMMERCE AND HOLDINGS LTD.,,Hong Kong,HKEX,HKD
3919,GOLDEN POWER GROUP HOLDINGS LTD.,,Hong Kong,HKEX,HKD
3918,NAGACORP LTD.,,Hong Kong,HKEX,HKD
2256,ABISKO CAYMAN LTD.,,Hong Kong,HKEX,HKD
3913,KWG LIVING GROUP HOLDINGS LIMITED,,Hong Kong,HKEX,HKD
3939,WANGUO GOLD GROUP LTD.,,Hong Kong,HKEX,HKD
2239,SMIT HOLDINGS LTD.,,Hong Kong,HKEX,HKD
3978,CHINA BESTSTUDY EDUCATION GROUP,,Hong Kong,HKEX,HKD
2238,"GUANGZHOU AUTOMOBILE GROUP CO., LTD.",,Hong Kong,HKEX,HKD
2228,XTALPI HOLDINGS LIMITED,,Hong Kong,HKEX,HKD
202,EVERCHINA INT'L HOLDINGS COMPANY LIMITED,,Hong Kong,HKEX,HKD
204,CHINA INVESTMENT DEVELOPMENT LIMITED,,Hong Kong,HKEX,HKD
2230,MEDIALINK GROUP LIMITED,,Hong Kong,HKEX,HKD
3999,DACHAN FOOD ASIA LTD.,,Hong Kong,HKEX,HKD
2231,JY GRANDMARK HOLDINGS LTD.,,Hong Kong,HKEX,HKD
3998,BOSIDENG INTERNATIONAL HOLDINGS LIMITED,,Hong Kong,HKEX,HKD
2232,CRYSTAL INTERNATIONAL GROUP LIMITED,,Hong Kong,HKEX,HKD
3997,TELECOM SERVICE ONE HOLDINGS LTD.,,Hong Kong,HKEX,HKD
3996,CHINA ENERGY ENGINEERING CORPORATION LIMITED,,Hong Kong,HKEX,HKD
2233,WEST CHINA CEMENT LIMITED,,Hong Kong,HKEX,HKD
3993,CMOC GROUP LTD.,,Hong Kong,HKEX,HKD
3991,CHANGHONG JIAHUA HOLDINGS LIMITED,,Hong Kong,HKEX,HKD
3990,MIDEA REAL ESTATE HOLDING LTD.,,Hong Kong,HKEX,HKD
3989,CAPITAL ENVIRONMENT HOLDINGS LIMITED,,Hong Kong,HKEX,HKD
3988,BANK OF CHINA LTD.,,Hong Kong,HKEX,HKD
2235,"MICROTECH MEDICAL (HANGZHOU) CO., LTD.",,Hong Kong,HKEX,HKD
3986,GIGADEVICE SEMICONDUCTOR INC.,,Hong Kong,HKEX,HKD
3983,CHINA BLUECHEMICAL LTD.,,Hong Kong,HKEX,HKD
2236,WISON ENGINEERING SERVICES CO. LTD.,,Hong Kong,HKEX,HKD
2237,CHINA GRAPHITE GROUP LTD.,,Hong Kong,HKEX,HKD
2163,"CHANGSHA BROAD HOMES INDUSTRIAL GROUP CO., LTD.",,Hong Kong,HKEX,HKD
2162,KEYMED BIOSCIENCES INC.,,Hong Kong,HKEX,HKD
2161,JBM (HEALTHCARE) LIMITED,,Hong Kong,HKEX,HKD
2160,MICROPORT CARDIOFLOW MEDTECH CORP,,Hong Kong,HKEX,HKD
2025,"RUIFENG POWER GROUP CO., LTD.",,Hong Kong,HKEX,HKD
2026,PONY AI INC.,,Hong Kong,HKEX,HKD
2028,JOLIMARK HOLDINGS LTD,,Hong Kong,HKEX,HKD
2030,CABBEEN FASHION LTD,,Hong Kong,HKEX,HKD
2031,AUSUPREME INTERNATIONAL HOLDINGS LIMITED,,Hong Kong,HKEX,HKD
2033,TIME WATCH INVESTMENTS LTD.,,Hong Kong,HKEX,HKD
2038,FIH MOBILE LIMITED,,Hong Kong,HKEX,HKD
2039,CHINA INTERNATIONAL MARINE CONTAINERS CO. LTD.,,Hong Kong,HKEX,HKD
2048,E-HOUSE (CHINA) ENTERPRISE HOLDINGS LTD.,,Hong Kong,HKEX,HKD
2023,"CHINA LUDAO TECHNOLOGY CO., LTD.",,Hong Kong,HKEX,HKD
4336,"APPLIED MATERIALS, INC.",,Hong Kong,HKEX,HKD
2050,"ZHEJIANG SANHUA INTELLIGENT CONTROLS CO., LTD.",,Hong Kong,HKEX,HKD
2051,51 CREDIT CARD INC.,,Hong Kong,HKEX,HKD
4333,"CISCO SYSTEMS, INC.",,Hong Kong,HKEX,HKD
2057,ZTO EXPRESS (CAYMAN) INC.,,Hong Kong,HKEX,HKD
2068,CHINA ALUMINUM INTERNATIONAL ENGINEERING CORPORATION LIMITED,,Hong Kong,HKEX,HKD
2076,KANZHUN LTD.,,Hong Kong,HKEX,HKD
2078,PANASIA ALUMINUM HOLDINGS CO. LTD.,,Hong Kong,HKEX,HKD
2080,AUX INTERNATIONAL HOLDINGS LTD.,,Hong Kong,HKEX,HKD
2086,LEADWAY TECHNOLOGY INVESTMENT LTD.,,Hong Kong,HKEX,HKD
4335,INTEL CORPORATION,,Hong Kong,HKEX,HKD
2022,DIGITAL HOLLYWOOD INTERACTIVE LTD.,,Hong Kong,HKEX,HKD
2020,ANTA SPORTS PRODUCTS LTD.,,Hong Kong,HKEX,HKD
2018,AAC TECHNOLOGIES HOLDINGS INC.,,Hong Kong,HKEX,HKD
1989,DELTON TECHNOLOGY (GUANGZHOU) INC.,,Hong Kong,HKEX,HKD
1991,TA YANG GROUP HOLDINGS LTD.,,Hong Kong,HKEX,HKD
1993,ASIARAY MEDIA GROUP LIMITED,,Hong Kong,HKEX,HKD
1995,EVER SUNSHINE SERVICES GROUP LTD.,,Hong Kong,HKEX,HKD
1996,REDSUN PROPERTIES GROUP LTD.,,Hong Kong,HKEX,HKD
1997,WHARF REAL ESTATE INVESTMENT COMPANY LIMITED,,Hong Kong,HKEX,HKD
1999,MAN WAH HOLDINGS LTD.,,Hong Kong,HKEX,HKD
2000,SIM TECHNOLOGY GROUP LTD.,,Hong Kong,HKEX,HKD
2001,CHINA NEW HIGHER EDUCATION GROUP LIMITED,,Hong Kong,HKEX,HKD
2002,"CHINA SUNSHINE PAPER HOLDINGS CO., LTD.",,Hong Kong,HKEX,HKD
2003,VCREDIT HOLDINGS LTD.,,Hong Kong,HKEX,HKD
2005,SSY GROUP LIMITED,,Hong Kong,HKEX,HKD
2007,COUNTRY GARDEN HOLDINGS COMPANY LIMITED,,Hong Kong,HKEX,HKD
2008,PHOENIX MEDIA INVESTMENT (HOLDINGS) LIMITED,,Hong Kong,HKEX,HKD
2009,BBMG CORPORATION,,Hong Kong,HKEX,HKD
2011,GILSTON GROUP LTD.,,Hong Kong,HKEX,HKD
2012,SUNSHINE OILSANDS LTD.,,Hong Kong,HKEX,HKD
2013,WEIMOB INC.,,Hong Kong,HKEX,HKD
2015,LI AUTO INC.,,Hong Kong,HKEX,HKD
2016,"CHINA ZHESHANG BANK CO., LTD.",,Hong Kong,HKEX,HKD
2017,CHANHIGH HOLDINGS LTD.,,Hong Kong,HKEX,HKD
2088,XIWANG PROPERTY HOLDINGS COMPANY LIMITED,,Hong Kong,HKEX,HKD
3908,CHINA INTERNATIONAL CAPITAL CORPORATION LIMITED,,Hong Kong,HKEX,HKD
2096,SIMCERE PHARMACEUTICAL GROUP LTD.,,Hong Kong,HKEX,HKD
200,MELCO INTERNATIONAL DEVELOPMENT LIMITED,,Hong Kong,HKEX,HKD
2132,LANDRICH HOLDING LTD.,,Hong Kong,HKEX,HKD
2135,RAILY AESTHETIC MEDICINE INTERNATIONAL HOLDINGS LIMITED,,Hong Kong,HKEX,HKD
2136,LIFESTYLE CHINA GROUP LTD.,,Hong Kong,HKEX,HKD
2137,BRII BIOSCIENCES LTD.,,Hong Kong,HKEX,HKD
2138,EC HEALTHCARE LTD.,,Hong Kong,HKEX,HKD
2139,"BANK OF GANSU CO., LTD.",,Hong Kong,HKEX,HKD
2142,HBM HOLDINGS LIMITED,,Hong Kong,HKEX,HKD
2145,"SHANGHAI CHICMAX COSMETIC CO., LTD.",,Hong Kong,HKEX,HKD
2146,"ROISERV LIFESTYLE SERVICES CO., LTD.",,Hong Kong,HKEX,HKD
2131,NETJOY HOLDINGS LTD.,,Hong Kong,HKEX,HKD
2147,ZHENGWEI GROUP HOLDINGS CO LTD,,Hong Kong,HKEX,HKD
2150,NAYUKI HOLDINGS LTD.,,Hong Kong,HKEX,HKD
201,MAGNIFICENT HOTEL INVESTMENTS LIMITED,,Hong Kong,HKEX,HKD
2152,"SUXIN JOYFUL LIFE SERVICES CO., LTD.",,Hong Kong,HKEX,HKD
2153,"TAT HONG EQUIPMENT SERVICE CO., LTD.",,Hong Kong,HKEX,HKD
2155,MORIMATSU INTERNATIONAL HOLDINGS LIMITED,,Hong Kong,HKEX,HKD
2156,C&D PROPERTY MANAGEMENT GROUP CO. LTD.,,Hong Kong,HKEX,HKD
2157,LEPU BIOPHARMA CO. LTD.,,Hong Kong,HKEX,HKD
2158,YIDU TECH INC.,,Hong Kong,HKEX,HKD
2159,MEDIWELCOME HEALTHCARE MANAGEMENT LTD.,,Hong Kong,HKEX,HKD
2149,"BATELAB CO., LTD.",,Hong Kong,HKEX,HKD
2130,CN LOGISTICS INTERNATIONAL HOLDINGS LTD.,,Hong Kong,HKEX,HKD
2129,LEGION CONSORTIUM LTD.,,Hong Kong,HKEX,HKD
2128,CHINA LESSO GROUP HOLDINGS LIMITED,,Hong Kong,HKEX,HKD
2098,ZALL SMART COMMERCE GROUP LTD.,,Hong Kong,HKEX,HKD
2099,CHINA GOLD INTERNATIONAL RESOURCES CORP. LTD.,,Hong Kong,HKEX,HKD
303,VTECH HOLDINGS LIMITED,,Hong Kong,HKEX,HKD
2100,BAIOO FAMILY INTERACTIVE LTD.,,Hong Kong,HKEX,HKD
2101,FULU HOLDINGS LTD.,,Hong Kong,HKEX,HKD
2102,TAK LEE MACHINERY HOLDINGS LIMITED,,Hong Kong,HKEX,HKD
2105,LAEKNA INC.,,Hong Kong,HKEX,HKD
2107,FIRST SERVICE HOLDING LTD.,,Hong Kong,HKEX,HKD
2108,K2 F&B HOLDINGS LTD.,,Hong Kong,HKEX,HKD
2110,TIAN CHENG HOLDINGS LTD.,,Hong Kong,HKEX,HKD
2111,BEST PACIFIC INTERNATIONAL HOLDINGS LIMITED,,Hong Kong,HKEX,HKD
2112,GRACE LIFE-TECH HOLDINGS LTD.,,Hong Kong,HKEX,HKD
2113,CENTURY GROUP INTERNATIONAL,,Hong Kong,HKEX,HKD
2116,"JIANGSU INNOVATIVE ECOLOGICAL CO., LTD.",,Hong Kong,HKEX,HKD
2119,TSIT WING INTERNATIONAL HOLDINGS LIMITED,,Hong Kong,HKEX,HKD
2120,"WENZHOU KANGNING HOSPITAL CO., LTD.",,Hong Kong,HKEX,HKD
2121,"AINNOVATION TECHNOLOGY GROUP CO., LTD",,Hong Kong,HKEX,HKD
2122,KIDSLAND INTERNATIONAL HOLDINGS LIMITED,,Hong Kong,HKEX,HKD
2125,STRAWBEAR ENTERTAINMENT GROUP,,Hong Kong,HKEX,HKD
2126,JW (CAYMAN) THERAPEUTICS CO. LTD.,,Hong Kong,HKEX,HKD
2127,HUISEN SHARES GROUP LTD.,,Hong Kong,HKEX,HKD
2097,MIXUE GROUP LTD.,,Hong Kong,HKEX,HKD
2257,SIRNAOMICS LTD.,,Hong Kong,HKEX,HKD
3903,"HANHUA FINANCIAL HOLDING CO., LTD.",,Hong Kong,HKEX,HKD
2258,WATTS INTERNATIONAL MARITIME COMPANY LIMITED,,Hong Kong,HKEX,HKD
2362,JINCHUAN GROUP INTERNATIONAL RESOURCES CO. LTD.,,Hong Kong,HKEX,HKD
2363,TONGDA HONG TAI HOLDINGS LTD.,,Hong Kong,HKEX,HKD
2367,GIANT BIOGENE HOLDING CO. LTD.,,Hong Kong,HKEX,HKD
2368,EAGLE NICE INTERNATIONAL HOLDINGS LIMITED,,Hong Kong,HKEX,HKD
3700,INKEVERSE GROUP LTD.,,Hong Kong,HKEX,HKD
3699,EVERBRIGHT GRAND CHINA ASSETS LIMITED,,Hong Kong,HKEX,HKD
3698,HUISHANG BANK CORPORATION LIMITED,,Hong Kong,HKEX,HKD
3696,INSILICO MEDICINE CAYMAN TOPCO,,Hong Kong,HKEX,HKD
2369,COOLPAD GROUP LTD.,,Hong Kong,HKEX,HKD
2361,SINOHEALTH HOLDINGS LTD.,,Hong Kong,HKEX,HKD
2370,"REDCO HEALTHY LIVING CO., LTD.",,Hong Kong,HKEX,HKD
2372,WEILI HOLDINGS LTD.,,Hong Kong,HKEX,HKD
2373,BEAUTY FARM MEDICAL AND HEALTH INDUSTRY INC.,,Hong Kong,HKEX,HKD
3692,"HANSOH PHARMACEUTICAL GROUP CO., LTD.",,Hong Kong,HKEX,HKD
2376,"LUSHANG LIFE SERVICES CO., LTD.",,Hong Kong,HKEX,HKD
3690,MEITUAN,,Hong Kong,HKEX,HKD
3689,"GUANGDONG KANGHUA HEALTHCARE CO., LTD.",,Hong Kong,HKEX,HKD
2377,"CHINA BOQI ENVIRONMENTAL HOLDING CO., LTD.",,Hong Kong,HKEX,HKD
3688,TOP SPRING INTERNATIONAL HOLDINGS LIMITED,,Hong Kong,HKEX,HKD
2378,PRUDENTIAL PLC,,Hong Kong,HKEX,HKD
2371,CHUANGLIAN HOLDINGS LTD.,,Hong Kong,HKEX,HKD
2360,BEST MART 360 HOLDINGS LTD.,,Hong Kong,HKEX,HKD
3708,CHINA SUPPLY CHAIN HOLDINGS LTD.,,Hong Kong,HKEX,HKD
3709,EEKA FASHION HOLDINGS LTD.,,Hong Kong,HKEX,HKD
2339,BEIJINGWEST INDUSTRIES INTERNATIONAL LTD.,,Hong Kong,HKEX,HKD
3759,"PHARMARON BEIJING CO., LTD.",,Hong Kong,HKEX,HKD
2340,ISP HOLDINGS LTD.,,Hong Kong,HKEX,HKD
3752,ROKAE (SHANDONG) ROBOTICS GROUP INC.,,Hong Kong,HKEX,HKD
3750,"CONTEMPORARY AMPEREX TECHNOLOGY CO., LIMITED",,Hong Kong,HKEX,HKD
3738,VOBILE GROUP LIMITED,,Hong Kong,HKEX,HKD
3737,ZHONGZHI PHARMACEUTICAL HOLDINGS LIMITED,,Hong Kong,HKEX,HKD
2342,COMBA TELECOM SYSTEMS HOLDINGS LIMITED,,Hong Kong,HKEX,HKD
2343,PACIFIC BASIN SHIPPING LTD.,,Hong Kong,HKEX,HKD
3728,CHING LEE HOLDINGS LTD.,,Hong Kong,HKEX,HKD
2347,YOHO GROUP HOLDINGS LTD.,,Hong Kong,HKEX,HKD
3718,BEIJING ENTERPRISES URBAN RESOURCES GROUP LTD.,,Hong Kong,HKEX,HKD
2348,DAWNRAYS PHARMACEUTICAL HOLDINGS LTD.,,Hong Kong,HKEX,HKD
2349,CHINA CITY INFRASTRUCTURE GROUP LIMITED,,Hong Kong,HKEX,HKD
2350,MTT GROUP HOLDINGS LTD.,,Hong Kong,HKEX,HKD
2352,DOWELL SERVICE GROUP CO. LTD.,,Hong Kong,HKEX,HKD
2355,"BAOYE GROUP CO., LTD.",,Hong Kong,HKEX,HKD
2356,DAH SING BANKING GROUP LTD.,,Hong Kong,HKEX,HKD
2357,"AVICHINA INDUSTRY & TECHNOLOGY CO., LTD.",,Hong Kong,HKEX,HKD
2358,JIU RONG HOLDINGS LTD.,,Hong Kong,HKEX,HKD
2359,"WUXI APPTEC CO., LTD.",,Hong Kong,HKEX,HKD
2380,CHINA POWER INTERNATIONAL DEVELOPMENT LTD.,,Hong Kong,HKEX,HKD
2338,"WEICHAI POWER CO., LTD.",,Hong Kong,HKEX,HKD
2381,SMC ELECTRIC LTD.,,Hong Kong,HKEX,HKD
2382,"SUNNY OPTICAL TECHNOLOGY GROUP CO., LTD.",,Hong Kong,HKEX,HKD
3658,NEW HOPE SERVICE HOLDINGS LTD.,,Hong Kong,HKEX,HKD
2407,GAUSH MEDITECH LTD.,,Hong Kong,HKEX,HKD
2408,"GUANGZHOU XIAO NOODLES CATERING MANAGEMENT CO., LTD. H SHARES",,Hong Kong,HKEX,HKD
2409,SEACON SHIPPING GROUP HOLDINGS LTD.,,Hong Kong,HKEX,HKD
2410,TYK MEDICINES INC.,,Hong Kong,HKEX,HKD
2411,"SHENZHEN PAGODA INDUSTRIAL GROUP CO., LTD.",,Hong Kong,HKEX,HKD
2415,MEDSCI HEALTHCARE HOLDINGS LIMITED,,Hong Kong,HKEX,HKD
3650,KEEP INC.,,Hong Kong,HKEX,HKD
2416,EDIANYUN LTD.,,Hong Kong,HKEX,HKD
2405,POWERWIN TECH GROUP LTD.,,Hong Kong,HKEX,HKD
3639,YIDA CHINA HOLDINGS LTD.,,Hong Kong,HKEX,HKD
3636,"YUNNAN JINXUN RESOURCES CO., LTD.",,Hong Kong,HKEX,HKD
3633,ZHONGYU ENERGY HOLDINGS LTD.,,Hong Kong,HKEX,HKD
2418,"DEEWIN TIANXIA CO., LTD.",,Hong Kong,HKEX,HKD
2419,DEKON FOOD AND AGRICULTURE GROUP,,Hong Kong,HKEX,HKD
2420,ZIBUYU GROUP LTD.,,Hong Kong,HKEX,HKD
3628,RENHENG ENTERPRISE HOLDINGS LIMITED,,Hong Kong,HKEX,HKD
2421,KRP DEVELOPMENT HOLDINGS LTD.,,Hong Kong,HKEX,HKD
3626,HANG SANG SIU PO INTERNATIONAL HOLDINGS LTD.,,Hong Kong,HKEX,HKD
3625,"SHANGHAI FOURSEMI SEMICONDUCTOR CO., LTD.",,Hong Kong,HKEX,HKD
3638,HUNLICAR GROUP LTD.,,Hong Kong,HKEX,HKD
3660,"QFIN HOLDINGS, INC.",,Hong Kong,HKEX,HKD
2402,"BEIJING SINOHYTEC CO., LTD.",,Hong Kong,HKEX,HKD
3661,SG MICRO CORP.,,Hong Kong,HKEX,HKD
3683,GREAT HARVEST MAETA HOLDINGS LTD,,Hong Kong,HKEX,HKD
3681,SINOMAB BIOSCIENCE LIMITED,,Hong Kong,HKEX,HKD
3680,RUIHE DATA TECHNOLOGY HOLDINGS LIMITED,,Hong Kong,HKEX,HKD
2383,TOM GROUP LTD.,,Hong Kong,HKEX,HKD
3678,"SOHO HOLLY FUTURES CO., LTD.",,Hong Kong,HKEX,HKD
3677,"JIANGSU ZENERGY BATTERY TECHNOLOGY CO., LTD.",,Hong Kong,HKEX,HKD
2385,READBOY EDUCATION HOLDING CO. LTD.,,Hong Kong,HKEX,HKD
2386,SINOPEC ENGINEERING GROUP CO. LTD.,,Hong Kong,HKEX,HKD
2388,BOC HONG KONG HOLDINGS LTD.,,Hong Kong,HKEX,HKD
2389,BEIJING HEALTH HOLDINGS LTD.,,Hong Kong,HKEX,HKD
3669,CHINA YONGDA AUTOMOBILES SERVICES HOLDINGS LIMITED,,Hong Kong,HKEX,HKD
2390,ZHIHU INC.,,Hong Kong,HKEX,HKD
2391,TUYA INC.,,Hong Kong,HKEX,HKD
3668,YANCOAL AUSTRALIA LTD,,Hong Kong,HKEX,HKD
3666,SHANGHAI XNG HOLDINGS LTD.,,Hong Kong,HKEX,HKD
2392,XUAN WU CLOUD TECHNOLOGY HOLDINGS LIMITED,,Hong Kong,HKEX,HKD
2393,YESTAR HEALTHCARE HOLDINGS COMPANY LIMITED,,Hong Kong,HKEX,HKD
2396,B&K CORPORATION LIMITED,,Hong Kong,HKEX,HKD
3662,STARJOY WELLNESS AND TRAVEL INC.,,Hong Kong,HKEX,HKD
2399,CHINA ANCHU ENERGY STORAGE GROUP CO. LTD.,,Hong Kong,HKEX,HKD
2400,XD INC.,,Hong Kong,HKEX,HKD
3686,CLIFFORD MODERN LIVING HOLDINGS LTD.,,Hong Kong,HKEX,HKD
1987,BENG SOON MACHINERY HOLDINGS LTD.,,Hong Kong,HKEX,HKD
2337,UNITED STRENGTH POWER HOLDINGS LIMITED,,Hong Kong,HKEX,HKD
3768,"KUNMING DIANCHI WATER TREATMENT CO., LTD.",,Hong Kong,HKEX,HKD
2279,"YONGHE MEDICAL GROUP CO., LTD.",,Hong Kong,HKEX,HKD
3880,MEDTIDE INC.,,Hong Kong,HKEX,HKD
3878,VICON HOLDINGS LTD.,,Hong Kong,HKEX,HKD
3877,"CSSC HONG KONG SHIPPING CO., LTD.",,Hong Kong,HKEX,HKD
2280,HC GROUP INC.,,Hong Kong,HKEX,HKD
2281,LUZHOU XINGLU WATER GROUP CO.,,Hong Kong,HKEX,HKD
3869,HOSPITAL CORPORATION OF CHINA LTD.,,Hong Kong,HKEX,HKD
3868,XINYI ENERGY HOLDINGS LTD.,,Hong Kong,HKEX,HKD
2282,MGM CHINA HOLDINGS LTD.,,Hong Kong,HKEX,HKD
3881,CIDI INC.,,Hong Kong,HKEX,HKD
3866,"BANK OF QINGDAO CO., LTD.",,Hong Kong,HKEX,HKD
2283,TK GROUP HOLDINGS LTD.,,Hong Kong,HKEX,HKD
3858,JIAXIN INTERNATIONAL RESOURCES INVESTMENT LIMITED,,Hong Kong,HKEX,HKD
3848,HAOSEN FINTECH GROUP LTD.,,Hong Kong,HKEX,HKD
2285,CHERVON HOLDINGS LTD.,,Hong Kong,HKEX,HKD
2286,CHEN XING DEVELOPMENT HOLDINGS LTD.,,Hong Kong,HKEX,HKD
3839,CHIA TAI ENTERPRISES INTERNATIONAL LTD.,,Hong Kong,HKEX,HKD
3838,CHINA STARCH HOLDINGS LIMITED,,Hong Kong,HKEX,HKD
3836,CHINA HARMONY AUTO HOLDING LIMITED,,Hong Kong,HKEX,HKD
2288,RYKADAN CAPITAL LTD.,,Hong Kong,HKEX,HKD
3860,"EPS CREATIVE HEALTH TECHNOLOGY CO., LTD.",,Hong Kong,HKEX,HKD
3882,SKY LIGHT HOLDINGS LTD.,,Hong Kong,HKEX,HKD
3883,CHINA AOYUAN GROUP LIMITED,,Hong Kong,HKEX,HKD
3886,TOWN HEALTH INTERNATIONAL MEDICAL GROUP LTD.,,Hong Kong,HKEX,HKD
3900,GREENTOWN CHINA HOLDINGS LIMITED,,Hong Kong,HKEX,HKD
3899,CIMC ENRIC HOLDINGS LTD.,,Hong Kong,HKEX,HKD
3898,"ZHUZHOU CRRC TIMES ELECTRIC CO., LTD.",,Hong Kong,HKEX,HKD
2259,ZIJIN GOLD INTERNATIONAL COMPANY LIMITED,,Hong Kong,HKEX,HKD
2260,"VANOV HOLDINGS CO., LTD.",,Hong Kong,HKEX,HKD
2262,STEVE LEUNG DESIGN GROUP LTD.,,Hong Kong,HKEX,HKD
3896,KINGSOFT CLOUD HOLDINGS LIMITED,,Hong Kong,HKEX,HKD
2263,FU SHEK FINANCIAL HOLDINGS LIMITED,,Hong Kong,HKEX,HKD
3893,CROSSTEC GROUP HOLDINGS LTD.,,Hong Kong,HKEX,HKD
2265,HONGCHENG ENVIRONMENTAL TECHNOLOGY,,Hong Kong,HKEX,HKD
2266,LAI SI ENTERPRISE HOLDING LIMITED,,Hong Kong,HKEX,HKD
2268,WUXI XDC CAYMAN INC.,,Hong Kong,HKEX,HKD
2269,WUXI BIOLOGICS (CAYMAN) INC.,,Hong Kong,HKEX,HKD
2270,"DESUN REAL ESTATE INVESTMENT CO., LTD.",,Hong Kong,HKEX,HKD
2271,ZHONG AN INTELLIGENT LIVING SERVICE LTD.,,Hong Kong,HKEX,HKD
3889,GLOBAL SWEETENERS HOLDINGS LTD.,,Hong Kong,HKEX,HKD
2272,KEYTOP PARKING INC.,,Hong Kong,HKEX,HKD
2273,GUSHENGTANG HOLDINGS LTD.,,Hong Kong,HKEX,HKD
3888,KINGSOFT CORPORATION LIMITED,,Hong Kong,HKEX,HKD
2276,"SHANGHAI CONANT OPTICAL CO., LTD.",,Hong Kong,HKEX,HKD
3887,HASHKEY HOLDINGS LTD.,,Hong Kong,HKEX,HKD
2289,CHARMACY PHARMACEUTICAL CO. LTD.,,Hong Kong,HKEX,HKD
2336,SHUOAO INTERNATIONAL HOLDING CORP.,,Hong Kong,HKEX,HKD
2290,LUNG FUNG GROUP HOLDINGS LIMITED,,Hong Kong,HKEX,HKD
2293,BAMBOOS HEALTH CARE HOLDINGS LIMITED,,Hong Kong,HKEX,HKD
2319,CHINA MENGNIU DAIRY COMPANY LIMITED,,Hong Kong,HKEX,HKD
2320,HOP FUNG GROUP HOLDINGS LTD,,Hong Kong,HKEX,HKD
3789,ROYAL DELUXE HOLDINGS LTD.,,Hong Kong,HKEX,HKD
2321,SWANG CHAI CHUAN LTD.,,Hong Kong,HKEX,HKD
3788,HANKING GOLD INTERNATIONAL LIMITED,,Hong Kong,HKEX,HKD
2322,MODERN INNOVATIVE DIGITAL TECHNOLOGY INC.,,Hong Kong,HKEX,HKD
2323,RENCO HOLDINGS GROUP LTD.,,Hong Kong,HKEX,HKD
3778,CHINA WEAVING MATERIALS HOLDINGS LIMITED,,Hong Kong,HKEX,HKD
2324,CAPITAL VC LIMITED,,Hong Kong,HKEX,HKD
2318,PING AN INSURANCE GROUP CO. OF CHINA LTD.,,Hong Kong,HKEX,HKD
2325,YUNKANG GROUP LTD.,,Hong Kong,HKEX,HKD
3774,FAMEGLOW HOLDINGS LIMITED,,Hong Kong,HKEX,HKD
2327,MEILLEURE HEALTH INTERNATIONAL INDUSTRY GROUP LTD.,,Hong Kong,HKEX,HKD
2328,PICC PROPERTY AND CASUALTY COMPANY LIMITED,,Hong Kong,HKEX,HKD
3773,"YINSHENG DIGIFAVOR CO., LTD.",,Hong Kong,HKEX,HKD
2329,GLORY HEALTH INDUSTRY LTD.,,Hong Kong,HKEX,HKD
2330,CHINA UPTOWN GROUP CO. LTD.,,Hong Kong,HKEX,HKD
2331,LI NING COMPANY LIMITED,,Hong Kong,HKEX,HKD
2333,"GREAT WALL MOTOR CO., LTD.",,Hong Kong,HKEX,HKD
2335,"SHAANXI MICOT PHARMACEUTICAL TECHNOLOGY CO., LTD.",,Hong Kong,HKEX,HKD
2326,NEW PROVENANCE EVERLASTING HOLDINGS LIMITED,,Hong Kong,HKEX,HKD
3798,HOMELAND INTERACTIVE TECHNOLOGY LTD.,,Hong Kong,HKEX,HKD
2317,VEDAN INTERNATIONAL HOLDINGS LIMITED,,Hong Kong,HKEX,HKD
3800,GCL TECHNOLOGY HOLDINGS LTD.,,Hong Kong,HKEX,HKD
3833,XINJIANG XINXIN MINING INDUSTRY CO. LTD.,,Hong Kong,HKEX,HKD
2295,MAXICITY HOLDINGS LTD.,,Hong Kong,HKEX,HKD
3830,KIDDIELAND INTERNATIONAL LTD.,,Hong Kong,HKEX,HKD
2297,RAINMED MEDICAL LTD.,,Hong Kong,HKEX,HKD
3828,MING FAI INTERNATIONAL HOLDINGS LIMITED,,Hong Kong,HKEX,HKD
2298,COSMO LADY CHINA HOLDINGS COMPANY LIMITED,,Hong Kong,HKEX,HKD
2299,BILLION INDUSTRIAL HOLDINGS LTD.,,Hong Kong,HKEX,HKD
2302,CNNC INTERNATIONAL LIMITED,,Hong Kong,HKEX,HKD
3822,SAM WOO CONSTRUCTION GROUP LTD.,,Hong Kong,HKEX,HKD
2306,YH ENTERTAINMENT GROUP,,Hong Kong,HKEX,HKD
2307,KAM HING INTERNATIONAL HOLDINGS LIMITED,,Hong Kong,HKEX,HKD
2309,ZO FUTURE GROUP INC.,,Hong Kong,HKEX,HKD
2310,TIMES UNIVERSAL GROUP HOLDINGS INC.,,Hong Kong,HKEX,HKD
3818,CHINA DONGXIANG GROUP CO LTD.,,Hong Kong,HKEX,HKD
2312,CHINA FINANCIAL LEASING GROUP LIMITED,,Hong Kong,HKEX,HKD
3816,KFM KINGDOM HOLDINGS LTD.,,Hong Kong,HKEX,HKD
2313,SHENZHOU INTERNATIONAL GROUP HOLDINGS LTD.,,Hong Kong,HKEX,HKD
2314,LEE & MAN PAPER MANUFACTURING LIMITED,,Hong Kong,HKEX,HKD
3813,POU SHENG INTERNATIONAL HOLDINGS LIMITED,,Hong Kong,HKEX,HKD
3808,SINOTRUK HONG KONG LTD.,,Hong Kong,HKEX,HKD
2315,BIOCYTOGEN PHARMACEUTICALS CO. LTD.,,Hong Kong,HKEX,HKD
2291,"LEPU SCIENTECH MEDICAL TECHNOLOGY CO., LTD.",,Hong Kong,HKEX,HKD
1027,CHINA JICHENG HOLDINGS LTD.,,Hong Kong,HKEX,HKD
1332,TOUYUN BIOTECH GROUP LTD.,,Hong Kong,HKEX,HKD
6655,HUAXIN CEMENT CO. LTD.,,Hong Kong,HKEX,HKD
650,IDG ENERGY INVESTMENT LIMITED,,Hong Kong,HKEX,HKD
6622,ZHAOKE OPHTHALMOLOGY LTD.,,Hong Kong,HKEX,HKD
648,CHINA WAH YAN HEALTHCARE LIMITED,,Hong Kong,HKEX,HKD
646,CHINA ENVIRONMENTAL TECHNOLOGY  HOLDINGS LIMITED,,Hong Kong,HKEX,HKD
6623,LUFAX HOLDING LTD.,,Hong Kong,HKEX,HKD
645,ARES ASIA LIMITED,,Hong Kong,HKEX,HKD
643,CARRY WEALTH HOLDINGS LIMITED,,Hong Kong,HKEX,HKD
6626,YUEXIU SERVICES GROUP LTD.,,Hong Kong,HKEX,HKD
6628,TRANSCENTA HOLDING LTD.,,Hong Kong,HKEX,HKD
6633,QINGCI GAMES INC.,,Hong Kong,HKEX,HKD
641,CHTC FONG'S INTERNATIONAL COMPANY LIMITED,,Hong Kong,HKEX,HKD
640,INFINITY DEVELOPMENT HOLDINGS COMPANY LIMITED,,Hong Kong,HKEX,HKD
639,SHOUGANG FUSHAN RESOURCES GROUP LIMITED,,Hong Kong,HKEX,HKD
638,KIN YAT HOLDINGS LIMITED,,Hong Kong,HKEX,HKD
637,LEE KEE HOLDINGS LIMITED,,Hong Kong,HKEX,HKD
6636,"SHANDONG EXTREME VISION TECHNOLOGY CO., LTD.",,Hong Kong,HKEX,HKD
636,KERRY LOGISTICS NETWORK LIMITED,,Hong Kong,HKEX,HKD
619,SOUTH CHINA FINANCIAL HOLDINGS LIMITED,,Hong Kong,HKEX,HKD
620,DTXS SILK ROAD INVESTMENT HOLDINGS COMPANY LIMITED,,Hong Kong,HKEX,HKD
621,TAUNG GOLD INTERNATIONAL LIMITED,,Hong Kong,HKEX,HKD
622,OSHIDORI INTERNATIONAL HOLDINGS LIMITED,,Hong Kong,HKEX,HKD
623,SINOMEDIA HOLDING LIMITED,,Hong Kong,HKEX,HKD
626,PUBLIC FINANCIAL HOLDINGS LIMITED,,Hong Kong,HKEX,HKD
6618,JD HEALTH INTERNATIONAL INC.,,Hong Kong,HKEX,HKD
627,"FULLSUN INTERNATIONAL HOLDINGS GROUP CO., LIMITED",,Hong Kong,HKEX,HKD
629,YUE DA INTERNATIONAL HOLDINGS LIMITED,,Hong Kong,HKEX,HKD
630,AMCO UNITED HOLDING LIMITED,,Hong Kong,HKEX,HKD
631,SANY HEAVY EQUIPMENT INTERNATIONAL HOLDINGS COMPANY LIMITED,,Hong Kong,HKEX,HKD
6639,ARRAIL GROUP LTD.,,Hong Kong,HKEX,HKD
632,CHK OIL LIMITED,,Hong Kong,HKEX,HKD
635,PLAYMATES HOLDINGS LIMITED,,Hong Kong,HKEX,HKD
628,"GOME FINANCE TECHNOLOGY CO., LTD.",,Hong Kong,HKEX,HKD
618,PEKING UNIVERSITY RESOURCES,,Hong Kong,HKEX,HKD
6616,GLOBAL NEW MATERIAL INTERNATIONAL HOLDINGS LTD.,,Hong Kong,HKEX,HKD
6613,"LENS TECHNOLOGY CO., LTD.",,Hong Kong,HKEX,HKD
683,KERRY PROPERTIES LIMITED,,Hong Kong,HKEX,HKD
682,CHAODA MODERN AGRICULTURE,,Hong Kong,HKEX,HKD
681,CHINESE PEOPLE HOLDINGS COMPANY LIMITED,,Hong Kong,HKEX,HKD
679,ASIA TELE-NET AND TECHNOLOGY CORPORATION LIMITED,,Hong Kong,HKEX,HKD
677,GOLDEN RESOURCES DEVELOPMENT INTERNATIONAL LIMITED,,Hong Kong,HKEX,HKD
676,PEGASUS INTERNATIONAL HOLDINGS LIMITED,,Hong Kong,HKEX,HKD
675,K & P INTERNATIONAL HOLDINGS LIMITED,,Hong Kong,HKEX,HKD
674,CHINA TANGSHANG HOLDINGS LIMITED,,Hong Kong,HKEX,HKD
673,CHINA HEALTH GROUP LIMITED,,Hong Kong,HKEX,HKD
672,ZHONG AN GROUP LIMITED,,Hong Kong,HKEX,HKD
670,CHINA EASTERN AIRLINES CORPORATION LIMITED,,Hong Kong,HKEX,HKD
669,TECHTRONIC INDUSTRIES COMPANY LIMITED,,Hong Kong,HKEX,HKD
668,DOYEN INTERNATIONAL HOLDINGS LIMITED,,Hong Kong,HKEX,HKD
667,CHINA EAST EDUCATION HOLDINGS LIMITED,,Hong Kong,HKEX,HKD
666,SHK HONG KONG INDUSTRIES LIMITED,,Hong Kong,HKEX,HKD
664,"HANGZHOU TONGSHIFU CULTURAL AND CREATIVE (GROUP) CO., LTD.",,Hong Kong,HKEX,HKD
6600,"ONEROBOTICS (SHENZHEN) CO., LTD.",,Hong Kong,HKEX,HKD
655,HONGKONG CHINESE LIMITED,,Hong Kong,HKEX,HKD
6611,SANXUN HOLDINGS GROUP LTD.,,Hong Kong,HKEX,HKD
656,FOSUN INTERNATIONAL LIMITED,,Hong Kong,HKEX,HKD
6610,FLOWING CLOUD TECHNOLOGY LTD.,,Hong Kong,HKEX,HKD
6609,"SHANGHAI HEARTCARE MEDICAL TECHNOLOGY CO., LTD.",,Hong Kong,HKEX,HKD
6608,BAIRONG INC.,,Hong Kong,HKEX,HKD
653,BONJOUR HOLDINGS LIMITED,,Hong Kong,HKEX,HKD
657,G-VISION INTERNATIONAL,,Hong Kong,HKEX,HKD
659,NWS HOLDINGS LIMITED,,Hong Kong,HKEX,HKD
6603,IFBH LIMITED,,Hong Kong,HKEX,HKD
660,WAI CHUN BIO-TECHNOLOGY LIMITED,,Hong Kong,HKEX,HKD
661,CHINA DAYE NON-FERROUS METALS MINING LIMITED,,Hong Kong,HKEX,HKD
6601,CHEERWIN GROUP LTD.,,Hong Kong,HKEX,HKD
662,ASIA FINANCIAL HOLDINGS LIMITED,,Hong Kong,HKEX,HKD
658,"CHINA HIGH SPEED TRANSMISSION EQUIPMENT GROUP CO., LTD.",,Hong Kong,HKEX,HKD
617,PALIBURG HOLDINGS LIMITED,,Hong Kong,HKEX,HKD
616,EMINENCE ENTERPRISE LIMITED,,Hong Kong,HKEX,HKD
613,PLANETREE INTERNATIONAL DEVELOPMENT LIMITED,,Hong Kong,HKEX,HKD
585,IMAGI INTERNATIONAL HOLDINGS LIMITED,,Hong Kong,HKEX,HKD
6677,SINO-OCEAN SERVICE HOLDING LIMITED,,Hong Kong,HKEX,HKD
583,GREAT WALL PAN ASIA HOLDINGS LIMITED,,Hong Kong,HKEX,HKD
6680,"JL MAG RARE-EARTH CO., LTD.",,Hong Kong,HKEX,HKD
582,LANDING INTERNATIONAL DEVELOPMENT LIMITED,,Hong Kong,HKEX,HKD
6681,BRAINAURA MEDICAL TECHNOLOGY,,Hong Kong,HKEX,HKD
6682,"BEIJING FOURTH PARADIGM TECHNOLOGY CO., LTD.",,Hong Kong,HKEX,HKD
6683,STAR PLUS LEGEND HOLDINGS LIMITED,,Hong Kong,HKEX,HKD
581,CHINA ORIENTAL GROUP COMPANY LIMITED,,Hong Kong,HKEX,HKD
580,SUN.KING TECHNOLOGY GROUP LIMITED,,Hong Kong,HKEX,HKD
579,"BEIJING JINGNENG CLEAN ENERGY CO., LIMITED",,Hong Kong,HKEX,HKD
6686,NOAH HOLDINGS LIMITED,,Hong Kong,HKEX,HKD
6687,JST GROUP CORPORATION LIMITED,,Hong Kong,HKEX,HKD
6690,"HAIER SMART HOME CO., LTD.",,Hong Kong,HKEX,HKD
576,"ZHEJIANG EXPRESSWAY CO., LTD.",,Hong Kong,HKEX,HKD
575,REGENT PACIFIC GROUP LIMITED,,Hong Kong,HKEX,HKD
6693,"CHIFENG JILONG GOLD MINING CO., LTD.",,Hong Kong,HKEX,HKD
563,SHANGHAI INDUSTRIAL URBAN DEVELOPMENT GROUP LIMITED,,Hong Kong,HKEX,HKD
6715,"HANGZHOU QIANDAOHU XUNLONG HOLDINGS CO., LTD.",,Hong Kong,HKEX,HKD
564,ZHENGZHOU COAL MINING MACHINERY GROUP COMPANY LIMITED,,Hong Kong,HKEX,HKD
565,ART GROUP HOLDINGS LIMITED,,Hong Kong,HKEX,HKD
567,DAISHO MICROLINE HOLDINGS LIMITED,,Hong Kong,HKEX,HKD
568,SHANDONG MOLONG PETROLEUM MACHINERY COMPANY LIMITED,,Hong Kong,HKEX,HKD
6676,ZG GROUP LIMITED,,Hong Kong,HKEX,HKD
570,CHINA TRADITIONAL CHINESE MEDICINE HOLDINGS CO. LIMITED,,Hong Kong,HKEX,HKD
572,FUTURE WORLD HOLDINGS LIMITED,,Hong Kong,HKEX,HKD
6699,ANGELALIGN TECHNOLOGY INC.,,Hong Kong,HKEX,HKD
573,TAO HEUNG HOLDINGS LIMITED,,Hong Kong,HKEX,HKD
6698,STAR CM HOLDINGS LTD.,,Hong Kong,HKEX,HKD
574,PA SHUN INTERNATIONAL HOLDINGS LIMITED,,Hong Kong,HKEX,HKD
6696,MANY IDEA CLOUD HOLDINGS LTD.,,Hong Kong,HKEX,HKD
571,ESUN HOLDINGS LIMITED,,Hong Kong,HKEX,HKD
586,CHINA CONCH VENTURE HOLDINGS LIMITED,,Hong Kong,HKEX,HKD
587,CHINA CONCH ENVIRONMENT PROTECTION HOLDINGS LIMITED,,Hong Kong,HKEX,HKD
6675,"SENASIC ELECTRONICS TECHNOLOGY CO., LTD.",,Hong Kong,HKEX,HKD
6661,"HUZHOU GAS CO., LTD.",,Hong Kong,HKEX,HKD
6660,AIM VACCINE CO. LTD.,,Hong Kong,HKEX,HKD
606,SCE INTELLIGENT COMMERCIAL MANAGEMENT HOLDINGS LIMITED,,Hong Kong,HKEX,HKD
607,FULLSHARE HOLDINGS LIMITED,,Hong Kong,HKEX,HKD
6658,"LIULIUMEI CO., LTD. H SHARES",,Hong Kong,HKEX,HKD
6657,BAIWANG CO. LTD.,,Hong Kong,HKEX,HKD
605,CHINA FINANCIAL SERVICES HOLDINGS LIMITED,,Hong Kong,HKEX,HKD
6656,"SIGENERGY TECHNOLOGY CO., LTD",,Hong Kong,HKEX,HKD
609,TIANDE CHEMICAL HOLDINGS LIMITED,,Hong Kong,HKEX,HKD
1026,UNIVERSAL TECHNOLOGIES HOLDINGS LTD.,,Hong Kong,HKEX,HKD
610,WAI KEE HOLDINGS LIMITED,,Hong Kong,HKEX,HKD
6651,"BEIJING 51WORLD DIGITAL TWIN TECHNOLOGY CO., LTD.",,Hong Kong,HKEX,HKD
611,CHINA NUCLEAR ENERGY TECHNOLOGY CORPORATION LIMITED,,Hong Kong,HKEX,HKD
612,CHINA DING YI FENG HOLDINGS LIMITED,,Hong Kong,HKEX,HKD
608,HIGH FASHION INTERNATIONAL LIMITED,,Hong Kong,HKEX,HKD
684,ALLAN INTERNATIONAL HOLDINGS LIMITED,,Hong Kong,HKEX,HKD
604,SHENZHEN INVESTMENT LIMITED,,Hong Kong,HKEX,HKD
603,CHINA OIL AND GAS GROUP LIMITED,,Hong Kong,HKEX,HKD
588,BEIJING NORTH STAR COMPANY LIMITED,,Hong Kong,HKEX,HKD
590,LUK FOOK HOLDINGS,,Hong Kong,HKEX,HKD
591,C HIGHPRECISION,,Hong Kong,HKEX,HKD
595,AV CONCEPT HOLDINGS LIMITED,,Hong Kong,HKEX,HKD
6669,ACOTEC SCIENTIFIC HOLDINGS LIMITED,,Hong Kong,HKEX,HKD
596,INSPUR INTERNATIONAL LIMITED,,Hong Kong,HKEX,HKD
6663,IWS GROUP HOLDINGS LTD.,,Hong Kong,HKEX,HKD
6668,E-STAR COMMERCIAL MANAGEMENT COMPANY LIMITED,,Hong Kong,HKEX,HKD
599,E. BON HOLDINGS LIMITED,,Hong Kong,HKEX,HKD
600,CHINA INFRASTRUCTURE INVESTMENT LIMITED,,Hong Kong,HKEX,HKD
601,RARE EARTH MAGNESIUM TECHNOLOGY GROUP HOLDINGS LIMITED,,Hong Kong,HKEX,HKD
6667,MEGA GENOMICS LTD.,,Hong Kong,HKEX,HKD
602,JIAHUA STORES HOLDINGS LIMITED,,Hong Kong,HKEX,HKD
6666,EVERGRANDE PROPERTY SERVICES GROUP LTD.,,Hong Kong,HKEX,HKD
598,SINOTRANS LIMITED,,Hong Kong,HKEX,HKD
560,CHU KONG SHIPPING ENTERPRISES,,Hong Kong,HKEX,HKD
685,MEDIA CHINESE INTERNATIONAL LIMITED,,Hong Kong,HKEX,HKD
687,TYSAN HOLDINGS LIMITED,,Hong Kong,HKEX,HKD
829,SHENGUAN HOLDINGS,,Hong Kong,HKEX,HKD
828,DYNASTY FINE WINES GROUP LIMITED,,Hong Kong,HKEX,HKD
827,KO YO CHEMICAL,,Hong Kong,HKEX,HKD
826,TIANGONG INTERNATIONAL COMPANY LIMITED,,Hong Kong,HKEX,HKD
825,NEW WORLD DEPARTMENT STORE CHINA LIMITED,,Hong Kong,HKEX,HKD
823,LINK REAL ESTATE INVESTMENT TRUST,,Hong Kong,HKEX,HKD
822,KA SHUI INTERNATIONAL HOLDINGS LIMITED,,Hong Kong,HKEX,HKD
821,VALUE CONVERGENCE HOLDINGS LIMITED,,Hong Kong,HKEX,HKD
819,TIANNENG POWER INTERNATIONAL LIMITED,,Hong Kong,HKEX,HKD
818,HI SUN TECHNOLOGY,,Hong Kong,HKEX,HKD
817,CHINA JINMAO HOLDINGS GROUP LIMITED,,Hong Kong,HKEX,HKD
816,"JINMAO PROPERTY SERVICES CO., LIMITED",,Hong Kong,HKEX,HKD
815,CHINA SILVER GROUP LIMITED,,Hong Kong,HKEX,HKD
814,BEIJING JINGKELONG COMPANY LIMITED,,Hong Kong,HKEX,HKD
813,SHIMAO GROUP HOLDINGS LIMITED,,Hong Kong,HKEX,HKD
811,"XINHUA WINSHARE PUBLISHING AND MEDIA CO., LTD.",,Hong Kong,HKEX,HKD
810,CHINA INTERNET INVESTMENT FINANCE HOLDINGS LIMITED,,Hong Kong,HKEX,HKD
784,LING YUI HOLDINGS LIMITED,,Hong Kong,HKEX,HKD
788,CHINA TOWER CORPORATION LIMITED,,Hong Kong,HKEX,HKD
789,ARTINI HOLDINGS LIMITED,,Hong Kong,HKEX,HKD
794,COME SURE GROUP,,Hong Kong,HKEX,HKD
797,7ROAD HOLDINGS LIMITED,,Hong Kong,HKEX,HKD
798,CHINA ELECTRONICS OPTICS VALLEY UNION HOLDING COMPANY LIMITED,,Hong Kong,HKEX,HKD
830,CHINA STATE CONSTRUCTION DEVELOPMENT HOLDINGS LIMITED,,Hong Kong,HKEX,HKD
799,IGG INC,,Hong Kong,HKEX,HKD
804,PINESTONE CAPITAL LIMITED,,Hong Kong,HKEX,HKD
805,NEW GONOW RECREATIONAL,,Hong Kong,HKEX,HKD
806,VALUE PARTNERS GROUP LIMITED,,Hong Kong,HKEX,HKD
807,SIIC ENVIRONMENT HOLDINGS LTD.,,Hong Kong,HKEX,HKD
808,PROSPERITY REAL ESTATE INVESTMENT TRUST,,Hong Kong,HKEX,HKD
809,GLOBAL BIO-CHEM TECHNOLOGY GROUP COMPANY LIMITED,,Hong Kong,HKEX,HKD
800,A8 NEW MEDIA GROUP LIMITED,,Hong Kong,HKEX,HKD
780,TONGCHENG-ELONG HOLDINGS LIMITED,,Hong Kong,HKEX,HKD
831,CONVENIENCE RETAIL ASIA LIMITED,,Hong Kong,HKEX,HKD
833,ALLTRONICS HOLDINGS LIMITED,,Hong Kong,HKEX,HKD
858,EXTRAWELL PHARMACEUTICAL HOLDINGS LIMITED,,Hong Kong,HKEX,HKD
857,PETROCHINA COMPANY LIMITED,,Hong Kong,HKEX,HKD
6181,LAOPU GOLD CO LTD,,Hong Kong,HKEX,HKD
856,VSTECS HOLDINGS LIMITED,,Hong Kong,HKEX,HKD
855,CHINA WATER AFFAIRS GROUP LIMITED,,Hong Kong,HKEX,HKD
6182,TWINTEK INVESTMENT HOLDINGS LIMITED,,Hong Kong,HKEX,HKD
854,WILLAS-ARRAY ELECTRONICS,,Hong Kong,HKEX,HKD
853,MICROPORT SCIENTIFIC CORPORATION,,Hong Kong,HKEX,HKD
6185,CANSINO BIOLOGICS INC.,,Hong Kong,HKEX,HKD
852,STRONG PETROCHEMICAL HOLDINGS LIMITED,,Hong Kong,HKEX,HKD
6186,CHINA FEIHE LTD.,,Hong Kong,HKEX,HKD
851,SHENG YUAN HOLDINGS LIMITED,,Hong Kong,HKEX,HKD
848,MAOYE INTERNATIONAL HOLDINGS LIMITED,,Hong Kong,HKEX,HKD
6188,BEIJING DIGITAL TELECOM CO.,,Hong Kong,HKEX,HKD
6189,GUANGDONG ADWAY CONSTRUCTION HOLDINGS LTD.,,Hong Kong,HKEX,HKD
846,MINGFA GROUP,,Hong Kong,HKEX,HKD
6190,"BANK OF JIUJIANG CO., LTD.",,Hong Kong,HKEX,HKD
834,CHINA KANGDA FOOD COMPANY LIMITED,,Hong Kong,HKEX,HKD
836,CHINA RESOURCES POWER HOLDINGS COMPANY LIMITED,,Hong Kong,HKEX,HKD
837,CARPENTER TAN HOLDINGS LIMITED,,Hong Kong,HKEX,HKD
838,EVA PRECISION INDUSTRIAL HOLDINGS LIMITED,,Hong Kong,HKEX,HKD
839,CHINA EDUCATION GROUP HOLDINGS LIMITED,,Hong Kong,HKEX,HKD
840,XINJIANG TIANYE WATER SAVING IRRIGATION SYSTEM COMPANY LIMITED,,Hong Kong,HKEX,HKD
832,CENTRAL CHINA REAL ESTATE LIMITED,,Hong Kong,HKEX,HKD
6199,"BANK OF GUIZHOU CO., LTD. - H SHARES",,Hong Kong,HKEX,HKD
841,ASIA CASSAVA RESOURCES HOLDINGS LIMITED,,Hong Kong,HKEX,HKD
6196,"BANK OF ZHENGZHOU CO., LTD.",,Hong Kong,HKEX,HKD
842,LEOCH INTERNATIONAL TECHNOLOGY LIMITED,,Hong Kong,HKEX,HKD
844,GREATIME INTERNATIONAL HOLDINGS LIMITED,,Hong Kong,HKEX,HKD
6193,TAILAM TECH CONSTRUCTION HOLDINGS LIMITED,,Hong Kong,HKEX,HKD
845,GLORIOUS PROPERTY HOLDINGS LIMITED,,Hong Kong,HKEX,HKD
6198,"QINGDAO PORT INTERNATIONAL CO., LTD.",,Hong Kong,HKEX,HKD
778,FORTUNE REAL ESTATE INVESTMENT TRUST,,Hong Kong,HKEX,HKD
777,NETDRAGON WEBSOFT HOLDINGS LIMITED,,Hong Kong,HKEX,HKD
776,IMPERIUM GROUP GLOBAL HOLDINGS LIMITED,,Hong Kong,HKEX,HKD
723,RELIANCE GLOBAL HOLDINGS LIMITED,,Hong Kong,HKEX,HKD
722,UMP HEALTHCARE HOLDINGS LIMITED,,Hong Kong,HKEX,HKD
721,CHINA FINANCIAL INTERNATIONAL INVESTMENTS LIMITED,,Hong Kong,HKEX,HKD
720,AUTO ITALIA HOLDINGS LIMITED,,Hong Kong,HKEX,HKD
719,SHANDONG XINHUA PHARMACEUTICAL COMPANY LIMITED,,Hong Kong,HKEX,HKD
718,TAI UNITED HOLDINGS LIMITED,,Hong Kong,HKEX,HKD
717,EMPEROR CAPITAL GROUP LIMITED,,Hong Kong,HKEX,HKD
716,SINGAMAS CONTAINER HOLDINGS LIMITED,,Hong Kong,HKEX,HKD
713,WORLD HOUSEWARE,,Hong Kong,HKEX,HKD
712,COMTEC SOLAR SYSTEMS GROUP LIMITED,,Hong Kong,HKEX,HKD
711,ASIA ALLIED INFRASTRUCTURE HOLDINGS LIMITED,,Hong Kong,HKEX,HKD
710,BOE VARITRONIX LIMITED,,Hong Kong,HKEX,HKD
709,GIORDANO INTERNATIONAL LIMITED,,Hong Kong,HKEX,HKD
708,CHINA EVERGRANDE NEW ENERGY VEHICLE GROUP LIMITED,,Hong Kong,HKEX,HKD
707,ASIA TELEVISION HOLDINGS LIMITED,,Hong Kong,HKEX,HKD
704,HUSCOKE HOLDINGS LIMITED,,Hong Kong,HKEX,HKD
703,FUTURE BRIGHT HOLDINGS LIMITED,,Hong Kong,HKEX,HKD
688,CHINA OVERSEAS LAND & INVESTMENT LIMITED,,Hong Kong,HKEX,HKD
689,EPI,,Hong Kong,HKEX,HKD
690,UNI-BIO SCIENCE GROUP LIMITED,,Hong Kong,HKEX,HKD
691,CHINA SHANSHUI CEMENT GROUP LIMITED,,Hong Kong,HKEX,HKD
693,TAN CHONG INTERNATIONAL LIMITED,,Hong Kong,HKEX,HKD
694,BEIJING CAPITAL INTERNATIONAL AIRPORT COMPANY LIMITED,,Hong Kong,HKEX,HKD
725,PERENNIAL INTERNATIONAL LIMITED,,Hong Kong,HKEX,HKD
695,DONGWU CEMENT INTERNATIONAL LIMITED,,Hong Kong,HKEX,HKD
697,SHOUCHENG HOLDINGS LIMITED,,Hong Kong,HKEX,HKD
698,TONGDA GROUP HOLDINGS LIMITED,,Hong Kong,HKEX,HKD
699,CAR INC.,,Hong Kong,HKEX,HKD
700,TENCENT HOLDINGS LIMITED,,Hong Kong,HKEX,HKD
701,CNT GROUP LIMITED,,Hong Kong,HKEX,HKD
702,SINO OIL AND GAS HOLDINGS LIMITED,,Hong Kong,HKEX,HKD
696,TRAVELSKY TECHNOLOGY LIMITED,,Hong Kong,HKEX,HKD
726,DIT GROUP LIMITED,,Hong Kong,HKEX,HKD
727,CROWN INTERNATIONAL CORPORATION LIMITED,,Hong Kong,HKEX,HKD
728,CHINA TELECOM CORPORATION LIMITED,,Hong Kong,HKEX,HKD
756,SUMMI,,Hong Kong,HKEX,HKD
757,SOLARGIGA ENERGY HOLDINGS LIMITED,,Hong Kong,HKEX,HKD
759,CEC INTERNATIONAL HOLDINGS LIMITED,,Hong Kong,HKEX,HKD
760,TALENT PROPERTY GROUP LIMITED,,Hong Kong,HKEX,HKD
762,CHINA UNICOM,,Hong Kong,HKEX,HKD
763,ZTE CORPORATION,,Hong Kong,HKEX,HKD
755,SHANGHAI ZENDAI PROPERTY LIMITED,,Hong Kong,HKEX,HKD
764,ETERNITY INVESTMENT LIMITED,,Hong Kong,HKEX,HKD
767,ASIA PACIFIC SILK ROAD INVESTMENT COMPANY LIMITED,,Hong Kong,HKEX,HKD
768,UBA INVESTMENTS LIMITED,,Hong Kong,HKEX,HKD
769,CHINA RARE EARTH HOLDINGS LIMITED,,Hong Kong,HKEX,HKD
771,AUTOMATED SYSTEMS HOLDINGS LIMITED,,Hong Kong,HKEX,HKD
772,CHINA LITERATURE LIMITED,,Hong Kong,HKEX,HKD
775,"CK LIFE SCIENCES INT'L.,",,Hong Kong,HKEX,HKD
765,PERFECTECH INTERNATIONAL HOLDINGS LIMITED,,Hong Kong,HKEX,HKD
686,"BEIJING ENERGY INTERNATIONAL HOLDING CO., LTD.",,Hong Kong,HKEX,HKD
754,HOPSON DEVELOPMENT HOLDINGS LIMITED,,Hong Kong,HKEX,HKD
752,PICO FAR EAST HOLDINGS LIMITED,,Hong Kong,HKEX,HKD
730,SHOUGANG CONCORD GRAND,,Hong Kong,HKEX,HKD
99,WONG'S INTERNATIONAL HOLDINGS LIMITED,,Hong Kong,HKEX,HKD
731,SAMSON PAPER HOLDINGS LIMITED,,Hong Kong,HKEX,HKD
732,TRULY INTERNATIONAL HOLDINGS LIMITED,,Hong Kong,HKEX,HKD
733,HOPEFLUENT GROUP HOLDINGS LIMITED,,Hong Kong,HKEX,HKD
736,CHINA PROPERTIES INVESTMENT HOLDINGS LIMITED,,Hong Kong,HKEX,HKD
753,AIR CHINA LIMITED,,Hong Kong,HKEX,HKD
737,SHENZHEN INVESTMENT HOLDINGS BAY AREA DEVELOPMENT COMPANY LIMITED,,Hong Kong,HKEX,HKD
743,ASIA CEMENT,,Hong Kong,HKEX,HKD
745,CHINA NATIONAL CULTURE GROUP LIMITED,,Hong Kong,HKEX,HKD
746,LEE & MAN CHEMICAL COMPANY LIMITED,,Hong Kong,HKEX,HKD
747,SHENYANG PUBLIC UTILITY HOLDINGS COMPANY LIMITED,,Hong Kong,HKEX,HKD
750,CHINA SHUIFA SINGYES ENERGY HOLDINGS LIMITED,,Hong Kong,HKEX,HKD
751,SKYWORTH GROUP LIMITED,,Hong Kong,HKEX,HKD
738,LE SAUNDA HOLDINGS LIMITED,,Hong Kong,HKEX,HKD
559,DETAI NEW ENERGY GROUP LIMITED,,Hong Kong,HKEX,HKD
558,L.K. TECHNOLOGY HOLDINGS LIMITED,,Hong Kong,HKEX,HKD
557,CHINA TIAN YUAN HEALTHCARE GROUP LIMITED,,Hong Kong,HKEX,HKD
392,BEIJING ENTERPRISES HOLDINGS LIMITED,,Hong Kong,HKEX,HKD
61,GREEN LEADER HOLDINGS GROUP LIMITED,,Hong Kong,HKEX,HKD
391,MEI AH ENTERTAINMENT GROUP LIMITED,,Hong Kong,HKEX,HKD
390,CHINA RAILWAY GROUP LIMITED,,Hong Kong,HKEX,HKD
389,CHINA TONTINE WINES GROUP LIMITED,,Hong Kong,HKEX,HKD
388,HONG KONG EXCHANGES AND CLEARING LIMITED,,Hong Kong,HKEX,HKD
60,HONG KONG FOOD INVESTMENT HOLDINGS LIMITED,,Hong Kong,HKEX,HKD
387,LEEPORT,,Hong Kong,HKEX,HKD
386,CHINA PETROLEUM & CHEMICAL CORPORATION,,Hong Kong,HKEX,HKD
6885,HENAN JINMA ENERGY COMPANY LIMITED,,Hong Kong,HKEX,HKD
385,CHINNEY ALLIANCE GROUP LIMITED,,Hong Kong,HKEX,HKD
384,CHINA GAS HOLDINGS LIMITED,,Hong Kong,HKEX,HKD
383,CHINA MEDICAL & HEALTHCARE GROUP LIMITED,,Hong Kong,HKEX,HKD
382,EDVANTAGE GROUP HOLDINGS LIMITED,,Hong Kong,HKEX,HKD
381,KIU HUNG INTERNATIONAL HOLDINGS LIMITED,,Hong Kong,HKEX,HKD
380,SOFTPOWER INTERNATIONAL LIMITED,,Hong Kong,HKEX,HKD
379,"CHINA EVER GRAND FINANCIAL LEASING GROUP CO., LTD.",,Hong Kong,HKEX,HKD
367,CHUANG'S CONSORTIUM INTERNATIONAL LIMITED,,Hong Kong,HKEX,HKD
368,SUPERLAND GROUP HOLDINGS LIMITED,,Hong Kong,HKEX,HKD
6886,"HUATAI SECURITIES CO., LTD.",,Hong Kong,HKEX,HKD
369,WING TAI PROPERTIES LIMITED,,Hong Kong,HKEX,HKD
308,CHINA TRAVEL INTERNATIONAL INVESTMENT HONG KONG LIMITED,,Hong Kong,HKEX,HKD
370,CHINA BEST GROUP HOLDING LIMITED,,Hong Kong,HKEX,HKD
393,GLORIOUS SUN ENTERPRISES LIMITED,,Hong Kong,HKEX,HKD
371,BEIJING ENTERPRISES WATER GROUP LIMITED,,Hong Kong,HKEX,HKD
373,ALLIED GROUP LIMITED,,Hong Kong,HKEX,HKD
59,SKYFAME REALTY,,Hong Kong,HKEX,HKD
374,FOUR SEAS MERCANTILE HOLDINGS LIMITED,,Hong Kong,HKEX,HKD
375,YGM TRADING LIMITED,,Hong Kong,HKEX,HKD
376,YUNFENG FINANCIAL GROUP LIMITED,,Hong Kong,HKEX,HKD
377,CHINA HUAJUN GROUP LIMITED,,Hong Kong,HKEX,HKD
372,PT INTERNATIONAL DEVELOPMENT CORPORATION LIMITED,,Hong Kong,HKEX,HKD
366,LUKS GROUP,,Hong Kong,HKEX,HKD
396,HING LEE,,Hong Kong,HKEX,HKD
62,TRANSPORT INTERNATIONAL HOLDINGS LIMITED,,Hong Kong,HKEX,HKD
69,SHANGRI-LA ASIA LIMITED,,Hong Kong,HKEX,HKD
432,PACIFIC CENTURY PREMIUM DEVELOPMENTS LIMITED,,Hong Kong,HKEX,HKD
431,GREATER CHINA FINANCIAL HOLDINGS LIMITED,,Hong Kong,HKEX,HKD
6882,EGL HOLDINGS CO. LTD.,,Hong Kong,HKEX,HKD
430,ORIENTAL EXPLORER HOLDINGS LIMITED,,Hong Kong,HKEX,HKD
428,COCOON HOLDINGS LIMITED,,Hong Kong,HKEX,HKD
426,ONE MEDIA GROUP LIMITED,,Hong Kong,HKEX,HKD
425,MINTH GROUP LIMITED,,Hong Kong,HKEX,HKD
423,HONG KONG ECONOMIC TIMES HOLDINGS LIMITED,,Hong Kong,HKEX,HKD
422,VIETNAM MANUFACTURING AND EXPORT PROCESSING,,Hong Kong,HKEX,HKD
420,FOUNTAIN SET,,Hong Kong,HKEX,HKD
419,HUAYI TENCENT ENTERTAINMENT COMPANY LIMITED,,Hong Kong,HKEX,HKD
418,FOUNDER HOLDINGS LIMITED,,Hong Kong,HKEX,HKD
417,TSE SUI LUEN JEWELLERY,,Hong Kong,HKEX,HKD
6883,ETERNAL BEAUTY HOLDINGS LIMITED,,Hong Kong,HKEX,HKD
66,MTR CORPORATION LIMITED,,Hong Kong,HKEX,HKD
413,SOUTH CHINA HOLDINGS COMPANY LIMITED,,Hong Kong,HKEX,HKD
398,ORIENTAL WATCH HOLDINGS LIMITED,,Hong Kong,HKEX,HKD
399,INNOVATIVE PHARMACEUTICAL BIOTECH LIMITED,,Hong Kong,HKEX,HKD
63,CHINA ASIA VALLEY GROUP LIMITED,,Hong Kong,HKEX,HKD
400,COGOBUY GROUP,,Hong Kong,HKEX,HKD
401,WANJIA GROUP HOLDINGS LIMITED,,Hong Kong,HKEX,HKD
403,STARLITE HOLDINGS LIMITED,,Hong Kong,HKEX,HKD
397,POWER FINANCIAL GROUP LIMITED,,Hong Kong,HKEX,HKD
405,YUEXIU REAL ESTATE INVESTMENT TRUST,,Hong Kong,HKEX,HKD
408,YIP'S CHEMICAL HOLDINGS LIMITED,,Hong Kong,HKEX,HKD
64,GET NICE HOLDINGS LIMITED,,Hong Kong,HKEX,HKD
410,SOHO CHINA LIMITED,,Hong Kong,HKEX,HKD
411,LAM SOON,,Hong Kong,HKEX,HKD
412,CHINA SHANDONG HI-SPEED FINANCIAL GROUP LIMITED,,Hong Kong,HKEX,HKD
65,GRAND OCEAN ADVANCED RESOURCES COMPANY LIMITED,,Hong Kong,HKEX,HKD
406,YAU LEE HOLDINGS LIMITED,,Hong Kong,HKEX,HKD
58,SUNWAY INTERNATIONAL HOLDINGS LIMITED,,Hong Kong,HKEX,HKD
309,XINHUA NEWS MEDIA HOLDINGS LIMITED,,Hong Kong,HKEX,HKD
365,SINO ICT HOLDINGS LIMITED,,Hong Kong,HKEX,HKD
310,PROSPERITY INVESTMENT HOLDINGS LIMITED,,Hong Kong,HKEX,HKD
6898,CHINA ALUMINUM CANS HOLDINGS LTD.,,Hong Kong,HKEX,HKD
330,ESPRIT HOLDINGS LIMITED,,Hong Kong,HKEX,HKD
6899,OURGAME INTERNATIONAL HOLDINGS LTD.,,Hong Kong,HKEX,HKD
329,OCI INTERNATIONAL HOLDINGS LIMITED,,Hong Kong,HKEX,HKD
328,ALCO HOLDINGS LIMITED,,Hong Kong,HKEX,HKD
6908,HG SEMICONDUCTOR LTD,,Hong Kong,HKEX,HKD
6909,BETTERLIFE HOLDING LTD.,,Hong Kong,HKEX,HKD
327,PAX GLOBAL TECHNOLOGY LIMITED,,Hong Kong,HKEX,HKD
6911,"PU'ER LANCANG ANCIENT TEA CO., LTD.",,Hong Kong,HKEX,HKD
326,CHINA STAR ENTERTAINMENT LIMITED,,Hong Kong,HKEX,HKD
6913,"SOUTH CHINA VOCATIONAL EDUCATION GROUP CO., LTD.",,Hong Kong,HKEX,HKD
6915,JIANGXI INSTITUTE OF BIOLOGICAL PRODUCTS INC. CLASS H,,Hong Kong,HKEX,HKD
69168,JP_HSI  RP2906J,,Hong Kong,HKEX,HKD
325,BLOKS GROUP LTD,,Hong Kong,HKEX,HKD
6918,KIDZTECH HOLDINGS LTD.,,Hong Kong,HKEX,HKD
6919,RENRUI HUMAN RESOURCES TECHNOLOGY HOLDINGS LTD,,Hong Kong,HKEX,HKD
313,RICHLY FIELD CHINA DEVELOPMENT LIMITED,,Hong Kong,HKEX,HKD
314,"SIPAI HEALTH TECHNOLOGY CO., LTD.",,Hong Kong,HKEX,HKD
6929,ORBUSNEICH MEDICAL GROUP HOLDINGS LIMITED,,Hong Kong,HKEX,HKD
315,SMARTONE TELECOMMUNICATIONS HOLDINGS LIMITED,,Hong Kong,HKEX,HKD
6928,TOMO HOLDINGS LTD.,,Hong Kong,HKEX,HKD
316,ORIENT OVERSEAS,,Hong Kong,HKEX,HKD
331,FSE SERVICES GROUP LIMITED,,Hong Kong,HKEX,HKD
317,CSSC OFFSHORE & MARINE ENGINEERING,,Hong Kong,HKEX,HKD
318,VONGROUP LIMITED,,Hong Kong,HKEX,HKD
320,COMPUTIME GROUP LIMITED,,Hong Kong,HKEX,HKD
321,TEXWINCA HOLDINGS LIMITED,,Hong Kong,HKEX,HKD
6922,"CRYOFOCUS MEDTECH (SHANGHAI) CO., LTD.",,Hong Kong,HKEX,HKD
322,TINGYI,,Hong Kong,HKEX,HKD
323,MAANSHAN IRON & STEEL COMPANY LIMITED,,Hong Kong,HKEX,HKD
311,LUEN THAI HOLDINGS LIMITED,,Hong Kong,HKEX,HKD
6896,GOLDEN THROAT HOLDINGS GROUP CO. LTD.,,Hong Kong,HKEX,HKD
332,YUAN HENG GAS HOLDINGS LIMITED,,Hong Kong,HKEX,HKD
6893,HIN SANG GROUP INTERNATIONAL HOLDING CO. LTD.,,Hong Kong,HKEX,HKD
6887,"SUNSHINE LAKE PHARMA CO., LTD.",,Hong Kong,HKEX,HKD
351,ASIA ENERGY LOGISTICS GROUP LIMITED,,Hong Kong,HKEX,HKD
352,FORTUNE SUN,,Hong Kong,HKEX,HKD
57,CHEN HSONG HOLDINGS LIMITED,,Hong Kong,HKEX,HKD
353,ENERGY INTERNATIONAL INVESTMENTS HOLDINGS LIMITED,,Hong Kong,HKEX,HKD
354,CHINASOFT INTERNATIONAL LIMITED,,Hong Kong,HKEX,HKD
348,CHINA HEALTHWISE HOLDINGS LIMITED,,Hong Kong,HKEX,HKD
355,CENTURY CITY INTERNATIONAL HOLDINGS LIMITED,,Hong Kong,HKEX,HKD
357,HAINAN MEILAN INTERNATIONAL AIRPORT COMPANY LIMITED,,Hong Kong,HKEX,HKD
358,JIANGXI COPPER COMPANY LIMITED,,Hong Kong,HKEX,HKD
360,NEW FOCUS AUTO TECH HOLDINGS LIMITED,,Hong Kong,HKEX,HKD
361,SINO GOLF HOLDINGS LIMITED,,Hong Kong,HKEX,HKD
362,XINYANG MAOJIAN GROUP LIMITED,,Hong Kong,HKEX,HKD
363,SHANGHAI INDUSTRIAL HOLDINGS LIMITED,,Hong Kong,HKEX,HKD
356,DT CAPITAL LIMITED,,Hong Kong,HKEX,HKD
433,NORTH MINING SHARES COMPANY LIMITED,,Hong Kong,HKEX,HKD
347,ANGANG STEEL COMPANY LIMITED,,Hong Kong,HKEX,HKD
345,VITASOY INTERNATIONAL HOLDINGS LIMITED,,Hong Kong,HKEX,HKD
6890,KANGLI INTERNATIONAL HOLDINGS LIMITED,,Hong Kong,HKEX,HKD
333,TOP FORM INTERNATIONAL LIMITED,,Hong Kong,HKEX,HKD
6889,"DYNAM JAPAN HOLDINGS CO., LTD.",,Hong Kong,HKEX,HKD
334,CHINA DISPLAY OPTOELECTRONICS TECHNOLOGY HOLDINGS LIMITED,,Hong Kong,HKEX,HKD
335,UPBEST GROUP LIMITED,,Hong Kong,HKEX,HKD
6888,FREETECH ROAD RECYCLING TECHNOLOGY (HOLDINGS) LTD.,,Hong Kong,HKEX,HKD
346,YANCHANG PETROLEUM INTERNATIONAL LIMITED,,Hong Kong,HKEX,HKD
336,HUABAO INTERNATIONAL HOLDINGS LIMITED,,Hong Kong,HKEX,HKD
337,GREENLAND HONG KONG HOLDINGS LIMITED,,Hong Kong,HKEX,HKD
338,SINOPEC SHANGHAI PETROCHEMICAL COMPANY LIMITED,,Hong Kong,HKEX,HKD
339,CORE ECONOMY INVESTMENT GROUP LIMITED,,Hong Kong,HKEX,HKD
340,TONGGUAN GOLD GROUP LIMITED,,Hong Kong,HKEX,HKD
341,CAFÃ© DE CORAL HOLDINGS LIMITED,,Hong Kong,HKEX,HKD
343,CULTURECOM HOLDINGS LIMITED,,Hong Kong,HKEX,HKD
55,NEWAY GROUP HOLDINGS LIMITED,,Hong Kong,HKEX,HKD
434,BOYAA INTERACTIVE INTERNATIONAL LIMITED,,Hong Kong,HKEX,HKD
70,RICH GOLDMAN HOLDINGS LIMITED,,Hong Kong,HKEX,HKD
435,SUNLIGHT REAL ESTATE INVESTMENT TRUST,,Hong Kong,HKEX,HKD
6826,SHANGHAI HAOHAI BIOLOGICAL TECHNOLOGY CO. LTD.,,Hong Kong,HKEX,HKD
524,GREAT WALL BELT & ROAD HOLDINGS LIMITED,,Hong Kong,HKEX,HKD
6828,BEIJING GAS BLUE SKY HOLDINGS LIMITED,,Hong Kong,HKEX,HKD
6829,DRAGON RISE GROUP HOLDINGS LIMITED,,Hong Kong,HKEX,HKD
6830,HUAZHONG IN-VEHICLE HOLDINGS CO. LTD.,,Hong Kong,HKEX,HKD
6831,GREEN TEA GROUP LIMITED,,Hong Kong,HKEX,HKD
6833,SINCO PHARMACEUTICALS HOLDINGS LIMITED,,Hong Kong,HKEX,HKD
522,ASM PACIFIC TECHNOLOGY LIMITED,,Hong Kong,HKEX,HKD
521,CWT INTERNATIONAL LIMITED,,Hong Kong,HKEX,HKD
6838,WINOX HOLDINGS LTD.,,Hong Kong,HKEX,HKD
6839,"YUNNAN WATER INVESTMENT CO., LTD.",,Hong Kong,HKEX,HKD
520,XIABUXIABU CATERING MANAGEMENT,,Hong Kong,HKEX,HKD
519,APPLIED DEVELOPMENT HOLDINGS LIMITED,,Hong Kong,HKEX,HKD
518,TUNGTEX,,Hong Kong,HKEX,HKD
517,COSCO SHIPPING INTERNATIONAL,,Hong Kong,HKEX,HKD
515,CHINA SILVER TECHNOLOGY HOLDINGS LIMITED,,Hong Kong,HKEX,HKD
6855,ASCENTAGE PHARMA GROUP INTERNATIONAL,,Hong Kong,HKEX,HKD
6869,YANGTZE OPTICAL FIBRE AND CABLE JOINT STOCK LTD.,,Hong Kong,HKEX,HKD
6868,TENFU (CAYMAN) HOLDINGS CO. LTD.,,Hong Kong,HKEX,HKD
506,CHINA FOODS LIMITED,,Hong Kong,HKEX,HKD
508,DINGYI GROUP INVESTMENT LIMITED,,Hong Kong,HKEX,HKD
6866,ZUOLI KECHUANG MICRO-FINANCE CO. LTD.,,Hong Kong,HKEX,HKD
509,CENTURY SUNSHINE GROUP HOLDINGS LIMITED,,Hong Kong,HKEX,HKD
6822,KING'S FLAIR INTERNATIONAL HOLDINGS LIMITED,,Hong Kong,HKEX,HKD
6865,"FLAT GLASS GROUP CO., LTD.",,Hong Kong,HKEX,HKD
6862,HAIDILAO INTERNATIONAL HOLDING LTD.,,Hong Kong,HKEX,HKD
511,TELEVISION BROADCASTS LIMITED,,Hong Kong,HKEX,HKD
6860,FINGERTANGO INC.,,Hong Kong,HKEX,HKD
512,CHINA GRAND PHARMACEUTICAL AND HEALTHCARE HOLDINGS LIMITED,,Hong Kong,HKEX,HKD
6858,HONMA GOLF LTD.,,Hong Kong,HKEX,HKD
513,CONTINENTAL HOLDINGS LIMITED,,Hong Kong,HKEX,HKD
510,CASH FINANCIAL SERVICES GROUP LIMITED,,Hong Kong,HKEX,HKD
525,GUANGSHEN RAILWAY COMPANY LIMITED,,Hong Kong,HKEX,HKD
6821,"ASYMCHEM LABORATORIES (TIANJIN) CO., LTD.",,Hong Kong,HKEX,HKD
6820,FRIENDTIMES INC.,,Hong Kong,HKEX,HKD
540,SPEEDY GLOBAL HOLDINGS LIMITED,,Hong Kong,HKEX,HKD
542,TFG INTERNATIONAL GROUP LIMITED,,Hong Kong,HKEX,HKD
543,PACIFIC ONLINE LIMITED,,Hong Kong,HKEX,HKD
544,DAIDO GROUP LIMITED,,Hong Kong,HKEX,HKD
546,FUFENG GROUP LIMITED,,Hong Kong,HKEX,HKD
547,DIGITAL DOMAIN HOLDINGS LIMITED,,Hong Kong,HKEX,HKD
538,AJISEN,,Hong Kong,HKEX,HKD
6745,"BEFAR GROUP CO., LTD.",,Hong Kong,HKEX,HKD
550,KK CULTURE HOLDINGS LIMITED,,Hong Kong,HKEX,HKD
551,YUE YUEN INDUSTRIAL,,Hong Kong,HKEX,HKD
552,CHINA COMMUNICATIONS SERVICES CORPORATION LIMITED,,Hong Kong,HKEX,HKD
553,NANJING PANDA ELECTRONICS COMPANY LIMITED,,Hong Kong,HKEX,HKD
554,HANS ENERGY COMPANY LIMITED,,Hong Kong,HKEX,HKD
556,PAN ASIA ENVIRONMENTAL PROTECTION GROUP LIMITED,,Hong Kong,HKEX,HKD
548,SHENZHEN EXPRESSWAY COMPANY LIMITED,,Hong Kong,HKEX,HKD
505,XINGYE ALLOY MATERIALS GROUP LIMITED,,Hong Kong,HKEX,HKD
536,TRADELINK ELECTRONIC COMMERCE LIMITED,,Hong Kong,HKEX,HKD
533,GOLDLION HOLDINGS LIMITED,,Hong Kong,HKEX,HKD
526,CHINA AUTOMOBILE NEW RETAIL,,Hong Kong,HKEX,HKD
6818,"CHINA EVERBRIGHT BANK CO., LTD.",,Hong Kong,HKEX,HKD
527,CHINA RUIFENG RENEWABLE ENERGY HOLDINGS LIMITED,,Hong Kong,HKEX,HKD
6816,PROSPER CONSTRUCTION HOLDINGS LTD.,,Hong Kong,HKEX,HKD
6812,WINSON HOLDINGS HONG KONG LIMITED,,Hong Kong,HKEX,HKD
528,KINGDOM HOLDINGS LIMITED,,Hong Kong,HKEX,HKD
535,GEMDALE PROPERTIES AND INVESTMENT CORPORATION LIMITED,,Hong Kong,HKEX,HKD
6811,TAI HING GROUP HOLDINGS LTD.,,Hong Kong,HKEX,HKD
529,SIS INTERNATIONAL HOLDINGS LIMITED,,Hong Kong,HKEX,HKD
6809,"MONTAGE TECHNOLOGY CO., LTD.",,Hong Kong,HKEX,HKD
6808,SUN ART RETAIL GROUP LTD.,,Hong Kong,HKEX,HKD
6806,"SHENWAN HONGYUAN GROUP CO., LTD.",,Hong Kong,HKEX,HKD
6805,KIMOU ENVIRONMENTAL HOLDING LTD.,,Hong Kong,HKEX,HKD
532,WONG'S KONG KING INTERNATIONAL,,Hong Kong,HKEX,HKD
6810,"SHANGHAI SUNMI TECHNOLOGY CO., LTD.",,Hong Kong,HKEX,HKD
6178,"EVERBRIGHT SECURITIES CO., LTD.",,Hong Kong,HKEX,HKD
6871,"ROBOTPHOENIX INTELLIGENT TECHNOLOGY CO., LTD.",,Hong Kong,HKEX,HKD
501,"OMNIVISION INTEGRATED CIRCUITS GROUP, INC.",,Hong Kong,HKEX,HKD
472,NEW SILKROAD CULTURALTAINMENT LIMITED,,Hong Kong,HKEX,HKD
471,CMMB VISION HOLDINGS LIMITED,,Hong Kong,HKEX,HKD
84,STELUX HOLDINGS INTERNATIONAL LIMITED,,Hong Kong,HKEX,HKD
83,SINO LAND COMPANY LIMITED,,Hong Kong,HKEX,HKD
468,GREATVIEW ASEPTIC PACKAGING COMPANY LIMITED,,Hong Kong,HKEX,HKD
82,V1 GROUP LIMITED,,Hong Kong,HKEX,HKD
467,UNITED ENERGY GROUP LIMITED,,Hong Kong,HKEX,HKD
465,FUTONG TECHNOLOGY DEVELOPMENT HOLDINGS LIMITED,,Hong Kong,HKEX,HKD
81,CHINA OVERSEAS GRAND OCEANS GROUP LIMITED,,Hong Kong,HKEX,HKD
464,CHINA OVERSEAS NUOXIN INTERNATIONAL HOLDINGS LIMITED,,Hong Kong,HKEX,HKD
80,CHINA NEW ECONOMY FUND LIMITED,,Hong Kong,HKEX,HKD
79,CENTURY LEGEND,,Hong Kong,HKEX,HKD
460,SIHUAN PHARMACEUTICAL HOLDINGS GROUP LTD.,,Hong Kong,HKEX,HKD
78,REGAL HOTELS INTERNATIONAL HOLDINGS LIMITED,,Hong Kong,HKEX,HKD
458,TRISTATE HOLDINGS LIMITED,,Hong Kong,HKEX,HKD
456,NEW CITY DEVELOPMENT GROUP LIMITED,,Hong Kong,HKEX,HKD
455,TIANDA PHARMACEUTICALS LIMITED,,Hong Kong,HKEX,HKD
71,"MIRAMAR HOTEL AND INVESTMENT COMPANY, LIMITED",,Hong Kong,HKEX,HKD
436,NEW UNIVERSE ENVIRONMENTAL GROUP LIMITED,,Hong Kong,HKEX,HKD
72,MODERN MEDIA HOLDINGS LIMITED,,Hong Kong,HKEX,HKD
438,IRICO GROUP NEW ENERGY COMPANY LIMITED,,Hong Kong,HKEX,HKD
439,KUANGCHI SCIENCE LIMITED,,Hong Kong,HKEX,HKD
440,DAH SING FINANCIAL HOLDINGS LIMITED,,Hong Kong,HKEX,HKD
85,CHINA ELECTRONICS HUADA TECHNOLOGY COMPANY LIMITED,,Hong Kong,HKEX,HKD
73,ASIAN CITRUS HOLDINGS LIMITED,,Hong Kong,HKEX,HKD
444,SINCERE WATCH,,Hong Kong,HKEX,HKD
75,Y. T. REALTY GROUP LIMITED,,Hong Kong,HKEX,HKD
450,HUNG HING PRINTING GROUP LIMITED,,Hong Kong,HKEX,HKD
76,ELATE HOLDINGS LIMITED,,Hong Kong,HKEX,HKD
451,GCL NEW ENERGY HOLDINGS LIMITED,,Hong Kong,HKEX,HKD
77,AMS PUBLIC TRANSPORT HOLDINGS LIMITED,,Hong Kong,HKEX,HKD
442,"HIFOOD GROUP HOLDINGS CO., LIMITED",,Hong Kong,HKEX,HKD
86,SUN HUNG KAI & CO. LIMITED,,Hong Kong,HKEX,HKD
87,SWIRE PACIFIC LIMITED,,Hong Kong,HKEX,HKD
474,ACESO LIFE SCIENCE GROUP LIMITED,,Hong Kong,HKEX,HKD
491,EMPEROR CULTURE GROUP LIMITED,,Hong Kong,HKEX,HKD
96,YUSEI HOLDINGS LIMITED,,Hong Kong,HKEX,HKD
493,GOME RETAIL HOLDINGS LIMITED,,Hong Kong,HKEX,HKD
97,HENDERSON INVESTMENT LIMITED,,Hong Kong,HKEX,HKD
495,PALADIN LIMITED,,Hong Kong,HKEX,HKD
496,KASEN INTERNATIONAL HOLDINGS LIMITED,,Hong Kong,HKEX,HKD
95,LVGEM,,Hong Kong,HKEX,HKD
497,CSI PROPERTIES LIMITED,,Hong Kong,HKEX,HKD
98,XINGFA ALUMINIUM HOLDINGS LIMITED,,Hong Kong,HKEX,HKD
6880,"TEMPUS AI, INC. CLASS A COMMON STOCK",,Hong Kong,HKEX,HKD
499,QINGDAO HOLDINGS INTERNATIONAL LIMITED,,Hong Kong,HKEX,HKD
6878,DIFFER GROUP AUTO LIMITED,,Hong Kong,HKEX,HKD
6877,CLSA PREMIUM LTD.,,Hong Kong,HKEX,HKD
500,FRONTIER SERVICES GROUP LIMITED,,Hong Kong,HKEX,HKD
498,PYI CORPORATION LIMITED,,Hong Kong,HKEX,HKD
6872,TENNOR THERAPEUTICS (SUZHOU) LIMITED,,Hong Kong,HKEX,HKD
488,LAI SUN DEVELOPMENT COMPANY LIMITED,,Hong Kong,HKEX,HKD
94,GREENHEART GROUP LIMITED,,Hong Kong,HKEX,HKD
6881,"CHINA GALAXY SECURITIES CO., LTD.",,Hong Kong,HKEX,HKD
475,CENTRAL DEVELOPMENT HOLDINGS LIMITED,,Hong Kong,HKEX,HKD
88,TAI CHEUNG HOLDINGS LIMITED,,Hong Kong,HKEX,HKD
476,CHINA DYNAMICS,,Hong Kong,HKEX,HKD
89,TAI SANG LAND DEVELOPMENT LIMITED,,Hong Kong,HKEX,HKD
90,PUXING ENERGY LIMITED,,Hong Kong,HKEX,HKD
487,SUCCESS UNIVERSE GROUP LIMITED,,Hong Kong,HKEX,HKD
480,HKR INTERNATIONAL LIMITED,,Hong Kong,HKEX,HKD
483,BAUHAUS INTERNATIONAL,,Hong Kong,HKEX,HKD
484,FORGAME HOLDINGS LIMITED,,Hong Kong,HKEX,HKD
92,CHAMPION TECHNOLOGY HOLDINGS LIMITED,,Hong Kong,HKEX,HKD
485,CHINA SINOSTAR GROUP COMPANY LIMITED,,Hong Kong,HKEX,HKD
93,TERMBRAY INDUSTRIES INTERNATIONAL,,Hong Kong,HKEX,HKD
486,UNITED COMPANY RUSAL PLC,,Hong Kong,HKEX,HKD
482,SANDMARTIN INTERNATIONAL HOLDINGS LIMITED,,Hong Kong,HKEX,HKD
859,ZHONGCHANG INTERNATIONAL HOLDINGS GROUP LIMITED,,Hong Kong,HKEX,HKD
210,DAPHNE INTERNATIONAL HOLDINGS LIMITED,,Hong Kong,HKEX,HKD
939,CHINA CONSTRUCTION BANK CORPORATION,,Hong Kong,HKEX,HKD
1013,WAI CHUN GROUP HOLDINGS LTD.,,Hong Kong,HKEX,HKD
116,CHOW SANG SANG HOLDINGS INTERNATIONAL LIMITED,,Hong Kong,HKEX,HKD
919,MODERN HEALTHCARE TECHNOLOGY HOLDINGS LIMITED,,Hong Kong,HKEX,HKD
978,CHINA MERCHANTS LAND LIMITED,,Hong Kong,HKEX,HKD
918,STATE ENERGY GROUP INTERNATIONAL ASSETS HOLDINGS LIMITED,,Hong Kong,HKEX,HKD
917,QUNABOX GROUP LTD,,Hong Kong,HKEX,HKD
6138,"HARBIN BANK CO., LTD.",,Hong Kong,HKEX,HKD
916,CHINA LONGYUAN POWER GROUP CORPORATION LIMITED,,Hong Kong,HKEX,HKD
893,CHINA VANADIUM TITANO-MAGNETITE MINING COMPANY LIMITED,,Hong Kong,HKEX,HKD
894,MAN YUE TECHNOLOGY HOLDINGS LIMITED,,Hong Kong,HKEX,HKD
6055,CHINA TOBACCO INTERNATIONAL (HK) CO. LTD.,,Hong Kong,HKEX,HKD
6136,KANGDA INTERNATIONAL ENVIRONMENTAL COMPANY LIMITED,,Hong Kong,HKEX,HKD
979,GREEN ENERGY GROUP LIMITED,,Hong Kong,HKEX,HKD
976,CHIHO ENVIRONMENTAL GROUP LIMITED,,Hong Kong,HKEX,HKD
915,DAOHE GLOBAL GROUP LIMITED,,Hong Kong,HKEX,HKD
980,"LIANHUA SUPERMARKET HOLDINGS CO., LTD.",,Hong Kong,HKEX,HKD
1011,"CHINA NT PHARMA GROUP CO., LTD.",,Hong Kong,HKEX,HKD
6133,VITAL INNOVATIONS HOLDINGS LTD.,,Hong Kong,HKEX,HKD
981,SEMICONDUCTOR MANUFACTURING INTERNATIONAL CORPORATION,,Hong Kong,HKEX,HKD
6132,"HJ SCIENCE CO., LTD.",,Hong Kong,HKEX,HKD
914,ANHUI CONCH CEMENT COMPANY LIMITED,,Hong Kong,HKEX,HKD
896,HANISON CONSTRUCTION HOLDINGS LIMITED,,Hong Kong,HKEX,HKD
111,CINDA INTERNATIONAL HOLDINGS LIMITED,,Hong Kong,HKEX,HKD
1010,SKY BLUE 11 COMPANY LTD.,,Hong Kong,HKEX,HKD
1009,INTERNATIONAL ENTERTAINMENT CORPORATION,,Hong Kong,HKEX,HKD
983,SOCAM DEVELOPMENT LIMITED,,Hong Kong,HKEX,HKD
897,WAI YUEN TONG MEDICINE HOLDINGS LIMITED,,Hong Kong,HKEX,HKD
984,AEON STORES,,Hong Kong,HKEX,HKD
895,DONGJIANG ENVIRONMENTAL COMPANY LIMITED,,Hong Kong,HKEX,HKD
913,UNITY INVESTMENTS HOLDINGS LIMITED,,Hong Kong,HKEX,HKD
975,MONGOLIAN MINING CORPORATION,,Hong Kong,HKEX,HKD
974,CHINA SHUN KE LONG HOLDINGS LIMITED,,Hong Kong,HKEX,HKD
928,LIFE HEALTHCARE GROUP LIMITED,,Hong Kong,HKEX,HKD
873,SHIMAO SERVICES HOLDINGS LIMITED,,Hong Kong,HKEX,HKD
874,GUANGZHOU BAIYUNSHAN PHARMACEUTICAL HOLDINGS COMPANY LIMITED,,Hong Kong,HKEX,HKD
875,CHINA FINANCE INVESTMENT HOLDINGS LIMITED,,Hong Kong,HKEX,HKD
927,FUJIKON INDUSTRIAL HOLDINGS LIMITED,,Hong Kong,HKEX,HKD
876,KAISA HEALTH GROUP HOLDINGS LIMITED,,Hong Kong,HKEX,HKD
926,BESUNYEN HOLDINGS COMPANY LIMITED,,Hong Kong,HKEX,HKD
959,CENTURY ENTERTAINMENT INTERNATIONAL HOLDINGS LIMITED,,Hong Kong,HKEX,HKD
878,SOUNDWILL HOLDINGS LIMITED,,Hong Kong,HKEX,HKD
924,KHOON GROUP LIMITED,,Hong Kong,HKEX,HKD
960,LONGFOR GROUP HOLDINGS LIMITED,,Hong Kong,HKEX,HKD
923,INTEGRATED WASTE SOLUTIONS GROUP HOLDINGS LIMITED,,Hong Kong,HKEX,HKD
117,TIANLI HOLDINGS GROUP LIMITED,,Hong Kong,HKEX,HKD
889,DATRONIX HOLDINGS LIMITED,,Hong Kong,HKEX,HKD
880,SJM HOLDINGS LIMITED,,Hong Kong,HKEX,HKD
966,CHINA TAIPING INSURANCE HOLDINGS COMPANY LIMITED,,Hong Kong,HKEX,HKD
882,TIANJIN DEVELOPMENT HOLDINGS LIMITED,,Hong Kong,HKEX,HKD
101,HANG LUNG PROPERTIES LIMITED,,Hong Kong,HKEX,HKD
883,CNOOC LIMITED,,Hong Kong,HKEX,HKD
922,ANXIAN YUAN CHINA HOLDINGS LIMITED,,Hong Kong,HKEX,HKD
921,"HISENSE HOME APPLIANCES GROUP CO., LTD.",,Hong Kong,HKEX,HKD
884,CIFI HOLDINGS,,Hong Kong,HKEX,HKD
887,EMPEROR WATCH & JEWELLERY LIMITED,,Hong Kong,HKEX,HKD
110,CHINA FORTUNE HOLDINGS LIMITED,,Hong Kong,HKEX,HKD
888,BISON FINANCE GROUP LIMITED,,Hong Kong,HKEX,HKD
968,XINYI SOLAR HOLDINGS LIMITED,,Hong Kong,HKEX,HKD
969,HUA LIEN INTERNATIONAL,,Hong Kong,HKEX,HKD
970,SPARKLE ROLL GROUP LIMITED,,Hong Kong,HKEX,HKD
881,ZHONGSHENG GROUP HOLDINGS LIMITED,,Hong Kong,HKEX,HKD
898,MULTIFIELD INTERNATIONAL HOLDINGS LIMITED,,Hong Kong,HKEX,HKD
115,GRAND FIELD GROUP HOLDINGS LIMITED,,Hong Kong,HKEX,HKD
6128,GRAPHEX GROUP LIMITED,,Hong Kong,HKEX,HKD
1002,VS INTERNATIONAL GROUP LTD.,,Hong Kong,HKEX,HKD
992,LENOVO GROUP LIMITED,,Hong Kong,HKEX,HKD
901,GOLDSTONE INVESTMENT GROUP LIMITED,,Hong Kong,HKEX,HKD
6090,BUTONG GROUP,,Hong Kong,HKEX,HKD
6093,"HEVOL SERVICES GROUP CO., LTD.",,Hong Kong,HKEX,HKD
910,CHINA SANDI HOLDINGS LIMITED,,Hong Kong,HKEX,HKD
6098,COUNTRY GARDEN SERVICES HOLDINGS CO. LTD.,,Hong Kong,HKEX,HKD
6099,"CHINA MERCHANTS SECURITIES CO., LTD.",,Hong Kong,HKEX,HKD
993,HUARONG INTERNATIONAL FINANCIAL HOLDINGS LIMITED,,Hong Kong,HKEX,HKD
1001,HONG KONG SHANGHAI ALLIANCE HOLDINGS LIMITED,,Hong Kong,HKEX,HKD
6100,TONGDAO LIEPIN GROUP,,Hong Kong,HKEX,HKD
909,MING YUAN CLOUD GROUP HOLDINGS LIMITED,,Hong Kong,HKEX,HKD
6118,AUSTAR LIFESCIENCES LTD.,,Hong Kong,HKEX,HKD
6088,FIT HON TENG LTD.,,Hong Kong,HKEX,HKD
113,DICKSON CONCEPTS,,Hong Kong,HKEX,HKD
6117,"RIZHAO PORT JURONG CO., LTD. CLASS H COMMON STOCK",,Hong Kong,HKEX,HKD
902,"HUANENG POWER INTERNATIONAL, INC.",,Hong Kong,HKEX,HKD
938,MAN SANG INTERNATIONAL LIMITED,,Hong Kong,HKEX,HKD
6106,"SHANGHAI SEER INTELLIGENT TECHNOLOGY CO., LTD.",,Hong Kong,HKEX,HKD
1000,BEIJING MEDIA CORPORATION LIMITED,,Hong Kong,HKEX,HKD
6108,NEW RAY MEDICINE INTERNATIONAL HOLDING LTD.,,Hong Kong,HKEX,HKD
907,ELEGANCE OPTICAL INTERNATIONAL HOLDINGS LIMITED,,Hong Kong,HKEX,HKD
999,I.T LIMITED,,Hong Kong,HKEX,HKD
905,GLOBAL MASTERMIND CAPITAL LIMITED,,Hong Kong,HKEX,HKD
998,CHINA CITIC BANK CORPORATION LIMITED,,Hong Kong,HKEX,HKD
6113,UTS MARKETING SOLUTIONS HOLDINGS LIMITED,,Hong Kong,HKEX,HKD
6110,TOPSPORTS INTERNATIONAL HOLDINGS LIMITED,,Hong Kong,HKEX,HKD
997,CHINLINK INTERNATIONAL HOLDINGS LIMITED,,Hong Kong,HKEX,HKD
994,CT VISION,,Hong Kong,HKEX,HKD
6086,FANGZHOU INC.,,Hong Kong,HKEX,HKD
6083,WORLD-LINK LOGISTICS ASIA HOLDING LTD.,,Hong Kong,HKEX,HKD
911,QIANHAI HEALTH HOLDINGS LIMITED,,Hong Kong,HKEX,HKD
912,SUGA INTERNATIONAL HOLDINGS LIMITED,,Hong Kong,HKEX,HKD
986,CHINA ENVIRONMENTAL ENERGY INVESTMENT LIMITED,,Hong Kong,HKEX,HKD
6127,JOINN LABORATORIES CHINA LTD.,,Hong Kong,HKEX,HKD
1008,LITU HOLDINGS LTD.,,Hong Kong,HKEX,HKD
6058,CHINA INDUSTRIAL SECURITIES INTERNATIONAL FINANCIAL GROUP LIMITED,,Hong Kong,HKEX,HKD
6060,"ZHONGAN ONLINE P&C INSURANCE CO., LTD.",,Hong Kong,HKEX,HKD
6063,LOTUS HORIZON HOLDINGS LTD.,,Hong Kong,HKEX,HKD
6066,"CSC FINANCIAL CO., LTD.",,Hong Kong,HKEX,HKD
6067,"SHENZHEN SENIOR TECHNOLOGY MATERIAL CO., LTD.",,Hong Kong,HKEX,HKD
6068,WISDOM EDUCATION INTERNATIONAL HOLDINGS COMPANY LIMITED,,Hong Kong,HKEX,HKD
899,ASIA RESOURCES HOLDINGS LIMITED,,Hong Kong,HKEX,HKD
987,CHINA RENEWABLE ENERGY INVESTMENT LIMITED,,Hong Kong,HKEX,HKD
114,HERALD HOLDINGS LIMITED,,Hong Kong,HKEX,HKD
6123,YTO INTERNATIONAL EXPRESS AND SUPPLY CHAIN TECHNOLOGY CO. LTD.,,Hong Kong,HKEX,HKD
1007,LONGHUI INTERNATIONAL HOLDINGS LIMITED,,Hong Kong,HKEX,HKD
6069,SY HOLDINGS GROUP LTD.,,Hong Kong,HKEX,HKD
989,GROUND INTERNATIONAL DEVELOPMENT LIMITED,,Hong Kong,HKEX,HKD
900,AEON CREDIT SERVICE,,Hong Kong,HKEX,HKD
100,MINIMAX GROUP INC,,Hong Kong,HKEX,HKD
990,THEME INTERNATIONAL HOLDINGS LIMITED,,Hong Kong,HKEX,HKD
1005,MATRIX HOLDINGS LTD.,,Hong Kong,HKEX,HKD
1004,CHINA SMARTER ENERGY GROUP HOLDINGS LTD.,,Hong Kong,HKEX,HKD
6119,TIAN YUAN GROUP HOLDINGS LTD.,,Hong Kong,HKEX,HKD
6036,APEX ACE HOLDING LIMITED,,Hong Kong,HKEX,HKD
1003,HUANXI MEDIA GROUP LTD.,,Hong Kong,HKEX,HKD
6078,HYGEIA HEALTHCARE HOLDINGS CO. LTD.,,Hong Kong,HKEX,HKD
6080,WING CHI HOLDINGS LTD.,,Hong Kong,HKEX,HKD
991,"DATANG INTERNATIONAL POWER GENERATION CO., LTD.",,Hong Kong,HKEX,HKD
6082,SHANGHAI BIREN TECHNOLOGY CO LTD - CLASS H,,Hong Kong,HKEX,HKD
871,CHINA DREDGING ENVIRONMENT PROTECTION HOLDINGS LIMITED,,Hong Kong,HKEX,HKD
6158,ZHENRO PROPERTIES GROUP LTD.,,Hong Kong,HKEX,HKD
995,ANHUI EXPRESSWAY COMPANY LIMITED,,Hong Kong,HKEX,HKD
1023,SITOY GROUP HOLDINGS LTD.,,Hong Kong,HKEX,HKD
6168,"ZHOU LIU FU JEWELLERY CO., LTD.",,Hong Kong,HKEX,HKD
934,SINOPEC KANTONS HOLDINGS LIMITED,,Hong Kong,HKEX,HKD
865,JIANDE INTERNATIONAL HOLDINGS LIMITED,,Hong Kong,HKEX,HKD
951,CHAOWEI POWER HOLDINGS LIMITED,,Hong Kong,HKEX,HKD
6051,YOUZAN TECHNOLOGY LIMITED,,Hong Kong,HKEX,HKD
943,ZHONGZHENG INTERNATIONAL COMPANY LIMITED,,Hong Kong,HKEX,HKD
6169,CHINA YUHUA EDUCATION CORPORATION LIMITED,,Hong Kong,HKEX,HKD
864,WING LEE PROPERTY INVESTMENTS LIMITED,,Hong Kong,HKEX,HKD
869,PLAYMATES TOYS LIMITED,,Hong Kong,HKEX,HKD
863,BC TECHNOLOGY GROUP LIMITED,,Hong Kong,HKEX,HKD
118,COSMOS MACHINERY ENTERPRISES LIMITED,,Hong Kong,HKEX,HKD
1024,KUAISHOU TECHNOLOGY,,Hong Kong,HKEX,HKD
106,"LANDSEA GREEN PROPERTIES CO., LTD.",,Hong Kong,HKEX,HKD
6162,"CHINA TIANRUI AUTOMOTIVE SYSTEMS GROUP CO., LTD.",,Hong Kong,HKEX,HKD
936,KAISA CAPITAL INVESTMENT HOLDINGS LIMITED,,Hong Kong,HKEX,HKD
105,ASSOCIATED INTERNATIONAL HOTELS LIMITED,,Hong Kong,HKEX,HKD
108,GR PROPERTIES LIMITED,,Hong Kong,HKEX,HKD
107,SICHUAN EXPRESSWAY COMPANY LIMITED,,Hong Kong,HKEX,HKD
6163,GEMILANG INTERNATIONAL LIMITED,,Hong Kong,HKEX,HKD
6038,G & M HOLDINGS LTD.,,Hong Kong,HKEX,HKD
1021,"GUANGDONG HUAYAN ROBOTICS CO., LTD.",,Hong Kong,HKEX,HKD
932,SHUNTEN INTERNATIONAL,,Hong Kong,HKEX,HKD
1020,CYBERNAUT INTERNATIONAL HOLDINGS LTD.,,Hong Kong,HKEX,HKD
1022,"FEIYU TECHNOLOGY INTERNATIONAL CO., LTD.",,Hong Kong,HKEX,HKD
6033,TELECOM DIGITAL HOLDINGS LTD.,,Hong Kong,HKEX,HKD
6166,"CIG SHANGHAI CO., LTD.",,Hong Kong,HKEX,HKD
867,CHINA MEDICAL SYSTEM HOLDINGS LIMITED,,Hong Kong,HKEX,HKD
933,BRIGHTOIL,,Hong Kong,HKEX,HKD
952,CHINA TONGHAI INTERNATIONAL FINANCIAL LIMITED,,Hong Kong,HKEX,HKD
862,VISION VALUES HOLDINGS LIMITED,,Hong Kong,HKEX,HKD
953,SHAW BROTHERS HOLDINGS LIMITED,,Hong Kong,HKEX,HKD
868,XINYI GLASS HOLDINGS LIMITED,,Hong Kong,HKEX,HKD
954,CHANGMAO BIOCHEMICAL ENGINEERING COMPANY LIMITED,,Hong Kong,HKEX,HKD
866,CHINA QINFA GROUP LIMITED,,Hong Kong,HKEX,HKD
948,ALPHA PROFESSIONAL HOLDINGS LIMITED,,Hong Kong,HKEX,HKD
947,"MOBI DEVELOPMENT CO., LTD.",,Hong Kong,HKEX,HKD
931,CHINA LNG GROUP LIMITED,,Hong Kong,HKEX,HKD
103,SHOUGANG CONCORD CENTURY HOLDINGS LIMITED,,Hong Kong,HKEX,HKD
945,MANULIFE FINANCIAL CORPORATION,,Hong Kong,HKEX,HKD
6049,"POLY PROPERTY SERVICES CO., LTD.",,Hong Kong,HKEX,HKD
861,DIGITAL CHINA HOLDINGS LIMITED,,Hong Kong,HKEX,HKD
950,LEE'S PHARMACEUTICAL HOLDINGS LIMITED,,Hong Kong,HKEX,HKD
956,CHINA SUNTIEN GREEN ENERGY CORPORATION LIMITED,,Hong Kong,HKEX,HKD
929,IPE GROUP LIMITED,,Hong Kong,HKEX,HKD
860,APOLLO FUTURE MOBILITY GROUP LIMITED,,Hong Kong,HKEX,HKD
1025,KNT HOLDINGS LTD.,,Hong Kong,HKEX,HKD
941,CHINA MOBILE LIMITED,,Hong Kong,HKEX,HKD
104,ASIA COMMERCIAL HOLDINGS LIMITED,,Hong Kong,HKEX,HKD
6160,BEIGENE LTD.,,Hong Kong,HKEX,HKD
39570,"HDCLABS CO., LTD.",,Corée,KRX,KRW
50960,"SOOSAN INT CO., LTD.",,Corée,KRX,KRW
42520,HANS BIOMED CORP.,,Corée,KRX,KRW
94820,"ILJIN POWER CO., LTD.",,Corée,KRX,KRW
39560,DASAN NETWORKS INC.,,Corée,KRX,KRW
258610,"CAELUM CO., LTD.",,Corée,KRX,KRW
42510,"RAONSECURE CO., LTD.",,Corée,KRX,KRW
50890,SOLID INC.,,Corée,KRX,KRW
251630,"V ONE TECH CO., LTD.",,Corée,KRX,KRW
228760,GENOMICTREE INC.,,Corée,KRX,KRW
94840,SUPREMA HQ INC.,,Corée,KRX,KRW
50860,ASIA TECHNOLOGY CO. LTD.,,Corée,KRX,KRW
232140,YC CORP,,Corée,KRX,KRW
42600,"SERONICS CO., LTD.",,Corée,KRX,KRW
117670,ALPHA HOLDINGS INC.,,Corée,KRX,KRW
42500,"RINGNET CO., LTD.",,Corée,KRX,KRW
111380,"DONG IN ENTECH CO., LTD.",,Corée,KRX,KRW
39490,"KIWOOM SECURITIES CO., LTD.",,Corée,KRX,KRW
253450,STUDIO DRAGON CORPORATION,,Corée,KRX,KRW
111110,HOJEON LTD.,,Corée,KRX,KRW
42000,CAFE24 CORP.,,Corée,KRX,KRW
42040,"KPM TECH CO., LTD.",,Corée,KRX,KRW
252990,SEMCNS CO. LTD.,,Corée,KRX,KRW
42110,"SCD CO., LTD.",,Corée,KRX,KRW
80,"HITE JINRO CO., LTD.",,Corée,KRX,KRW
118000,"METACARE CO., LTD.",,Corée,KRX,KRW
109740,DSK CO. LTD.,,Corée,KRX,KRW
51160,"GAEASOFT CO., LTD.",,Corée,KRX,KRW
52020,STCUBE INC.,,Corée,KRX,KRW
252500,SEWHA P&C INC.,,Corée,KRX,KRW
98660,"STO CO., LTD.",,Corée,KRX,KRW
93920,"SEOWONINTECH CO., LTD.",,Corée,KRX,KRW
117730,"T-ROBOTICS CO., LTD.",,Corée,KRX,KRW
42370,"VITZRO TECH CO., LTD.",,Corée,KRX,KRW
42420,NEOWIZ HOLDINGS CORPORATION,,Corée,KRX,KRW
251970,"PUM-TECH KOREA CO., LTD.",,Corée,KRX,KRW
2290,"SAMIL ENTERPRISE CO., LTD.",,Corée,KRX,KRW
42660,HANWHA OCEAN CO. LTD.,,Corée,KRX,KRW
41960,"KOMIPHARM INTERNATIONAL CO., LTD.",,Corée,KRX,KRW
39340,"KOREA ECONOMIC BROADCASTING CO., LTD.",,Corée,KRX,KRW
250060,"MOBIIS CO., LTD.",,Corée,KRX,KRW
250030,"JINCOSTECH CO., LTD.",,Corée,KRX,KRW
250000,BORATR CO. LTD.,,Corée,KRX,KRW
43220,"TS NEXGEN CO., LTD.",,Corée,KRX,KRW
260870,SK SIGNET INC.,,Corée,KRX,KRW
43260,"SUNGHO ELECTRONICS CO., LTD.",,Corée,KRX,KRW
43200,"PARU CO., LTD.",,Corée,KRX,KRW
98120,"MICRO CONTACT SOLUTION CO., LTD.",,Corée,KRX,KRW
39310,"SEJOONG CO., LTD.",,Corée,KRX,KRW
94970,"JMT CO., LTD.",,Corée,KRX,KRW
43360,DIGITAL GRAPHICS INC.,,Corée,KRX,KRW
232530,EMT CO LTD.,,Corée,KRX,KRW
249420,"IL DONG PHARMACEUTICAL CO., LTD.",,Corée,KRX,KRW
43370,PHA CO. LTD.,,Corée,KRX,KRW
260930,"CTK CO., LTD.",,Corée,KRX,KRW
43340,"ESSEN TECH CO., LTD.",,Corée,KRX,KRW
111770,YOUNGONE CORPORATION,,Corée,KRX,KRW
43150,VALUE ADDED TECHNOLOGY CO. LTD.,,Corée,KRX,KRW
94940,PULOON TECHNOLOGY INC.,,Corée,KRX,KRW
251280,ANGIOLAB INC.,,Corée,KRX,KRW
117580,"DAESUNG ENERGY CO., LTD.",,Corée,KRX,KRW
50760,"S POLYTECH CO., LTD.",,Corée,KRX,KRW
251270,NETMARBLE CORP.,,Corée,KRX,KRW
39440,SYSTEMS TECHNOLOGY INC.,,Corée,KRX,KRW
42700,"HANMI SEMICONDUCTOR CO., LTD.",,Corée,KRX,KRW
251120,BIO FOOD & DEVELOPMENT CO. LTD.,,Corée,KRX,KRW
94850,VERY GOOD TOUR CO. LTD.,,Corée,KRX,KRW
98460,KOH YOUNG TECHNOLOGY INC.,,Corée,KRX,KRW
42940,SANGJI CONSTRUCTION INC.,,Corée,KRX,KRW
250930,YESUN TECH CO. LTD.,,Corée,KRX,KRW
260660,"KOREA ARLICO PHARM CO., LTD.",,Corée,KRX,KRW
43090,THE TECHNOLOGY CO. LTD.,,Corée,KRX,KRW
39420,KL-NET CORP,,Corée,KRX,KRW
100,YUHAN CORPORATION,,Corée,KRX,KRW
94860,"NEORIGIN CO., LTD.",,Corée,KRX,KRW
111710,NAMHWA INDUSTRIAL CO. LTD.,,Corée,KRX,KRW
251370,"YMT CO., LTD.",,Corée,KRX,KRW
253590,NEOSEM INC.,,Corée,KRX,KRW
259960,KRAFTON INC.,,Corée,KRX,KRW
229000,GENCURIX INC.,,Corée,KRX,KRW
229640,LS ECO ENERGY LTD.,,Corée,KRX,KRW
256940,KPS CORP.,,Corée,KRX,KRW
258830,"SEJONG MEDICAL CO., LTD.",,Corée,KRX,KRW
39860,NANOENTEK INC.,,Corée,KRX,KRW
40910,"ICD CO., LTD.",,Corée,KRX,KRW
51780,"CURO HOLDINGS CO., LTD.",,Corée,KRX,KRW
256840,"BNC KOREA CO., LTD.",,Corée,KRX,KRW
910,UNION CORPORATION,,Corée,KRX,KRW
39840,DIO CORPORATION,,Corée,KRX,KRW
256630,"POINT ENGINEERING CO., LTD.",,Corée,KRX,KRW
41020,POLARIS OFFICE CORP.,,Corée,KRX,KRW
99220,"SDN CO., LTD.",,Corée,KRX,KRW
51630,CHIN YANG CHEMICAL CORPORATION,,Corée,KRX,KRW
39830,AURORA WORLD CORP.,,Corée,KRX,KRW
41190,"WOORI TECHNOLOGY INVESTMENT CO., LTD.",,Corée,KRX,KRW
51600,"KEPCO PLANT SERVICE & ENGINEERING CO., LTD.",,Corée,KRX,KRW
860,"KANGNAM JEVISCO CO., LTD.",,Corée,KRX,KRW
229500,NOVMETAPHARMA CO. LTD.,,Corée,KRX,KRW
94280,"HYOSUNG ITX CO., LTD.",,Corée,KRX,KRW
109860,DONGIL METAL CO. LTD.,,Corée,KRX,KRW
39980,POLARIS AI CORP.,,Corée,KRX,KRW
51980,JOONGANG ADVANCED MATERIALS LTD.,,Corée,KRX,KRW
109960,AP HEALTHCARE INC.,,Corée,KRX,KRW
99410,"DONGBANG SHIP MACHINERY CO., LTD.",,Corée,KRX,KRW
40160,"NURIFLEX CO., LTD.",,Corée,KRX,KRW
110020,"JEONJIN BIOFARM CO., LTD.",,Corée,KRX,KRW
40300,"YTN CO., LTD.",,Corée,KRX,KRW
51910,LG CHEM LTD.,,Corée,KRX,KRW
40350,CREOS CORPORATION LTD.,,Corée,KRX,KRW
257720,SILICON2 CO. LTD.,,Corée,KRX,KRW
40420,"JLS CO., LTD.",,Corée,KRX,KRW
99390,"BRAINZ COMPANY CO., LTD.",,Corée,KRX,KRW
99320,"SATREC INITIATIVE CO., LTD.",,Corée,KRX,KRW
257370,"PEOPLE & TECHNOLOGY MS, INC.",,Corée,KRX,KRW
258790,"SOFTCAMP CO., LTD.",,Corée,KRX,KRW
40610,SG&G CORP.,,Corée,KRX,KRW
51900,LG HOUSEHOLD & HEALTH CARE LTD.,,Corée,KRX,KRW
256150,"HANDOK CLEAN TECH CO., LTD.",,Corée,KRX,KRW
41930,DONG-A HWASUNG CO. LTD.,,Corée,KRX,KRW
99190,I-SENS INC.,,Corée,KRX,KRW
94170,"DONGWOON ANATECH CO., LTD.",,Corée,KRX,KRW
110990,DIT CORP.,,Corée,KRX,KRW
70,SAMYANG HOLDINGS CORPORATION,,Corée,KRX,KRW
228850,"RAYENCE CO., LTD.",,Corée,KRX,KRW
51360,"TOVIS CO., LTD.",,Corée,KRX,KRW
118990,MOTREX CO. LTD.,,Corée,KRX,KRW
41830,"INBODY CO., LTD.",,Corée,KRX,KRW
254490,MIRAI SEMICONDUCTORS CO. LTD.,,Corée,KRX,KRW
41650,"SANGSIN BRAKE CO., LTD.",,Corée,KRX,KRW
94480,"GALAXIA MONEYTREE CO., LTD.",,Corée,KRX,KRW
254120,"XAVIS CO., LTD.",,Corée,KRX,KRW
99440,"SMEC CO., LTD.",,Corée,KRX,KRW
41910,POLARIS AI PHARMA CORP.,,Corée,KRX,KRW
39610,"HS VALVE CO., LTD.",,Corée,KRX,KRW
41920,"MEDIANA CO., LTD.",,Corée,KRX,KRW
253840,SUGENTECH INC.,,Corée,KRX,KRW
253610,"ROOTLOC CO., LTD.",,Corée,KRX,KRW
254160,JOHNSON MATTHEY PLC,,Corée,KRX,KRW
259630,MPLUS CORPORATION,,Corée,KRX,KRW
41590,FLASK CO. LTD.,,Corée,KRX,KRW
41520,"ELC CO., LTD.",,Corée,KRX,KRW
41440,HYUNDAI EVERDIGM CORP.,,Corée,KRX,KRW
51500,CJ FRESHWAY CORP.,,Corée,KRX,KRW
41460,KOREA ELECTRONIC CERTIFICATION AUTHORITY INC.,,Corée,KRX,KRW
230240,HFR INC.,,Corée,KRX,KRW
41510,"SM ENTERTAINMENT CO., LTD.",,Corée,KRX,KRW
50,"KYUNGBANG CO., LTD.",,Corée,KRX,KRW
230360,ECHO MARKETING INC.,,Corée,KRX,KRW
109820,GENEMATRIX INC.,,Corée,KRX,KRW
51490,NARA MOLD & DIE CO. LTD.,,Corée,KRX,KRW
255440,YAS CO. LTD.,,Corée,KRX,KRW
94360,CHIPS&MEDIA INC.,,Corée,KRX,KRW
51390,YW COMPANY LTD.,,Corée,KRX,KRW
99430,"BIOPLUS CO., LTD.",,Corée,KRX,KRW
51380,PC DIRECT INC.,,Corée,KRX,KRW
255220,"SG CO., LTD.",,Corée,KRX,KRW
51370,"INTERFLEX CO., LTD.",,Corée,KRX,KRW
39740,"KOREA INFORMATION ENGINEERING SERVICES CO., LTD.",,Corée,KRX,KRW
110790,"CREAS F&C CO., LTD.",,Corée,KRX,KRW
49120,"FINE DNC CO., LTD.",,Corée,KRX,KRW
248170,SEMPIO FOODS CO.,,Corée,KRX,KRW
98070,HANTECH LTD.,,Corée,KRX,KRW
239340,ESTAID CORP.,,Corée,KRX,KRW
240,"HANKOOK & COMPANY CO., LTD.",,Corée,KRX,KRW
96350,"DAECHANG SOLUTION CO., LTD.",,Corée,KRX,KRW
250,"SAM CHUN DANG PHARM CO., LTD.",,Corée,KRX,KRW
96250,"WISENUT CO., LTD.",,Corée,KRX,KRW
47310,"POWER LOGICS CO., LTD.",,Corée,KRX,KRW
96240,CREVERSE INC.,,Corée,KRX,KRW
114630,POLARIS UNO INC.,,Corée,KRX,KRW
270,KIA CORPORATION,,Corée,KRX,KRW
49520,"UIL CO., LTD.",,Corée,KRX,KRW
850,"HWACHEON MACHINE TOOL CO., LTD.",,Corée,KRX,KRW
234300,"STRAFFIC CO., LTD.",,Corée,KRX,KRW
114810,HANSOL IONES CO. LTD.,,Corée,KRX,KRW
47560,ESTSOFT CORP.,,Corée,KRX,KRW
238490,"HIMS CO., LTD.",,Corée,KRX,KRW
114840,IFAMILYSC CO. LTD.,,Corée,KRX,KRW
238200,BIFIDO CO. LTD.,,Corée,KRX,KRW
300,"DAYOU PLUS CO., LTD.",,Corée,KRX,KRW
95910,"S-ENERGY CO., LTD.",,Corée,KRX,KRW
47770,"CODES COMBINE CO., LTD.",,Corée,KRX,KRW
47400,UNION MATERIALS CORPORATION,,Corée,KRX,KRW
47810,KOREA AEROSPACE INDUSTRIES LTD.,,Corée,KRX,KRW
230,"IL DONG HOLDINGS CO., LTD.",,Corée,KRX,KRW
49550,"INKTEC CO., LTD.",,Corée,KRX,KRW
114190,"KANGWON ENERGY CO., LTD.",,Corée,KRX,KRW
234030,"SYNIC SOLUTION CO., LTD.",,Corée,KRX,KRW
46890,"SEOUL SEMICONDUCTOR CO., LTD.",,Corée,KRX,KRW
46940,"WOOWON DEVELOPMENT CO., LTD.",,Corée,KRX,KRW
240810,"WONIK IPS CO., LTD",,Corée,KRX,KRW
234070,"A ONE ALFORM CO., LTD.",,Corée,KRX,KRW
210,"DL HOLDINGS CO., LTD.",,Corée,KRX,KRW
46970,"WOORIRO CO., LTD.",,Corée,KRX,KRW
240600,"YUJIN TECHNOLOGY CO., LTD.",,Corée,KRX,KRW
239610,HLSCIENCE CO. LTD.,,Corée,KRX,KRW
47040,DAEWOO ENGINEERING & CONSTRUCTION CO. LTD.,,Corée,KRX,KRW
96610,RFSEMI TECHNOLOGIES INC.,,Corée,KRX,KRW
47050,POSCO INTERNATIONAL CORPORATION,,Corée,KRX,KRW
47080,HANBITSOFT INC.,,Corée,KRX,KRW
220,YUYU PHARMA INC.,,Corée,KRX,KRW
234080,JW LIFE SCIENCE CORP.,,Corée,KRX,KRW
96530,"SEEGENE, INC.",,Corée,KRX,KRW
234100,"SEWON CO., LTD.",,Corée,KRX,KRW
239890,"P&H TECH CO., LTD.",,Corée,KRX,KRW
114450,"GREEN LIFESCIENCE CO., LTD.",,Corée,KRX,KRW
240550,DONGBANG MEDICAL CO. LTD.,,Corée,KRX,KRW
238120,ALIGNED GENETICS INC.,,Corée,KRX,KRW
114920,DAEJOO ENERGY INNOVATION TECHNOLOGY CO. LTD.,,Corée,KRX,KRW
47820,"CHOROKBAEM MEDIA CO., LTD.",,Corée,KRX,KRW
115450,"HLB THERAPEUTICS CO., LTD.",,Corée,KRX,KRW
115480,CU MEDICAL SYSTEMS INC.,,Corée,KRX,KRW
115500,KOREA COMPUTER & SYSTEMS INC.,,Corée,KRX,KRW
236340,"MEDIZEN HUMANCARE CO., LTD.",,Corée,KRX,KRW
48770,TPC MECHATRONICS CORP.,,Corée,KRX,KRW
236200,SUPREMA INC.,,Corée,KRX,KRW
115530,"CNPLUS CO., LTD.",,Corée,KRX,KRW
48830,"NPK CO., LTD.",,Corée,KRX,KRW
236030,SSI ALIMENTATION INC.,,Corée,KRX,KRW
48550,"SM CULTURE & CONTENTS CO., LTD.",,Corée,KRX,KRW
400,"LOTTE NON-LIFE INSURANCE CO., LTD.",,Corée,KRX,KRW
49430,KOMELON CORP.,,Corée,KRX,KRW
48910,"DAEWON MEDIA CO., LTD.",,Corée,KRX,KRW
95610,TESCO LTD.,,Corée,KRX,KRW
235980,MEDPACTO INC.,,Corée,KRX,KRW
115610,"IMAGIS CO., LTD.",,Corée,KRX,KRW
115570,"STARFLEX CO., LTD.",,Corée,KRX,KRW
49070,"INTOPS CO., LTD.",,Corée,KRX,KRW
49080,"GIGALANE CO., LTD.",,Corée,KRX,KRW
95660,NEOWIZ HOLDINGS CORP.,,Corée,KRX,KRW
48870,"SYNERGY INNOVATION CO., LTD.",,Corée,KRX,KRW
48530,INTRON BIOTECHNOLOGY INC.,,Corée,KRX,KRW
390,"SAMHWA PAINTS INDUSTRIAL CO., LTD.",,Corée,KRX,KRW
236810,NBT INC.,,Corée,KRX,KRW
238090,"NDFOS CO., LTD.",,Corée,KRX,KRW
234340,HECTO FINANCIAL CO. LTD.,,Corée,KRX,KRW
47920,"HLB PHARMACEUTICAL CO., LTD.",,Corée,KRX,KRW
237880,"CLIO COSMETICS CO., LTD.",,Corée,KRX,KRW
237820,"PLAYD CO., LTD.",,Corée,KRX,KRW
320,"NOROO HOLDINGS CO., LTD.",,Corée,KRX,KRW
234690,GREEN CROSS WELLBEING CORP.,,Corée,KRX,KRW
237750,"PNC TECHNOLOGIES CO., LTD.",,Corée,KRX,KRW
115160,"HUMAX CO., LTD.",,Corée,KRX,KRW
115180,"QURIENT CO., LTD.",,Corée,KRX,KRW
49480,OPENBASE INC.,,Corée,KRX,KRW
237690,"ST PHARM CO.,LTD.",,Corée,KRX,KRW
49470,"SGA CO., LTD.",,Corée,KRX,KRW
95720,"WOONGJIN THINKBIG CO., LTD.",,Corée,KRX,KRW
95700,"GENEXINE CO., LTD.",,Corée,KRX,KRW
48410,"HYUNDAI BIOSCIENCE CO., LTD.",,Corée,KRX,KRW
48430,"YURA TECH CO., LTD.",,Corée,KRX,KRW
48470,"DAE DONG STEEL CO., LTD.",,Corée,KRX,KRW
370,"HANWHA GENERAL INSURANCE CO., LTD.",,Corée,KRX,KRW
115310,"INFOVINE CO., LTD.",,Corée,KRX,KRW
115440,"WOORI-NET CO., LTD.",,Corée,KRX,KRW
96630,"S CONNECT CO., LTD.",,Corée,KRX,KRW
2170,"SAMYANG TONGSANG CO., LTD.",,Corée,KRX,KRW
114090,"GRAND KOREA LEISURE CO., LTD.",,Corée,KRX,KRW
241560,DOOSAN BOBCAT INC.,,Corée,KRX,KRW
246710,"T&R BIOFAB CO., LTD.",,Corée,KRX,KRW
49960,"CELL BIOTECH CO., LTD.",,Corée,KRX,KRW
246690,TS INVESTMENT CORPORATION,,Corée,KRX,KRW
233250,MEDIAN DIAGNOSTICS INC.,,Corée,KRX,KRW
95270,"WAVE ELECTRONICS CO., LTD.",,Corée,KRX,KRW
2220,"HANIL IRON & STEEL CO., LTD.",,Corée,KRX,KRW
140,"HITEJINRO HOLDINGS CO., LTD.",,Corée,KRX,KRW
150,"DOOSAN CO., LTD.",,Corée,KRX,KRW
49950,MEERECOMPANY INCORPORATED,,Corée,KRX,KRW
50090,"BK HOLDINGS CO., LTD.",,Corée,KRX,KRW
44340,WINIX INC.,,Corée,KRX,KRW
245620,"EONE DIAGNOMICS GENOME CENTER CO., LTD.",,Corée,KRX,KRW
97780,"ECO VOLT CO., LTD.",,Corée,KRX,KRW
245450,"CNS LINK CO., LTD.",,Corée,KRX,KRW
95340,"ISC CO., LTD.",,Corée,KRX,KRW
44450,KSS LINE LTD.,,Corée,KRX,KRW
44480,BILLIONS CO. LTD.,,Corée,KRX,KRW
44490,TAEWOONG CO. LTD.,,Corée,KRX,KRW
244920,"APLUS ASSET ADVISOR CO., LTD.",,Corée,KRX,KRW
244880,"NANOOMTECH CO., LTD.",,Corée,KRX,KRW
44380,"JOOYONTECH CO., LTD.",,Corée,KRX,KRW
44780,"HK CO., LTD.",,Corée,KRX,KRW
97800,WINPAC INC.,,Corée,KRX,KRW
97870,"HYOSUNG ONB CO., LTD.",,Corée,KRX,KRW
112040,"WEMADE CO., LTD.",,Corée,KRX,KRW
43590,"WELKEEPS HITECH CO., LTD.",,Corée,KRX,KRW
2240,KISWIRE LTD.,,Corée,KRX,KRW
232680,RAONTECH INC.,,Corée,KRX,KRW
112190,"KC INDUSTRY CO., LTD.",,Corée,KRX,KRW
43610,GENIE MUSIC CORP.,,Corée,KRX,KRW
50120,ES CUBE CO. LTD.,,Corée,KRX,KRW
43650,KOOK SOON DANG BREWERY CO. LTD.,,Corée,KRX,KRW
120,CJ LOGISTICS CORPORATION,,Corée,KRX,KRW
246960,SCL SCIENCE INC.,,Corée,KRX,KRW
248070,"SOLUM CO., LTD.",,Corée,KRX,KRW
97950,CJ CHEILJEDANG CORP,,Corée,KRX,KRW
2230,"PS TEC CO., LTD.",,Corée,KRX,KRW
112290,"YCCHEM CO., LTD.",,Corée,KRX,KRW
247660,"NANOCMS CO., LTD.",,Corée,KRX,KRW
50110,CAMMSYS CORP.,,Corée,KRX,KRW
95190,EMKOREA CO. LTD.,,Corée,KRX,KRW
247540,"ECOPRO BM. CO., LTD.",,Corée,KRX,KRW
232830,SECUCEN,,Corée,KRX,KRW
43910,NATURE & ENVIRONMENT CO. LTD.,,Corée,KRX,KRW
43710,"SEOULEAGUER CO., LTD.",,Corée,KRX,KRW
244460,OLIPASS CORPORATION,,Corée,KRX,KRW
112610,CS WIND CORPORATION,,Corée,KRX,KRW
44820,COSMAX BTI INC.,,Corée,KRX,KRW
46120,"ORBITEC CO., LTD.",,Corée,KRX,KRW
46210,"HLB PANAGENE CO., LTD.",,Corée,KRX,KRW
242040,"NAMU TECH CO., LTD.",,Corée,KRX,KRW
46310,BG T&A CO.,,Corée,KRX,KRW
241840,"ASTORY CO., LTD.",,Corée,KRX,KRW
241820,PCL INC.,,Corée,KRX,KRW
2200,"KOREA EXPORT PACKAGING CO., LTD.",,Corée,KRX,KRW
46390,"SAMHWA NETWORKS CO., LTD.",,Corée,KRX,KRW
241790,TEMC CNS CO. LTD.,,Corée,KRX,KRW
49720,"KORYO CREDIT INFORMATION CO., LTD.",,Corée,KRX,KRW
49630,"JAEYOUNG SOLUTEC CO., LTD.",,Corée,KRX,KRW
241710,"COSMECCA KOREA CO., LTD.",,Corée,KRX,KRW
96770,"SK INNOVATION CO., LTD.",,Corée,KRX,KRW
95570,"AJ NETWORKS CO., LTD.",,Corée,KRX,KRW
113810,DGENX CO LTD.,,Corée,KRX,KRW
46440,"KGMOBILIANS CO., LTD.",,Corée,KRX,KRW
241690,"UNITEKNO CO., LTD.",,Corée,KRX,KRW
96760,JW HOLDINGS CORP.,,Corée,KRX,KRW
96690,AROOT CO. LTD.,,Corée,KRX,KRW
241590,"HWASEUNG ENTERPRISE CO., LTD.",,Corée,KRX,KRW
241770,"MECARO CO., LTD.",,Corée,KRX,KRW
45970,COASIA CORPORATION,,Corée,KRX,KRW
96870,LDT INC.,,Corée,KRX,KRW
116100,SUN MACHINERY CO. LTD.,,Corée,KRX,KRW
44960,"EAGLE VETERINARY TECH CO., LTD.",,Corée,KRX,KRW
44990,H&S HIGHTECH CORP.,,Corée,KRX,KRW
49830,SEUNG IL CORP.,,Corée,KRX,KRW
2210,"DONGSUNG PHARMACEUTICAL CO., LTD.",,Corée,KRX,KRW
45060,OKONG CORPORATION,,Corée,KRX,KRW
97520,"MCNEX CO., LTD.",,Corée,KRX,KRW
243870,GOODCEN CO. LTD.,,Corée,KRX,KRW
243840,"SHIN HEUNG ENERGY & ELECTRONICS CO., LTD.",,Corée,KRX,KRW
95500,"MNTECH CO., LTD.",,Corée,KRX,KRW
45100,"HANYANG ENGINEERING CO., LTD.",,Corée,KRX,KRW
45300,"SUNGWOO TECHRON CO., LTD.",,Corée,KRX,KRW
45340,TOTAL SOFT BANK LTD.,,Corée,KRX,KRW
45390,"DAEA TI CO., LTD.",,Corée,KRX,KRW
233990,"JILGYUNGYI CO., LTD.",,Corée,KRX,KRW
97230,"HANJIN HEAVY INDUSTRIES & CONSTRUCTION CO., LTD.",,Corée,KRX,KRW
260970,"S&D CO., LTD.",,Corée,KRX,KRW
45510,ZUNGWON EN-SYS INC.,,Corée,KRX,KRW
45520,"CLEAN & SCIENCE CO., LTD.",,Corée,KRX,KRW
180,SUNGCHANG ENTERPRISE HOLDING INC.,,Corée,KRX,KRW
49800,"WOOJIN PLAIMM CO., LTD.",,Corée,KRX,KRW
45660,"ATEC CO., LTD.",,Corée,KRX,KRW
241520,DSC INVESTMENT INC.,,Corée,KRX,KRW
243070,"HUONS CO., LTD.",,Corée,KRX,KRW
263770,UST CO. LTD.,,Corée,KRX,KRW
261200,"DENTIS CO., LTD.",,Corée,KRX,KRW
101730,"WEMADE MAX CO., LTD.",,Corée,KRX,KRW
101680,HNK MACHINE TOOL CO. LTD.,,Corée,KRX,KRW
33100,"CHERYONG ELECTRIC CO., LTD.",,Corée,KRX,KRW
33130,"DIGITAL CHOSUN CO., LTD.",,Corée,KRX,KRW
29460,"KC CO., LTD.",,Corée,KRX,KRW
29480,"KWANGMU CO., LTD.",,Corée,KRX,KRW
33160,"MK ELECTRON CO., LTD.",,Corée,KRX,KRW
29530,"SINDOH CO., LTD.",,Corée,KRX,KRW
33170,SIGNETICS CORPORATION,,Corée,KRX,KRW
101670,HYDRO LITHIUM INC.,,Corée,KRX,KRW
29780,"SAMSUNG CARD CO., LTD.",,Corée,KRX,KRW
2420,"THE CENTURY CO., LTD.",,Corée,KRX,KRW
2410,"BUMYUNG CONSTRUCTION CO., LTD.",,Corée,KRX,KRW
33200,"MOATECH CO., LTD.",,Corée,KRX,KRW
33230,"INSUNG INFORMATION CO., LTD.",,Corée,KRX,KRW
300080,FLITTO INC.,,Corée,KRX,KRW
101530,"HAITAI CONFECTIONERY & FOODS CO., LTD.",,Corée,KRX,KRW
30000,CHEIL WORLDWIDE INC.,,Corée,KRX,KRW
33240,"JAHWA ELECTRONICS CO., LTD.",,Corée,KRX,KRW
30190,"NICE INFORMATION SERVICE CO., LTD.",,Corée,KRX,KRW
33250,"CHASYS CO., LTD.",,Corée,KRX,KRW
30200,KT CORPORATION,,Corée,KRX,KRW
30210,"DAOL INVESTMENT & SECURITIES CO., LTD.",,Corée,KRX,KRW
299900,"WYSIWYG STUDIOS CO., LTD.",,Corée,KRX,KRW
300120,LAONPEOPLE INC.,,Corée,KRX,KRW
299660,"CELLID CO., LTD.",,Corée,KRX,KRW
890,BOHAE BREWERY CO. LTD.,,Corée,KRX,KRW
104830,"WONIK MATERIALS CO., LTD.",,Corée,KRX,KRW
27040,SEOUL ELECTRONICS & TELECOM LTD.,,Corée,KRX,KRW
27050,"COREANA COSMETICS CO., LTD.",,Corée,KRX,KRW
32830,"SAMSUNG LIFE INSURANCE CO., LTD.",,Corée,KRX,KRW
32850,"BIT COMPUTER CO., LTD.",,Corée,KRX,KRW
27360,"AJU IB INVESTMENT CO., LTD.",,Corée,KRX,KRW
32860,"THE LAMY CO., LTD.",,Corée,KRX,KRW
27410,"BGF CO., LTD.",,Corée,KRX,KRW
27580,SANGBO CORP.,,Corée,KRX,KRW
104620,"YELLOW BALLOON TOUR CO., LTD.",,Corée,KRX,KRW
32940,WONIK CORPORATION,,Corée,KRX,KRW
27710,"FARMSTORY CO., LTD.",,Corée,KRX,KRW
33050,"JEONGMOON INFORMATION CO., LTD.",,Corée,KRX,KRW
27740,MANIKER CO. LTD.,,Corée,KRX,KRW
32960,DONGIL TECHNOLOGY LTD.,,Corée,KRX,KRW
27970,"HANKUK PAPER MANUFACTURING CO., LTD.",,Corée,KRX,KRW
32980,"BYON CO., LTD.",,Corée,KRX,KRW
28050,"SAMSUNG ELECTRONICS CO., LTD.",,Corée,KRX,KRW
28080,HUMAX HOLDINGS CO. LTD.,,Corée,KRX,KRW
28100,"DONG-AH GEOLOGICAL ENGINEERING CO., LTD.",,Corée,KRX,KRW
28260,SAMSUNG C&T CORPORATION,,Corée,KRX,KRW
28300,"HLB CO., LTD.",,Corée,KRX,KRW
101930,INHWA PRECISION CO. LTD.,,Corée,KRX,KRW
104700,KISCO CORP.,,Corée,KRX,KRW
28670,"PAN OCEAN CO., LTD.",,Corée,KRX,KRW
27830,DAESUNG PRIVATE EQUITY INC.,,Corée,KRX,KRW
33270,KOREA UNITED PHARM INC.,,Corée,KRX,KRW
299480,G&E HEALTHCARE CO. LTD.,,Corée,KRX,KRW
299170,WSI CO. LTD.,,Corée,KRX,KRW
101390,"IM CO., LTD.",,Corée,KRX,KRW
295310,HVM CO. LTD.,,Corée,KRX,KRW
33640,NEPES CORPORATION,,Corée,KRX,KRW
105740,DK-LOK CORPORATION,,Corée,KRX,KRW
33780,KT&G CORP.,,Corée,KRX,KRW
294870,HDC HYUNDAI DEVELOPMENT CO. LTD.,,Corée,KRX,KRW
294630,"SUNAM CO., LTD.",,Corée,KRX,KRW
294570,COOCON CORP.,,Corée,KRX,KRW
33790,SKYMOONS TECHNOLOGY,,Corée,KRX,KRW
294140,"LEMON CO., LTD.",,Corée,KRX,KRW
294090,"EOFLOW CO., LTD.",,Corée,KRX,KRW
105630,"HANSAE CO., LTD.",,Corée,KRX,KRW
105760,"POSBANK CO., LTD.",,Corée,KRX,KRW
2380,KCC CORPORATION,,Corée,KRX,KRW
293780,APTABIO THERAPEUTICS INC.,,Corée,KRX,KRW
293580,NAU IB CAPITAL INC.,,Corée,KRX,KRW
293490,KAKAO GAMES CORP.,,Corée,KRX,KRW
293480,"HANA PHARM CO., LTD.",,Corée,KRX,KRW
291810,PINTEL CO. LTD.,,Corée,KRX,KRW
291650,APTAMER SCIENCES INC.,,Corée,KRX,KRW
33830,TAEGU BROADCASTING CORP,,Corée,KRX,KRW
291230,NP INC.,,Corée,KRX,KRW
30610,"KYOBO SECURITIES CO., LTD.",,Corée,KRX,KRW
290740,ACTRO CO. LTD.,,Corée,KRX,KRW
293940,"SHINHAN ALPHA REIT CO., LTD.",,Corée,KRX,KRW
33560,"BLUECOM CO., LTD.",,Corée,KRX,KRW
33540,"PARATECH CO., LTD.",,Corée,KRX,KRW
105560,KB FINANCIAL GROUP INC.,,Corée,KRX,KRW
299030,"HANA TECHNOLOGY CO., LTD.",,Corée,KRX,KRW
33290,COWELL FASHION CO. LTD.,,Corée,KRX,KRW
298830,SURESOFT TECHNOLOGIES INC.,,Corée,KRX,KRW
298690,"AIR BUSAN CO., LTD.",,Corée,KRX,KRW
105330,"KNW CO., LTD.",,Corée,KRX,KRW
298540,"NATURE HOLDINGS CO., LTD.",,Corée,KRX,KRW
298380,ABL BIO INC.,,Corée,KRX,KRW
298060,"SCM LIFESCIENCE CO., LTD.",,Corée,KRX,KRW
298050,HYOSUNG ADVANCED MATERIALS INC.,,Corée,KRX,KRW
298040,HYOSUNG HEAVY INDUSTRIES CORPORATION,,Corée,KRX,KRW
298020,HYOSUNG TNC CORPORATION,,Corée,KRX,KRW
298000,HYOSUNG CHEMICAL CORPORATION,,Corée,KRX,KRW
2390,HANDOK INC.,,Corée,KRX,KRW
101490,S&S TECH CORPORATION,,Corée,KRX,KRW
297890,"HB SOLUTION CO., LTD.",,Corée,KRX,KRW
33310,"M2N CO., LTD.",,Corée,KRX,KRW
297570,ALOYS INC.,,Corée,KRX,KRW
33320,JCHYUN SYSTEMS INC.,,Corée,KRX,KRW
33340,"GOODPEOPLE CO., LTD.",,Corée,KRX,KRW
297090,CS BEARING CO. LTD.,,Corée,KRX,KRW
101400,N CITRON INC.,,Corée,KRX,KRW
105550,EDGE FOUNDRY CO. LTD.,,Corée,KRX,KRW
33500,"DONGSUNG FINETEC CO., LTD.",,Corée,KRX,KRW
296640,"INNORULES CO., LTD.",,Corée,KRX,KRW
33530,SEJONG INDUSTRIAL CO. LTD.,,Corée,KRX,KRW
32820,WOORI TECHNOLOGY INC.,,Corée,KRX,KRW
290720,FOODNAMOO INC.,,Corée,KRX,KRW
26960,DONGSUH COMPANIES INC.,,Corée,KRX,KRW
26910,"KWANGJIN INDUSTRIAL CO., LTD.",,Corée,KRX,KRW
32080,AZTECH WB CO. LTD.,,Corée,KRX,KRW
23350,KOREA ENGINEERING CONSULTANTS CORP.,,Corée,KRX,KRW
23410,EUGENE CORP.,,Corée,KRX,KRW
23450,"DONGNAM CHEMICAL CO., LTD.",,Corée,KRX,KRW
32190,DAOU DATA CORP.,,Corée,KRX,KRW
23530,"LOTTE SHOPPING CO., LTD.",,Corée,KRX,KRW
23590,DAOU TECHNOLOGY INC.,,Corée,KRX,KRW
103590,"ILJIN ELECTRIC CO., LTD.",,Corée,KRX,KRW
23600,"SAMBO CORRUGATED BOARD CO., LTD.",,Corée,KRX,KRW
102260,"DONGSUNG CHEMICAL CO., LTD.",,Corée,KRX,KRW
23760,"HAN KOOK CAPITAL CO., LTD.",,Corée,KRX,KRW
23160,TK CORPORATION,,Corée,KRX,KRW
23770,PLAYWITH KOREA INC.,,Corée,KRX,KRW
23800,"INZI CONTROLS CO., LTD.",,Corée,KRX,KRW
23810,INFAC CORP.,,Corée,KRX,KRW
32280,"SAMIL CO., LTD.",,Corée,KRX,KRW
23900,PUNGKUK ETHANOL CO. LTD.,,Corée,KRX,KRW
23910,"DAIHAN PHARMACEUTICAL CO., LTD.",,Corée,KRX,KRW
23960,"SC ENGINEERING CO., LTD.",,Corée,KRX,KRW
103660,"CIAAT CO., LTD.",,Corée,KRX,KRW
24060,"HEUNGGU OIL CO., LTD.",,Corée,KRX,KRW
24070,"WISCOM CO., LTD.",,Corée,KRX,KRW
24090,DCM CORP.,,Corée,KRX,KRW
32300,"KOREA PHARMA CO., LTD.",,Corée,KRX,KRW
23790,"DONGIL STEELUX CO., LTD.",,Corée,KRX,KRW
24110,INDUSTRIAL BANK OF KOREA,,Corée,KRX,KRW
23150,METHANOL CO. LTD.,,Corée,KRX,KRW
103230,S&W SEED COMPANY,,Corée,KRX,KRW
21050,"SEOWON CO., LTD.",,Corée,KRX,KRW
21080,"ATINUM INVESTMENT CO., LTD.",,Corée,KRX,KRW
31210,SEOUL GUARANTEE INSURANCE CO. LTD.,,Corée,KRX,KRW
880,HANWHA CORPORATION,,Corée,KRX,KRW
31310,EYESVISION CORPORATION,,Corée,KRX,KRW
21240,"COWAY CO., LTD.",,Corée,KRX,KRW
31330,"SAMT CO., LTD.",,Corée,KRX,KRW
21320,"KCC ENGINEERING & CONSTRUCTION CO., LTD.",,Corée,KRX,KRW
31430,SHINSEGAE INTERNATIONAL INC.,,Corée,KRX,KRW
102460,REYON PHARMACEUTICAL CO. LTD.,,Corée,KRX,KRW
21650,CUBIC KOREA INC.,,Corée,KRX,KRW
23000,"SAMWON STEEL CO., LTD.",,Corée,KRX,KRW
31440,"SHINSEGAE FOOD CO., LTD.",,Corée,KRX,KRW
21820,"SEWON PRECISION INDUSTRY CO., LTD.",,Corée,KRX,KRW
21880,MASON CAPITAL CORP,,Corée,KRX,KRW
301300,VAIV CO INC.,,Corée,KRX,KRW
31510,"AUSTEM CO., LTD.",,Corée,KRX,KRW
102950,"AHA CO., LTD.",,Corée,KRX,KRW
22100,"POSCO DX CO., LTD.",,Corée,KRX,KRW
22220,"TKG AIKANG CO., LTD.",,Corée,KRX,KRW
103140,POONGSAN CORPORATION,,Corée,KRX,KRW
102370,"K-AUCTION CO., LTD.",,Corée,KRX,KRW
31820,"COMTEC SYSTEMS CO., LTD.",,Corée,KRX,KRW
31980,PSK HOLDINGS INC.,,Corée,KRX,KRW
102940,KOLON LIFE SCIENCE INC.,,Corée,KRX,KRW
24120,"KB AUTOSYS CO., LTD.",,Corée,KRX,KRW
32350,"LOTTE TOUR DEVELOPMENT CO., LTD.",,Corée,KRX,KRW
103840,"WOOYANG CO., LTD.",,Corée,KRX,KRW
25770,"KOREA INFORMATION & COMMUNICATIONS CO., LTD.",,Corée,KRX,KRW
32640,LG UPLUS CORP.,,Corée,KRX,KRW
25820,LEE KU INDUSTRIAL CO. LTD.,,Corée,KRX,KRW
25860,NAMHAE CHEMICAL CORP.,,Corée,KRX,KRW
25870,"SILLA SG CO., LTD.",,Corée,KRX,KRW
300720,"HANIL CEMENT CO., LTD.",,Corée,KRX,KRW
25880,"KC FEED CO., LTD.",,Corée,KRX,KRW
25890,HAN KOOK STEEL CO. LTD.,,Corée,KRX,KRW
104460,"DYPNF CO., LTD.",,Corée,KRX,KRW
25900,DONGWHA ENTERPRISE CO. LTD.,,Corée,KRX,KRW
25950,DONGSHIN ENGINEERING & CONSTRUCTION,,Corée,KRX,KRW
25750,"HANSOL HOMEDECO CO., LTD.",,Corée,KRX,KRW
25980,ANANTI INC.,,Corée,KRX,KRW
32680,SOFTCEN CO. LTD.,,Corée,KRX,KRW
26150,TUKSU CONSTRUCTION CO. LTD.,,Corée,KRX,KRW
2460,"HS HWASUNG CO., LTD.",,Corée,KRX,KRW
104480,TK CHEMICAL CORP.,,Corée,KRX,KRW
32750,"SAMJIN CO., LTD.",,Corée,KRX,KRW
32790,"MGEN SOLUTIONS CO., LTD.",,Corée,KRX,KRW
2450,"SAMICK MUSICAL INSTRUMENTS CO., LTD.",,Corée,KRX,KRW
104540,"CORENTEC CO., LTD.",,Corée,KRX,KRW
101970,WOOYANG HC CO. LTD.,,Corée,KRX,KRW
26890,STIC INVESTMENTS INC.,,Corée,KRX,KRW
32800,FANTAGIO CORP,,Corée,KRX,KRW
26040,"J.ESTINA CO., LTD.",,Corée,KRX,KRW
32620,"UBCARE CO., LTD.",,Corée,KRX,KRW
25620,"JAYJUN COSMETIC CO., LTD.",,Corée,KRX,KRW
25560,MIRAE CORPORATION,,Corée,KRX,KRW
32500,"KMW CO., LTD.",,Corée,KRX,KRW
24720,"KOLMAR HOLDINGS CO., LTD.",,Corée,KRX,KRW
24740,"HANIL FORGING INDUSTRIAL CO., LTD.",,Corée,KRX,KRW
102120,"ABOV SEMICONDUCTOR CO., LTD.",,Corée,KRX,KRW
24800,"YOOSUNG T&S CO., LTD.",,Corée,KRX,KRW
24830,SEWON CORP LTD,,Corée,KRX,KRW
24840,KBI METAL CO. LTD.,,Corée,KRX,KRW
24850,"HLB INNOVATION CO., LTD.",,Corée,KRX,KRW
24880,"KOREA PARTS & FASTENERS CO., LTD.",,Corée,KRX,KRW
24890,"DAE WON CHEMICAL CO., LTD.",,Corée,KRX,KRW
24900,"DUCK YANG INDUSTRY CO., LTD.",,Corée,KRX,KRW
24910,"KYUNGCHANG INDUSTRIAL CO., LTD.",,Corée,KRX,KRW
24940,"PNPOONGNYUN CO., LTD.",,Corée,KRX,KRW
24950,"SAMCHULY BICYCLE CO., LTD.",,Corée,KRX,KRW
25000,"KPX CHEMICAL CO., LTD.",,Corée,KRX,KRW
104040,"DAESUNG FINE TECH CO., LTD.",,Corée,KRX,KRW
32540,"TJ MEDIA CO., LTD.",,Corée,KRX,KRW
32560,"HWANGKUM STEEL & TECHNOLOGY CO., LTD.",,Corée,KRX,KRW
25320,SYNOPEX INC.,,Corée,KRX,KRW
32580,"FIDELIX CO., LTD.",,Corée,KRX,KRW
25440,DHA CORPORATION LTD.,,Corée,KRX,KRW
104200,NHN BUGS CORP,,Corée,KRX,KRW
25530,"SJM HOLDINGS CO., LTD.",,Corée,KRX,KRW
25540,"KOREA ELECTRIC TERMINAL CO., LTD.",,Corée,KRX,KRW
25550,"HANKUK STEEL WIRE CO., LTD.",,Corée,KRX,KRW
26940,"BOOKOOK STEEL CO., LTD.",,Corée,KRX,KRW
290690,SOLUX CO. LTD.,,Corée,KRX,KRW
290670,"DAEBO MAGNETIC CO., LTD.",,Corée,KRX,KRW
290660,NEOFECT CO. LTD.,,Corée,KRX,KRW
37030,POWERNET TECHNOLOGIES CORP,,Corée,KRX,KRW
37070,PASECO CO. LTD.,,Corée,KRX,KRW
267320,"NAINTECH CO., LTD.",,Corée,KRX,KRW
267290,"KYUNGDONG CITY GAS CO., LTD.",,Corée,KRX,KRW
100250,CHINYANG HOLDINGS CORP.,,Corée,KRX,KRW
267270,"HYUNDAI CONSTRUCTION EQUIPMENT CO., LTD.",,Corée,KRX,KRW
267260,"HD HYUNDAI ELECTRIC CO., LTD.",,Corée,KRX,KRW
267250,"HD HYUNDAI CO., LTD.",,Corée,KRX,KRW
37230,"HANKUK PACKAGE CO., LTD.",,Corée,KRX,KRW
37270,YG PLUS INC.,,Corée,KRX,KRW
2310,ASIA PAPER MANUFACTURING CO.,,Corée,KRX,KRW
36930,"JUSUNG ENGINEERING CO., LTD.",,Corée,KRX,KRW
108230,"TOPTEC CO., LTD.",,Corée,KRX,KRW
100220,VISANG EDUCATION INC.,,Corée,KRX,KRW
37330,"INZI DISPLAY CO., LTD.",,Corée,KRX,KRW
37350,"SUNGDO ENGINEERING & CONSTRUCTION CO., LTD.",,Corée,KRX,KRW
37370,EG CORPORATION,,Corée,KRX,KRW
37400,"WOORI ENTERPRISE CO., LTD.",,Corée,KRX,KRW
266470,BIOINFRA LIFE SCIENCE INC.,,Corée,KRX,KRW
37440,"HEERIM ARCHITECTS & PLANNERS CO., LTD.",,Corée,KRX,KRW
37460,"SAMJI ELECTRONICS CO., LTD.",,Corée,KRX,KRW
100130,DONGKUK STRUCTURES & CONSTRUCTION CO. LTD.,,Corée,KRX,KRW
37560,"LG HELLOVISION CO., LTD.",,Corée,KRX,KRW
100120,"VIEWORKS CO., LTD.",,Corée,KRX,KRW
40,"KR MOTORS CO., LTD.",,Corée,KRX,KRW
265740,NFC CORPORATION,,Corée,KRX,KRW
267790,BARREL CO. LTD.,,Corée,KRX,KRW
267850,ASIANA IDT INC.,,Corée,KRX,KRW
36480,"DAESUNG MICROBIOLOGICAL LABS, INC.",,Corée,KRX,KRW
100660,"SEOAM MACHINERY INDUSTRY CO., LTD.",,Corée,KRX,KRW
36530,"SNT HOLDINGS CO., LTD.",,Corée,KRX,KRW
269620,"SYSWORK CO., LTD.",,Corée,KRX,KRW
36540,"SFA SEMICON CO., LTD.",,Corée,KRX,KRW
36560,YOUNG POONG PRECISION CORP.,,Corée,KRX,KRW
36570,NCSOFT CORP.,,Corée,KRX,KRW
36580,"FARMSCO CO., LTD.",,Corée,KRX,KRW
100590,MERCURY CORP LTD.,,Corée,KRX,KRW
36620,GAMSUNG CORP. CO. LTD.,,Corée,KRX,KRW
36630,SEJONG TELECOM INC.,,Corée,KRX,KRW
107640,"HANJUNG NATURAL CONNECTIVITY SYSTEM.CO.,LTD",,Corée,KRX,KRW
36640,"HRS CO., LTD.",,Corée,KRX,KRW
36690,"COMMAX CO., LTD.",,Corée,KRX,KRW
0008Z0,"S&SYS CO., LTD.",,Corée,KRX,KRW
36710,"SIMMTECH HOLDINGS CO., LTD.",,Corée,KRX,KRW
107590,"MIWON HOLDINGS CO., LTD.",,Corée,KRX,KRW
36800,"NICE INFORMATION & TELECOM CO., LTD.",,Corée,KRX,KRW
36810,FINE SEMITECH CORP.,,Corée,KRX,KRW
268280,MIWON SPECIALTY CHEMICAL CO. LTD.,,Corée,KRX,KRW
107600,"SEBITCHEM CO., LTD.",,Corée,KRX,KRW
36830,"SOULBRAIN HOLDINGS CO., LTD.",,Corée,KRX,KRW
36890,"JINSUNG T.E.C. CO., LTD.",,Corée,KRX,KRW
267980,"MAEIL DAIRIES CO., LTD.",,Corée,KRX,KRW
36670,KCI LTD.,,Corée,KRX,KRW
108320,"LX SEMICON CO., LTD.",,Corée,KRX,KRW
37710,"GWANGJU SHINSEGAE CO., LTD.",,Corée,KRX,KRW
265560,"YOUNGHWA TECH CO., LTD.",,Corée,KRX,KRW
38500,"SAMPYO CEMENT CO., LTD.",,Corée,KRX,KRW
38530,"KBIOCO, INC.",,Corée,KRX,KRW
38540,SANGSANGIN CO. LTD.,,Corée,KRX,KRW
108860,SELVAS AI INC.,,Corée,KRX,KRW
38620,WIZ CORP INC.,,Corée,KRX,KRW
38680,S NET SYSTEMS INC.,,Corée,KRX,KRW
263020,DKND CO. LTD.,,Corée,KRX,KRW
109070,JOOSUNG CORPORATION,,Corée,KRX,KRW
109080,"OPTICIS CO., LTD.",,Corée,KRX,KRW
38870,"ECOBIO HOLDINGS CO., LTD.",,Corée,KRX,KRW
38880,IA INC.,,Corée,KRX,KRW
100030,"INZISOFT CO., LTD.",,Corée,KRX,KRW
262840,"IQUEST CO., LTD.",,Corée,KRX,KRW
99750,"EZCARETECH CO., LTD.",,Corée,KRX,KRW
39010,"HYUNDAI HT CO., LTD.",,Corée,KRX,KRW
39020,"EAGON HOLDINGS CO., LTD.",,Corée,KRX,KRW
39030,"EO TECHNICS CO., LTD.",,Corée,KRX,KRW
262260,"APRO CO., LTD.",,Corée,KRX,KRW
109610,SY CO LTD.,,Corée,KRX,KRW
39130,HANA TOUR SERVICE INC.,,Corée,KRX,KRW
261780,CHA VACCINE INSTITUTE INC.,,Corée,KRX,KRW
109670,"C SITE CO., LTD.",,Corée,KRX,KRW
39200,OSCOTEC INC.,,Corée,KRX,KRW
39240,"KYEONG NAM STEEL CO., LTD.",,Corée,KRX,KRW
38950,FINE DIGITAL INC.,,Corée,KRX,KRW
38460,"BIOSMART CO., LTD.",,Corée,KRX,KRW
263600,"DERKWOO ELECTRONICS CO., LTD.",,Corée,KRX,KRW
108670,LX HAUSYS LTD.,,Corée,KRX,KRW
265520,ADVANCED PROCESS SYSTEMS CORPORATION,,Corée,KRX,KRW
37760,"CENIT CO., LTD.",,Corée,KRX,KRW
30720,"DONGWON FISHERIES CO., LTD.",,Corée,KRX,KRW
108380,"DAEYANG ELECTRIC CO., LTD.",,Corée,KRX,KRW
37950,"ELCOMTEC CO., LTD.",,Corée,KRX,KRW
264900,"CROWN CONFECTIONERY CO., LTD.",,Corée,KRX,KRW
38010,"JEIL TECHNOS CO., LTD.",,Corée,KRX,KRW
38060,"LUMENS CO., LTD.",,Corée,KRX,KRW
38070,"SEOULIN BIOSCIENCE CO., LTD.",,Corée,KRX,KRW
108490,"ROBOTIS CO., LTD.",,Corée,KRX,KRW
264850,"ELENSYS CO., LTD.",,Corée,KRX,KRW
38110,ECOPLASTIC CORPORATION,,Corée,KRX,KRW
264660,"C&G HI-TECH CO., LTD.",,Corée,KRX,KRW
264450,UBIQUOSS INC.,,Corée,KRX,KRW
38290,MACROGEN INC.,,Corée,KRX,KRW
100090,SK OCEANPLANT CO. LTD.,,Corée,KRX,KRW
263920,HUM&C CO. LTD.,,Corée,KRX,KRW
263860,EL PASO INDEPENDENT SCHOOL DISTRICT,,Corée,KRX,KRW
263810,"SANGSHIN ELECTRONICS CO., LTD.",,Corée,KRX,KRW
263800,DATASOLUTION INC.,,Corée,KRX,KRW
263750,PEARL ABYSS CORP.,,Corée,KRX,KRW
263720,"D&C MEDIA CO., LTD.",,Corée,KRX,KRW
263700,"CARELABS CO., LTD.",,Corée,KRX,KRW
38390,"REDCAPTOUR CO., LTD.",,Corée,KRX,KRW
263690,DRGEM CORP,,Corée,KRX,KRW
36460,KOREA GAS CORPORATION,,Corée,KRX,KRW
36420,CONTENTREEJOONGANG CORP.,,Corée,KRX,KRW
100700,"SEWOON MEDICAL CO., LTD.",,Corée,KRX,KRW
36220,"OSANG HEALTHCARE CO., LTD.",,Corée,KRX,KRW
2360,"SH ENERGY & CHEMICAL CO., LTD.",,Corée,KRX,KRW
34810,"HAESUNG INDUSTRIAL CO., LTD.",,Corée,KRX,KRW
34830,KOREA REAL ESTATE INVESTMENT TRUST CO. LTD.,,Corée,KRX,KRW
34940,"CHOA PHARMACEUTICAL CO., LTD.",,Corée,KRX,KRW
285800,"JINYOUNG CO., LTD.",,Corée,KRX,KRW
34950,KOREA RATINGS CORP.,,Corée,KRX,KRW
285490,"NOVATECH CO., LTD.",,Corée,KRX,KRW
285130,"SK CHEMICALS CO., LTD.",,Corée,KRX,KRW
284740,"CUCKOO HOMESYS CO., LTD.",,Corée,KRX,KRW
35000,"HS AD CO., LTD.",,Corée,KRX,KRW
282880,"COWINTECH CO., LTD.",,Corée,KRX,KRW
286750,"NANOBRICK CO., LTD.",,Corée,KRX,KRW
282720,"KUMYUNG GREEN POWER CO., LTD.",,Corée,KRX,KRW
281820,"KC TECH CO., LTD.",,Corée,KRX,KRW
281740,"LAKE MATERIALS CO., LTD.",,Corée,KRX,KRW
280360,"LOTTE WELLFOOD CO., LTD.",,Corée,KRX,KRW
2350,NEXEN TIRE CORPORATION,,Corée,KRX,KRW
35080,GRADIANT CORPORATION,,Corée,KRX,KRW
106190,"HIGH TECH PHARMACEUTICALS CO., LTD.",,Corée,KRX,KRW
101160,WORLDEX INDUSTRY & TRADING CO. LTD.,,Corée,KRX,KRW
279600,MEDIAZEN INC.,,Corée,KRX,KRW
279570,"K BANK CO., LTD.",,Corée,KRX,KRW
278990,EMB CO LTD.,,Corée,KRX,KRW
35150,"BAIKSAN CO., LTD.",,Corée,KRX,KRW
282330,BGF RETAIL CO. LTD.,,Corée,KRX,KRW
101170,"WOORIM POWER TRAIN SOLUTION CO., LTD.",,Corée,KRX,KRW
286940,"LOTTE INNOVATE CO., LTD.",,Corée,KRX,KRW
34730,SK INC.,,Corée,KRX,KRW
290650,"L&C BIO CO., LTD.",,Corée,KRX,KRW
290560,"SINSIWAY CO., LTD.",,Corée,KRX,KRW
290550,"DK TECH CO., LTD.",,Corée,KRX,KRW
290520,SHINDO ENG LAB LTD.,,Corée,KRX,KRW
33920,"MUHAK CO., LTD.",,Corée,KRX,KRW
290270,"HUNESION CO., LTD.",,Corée,KRX,KRW
290120,DH AUTOLEAD CO. LTD.,,Corée,KRX,KRW
290090,TWIM CORP,,Corée,KRX,KRW
289930,WAVICE INC.,,Corée,KRX,KRW
101360,ECO&DREAM CO. LTD.,,Corée,KRX,KRW
34020,"DOOSAN ENERBILITY CO., LTD.",,Corée,KRX,KRW
289220,GIANTSTEP INC.,,Corée,KRX,KRW
101330,"MOBASE CO., LTD.",,Corée,KRX,KRW
289080,SV INVESTMENT CORP.,,Corée,KRX,KRW
289010,"I-SCREAM EDU CO., LTD.",,Corée,KRX,KRW
288980,"MOADATA CO., LTD.",,Corée,KRX,KRW
34120,"SEOUL BROADCASTING SYSTEM CO., LTD.",,Corée,KRX,KRW
34220,"LG DISPLAY CO., LTD.",,Corée,KRX,KRW
288620,"S-FUELCELL CO., LTD.",,Corée,KRX,KRW
34230,PARADISE CO. LTD.,,Corée,KRX,KRW
105840,WOOJIN INC.,,Corée,KRX,KRW
34310,"NICE HOLDINGS CO., LTD.",,Corée,KRX,KRW
34590,INCHEON CITY GAS CO. LTD.,,Corée,KRX,KRW
101240,CQV CO. LTD.,,Corée,KRX,KRW
287840,"INTOCELL CO., LTD.",,Corée,KRX,KRW
106240,"FINE TECHNIX CO., LTD.",,Corée,KRX,KRW
39290,INFOBANK CORP,,Corée,KRX,KRW
35200,"PLUMB FAST CO., LTD.",,Corée,KRX,KRW
278470,APR CORP.,,Corée,KRX,KRW
35810,"EASY HOLDINGS CO., LTD.",,Corée,KRX,KRW
272210,"HANWHA SYSTEMS CO., LTD.",,Corée,KRX,KRW
35890,"SEOHEE CONSTRUCTION CO., LTD.",,Corée,KRX,KRW
272110,KNJ CO. LTD.,,Corée,KRX,KRW
35900,JYP ENTERTAINMENT CORPORATION,,Corée,KRX,KRW
271980,"JEIL PHARMACEUTICAL CO., LTD.",,Corée,KRX,KRW
36000,"YEARIMDANG PUBLISHING CO., LTD.",,Corée,KRX,KRW
271940,"ILJIN HYSOLUS CO., LTD.",,Corée,KRX,KRW
36010,ABCO ELECTRONICS CO. LTD.,,Corée,KRX,KRW
271830,"PAMTEK CO., LTD.",,Corée,KRX,KRW
36030,"KT ALPHA CO., LTD.",,Corée,KRX,KRW
272290,"INNOX ADVANCED MATERIALS CO., LTD.",,Corée,KRX,KRW
271560,ORION CORPORATION,,Corée,KRX,KRW
270870,NEWTREE CO. LTD.,,Corée,KRX,KRW
36120,SCI RATING INFORMATION INC.,,Corée,KRX,KRW
270660,EVERYBOT INC.,,Corée,KRX,KRW
36170,"CLOUD AIR CO., LTD.",,Corée,KRX,KRW
36190,GEUMHWA PSC CO. LTD.,,Corée,KRX,KRW
270520,GEOLIT ENERGY CO. LTD.,,Corée,KRX,KRW
100790,MIRAE ASSET VENTURE INVESTMENT,,Corée,KRX,KRW
2320,"HANJIN TRANSPORTATION CO., LTD.",,Corée,KRX,KRW
30960,"YANGJISA CO., LTD.",,Corée,KRX,KRW
270210,SR BIOTEK INC.,,Corée,KRX,KRW
36200,UNION SEMICONDUCTOR EQUIPMENT CO. LTD.,,Corée,KRX,KRW
36090,WIZIT CO. LTD.,,Corée,KRX,KRW
100840,"SNT ENERGY CO., LTD.",,Corée,KRX,KRW
272450,"JIN AIR CO., LTD.",,Corée,KRX,KRW
272550,SAMYANG PACKAGING CORP.,,Corée,KRX,KRW
278280,"CHUNBO CO., LTD.",,Corée,KRX,KRW
35250,"KANGWON LAND, INC.",,Corée,KRX,KRW
35290,"GOLD & CO., LTD.",,Corée,KRX,KRW
277880,"TSI CO., LTD.",,Corée,KRX,KRW
277810,"RAINBOW ROBOTICS CO.,LTD.",,Corée,KRX,KRW
101140,INBIOGEN CO. LTD.,,Corée,KRX,KRW
277410,INSAN INC.,,Corée,KRX,KRW
20,"DONGWHA PHARM CO., LTD.",,Corée,KRX,KRW
101000,"KS INDUSTRY CO., LTD.",,Corée,KRX,KRW
277070,LINDEMAN ASIA INVESTMENT CORPORATION,,Corée,KRX,KRW
35420,NAVER CORP,,Corée,KRX,KRW
276730,JEJU BEER CO. LTD.,,Corée,KRX,KRW
275630,SSR INC.,,Corée,KRX,KRW
274400,"INNOSIMULATION CO., LTD.",,Corée,KRX,KRW
274090,KENCOA AEROSPACE CORPORATION,,Corée,KRX,KRW
35460,KISAN TELECOM CO. LTD.,,Corée,KRX,KRW
273640,YM TECH CO. LTD.,,Corée,KRX,KRW
273060,WISE BIRDS INC.,,Corée,KRX,KRW
35510,SHINSEGAE INFORMATION & COMMUNICATION CO. LTD.,,Corée,KRX,KRW
106520,NOBLE M&B CO. LTD.,,Corée,KRX,KRW
35600,"KG INICIS CO., LTD.",,Corée,KRX,KRW
35610,SOLBORN INC.,,Corée,KRX,KRW
35620,BARUNSON ENTERTAINMENT & ARTS CORPORATION,,Corée,KRX,KRW
35720,KAKAO CORP,,Corée,KRX,KRW
35760,"CJ ENM CO., LTD.",,Corée,KRX,KRW
278650,"HLB BIOSTEP CO., LTD.",,Corée,KRX,KRW
143160,INTELLIGENT DIGITAL INTEGRATION HOLDINGS LTD.,,Corée,KRX,KRW
53050,"GSE CO., LTD.",,Corée,KRX,KRW
52220,"IMBC CO., LTD.",,Corée,KRX,KRW
176590,KONASOL CO. LTD.,,Corée,KRX,KRW
1040,CJ CORP,,Corée,KRX,KRW
70590,"HANSOL INTICUBE CO., LTD.",,Corée,KRX,KRW
133750,"MEGAMD CO., LTD.",,Corée,KRX,KRW
1460,"BYC CO., LTD.",,Corée,KRX,KRW
133820,FINE BESTEEL CO. LTD.,,Corée,KRX,KRW
70960,"MONAYONG PYONG CO., LTD.",,Corée,KRX,KRW
1450,"HYUNDAI MARINE & FIRE INSURANCE CO., LTD.",,Corée,KRX,KRW
720,"HYUNDAI ENGINEERING & CONSTRUCTION CO., LTD.",,Corée,KRX,KRW
89470,"HDC HYUNDAI ENGINEERING PLASTICS CO., LTD.",,Corée,KRX,KRW
71050,"KOREA INVESTMENT HOLDINGS CO., LTD.",,Corée,KRX,KRW
175330,"JB FINANCIAL GROUP CO., LTD.",,Corée,KRX,KRW
71090,HISTEEL CO. LTD.,,Corée,KRX,KRW
1440,"TAIHAN ELECTRIC WIRE CO., LTD.",,Corée,KRX,KRW
1430,SEAH BESTEEL HOLDINGS CORPORATION,,Corée,KRX,KRW
175140,"HUMAN TECHNOLOGY CO., LTD.",,Corée,KRX,KRW
1420,"TAE WON MULSAN CO., LTD.",,Corée,KRX,KRW
134060,"E-FUTURE CO., LTD.",,Corée,KRX,KRW
71200,"INFINITT HEALTHCARE CO., LTD.",,Corée,KRX,KRW
174900,ABCLON INC.,,Corée,KRX,KRW
71280,RORZE SYSTEMS CORPORATION,,Corée,KRX,KRW
71320,KOREA DISTRICT HEATING CORP.,,Corée,KRX,KRW
71670,"A-TECH SOLUTION CO., LTD.",,Corée,KRX,KRW
70300,XCURE CORP,,Corée,KRX,KRW
1470,SAMBU ENGINEERING & CONSTRUCTION CO. LTD.,,Corée,KRX,KRW
89590,"JEJU AIR CO., LTD.",,Corée,KRX,KRW
176750,"DUCHEMBIO CO.,LTD.",,Corée,KRX,KRW
69460,DAEHO AL CO. LTD.,,Corée,KRX,KRW
1560,"CHEIL GRINDING WHEEL IND. CO., LTD.",,Corée,KRX,KRW
178320,"SEOJIN SYSTEM CO., LTD.",,Corée,KRX,KRW
1550,"CHOBI CO., LTD.",,Corée,KRX,KRW
69510,ESTEC CORP.,,Corée,KRX,KRW
69540,LIGHTRON FIBER-OPTIC DEVICES INC.,,Corée,KRX,KRW
1000,"SILLA TEXTILE CO., LTD.",,Corée,KRX,KRW
177900,3ALOGICS INC.,,Corée,KRX,KRW
69620,"DAEWOONG PHARMACEUTICAL CO., LTD.",,Corée,KRX,KRW
177830,PAVONINE CO. LTD.,,Corée,KRX,KRW
69640,"HANAE MK CO., LTD.",,Corée,KRX,KRW
134380,"MIWON CHEMICALS CO., LTD.",,Corée,KRX,KRW
1540,"AHN-GOOK PHARMACEUTICAL CO., LTD.",,Corée,KRX,KRW
69730,DSR WIRE CORP.,,Corée,KRX,KRW
1530,DI DONG IL CORP.,,Corée,KRX,KRW
21040,"DONGKUK STEEL MILL CO., LTD.",,Corée,KRX,KRW
1529,TONGYANG INC.,,Corée,KRX,KRW
1520,TONGYANG INC.,,Corée,KRX,KRW
177350,VESSEL CO. LTD.,,Corée,KRX,KRW
1510,"SK SECURITIES CO., LTD.",,Corée,KRX,KRW
69920,"EXION GROUP CO., LTD.",,Corée,KRX,KRW
69960,"HYUNDAI DEPARTMENT STORE CO., LTD.",,Corée,KRX,KRW
1500,"HYUNDAI MOTOR SECURITIES CO., LTD.",,Corée,KRX,KRW
1020,PAPERCOREA INC.,,Corée,KRX,KRW
89600,"NASMEDIA CO., LTD.",,Corée,KRX,KRW
69410,"NTELS CO., LTD.",,Corée,KRX,KRW
71840,"LOTTE HI-MART CO., LTD.",,Corée,KRX,KRW
71850,"CASTEC KOREA CO., LTD.",,Corée,KRX,KRW
73110,LMS CO. LTD.,,Corée,KRX,KRW
73190,"DUOBACK CO., LTD.",,Corée,KRX,KRW
171090,SUNIC SYSTEM LTD.,,Corée,KRX,KRW
171010,"RAM TECHNOLOGY CO., LTD.",,Corée,KRX,KRW
1380,"SG GLOBAL CO., LTD.",,Corée,KRX,KRW
170920,LTC CO LTD.,,Corée,KRX,KRW
170900,"DONG-A ST CO., LTD.",,Corée,KRX,KRW
73240,"KUMHO TIRE CO., INC.",,Corée,KRX,KRW
88800,ACE TECHNOLOGIES CORP.,,Corée,KRX,KRW
170790,PIOLINK INC.,,Corée,KRX,KRW
73490,"INNOWIRELESS CO., LTD.",,Corée,KRX,KRW
73540,"FRTEK CO., LTD.",,Corée,KRX,KRW
73560,"WOORISON F&G CO., LTD.",,Corée,KRX,KRW
73570,LITHIUM FOR EARTH INC.,,Corée,KRX,KRW
0010F0,"BOWON CHEMICAL CO., LTD.",,Corée,KRX,KRW
170030,HYUNDAI INDUSTRIAL CO. LTD.,,Corée,KRX,KRW
73640,"TERA SCIENCE CO., LTD.",,Corée,KRX,KRW
0010V0,"JPI HEALTHCARE CO., LTD.",,Corée,KRX,KRW
169670,KOSTEK SYSTEMS INC.,,Corée,KRX,KRW
88790,"JINDO CO., LTD.",,Corée,KRX,KRW
74430,"AMINOLOGICS CO., LTD.",,Corée,KRX,KRW
169330,"MACROMILL EMBRAIN CO., LTD.",,Corée,KRX,KRW
1120,LX INTERNATIONAL CORP.,,Corée,KRX,KRW
171120,"LION CHEMTECH CO., LTD.",,Corée,KRX,KRW
1080,MANHO ROPE & WIRE LTD.,,Corée,KRX,KRW
88910,"DONGWOO FARM TO TABLE CO., LTD.",,Corée,KRX,KRW
73010,"KSP CO., LTD.",,Corée,KRX,KRW
134580,"TOPCO MEDIA CO., LTD.",,Corée,KRX,KRW
71950,"KOAS CO., LTD.",,Corée,KRX,KRW
0013V0,SAMJIN FOOD CO. LTD.,,Corée,KRX,KRW
71970,"HD HYUNDAI CO., LTD.",,Corée,KRX,KRW
89230,"E&M CO., LTD.",,Corée,KRX,KRW
72020,"CHOONG ANG VACCINE LABORATORIES CO., LTD.",,Corée,KRX,KRW
89150,KOREA COMPUTER TERMINAL INC.,,Corée,KRX,KRW
173130,"OPASNET CO., LTD.",,Corée,KRX,KRW
1390,KG CHEMICAL CORPORATION,,Corée,KRX,KRW
72130,UANGEL CORP.,,Corée,KRX,KRW
134790,SIDIZ INC.,,Corée,KRX,KRW
173940,"FNC ENTERTAINMENT CO., LTD.",,Corée,KRX,KRW
89140,"NEXTURN BIOSCIENCE CO., LTD.",,Corée,KRX,KRW
172670,ALT CO LTD,,Corée,KRX,KRW
89030,TECHWING INC.,,Corée,KRX,KRW
89010,"CHEMTRONICS CO., LTD.",,Corée,KRX,KRW
1060,JW PHARMACEUTICAL CORPORATION,,Corée,KRX,KRW
72710,"NONGSHIM HOLDINGS CO., LTD.",,Corée,KRX,KRW
72770,YULHO CO. LTD.,,Corée,KRX,KRW
1070,"TAIHAN TEXTILE CO., LTD.",,Corée,KRX,KRW
72870,"MEGASTUDY CO., LTD.",,Corée,KRX,KRW
72950,"VISSEM ELECTRONICS CO., LTD.",,Corée,KRX,KRW
72990,"HCT CO., LTD.",,Corée,KRX,KRW
88980,MACQUARIE KOREA INFRASTRUCTURE FUND,,Corée,KRX,KRW
72470,"WOORY INDUSTRIAL HOLDINGS CO., LTD.",,Corée,KRX,KRW
74600,WONIK QNC CORPORATION,,Corée,KRX,KRW
178600,"DAEDONG KOREA GINSENG CO., LTD.",,Corée,KRX,KRW
178780,"U-TECH CO., LTD.",,Corée,KRX,KRW
66900,"DAP CO., LTD.",,Corée,KRX,KRW
66910,"SONOKONG CO., LTD.",,Corée,KRX,KRW
66980,"HANSUNG CLEANTECH CO., LTD.",,Corée,KRX,KRW
185490,EYEGENE INC.,,Corée,KRX,KRW
131220,"DAIHAN SCIENTIFIC CO., LTD.",,Corée,KRX,KRW
67000,JOYCITY CORP.,,Corée,KRX,KRW
185190,SUPPRO CO. LTD.,,Corée,KRX,KRW
67010,"ECS TELECOM CO., LTD.",,Corée,KRX,KRW
67080,DAEHWA PHARM CO. LTD.,,Corée,KRX,KRW
67160,"AFREECATV CO., LTD.",,Corée,KRX,KRW
67170,AUTECH CORPORATION,,Corée,KRX,KRW
990,"DB HITEK CO., LTD.",,Corée,KRX,KRW
67280,MULTICAMPUS CO. LTD.,,Corée,KRX,KRW
67290,JW SHINYAK CORPORATION,,Corée,KRX,KRW
131290,"TSE CO., LTD.",,Corée,KRX,KRW
184230,"SGA SOLUTIONS CO., LTD.",,Corée,KRX,KRW
67310,HANA MICRON INC.,,Corée,KRX,KRW
67370,SUNBIO INC.,,Corée,KRX,KRW
67390,"AEROSPACE TECHNOLOGY OF KOREA CO., LTD.",,Corée,KRX,KRW
700,"EUSU HOLDINGS CO., LTD.",,Corée,KRX,KRW
183300,KOMICO LTD.,,Corée,KRX,KRW
131370,"RSUPPORT CO., LTD.",,Corée,KRX,KRW
1840,"EEHWA CONSTRUCTION CO., LTD.",,Corée,KRX,KRW
185750,CHONG KUN DANG PHARMACEUTICAL CORP.,,Corée,KRX,KRW
66830,GENOTECH CORP.,,Corée,KRX,KRW
131180,DILLI INC.,,Corée,KRX,KRW
66700,"THERAGEN ETEX CO., LTD.",,Corée,KRX,KRW
130580,"NICE D&B CO., LTD.",,Corée,KRX,KRW
130660,"KOREA ELECTRIC POWER INDUSTRIAL DEVELOPMENT CO., LTD.",,Corée,KRX,KRW
188040,BIO PORT KOREA INC.,,Corée,KRX,KRW
66130,HAATZ INC.,,Corée,KRX,KRW
130740,"TPC CO., LTD.",,Corée,KRX,KRW
187870,FGCI 2013 FLOATER,,Corée,KRX,KRW
90150,"IWIN CO., LTD.",,Corée,KRX,KRW
187790,NANO CO LTD.,,Corée,KRX,KRW
66310,"Q.S.I CO., LTD.",,Corée,KRX,KRW
187660,HYUNDAI ADM BIO INC.,,Corée,KRX,KRW
66360,"CHERRYBROS CO., LTD.",,Corée,KRX,KRW
1820,"SAMWHA CAPACITOR CO., LTD.",,Corée,KRX,KRW
187420,HLB GENEX INC.,,Corée,KRX,KRW
187270,"SHIN HWA CONTECH CO., LTD.",,Corée,KRX,KRW
187220,"DT&C CO., LTD.",,Corée,KRX,KRW
66410,"BUCKET STUDIO CO., LTD.",,Corée,KRX,KRW
66430,"Y-OPTICS MANUFACTURE CO., LTD.",,Corée,KRX,KRW
66570,LG ELECTRONICS INC.,,Corée,KRX,KRW
66590,"WOOSU AMS CO., LTD.",,Corée,KRX,KRW
131090,"SECUVE CO., LTD.",,Corée,KRX,KRW
66620,KUKBO DESIGN CO. LTD.,,Corée,KRX,KRW
66670,"DTC CO., LTD.",,Corée,KRX,KRW
131100,TN ENTERTAINMENT CO. LTD.,,Corée,KRX,KRW
186230,GREEN PLUS CO. LTD.,,Corée,KRX,KRW
131030,OPTUS PHARMACEUTICAL CO. LTD.,,Corée,KRX,KRW
89790,JT CORPORATION,,Corée,KRX,KRW
67570,NVH KOREA INC.,,Corée,KRX,KRW
90080,PYUNG HWA INDUSTRIAL CO. LTD.,,Corée,KRX,KRW
180400,DXVX,,Corée,KRX,KRW
131760,"FINETEK CO., LTD.",,Corée,KRX,KRW
89890,KOSES CO. LTD.,,Corée,KRX,KRW
1680,DAESANG CORPORATION,,Corée,KRX,KRW
1630,CHONGKUNDANG HOLDINGS CORP,,Corée,KRX,KRW
89860,"LOTTE RENTAL CO., LTD.",,Corée,KRX,KRW
68760,"CELLTRION PHARM, INC.",,Corée,KRX,KRW
180060,TOPSUN CO. LTD.,,Corée,KRX,KRW
68790,DMS CO. LTD.,,Corée,KRX,KRW
179900,UTI INC.,,Corée,KRX,KRW
131970,TESNA INC.,,Corée,KRX,KRW
89850,UBIVELOX INC.,,Corée,KRX,KRW
179720,MONEYMOVE CO. LTD.,,Corée,KRX,KRW
68930,"DIGITAL DAESUNG CO., LTD.",,Corée,KRX,KRW
179530,"ADBIOTECH CO., LTD.",,Corée,KRX,KRW
1620,"KBI DONGKOOK INDUSTRIAL CO., LTD.",,Corée,KRX,KRW
69080,WEBZEN INC.,,Corée,KRX,KRW
179290,"M.I.TECH CO., LTD.",,Corée,KRX,KRW
69140,"NURIPLAN CO., LTD.",,Corée,KRX,KRW
69260,"TKG HUCHEMS CO., LTD.",,Corée,KRX,KRW
178920,PI ADVANCED MATERIALS CO. LTD.,,Corée,KRX,KRW
1570,"KUM YANG CO., LTD.",,Corée,KRX,KRW
69330,"U.I. DISPLAY CO., LTD.",,Corée,KRX,KRW
180640,HANJIN KAL CORP.,,Corée,KRX,KRW
68330,ILSHIN BIO BASE CO. LTD.,,Corée,KRX,KRW
1720,"SHINYOUNG SECURITIES CO., LTD.",,Corée,KRX,KRW
1740,SK NETWORKS CO. LTD.,,Corée,KRX,KRW
67630,"HLB LIFE SCIENCE CO., LTD.",,Corée,KRX,KRW
1810,"MOORIM SP CO., LTD.",,Corée,KRX,KRW
67730,LOGISYS INC.,,Corée,KRX,KRW
67770,"SEJIN TS CO., LTD.",,Corée,KRX,KRW
67830,SAVEZONE I&C CORP.,,Corée,KRX,KRW
182400,"NKMAX CO., LTD.",,Corée,KRX,KRW
182360,CUBE ENTERTAINMENT INC.,,Corée,KRX,KRW
131400,"EV ADVANCED MATERIAL CO., LTD.",,Corée,KRX,KRW
1800,ORION HOLDINGS CORP.,,Corée,KRX,KRW
67900,"Y-ENTEC CO., LTD.",,Corée,KRX,KRW
0017J0,SEMI TOTAL SOLUTION INC.,,Corée,KRX,KRW
183190,ASIA CEMENT CO. LTD.,,Corée,KRX,KRW
1790,TS CORPORATION,,Corée,KRX,KRW
67920,IGLOO CORP.,,Corée,KRX,KRW
67990,DEUTSCH MOTORS INC.,,Corée,KRX,KRW
181710,NHN CORPORATION,,Corée,KRX,KRW
68050,"PAN ENTERTAINMENT CO., LTD.",,Corée,KRX,KRW
89980,"SANG-A FRONTEC CO., LTD.",,Corée,KRX,KRW
68100,"KWEATHER CO., LTD.",,Corée,KRX,KRW
89970,VM INC.,,Corée,KRX,KRW
68270,CELLTRION INC.,,Corée,KRX,KRW
68290,"SAMSUNG PUBLISHING CO., LTD.",,Corée,KRX,KRW
1770,"SHIN HWA DYNAMICS CO., LTD.",,Corée,KRX,KRW
1750,"HANYANG SECURITIES CO., LTD.",,Corée,KRX,KRW
1780,ALUKO CO. LTD.,,Corée,KRX,KRW
188260,"SANIGEN CO., LTD.",,Corée,KRX,KRW
74610,"ENPLUS CO., LTD.",,Corée,KRX,KRW
136150,WONIL INDUSTRIAL CO. LTD.,,Corée,KRX,KRW
1270,"BOOKOOK SECURITIES CO., LTD.",,Corée,KRX,KRW
83450,"GLOBAL STANDARD TECHNOLOGY CO., LTD.",,Corée,KRX,KRW
83470,EMNI CO. LTD.,,Corée,KRX,KRW
83500,"FNS TECH CO., LTD.",,Corée,KRX,KRW
83550,KM CORP.,,Corée,KRX,KRW
140520,"DAECHANG STEEL CO., LTD.",,Corée,KRX,KRW
83640,"INCON CO., LTD.",,Corée,KRX,KRW
83650,"BHI CO., LTD.",,Corée,KRX,KRW
83660,CSA COSMIC CO. LTD.,,Corée,KRX,KRW
151860,KG ECO SOLUTION CO. LTD.,,Corée,KRX,KRW
83790,CRYSTALGENOMICS INC.,,Corée,KRX,KRW
86790,HANA FINANCIAL GROUP INC.,,Corée,KRX,KRW
140610,ENSOL BIOSCIENCES INC.,,Corée,KRX,KRW
83930,"AVACO CO., LTD.",,Corée,KRX,KRW
1260,"NAMKWANG ENGINEERING & CONSTRUCTION CO., LTD.",,Corée,KRX,KRW
140660,"WIWORLD CO., LTD.",,Corée,KRX,KRW
150900,"FASOO CO., LTD.",,Corée,KRX,KRW
140670,"RS AUTOMATION CO., LTD.",,Corée,KRX,KRW
84010,"DAEHAN STEEL CO., LTD.",,Corée,KRX,KRW
0007C0,ACRYL INC.,,Corée,KRX,KRW
86710,"SUNJIN BEAUTY SCIENCE CO., LTD.",,Corée,KRX,KRW
149980,"HIRONIC CO., LTD.",,Corée,KRX,KRW
149950,"AVATEC CO., LTD.",,Corée,KRX,KRW
83420,"GREEN CHEMICAL CO., LTD.",,Corée,KRX,KRW
153460,N-ABLE INC.,,Corée,KRX,KRW
153490,"WOOREE E&L CO., LTD.",,Corée,KRX,KRW
83310,"LOT VACUUM CO., LTD.",,Corée,KRX,KRW
86980,SHOWBOX CORP.,,Corée,KRX,KRW
139670,KINEMASTER CORPORATION,,Corée,KRX,KRW
86960,MDS TECH INC.,,Corée,KRX,KRW
155660,DSR CORP,,Corée,KRX,KRW
155650,"YMC CO., LTD.",,Corée,KRX,KRW
82210,OPTRON-TEC INC.,,Corée,KRX,KRW
82270,"GEMVAX & KAEL CO., LTD.",,Corée,KRX,KRW
86900,MEDY-TOX INC.,,Corée,KRX,KRW
139990,"AJU STEEL CO., LTD.",,Corée,KRX,KRW
82640,"TONGYANG LIFE INSURANCE CO., LTD.",,Corée,KRX,KRW
82660,COSNINE CO. LTD.,,Corée,KRX,KRW
86670,BMT CO. LTD.,,Corée,KRX,KRW
82740,"HANWHA AEROSPACE CO., LTD.",,Corée,KRX,KRW
82800,"VIVOZON PHARMACEUTICAL CO., LTD.",,Corée,KRX,KRW
1290,"SANGSANGIN INVESTMENT & SECURITIES CO., LTD.",,Corée,KRX,KRW
82850,"WOORI BIO CO., LTD.",,Corée,KRX,KRW
82920,"VITZROCELL CO., LTD.",,Corée,KRX,KRW
86890,"ABXIS CO., LTD.",,Corée,KRX,KRW
154040,"DASAN SOLUETA CO., LTD.",,Corée,KRX,KRW
154030,"ASIA SEED CO., LTD.",,Corée,KRX,KRW
86820,"BIOSOLUTION CO., LTD.",,Corée,KRX,KRW
140410,"MEZZION PHARMA CO.,LTD.",,Corée,KRX,KRW
140430,CATIS INC.,,Corée,KRX,KRW
153710,"OPTIPHARM CO., LTD.",,Corée,KRX,KRW
140070,SURPLUSGLOBAL INC.,,Corée,KRX,KRW
87010,PEPTRON INC.,,Corée,KRX,KRW
84110,"HUONS GLOBAL CO., LTD.",,Corée,KRX,KRW
140860,PARK SYSTEMS CORP.,,Corée,KRX,KRW
86280,"HYUNDAI GLOVIS CO., LTD.",,Corée,KRX,KRW
85310,"NK CO., LTD.",,Corée,KRX,KRW
145270,K-TOP REITS CO. LTD.,,Corée,KRX,KRW
145210,DYNAMIC DESIGN CO. LTD.,,Corée,KRX,KRW
0007J0,INVENTERA INC.,,Corée,KRX,KRW
145170,NOBLAND INTERNATIONAL INC.,,Corée,KRX,KRW
86220,"KWANGDONG HEALTHBIO CO., LTD.",,Corée,KRX,KRW
1230,"DONGKUK HOLDINGS CO., LTD.",,Corée,KRX,KRW
145020,HUGEL INC.,,Corée,KRX,KRW
142210,"UNITRONTECH CO., LTD.",,Corée,KRX,KRW
144960,NEW POWER PLASMA CO. LTD.,,Corée,KRX,KRW
142280,GREEN CROSS CORPORATION,,Corée,KRX,KRW
85620,"MIRAE ASSET LIFE INSURANCE CO., LTD.",,Corée,KRX,KRW
85660,"CHA BIOTECH CO., LTD.",,Corée,KRX,KRW
144510,GC CELL CORP.,,Corée,KRX,KRW
85670,"NEWFLEX TECHNOLOGY CO., LTD.",,Corée,KRX,KRW
86060,"GENE BIOTECH CO., LTD.",,Corée,KRX,KRW
142760,"MOA LIFE PLUS CO., LTD.",,Corée,KRX,KRW
143540,"YOUNGWOO DSP CO., LTD.",,Corée,KRX,KRW
86040,BIOTOXTECH CO. LTD.,,Corée,KRX,KRW
143240,"SARAMIN CO., LTD.",,Corée,KRX,KRW
85810,ALTICAST CORP.,,Corée,KRX,KRW
143210,HANDS CORPORATION,,Corée,KRX,KRW
145720,"DENTIUM CO., LTD.",,Corée,KRX,KRW
86390,UNITEST INC.,,Corée,KRX,KRW
145990,SAMYANG CORPORATION,,Corée,KRX,KRW
146060,YUL CHON CO. LTD.,,Corée,KRX,KRW
149010,"IK SEMICON CO., LTD.",,Corée,KRX,KRW
84370,"EUGENE TECHNOLOGY CO.,LTD.",,Corée,KRX,KRW
148930,"HYTC CO., LTD.",,Corée,KRX,KRW
1210,"KUMHO ELECTRIC CO., LTD.",,Corée,KRX,KRW
1250,GS GLOBAL CORP.,,Corée,KRX,KRW
148780,BECU AI INC.,,Corée,KRX,KRW
84440,"UBION CO., LTD.",,Corée,KRX,KRW
141000,VIATRON TECHNOLOGIES INC.,,Corée,KRX,KRW
148250,"RN2 TECHNOLOGIES CO., LTD.",,Corée,KRX,KRW
148150,"SEGYUNG HITECH CO., LTD.",,Corée,KRX,KRW
141080,LIGACHEM BIOSCIENCES INC.,,Corée,KRX,KRW
84180,"SOOSUNG WEBTOON CO., LTD.",,Corée,KRX,KRW
86520,"ECOPRO CO., LTD.",,Corée,KRX,KRW
84650,"LABGENOMICS CO., LTD.",,Corée,KRX,KRW
147760,PROTEC MEMS TECHNOLOGY INC.,,Corée,KRX,KRW
84670,DONGYANG EXPRESS CORP.,,Corée,KRX,KRW
84680,E-WORLD INC.,,Corée,KRX,KRW
84690,"DAESANG HOLDINGS CO., LTD.",,Corée,KRX,KRW
84730,THINKWARE SYSTEMS CORP.,,Corée,KRX,KRW
86450,"DONGKOOK PHARMACEUTICAL CO., LTD.",,Corée,KRX,KRW
84850,ITM SEMICONDUCTOR CO. LTD.,,Corée,KRX,KRW
84870,"TBH GLOBAL CO., LTD.",,Corée,KRX,KRW
146320,BCNC CO. LTD.,,Corée,KRX,KRW
84990,"HELIXMITH CO., LTD.",,Corée,KRX,KRW
147830,CHERYONG INDUSTRIAL CO. LTD.,,Corée,KRX,KRW
1130,"DAEHAN FLOUR MILLS CO., LTD.",,Corée,KRX,KRW
156100,"L&K BIOMED CO., LTD.",,Corée,KRX,KRW
81660,FILA HOLDINGS CORP.,,Corée,KRX,KRW
0011T0,"CHAEVI CO., LTD.",,Corée,KRX,KRW
77500,UNIQUEST CORP.,,Corée,KRX,KRW
88130,"DONG-A ELTEK CO., LTD.",,Corée,KRX,KRW
1200,"EUGENE INVESTMENT & SECURITIES CO., LTD.",,Corée,KRX,KRW
77970,"STX ENGINE CO., LTD.",,Corée,KRX,KRW
78000,"TELCOWARE CO., LTD.",,Corée,KRX,KRW
78020,"LS SECURITIES CO., LTD.",,Corée,KRX,KRW
78070,UBIQUOSS HOLDINGS INC.,,Corée,KRX,KRW
78130,"KUK-IL PAPER MFG. CO., LTD.",,Corée,KRX,KRW
163730,FINGERMOTION INC.,,Corée,KRX,KRW
78140,"DAEBONGLS CO., LTD.",,Corée,KRX,KRW
78150,"HB TECHNOLOGY CO., LTD.",,Corée,KRX,KRW
163560,"DRB INDUSTRIAL CO., LTD.",,Corée,KRX,KRW
78160,"MEDIPOST CO., LTD.",,Corée,KRX,KRW
78340,COM2US CORP.,,Corée,KRX,KRW
163280,"AIRRANE CO., LTD.",,Corée,KRX,KRW
78350,"HANYANG DIGITECH CO., LTD.",,Corée,KRX,KRW
810,"SAMSUNG FIRE & MARINE INSURANCE CO., LTD.",,Corée,KRX,KRW
1340,"PAIK KWANG INDUSTRIAL CO., LTD.",,Corée,KRX,KRW
78520,ABLE C&C CO. LTD.,,Corée,KRX,KRW
78590,"HYULIM A-TECH CO., LTD.",,Corée,KRX,KRW
78600,"DAEJOO ELECTRONIC MATERIALS CO., LTD.",,Corée,KRX,KRW
137940,"NEXTEYE CO., LTD.",,Corée,KRX,KRW
77360,"DUKSAN HI-METAL CO., LTD.",,Corée,KRX,KRW
137400,PEOPLE & TECHNOLOGY INC.,,Corée,KRX,KRW
1360,"SAMSUNG PHARMACEUTICAL CO., LTD.",,Corée,KRX,KRW
137310,SD BIOSENSOR INC.,,Corée,KRX,KRW
75130,"PLANTYNET CO., LTD.",,Corée,KRX,KRW
168360,PEMTRON CORPORATION,,Corée,KRX,KRW
168330,NATURALENDO TECH CO. LTD.,,Corée,KRX,KRW
75180,SAERON AUTOMOTIVE CORP.,,Corée,KRX,KRW
88390,INNOX CORPORATION,,Corée,KRX,KRW
136410,ASSEMS INC.,,Corée,KRX,KRW
136480,"HARIM CO., LTD.",,Corée,KRX,KRW
88350,"HANWHA LIFE INSURANCE CO., LTD.",,Corée,KRX,KRW
75580,"SEJIN HEAVY INDUSTRIES CO., LTD.",,Corée,KRX,KRW
136490,"SUNJIN CO., LTD.",,Corée,KRX,KRW
136540,"WINS CO., LTD.",,Corée,KRX,KRW
78860,NS ENM CO. LTD.,,Corée,KRX,KRW
136660,"QMC CO., LTD.",,Corée,KRX,KRW
0011A0,"AXBIS CO., LTD.",,Corée,KRX,KRW
76080,"WELCRON HANTEC CO., LTD.",,Corée,KRX,KRW
88340,"URACLE CO., LTD.",,Corée,KRX,KRW
76340,"GWANAK CONSTRUCTION AND EQUIPMENT CO., LTD.",,Corée,KRX,KRW
166480,CORESTEMCHEMON INC.,,Corée,KRX,KRW
137080,NARAE NANOTECH CORP.,,Corée,KRX,KRW
88290,"EWON COMFORTECH CO., LTD.",,Corée,KRX,KRW
76610,"HAESUNG OPTICS CO., LTD.",,Corée,KRX,KRW
166090,HANA MATERIALS INC.,,Corée,KRX,KRW
88280,SAWNICS INC.,,Corée,KRX,KRW
88260,"E-KOCREF CR-REIT CO., LTD.",,Corée,KRX,KRW
75970,DONGKUK REFRACTORIES & STEEL CO. LTD.,,Corée,KRX,KRW
139480,E-MART INC.,,Corée,KRX,KRW
78890,"KAON GROUP CO., LTD.",,Corée,KRX,KRW
162300,"SHIN STEEL CO., LTD.",,Corée,KRX,KRW
80010,"ESANG NETWORKS CO., LTD.",,Corée,KRX,KRW
80160,MODETOUR NETWORK INC.,,Corée,KRX,KRW
159580,ZERO TO SEVEN INC.,,Corée,KRX,KRW
80220,JEJU SEMICONDUCTOR CORP.,,Corée,KRX,KRW
138080,OPTOELECTRONICS SOLUTIONS CO.,,Corée,KRX,KRW
80420,"MODA-INNOCHIPS CO., LTD.",,Corée,KRX,KRW
159010,"ASFLOW CO., LTD.",,Corée,KRX,KRW
80470,"SUNGCHANG AUTOTECH CO., LTD.",,Corée,KRX,KRW
80520,ODTECH INC.,,Corée,KRX,KRW
80530,KODI CO. LTD.,,Corée,KRX,KRW
158430,ATON INC.,,Corée,KRX,KRW
80580,OKINS ELECTRONICS CO. LTD.,,Corée,KRX,KRW
760,"RIFA CO., LTD.",,Corée,KRX,KRW
138360,"HYUPJIN CO., LTD.",,Corée,KRX,KRW
80720,UNION KOREA PHARM CO. LTD.,,Corée,KRX,KRW
138610,"NIBEC CO., LTD.",,Corée,KRX,KRW
87260,MOBILE APPLIANCE INC.,,Corée,KRX,KRW
81000,ILJIN DIAMOND CO. LTD.,,Corée,KRX,KRW
81150,"TPLEX CO., LTD.",,Corée,KRX,KRW
81180,SEC CO LTD.,,Corée,KRX,KRW
138930,BNK FINANCIAL GROUP INC.,,Corée,KRX,KRW
139130,"DGB FINANCIAL GROUP, INC.",,Corée,KRX,KRW
81580,"SUNG WOO ELECTRONICS CO., LTD.",,Corée,KRX,KRW
138070,"SINJIN SM CO., LTD.",,Corée,KRX,KRW
79980,HUVIS CORP.,,Corée,KRX,KRW
159910,"SKIN N SKIN CO., LTD.",,Corée,KRX,KRW
79970,"TOBESOFT CO., LTD.",,Corée,KRX,KRW
78930,GS HOLDINGS CORP.,,Corée,KRX,KRW
79000,WATOS COREA CO. LTD.,,Corée,KRX,KRW
162120,"LUKEN TECHNOLOGIES CO., LTD.",,Corée,KRX,KRW
79160,"CJ CGV CO., LTD.",,Corée,KRX,KRW
79170,"HANCHANG INDUSTRY CO., LTD.",,Corée,KRX,KRW
161890,"KOLMAR KOREA CO., LTD.",,Corée,KRX,KRW
79190,"KESPION CO., LTD.",,Corée,KRX,KRW
79370,ZEUS CO. LTD.,,Corée,KRX,KRW
161580,"PHILOPTICS CO., LTD.",,Corée,KRX,KRW
79430,"HYUNDAI LIVART CO., LTD.",,Corée,KRX,KRW
161390,"HANKOOK TIRE & TECHNOLOGY CO., LTD.",,Corée,KRX,KRW
137950,"JC CHEMICAL CO., LTD.",,Corée,KRX,KRW
79550,"LIG NEX1 CO., LTD.",,Corée,KRX,KRW
87600,"PIXELPLUS CO., LTD.",,Corée,KRX,KRW
138040,MERITZ FINANCIAL GROUP INC.,,Corée,KRX,KRW
161000,"AEKYUNG CHEMICAL CO., LTD.",,Corée,KRX,KRW
79810,DE&T CO. LTD,,Corée,KRX,KRW
160980,CYMECHS INC.,,Corée,KRX,KRW
79900,"JUNJIN CONSTRUCTION & ROBOÍ… CO., LTD.",,Corée,KRX,KRW
79940,GABIA INC.,,Corée,KRX,KRW
79950,"INVENIA CO., LTD.",,Corée,KRX,KRW
160550,"NEXT ENTERTAINMENT WORLD CO., LTD.",,Corée,KRX,KRW
160190,"HIGEN RNM CO., LTD.",,Corée,KRX,KRW
79960,DONGYANG E&P INC.,,Corée,KRX,KRW
79650,"SEO SAN CO., LTD.",,Corée,KRX,KRW
228670,"RAY CO., LTD.",,Corée,KRX,KRW
65950,"WELCRON CO., LTD.",,Corée,KRX,KRW
130500,GH ADVANCED MATERIALS INC.,,Corée,KRX,KRW
92440,KISHIN CORPORATION,,Corée,KRX,KRW
122450,KX INNOVATION CO. LTD.,,Corée,KRX,KRW
219130,TIGERELEC CO. LTD.,,Corée,KRX,KRW
56700,SHINWHA INTERTEK CORP.,,Corée,KRX,KRW
56730,CNT85,,Corée,KRX,KRW
92300,"HYUN WOO INDUSTRIAL CO., LTD.",,Corée,KRX,KRW
122640,YEST CO. LTD.,,Corée,KRX,KRW
57030,YBM NET INC.,,Corée,KRX,KRW
57050,HYUNDAI HOME SHOPPING NETWORK CORP.,,Corée,KRX,KRW
218410,RFHIC CORP.,,Corée,KRX,KRW
122690,"SEOJIN AUTOMOTIVE CO., LTD.",,Corée,KRX,KRW
218150,"MILAE BIORESOURCES CO., LTD.",,Corée,KRX,KRW
122830,ONE4U CO. LTD.,,Corée,KRX,KRW
217950,"PHARMA RESEARCH BIO CO., LTD.",,Corée,KRX,KRW
217910,"SJ-CHEM CO., LTD.",,Corée,KRX,KRW
122870,YG ENTERTAINMENT INC.,,Corée,KRX,KRW
217880,"TILON CO., LTD.",,Corée,KRX,KRW
217820,"WONIK PNE CO., LTD.",,Corée,KRX,KRW
92230,KPX HOLDINGS CORP,,Corée,KRX,KRW
217730,KANGSTEM BIOTECH CO. LTD.,,Corée,KRX,KRW
520,SAMIL PHARMACEUTICAL CO. LTD.,,Corée,KRX,KRW
122900,IMARKETKOREA INC.,,Corée,KRX,KRW
217590,"TMC CO., LTD.",,Corée,KRX,KRW
219420,"LINKGENESIS CO., LTD.",,Corée,KRX,KRW
122350,SAMKEE CORP,,Corée,KRX,KRW
219550,DYD CO. LTD.,,Corée,KRX,KRW
56360,"COWEAVER CO., LTD.",,Corée,KRX,KRW
121850,"KOYJ CO., LTD.",,Corée,KRX,KRW
222080,CREATIVE & INNOVATIVE SYSTEM INC.,,Corée,KRX,KRW
222040,COSMAX NBT INC.,,Corée,KRX,KRW
221980,"KDCHEM CO., LTD.",,Corée,KRX,KRW
121890,SDSYSTEM,,Corée,KRX,KRW
221840,"HIZEAERO CO., LTD.",,Corée,KRX,KRW
221800,"U2BIO CO., LTD.",,Corée,KRX,KRW
92780,DONG YANG PISTON CO. LTD.,,Corée,KRX,KRW
92730,"NEOPHARM CO., LTD.",,Corée,KRX,KRW
55490,"TAPEX CO., LTD.",,Corée,KRX,KRW
55550,"SHINHAN FINANCIAL GROUP CO., LTD.",,Corée,KRX,KRW
217500,RUSSELL CO. LTD.,,Corée,KRX,KRW
2140,"KOREA INDUSTRIAL CO., LTD.",,Corée,KRX,KRW
92590,"LUXPIA CO., LTD.",,Corée,KRX,KRW
92460,"HANLA IMS CO., LTD.",,Corée,KRX,KRW
122310,"GENORAY CO., LTD.",,Corée,KRX,KRW
220260,"CHEMTROS CO., LTD.",,Corée,KRX,KRW
56080,"YUJIN ROBOT CO., LTD.",,Corée,KRX,KRW
220180,HANDYSOFT INC.,,Corée,KRX,KRW
220100,"FUTURECHEM CO., LTD.",,Corée,KRX,KRW
56090,"CG MEDTECH CO., LTD.",,Corée,KRX,KRW
56190,SFA ENGINEERING CORPORATION,,Corée,KRX,KRW
219750,"GTG WELLNESS CO., LTD.",,Corée,KRX,KRW
950,"CHONBANG CO., LTD.",,Corée,KRX,KRW
92600,NC& CO. LTD.,,Corée,KRX,KRW
222110,PANGEN BIOTECH INC.,,Corée,KRX,KRW
122990,"WISOL CO., LTD.",,Corée,KRX,KRW
217330,CYTOGEN INC.,,Corée,KRX,KRW
215100,"ROBOROBO CO., LTD.",,Corée,KRX,KRW
58400,KOREA NEW NETWORK CORP.,,Corée,KRX,KRW
215090,HUCENTECH CO. LTD.,,Corée,KRX,KRW
215000,GOLFZON CO. LTD.,,Corée,KRX,KRW
540,"HEUNGKUK FIRE & MARINE INSURANCE CO., LTD.",,Corée,KRX,KRW
58430,"POSCO STEELEON CO., LTD.",,Corée,KRX,KRW
58450,"HANJOO ART CO., LTD.",,Corée,KRX,KRW
214680,DRTECH CORP,,Corée,KRX,KRW
58470,LEENO INDUSTRIAL INC.,,Corée,KRX,KRW
123750,ALTON CO. LTD.,,Corée,KRX,KRW
214450,"PHARMA RESEARCH PRODUCTS CO., LTD",,Corée,KRX,KRW
214430,I3SYSTEM INC.,,Corée,KRX,KRW
214420,TONYNOLY CO. LTD.,,Corée,KRX,KRW
2100,KYUNG NONG CORPORATION,,Corée,KRX,KRW
214390,"KYONGBO PHARMACEUTICAL CO., LTD.",,Corée,KRX,KRW
214370,"CAREGEN CO., LTD.",,Corée,KRX,KRW
214330,KUMHO HT INC.,,Corée,KRX,KRW
214320,INNOCEAN WORLDWIDE INC.,,Corée,KRX,KRW
214270,"FSN CO., LTD.",,Corée,KRX,KRW
214260,"RAPHAS CO., LTD.",,Corée,KRX,KRW
92040,AMICOGEN INC.,,Corée,KRX,KRW
214180,HECTO INNOVATION CO. LTD.,,Corée,KRX,KRW
214150,CLASSYS INC.,,Corée,KRX,KRW
123700,"SJM CO., LTD.",,Corée,KRX,KRW
215200,"MEGASTUDYEDU CO., LTD.",,Corée,KRX,KRW
92070,"DNF CO., LTD.",,Corée,KRX,KRW
215360,"WOORY INDUSTRIAL CO., LTD.",,Corée,KRX,KRW
217270,NEPTUNE CO,,Corée,KRX,KRW
123010,"IWIN PLUS CO., LTD.",,Corée,KRX,KRW
217190,GENESEM INC.,,Corée,KRX,KRW
123040,MS AUTOTECH CO. LTD.,,Corée,KRX,KRW
57540,"OMNISYSTEM CO., LTD.",,Corée,KRX,KRW
92220,KEC CORPORATION,,Corée,KRX,KRW
57680,"T SCIENTIFIC CO., LTD.",,Corée,KRX,KRW
92200,DAE-IL CORP.,,Corée,KRX,KRW
123330,GENIC CO. LTD.,,Corée,KRX,KRW
216400,"INVITES BIOCORE CO., LTD.",,Corée,KRX,KRW
123410,KOREA FUEL-TECH CORPORATION,,Corée,KRX,KRW
217480,"SD BIOTECHNOLOGIES CO., LTD.",,Corée,KRX,KRW
123420,"WEMADE PLAY CO., LTD.",,Corée,KRX,KRW
216050,"INCROSS CO., LTD.",,Corée,KRX,KRW
92190,"SEOUL VIOSYS CO., LTD.",,Corée,KRX,KRW
58110,"MEKICS CO., LTD.",,Corée,KRX,KRW
92130,E-CREDIBLE CO. LTD.,,Corée,KRX,KRW
215790,INNO INSTRUMENT INC.,,Corée,KRX,KRW
123570,EMNET INC.,,Corée,KRX,KRW
215600,SILLAJEN INC.,,Corée,KRX,KRW
215570,"CRONEX CO., LTD.",,Corée,KRX,KRW
123690,"HANKOOK COSMETICS CO., LTD.",,Corée,KRX,KRW
215480,TOEBOX KOREA LTD.,,Corée,KRX,KRW
215380,WOOJUNG BIO INC.,,Corée,KRX,KRW
216080,"JETEMA CO., LTD.",,Corée,KRX,KRW
123840,NUON CO. LTD.,,Corée,KRX,KRW
222160,NPX INC.,,Corée,KRX,KRW
54940,EXA E&C INC.,,Corée,KRX,KRW
52710,"AMOTECH CO., LTD.",,Corée,KRX,KRW
226950,OLIX PHARMACEUTICALS INC.,,Corée,KRX,KRW
52790,ACTOZ SOFT CO. LTD.,,Corée,KRX,KRW
120110,KOLON INDUSTRIES INC.,,Corée,KRX,KRW
226590,MDEVICE CO. LTD.,,Corée,KRX,KRW
120240,DAEJUNG CHEMICALS & METALS CO.,,Corée,KRX,KRW
226400,OSTEONIC CO. LTD.,,Corée,KRX,KRW
226340,BONNE CO. LTD.,,Corée,KRX,KRW
52860,"I&C TECHNOLOGY CO., LTD.",,Corée,KRX,KRW
226330,SYNTEKABIO INC.,,Corée,KRX,KRW
226320,"IT'S HANBUL CO., LTD.",,Corée,KRX,KRW
93380,"PUNGKANG CO., LTD.",,Corée,KRX,KRW
93370,FOOSUNG CO. LTD.,,Corée,KRX,KRW
52900,"KX HITECH CO., LTD.",,Corée,KRX,KRW
52960,3C TAE YANG CO. LTD.,,Corée,KRX,KRW
53030,"BINEX CO., LTD.",,Corée,KRX,KRW
93320,KINX INC.,,Corée,KRX,KRW
85910,NEO TECHNICAL SYSTEM CO. LTD.,,Corée,KRX,KRW
93240,"HYUNGJI ELITE CO., LTD.",,Corée,KRX,KRW
53060,"SAE DONG CO., LTD.",,Corée,KRX,KRW
53080,"K ENSOLD CO., LTD.",,Corée,KRX,KRW
53160,FREEMS CORPORATION,,Corée,KRX,KRW
225590,"FASHION PLATFORM CO., LTD.",,Corée,KRX,KRW
480,CR HOLDINGS CO. LTD.,,Corée,KRX,KRW
227100,"QUANTUMON CO., LTD.",,Corée,KRX,KRW
93510,NGVI INC.,,Corée,KRX,KRW
440,"JOONGANG ENERVIS CO., LTD.",,Corée,KRX,KRW
228340,TONGYANG PILE INC.,,Corée,KRX,KRW
119500,FORMETAL CO. LTD.,,Corée,KRX,KRW
52260,"HYUNDAI BIOLAND CO., LTD.",,Corée,KRX,KRW
119610,"INTEROJO CO., LTD.",,Corée,KRX,KRW
52300,"OCEAN IN W CO., LTD.",,Corée,KRX,KRW
119650,"KC COTTRELL CO., LTD.",,Corée,KRX,KRW
52330,KORTEK CORPORATION,,Corée,KRX,KRW
93640,"KOREA ROBOT MANUFACTURING CO., LTD.",,Corée,KRX,KRW
52400,"KONA I CO., LTD.",,Corée,KRX,KRW
119830,ITEK INC.,,Corée,KRX,KRW
227950,N2TECH CO. LTD.,,Corée,KRX,KRW
225570,"NAT GAMES CO.,LTD.",,Corée,KRX,KRW
52420,"OSUNG ADVANCED MATERIALS CO., LTD.",,Corée,KRX,KRW
119850,"GNCENERGY CO., LTD.",,Corée,KRX,KRW
30530,"WONIK HOLDINGS CO., LTD.",,Corée,KRX,KRW
30520,HANCOM INC.,,Corée,KRX,KRW
93520,MAKUS INC.,,Corée,KRX,KRW
430,"DAE WON KANG UP CO., LTD.",,Corée,KRX,KRW
227840,"HYUNDAI CORPORATION HOLDINGS CO., LTD.",,Corée,KRX,KRW
227610,OUTIN FUTURES INC.,,Corée,KRX,KRW
52600,"HANNET CO., LTD.",,Corée,KRX,KRW
52690,KEPCO ENGINEERING & CONSTRUCTION COMPANY INC.,,Corée,KRX,KRW
227420,DOBU INC.,,Corée,KRX,KRW
120030,"CHOSUN STEEL WIRE CO., LTD.",,Corée,KRX,KRW
52460,"ICRAFT CO., LTD.",,Corée,KRX,KRW
54950,"JVM CO., LTD.",,Corée,KRX,KRW
53210,"KT SKYLIFE CO., LTD.",,Corée,KRX,KRW
53260,"KEUM KANG STEEL CO., LTD.",,Corée,KRX,KRW
121440,"GOLFZON NEWDIN HOLDINGS CO., LTD.",,Corée,KRX,KRW
54210,ELENTEC CO. LTD.,,Corée,KRX,KRW
223310,"KYUNG NAM PHARM HEALTHCARE CO.,LTD.",,Corée,KRX,KRW
54220,"VITZROSYS CO., LTD.",,Corée,KRX,KRW
500,"GAON CABLE CO., LTD.",,Corée,KRX,KRW
54300,"PANSTAR ENTERPRISE CO., LTD.",,Corée,KRX,KRW
92870,"EXICON CO., LTD.",,Corée,KRX,KRW
54410,"KOREA PLASMA TECHNOLOGY U CO., LTD.",,Corée,KRX,KRW
54450,TELECHIPS INC.,,Corée,KRX,KRW
223250,DREAM CIS CO. LTD.,,Corée,KRX,KRW
54540,"SAMYOUNG M-TEK CO., LTD.",,Corée,KRX,KRW
121600,"ADVANCED NANO PRODUCTS CO., LTD.",,Corée,KRX,KRW
54620,APS INC.,,Corée,KRX,KRW
54670,"DAEHAN NEW PHARM CO., LTD.",,Corée,KRX,KRW
54780,"KEYEAST CO., LTD.",,Corée,KRX,KRW
92790,NEXTEEL CO. LTD.,,Corée,KRX,KRW
222980,"MCNULTY KOREA CO., LTD.",,Corée,KRX,KRW
222800,"SIMMTECH CO., LTD.",,Corée,KRX,KRW
121800,"VIDENTE CO., LTD.",,Corée,KRX,KRW
54800,"IDIS HOLDINGS CO., LTD.",,Corée,KRX,KRW
54920,HANCOM WITH INC.,,Corée,KRX,KRW
54930,YOOSHIN ENGINEERING CORP.,,Corée,KRX,KRW
222420,"CENOTEC CO., LTD.",,Corée,KRX,KRW
54090,"SAMJIN LND CO., LTD.",,Corée,KRX,KRW
54050,"NH NONGWOOBIO CO., LTD.",,Corée,KRX,KRW
54040,KOREA COMPUTER INC.,,Corée,KRX,KRW
93050,LF CORP.,,Corée,KRX,KRW
53270,GUYOUNG TECHNOLOGY CO. LTD.,,Corée,KRX,KRW
53280,"YES24 CO., LTD.",,Corée,KRX,KRW
53290,NE NEUNGYULE INC.,,Corée,KRX,KRW
121060,UNIPOINT CORP.,,Corée,KRX,KRW
490,DAEDONG CORPORATION,,Corée,KRX,KRW
225430,KM PHARMACY CO. LTD.,,Corée,KRX,KRW
53300,KOREA INFORMATION CERTIFICATE AUTHORITY INC.,,Corée,KRX,KRW
225220,GENOLUTION INC.,,Corée,KRX,KRW
53350,INITECH CO. LTD.,,Corée,KRX,KRW
225190,"LK SAMYANG CO., LTD.",,Corée,KRX,KRW
53450,"SEKONIX CO., LTD.",,Corée,KRX,KRW
225530,BOKWANG INDUSTRY CO. LTD.,,Corée,KRX,KRW
93190,"BIXOLON CO., LTD.",,Corée,KRX,KRW
0004V0,"NBR MOTION CO., LTD.",,Corée,KRX,KRW
2150,"DOHWA ENGINEERING CO., LTD.",,Corée,KRX,KRW
53610,PROTEC CO. LTD.,,Corée,KRX,KRW
53620,TAEYANG CORPORATION,,Corée,KRX,KRW
53690,"HANMIGLOBAL CO., LTD.",,Corée,KRX,KRW
224110,"ATEC MOBILITY CO., LTD.",,Corée,KRX,KRW
224060,"CODI CO., LTD.",,Corée,KRX,KRW
53700,"SAMBO MOTORS CO., LTD.",,Corée,KRX,KRW
53800,AHNLAB INC.,,Corée,KRX,KRW
53950,"KYUNG NAM PHARM CO., LTD.",,Corée,KRX,KRW
53980,"OSANGJAIEL CO., LTD.",,Corée,KRX,KRW
53580,WEBCASH CORP.,,Corée,KRX,KRW
1940,KISCO HOLDINGS CO. LTD.,,Corée,KRX,KRW
58610,"SPG CO., LTD.",,Corée,KRX,KRW
58650,SEAH HOLDINGS CORPORATION,,Corée,KRX,KRW
64240,HOMECAST CO. LTD.,,Corée,KRX,KRW
195870,"HAESUNG DS CO., LTD.",,Corée,KRX,KRW
90850,"HYUNDAI EZWEL CO., LTD.",,Corée,KRX,KRW
64260,DANAL CO. LTD.,,Corée,KRX,KRW
64290,"INTEKPLUS CO., LTD.",,Corée,KRX,KRW
195500,"MANIKER F&G CO., LTD.",,Corée,KRX,KRW
128660,PJ METAL CO. LTD.,,Corée,KRX,KRW
90710,"HYULIM ROBOT CO., LTD.",,Corée,KRX,KRW
128820,"DAESUNG INDUSTRIAL CO., LTD.",,Corée,KRX,KRW
2030,ASIA HOLDINGS CO. LTD.,,Corée,KRX,KRW
64350,HYUNDAI ROTEM COMPANY,,Corée,KRX,KRW
64400,"LG CNS CO., LTD.",,Corée,KRX,KRW
64480,BRIDGETEC CORP,,Corée,KRX,KRW
650,"CHUNIL EXPRESS CO., LTD.",,Corée,KRX,KRW
194700,"NOVAREX CO., LTD.",,Corée,KRX,KRW
64520,TECHL CO. LTD.,,Corée,KRX,KRW
194480,"DEVSISTERS CO., LTD.",,Corée,KRX,KRW
194370,JS CORP.,,Corée,KRX,KRW
64550,BIONEER CORPORATION,,Corée,KRX,KRW
128940,"HANMI PHARM CO., LTD.",,Corée,KRX,KRW
64760,"TOKAI CARBON KOREA CO., LTD.",,Corée,KRX,KRW
64800,PONYLINK CO. LTD.,,Corée,KRX,KRW
64820,CAPE INDUSTRIES LTD.,,Corée,KRX,KRW
195940,HK INNO.N CORPORATION,,Corée,KRX,KRW
195990,ABPRO BIO CO. LTD.,,Corée,KRX,KRW
640,"DONG-A SOCIO HOLDINGS CO., LTD.",,Corée,KRX,KRW
128540,"ECOCAB CO., LTD.",,Corée,KRX,KRW
199430,KNR SYSTEMS INC.,,Corée,KRX,KRW
62040,SANIL ELECTRIC CO. LTD.,,Corée,KRX,KRW
199290,BIO PROTECH INC.,,Corée,KRX,KRW
199150,DATA STREAMS CORP.,,Corée,KRX,KRW
198940,HANJOO LIGHT METAL CO. LTD.,,Corée,KRX,KRW
127120,DNA LINK INC.,,Corée,KRX,KRW
198440,"KANGDONG C&L CO., LTD.",,Corée,KRX,KRW
62970,KOREA ADVANCED MATERIALS CO. LTD.,,Corée,KRX,KRW
198080,"NPD CO., LTD.",,Corée,KRX,KRW
63080,COM2US HOLDINGS CORP.,,Corée,KRX,KRW
970,"KOREA CAST IRON PIPE INDUSTRY CO., LTD.",,Corée,KRX,KRW
64850,FNGUIDE INC.,,Corée,KRX,KRW
63160,CKD BIO CORP.,,Corée,KRX,KRW
63170,SEOUL AUCTION CO. LTD.,,Corée,KRX,KRW
63440,"SM LIFE DESIGN GROUP CO., LTD.",,Corée,KRX,KRW
197140,"DIGICAP CO., LTD.",,Corée,KRX,KRW
127980,FINECIRCUIT CO. LTD.,,Corée,KRX,KRW
63570,"NICE TOTAL CASH MANAGEMENT CO., LTD.",,Corée,KRX,KRW
196700,"WAPS CO., LTD.",,Corée,KRX,KRW
63760,ELP CORPORATION,,Corée,KRX,KRW
196490,"DA TECHNOLOGY CO., LTD.",,Corée,KRX,KRW
196450,"COASIA CO., LTD.",,Corée,KRX,KRW
196300,"ANYGEN CO., LTD.",,Corée,KRX,KRW
196170,ALTEOGEN INC.,,Corée,KRX,KRW
127710,"THE ASIA BUSINESS DAILY CO., LTD.",,Corée,KRX,KRW
199480,"BANKWARE GLOBAL CO., LTD.",,Corée,KRX,KRW
64960,"SNT MOTIV CO., LTD.",,Corée,KRX,KRW
129260,"INTERGIS CO., LTD.",,Corée,KRX,KRW
65510,"HUVITZ CO., LTD.",,Corée,KRX,KRW
65530,WIABLE CORP,,Corée,KRX,KRW
190650,KOREA ASSET INVESTMENT SECURITIES CO. LTD.,,Corée,KRX,KRW
65570,"SAMYUNG ENC CO., LTD.",,Corée,KRX,KRW
190510,NAMUGA CO. LTD.,,Corée,KRX,KRW
90430,AMOREPACIFIC CORP.,,Corée,KRX,KRW
90410,DUKSHINEPC CO. LTD.,,Corée,KRX,KRW
90370,METALABS CO. LTD.,,Corée,KRX,KRW
680,"LS NETWORKS CO., LTD.",,Corée,KRX,KRW
189980,"HYUNGKUK F&B CO., LTD.",,Corée,KRX,KRW
65650,HYPER CORPORATION INC.,,Corée,KRX,KRW
189860,SEOJEON ELECTRIC MACHINERY CO.,,Corée,KRX,KRW
90360,"ROBOSTAR CO., LTD.",,Corée,KRX,KRW
65660,"ANTEROGEN CO., LTD.",,Corée,KRX,KRW
189690,"FORCS CO., LTD.",,Corée,KRX,KRW
65680,"UJU ELECTRONICS CO., LTD.",,Corée,KRX,KRW
65690,"PAKERS CO., LTD.",,Corée,KRX,KRW
90350,NOROO PAINT & COATINGS CO. LTD.,,Corée,KRX,KRW
189350,COSET INC.,,Corée,KRX,KRW
189330,"XIILAB CO., LTD.",,Corée,KRX,KRW
189300,INTELLIAN TECHNOLOGIES INC.,,Corée,KRX,KRW
65710,"SEOHO ELECTRIC CO., LTD.",,Corée,KRX,KRW
65770,CS CORPORATION,,Corée,KRX,KRW
129920,"DAESUNG HI-TECH CO., LTD.",,Corée,KRX,KRW
65500,ORIENT PRECISION INDUSTRIES INC.,,Corée,KRX,KRW
670,YOUNG POONG CORPORATION,,Corée,KRX,KRW
65450,"VICTEK CO., LTD.",,Corée,KRX,KRW
65060,"GNCO CO., LTD.",,Corée,KRX,KRW
660,SK HYNIX INC.,,Corée,KRX,KRW
192820,COSMAX INC.,,Corée,KRX,KRW
65130,"TOP ENGINEERING CO., LTD.",,Corée,KRX,KRW
65150,DAESAN F&B INC.,,Corée,KRX,KRW
192650,"DREAMTECH CO., LTD.",,Corée,KRX,KRW
90470,JASTECH LTD.,,Corée,KRX,KRW
192440,SPIGEN KOREA CO. LTD.,,Corée,KRX,KRW
192410,"HYULIM NETWORKS CO., LTD.",,Corée,KRX,KRW
192400,CUCKOO HOLDINGS CO. LTD.,,Corée,KRX,KRW
192390,"WINHITECH CO., LTD.",,Corée,KRX,KRW
193250,LINKED INC.,,Corée,KRX,KRW
192250,"KSIGN CO., LTD.",,Corée,KRX,KRW
192080,"DOUBLEUGAMES CO., LTD.",,Corée,KRX,KRW
129890,"ABKO CO., LTD.",,Corée,KRX,KRW
65350,"SHINSUNG DELTA TECH CO., LTD.",,Corée,KRX,KRW
65370,"WISE ITECH CO., LTD.",,Corée,KRX,KRW
65420,"SI RESOURCES CO., LTD.",,Corée,KRX,KRW
2020,KOLON CORPORATION,,Corée,KRX,KRW
191600,BLUETOP CO. LTD.,,Corée,KRX,KRW
90460,BH CO. LTD.,,Corée,KRX,KRW
65440,ELUON CORPORATION,,Corée,KRX,KRW
191420,TEGO SCIENCE INC.,,Corée,KRX,KRW
191410,"RYUKIL C&S CO., LTD.",,Corée,KRX,KRW
65170,BL PHARMTECH CORP,,Corée,KRX,KRW
58630,MGAME CORP.,,Corée,KRX,KRW
126880,JNK GLOBAL CO. LTD.,,Corée,KRX,KRW
61970,LB SEMICON INC.,,Corée,KRX,KRW
91580,"SANGSIN ENERGY DISPLAY PRECISION CO., LTD.",,Corée,KRX,KRW
60230,SONID INC.,,Corée,KRX,KRW
125020,"TC MATERIALS CO., LTD.",,Corée,KRX,KRW
60240,"STACO LINK CO., LTD.",,Corée,KRX,KRW
209640,"YJ LINK CO., LTD.",,Corée,KRX,KRW
60250,NHN KCP CORP.,,Corée,KRX,KRW
208860,"ENGIS TECHNOLOGIES, INC.",,Corée,KRX,KRW
208850,"EB TECH CO., LTD.",,Corée,KRX,KRW
60260,"NUVOTEC CO., LTD.",,Corée,KRX,KRW
208710,"BIOLOG DEVICE CO., LTD.",,Corée,KRX,KRW
208640,"THUMBAGE CO., LTD.",,Corée,KRX,KRW
60280,CUREXO INC.,,Corée,KRX,KRW
208370,SELVAS HEALTHCARE INC.,,Corée,KRX,KRW
208350,JIRANSECURITY CO. LTD.,,Corée,KRX,KRW
208140,"JUNGDAWN CO., LTD.",,Corée,KRX,KRW
91440,HANWOOL MATERIALS SCIENCE INC.,,Corée,KRX,KRW
207940,"SAMSUNG BIOLOGICS CO., LTD.",,Corée,KRX,KRW
60310,"3S KOREA CO., LTD.",,Corée,KRX,KRW
207760,MR BLUE CORP,,Corée,KRX,KRW
60370,"LS MARINE SOLUTION CO., LTD.",,Corée,KRX,KRW
206650,"EUBIOLOGICS CO., LTD.",,Corée,KRX,KRW
206640,BODITECH MED INC.,,Corée,KRX,KRW
206560,"DEXTER STUDIOS CO., LTD.",,Corée,KRX,KRW
60150,"INSUN ENTERPRISE CO., LTD.",,Corée,KRX,KRW
210120,"VICTORY CONTENTS CO.,LTD.",,Corée,KRX,KRW
124560,"TAEWOONG LOGISTICS CO., LTD.",,Corée,KRX,KRW
124500,"ITCEN CO., LTD.",,Corée,KRX,KRW
213500,"HANSOL PAPER CO., LTD.",,Corée,KRX,KRW
123860,ANAPASS INC.,,Corée,KRX,KRW
213420,"DUKSAN NEOLUX CO.,LTD",,Corée,KRX,KRW
58730,DEVELOPMENT ADVANCE SOLUTION INC.,,Corée,KRX,KRW
123890,"KOREA ASSET IN TRUST CO., LTD.",,Corée,KRX,KRW
91970,NANO CHEM TECH INC.,,Corée,KRX,KRW
58820,"CMG PHARMACEUTICAL CO., LTD.",,Corée,KRX,KRW
58850,KTCS CORP.,,Corée,KRX,KRW
212710,"ISTE CO., LTD.",,Corée,KRX,KRW
58860,KTIS CORPORATION,,Corée,KRX,KRW
58970,EMRO. INCORPORATED,,Corée,KRX,KRW
206400,BENOIT TENNOR INC.,,Corée,KRX,KRW
212560,"NEOOTO CO., LTD.",,Corée,KRX,KRW
91810,"TWAY AIR CO., LTD.",,Corée,KRX,KRW
59100,"I-COMPONENTS CO., LTD.",,Corée,KRX,KRW
59120,"AJINEXTEK CO., LTD.",,Corée,KRX,KRW
59210,"META BIOMED CO., LTD",,Corée,KRX,KRW
59270,HAISUNG AERO-ROBOTICS CO. LTD.,,Corée,KRX,KRW
211270,ASIA PACIFIC SATELLITE INC.,,Corée,KRX,KRW
91700,"PARTRON CO., LTD.",,Corée,KRX,KRW
211050,INCAR FINANCIAL SERVICE CO. LTD.,,Corée,KRX,KRW
210980,"SK D&D CO., LTD.",,Corée,KRX,KRW
91590,"NAM HWA CONSTRUCTION CO., LTD.",,Corée,KRX,KRW
210540,DY POWER CORP.,,Corée,KRX,KRW
59090,MICO LTD.,,Corée,KRX,KRW
199550,LASEROPTEK CO. LTD.,,Corée,KRX,KRW
60380,"DONGYANG S.TEC CO., LTD.",,Corée,KRX,KRW
205470,"HUMASYS CO., LTD.",,Corée,KRX,KRW
60980,HL HOLDINGS CORP.,,Corée,KRX,KRW
61040,RFTECH CO. LTD.,,Corée,KRX,KRW
126560,"HYUNDAI FUTURENET CO., LTD.",,Corée,KRX,KRW
200880,"SEOYON E-HWA CO., LTD.",,Corée,KRX,KRW
61090,"SENA TECHNOLOGIES CO., LTD.",,Corée,KRX,KRW
200780,"BCWORLD PHARM CO., LTD.",,Corée,KRX,KRW
200710,"ADTECHNOLOGY CO., LTD.",,Corée,KRX,KRW
126600,"BGF ECOMATERIALS CO., LTD.",,Corée,KRX,KRW
200670,"HUMEDIX CO., LTD.",,Corée,KRX,KRW
200580,"MEDYSSEY CO., LTD.",,Corée,KRX,KRW
126640,HWASHIN PRECISION CO. LTD.,,Corée,KRX,KRW
200470,APACT CO. LTD.,,Corée,KRX,KRW
200350,ARTIST STUDIO INC.,,Corée,KRX,KRW
61250,"HWAIL PHARM CO., LTD.",,Corée,KRX,KRW
200230,TELCON RF PHARMACEUTICAL INC.,,Corée,KRX,KRW
126700,HYVISION SYSTEM INC.,,Corée,KRX,KRW
200130,"KOLMAR BNH CO., LTD.",,Corée,KRX,KRW
126720,"SOOSAN INDUSTRIES CO., LTD.",,Corée,KRX,KRW
30350,DRAGONFLY GF CO. LTD.,,Corée,KRX,KRW
126730,KORCHIP CORPORATION,,Corée,KRX,KRW
199820,"CHEIL ELECTRIC CO., LTD.",,Corée,KRX,KRW
199800,TOOLGEN INC.,,Corée,KRX,KRW
199730,"BIOINFRA CO., LTD.",,Corée,KRX,KRW
201490,"ME2ON CO., LTD.",,Corée,KRX,KRW
60900,"DGP CO., LTD.",,Corée,KRX,KRW
91120,"EM-TECH CO., LTD.",,Corée,KRX,KRW
126340,"VINA TECH CO., LTD.",,Corée,KRX,KRW
205100,"EXEM CO., LTD.",,Corée,KRX,KRW
91340,"S&K POLYTEC CO., LTD.",,Corée,KRX,KRW
60480,"KUKIL METAL CO., LTD.",,Corée,KRX,KRW
125210,"AMO GREENTECH CO., LTD.",,Corée,KRX,KRW
204840,GL PHARM TECH CORP,,Corée,KRX,KRW
60540,"SYSTEM AND APPLICATION TECHNOLOGIES CO., LTD.",,Corée,KRX,KRW
60560,"HOME CENTER HOLDINGS CO., LTD.",,Corée,KRX,KRW
60570,DREAMUS CO.,,Corée,KRX,KRW
204620,"GLOBAL TAX FREE CO., LTD.",,Corée,KRX,KRW
204610,"T3 ENTERTAINMENT CO., LTD.",,Corée,KRX,KRW
204320,"HL MANDO CO., LTD.",,Corée,KRX,KRW
205500,"ACTION SQUARE CO., LTD.",,Corée,KRX,KRW
204270,"JNTC CO., LTD.",,Corée,KRX,KRW
2070,VIVIEN CORP.,,Corée,KRX,KRW
125490,"HALLACAST CO., LTD.",,Corée,KRX,KRW
203690,ARK SOLUTIONS INC.,,Corée,KRX,KRW
203650,"DREAM SECURITY CO., LTD.",,Corée,KRX,KRW
203450,"UNION COMMUNITY CO., LTD.",,Corée,KRX,KRW
203400,ABION INC.,,Corée,KRX,KRW
60590,CTC BIO INC.,,Corée,KRX,KRW
590,"CS HOLDINGS CO., LTD.",,Corée,KRX,KRW
202960,PANDORA TV CO. LTD.,,Corée,KRX,KRW
60720,"KH VATEC CO., LTD.",,Corée,KRX,KRW
60850,"YOUNGLIMWON SOFT LAB CO., LTD.",,Corée,KRX,KRW
204020,GRITEE INC.,,Corée,KRX,KRW
102710,"ENF TECHNOLOGY CO., LTD.",,Corée,KRX,KRW
10580,"SM BEXEL CO., LTD.",,Corée,KRX,KRW
393210,"TOMATOSYSTEM CO.,LTD.",,Corée,KRX,KRW
340810,"CUBOX CO., LTD.",,Corée,KRX,KRW
475560,"BORN KOREA CO., LTD.",,Corée,KRX,KRW
475580,"ALUX CO., LTD.",,Corée,KRX,KRW
475660,SCHEM INC.,,Corée,KRX,KRW
340570,T&L CO. LTD.,,Corée,KRX,KRW
340450,GC GENOME CORP,,Corée,KRX,KRW
475460,MEATBOX GLOBAL INC.,,Corée,KRX,KRW
340440,"SERIM B&G CO., LTD.",,Corée,KRX,KRW
475830,ORUM THERAPEUTICS INC.,,Corée,KRX,KRW
475960,TOMOCUBE INC.,,Corée,KRX,KRW
476040,"ORGANOID SCIENCES CO., LTD.",,Corée,KRX,KRW
339950,"IB KIMYOUNG CO., LTD.",,Corée,KRX,KRW
339770,"KYOCHON F&B CO., LTD.",,Corée,KRX,KRW
476060,ONCONIC THERAPEUTICS INC.,,Corée,KRX,KRW
340360,DAVOLINK INC.,,Corée,KRX,KRW
475430,KISTRON CO. LTD.,,Corée,KRX,KRW
475400,CMES INC.,,Corée,KRX,KRW
475230,NRB INC.,,Corée,KRX,KRW
472220,"SHINYOUNG HAPPY TOMORROW NO. 1 CO., LTD.",,Corée,KRX,KRW
472230,SK SECURITIES CO. LTD.,,Corée,KRX,KRW
472850,POND GROUP CO. LTD.,,Corée,KRX,KRW
473000,SK SECURITIES CO. LTD.,,Corée,KRX,KRW
344860,"INNOGEN CO., LTD.",,Corée,KRX,KRW
344820,KCC GLASS CORP.,,Corée,KRX,KRW
473950,SK SECURITIES CO. LTD.,,Corée,KRX,KRW
473980,KNOWMERCE CORP,,Corée,KRX,KRW
474170,LUMIR INC.,,Corée,KRX,KRW
474610,RF SYSTEMS CO. LTD.,,Corée,KRX,KRW
474650,LINC SOLUTION CO. LTD,,Corée,KRX,KRW
474660,SHINHAN 12TH SPECIAL PURPOSE COMPANY,,Corée,KRX,KRW
342870,"OA LABORATORY CO., LTD.",,Corée,KRX,KRW
474930,SHINHAN 13TH SPECIAL PURPOSE COMPANY LTD.,,Corée,KRX,KRW
475150,"SK ETERMAX CO., LTD.",,Corée,KRX,KRW
476080,M EIGHTY-THREE CO. LTD.,,Corée,KRX,KRW
347000,"SENKO CO., LTD.",,Corée,KRX,KRW
338840,Y-BIOLOGICS INC.,,Corée,KRX,KRW
338100,"NH PRIME REIT CO., LTD.",,Corée,KRX,KRW
483650,"D'ALBA GLOBAL CO., LTD.",,Corée,KRX,KRW
484120,"DOWOOINSYS CO., LTD.",,Corée,KRX,KRW
484590,"SAMYANG COMTECH CO., LTD.",,Corée,KRX,KRW
484810,TXR ROBOTICS CO. LTD.,,Corée,KRX,KRW
336060,WAVUS CO. LTD.,,Corée,KRX,KRW
336040,"TASCOM CO., LTD.",,Corée,KRX,KRW
482690,DAISHIN BALANCE NO.19 SPECIAL PURPOSE COMPANY LTD.,,Corée,KRX,KRW
484870,MNC SOLUTION CO. LTD.,,Corée,KRX,KRW
335810,PRECISION BIOSENSOR INC.,,Corée,KRX,KRW
486990,NOTA INC.,,Corée,KRX,KRW
487360,SHINHAN 14TH SPECIAL PURPOSE COMPANY LTD.,,Corée,KRX,KRW
487570,HYOSUNG CORPORATION,,Corée,KRX,KRW
487720,KIWOOM NO 10 SPECIAL PURPOSE CO.,,Corée,KRX,KRW
334970,"PRESTIGE BIOLOGICS CO., LTD.",,Corée,KRX,KRW
335870,WINGS FOOT INC.,,Corée,KRX,KRW
4140,DONGBANG TRANSPORT LOGISTICS CO. LTD.,,Corée,KRX,KRW
336260,"DOOSAN FUEL CELL CO., LTD.",,Corée,KRX,KRW
482680,MIRAE ASSET VISION SPECIAL PURPOSE CORP.,,Corée,KRX,KRW
477760,DB FINANCE NO12 SPECIAL PURPOSE L.P.,,Corée,KRX,KRW
478340,"NARA SPACE TECHNOLOGY, INC.",,Corée,KRX,KRW
478560,"BLACKYAK I&C CO., LTD.",,Corée,KRX,KRW
337930,BRAND X CO. LTD.,,Corée,KRX,KRW
479960,WINNERS CO. LTD.,,Corée,KRX,KRW
480370,CK SOLUTION CO. LTD.,,Corée,KRX,KRW
337840,"UXN CO., LTD.",,Corée,KRX,KRW
4100,TAEYANG METAL INDUSTRIAL CO. LTD.,,Corée,KRX,KRW
481070,"AU BRANDZ CO., LTD.",,Corée,KRX,KRW
481850,SHINHAN GLOBAL ACTIVE REIT,,Corée,KRX,KRW
336680,"TOP RUN TOTAL SOLUTION CO., LTD.",,Corée,KRX,KRW
336570,"WON TECH CO., LTD.",,Corée,KRX,KRW
336370,SOLUS ADVANCED MATERIALS CO. LTD.,,Corée,KRX,KRW
482630,SAMYANG NC CHEM CORPORATION,,Corée,KRX,KRW
2900,TYM CORP.,,Corée,KRX,KRW
338220,VUNO INC.,,Corée,KRX,KRW
487830,SHINHAN 15TH SPECIAL PURPOSE COMPANY LTD.,,Corée,KRX,KRW
347700,LIFE SEMANTICS CORP,,Corée,KRX,KRW
347770,PIMS INC.,,Corée,KRX,KRW
352770,CLINOMICS INC.,,Corée,KRX,KRW
352700,"CNTUS CO., LTD.",,Corée,KRX,KRW
460850,DONGKUK CM CO. LTD.,,Corée,KRX,KRW
460860,"DONGKUK STEEL MILL CO., LTD.",,Corée,KRX,KRW
460870,SMCG CO. LTD.,,Corée,KRX,KRW
352480,C&C INTERNATIONAL CO. LTD.,,Corée,KRX,KRW
460470,IVIM TECHNOLOGY INC.,,Corée,KRX,KRW
460930,"HYUNDAI HYSCO CO., LTD.",,Corée,KRX,KRW
461030,IMBDX INC.,,Corée,KRX,KRW
461300,I-SCREAM MEDIA CO. LTD.,,Corée,KRX,KRW
462310,"NEW KIDS ON CO., LTD.",,Corée,KRX,KRW
462350,"INNOSPACE CO., LTD.",,Corée,KRX,KRW
462510,"LAMEDITECH CO., LTD.",,Corée,KRX,KRW
352090,STORMTEC CO. LTD.,,Corée,KRX,KRW
460940,P & S MECHANICS CO. LTD.,,Corée,KRX,KRW
459550,"ALT CO., LTD.",,Corée,KRX,KRW
352820,"HYBE CO., LTD.",,Corée,KRX,KRW
352910,OBIGO INC.,,Corée,KRX,KRW
457550,WOOJIN NTEC INC.,,Corée,KRX,KRW
457600,VECT CO. LTD.,,Corée,KRX,KRW
354390,BASKHANBIOPHARMA INC.,,Corée,KRX,KRW
354320,ALMAC CO. LTD.,,Corée,KRX,KRW
458350,"ESTEEM CO., LTD.",,Corée,KRX,KRW
354200,"NGENEBIO CO., LTD.",,Corée,KRX,KRW
458650,"SUNG WOO CO., LTD.",,Corée,KRX,KRW
353810,EASY BIO INC.,,Corée,KRX,KRW
353590,AUTO& INC.,,Corée,KRX,KRW
353200,"DAEDUCK ELECTRONICS CO., LTD.",,Corée,KRX,KRW
458870,"SEERS TECHNOLOGY CO., LTD.",,Corée,KRX,KRW
353190,HURUM CO. LTD.,,Corée,KRX,KRW
459100,WITS CO. LTD.,,Corée,KRX,KRW
459510,NAU ROBOTICS CO. LTD.,,Corée,KRX,KRW
352940,"ENBIO CO., LTD.",,Corée,KRX,KRW
462520,CHOSUN REFRACTORIES CO. LTD.,,Corée,KRX,KRW
347740,"P&K SKIN RESEARCH CENTER CO., LTD.",,Corée,KRX,KRW
462860,DOZN INC.,,Corée,KRX,KRW
462980,AIJINET INC.,,Corée,KRX,KRW
469750,"IVISIONWORKS CO., LTD.",,Corée,KRX,KRW
348950,JR GLOBAL REAL ESTATE INVESTMENT TRUST,,Corée,KRX,KRW
348370,"ENCHEM CO., LTD.",,Corée,KRX,KRW
348350,WITHTECH INC.,,Corée,KRX,KRW
348340,"NEUROMEKA CO., LTD.",,Corée,KRX,KRW
471050,DAISHIN BALANCE NO.17 SPECIAL PURPOSE COMPANY,,Corée,KRX,KRW
469610,INNOTECH CORPORATION,,Corée,KRX,KRW
348210,NEXTIN INC.,,Corée,KRX,KRW
348080,"QURATIS CO., LTD.",,Corée,KRX,KRW
348030,"MOBIRIX CO., LTD.",,Corée,KRX,KRW
471820,CELLROMAX SCIENCES CO. LTD.,,Corée,KRX,KRW
347890,M2I CORPORATION,,Corée,KRX,KRW
347860,ALCHERA INC.,,Corée,KRX,KRW
347850,D&D PHARMATECH INC.,,Corée,KRX,KRW
348150,KOBIOLABS INC.,,Corée,KRX,KRW
2920,YOOSUNG ENTERPRISE CO. LTD.,,Corée,KRX,KRW
469480,"IBKS NO.24 CO., LTD.",,Corée,KRX,KRW
468530,"PROTEINA CO., LTD.",,Corée,KRX,KRW
463020,"NEWEN AI CO., LTD.",,Corée,KRX,KRW
351870,CHAI COMMUNICATION CO. LTD.,,Corée,KRX,KRW
351330,ISAAC ENGINEERING CO. LTD.,,Corée,KRX,KRW
463480,MOTIVELINK CO. LTD.,,Corée,KRX,KRW
351320,SOLUTION ADVANCED TECHNOLOGY,,Corée,KRX,KRW
464080,"SOS LAB CO., LTD.",,Corée,KRX,KRW
464280,"TDS PHARM CO., LTD.",,Corée,KRX,KRW
464500,IRON DEVICE CORP.,,Corée,KRX,KRW
464580,DOTMILL INC.,,Corée,KRX,KRW
350520,"IGIS RESIDENCE REIT CO., LTD.",,Corée,KRX,KRW
465480,INSPIEN INC.,,Corée,KRX,KRW
465770,STX GREEN LOGISTICS LTD.,,Corée,KRX,KRW
466100,"CLOBOT CO., LTD.",,Corée,KRX,KRW
466410,SYNAPSOFT CORP.,,Corée,KRX,KRW
467930,"IBKS NO. 23 SPECIAL PURPOSE A CO., LTD.",,Corée,KRX,KRW
462870,SHIFT UP CORP.,,Corée,KRX,KRW
457370,HANCHEM CO. LTD.,,Corée,KRX,KRW
488280,S2W INC.,,Corée,KRX,KRW
489480,"KIWOOM NO11 SPECIAL PURPOSE CO., LTD.",,Corée,KRX,KRW
317450,"MYUNG IN PHARM CO., LTD.",,Corée,KRX,KRW
317400,XI S&D INC.,,Corée,KRX,KRW
10100,"KOREA MOVENEX CO., LTD.",,Corée,KRX,KRW
317330,"DUKSAN TECHOPIA CO., LTD.",,Corée,KRX,KRW
317240,"TS TRILLION CO., LTD.",,Corée,KRX,KRW
317120,RANIX INC.,,Corée,KRX,KRW
317530,"CARRIESOFT CO., LTD.",,Corée,KRX,KRW
18500,"DONGWON METAL CO., LTD.",,Corée,KRX,KRW
10130,"KOREA ZINC CO., LTD.",,Corée,KRX,KRW
2720,"KUKJE PHARMA CO., LTD.",,Corée,KRX,KRW
316140,WOORI FINANCIAL GROUP INC.,,Corée,KRX,KRW
10140,"SAMSUNG HEAVY INDUSTRIES CO., LTD.",,Corée,KRX,KRW
315640,DEEPNOID INC.,,Corée,KRX,KRW
10170,"TAIHAN FIBEROPTICS CO., LTD.",,Corée,KRX,KRW
10120,"LS ELECTRIC CO., LTD.",,Corée,KRX,KRW
317690,QUANTAMATRIX INC.,,Corée,KRX,KRW
317770,XPERI INC.,,Corée,KRX,KRW
317830,"SP SYSTEMS CO., LTD.",,Corée,KRX,KRW
18680,"SEOUL PHARMA CO., LTD.",,Corée,KRX,KRW
319660,PSK INC.,,Corée,KRX,KRW
18670,SK GAS LTD.,,Corée,KRX,KRW
319400,"HYUNDAI MOVEX CO., LTD.",,Corée,KRX,KRW
318660,TIME TECHNICAL SUPPORT LTD.,,Corée,KRX,KRW
318410,BBC CO. LTD.,,Corée,KRX,KRW
18620,WOOGENE B&G CO. LTD.,,Corée,KRX,KRW
318160,CELL BIO HUMAN TECH CO. LTD.,,Corée,KRX,KRW
318060,GRAPHY INC.,,Corée,KRX,KRW
318020,"POINT MOBILE CO., LTD.",,Corée,KRX,KRW
318010,PHARMSVILLE CO. LTD.,,Corée,KRX,KRW
318000,KBG CORP,,Corée,KRX,KRW
317870,ENVIONEER CO. LTD.,,Corée,KRX,KRW
317860,NORDMASON CO. LTD.,,Corée,KRX,KRW
317850,DAEMO ENGINEERING CO. LTD.,,Corée,KRX,KRW
314930,"BIODYNE CO., LTD.",,Corée,KRX,KRW
320000,HANWOOL SEMICONDUCTOR INC.,,Corée,KRX,KRW
10240,"HEUNGKUK METALTECH CO., LTD.",,Corée,KRX,KRW
314140,RP BIO INC.,,Corée,KRX,KRW
310870,"DYC CO., LTD.",,Corée,KRX,KRW
10770,"PYUNG HWA HOLDINGS CO., LTD.",,Corée,KRX,KRW
18250,AEKYUNG INDUSTRIAL CO. LTD.,,Corée,KRX,KRW
310210,"VORONOI, INC.",,Corée,KRX,KRW
2690,DONGIL STEEL MFG CO. LTD.,,Corée,KRX,KRW
310200,ANIPLUS INC.,,Corée,KRX,KRW
311060,LAT CO. LTD.,,Corée,KRX,KRW
309960,LB INVESTMENT INC.,,Corée,KRX,KRW
4770,SUNNY ELECTRONICS CORP.,,Corée,KRX,KRW
309930,OHEIM & COMPANY CO. LTD.,,Corée,KRX,KRW
10820,"FIRSTEC CO., LTD.",,Corée,KRX,KRW
4780,"DAERYUK CAN CO., LTD.",,Corée,KRX,KRW
4250,NATIONAL PENSION CORPORATION,,Corée,KRX,KRW
10950,S-OIL CORPORATION,,Corée,KRX,KRW
10780,"IS DONGSEO CO., LTD.",,Corée,KRX,KRW
311320,GO ELEMENT CO. LTD.,,Corée,KRX,KRW
311390,"NEO CREMAR CO., LTD.",,Corée,KRX,KRW
2700,"SHINIL ELECTRONICS CO., LTD.",,Corée,KRX,KRW
314130,GENOME & COMPANY,,Corée,KRX,KRW
2710,"TCC STEEL CO., LTD.",,Corée,KRX,KRW
18470,"CHOIL ALUMINUM CO., LTD.",,Corée,KRX,KRW
312610,AFW CO. LTD.,,Corée,KRX,KRW
10400,"WOOJIN I&S CO., LTD.",,Corée,KRX,KRW
18310,"SAMMOK S-FORM CO., LTD.",,Corée,KRX,KRW
10470,ORICOM INC.,,Corée,KRX,KRW
9830,HANWHA SOLUTIONS CORP.,,Corée,KRX,KRW
10640,"CHINYANG POLYURETHANE CO., LTD.",,Corée,KRX,KRW
18290,"VT CO., LTD.",,Corée,KRX,KRW
311960,AI THE NUTRIGENOMICS CO.,,Corée,KRX,KRW
18260,"SAMSUNG SDS CO., LTD.",,Corée,KRX,KRW
10660,"HWACHEON MACHINERY CO., LTD.",,Corée,KRX,KRW
10690,"HWA SHIN CO., LTD.",,Corée,KRX,KRW
311690,CJ BIOSCIENCE INC.,,Corée,KRX,KRW
10280,SSANGYONG INFORMATION & COMMUNICATIONS CORP.,,Corée,KRX,KRW
489460,BIOBIJOU CO. LTD.,,Corée,KRX,KRW
18700,"BARUNSON CO., LTD.",,Corée,KRX,KRW
321370,"SENSORVIEW CO., LTD.",,Corée,KRX,KRW
331520,"VALOFE CO., LTD.",,Corée,KRX,KRW
493330,"GFI CO., LTD.",,Corée,KRX,KRW
331380,FOCUS HNS CO. LTD.,,Corée,KRX,KRW
494120,CURIOSIS INC.,,Corée,KRX,KRW
4720,PHARMGEN SCIENCE INC.,,Corée,KRX,KRW
330860,NEPIS ARK CORP.,,Corée,KRX,KRW
2840,"MIWON COMMERCIAL CO., LTD.",,Corée,KRX,KRW
330730,STONEBRIDGE VENTURES INC.,,Corée,KRX,KRW
330350,WITHUS PHARMACEUTICAL CO. LTD.,,Corée,KRX,KRW
2820,"SUN&L CO., LTD.",,Corée,KRX,KRW
496070,SHINHAN 16TH SPECIAL PURPOSE COMPANY,,Corée,KRX,KRW
2810,"SAM YUNG TRADING CO., LTD.",,Corée,KRX,KRW
329180,"HD HYUNDAI HEAVY INDUSTRIES CO., LTD.",,Corée,KRX,KRW
499790,GS P&L CO. LTD.,,Corée,KRX,KRW
330590,"LOTTE REIT CO., LTD.",,Corée,KRX,KRW
493280,IMBIOLOGICS CORP.,,Corée,KRX,KRW
331740,AUTOCRYPT CO LTD COMMON STOCK,,Corée,KRX,KRW
4150,"HANSOL HOLDINGS CO., LTD.",,Corée,KRX,KRW
334890,"IGIS VALUE PLUS REIT CO., LTD.",,Corée,KRX,KRW
489500,"LK CHEM CO., LTD.",,Corée,KRX,KRW
2880,"DAYOU AUTOMOTIVE SEAT TECHNOLOGY CO., LTD.",,Corée,KRX,KRW
489730,DB FINANCE NO.13 SPECIAL PURPOSE LTD.,,Corée,KRX,KRW
489790,"HANWHA VISION CO., LTD.",,Corée,KRX,KRW
333620,"NSYS CO., LTD.",,Corée,KRX,KRW
2870,"SHIN POONG PHARMACEUTICAL CO., LTD.",,Corée,KRX,KRW
490470,SEMIFIVE INC.,,Corée,KRX,KRW
333430,"IL SEUNG CO., LTD.",,Corée,KRX,KRW
333050,MOCOMSYS INC.,,Corée,KRX,KRW
332570,WIRELESS POWER AMPLIFIER MODULE INC.,,Corée,KRX,KRW
491000,LIVSMED INC.,,Corée,KRX,KRW
332370,IDP CORPORATION LIMITED,,Corée,KRX,KRW
332290,NOUSBO CO. LTD.,,Corée,KRX,KRW
331920,CELEMICS INC.,,Corée,KRX,KRW
328380,"SALTWARE CO., LTD.",,Corée,KRX,KRW
321260,PRO2000 CO. LTD.,,Corée,KRX,KRW
328130,LUNIT INC.,,Corée,KRX,KRW
19770,SEOYON TOPMETAL CO. LTD.,,Corée,KRX,KRW
19210,"YG-1 CO., LTD.",,Corée,KRX,KRW
19180,THN CORP.,,Corée,KRX,KRW
950160,KOLON TISSUEGENE,,Corée,KRX,KRW
19170,"SHIN POONG PHARMACEUTICAL CO., LTD.",,Corée,KRX,KRW
10040,KOREA REFRACTORIES CO. LTD.,,Corée,KRX,KRW
322310,AUROS TECHNOLOGY INC.,,Corée,KRX,KRW
322510,JLK INC.,,Corée,KRX,KRW
322180,"THIRA UTECH CO., LTD.",,Corée,KRX,KRW
322000,"HD HYUNDAI ENERGY SOLUTIONS CO., LTD.",,Corée,KRX,KRW
321820,ARTIST UNITED INC.,,Corée,KRX,KRW
10060,OCI HOLDINGS CO. LTD.,,Corée,KRX,KRW
18880,HANON SYSTEMS,,Corée,KRX,KRW
2760,"BOLAK CO., LTD.",,Corée,KRX,KRW
321550,"TIUMBIO CO., LTD.",,Corée,KRX,KRW
19010,"VENUEG CO., LTD.",,Corée,KRX,KRW
322780,"COPUS KOREA CO., LTD.",,Corée,KRX,KRW
0099X0,IBKS NO25 SPECIAL PURPOSE AC,,Corée,KRX,KRW
19490,HITRON SYSTEMS INC.,,Corée,KRX,KRW
327260,RF MATERIALS CO. LTD.,,Corée,KRX,KRW
326030,"SK BIOPHARMACEUTICALS CO., LTD.",,Corée,KRX,KRW
19680,"DAEKYO CO., LTD.",,Corée,KRX,KRW
19660,"GLOBON CO., LTD.",,Corée,KRX,KRW
2790,AMOREPACIFIC GROUP,,Corée,KRX,KRW
19570,PLUTUS INVESTMENT CO. LTD.,,Corée,KRX,KRW
19550,"SBI INVESTMENT KOREA CO., LTD.",,Corée,KRX,KRW
323990,VAXCELL-BIO THERAPEUTICS INC.,,Corée,KRX,KRW
323410,KAKAOBANK CORP.,,Corée,KRX,KRW
19540,"ILJI TECHNOLOGY CO., LTD.",,Corée,KRX,KRW
4170,SHINSEGAE INC.,,Corée,KRX,KRW
323350,"DAWON NEXVIEW CO., LTD.",,Corée,KRX,KRW
323280,"TAESUNG CO., LTD.",,Corée,KRX,KRW
2780,CHIN HUNG INTERNATIONAL INC.,,Corée,KRX,KRW
322970,"MOOGENE MEDI CO., LTD.",,Corée,KRX,KRW
2800,"SINSIN PHARMACEUTICAL CO., LTD.",,Corée,KRX,KRW
457190,"ISU SPECIALTY CHEMICALS CO., LTD.",,Corée,KRX,KRW
355150,KOSTECSYS CO. LTD.,,Corée,KRX,KRW
355390,CROWDWORKS INC.,,Corée,KRX,KRW
3000,"BUKWANG PHARMACEUTICAL CO., LTD.",,Corée,KRX,KRW
4710,"HANSOL TECHNICS CO., LTD.",,Corée,KRX,KRW
389030,GENINUS INC.,,Corée,KRX,KRW
389020,ZARAM TECHNOLOGY INC.,,Corée,KRX,KRW
388870,"PHAROS IBIO CO., LTD.",,Corée,KRX,KRW
419530,"SAMG ENTERTAINMENT CO., LTD.",,Corée,KRX,KRW
389140,4BY4 INC.,,Corée,KRX,KRW
419540,BISTOS CO. LTD.,,Corée,KRX,KRW
388720,"YUIL ROBOTICS CO., LTD.",,Corée,KRX,KRW
3530,"HANWHA INVESTMENT & SECURITIES CO., LTD.",,Corée,KRX,KRW
388610,"GFC LIFE SCIENCE CO., LTD.",,Corée,KRX,KRW
388050,G2POWER CO. LTD.,,Corée,KRX,KRW
3540,DAISHIN SECURITIES CO. LTD.,,Corée,KRX,KRW
387690,REMEDI INC.,,Corée,KRX,KRW
388790,LICOMM CO. LTD.,,Corée,KRX,KRW
389260,"DAEMYOUNG ENERGY CO., LTD.",,Corée,KRX,KRW
389470,INVENTAGE LAB INC.,,Corée,KRX,KRW
389500,"SBB TECH CO., LTD.",,Corée,KRX,KRW
418470,"MILLIE SEOJAE CO., LTD.",,Corée,KRX,KRW
394800,3BILLION INC.,,Corée,KRX,KRW
418550,"JEIO CO., LTD.",,Corée,KRX,KRW
394420,RECENS MEDICAL INC.,,Corée,KRX,KRW
418620,E8IGHT CO. LTD.,,Corée,KRX,KRW
394280,OPENEDGES TECHNOLOGY INC.,,Corée,KRX,KRW
393890,"W-SCOPE CHUNGJU PLANT CO., LTD.",,Corée,KRX,KRW
391710,"KORNIC AUTOMATION CO., LTD.",,Corée,KRX,KRW
419050,SAMKEE EV CORP.,,Corée,KRX,KRW
419080,"ENJET CO., LTD.",,Corée,KRX,KRW
20400,DAEDONG METALS CO. LTD.,,Corée,KRX,KRW
390110,ANYMEDI INC.,,Corée,KRX,KRW
419120,SANDOLL INC.,,Corée,KRX,KRW
389680,"UDMTEK CO., LTD.",,Corée,KRX,KRW
389650,"NEXTBIOMEDICAL CO., LTD.",,Corée,KRX,KRW
387570,"FINEMEDIX CO., LTD.",,Corée,KRX,KRW
3520,"YUNGJIN PHARMACEUTICAL CO., LTD.",,Corée,KRX,KRW
20000,HANDSOME CO. LTD.,,Corée,KRX,KRW
384470,"CORELINE SOFT CO., LTD.",,Corée,KRX,KRW
3580,"HLB GLOBAL CO., LTD.",,Corée,KRX,KRW
425420,TFE CO. LTD.,,Corée,KRX,KRW
429270,SIGETRONICS INC.,,Corée,KRX,KRW
380550,NEUROPHET INC.,,Corée,KRX,KRW
2990,KUMHO E&C CO. LTD.,,Corée,KRX,KRW
379390,"IHSUNGCNI CO., LTD.",,Corée,KRX,KRW
3570,"SNT DYNAMICS CO., LTD.",,Corée,KRX,KRW
3610,"PANG RIM CO., LTD.",,Corée,KRX,KRW
378800,SHAPERON INC.,,Corée,KRX,KRW
378340,PHILENERGY CO. LTD.,,Corée,KRX,KRW
430690,HANSSAK CO. LTD.,,Corée,KRX,KRW
431190,"K3I CO., LTD.",,Corée,KRX,KRW
3620,"KG MOBILITY CO., LTD.",,Corée,KRX,KRW
377740,BIONOTE INC.,,Corée,KRX,KRW
378850,"HWASEUNG R&A CO., LTD.",,Corée,KRX,KRW
425040,"TEMC CO., LTD.",,Corée,KRX,KRW
381620,"ZENIX CO., LTD.",,Corée,KRX,KRW
381970,"K CAR CO., LTD.",,Corée,KRX,KRW
383930,"DT & CRO CO., LTD.",,Corée,KRX,KRW
383800,LX HOLDINGS CORP.,,Corée,KRX,KRW
420770,GIGAVIS CO. LTD.,,Corée,KRX,KRW
383310,"ECOPRO HN CO., LTD.",,Corée,KRX,KRW
424760,BELLOCK INC.,,Corée,KRX,KRW
383220,"F&F CO., LTD.",,Corée,KRX,KRW
382900,"BUMHAN FUEL CELL CO., LTD.",,Corée,KRX,KRW
382840,ONEJOON CO. LTD.,,Corée,KRX,KRW
382800,GNBS ECO CO. LTD.,,Corée,KRX,KRW
424870,IMMUNEONCIA THERAPEUTICS INC.,,Corée,KRX,KRW
382480,GI TECH CO. LTD.,,Corée,KRX,KRW
3550,LG CORP,,Corée,KRX,KRW
424960,SMART RADAR SYSTEM INC.,,Corée,KRX,KRW
382150,ONCOCROSS CO. LTD.,,Corée,KRX,KRW
424980,MICRO2NANO INC.,,Corée,KRX,KRW
420570,"J2KBIO CO., LTD.",,Corée,KRX,KRW
3650,MI CHANG OIL INDUSTRIAL CO.,,Corée,KRX,KRW
395400,"SK REITS CO., LTD.",,Corée,KRX,KRW
418420,RAONTECH INC.,,Corée,KRX,KRW
3380,"HARIM HOLDINGS CO., LTD.",,Corée,KRX,KRW
413390,"MOT CO., LTD.",,Corée,KRX,KRW
413630,CP SYSTEM CO. LTD.,,Corée,KRX,KRW
413640,"BI MATRIX CO., LTD.",,Corée,KRX,KRW
3030,SEAH STEEL HOLDINGS CORPORATION,,Corée,KRX,KRW
408920,MESSE ESANG CO. LTD.,,Corée,KRX,KRW
3350,"HANKOOK COSMETICS MANUFACTURING CO., LTD.",,Corée,KRX,KRW
408900,"STUDIO MIR CO., LTD",,Corée,KRX,KRW
407400,GGUMBI INC.,,Corée,KRX,KRW
415380,"STUDIO SAMICK CO., LTD.",,Corée,KRX,KRW
406820,BEAUTY SKIN CO. LTD.,,Corée,KRX,KRW
415640,KB BALHAE INFRASTRUCTURE FUND,,Corée,KRX,KRW
3460,"YUHWA SECURITIES CO., LTD.",,Corée,KRX,KRW
405920,"NARA CELLAR CO., LTD.",,Corée,KRX,KRW
408470,"HANPASS CO., LTD.",,Corée,KRX,KRW
413300,"TL ENGINEERING CO., LTD.",,Corée,KRX,KRW
411080,SANDS LAB INC.,,Corée,KRX,KRW
3310,DAEJOO CO. LTD.,,Corée,KRX,KRW
3220,"DAEWON PHARMACEUTICAL CO., LTD.",,Corée,KRX,KRW
3200,"ILSHIN SPINNING CO., LTD.",,Corée,KRX,KRW
3240,"TAEKWANG INDUSTRIAL CO., LTD.",,Corée,KRX,KRW
3160,D.I CORPORATION,,Corée,KRX,KRW
3120,ILSUNG CO. LTD.,,Corée,KRX,KRW
3100,"SUN KWANG CO., LTD.",,Corée,KRX,KRW
3280,"HEUNG-A SHIPPING CO., LTD.",,Corée,KRX,KRW
412350,"LASERSSEL CO., LTD.",,Corée,KRX,KRW
412540,"JEIL M&S CO., LTD.",,Corée,KRX,KRW
0030R0,"DAISHIN VALUE REIT CO., LTD.",,Corée,KRX,KRW
3090,"DAEWOONG CO., LTD.",,Corée,KRX,KRW
3080,"SUNG BO CHEMICALS CO., LTD.",,Corée,KRX,KRW
3070,KOLON GLOBAL CORP.,,Corée,KRX,KRW
3060,APROGEN BIOLOGICS INC.,,Corée,KRX,KRW
3300,"HANIL HOLDINGS CO., LTD.",,Corée,KRX,KRW
3470,"YUANTA SECURITIES KOREA CO., LTD.",,Corée,KRX,KRW
396270,"NEXTCHIP CO., LTD.",,Corée,KRX,KRW
405100,QRT INC.,,Corée,KRX,KRW
404990,SHINHAN SEOBU T&D REIT CO. LTD.,,Corée,KRX,KRW
399720,GAONCHIPS CO. LTD.,,Corée,KRX,KRW
417310,"KORAMCO THE ONE REIT CO., LTD.",,Corée,KRX,KRW
398120,"SG HEALTHCARE CO., LTD.",,Corée,KRX,KRW
417500,"JI-TECH CO., LTD.",,Corée,KRX,KRW
397810,"ADFORUS CO., LTD.",,Corée,KRX,KRW
397030,APRILBIO CO. LTD.,,Corée,KRX,KRW
3490,"KOREAN AIR LINES CO., LTD.",,Corée,KRX,KRW
417790,"TRUEN CO., LTD.",,Corée,KRX,KRW
417840,"JUSTEM CO., LTD.",,Corée,KRX,KRW
417860,OBZEN INC.,,Corée,KRX,KRW
417970,"MODEL SOLUTION CO., LTD.",,Corée,KRX,KRW
418250,"SECULETTER CO., LTD.",,Corée,KRX,KRW
396470,WOT CO LTD.,,Corée,KRX,KRW
396300,"SE A MECHANICS CO., LTD.",,Corée,KRX,KRW
396690,"MIRAE ASSET GLOBAL REIT CO., LTD.",,Corée,KRX,KRW
3010,HAE IN CORPORATION,,Corée,KRX,KRW
417200,LS MATERIALS,,Corée,KRX,KRW
417180,"FINGER STORY CO., LTD.",,Corée,KRX,KRW
403870,"HPSP CO., LTD.",,Corée,KRX,KRW
403550,SOCAR INC.,,Corée,KRX,KRW
403490,"WOODEUMGEEFARM CO., LTD.",,Corée,KRX,KRW
403360,"YESPEECH CO., LTD.",,Corée,KRX,KRW
402490,GREEN RESOURCE CO. LTD.,,Corée,KRX,KRW
402420,"CALTH, INC.",,Corée,KRX,KRW
402340,"SK SQUARE CO., LTD.",,Corée,KRX,KRW
416180,"SHINSUNG ST CO., LTD.",,Corée,KRX,KRW
402030,KONAN TECHNOLOGY INC.,,Corée,KRX,KRW
3480,"HANJIN HEAVY INDUSTRIES & CONSTRUCTION HOLDINGS CO., LTD.",,Corée,KRX,KRW
400760,"NH ALL-ONE REIT CO., LTD.",,Corée,KRX,KRW
20120,KIDARISTUDIO INC.,,Corée,KRX,KRW
20150,LOTTE ENERGY MATERIALS CORP.,,Corée,KRX,KRW
20180,"DAISHIN INFORMATION & COMMUNICATIONS CO., LTD.",,Corée,KRX,KRW
417010,NANOTIM CORP,,Corée,KRX,KRW
405000,"PLASMAPP CO., LTD.",,Corée,KRX,KRW
377480,MAUM AI INC.,,Corée,KRX,KRW
377460,"WINIA AID CO., LTD.",,Corée,KRX,KRW
377450,REFINE CO. LTD.,,Corée,KRX,KRW
448280,"ECOEYE CO., LTD.",,Corée,KRX,KRW
448710,"COTS TECHNOLOGY CO., LTD.",,Corée,KRX,KRW
448730,"SAMSUNG F&M REIT CO., LTD.",,Corée,KRX,KRW
448780,"MICRO-NX CO., LTD.",,Corée,KRX,KRW
360350,"COXEM CO., LTD.",,Corée,KRX,KRW
448900,"PIM KOREA CO., LTD.",,Corée,KRX,KRW
447690,"AIOBIO CO., LTD.",,Corée,KRX,KRW
450080,"ECOPRO MATERIALS CO., LTD.",,Corée,KRX,KRW
360070,TOP MATERIAL CO. LTD.,,Corée,KRX,KRW
450330,HASS CORP.,,Corée,KRX,KRW
450520,"INSWAVE SYSTEMS CO., LTD.",,Corée,KRX,KRW
450950,ASTERASYS CO. LTD.,,Corée,KRX,KRW
4090,KOREA PETROLEUM INDUSTRIES CO. LTD.,,Corée,KRX,KRW
451220,IMT CO. LTD.,,Corée,KRX,KRW
4080,"SHINHUNG CO., LTD.",,Corée,KRX,KRW
446540,"MEGATOUCH CO., LTD.",,Corée,KRX,KRW
19990,ENERTORK LTD.,,Corée,KRX,KRW
361390,GENOHCO INC.,,Corée,KRX,KRW
363260,MOBIDAYS INC.,,Corée,KRX,KRW
363250,"GENESYSTEM CO., LTD.",,Corée,KRX,KRW
445090,"ASICLAND CO., LTD.",,Corée,KRX,KRW
362990,"DREAMINSIGHT CO., LTD.",,Corée,KRX,KRW
362320,CHUNGDAMGLOBAL CO. LTD.,,Corée,KRX,KRW
445180,"PURITY CO., LTD.",,Corée,KRX,KRW
4000,LOTTE FINE CHEMICAL CO. LTD.,,Corée,KRX,KRW
361670,SAMYOUNG S&C CO. LTD.,,Corée,KRX,KRW
361610,"SK IE TECHNOLOGY CO., LTD.",,Corée,KRX,KRW
445680,"CURIOX BIOSYSTEMS CO., LTD.",,Corée,KRX,KRW
4020,HYUNDAI STEEL CO.,,Corée,KRX,KRW
361570,RBW INC.,,Corée,KRX,KRW
4060,SG CORPORATION,,Corée,KRX,KRW
4700,"CHOKWONG LEATHER CO., LTD.",,Corée,KRX,KRW
446070,"UNIDBTPLUS CO., LTD.",,Corée,KRX,KRW
451250,BBIA CO.,,Corée,KRX,KRW
363280,TY HOLDINGS CO. LTD.,,Corée,KRX,KRW
451760,"CONTEC CO., LTD.",,Corée,KRX,KRW
452160,JNB CO. LTD.,,Corée,KRX,KRW
357230,H.PIO CO. LTD.,,Corée,KRX,KRW
357120,KORAMCO LIFE INFRASTRUCTURE REIT CO. LTD.,,Corée,KRX,KRW
454910,DOOSAN ROBOTICS INC.,,Corée,KRX,KRW
455180,KGA CO. LTD.,,Corée,KRX,KRW
356890,"CYBERONE CO., LTD.",,Corée,KRX,KRW
356860,TLB CO. LTD.,,Corée,KRX,KRW
357250,"MIRAE ASSET MAPS REIT 1 CO., LTD.",,Corée,KRX,KRW
356680,"AXGATE CO., LTD.",,Corée,KRX,KRW
20560,ASIANA AIRLINES INC.,,Corée,KRX,KRW
456010,"ICTK CO., LTD.",,Corée,KRX,KRW
456040,"OCI CO., LTD.",,Corée,KRX,KRW
456070,"ENCELL CO., LTD.",,Corée,KRX,KRW
355690,"ATUM CO., LTD.",,Corée,KRX,KRW
456160,G2GBIO INC.,,Corée,KRX,KRW
455900,ANGEL ROBOTICS CO. LTD.,,Corée,KRX,KRW
357430,MASTERN PREMIER REIT 1,,Corée,KRX,KRW
357550,"SUKGYUNG AT CO., LTD.",,Corée,KRX,KRW
357580,"AMOSENSE CO., LTD.",,Corée,KRX,KRW
359090,C&R RESEARCH INC.,,Corée,KRX,KRW
452190,HBL CORP LTD.,,Corée,KRX,KRW
452200,MINTECH CO. LTD.,,Corée,KRX,KRW
452260,HANWHA GALLERIA CO. LTD.,,Corée,KRX,KRW
452280,HANSUN ENGINEERING CO. LTD.,,Corée,KRX,KRW
452300,CAPSTONE PARTNERS INC.,,Corée,KRX,KRW
452400,INICS CORP,,Corée,KRX,KRW
452430,SAPIEN SEMICONDUCTOR INC.,,Corée,KRX,KRW
452450,PIE CO. LTD.,,Corée,KRX,KRW
358570,GI INNOVATION INC.,,Corée,KRX,KRW
453340,"HYUNDAI GREEN FOOD CO., LTD.",,Corée,KRX,KRW
453450,"GRIDWIZ CO., LTD.",,Corée,KRX,KRW
453860,"ASTECH CO., LTD.",,Corée,KRX,KRW
357880,SKAI WORLDWIDE CO. LTD.,,Corée,KRX,KRW
357780,"SOULBRAIN CO., LTD.",,Corée,KRX,KRW
451800,HANWHA REIT CO. LTD.,,Corée,KRX,KRW
0039P0,MADUP INC.,,Corée,KRX,KRW
364950,"AI KOREA CO., LTD.",,Corée,KRX,KRW
365270,"CURACLE CO., LTD.",,Corée,KRX,KRW
373160,DAY1 CO INC,,Corée,KRX,KRW
373110,XCELL THERAPEUTICS INC.,,Corée,KRX,KRW
372910,HANCOM LIFECARE INC.,,Corée,KRX,KRW
372800,ITEYES INC.,,Corée,KRX,KRW
372320,CUROCELL INC.,,Corée,KRX,KRW
432430,YLAB CORP.,,Corée,KRX,KRW
373170,MICUBE SOLUTION INC.,,Corée,KRX,KRW
372170,"YUNSUNG F&C CO., LTD.",,Corée,KRX,KRW
9970,"YOUNGONE HOLDINGS CO., LTD.",,Corée,KRX,KRW
432470,KNS CO. LTD.,,Corée,KRX,KRW
432720,"QUALITAS SEMICONDUCTOR CO., LTD.",,Corée,KRX,KRW
432980,MFC CO LTD.,,Corée,KRX,KRW
3680,"HANSUNG ENTERPRISE CO., LTD.",,Corée,KRX,KRW
434190,TALOS CO. LTD.,,Corée,KRX,KRW
371950,"POONGWON PRECISION CO., LTD.",,Corée,KRX,KRW
373200,XPLUS INC.,,Corée,KRX,KRW
373220,LG ENERGY SOLUTION LTD.,,Corée,KRX,KRW
375500,"DL E&C CO., LTD.",,Corée,KRX,KRW
377330,"EGTRONICS CO., LTD.",,Corée,KRX,KRW
377300,KAKAOPAY CORP.,,Corée,KRX,KRW
432320,KB STAR REAL ESTATE INVESTMENT TRUST,,Corée,KRX,KRW
377220,"FROM BIO CO., LTD.",,Corée,KRX,KRW
377190,D&D PLATFORM REIT CO. LTD.,,Corée,KRX,KRW
377030,"MAXST CO., LTD.",,Corée,KRX,KRW
376980,WANTEDLAB INC.,,Corée,KRX,KRW
376930,NOUL CO. LTD.,,Corée,KRX,KRW
376900,ROKIT HEALTHCARE INC.,,Corée,KRX,KRW
9900,"MYOUNG SHIN INDUSTRIAL CO., LTD.",,Corée,KRX,KRW
376300,"DEAR U CO., LTD.",,Corée,KRX,KRW
376290,CU TECH CORP,,Corée,KRX,KRW
376270,HEM PHARMA INC.,,Corée,KRX,KRW
376180,"PICOGRAM CO., LTD.",,Corée,KRX,KRW
3670,"POSCO FUTURE M CO., LTD.",,Corée,KRX,KRW
3690,KOREAN REINSURANCE COMPANY,,Corée,KRX,KRW
434480,"MONITORAPP CO., LTD.",,Corée,KRX,KRW
435570,ERCOHS AGRICULTURAL CORPORATION CO.,,Corée,KRX,KRW
437730,"SAMHYUN CO., LTD.",,Corée,KRX,KRW
443250,REVU CORP INC.,,Corée,KRX,KRW
3830,"DAEHAN SYNTHETIC FIBER CO., LTD.",,Corée,KRX,KRW
443670,SPSOFT INC.,,Corée,KRX,KRW
2960,"HANKOOK SHELL OIL CO., LTD.",,Corée,KRX,KRW
366030,09WOMEN CO. LTD.,,Corée,KRX,KRW
365900,VC INC.,,Corée,KRX,KRW
365660,"LEMON HEALTHCARE CO., LTD.",,Corée,KRX,KRW
365590,HIDEEP INC.,,Corée,KRX,KRW
365550,"ESR KENDALL SQUARE REIT CO., LTD.",,Corée,KRX,KRW
365340,"SUNGEEL HITECH CO., LTD.",,Corée,KRX,KRW
365330,SY STEEL TECH INC.,,Corée,KRX,KRW
3850,BORYUNG CO. LTD.,,Corée,KRX,KRW
444530,SPLATFORM CO. LTD.,,Corée,KRX,KRW
3920,"NAMYANG DAIRY PRODUCTS CO., LTD.",,Corée,KRX,KRW
3960,SAJODAERIM CORPORATION,,Corée,KRX,KRW
3800,"ACE BED CO., LTD.",,Corée,KRX,KRW
2680,HANTOP INC.,,Corée,KRX,KRW
367000,"PLATEER CO., LTD.",,Corée,KRX,KRW
368600,ICH CO. LTD.,,Corée,KRX,KRW
438700,"VIRNECT CO., LTD.",,Corée,KRX,KRW
439090,"MANYO CO., LTD.",,Corée,KRX,KRW
439260,"DAEHAN SHIPBUILDING CO., LTD.",,Corée,KRX,KRW
439580,"BLUE M TECHNOLOGY CO., LTD.",,Corée,KRX,KRW
439960,"COSMO ROBOTICS CO., LTD.",,Corée,KRX,KRW
440110,FADU INC.,,Corée,KRX,KRW
370090,"FURONTEER CO., LTD.",,Corée,KRX,KRW
440290,HB INVESTMENT INC.,,Corée,KRX,KRW
440320,"OPENKNOW CO., LTD.",,Corée,KRX,KRW
441270,"FINE M-TEC CO., LTD.",,Corée,KRX,KRW
369370,"BLITZWAY STUDIOS CO., LTD.",,Corée,KRX,KRW
368970,OSP CO. LTD.,,Corée,KRX,KRW
368770,FIBERPRO INC.,,Corée,KRX,KRW
3720,"SAMYOUNG CO., LTD.",,Corée,KRX,KRW
3780,CHIN YANG INDUSTRY CO. LTD.,,Corée,KRX,KRW
443060,HD HYUNDAI MARINE SOLUTION CO.,,Corée,KRX,KRW
10960,"SAMHO DEVELOPMENT CO., LTD.",,Corée,KRX,KRW
3230,"SAMYANG FOODS CO., LTD.",,Corée,KRX,KRW
0126Z0,"SAMSUNG EPIS HOLDINGS CO., LTD.",,Corée,KRX,KRW
12630,HDC HOLDINGS CO. LTD.,,Corée,KRX,KRW
4970,"SILLA CO., LTD.",,Corée,KRX,KRW
4960,"HANSHIN CONSTRUCTION CO., LTD.",,Corée,KRX,KRW
6800,"MIRAE ASSET SECURITIES CO., LTD.",,Corée,KRX,KRW
7340,DN AUTOMOTIVE CORP.,,Corée,KRX,KRW
15860,"ILJIN HOLDINGS CO., LTD.",,Corée,KRX,KRW
12030,DB INC.,,Corée,KRX,KRW
12690,MONALISA CO. LTD.,,Corée,KRX,KRW
5360,"MONAMI CO., LTD.",,Corée,KRX,KRW
11150,CJ SEAFOOD CORPORATION,,Corée,KRX,KRW
5380,HYUNDAI MOTOR CO.,,Corée,KRX,KRW
4920,CITECH CO. LTD.,,Corée,KRX,KRW
11080,"HYUNGJI INNOVATION AND CREATIVITY CO., LTD.",,Corée,KRX,KRW
9410,"TAEYOUNG ENGINEERING & CONSTRUCTION CO., LTD.",,Corée,KRX,KRW
9420,HANALL BIOPHARMA CO. LTD.,,Corée,KRX,KRW
5710,"DAEWON SAN UP CO., LTD.",,Corée,KRX,KRW
7390,"NATURECELL CO., LTD.",,Corée,KRX,KRW
17040,"KWANG MYUNG ELECTRIC CO., LTD.",,Corée,KRX,KRW
7370,"JIN YANG PHARMACEUTICAL CO., LTD.",,Corée,KRX,KRW
7330,PUREUN MUTUAL SAVINGS BANK,,Corée,KRX,KRW
12620,"WONIL SPECIAL STEEL CO., LTD.",,Corée,KRX,KRW
6110,SAM-A ALUMINUM CO. LTD.,,Corée,KRX,KRW
9270,SHINWON CORP.,,Corée,KRX,KRW
5860,"HANIL FEED CO., LTD.",,Corée,KRX,KRW
9290,"KWANG DONG PHARMACEUTICAL CO., LTD.",,Corée,KRX,KRW
305090,MICRO DIGITAL CO. LTD.,,Corée,KRX,KRW
5720,NEXEN CORPORATION,,Corée,KRX,KRW
306200,SEAH STEEL CORPORATION,,Corée,KRX,KRW
5930,"SAMSUNG ELECTRONICS CO., LTD.",,Corée,KRX,KRW
16090,DAE HYUN CO. LTD.,,Corée,KRX,KRW
7280,KOREA STEEL CO. LTD.,,Corée,KRX,KRW
9300,"SAM-A PHARMACEUTICAL CO., LTD.",,Corée,KRX,KRW
12510,"DOUZONE BIZON CO., LTD.",,Corée,KRX,KRW
17800,"HYUNDAI ELEVATOR CO., LTD.",,Corée,KRX,KRW
9310,"CHARM ENGINEERING CO., LTD.",,Corée,KRX,KRW
7310,OTTOGI CORPORATION,,Corée,KRX,KRW
9320,"AJIN ELECTRONIC COMPONENTS CO., LTD.",,Corée,KRX,KRW
12610,"KYUNG-IN SYNTHETIC CO., LTD.",,Corée,KRX,KRW
20760,"ILJIN DISPLAY CO., LTD.",,Corée,KRX,KRW
6840,AK HOLDINGS INC.,,Corée,KRX,KRW
15890,"TAE KYUNG INDUSTRIAL CO., LTD.",,Corée,KRX,KRW
11170,LOTTE CHEMICAL CORPORATION,,Corée,KRX,KRW
7210,BYUCKSAN CORPORATION,,Corée,KRX,KRW
9440,"KC GREEN HOLDINGS CO., LTD.",,Corée,KRX,KRW
2600,CHOHEUNG CORPORATION,,Corée,KRX,KRW
9580,"MOORIM P&P CO., LTD.",,Corée,KRX,KRW
9620,SAMBO INDUSTRIAL CO. LTD.,,Corée,KRX,KRW
11230,"SAMWHA ELECTRONICS CO., LTD.",,Corée,KRX,KRW
11280,"TAILIM PACKAGING CO., LTD.",,Corée,KRX,KRW
6740,"YOUNG POONG PAPER MFG. CO., LTD.",,Corée,KRX,KRW
6730,"SEOBU T&D CO., LTD.",,Corée,KRX,KRW
9680,MOTONIC CORP,,Corée,KRX,KRW
17180,"MYUNGMOON PHARM CO., LTD.",,Corée,KRX,KRW
304840,"PEOPLEBIO CO., LTD.",,Corée,KRX,KRW
303030,"ZINITIX CO., LTD.",,Corée,KRX,KRW
9730,"IREM CO., LTD.",,Corée,KRX,KRW
6660,SAMSUNG CLIMATE CONTROL CO.,,Corée,KRX,KRW
15750,"SUNGWOO HITECH CO., LTD.",,Corée,KRX,KRW
7070,"GS RETAIL CO., LTD.",,Corée,KRX,KRW
5670,FOODWELL CORP.,,Corée,KRX,KRW
7610,"SEONDO ELECTRIC CO., LTD.",,Corée,KRX,KRW
7660,ISU PETASYS CO. LTD.,,Corée,KRX,KRW
17670,"SK TELECOM CO., LTD.",,Corée,KRX,KRW
11000,GENEONE LIFE SCIENCE INC.,,Corée,KRX,KRW
9540,"HD KOREA SHIPBUILDING & OFFSHORE ENGINEERING CO., LTD.",,Corée,KRX,KRW
15760,KOREA ELECTRIC POWER CORPORATION,,Corée,KRX,KRW
9520,"POSCO M-TECH CO., LTD.",,Corée,KRX,KRW
8420,MOONBAE STEEL CO. LTD.,,Corée,KRX,KRW
9450,"KYUNG DONG NAVIEN CO., LTD.",,Corée,KRX,KRW
4910,CHOKWANG PAINT LTD.,,Corée,KRX,KRW
7460,APROGE INC.,,Corée,KRX,KRW
7530,YM CO. LTD.,,Corée,KRX,KRW
11930,"SHINSUNG E&G CO., LTD.",,Corée,KRX,KRW
7540,"SEMPIO CO., LTD.",,Corée,KRX,KRW
7570,"ILYANG PHARMACEUTICAL CO., LTD.",,Corée,KRX,KRW
5090,SGC ENERGY CO. LTD.,,Corée,KRX,KRW
11200,"HMM CO., LTD.",,Corée,KRX,KRW
11070,"LG INNOTEK CO., LTD.",,Corée,KRX,KRW
5680,"SAM YOUNG ELECTRONICS CO., LTD.",,Corée,KRX,KRW
302920,CONTENTS ON/THE INC.,,Corée,KRX,KRW
9460,"HANCHANG PAPER CO., LTD.",,Corée,KRX,KRW
9470,"SAMWHA ELECTRIC CO., LTD.",,Corée,KRX,KRW
4590,KOREA FURNITURE CO. LTD.,,Corée,KRX,KRW
11040,"KYUNGDONG PHARM CO., LTD.",,Corée,KRX,KRW
11210,HYUNDAI WIA CORPORATION,,Corée,KRX,KRW
7590,DONGBANG AGRO CORP.,,Corée,KRX,KRW
5690,"PHARMICELL CO., LTD.",,Corée,KRX,KRW
9770,"SAM JUNG PULP CO., LTD.",,Corée,KRX,KRW
16450,"HANSA YES24 HOLDINGS CO., LTD.",,Corée,KRX,KRW
4980,SUNGSHIN CEMENT CO. LTD.,,Corée,KRX,KRW
12280,"YEONG HWA METAL CO., LTD.",,Corée,KRX,KRW
5810,POONGSAN HOLDINGS CORPORATION,,Corée,KRX,KRW
4690,SAMCHULLY CO. LTD.,,Corée,KRX,KRW
8830,"DAEDONG GEAR CO., LTD.",,Corée,KRX,KRW
6980,"WOOSUNG CO., LTD.",,Corée,KRX,KRW
8500,IL JEONG INDUSTRIAL CO. LTD.,,Corée,KRX,KRW
6920,"MOHENZ CO., LTD.",,Corée,KRX,KRW
0088301G,"DAEDONG GEAR CO., LTD.-RIGHTS",,Corée,KRX,KRW
5180,"BINGGRAE CO., LTD.",,Corée,KRX,KRW
302550,"REMED CO., LTD.",,Corée,KRX,KRW
8870,KUM BI CORP.,,Corée,KRX,KRW
0120G0,SAMYANG BIOPHARMACEUTICALS CORPORATION,,Corée,KRX,KRW
17960,HAN KUK CARBON CO. LTD.,,Corée,KRX,KRW
8930,"HANMI SCIENCE CO., LTD.",,Corée,KRX,KRW
6890,"TAEKYUNG CHEMICAL CO., LTD.",,Corée,KRX,KRW
6880,"SINGSONG HOLDINGS CO., LTD.",,Corée,KRX,KRW
5010,"HUSTEEL CO., LTD.",,Corée,KRX,KRW
5990,"MAEIL HOLDINGS CO., LTD.",,Corée,KRX,KRW
6910,"BOSUNG POWER TECHNOLOGY CO., LTD.",,Corée,KRX,KRW
8770,"HOTEL SHILLA CO., LTD.",,Corée,KRX,KRW
12210,"SAMMI METAL PRODUCTS CO., LTD.",,Corée,KRX,KRW
4540,"CLEAN NARA CO., LTD.",,Corée,KRX,KRW
4990,LOTTE CORPORATION,,Corée,KRX,KRW
12200,"KEYANG ELECTRIC MACHINERY CO., LTD.",,Corée,KRX,KRW
7110,"ILSHIN STONE CO., LTD.",,Corée,KRX,KRW
5850,SL CORPORATION,,Corée,KRX,KRW
18000,"UNISON CO., LTD.",,Corée,KRX,KRW
12160,YOUNGWIRE CO. LTD.,,Corée,KRX,KRW
16800,FURSYS INC.,,Corée,KRX,KRW
16880,"WOONGJIN CO., LTD.",,Corée,KRX,KRW
16790,HYUNDAI FEED INC.,,Corée,KRX,KRW
7120,MIRAE ING CO LTD,,Corée,KRX,KRW
8600,"WILLBES & CO., LTD.",,Corée,KRX,KRW
8700,"ANAM ELECTRONICS CO., LTD.",,Corée,KRX,KRW
8730,YOULCHON CHEMICAL CO. LTD.,,Corée,KRX,KRW
5830,"DB INSURANCE CO., LTD.",,Corée,KRX,KRW
306040,"SJ GROUP CO., LTD.",,Corée,KRX,KRW
7160,SAJO INDUSTRIES CO. LTD.,,Corée,KRX,KRW
5820,WONLIM CORPORATION,,Corée,KRX,KRW
16920,CAS CORPORATION,,Corée,KRX,KRW
4560,"HYUNDAI BNG STEEL CO., LTD.",,Corée,KRX,KRW
17940,E1 CORP.,,Corée,KRX,KRW
17810,"PULMUONE CO., LTD.",,Corée,KRX,KRW
17000,SHINWON CONSTRUCTION CO. LTD.,,Corée,KRX,KRW
8970,"DONG YANG STEEL PIPE CO., LTD.",,Corée,KRX,KRW
9160,SIMPAC INC.,,Corée,KRX,KRW
16250,SGC E&C CO. LTD.,,Corée,KRX,KRW
17890,"KOREA ALCOHOL INDUSTRIAL CO., LTD.",,Corée,KRX,KRW
302440,"SK BIOSCIENCE CO., LTD.",,Corée,KRX,KRW
12340,NUINTEK CO. LTD.,,Corée,KRX,KRW
12450,"HANWHA AEROSPACE CO., LTD.",,Corée,KRX,KRW
17860,"DS DANSUK CO., LTD.",,Corée,KRX,KRW
6090,OYANG CORPORATION,,Corée,KRX,KRW
4270,NAMSUNG CORPORATION,,Corée,KRX,KRW
9180,"HANSOL LOGISTICS CO., LTD.",,Corée,KRX,KRW
20710,"SIGONG TECH CO., LTD.",,Corée,KRX,KRW
900120,"CXI HEALTHCARE TECHNOLOGY GROUP, INC.",,Corée,KRX,KRW
16710,"DAESUNG HOLDINGS CO., LTD.",,Corée,KRX,KRW
5110,HAN CHANG CORP,,Corée,KRX,KRW
5940,NH INVESTMENT & SECURITIES CO. LTD.,,Corée,KRX,KRW
9200,"MOORIM PAPER CO., LTD.",,Corée,KRX,KRW
9240,HANSSEM CO. LTD.,,Corée,KRX,KRW
16100,LEADERS COSMETICS CO. LTD.,,Corée,KRX,KRW
9190,"DAIYANG METAL CO., LTD.",,Corée,KRX,KRW
16740,DUAL CO. LTD.,,Corée,KRX,KRW
5950,ISU CHEMICAL CO. LTD.,,Corée,KRX,KRW
6060,H.S. INDUSTRIES CO. LTD.,,Corée,KRX,KRW
17900,AUK CORP.,,Corée,KRX,KRW
5800,SHIN YOUNG WACOAL INC.,,Corée,KRX,KRW
5300,LOTTE CHILSUNG BEVERAGE CO. LTD.,,Corée,KRX,KRW
6040,"DONGWON INDUSTRIES CO., LTD.",,Corée,KRX,KRW
9070,"KCTC CO., LTD.",,Corée,KRX,KRW
6050,"KUK YOUNG G&M CO., LTD.",,Corée,KRX,KRW
5320,"ONTIDE CO., LTD.",,Corée,KRX,KRW
12320,"KYUNGDONG INVEST CO., LTD.",,Corée,KRX,KRW
5750,"DAELIM B&CO CO., LTD.",,Corée,KRX,KRW
8470,BOOSTER CO. LTD.,,Corée,KRX,KRW
12330,"HYUNDAI MOBIS CO., LTD.",,Corée,KRX,KRW
5070,"COSMO AM&T CO., LTD.",,Corée,KRX,KRW
16380,"KG DONGBU STEEL CO., LTD.",,Corée,KRX,KRW
5960,DONGBU CORPORATION,,Corée,KRX,KRW
5740,"CROWNHAITAI HOLDINGS CO., LTD.",,Corée,KRX,KRW
5160,"DONGKUK INDUSTRIES CO., LTD.",,Corée,KRX,KRW
16360,"SAMSUNG SECURITIES CO., LTD.",,Corée,KRX,KRW
9140,KYUNGIN ELECTRONICS CO. LTD.,,Corée,KRX,KRW
9150,"SAMSUNG ELECTRO-MECHANICS CO., LTD.",,Corée,KRX,KRW
8490,"SUHEUNG CO., LTD.",,Corée,KRX,KRW
17650,"DAELIM PAPER CO., LTD.",,Corée,KRX,KRW
302430,"INNOMETRY CO., LTD.",,Corée,KRX,KRW
5610,"SPC SAMLIP CO., LTD.",,Corée,KRX,KRW
14790,HALLA CORPORATION,,Corée,KRX,KRW
14710,"SAJO SEAFOOD CO., LTD.",,Corée,KRX,KRW
14680,"HANSOL CHEMICAL CO., LTD.",,Corée,KRX,KRW
14620,SUNG KWANG BEND CO. LTD.,,Corée,KRX,KRW
13030,HY-LOK CORPORATION,,Corée,KRX,KRW
6340,"DAEWON CABLE CO., LTD.",,Corée,KRX,KRW
308080,VIGENCELL INC.,,Corée,KRX,KRW
900100,AMERIDGE CORP,,Corée,KRX,KRW
17250,"INTER-M CO., LTD.",,Corée,KRX,KRW
17390,"SEOUL CITY GAS CO., LTD.",,Corée,KRX,KRW
14570,KOREAN DRUG CO. LTD.,,Corée,KRX,KRW
17370,"WOOSHIN SYSTEMS CO., LTD.",,Corée,KRX,KRW
14530,"KUKDONG OIL & CHEMICALS CO., LTD.",,Corée,KRX,KRW
12170,"ASCENDIO CO., LTD.",,Corée,KRX,KRW
900340,WING YIP FOOD HOLDINGS GROUP,,Corée,KRX,KRW
900310,COLORAY INTERNATIONAL INVESTMENTS LTD.,,Corée,KRX,KRW
14470,"BUBANG CO., LTD.",,Corée,KRX,KRW
14440,"YOUNGBO CHEMICAL CO., LTD.",,Corée,KRX,KRW
14580,"TAEKYUNG BANK CO., LTD.",,Corée,KRX,KRW
900110,EAST ASIA HOLDINGS INVESTMENT LIMITED,,Corée,KRX,KRW
14820,DONGWON SYSTEMS CORP.,,Corée,KRX,KRW
304100,SALTLUX INC.,,Corée,KRX,KRW
6380,CAPRO CORPORATION,,Corée,KRX,KRW
5290,"DONGJIN SEMICHEM CO., LTD.",,Corée,KRX,KRW
0117P0,"PIECE PEACE STUDIO CO., LTD.",,Corée,KRX,KRW
11300,"SEONG AN MATERIALS CO., LTD.",,Corée,KRX,KRW
304360,"S BIOMEDICS CO., LTD.",,Corée,KRX,KRW
16590,"SHINDAEYANG PAPER CO., LTD.",,Corée,KRX,KRW
4830,DUKSUNG CO. LTD.,,Corée,KRX,KRW
4410,"SEOUL FOOD INDUSTRIAL CO., LTD.",,Corée,KRX,KRW
14830,"UNID CO., LTD.",,Corée,KRX,KRW
6360,GS ENGINEERING & CONSTRUCTION CORPORATION,,Corée,KRX,KRW
900070,GLOBAL SMALL TECH LTD.,,Corée,KRX,KRW
4430,"SONGWON INDUSTRIAL CO., LTD.",,Corée,KRX,KRW
4440,"SAMIL C&S CO., LTD.",,Corée,KRX,KRW
13000,"SEWOO GLOBAL CO., LTD.",,Corée,KRX,KRW
0082N0,KANAPH THERAPEUTICS INC.,,Corée,KRX,KRW
8290,"WONPUNG MULSAN CO., LTD.",,Corée,KRX,KRW
4450,"SAMHWA CROWN & CLOSURE CO., LTD.",,Corée,KRX,KRW
7810,KOREA CIRCUIT CO. LTD.,,Corée,KRX,KRW
2630,ORIENTBIO INC.,,Corée,KRX,KRW
900300,ORGANIC TEA COSMETICS HOLDING,,Corée,KRX,KRW
13120,"DONGWON DEVELOPMENT CO., LTD.",,Corée,KRX,KRW
8260,"NI STEEL CO., LTD.",,Corée,KRX,KRW
6280,GREEN CROSS CORPORATION,,Corée,KRX,KRW
303530,INNODEP INC.,,Corée,KRX,KRW
14100,"MEDIENCE CO., LTD.",,Corée,KRX,KRW
2620,JEIL PHARMA HOLDINGS INC.,,Corée,KRX,KRW
7980,TOKYO ELECTRON LTD.,,Corée,KRX,KRW
13990,AGABANG & COMPANY,,Corée,KRX,KRW
308430,"CELLBION CO., LTD.",,Corée,KRX,KRW
13520,HWASEUNG CORP CO. LTD.,,Corée,KRX,KRW
14130,"HAN EXPRESS CO., LTD.",,Corée,KRX,KRW
13570,DY CORP.,,Corée,KRX,KRW
13580,"KYERYONG CONSTRUCTION INDUSTRIAL CO., LTD.",,Corée,KRX,KRW
13870,GMB KOREA CORP.,,Corée,KRX,KRW
900140,"LVMC HOLDINGS CO., LTD.",,Corée,KRX,KRW
13810,"SPECO CO., LTD.",,Corée,KRX,KRW
6260,LS CORP,,Corée,KRX,KRW
13720,CBI CO. LTD.,,Corée,KRX,KRW
13700,"CAMUS ENGINEERING & CONSTRUCTION CO., LTD.",,Corée,KRX,KRW
6220,"JEJU BANK CO., LTD.",,Corée,KRX,KRW
13890,ZINUS INC.,,Corée,KRX,KRW
13360,"IL SUNG CONSTRUCTION CO., LTD.",,Corée,KRX,KRW
7860,"SEOYON CO., LTD.",,Corée,KRX,KRW
8040,"SAJO DONGA ONE CO., LTD.",,Corée,KRX,KRW
6200,"KEC HOLDINGS CO., LTD.",,Corée,KRX,KRW
303810,"DONGKOOK LIFE SCIENCE CO., LTD.",,Corée,KRX,KRW
900290,GREAT RICH TECHNOLOGIES LTD.,,Corée,KRX,KRW
8250,EAGON INDUSTRIAL LTD.,,Corée,KRX,KRW
16600,"Q CAPITAL PARTNERS CO., LTD.",,Corée,KRX,KRW
16610,DB FINANCIAL INVESTMENT CO. LTD.,,Corée,KRX,KRW
4800,HYOSUNG CORPORATION,,Corée,KRX,KRW
900270,HENG SHENG HOLDING GROUP LTD.,,Corée,KRX,KRW
7820,SMCORE INC.,,Corée,KRX,KRW
14280,"KUMKANG KIND CO., LTD.",,Corée,KRX,KRW
14190,WONIK CUBE CORP.,,Corée,KRX,KRW
308100,"CASTELBAJAC CO., LTD.",,Corée,KRX,KRW
900260,ROTHWELL INTERNATIONAL CO. LTD.,,Corée,KRX,KRW
308170,CTR MOBILITY CO. LTD.,,Corée,KRX,KRW
8060,"DAEDUCK CO., LTD.",,Corée,KRX,KRW
900250,CHINA CRYSTAL NEW MATERIAL HOLDINGS CO. LTD.,,Corée,KRX,KRW
13310,"AJIN INDUSTRIAL CO., LTD.",,Corée,KRX,KRW
14160,"DAE YOUNG PACKAGING CO., LTD.",,Corée,KRX,KRW
16670,"DMOA CO., LTD.",,Corée,KRX,KRW
12860,"MOBASE ELECTRONICS CO., LTD.",,Corée,KRX,KRW
11790,"SKC CO., LTD.",,Corée,KRX,KRW
6370,"DAEGU DEPARTMENT STORE CO., LTD.",,Corée,KRX,KRW
11780,"KUMHO PETROCHEMICAL CO., LTD.",,Corée,KRX,KRW
18120,"JINRO DISTILLERS CO., LTD.",,Corée,KRX,KRW
17510,"SEMYUNG ELECTRIC MACHINERY CO., LTD.",,Corée,KRX,KRW
4310,"HYUNDAI PHARMACEUTICAL CO., LTD.",,Corée,KRX,KRW
4650,CHANGHAE ETHANOL CO. LTD.,,Corée,KRX,KRW
5250,GREEN CROSS HOLDINGS CORP.,,Corée,KRX,KRW
11500,HANNONG CHEMICALS INC.,,Corée,KRX,KRW
307750,"KUKJEON PHARMACEUTICAL CO., LTD.",,Corée,KRX,KRW
4490,"SEBANG GLOBAL BATTERY CO., LTD.",,Corée,KRX,KRW
11560,SEBO MANUFACTURING ENGINEERS CO. LTD.,,Corée,KRX,KRW
5420,COSMOCHEMICAL CO. LTD.,,Corée,KRX,KRW
4840,DRB HOLDING CO. LTD.,,Corée,KRX,KRW
4890,"DONGIL INDUSTRIES CO., LTD.",,Corée,KRX,KRW
11690,"Y2 SOLUTION CO., LTD.",,Corée,KRX,KRW
4370,"NONGSHIM CO., LTD.",,Corée,KRX,KRW
7700,"F&F HOLDINGS CO., LTD.",,Corée,KRX,KRW
4870,T'WAY HOLDINGS INC.,,Corée,KRX,KRW
17550,"SOOSAN HEAVY INDUSTRIES CO., LTD.",,Corée,KRX,KRW
12790,"SINIL PHARM CO., LTD.",,Corée,KRX,KRW
5430,"KOREA AIRPORT SERVICE CO., LTD.",,Corée,KRX,KRW
6120,"SK DISCOVERY CO., LTD.",,Corée,KRX,KRW
15360,"YESCO HOLDINGS CO., LTD.",,Corée,KRX,KRW
5500,"SAMJIN PHARMACEUTICAL CO., LTD.",,Corée,KRX,KRW
15260,AUTOMOBILE & PCB INC.,,Corée,KRX,KRW
5490,POSCO HOLDINGS INC.,,Corée,KRX,KRW
307280,"WONBIOGEN CO., LTD.",,Corée,KRX,KRW
11090,"ENEX CO., LTD.",,Corée,KRX,KRW
307870,"B2EN CO., LTD.",,Corée,KRX,KRW
4360,"SEBANG CO., LTD.",,Corée,KRX,KRW
15230,"DAECHANG FORGING CO., LTD.",,Corée,KRX,KRW
11390,BUSAN INDUSTRIAL CO LTD.,,Corée,KRX,KRW
6620,"DONGKOO BIO & PHARMA CO., LTD.",,Corée,KRX,KRW
5440,"HYUNDAI GLOVIS CO., LTD.",,Corée,KRX,KRW
11420,GALAXIA SM INC.,,Corée,KRX,KRW
9810,"PLAYGRAM CO., LTD.",,Corée,KRX,KRW
11370,"SEOHAN CO., LTD.",,Corée,KRX,KRW
16580,"WHANIN PHARMACEUTICAL CO., LTD.",,Corée,KRX,KRW
307180,"IL SCIENCE CO., LTD.",,Corée,KRX,KRW
15590,"DOOSAN FUEL CELL CO., LTD.",,Corée,KRX,KRW
11330,"UNI CHEM CO., LTD.",,Corée,KRX,KRW
11810,STX CORPORATION,,Corée,KRX,KRW
7680,DAEWON CO. LTD.,,Corée,KRX,KRW
14950,SAMIK PHARMACEUTICAL COMPANY LTD.,,Corée,KRX,KRW
6650,"KOREA PETROCHEMICAL IND. CO., LTD.",,Corée,KRX,KRW
14940,ORIENTAL PRECISION & ENGINEERING CO. LTD.,,Corée,KRX,KRW
14910,"SUNG MOON ELECTRONICS CO., LTD.",,Corée,KRX,KRW
17480,"SAMHYUN STEEL CO., LTD.",,Corée,KRX,KRW
6140,"PJ ELECTRONICS CO., LTD.",,Corée,KRX,KRW
8350,"NAMSUN ALUMINUM CO., LTD.",,Corée,KRX,KRW
11760,HYUNDAI CORPORATION,,Corée,KRX,KRW
5870,HUNEED TECHNOLOGIES INC.,,Corée,KRX,KRW
5880,KOREA LINE CORPORATION,,Corée,KRX,KRW
9780,"MSC CO., LTD.",,Corée,KRX,KRW
7770,"HANIL CHEMICAL INDUSTRY CO., LTD.",,Corée,KRX,KRW
7720,"DAEMYUNG SONOSEASON CO., LTD.",,Corée,KRX,KRW
14970,"SAMRYOONG CO., LTD.",,Corée,KRX,KRW
11700,"HANSHIN MACHINERY CO., LTD.",,Corée,KRX,KRW
307950,HYUNDAI AUTOEVER CORPORATION,,Corée,KRX,KRW
8370,WONPOONG CORPORATION,,Corée,KRX,KRW
15710,"KOCOM CO., LTD.",,Corée,KRX,KRW
6570,"DAELIM TRADING CO., LTD.",,Corée,KRX,KRW
11320,UNICK CORPORATION,,Corée,KRX,KRW
303360,PROTIA INC.,,Corée,KRX,KRW
12700,LEADCORP INC.,,Corée,KRX,KRW
6400,"SAMSUNG SDI CO., LTD.",,Corée,KRX,KRW
7690,"KUKDO CHEMICAL CO., LTD.",,Corée,KRX,KRW
15020,E-STARCO CO. LTD.,,Corée,KRX,KRW
4380,"SAMICK THK CO., LTD.",,Corée,KRX,KRW
6490,INSCOBEE INC.,,Corée,KRX,KRW
307930,CO K PARTNERS LTD.,,Corée,KRX,KRW
306620,"NEONTECH CO., LTD.",,Corée,KRX,KRW
14990,"IN THE F CO., LTD.",,Corée,KRX,KRW
12800,"DAECHANG CO., LTD.",,Corée,KRX,KRW
12750,S-1 CORPORATION,,Corée,KRX,KRW
1312,GRAND PACIFIC PETROCHEMICAL CORP.,,Taïwan,TWSE,TWD
1304,USI CORPORATION,,Taïwan,TWSE,TWD
6208,HIGHLIGHT TECH CORP.,,Taïwan,TWSE,TWD
6207,"LASER TEK TAIWAN CO., LTD.",,Taïwan,TWSE,TWD
6214,SYSTEX CORPORATION,,Taïwan,TWSE,TWD
8049,"AMPIRE CO., LTD.",,Taïwan,TWSE,TWD
8045,TWOWAY COMMUNICATION INC.,,Taïwan,TWSE,TWD
1307,"SAN FANG CHEMICAL INDUSTRY CO., LTD.",,Taïwan,TWSE,TWD
1308,ASIA POLYMER CORPORATION,,Taïwan,TWSE,TWD
8044,PCHOME ONLINE INC.,,Taïwan,TWSE,TWD
6212,"LI MING DEVELOPMENT CONSTRUCTION CO., LTD.",,Taïwan,TWSE,TWD
6202,HOLTEK SEMICONDUCTOR INC.,,Taïwan,TWSE,TWD
8383,"CHEN FULL INTERNATIONAL CO., LTD.",,Taïwan,TWSE,TWD
6210,"KINTECH ELECTRONICS CO., LTD.",,Taïwan,TWSE,TWD
8043,"HONEY HOPE HONESTY ENTERPRISE CO., LTD.",,Taïwan,TWSE,TWD
1309,"TAITA CHEMICAL COMPANY, LIMITED",,Taïwan,TWSE,TWD
6215,AUROTEK CORPORATION,,Taïwan,TWSE,TWD
6203,"SEA SONIC ELECTRONICS CO., LTD.",,Taïwan,TWSE,TWD
6204,"TAIWAN ALPHA ELECTRONIC CO., LTD.",,Taïwan,TWSE,TWD
6209,"KINKO OPTICAL CO., LTD.",,Taïwan,TWSE,TWD
8050,IBASE TECHNOLOGY INC.,,Taïwan,TWSE,TWD
6205,"CHANT SINCERE CO., LTD.",,Taïwan,TWSE,TWD
8046,NAN YA PRINTED CIRCUIT BOARD CORPORATION,,Taïwan,TWSE,TWD
8047,GREAT COMPUTER CORPORATION,,Taïwan,TWSE,TWD
1305,CHINA GENERAL PLASTICS CORPORATION,,Taïwan,TWSE,TWD
6206,"FLYTECH TECHNOLOGY CO., LTD.",,Taïwan,TWSE,TWD
1310,TAIWAN STYRENE MONOMER CORP.,,Taïwan,TWSE,TWD
8042,"TAIWAN CHINSAN ELECTRONIC INDUSTRIAL CO., LTD.",,Taïwan,TWSE,TWD
6213,ITEQ CORPORATION,,Taïwan,TWSE,TWD
8048,RUBY TECH CORPORATION,,Taïwan,TWSE,TWD
5515,"CHIEN KUO CONSTRUCTION CO., LTD.",,Taïwan,TWSE,TWD
8374,"ACE PILLAR CO., LTD.",,Taïwan,TWSE,TWD
4563,QUASER MACHINE TOOLS INC.,,Taïwan,TWSE,TWD
4562,"YING HAN TECHNOLOGY CO., LTD.",,Taïwan,TWSE,TWD
1342,CATHAY CONSOLIDATED INC.,,Taïwan,TWSE,TWD
4561,"KENTURN NANO. TEC. CO., LTD.",,Taïwan,TWSE,TWD
1341,FULIN PLASTIC INDUSTRY (CAYMAN) HOLDING CO. LTD.,,Taïwan,TWSE,TWD
1340,VICTORY NEW MATERIALS LTD CO.,,Taïwan,TWSE,TWD
4560,STRONG H MACHINERY TECHNOLOGY (CAYMAN) INCORPORATION,,Taïwan,TWSE,TWD
8066,LIFESTYLE GLOBAL ENTERPRISE INC.,,Taïwan,TWSE,TWD
1339,"YCC PARTS MANUFACTURING CO., LTD.",,Taïwan,TWSE,TWD
4559,"JOY INDUSTRIAL CO., LTD.",,Taïwan,TWSE,TWD
4558,"ALFORMER INDUSTRIAL CO., LTD.",,Taïwan,TWSE,TWD
4557,YUSIN HOLDING CORP.,,Taïwan,TWSE,TWD
6189,"PROMATE ELECTRONIC CO., LTD.",,Taïwan,TWSE,TWD
4556,"BRIGHT SHELAND INTERNATIONAL CO., LTD.",,Taïwan,TWSE,TWD
6190,"WONDERFUL HI-TECH CO., LTD.",,Taïwan,TWSE,TWD
4555,TAIWAN CHELIC CORPORATION LTD.,,Taïwan,TWSE,TWD
4554,"ORANGE ELECTRONIC CO., LTD.",,Taïwan,TWSE,TWD
4553,"ALFOT TECHNOLOGIES CO., LTD.",,Taïwan,TWSE,TWD
4552,LIDA HOLDINGS LTD.,,Taïwan,TWSE,TWD
1338,HIROCA HOLDINGS LTD.,,Taïwan,TWSE,TWD
1337,ASIA PLASTIC RECYCLING HOLDINGS LTD.,,Taïwan,TWSE,TWD
4551,"GLOBAL PMX CO., LTD.",,Taïwan,TWSE,TWD
4550,CHANG JIA M&E ENGINEERING CORP.,,Taïwan,TWSE,TWD
4564,MOSA INDUSTRIAL CORPORATION,,Taïwan,TWSE,TWD
4565,"HONG-WEI ELECTRICAL INDUSTRY & CO., LTD.",,Taïwan,TWSE,TWD
4566,"GLOBALTEK FABRICATION CO., LTD.",,Taïwan,TWSE,TWD
4568,"KOGE MICRO TECH CO., LTD.",,Taïwan,TWSE,TWD
9957,YIEH UNITED STEEL CORP.,,Taïwan,TWSE,TWD
8070,CHANG WAH ELECTROMATERIALS INC.,,Taïwan,TWSE,TWD
6187,"ALL-RING TECH CO., LTD.",,Taïwan,TWSE,TWD
8069,E INK HOLDINGS INC.,,Taïwan,TWSE,TWD
1909,"LONG CHEN PAPER & PACKAGING CO., LTD.",,Taïwan,TWSE,TWD
9958,"CENTURY IRON & STEEL INDUSTRIAL CO., LTD.",,Taïwan,TWSE,TWD
8068,CHANDER ELECTRONICS CORP.,,Taïwan,TWSE,TWD
4583,APEX DYNAMICS INC.,,Taïwan,TWSE,TWD
4582,"HENGS TECHNOLOGY CO., LTD.",,Taïwan,TWSE,TWD
4581,WORLD KNOWN MFG CAYMAN LTD.,,Taïwan,TWSE,TWD
6188,QUANTA STORAGE INC.,,Taïwan,TWSE,TWD
8064,"CONTREL TECHNOLOGY CO., LTD.",,Taïwan,TWSE,TWD
4580,"VALUE VALVES CO., LTD.",,Taïwan,TWSE,TWD
9960,DACOME INTERNATIONAL LTD.,,Taïwan,TWSE,TWD
9962,"YEOU YIH STEEL CO., LTD.",,Taïwan,TWSE,TWD
4576,HIWIN MIKROSYSTEM CORP.,,Taïwan,TWSE,TWD
4575,CHUMPOWER MACHINERY CORPORATION,,Taïwan,TWSE,TWD
4573,GMT GLOBAL INC.,,Taïwan,TWSE,TWD
4572,DREWLOONG PRECISION INC.,,Taïwan,TWSE,TWD
4571,KHGEARS INTERNATIONAL LTD.,,Taïwan,TWSE,TWD
8067,"GISH INTERNATIONAL CO., LTD.",,Taïwan,TWSE,TWD
4570,"JASON CO., LTD.",,Taïwan,TWSE,TWD
4569,"SIXXON TECH CO., LTD.",,Taïwan,TWSE,TWD
1343,SUN RISE E&T CORPORATION,,Taïwan,TWSE,TWD
4577,"OFUNA TECHNOLOGY CO., LTD.",,Taïwan,TWSE,TWD
1313,UPC TECHNOLOGY CORP.,,Taïwan,TWSE,TWD
8358,CO-TECH DEVELOPMENT CORPORATION,,Taïwan,TWSE,TWD
8359,"CASHBOX PARTYWORLD CO., LTD.",,Taïwan,TWSE,TWD
4526,TONG-TAI MACHINE & TOOL CO. LTD.,,Taïwan,TWSE,TWD
6197,JPC CONNECTIVITY INC.,,Taïwan,TWSE,TWD
8367,"CHIEN SHING HARBOUR SERVICE CO., LTD.",,Taïwan,TWSE,TWD
1325,UNIVERSAL CORP.,,Taïwan,TWSE,TWD
1324,GLOBE INDUSTRIES CORP.,,Taïwan,TWSE,TWD
4523,"EVERBRITE TECHNOLOGY CO., LTD.",,Taïwan,TWSE,TWD
1323,"YONYU PLASTICS CO., LTD.",,Taïwan,TWSE,TWD
1321,OCEAN PLASTICS CO. LTD.,,Taïwan,TWSE,TWD
1319,"TONG YANG INDUSTRY CO., LTD.",,Taïwan,TWSE,TWD
8999,"TAIWAN LAMINATION INDUSTRIES, INC.",,Taïwan,TWSE,TWD
4513,"FALCON MACHINE TOOLS CO., LTD.",,Taïwan,TWSE,TWD
8996,"KAORI HEAT TREATMENT CO., LTD.",,Taïwan,TWSE,TWD
4510,"KAO FONG MACHINERY CO., LTD.",,Taïwan,TWSE,TWD
4506,GFC LTD.,,Taïwan,TWSE,TWD
6198,"RICH CIRCLE DEVELOPMENT CO., LTD.",,Taïwan,TWSE,TWD
1316,"SUN YAD CONSTRUCTION CO., LTD.",,Taïwan,TWSE,TWD
4503,GOLD RAIN ENTERPRISES CORP.,,Taïwan,TWSE,TWD
1315,TAH HSIN INDUSTRIAL CO. LTD.,,Taïwan,TWSE,TWD
4502,"JIAN SIN INDUSTRIAL CO., LTD.",,Taïwan,TWSE,TWD
8054,ALCOR MICRO CORP.,,Taïwan,TWSE,TWD
6199,"TIENPIN UNITED ENTERPRISE CO., LTD.",,Taïwan,TWSE,TWD
6201,"YA HORNG ELECTRONIC CO., LTD.",,Taïwan,TWSE,TWD
1314,CHINA PETROCHEMICAL DEVELOPMENT CORPORATION,,Taïwan,TWSE,TWD
4527,"KUEN LING MACHINERY REFRIGERATING CO., LTD.",,Taïwan,TWSE,TWD
4528,"CHIAN HSING FORGING INDUSTRIAL CO., LTD.",,Taïwan,TWSE,TWD
4529,ELECTRIC POWER TECHNOLOGY LIMITED,,Taïwan,TWSE,TWD
4530,"HONYI PRECISION INDUSTRY CO., LTD.",,Taïwan,TWSE,TWD
4546,"CHAHENG PRECISION CO., LTD.",,Taïwan,TWSE,TWD
6191,GLOBAL BRANDS MANUFACTURE LTD.,,Taïwan,TWSE,TWD
1336,"TAIHAN PRECISION TECHNOLOGY CO., LTD.",,Taïwan,TWSE,TWD
6192,LUMAX INTERNATIONAL CORP LTD.,,Taïwan,TWSE,TWD
4545,"MIN AIK PRECISION INDUSTRIAL CO., LTD.",,Taïwan,TWSE,TWD
4544,"CHUN ZU MACHINERY INDUSTRY CO., LTD.",,Taïwan,TWSE,TWD
4543,"MAN ZAI INDUSTRIAL CO., LTD.",,Taïwan,TWSE,TWD
8059,CASTLENET TECHNOLOGY INC.,,Taïwan,TWSE,TWD
4542,"ASIA NEO TECH INDUSTRIAL CO., LTD.",,Taïwan,TWSE,TWD
4541,"MAGNATE TECHNOLOGY CO., LTD.",,Taïwan,TWSE,TWD
6194,"YUFO ELECTRONICS CO., LTD.",,Taïwan,TWSE,TWD
4549,"FINETEK CO., LTD.",,Taïwan,TWSE,TWD
4540,"TBI MOTION TECHNOLOGY CO., LTD.",,Taïwan,TWSE,TWD
1303,NAN YA PLASTICS CORPORATION,,Taïwan,TWSE,TWD
8058,"NYTEX COMPOSITES CO., LTD.",,Taïwan,TWSE,TWD
4538,"WINSON MACHINERY CO., LTD.",,Taïwan,TWSE,TWD
4537,"SHUZ TUNG MACHINERY INDUSTRIAL CO., LTD.",,Taïwan,TWSE,TWD
4536,TOPKEY CORP.,,Taïwan,TWSE,TWD
4535,"FINE BLANKING & TOOL CO., LTD.",,Taïwan,TWSE,TWD
4534,"TRINITY PRECISION TECHNOLOGY CO., LTD.",,Taïwan,TWSE,TWD
6196,MARKETECH INTERNATIONAL CORP.,,Taïwan,TWSE,TWD
1326,FORMOSA CHEMICALS & FIBRE CORP.,,Taïwan,TWSE,TWD
4533,"SHIEH YIH MACHINERY INDUSTRY CO., LTD.",,Taïwan,TWSE,TWD
4532,"RECHI PRECISION CO., LTD.",,Taïwan,TWSE,TWD
6195,SCAN-D CORPORATION,,Taïwan,TWSE,TWD
6216,DRAYTEK CORP.,,Taïwan,TWSE,TWD
8027,E&R ENGINEERING CORPORATION,,Taïwan,TWSE,TWD
8040,IC PLUS CORP.,,Taïwan,TWSE,TWD
6285,WISTRON NEWEB CORP.,,Taïwan,TWSE,TWD
6284,"INPAQ TECHNOLOGY CO., LTD.",,Taïwan,TWSE,TWD
1219,FWUSOW INDUSTRY CO. LTD.,,Taïwan,TWSE,TWD
6283,"SHUN ON ELECTRONIC CO., LTD.",,Taïwan,TWSE,TWD
4192,"SYNCORE BIOTECHNOLOGY CO., LTD.",,Taïwan,TWSE,TWD
4194,"HOLY STONE HEALTHCARE CO., LTD.",,Taïwan,TWSE,TWD
6282,ACBEL POLYTECH INC.,,Taïwan,TWSE,TWD
4195,"GENOMICS BIOSCI & TECH CO., LTD.",,Taïwan,TWSE,TWD
1220,TAI ROUN PRODUCTS CO. LTD.,,Taïwan,TWSE,TWD
8432,TSH BIOPHARM CORPORATION LIMITED,,Taïwan,TWSE,TWD
8431,"SUPERIOR PLATING TECHNOLOGY CO., LTD.",,Taïwan,TWSE,TWD
6020,"TACHAN SECURITIES CO., LTD.",,Taïwan,TWSE,TWD
1225,"FORMOSA OILSEED PROCESSING CO., LTD.",,Taïwan,TWSE,TWD
8429,JINLI GROUP HOLDINGS LTD.,,Taïwan,TWSE,TWD
2115,LU HAI HOLDING CORPORATION,,Taïwan,TWSE,TWD
6290,LONGWELL COMPANY,,Taïwan,TWSE,TWD
2114,"HSIN YUNG CHIEN CO., LTD.",,Taïwan,TWSE,TWD
8433,"BON FAME CO., LTD.",,Taïwan,TWSE,TWD
1217,A.G.V. PRODUCTS INC.,,Taïwan,TWSE,TWD
8442,WW HOLDING INC.,,Taïwan,TWSE,TWD
8440,"E&E RECYCLING, INC.",,Taïwan,TWSE,TWD
6294,"TEKOM TECHNOLOGIES, INC.",,Taïwan,TWSE,TWD
1213,OCEANIC BEVERAGES CO. INC.,,Taïwan,TWSE,TWD
8438,AMIA COMPANY LIMITED,,Taïwan,TWSE,TWD
1215,"CHAROEN POKPHAND ENTERPRISE CO., LTD.",,Taïwan,TWSE,TWD
8437,RMH HOLDINGS LIMITED,,Taïwan,TWSE,TWD
4186,TAIWAN ADVANCE BIO-PHARMACEUTICAL INC.,,Taïwan,TWSE,TWD
1216,UNI-PRESIDENT ENTERPRISES CORPORATION,,Taïwan,TWSE,TWD
8436,"TCI CO., LTD.",,Taïwan,TWSE,TWD
4188,AMCAD BIOMED CORPORATION,,Taïwan,TWSE,TWD
4190,JOURDENESS GROUP LTD.,,Taïwan,TWSE,TWD
6292,AXIS CORPORATION,,Taïwan,TWSE,TWD
6291,ANALOG INTEGRATIONS CORPORATION,,Taïwan,TWSE,TWD
8435,ZIMMITE TAIWAN LTD.,,Taïwan,TWSE,TWD
1218,"TAISUN ENTERPRISE CO., LTD.",,Taïwan,TWSE,TWD
6021,"GOOD FINANCE SECURITIES CO., LTD.",,Taïwan,TWSE,TWD
4197,VISGENEER INC.,,Taïwan,TWSE,TWD
6023,"YUANTA FUTURES CO., LTD.",,Taïwan,TWSE,TWD
6277,"ATEN INTERNATIONAL CO., LTD.",,Taïwan,TWSE,TWD
6276,"ANTEC, INC.",,Taïwan,TWSE,TWD
8423,"POLYGREEN RESOURCES CO., LTD.",,Taïwan,TWSE,TWD
1232,TTET UNION CORPORATION,,Taïwan,TWSE,TWD
2104,"INTERNATIONAL CSRC INVESTMENT HOLDINGS CO., LTD.",,Taïwan,TWSE,TWD
2103,TSRC CORPORATION,,Taïwan,TWSE,TWD
2102,FEDERAL CORPORATION,,Taïwan,TWSE,TWD
8422,"CLEANAWAY CO., LTD.",,Taïwan,TWSE,TWD
1233,"TEN REN TEA CO., LTD.",,Taïwan,TWSE,TWD
8421,"XU YUAN PACKAGING TECHNOLOGY CO., LTD.",,Taïwan,TWSE,TWD
2101,"NAN KANG RUBBER TIRE CO., LTD.",,Taïwan,TWSE,TWD
6275,YEN SUN TECHNOLOGY CORP.,,Taïwan,TWSE,TWD
1234,HEY SONG CORP.,,Taïwan,TWSE,TWD
6274,TAIWAN UNION TECHNOLOGY CORPORATION,,Taïwan,TWSE,TWD
8011,"TAI TUNG COMMUNICATION CO., LTD.",,Taïwan,TWSE,TWD
6278,TAIWAN SURFACE MOUNTING TECHNOLOGY CORP.,,Taïwan,TWSE,TWD
2105,"CHENG SHIN RUBBER INDUSTRY CO., LTD.",,Taïwan,TWSE,TWD
8424,"WELLPOOL CO., LTD.",,Taïwan,TWSE,TWD
6279,HU LANE ASSOCIATE INC.,,Taïwan,TWSE,TWD
4198,S&S HEALTHCARE HOLDING LTD.,,Taïwan,TWSE,TWD
1227,STANDARD FOODS CORP.,,Taïwan,TWSE,TWD
4205,"CHUNG HWA FOOD INDUSTRIAL CO., LTD.",,Taïwan,TWSE,TWD
8426,REDWOOD GROUP LTD.,,Taïwan,TWSE,TWD
6024,CAPITAL FUTURES CORP.,,Taïwan,TWSE,TWD
6281,E-LIFE MALL CORPORATION,,Taïwan,TWSE,TWD
6026,"GRAND FORTUNE SECURITIES CO., LTD",,Taïwan,TWSE,TWD
1210,"GREAT WALL ENTERPRISE CO., LTD.",,Taïwan,TWSE,TWD
4207,"TAIWAN FRUCTOSE CO., LTD.",,Taïwan,TWSE,TWD
6027,"RELIANCE SECURITIES CO., LTD.",,Taïwan,TWSE,TWD
2108,"NANTEX INDUSTRY CO., LTD.",,Taïwan,TWSE,TWD
2107,FORMOSAN RUBBER GROUP INC.,,Taïwan,TWSE,TWD
1229,"LIEN HWA INDUSTRIAL HOLDINGS CO., LTD.",,Taïwan,TWSE,TWD
6028,"GOLDEN INSURANCE BROKERS CO., LTD.",,Taïwan,TWSE,TWD
1231,LIAN HWA FOODS CORPORATION,,Taïwan,TWSE,TWD
2106,"KENDA RUBBER INDUSTRIAL CO., LTD.",,Taïwan,TWSE,TWD
2109,"HWA FONG RUBBER CO., LTD.",,Taïwan,TWSE,TWD
1235,"SHIN TAI INDUSTRY CO., LTD.",,Taïwan,TWSE,TWD
4183,EPS BIO TECHNOLOGY CORP.,,Taïwan,TWSE,TWD
1101,"TCC GROUP HOLDINGS CO., LTD.",,Taïwan,TWSE,TWD
4139,MA KUANG HEALTHCARE HOLDING LIMITED,,Taïwan,TWSE,TWD
4142,ADIMMUNE CORP,,Taïwan,TWSE,TWD
4147,TAIMED BIOLOGICS INC.,,Taïwan,TWSE,TWD
6416,CASWELL INC.,,Taïwan,TWSE,TWD
4148,ALL COSMOS BIO-TECH HOLDING LIMITED,,Taïwan,TWSE,TWD
4150,"UNICON OPTICAL CO., LTD.",,Taïwan,TWSE,TWD
4153,"DIVA LABORATORIES, LTD.",,Taïwan,TWSE,TWD
6015,"HORIZON SECURITIES CO., LTD.",,Taïwan,TWSE,TWD
8473,"FOREST WATER ENVIRONMENTAL TECHNOLOGIES CO., LTD.",,Taïwan,TWSE,TWD
8472,"GOMAJI CORP., LTD.",,Taïwan,TWSE,TWD
6016,"CONCORD SECURITIES CO., LTD.",,Taïwan,TWSE,TWD
4154,"RAKU CO., LTD.",,Taïwan,TWSE,TWD
4155,"OK BIOTECH CO., LTD.",,Taïwan,TWSE,TWD
8467,BONNY WORLDWIDE LTD.,,Taïwan,TWSE,TWD
4157,TAIGEN BIOPHARMACEUTICALS HOLDINGS LIMITED,,Taïwan,TWSE,TWD
4138,DYNAMIC MEDICAL TECHNOLOGIES INC.,,Taïwan,TWSE,TWD
8466,"MJ INTERNATIONAL CO., LTD.",,Taïwan,TWSE,TWD
4137,CHLITINA HOLDING LTD.,,Taïwan,TWSE,TWD
8478,ALEXANDER MARINE CO. LTD.,,Taïwan,TWSE,TWD
8499,TOP BRIGHT HOLDING CO. LTD.,,Taïwan,TWSE,TWD
4121,ROSSMAX INTERNATIONAL LTD.,,Taïwan,TWSE,TWD
4123,"CENTER LABORATORIES, INC.",,Taïwan,TWSE,TWD
8489,"SAMEBEST CO., LTD.",,Taïwan,TWSE,TWD
4126,"PACIFIC HOSPITAL SUPPLY CO., LTD.",,Taïwan,TWSE,TWD
4127,"TIEN LIANG BIOTECH CO., LTD.",,Taïwan,TWSE,TWD
4128,"MICROBIO CO., LTD.",,Taïwan,TWSE,TWD
8488,JIYUAN PACKAGING HOLDINGS LTD.,,Taïwan,TWSE,TWD
6417,"SECURITAG ASSEMBLY GROUP CO., LTD.",,Taïwan,TWSE,TWD
4129,UNITED ORTHOPEDIC CORPORATION,,Taïwan,TWSE,TWD
4130,"GENOVATE BIOTECHNOLOGY CO., LTD.",,Taïwan,TWSE,TWD
4131,"NEOCORE TECHNOLOGY CO., LTD.",,Taïwan,TWSE,TWD
4133,ABNOVA CORP.,,Taïwan,TWSE,TWD
8482,SHANE GLOBAL HOLDING INC.,,Taïwan,TWSE,TWD
8481,"TRANSART GRAPHICS CO., LTD.",,Taïwan,TWSE,TWD
8477,"XXTECHEC CO., LTD.",,Taïwan,TWSE,TWD
4160,GENETICS GENERATION ADVANCEMENT CORP.,,Taïwan,TWSE,TWD
8464,"NIEN MADE ENTERPRISE CO., LTD.",,Taïwan,TWSE,TWD
8463,"RUENTEX MATERIALS CO., LTD.",,Taïwan,TWSE,TWD
4172,INNOPHARMAX INC.,,Taïwan,TWSE,TWD
1104,UNIVERSAL CEMENT CORPORATION,,Taïwan,TWSE,TWD
8446,HIM INTERNATIONAL MUSIC INC.,,Taïwan,TWSE,TWD
4173,"ARICH ENTERPRISE CO., LTD.",,Taïwan,TWSE,TWD
1103,CHIA HSIN CEMENT CORPORATION,,Taïwan,TWSE,TWD
4174,"OBI PHARMA, INC.",,Taïwan,TWSE,TWD
4175,"MEDFIRST HEALTHCARE SERVICES, INC.",,Taïwan,TWSE,TWD
6411,AMAZING MICROELECTRONIC CORP.,,Taïwan,TWSE,TWD
6409,VOLTRONIC POWER TECHNOLOGY CORP.,,Taïwan,TWSE,TWD
6407,"MUTUAL-TEK INDUSTRIES CO., LTD.",,Taïwan,TWSE,TWD
6405,ONANO INDUSTRIAL CORP.,,Taïwan,TWSE,TWD
1201,WEI CHUAN FOODS CORPORATION,,Taïwan,TWSE,TWD
8444,"GREEN RIVER HOLDING CO., LTD.",,Taïwan,TWSE,TWD
1102,ASIA CEMENT CORPORATION,,Taïwan,TWSE,TWD
1203,VE WONG CORPORATION,,Taïwan,TWSE,TWD
6412,"CHICONY POWER TECHNOLOGY CO., LTD.",,Taïwan,TWSE,TWD
8450,"PILI INTERNATIONAL MULTIMEDIA CO., LTD.",,Taïwan,TWSE,TWD
4171,GENEREACH BIOTECHNOLOGY CORP.,,Taïwan,TWSE,TWD
1108,LUCKY CEMENT CORP.,,Taïwan,TWSE,TWD
8462,POWER WIND HEALTH INDUSTRY CO. LTD.,,Taïwan,TWSE,TWD
4161,BIOPTIK TECHNOLOGY INCORPORATION,,Taïwan,TWSE,TWD
8458,1 PRODUCTION FILM CO.,,Taïwan,TWSE,TWD
4162,"PHARMAENGINE, INC.",,Taïwan,TWSE,TWD
6415,SILERGY CORP,,Taïwan,TWSE,TWD
4163,INTAI TECHNOLOGY CORPORATION,,Taïwan,TWSE,TWD
6414,ENNOCONN CORPORATION,,Taïwan,TWSE,TWD
8443,"SHUI-MU INTERNATIONAL CO., LTD.",,Taïwan,TWSE,TWD
1110,SOUTHEAST CEMENT CO. LTD.,,Taïwan,TWSE,TWD
4164,CHC HEALTHCARE GROUP,,Taïwan,TWSE,TWD
8454,MOMO.COM INC.,,Taïwan,TWSE,TWD
1109,"HSING TA CEMENT CO., LTD.",,Taïwan,TWSE,TWD
4166,"ORIENT PHARMA CO., LTD.",,Taïwan,TWSE,TWD
4167,SAVIOR LIFETEC CORPORATION,,Taïwan,TWSE,TWD
4168,GLYCONEX INC.,,Taïwan,TWSE,TWD
4170,VECTORITE BIOMEDICAL INC.,,Taïwan,TWSE,TWD
8455,"DAITO ME HOLDINGS CO., LTD",,Taïwan,TWSE,TWD
4303,HSIN-LI CHEMICAL INDUSTRIAL CORP.,,Taïwan,TWSE,TWD
4304,"SUNVIC TECHNOLOGY CO., LTD.",,Taïwan,TWSE,TWD
4305,"SHIH-KUEN PLASTICS CO., LTD.",,Taïwan,TWSE,TWD
4426,"LI CHENG ENTERPRISE CO., LTD.",,Taïwan,TWSE,TWD
2013,"CHINA STEEL STRUCTURE CO., LTD.",,Taïwan,TWSE,TWD
2012,CHUN YU WORKS & COMPANY LTD.,,Taïwan,TWSE,TWD
4430,"YAO I FABRIC CO., LTD.",,Taïwan,TWSE,TWD
8932,"WISELINK CO., LTD.",,Taïwan,TWSE,TWD
2010,CHUN YUAN STEEL INDUSTRY CO. LTD.,,Taïwan,TWSE,TWD
6236,NEITH CORPORATION,,Taïwan,TWSE,TWD
4431,"MYTREX HEALTH TECHNOLOGIES, INC.",,Taïwan,TWSE,TWD
2009,FIRST COPPER TECHNOLOGY CO.,,Taïwan,TWSE,TWD
6235,WAFFER TECHNOLOGY CORP.,,Taïwan,TWSE,TWD
4432,"HAKERS ENTERPRISE CO., LTD.",,Taïwan,TWSE,TWD
2008,KAO HSING CHANG IRON & STEEL CORPORATION,,Taïwan,TWSE,TWD
8933,IDEAL BIKE CORPORATION,,Taïwan,TWSE,TWD
8390,JIIN YEEH DING ENTERPRISES CORP.,,Taïwan,TWSE,TWD
8935,"PONTEX POLYBLEND CO., LTD.",,Taïwan,TWSE,TWD
6237,"C-MEDIA ELECTRONICS, INC.",,Taïwan,TWSE,TWD
6234,TERA AUTOTECH CORPORATION,,Taïwan,TWSE,TWD
2014,CHUNG HUNG STEEL CORP.,,Taïwan,TWSE,TWD
6239,POWERTECH TECHNOLOGY INC.,,Taïwan,TWSE,TWD
2025,CHIEN SHING STAINLESS STEEL CO. LTD.,,Taïwan,TWSE,TWD
6240,SUNG GANG CORP. LIMITED,,Taïwan,TWSE,TWD
2024,CHIH LIEN INDUSTRIAL CO. LTD.,,Taïwan,TWSE,TWD
2023,"YIEH PHUI ENTERPRISE CO., LTD.",,Taïwan,TWSE,TWD
4414,"ROO HSING CO., LTD.",,Taïwan,TWSE,TWD
2022,"TYCOONS GROUP ENTERPRISE CO., LTD.",,Taïwan,TWSE,TWD
4416,"SHANYUAN CO., LTD.",,Taïwan,TWSE,TWD
2020,MAYER STEEL PIPE CORPORATION,,Taïwan,TWSE,TWD
8028,PHOENIX SILICON INTERNATIONAL CORP.,,Taïwan,TWSE,TWD
4417,"KING CHOU MARINE TECHNOLOGY CO., LTD.",,Taïwan,TWSE,TWD
8930,CKM APPLIED MATERIALS CORP.,,Taïwan,TWSE,TWD
8931,TA-YUAN COGENERATION COMPANY LTD.,,Taïwan,TWSE,TWD
2017,"QUINTAIN STEEL CO., LTD.",,Taïwan,TWSE,TWD
4419,"KING HOUSE CO., LTD.",,Taïwan,TWSE,TWD
2015,"FENG HSIN STEEL CO., LTD.",,Taïwan,TWSE,TWD
4420,"KWANG MING SILK MILL CO., LTD.",,Taïwan,TWSE,TWD
6233,PROLIFIC TECHNOLOGY INC.,,Taïwan,TWSE,TWD
6231,INSYDE SOFTWARE CORP.,,Taïwan,TWSE,TWD
6230,NIDEC CHAUN-CHOUNG TECHNOLOGY CORP.,,Taïwan,TWSE,TWD
4440,"YI SHIN TEXTILE INDUSTRIAL CO., LTD.",,Taïwan,TWSE,TWD
1294,"HANTECH BIO-TECHNOLOGY CO., LTD.",,Taïwan,TWSE,TWD
4442,J&B INTERNATIONAL INC.,,Taïwan,TWSE,TWD
2002,CHINA STEEL CORPORATION,,Taïwan,TWSE,TWD
1295,SYNBIO TECH INC.,,Taïwan,TWSE,TWD
8941,"GRAND HALL ENTERPRISE CO., LTD.",,Taïwan,TWSE,TWD
8942,"XXENTRIA TECHNOLOGY MATERIALS CO., LTD.",,Taïwan,TWSE,TWD
6222,"LI HSUAN INTERNATIONAL CONSTRUCTION CO., LTD.",,Taïwan,TWSE,TWD
8038,"CHANGS ASCENDING ENTERPRISE CO., LTD.",,Taïwan,TWSE,TWD
6221,"GENESIS TECHNOLOGY, INC.",,Taïwan,TWSE,TWD
1301,FORMOSA PLASTICS CORP.,,Taïwan,TWSE,TWD
6220,"YFC-BONEAGLE ELECTRIC CO., LTD.",,Taïwan,TWSE,TWD
6219,"FULL WANG INTERNATIONAL DEVELOPMENT CO., LTD.",,Taïwan,TWSE,TWD
8039,"TAIFLEX SCIENTIFIC CO., LTD.",,Taïwan,TWSE,TWD
6218,HAUMAN TECHNOLOGIES CORP.,,Taïwan,TWSE,TWD
6223,MPI CORPORATION,,Taïwan,TWSE,TWD
6224,POLYTRONICS TECHNOLOGY CORP.,,Taïwan,TWSE,TWD
1293,"LYTONE ENTERPRISE, INC.",,Taïwan,TWSE,TWD
6225,AIPTEK INTERNATIONAL INC.,,Taïwan,TWSE,TWD
8032,"KORYO ELECTRONICS CO., LTD.",,Taïwan,TWSE,TWD
6229,"V-TAC TECHNOLOGY CO., LTD.",,Taïwan,TWSE,TWD
2007,"YIEH HSING ENTERPRISE CO., LTD.",,Taïwan,TWSE,TWD
4433,"SINGTEX INDUSTRIAL CO., LTD.",,Taïwan,TWSE,TWD
6228,"PACIFIC IMAGE ELECTRONICS CO., LTD.",,Taïwan,TWSE,TWD
8936,"KUO TOONG INTERNATIONAL CO., LTD.",,Taïwan,TWSE,TWD
2006,TUNG HO STEEL ENTERPRISE CORPORATION,,Taïwan,TWSE,TWD
4413,"EST GLOBAL APPAREL CO.,LTD",,Taïwan,TWSE,TWD
6227,MACNICA GALAXY INC.,,Taïwan,TWSE,TWD
8033,THUNDER TIGER CORPORATION,,Taïwan,TWSE,TWD
8938,ADVANCED INTERNATIONAL MULTICORP INC.,,Taïwan,TWSE,TWD
8034,"OPNET TECHNOLOGIES CO., LTD.",,Taïwan,TWSE,TWD
6226,"PARA LIGHT ELECTRONICS CO., LTD.",,Taïwan,TWSE,TWD
8940,NEW PALACE INTERNATIONAL CO. LTD.,,Taïwan,TWSE,TWD
4438,"QUANG VIET ENTERPRISE CO., LTD.",,Taïwan,TWSE,TWD
4439,TST GROUP HOLDING LTD.,,Taïwan,TWSE,TWD
8937,"HER CHEE INDUSTRIAL CO., LTD.",,Taïwan,TWSE,TWD
8929,"FU BURG INDUSTRIAL CO., LTD.",,Taïwan,TWSE,TWD
8928,DYNAMIC PRECISION INDUSTRY CORPORATION,,Taïwan,TWSE,TWD
2027,"TA CHEN STAINLESS PIPE CO., LTD.",,Taïwan,TWSE,TWD
2070,"CHING CHAN OPTICAL TECHNOLOGY CO., LTD.",,Taïwan,TWSE,TWD
2069,YUEN CHANG STAINLESS STEEL CO. LTD.,,Taïwan,TWSE,TWD
1256,"SUNJUICE HOLDINGS CO., LTD.",,Taïwan,TWSE,TWD
8403,"SHAREHOPE MEDICINE CO., LTD.",,Taïwan,TWSE,TWD
1259,"AN-SHIN FOOD SERVICES CO., LTD.",,Taïwan,TWSE,TWD
2067,"CHIA YI STEEL CO., LTD.",,Taïwan,TWSE,TWD
6261,YOUNGTEK ELECTRONICS CORP.,,Taïwan,TWSE,TWD
6259,"BULL WILL CO., LTD.",,Taïwan,TWSE,TWD
1260,FLAVOR FULL FOODS INC.,,Taïwan,TWSE,TWD
8401,"BAI SHA TECHNOLOGY CO., LTD.",,Taïwan,TWSE,TWD
1264,TEHMAG FOODS CORPORATION,,Taïwan,TWSE,TWD
8905,"EAGLE COLD STORAGE ENTERPRISE CO., LTD.",,Taïwan,TWSE,TWD
8906,"FORWARD GRAPHIC ENTERPRISE CO., LTD.",,Taïwan,TWSE,TWD
2066,"SUMEEKO INDUSTRIES CO., LTD.",,Taïwan,TWSE,TWD
8908,SHINHSIUNG NATURAL GAS INC.,,Taïwan,TWSE,TWD
2071,"CHEN NAN IRON WIRE CO., LTD.",,Taïwan,TWSE,TWD
8404,PAIHO SHIH HOLDINGS CORPORATION,,Taïwan,TWSE,TWD
2073,"SYONG SHUN METAL CO., LTD.",,Taïwan,TWSE,TWD
6263,PLANET TECHNOLOGY CORPORATION,,Taïwan,TWSE,TWD
1236,"HUNYA FOODS CO., LTD.",,Taïwan,TWSE,TWD
4306,"YC CO., LTD.",,Taïwan,TWSE,TWD
8416,"SOLIDWIZARD TECHNOLOGY CO., LTD.",,Taïwan,TWSE,TWD
8415,"BRIGHTON-BEST INTERNATIONAL, INC.",,Taïwan,TWSE,TWD
6271,TONG HSING ELECTRONIC INDUSTRIES LTD.,,Taïwan,TWSE,TWD
1240,MORN SUN FEED MILL CORP.,,Taïwan,TWSE,TWD
6270,PROFESSIONAL COMPUTER TECHNOLOGY LTD.,,Taïwan,TWSE,TWD
2065,"SHEH FUNG SCREWS CO., LTD.",,Taïwan,TWSE,TWD
8411,KINGCAN HOLDINGS LTD.,,Taïwan,TWSE,TWD
6005,CAPITAL SECURITIES CORPORATION,,Taïwan,TWSE,TWD
6266,TOP UNION ELECTRONICS CORP.,,Taïwan,TWSE,TWD
8410,"SENTIEN PRINTING FACTORY CO., LTD.",,Taïwan,TWSE,TWD
6265,KUEN CHAANG UPPERTECH CORP.,,Taïwan,TWSE,TWD
6264,KINGLAND PROPERTY CORPORATION LTD.,,Taïwan,TWSE,TWD
8016,SITRONIX TECHNOLOGY CORP.,,Taïwan,TWSE,TWD
8409,EBM TECHNOLOGIES INCORPORATED,,Taïwan,TWSE,TWD
6269,FLEXIUM INTERCONNECT INC.,,Taïwan,TWSE,TWD
6217,"C.C.P. CONTACT PROBES CO., LTD.",,Taïwan,TWSE,TWD
6257,SIGURD MICROELECTRONICS CORP.,,Taïwan,TWSE,TWD
2063,"SHEH KAI PRECISION CO., LTD.",,Taïwan,TWSE,TWD
2035,"TANG ENG IRON WORKS CO., LTD.",,Taïwan,TWSE,TWD
4401,"TOUNG LOONG TEXTILE MFG. CO., LTD.",,Taïwan,TWSE,TWD
8024,ALPHA MICROELECTRONICS CORPORATION,,Taïwan,TWSE,TWD
6242,"LI KANG BIOMEDICAL CO., LTD.",,Taïwan,TWSE,TWD
2034,"YC INOX CO., LTD.",,Taïwan,TWSE,TWD
2033,"CHIA TA WORLD CO., LTD.",,Taïwan,TWSE,TWD
2032,"SINKANG INDUSTRIES CO., LTD.",,Taïwan,TWSE,TWD
4402,"J.D. DEVELOPMENT CO., LTD.",,Taïwan,TWSE,TWD
2031,"HSIN KUANG STEEL CO., LTD.",,Taïwan,TWSE,TWD
2030,FROCH ENTERPRISE CO. LTD.,,Taïwan,TWSE,TWD
8927,"NORTH-STAR INTERNATIONAL CO., LTD.",,Taïwan,TWSE,TWD
6241,AMIGO TECHNOLOGY INC.,,Taïwan,TWSE,TWD
2029,"SHENG YU STEEL CO., LTD.",,Taïwan,TWSE,TWD
4406,"HSIN SIN TEXTILE CO., LTD.",,Taïwan,TWSE,TWD
2028,"WEI CHIH STEEL INDUSTRIAL CO., LTD.",,Taïwan,TWSE,TWD
8926,TAIWAN COGENERATION CORPORATION,,Taïwan,TWSE,TWD
8924,"O-TA PRECISION INDUSTRY CO., LTD.",,Taïwan,TWSE,TWD
2038,HAI KWANG ENTERPRISE CORP.,,Taïwan,TWSE,TWD
8923,CHINA TIMES PUBLISHING COMPANY,,Taïwan,TWSE,TWD
2062,SUNSPRING METAL CORP.,,Taïwan,TWSE,TWD
2061,FENG CHING METAL CORPORATION,,Taïwan,TWSE,TWD
2059,"KING SLIDE WORKS CO., LTD.",,Taïwan,TWSE,TWD
1268,"HI-LAI FOODS CO., LTD.",,Taïwan,TWSE,TWD
8916,"KWONG LUNG ENTERPRISE CO., LTD.",,Taïwan,TWSE,TWD
8917,"HSIN TAI GAS CO., LTD.",,Taïwan,TWSE,TWD
6248,TMP STEEL CORPORATION,,Taïwan,TWSE,TWD
2064,"CAMELLIA METAL CO., LTD.",,Taïwan,TWSE,TWD
1269,"KANPAI CO., LTD",,Taïwan,TWSE,TWD
8021,"TOPOINT TECHNOLOGY CO., LTD.",,Taïwan,TWSE,TWD
1271,"SUNWAY BIOTECH CO., LTD.",,Taïwan,TWSE,TWD
6245,LANNER ELECTRONICS INC.,,Taïwan,TWSE,TWD
2049,HIWIN TECHNOLOGIES CORP.,,Taïwan,TWSE,TWD
6244,MOTECH INDUSTRIES INC.,,Taïwan,TWSE,TWD
8921,"SHEN'S ART PRINTING CO., LTD.",,Taïwan,TWSE,TWD
6243,ENE TECHNOLOGY INC.,,Taïwan,TWSE,TWD
6246,TAIWAN THICK-FILM INDUSTRIES CORP.,,Taïwan,TWSE,TWD
6186,"SHIN RUENN DEVELOPMENT CO., LTD.",,Taïwan,TWSE,TWD
9908,"GREAT TAIPEI GAS CO., LTD.",,Taïwan,TWSE,TWD
4584,"JUFAN INDUSTRIAL CO., LTD.",,Taïwan,TWSE,TWD
5240,ACTI CORPORATION,,Taïwan,TWSE,TWD
5243,"ESON PRECISION IND CO., LTD.",,Taïwan,TWSE,TWD
1445,UNIVERSAL TEXTILE CO. LTD.,,Taïwan,TWSE,TWD
5244,"BRIGHTEK OPTOELECTRONIC CO., LTD.",,Taïwan,TWSE,TWD
5245,WISECHIP SEMICONDUCTOR INC.,,Taïwan,TWSE,TWD
1599,"AEON MOTOR CO., LTD.",,Taïwan,TWSE,TWD
1603,CHINA WIRE & CABLE CO. LTD.,,Taïwan,TWSE,TWD
1598,DYACO INTERNATIONAL INC.,,Taïwan,TWSE,TWD
1597,"CHIEFTEK PRECISION CO., LTD.",,Taïwan,TWSE,TWD
5248,PIXON TECHNOLOGIES CORPORATION,,Taïwan,TWSE,TWD
5251,JSW PACIFIC CORPORATION,,Taïwan,TWSE,TWD
5254,"CEN LINK CO., LTD.",,Taïwan,TWSE,TWD
1595,"CHIME BALL TECHNOLOGY CO., LTD.",,Taïwan,TWSE,TWD
1594,"JU-KAO ENGINEERING CO., LTD.",,Taïwan,TWSE,TWD
5246,"PROBELEADER CO., LTD.",,Taïwan,TWSE,TWD
1604,SAMPO CORPORATION,,Taïwan,TWSE,TWD
1605,WALSIN LIHWA CORPORATION,,Taïwan,TWSE,TWD
1608,"HUA ENG WIRE & CABLE CO., LTD.",,Taïwan,TWSE,TWD
5215,KO JA CAYMAN CO. LTD.,,Taïwan,TWSE,TWD
1614,"TAIWAN SANYO ELECTRIC CO., LTD.",,Taïwan,TWSE,TWD
5220,HIGGSTEC INC.,,Taïwan,TWSE,TWD
5222,TRANSCOM INC.,,Taïwan,TWSE,TWD
5223,"ANLI INTERNATIONAL CO., LTD.",,Taïwan,TWSE,TWD
1612,"HONG TAI ELECTRIC INDUSTRIAL CO., LTD.",,Taïwan,TWSE,TWD
8182,HARMONY ELECTRONICS CORPORATION,,Taïwan,TWSE,TWD
1611,CHINA ELECTRIC MANUFACTURING CO. LTD.,,Taïwan,TWSE,TWD
5225,EASTECH HOLDING LTD.,,Taïwan,TWSE,TWD
5227,"ADVANCED LITHIUM ELECTROCHEMISTRY (CAYMAN) CO., LTD.",,Taïwan,TWSE,TWD
5228,MAX ECHO TECHNOLOGY CORP.,,Taïwan,TWSE,TWD
5230,"LEDLINK OPTICS, INC.",,Taïwan,TWSE,TWD
5234,DAXIN MATERIALS CORPORATION,,Taïwan,TWSE,TWD
1609,"TA YA ELECTRIC WIRE & CABLE CO., LTD.",,Taïwan,TWSE,TWD
5236,SUNPLUS INNOVATION TECHNOLOGY INC.,,Taïwan,TWSE,TWD
5258,"CASTLES TECHNOLOGY CO., LTD.",,Taïwan,TWSE,TWD
1593,"CHI HUA FITNESS CO., LTD.",,Taïwan,TWSE,TWD
8183,INFO-TEK CORPORATION,,Taïwan,TWSE,TWD
5262,GIGASTONE CORPORATION,,Taïwan,TWSE,TWD
1580,SINMAG EQUIPMENT CORPORATION,,Taïwan,TWSE,TWD
5278,"SUNFUN INFO CO., LTD.",,Taïwan,TWSE,TWD
5608,SHIH WEI NAVIGATION CO. LTD.,,Taïwan,TWSE,TWD
5283,"HERAN CO., LTD.",,Taïwan,TWSE,TWD
5284,"JPP HOLDING CO., LTD.",,Taïwan,TWSE,TWD
5607,FARGLORY FREE TRADE ZONE INVESTMENT HOLDING COMPANY LIMITED,,Taïwan,TWSE,TWD
1449,"CHIA HER INDUSTRIAL CO., LTD.",,Taïwan,TWSE,TWD
01010T,MILLERFUL NO. 1 REIT,,Taïwan,TWSE,TWD
5604,"CHUNG LIEN CO., LTD.",,Taïwan,TWSE,TWD
5603,SEA & LAND INTEGRATED CORP.,,Taïwan,TWSE,TWD
5601,TAIWAN ALLIED CONTAINER TERMINAL CORP.,,Taïwan,TWSE,TWD
5285,"JIH LIN TECHNOLOGY CO., LTD.",,Taïwan,TWSE,TWD
5548,"ANCANG CONSTRUCTION CO., LTD.",,Taïwan,TWSE,TWD
1570,DE POAN PNEUMATIC CORP.,,Taïwan,TWSE,TWD
5287,"ADDCN TECHNOLOGY CO., LTD.",,Taïwan,TWSE,TWD
5276,DA HUI LIMITED,,Taïwan,TWSE,TWD
1615,DAH SAN ELECTRIC WIRE & CABLE CO. LTD.,,Taïwan,TWSE,TWD
1447,"LI PENG ENTERPRISE CO., LTD.",,Taïwan,TWSE,TWD
5274,ASPEED TECHNOLOGY INC.,,Taïwan,TWSE,TWD
1591,"INMAX HOLDING CO., LTD.",,Taïwan,TWSE,TWD
5263,"BROGENT TECHNOLOGIES, INC.",,Taïwan,TWSE,TWD
1590,AIRTAC INTERNATIONAL GROUP,,Taïwan,TWSE,TWD
1589,"YEONG GUAN ENERGY GROUP CO., LTD.",,Taïwan,TWSE,TWD
1587,CRYOMAX COOLING SYSTEM CORP,,Taïwan,TWSE,TWD
1586,"CHINA FINEBLANKING TECHNOLOGY CO., LTD.",,Taïwan,TWSE,TWD
5267,"LUNG PIEN VACUUM INDUSTRY CO., LTD.",,Taïwan,TWSE,TWD
5269,ASMEDIA TECHNOLOGY INC.,,Taïwan,TWSE,TWD
5271,"HORNG TONG ENTERPRISE CO., LTD.",,Taïwan,TWSE,TWD
1584,S-TECH CORP.,,Taïwan,TWSE,TWD
5272,AMICCOM ELECTRONICS CORPORATION,,Taïwan,TWSE,TWD
1446,"HONG HO PRECISION TEXTILE CO., LTD.",,Taïwan,TWSE,TWD
1583,GOODWAY MACHINE CORPORATION,,Taïwan,TWSE,TWD
8261,ADVANCED POWER ELECTRONICS CORP.,,Taïwan,TWSE,TWD
5609,DIMERCO EXPRESS CORPORATION,,Taïwan,TWSE,TWD
1582,SYNCMOLD ENTERPRISE CORP.,,Taïwan,TWSE,TWD
5213,"YEASHIN INTERNATIONAL DEVELOPMENT CO., LTD.",,Taïwan,TWSE,TWD
5212,"HYWEB TECHNOLOGY CO., LTD.",,Taïwan,TWSE,TWD
1616,EVERTOP WIRE CABLE CORP.,,Taïwan,TWSE,TWD
6127,"LEATEC FINE CERAMICS CO., LTD.",,Taïwan,TWSE,TWD
6126,"SINGATRON ENTERPRISE CO., LTD.",,Taïwan,TWSE,TWD
6125,"KENMEC MECHANICAL ENGINEERING CO., LTD.",,Taïwan,TWSE,TWD
6124,YEH CHIANG TECHNOLOGY CORPORATION,,Taïwan,TWSE,TWD
6123,GRANDTECH C.G. SYSTEMS INC.,,Taïwan,TWSE,TWD
6122,"KING POLYTECHNIC ENGINEERING CO., LTD.",,Taïwan,TWSE,TWD
6121,"SIMPLO TECHNOLOGY CO., LTD.",,Taïwan,TWSE,TWD
6120,DARWIN PRECISIONS CORPORATION,,Taïwan,TWSE,TWD
8131,"FORMOSA ADVANCED TECHNOLOGIES CO., LTD.",,Taïwan,TWSE,TWD
6118,XANDER INTERNATIONAL CORP.,,Taïwan,TWSE,TWD
1439,ASCENT DEVELOPMENT CO. LTD.,,Taïwan,TWSE,TWD
6117,IN WIN DEVELOPMENT INC.,,Taïwan,TWSE,TWD
5704,HOTEL ROYAL CHIHPEN,,Taïwan,TWSE,TWD
6116,HANNSTAR DISPLAY CORPORATION,,Taïwan,TWSE,TWD
6115,"I-SHENG ELECTRIC WIRE & CABLE CO., LTD.",,Taïwan,TWSE,TWD
8121,ACME ELECTRONICS CORPORATION,,Taïwan,TWSE,TWD
6114,JUIC INTERNATIONAL CORPORATION,,Taïwan,TWSE,TWD
6128,GENERAL PLASTIC INDUSTRIAL CO. LTD.,,Taïwan,TWSE,TWD
8119,CLIENTRON CORP.,,Taïwan,TWSE,TWD
6142,CAMEO COMMUNICATIONS INC.,,Taïwan,TWSE,TWD
8107,"TAYIH KENMOS AUTO PARTS CO., LTD.",,Taïwan,TWSE,TWD
6141,"PLOTECH CO., LTD.",,Taïwan,TWSE,TWD
8109,"P-DUKE TECHNOLOGY CO., LTD.",,Taïwan,TWSE,TWD
8110,WALTON ADVANCED ENGINEERING INC.,,Taïwan,TWSE,TWD
6140,"DIMENSION COMPUTER TECHNOLOGY CO., LTD.",,Taïwan,TWSE,TWD
8111,"LIGITEK ELECTRONICS CO., LTD.",,Taïwan,TWSE,TWD
6139,"L&K ENGINEERING CO., LTD.",,Taïwan,TWSE,TWD
8112,"SUPREME ELECTRONICS CO., LTD.",,Taïwan,TWSE,TWD
6138,ANPEC ELECTRONICS CORPORATION,,Taïwan,TWSE,TWD
8114,POSIFLEX TECHNOLOGY INC.,,Taïwan,TWSE,TWD
6136,"FULLERTON TECHNOLOGY CO., LTD.",,Taïwan,TWSE,TWD
6134,"WANSHIH ELECTRONIC CO., LTD.",,Taïwan,TWSE,TWD
6133,GOLDEN BRIDGE ELECTECH INC.,,Taïwan,TWSE,TWD
6130,"SHANGYA TECHNOLOGY CO., LTD.",,Taïwan,TWSE,TWD
6129,PRINCETON TECHNOLOGY CORPORATION,,Taïwan,TWSE,TWD
5288,"EUROCHARM HOLDINGS CO., LTD.",,Taïwan,TWSE,TWD
6113,ASEC INTERNATIONAL CORPORATION,,Taïwan,TWSE,TWD
6111,SOFTSTAR ENTERTAINMENT INC.,,Taïwan,TWSE,TWD
5201,K WAY INFORMATION CORPORATION,,Taïwan,TWSE,TWD
5202,NEWSOFT TECHNOLOGY CORPORATION,,Taïwan,TWSE,TWD
5203,CYBERLINK CORP,,Taïwan,TWSE,TWD
5205,FAST TECHNOLOGIES LTD.,,Taïwan,TWSE,TWD
5701,JANFUSUN FANCYWORLD CORP.,,Taïwan,TWSE,TWD
5206,"KUNYUE DEVELOPMENT CO., LTD.",,Taïwan,TWSE,TWD
5209,CTCI ADVANCED SYSTEMS INC.,,Taïwan,TWSE,TWD
8176,Z-COM INC.,,Taïwan,TWSE,TWD
01007T,CATHAY NO. 2 PROPERTY REIT,,Taïwan,TWSE,TWD
1618,HOLD-KEY ELECTRIC WIRE CO. LTD.,,Taïwan,TWSE,TWD
1444,LEALEA ENTERPRISE CO. LTD.,,Taïwan,TWSE,TWD
5210,"APEX INTERNATIONAL FINANCIAL ENGINEERING RESEARCH & TECHNOLOGY CO., LTD.",,Taïwan,TWSE,TWD
01009T,O-BANK NO. 1 REAL ESTATE INVESTMENT TRUST,,Taïwan,TWSE,TWD
1617,"JUNG SHING WIRE CO., LTD.",,Taïwan,TWSE,TWD
5211,PENPOWER TECHNOLOGY LTD.,,Taïwan,TWSE,TWD
1626,AIRMATE CAYMAN INTERNATIONAL LTD.,,Taïwan,TWSE,TWD
6112,METAAGE CORP.,,Taïwan,TWSE,TWD
01004T,FUBON NO. 2 REIT,,Taïwan,TWSE,TWD
8171,FORMOSA ELECTRONIC INDUSTRIES INC.,,Taïwan,TWSE,TWD
6109,ATECH OEM INC.,,Taïwan,TWSE,TWD
6108,APCB INC.,,Taïwan,TWSE,TWD
6104,"GENESYS LOGIC, INC.",,Taïwan,TWSE,TWD
6103,AVID ELECTRONICS CORP.,,Taïwan,TWSE,TWD
6101,"KWAN'S INTERNATIONAL CO., LTD.",,Taïwan,TWSE,TWD
8147,NEXTRONICS ENGINEERING CORP.,,Taïwan,TWSE,TWD
8150,CHIPMOS TECHNOLOGIES INC.,,Taïwan,TWSE,TWD
1440,"TAINAN SPINNING CO., LTD.",,Taïwan,TWSE,TWD
1441,"TAH TONG TEXTILE CO., LTD.",,Taïwan,TWSE,TWD
8155,"ALLIED CIRCUIT CO., LTD.",,Taïwan,TWSE,TWD
8163,DARFON ELECTRONICS CORP.,,Taïwan,TWSE,TWD
01001T,FUBON NO. 1 REIT,,Taïwan,TWSE,TWD
1442,"ADVANCETEK ENTERPRISE CO., LTD.",,Taïwan,TWSE,TWD
01002T,CATHAY NO. 1 REAL ESTATE INVESTMENT TRUST,,Taïwan,TWSE,TWD
5703,"THE LANDIS TAIPEI HOTEL CO., LTD.",,Taïwan,TWSE,TWD
1443,LILY TEXTILE CO. LTD.,,Taïwan,TWSE,TWD
1438,SANDI PROPERTIES CO. LTD.,,Taïwan,TWSE,TWD
1569,"BIN CHUAN ENTERPRISE CO., LTD.",,Taïwan,TWSE,TWD
1568,TSANG YOW INDUSTRIAL CO. LTD.,,Taïwan,TWSE,TWD
1506,RIGHT WAY INDUSTRIES INC.,,Taïwan,TWSE,TWD
1463,CHYANG SHENG TEXTILES CO. LTD.,,Taïwan,TWSE,TWD
1504,"TECO ELECTRIC & MACHINERY CO., LTD.",,Taïwan,TWSE,TWD
5519,LONGDA CONSTRUCTION & DEVELOPMENT CO. LTD.,,Taïwan,TWSE,TWD
1464,"DE LICACY INDUSTRIAL CO., LTD.",,Taïwan,TWSE,TWD
1465,WISHER INDUSTRIAL CO. LTD.,,Taïwan,TWSE,TWD
5432,SOLOMON DATA INTERNATIONAL CORPORATION,,Taïwan,TWSE,TWD
1503,SHIHLIN ELECTRIC & ENGINEERING CORP.,,Taïwan,TWSE,TWD
5434,"TOPCO SCIENTIFIC CO., LTD.",,Taïwan,TWSE,TWD
5438,"TECO IMAGE SYSTEMS CO., LTD.",,Taïwan,TWSE,TWD
5439,"FIRST HI-TEC ENTERPRISE CO., LTD.",,Taïwan,TWSE,TWD
5443,"GALLANT PRECISION MACHINING CO., LTD.",,Taïwan,TWSE,TWD
5450,NAM LIONG GLOBAL CORPORATION,,Taïwan,TWSE,TWD
5452,UNIC TECHNOLOGY CORP.,,Taïwan,TWSE,TWD
8234,"NEXCOM INTERNATIONAL CO., LTD.",,Taïwan,TWSE,TWD
5426,"CHENG FWA INDUSTRIAL CO., LTD.",,Taïwan,TWSE,TWD
5425,"TAIWAN SEMICONDUCTOR CO., LTD.",,Taïwan,TWSE,TWD
1512,"JUI LI ENTERPRISE CO., LTD.",,Taïwan,TWSE,TWD
5388,SERCOMM CORPORATION,,Taïwan,TWSE,TWD
1519,"FORTUNE ELECTRIC CO., LTD.",,Taïwan,TWSE,TWD
5392,"ABICO AVY CO., LTD.",,Taïwan,TWSE,TWD
5523,"FONG-CHIEN CONSTRUCTION CO., LTD.",,Taïwan,TWSE,TWD
5398,INALWAYS CORPORATION,,Taïwan,TWSE,TWD
1517,"LEE CHI ENTERPRISES CO., LTD.",,Taïwan,TWSE,TWD
1516,FALCON POWER CO. LTD.,,Taïwan,TWSE,TWD
5403,DIMERCO DATA SYSTEM CORPORATION,,Taïwan,TWSE,TWD
5522,"FARGLORY LAND DEVELOPMENT CO., LTD.",,Taïwan,TWSE,TWD
5521,KUNG SING ENGINEERING CORPORATION,,Taïwan,TWSE,TWD
5520,"LIH TAI CONSTRUCTION ENTERPRISE CO., LTD.",,Taïwan,TWSE,TWD
1515,REXON INDUSTRIAL CORP. LTD.,,Taïwan,TWSE,TWD
1514,ALLIS ELECTRIC CO. LTD.,,Taïwan,TWSE,TWD
5410,"LEO SYSTEMS, INC.",,Taïwan,TWSE,TWD
1513,CHUNG-HSIN ELECTRIC & MACHINERY MANUFACTURING CORP.,,Taïwan,TWSE,TWD
5455,"SHENG YI DEVELOPMENT CO., LTD.",,Taïwan,TWSE,TWD
5457,SPEED TECH CORP.,,Taïwan,TWSE,TWD
5460,MUSTANG INDUSTRIAL CORP.,,Taïwan,TWSE,TWD
5464,"LIN HORN TECHNOLOGY CO., LTD.",,Taïwan,TWSE,TWD
1467,"TEX-RAY INDUSTRIAL CO., LTD.",,Taïwan,TWSE,TWD
1477,"MAKALOT INDUSTRIAL CO., LTD.",,Taïwan,TWSE,TWD
5493,SANLIEN TECHNOLOGY CORP.,,Taïwan,TWSE,TWD
1476,ECLAT TEXTILE COMPANY LTD.,,Taïwan,TWSE,TWD
5498,"KEY WARE ELECTRONICS CO., LTD.",,Taïwan,TWSE,TWD
1475,"BIG SUNSHINE CO., LTD.",,Taïwan,TWSE,TWD
1474,"HONMYUE ENTERPRISE CO., LTD.",,Taïwan,TWSE,TWD
5508,"YUNGSHIN CONSTRUCTION & DEVELOPMENT CO., LTD.",,Taïwan,TWSE,TWD
1473,"TAINAN ENTERPRISES CO., LTD.",,Taïwan,TWSE,TWD
1472,TRIOCEAN INDUSTRIAL CORP.,,Taïwan,TWSE,TWD
5511,"TE CHANG CONSTRUCTION CO., LTD.",,Taïwan,TWSE,TWD
1471,SOLYTECH ENTERPRISE CORP.,,Taïwan,TWSE,TWD
5512,"RICH DEVELOPMENT CO., LTD.",,Taïwan,TWSE,TWD
1470,EVERTEX FABRINOLOGY LTD.,,Taïwan,TWSE,TWD
5514,"SUNFON CONSTRUCTION CO., LTD.",,Taïwan,TWSE,TWD
5516,SUN-SEA CONSTRUCTION CORPORATION,,Taïwan,TWSE,TWD
5386,"ALBATRON TECHNOLOGY CO., LTD.",,Taïwan,TWSE,TWD
5490,XAC AUTOMATION CORPORATION,,Taïwan,TWSE,TWD
5488,"SUNF PU TECHNOLOGY CO., LTD.",,Taïwan,TWSE,TWD
8240,WAH HONG INDUSTRIAL CORP.,,Taïwan,TWSE,TWD
5465,"LOYALTY FOUNDER ENTERPRISE CO., LTD.",,Taïwan,TWSE,TWD
5468,TM TECHNOLOGY INC.,,Taïwan,TWSE,TWD
5469,HANNSTAR BOARD CORPORATION,,Taïwan,TWSE,TWD
5471,"SONIX TECHNOLOGY CO., LTD.",,Taïwan,TWSE,TWD
1466,ACELON CHEMICALS & FIBER CORPORATION,,Taïwan,TWSE,TWD
5474,"YUAN HIGH-TECH DEVELOPMENT CO., LTD.",,Taïwan,TWSE,TWD
5475,GLOTECH INDUSTRIAL CORP.,,Taïwan,TWSE,TWD
5478,SOFT-WORLD INTERNATIONAL CORPORATION,,Taïwan,TWSE,TWD
5481,"SINO TACTFUL CO., LTD.",,Taïwan,TWSE,TWD
5483,SINO-AMERICAN SILICON PRODUCTS INC.,,Taïwan,TWSE,TWD
8249,CREATIVE SENSOR INC.,,Taïwan,TWSE,TWD
1480,"TUNG MUNG DEVELOPMENT CO., LTD.",,Taïwan,TWSE,TWD
5484,EVERFOCUS ELECTRONICS CORP.,,Taïwan,TWSE,TWD
5487,TONTEK DESIGN TECHNOLOGY LTD.,,Taïwan,TWSE,TWD
5489,"DYNACOLOR, INC.",,Taïwan,TWSE,TWD
5381,"UNIPLUS ELECTRONICS CO., LTD.",,Taïwan,TWSE,TWD
1460,"EVEREST TEXTILE CO., LTD.",,Taïwan,TWSE,TWD
1521,"TA YIH INDUSTRIAL CO., LTD.",,Taïwan,TWSE,TWD
5306,KUEI MENG INTERNATIONAL INC.,,Taïwan,TWSE,TWD
8215,BENQ MATERIALS CORP.,,Taïwan,TWSE,TWD
5309,SYSGRATION LTD.,,Taïwan,TWSE,TWD
5310,CGS INTERNATIONAL INC.,,Taïwan,TWSE,TWD
5312,"FORMOSA OPTICAL TECHNOLOGY CO., LTD.",,Taïwan,TWSE,TWD
5314,MYSON CENTURY INC.,,Taïwan,TWSE,TWD
5315,UNITED RADIANT TECHNOLOGY CORPORATION,,Taïwan,TWSE,TWD
1453,TA JIANG DEVELOPMENT CORP,,Taïwan,TWSE,TWD
1454,"TAIWAN TAFFETA FABRIC CO., LTD.",,Taïwan,TWSE,TWD
1455,"ZIG SHENG INDUSTRIAL CO., LTD.",,Taïwan,TWSE,TWD
5321,UNITED AIRLINES HOLDINGS INC.,,Taïwan,TWSE,TWD
5324,SHIHLIN DEVELOPMENT COMPANY LIMITED,,Taïwan,TWSE,TWD
1541,"CHANG TYPE INDUSTRIAL CO., LTD.",,Taïwan,TWSE,TWD
5328,"HUA JUNG COMPONENTS CO., LTD.",,Taïwan,TWSE,TWD
5534,"CHONG HONG CONSTRUCTION CO., LTD.",,Taïwan,TWSE,TWD
8213,"TAIWAN PCB TECHVEST CO., LTD.",,Taïwan,TWSE,TWD
1456,I-HWA INDUSTRIAL CO. LTD.,,Taïwan,TWSE,TWD
5302,"SYNTEK SEMICONDUCTOR CO., LTD.",,Taïwan,TWSE,TWD
5301,"CJW INTERNATIONAL CO., LTD.",,Taïwan,TWSE,TWD
5547,"JIOUSHUN CONSTRUCTION CO., LTD.",,Taïwan,TWSE,TWD
5546,YONGGU GROUP INC.,,Taïwan,TWSE,TWD
1565,"ST.SHINE OPTICAL CO., LTD.",,Taïwan,TWSE,TWD
8201,"INVENTEC BESTA CO., LTD.",,Taïwan,TWSE,TWD
5289,INNODISK CORPORATION,,Taïwan,TWSE,TWD
5543,BUIMA GROUP INC.,,Taïwan,TWSE,TWD
1452,"HONG YI FIBER INDUSTRY CO., LTD.",,Taïwan,TWSE,TWD
8255,ACTRON TECHNOLOGY CORPORATION,,Taïwan,TWSE,TWD
5291,"EISO ENTERPRISE CO., LTD.",,Taïwan,TWSE,TWD
5538,"TONG MING ENTERPRISE CO., LTD.",,Taïwan,TWSE,TWD
5297,"3S SILICON TECH., INC.",,Taïwan,TWSE,TWD
1560,KINIK COMPANY,,Taïwan,TWSE,TWD
5536,ACTER GROUP CORPORATION LIMITED,,Taïwan,TWSE,TWD
5299,EXCELLIANCEMOS CORPORATION,,Taïwan,TWSE,TWD
1558,"ZENG HSING INDUSTRIAL CO., LTD.",,Taïwan,TWSE,TWD
8210,"CHENBRO MICOM CO., LTD.",,Taïwan,TWSE,TWD
1451,"NIEN HSING TEXTILE CO., LTD.",,Taïwan,TWSE,TWD
1540,ROUNDTOP MACHINERY INDUSTRIES CO. LTD.,,Taïwan,TWSE,TWD
1539,"CHIU TING MACHINERY CO., LTD.",,Taïwan,TWSE,TWD
5355,"GIA TZOONG ENTERPRISE CO., LTD.",,Taïwan,TWSE,TWD
1528,ANDERSON INDUSTRIAL CORP.,,Taïwan,TWSE,TWD
8227,PROGATE GROUP CORPORATION,,Taïwan,TWSE,TWD
5530,LUNGYEN LIFE SERVICE CORPORATION,,Taïwan,TWSE,TWD
1527,BASSO INDUSTRY CORP.,,Taïwan,TWSE,TWD
5356,"SIRTEC INTERNATIONAL CO., LTD.",,Taïwan,TWSE,TWD
1526,SUN RACE STURMEY-ARCHERS INC.,,Taïwan,TWSE,TWD
1459,"LANFA TEXTILE CO., LTD.",,Taïwan,TWSE,TWD
5364,"LEALEA HOTELS & RESORTS CO., LTD.",,Taïwan,TWSE,TWD
1525,KIAN SHEN CORPORATION,,Taïwan,TWSE,TWD
1524,GORDON AUTO BODY PARTS CO. LTD.,,Taïwan,TWSE,TWD
5529,"MEGA INTERNATIONAL DEVELOPMENT CO., LTD.",,Taïwan,TWSE,TWD
1522,"TYC BROTHER INDUSTRIAL CO., LTD.",,Taïwan,TWSE,TWD
5525,SWEETEN REAL ESTATE DEVELOPMENT INC.,,Taïwan,TWSE,TWD
5371,CORETRONIC CORPORATION,,Taïwan,TWSE,TWD
1529,"LUXE GREEN ENERGY TECHNOLOGY CO., LTD.",,Taïwan,TWSE,TWD
5533,"FOUNDING CONSTRUCTION & DEVELOPMENT CO., LTD.",,Taïwan,TWSE,TWD
1530,"AWEA MECHANTRONIC CO., LTD.",,Taïwan,TWSE,TWD
1531,"KAULIN MANUFACTURING CO., LTD.",,Taïwan,TWSE,TWD
1457,"YI JINN INDUSTRIAL CO., LTD.",,Taïwan,TWSE,TWD
1538,"JENN FENG INDUSTRIAL CO., LTD.",,Taïwan,TWSE,TWD
5340,BAOTEK INDUSTRIAL MATERIALS LTD.,,Taïwan,TWSE,TWD
5344,"VATE TECHNOLOGY CO., LTD.",,Taïwan,TWSE,TWD
1537,"KUNG LONG BATTERIES INDUSTRIAL CO., LTD.",,Taïwan,TWSE,TWD
1536,"HOTA INDUSTRIAL MANUFACTURING CO., LTD.",,Taïwan,TWSE,TWD
5531,"SHINING BUILDING BUSINESS CO., LTD.",,Taïwan,TWSE,TWD
5345,"FULLHOME DEVELOPMENT CO., LTD.",,Taïwan,TWSE,TWD
8222,AERO WIN TECHNOLOGY CORP.,,Taïwan,TWSE,TWD
1535,CHINA ECOTEK CORPORATION,,Taïwan,TWSE,TWD
5347,VANGUARD INTERNATIONAL SEMICONDUCTOR CORPORATION,,Taïwan,TWSE,TWD
5348,EMPOWER TECHNOLOGY CORPORATION,,Taïwan,TWSE,TWD
1533,"MOBILETRON ELECTRONICS CO., LTD.",,Taïwan,TWSE,TWD
5351,"ETRON TECHNOLOGY, INC.",,Taïwan,TWSE,TWD
1532,"CHINA METAL PRODUCTS CO., LTD.",,Taïwan,TWSE,TWD
5353,"TAILYN TECHNOLOGIES, INC.",,Taïwan,TWSE,TWD
1907,YFY INC.,,Taïwan,TWSE,TWD
6143,"NETRONIX, INC.",,Taïwan,TWSE,TWD
8105,"GIANTPLUS TECHNOLOGY CO., LTD.",,Taïwan,TWSE,TWD
6179,"ATE ENERGY INTERNATIONAL CO., LTD.",,Taïwan,TWSE,TWD
1809,"CHINA GLAZE CO., LTD.",,Taïwan,TWSE,TWD
8077,"GREEN WORLD HOTELS CO., LTD.",,Taïwan,TWSE,TWD
4747,"JOHNSON CHEMICAL PHARMACEUTICAL WORKS CO., LTD.",,Taïwan,TWSE,TWD
1808,RUN LONG CONSTRUCTION CO. LTD.,,Taïwan,TWSE,TWD
4749,ADVANCED ECHEM MATERIALS COMPANY LIMITED,,Taïwan,TWSE,TWD
6180,"GAMANIA DIGITAL ENTERTAINMENT CO., LTD.",,Taïwan,TWSE,TWD
6177,DA-LI DEVELOPMENT CO. LTD.,,Taïwan,TWSE,TWD
6175,LITON TECHNOLOGY CORP.,,Taïwan,TWSE,TWD
1806,"CHAMPION BUILDING MATERIALS CO., LTD.",,Taïwan,TWSE,TWD
8080,"TERRALINK ENTERPRISE CO., LTD.",,Taïwan,TWSE,TWD
6174,"AKER TECHNOLOGY CO., LTD.",,Taïwan,TWSE,TWD
1805,"BETTER LIFE GROUP CO., LTD.",,Taïwan,TWSE,TWD
6173,"PROSPERITY DIELECTRICS CO., LTD.",,Taïwan,TWSE,TWD
6176,RADIANT OPTO-ELECTRONICS CORPORATION,,Taïwan,TWSE,TWD
1810,HOCHENG CORP,,Taïwan,TWSE,TWD
4746,FORMOSA LABORATORIES INC.,,Taïwan,TWSE,TWD
4745,"COWEALTH MEDICAL HOLDING CO., LTD.",,Taïwan,TWSE,TWD
8289,"TAITIEN ELECTRONICS CO., LTD.",,Taïwan,TWSE,TWD
4732,NATUREWISE BIOTECH & MEDICALS CORPORATION,,Taïwan,TWSE,TWD
4735,AVITA CORPORATION,,Taïwan,TWSE,TWD
1402,FAR EASTERN NEW CENTURY CORPORATION,,Taïwan,TWSE,TWD
8076,"FIRICH ENTERPRISES CO., LTD.",,Taïwan,TWSE,TWD
4737,BIONIME CORPORATION,,Taïwan,TWSE,TWD
4738,TATUNG FINE CHEMICALS CO.,,Taïwan,TWSE,TWD
1817,"SANITAR CO., LTD.",,Taïwan,TWSE,TWD
4739,COREMAX CORPORATION,,Taïwan,TWSE,TWD
8284,MITAKE INFORMATION CORPORATION,,Taïwan,TWSE,TWD
1815,FULLTECH FIBER GLASS CORP.,,Taïwan,TWSE,TWD
1813,"POLYLITE TAIWAN CO., LTD.",,Taïwan,TWSE,TWD
4741,JETBEST CORPORATION,,Taïwan,TWSE,TWD
4743,"ONENESS BIOTECH CO., LTD.",,Taïwan,TWSE,TWD
4744,CVC TECHNOLOGIES INC.,,Taïwan,TWSE,TWD
8081,GLOBAL MIXED-MODE TECHNOLOGY INC.,,Taïwan,TWSE,TWD
1802,TAIWAN GLASS IND. CORP.,,Taïwan,TWSE,TWD
6171,"TACHENG REAL ESTATE CO., LTD.",,Taïwan,TWSE,TWD
4754,"INTERNATIONAL CARBIDE TECHNOLOGY CO., LTD.",,Taïwan,TWSE,TWD
4767,"CHERNG TAY TECHNOLOGY CO., LTD.",,Taïwan,TWSE,TWD
4768,INGENTEC CORPORATION,,Taïwan,TWSE,TWD
1418,TONGHWA CORP.,,Taïwan,TWSE,TWD
4770,ALLIED SUPREME CORPORATION,,Taïwan,TWSE,TWD
4772,TAIWAN SPECIALITY CHEMICALS CORPORATION,,Taïwan,TWSE,TWD
1789,SCINOPHARM TAIWAN LTD.,,Taïwan,TWSE,TWD
1788,HI-CLEARANCE INC.,,Taïwan,TWSE,TWD
6169,INTERSERV INTERNATIONAL INC.,,Taïwan,TWSE,TWD
1419,"SHINKONG TEXTILE CO., LTD.",,Taïwan,TWSE,TWD
8084,"CHIP HOPE CO., LTD.",,Taïwan,TWSE,TWD
8085,"FORWARD ELECTRONICS CO., LTD.",,Taïwan,TWSE,TWD
1786,SCIVISION BIOTECH INC.,,Taïwan,TWSE,TWD
1785,SOLAR APPLIED MATERIALS TECHNOLOGY CORPORATION,,Taïwan,TWSE,TWD
4804,"DA LUE INTERNATIONAL HOLDING CO., LTD.",,Taïwan,TWSE,TWD
8272,CHANGING INFORMATION TECHNOLOGY INC.,,Taïwan,TWSE,TWD
4766,"NAN PAO RESINS CHEMICAL CO., LTD.",,Taïwan,TWSE,TWD
4729,MILDEX OPTICAL INC.,,Taïwan,TWSE,TWD
1417,CARNIVAL INDUSTRIAL CORP.,,Taïwan,TWSE,TWD
4764,"DOUBLE BOND CHEMICAL IND. CO., LTD.",,Taïwan,TWSE,TWD
8083,PRO-HAWK CORPORATION,,Taïwan,TWSE,TWD
1409,SHINKONG SYNTHETIC FIBERS CORPORATION,,Taïwan,TWSE,TWD
1410,"NAN YANG DYEING & FINISHING CO., LTD.",,Taïwan,TWSE,TWD
6170,WELLDONE COMPANY,,Taïwan,TWSE,TWD
4755,"SAN FU CHEMICAL CO., LTD.",,Taïwan,TWSE,TWD
8279,"SYNGEN BIOTECH CO., LTD.",,Taïwan,TWSE,TWD
8277,UNIFOSA CORP.,,Taïwan,TWSE,TWD
1799,"EASYWELL BIOMEDICALS, INC.",,Taïwan,TWSE,TWD
1413,"HUNG CHOU FIBER INDUSTRIAL CO., LTD.",,Taïwan,TWSE,TWD
1414,"TUNG HO TEXTILE CO., LTD.",,Taïwan,TWSE,TWD
4760,"AMPLE ELECTRONIC TECHNOLOGY CO., LTD.",,Taïwan,TWSE,TWD
1416,KWONG FONG INDUSTRIES LIMITED,,Taïwan,TWSE,TWD
1796,"GENEFERM BIOTECHNOLOGY CO., LTD.",,Taïwan,TWSE,TWD
1795,"LOTUS PHARMACEUTICAL CO., LTD.",,Taïwan,TWSE,TWD
4763,"JINAN ACETATE CHEMICAL CO., LTD.",,Taïwan,TWSE,TWD
4765,"PANCOLOUR INK CO., LTD.",,Taïwan,TWSE,TWD
8291,"SHINEMORE TECHNOLOGY MATERIALS CO., LTD.",,Taïwan,TWSE,TWD
4728,"SUNMAX BIOTECHNOLOGY CO., LTD.",,Taïwan,TWSE,TWD
4726,MYCENAX BIOTECH INC.,,Taïwan,TWSE,TWD
9944,"SHINIH ENTERPRISE CO., LTD.",,Taïwan,TWSE,TWD
9943,HOLIDAY ENTERTAINMENT CO. LTD.,,Taïwan,TWSE,TWD
9942,NAK SEALING TECHNOLOGIES CORP.,,Taïwan,TWSE,TWD
9941,YULON FINANCE CORPORATION,,Taïwan,TWSE,TWD
9940,SINYI REALTY INC.,,Taïwan,TWSE,TWD
8349,QST INTERNATIONAL CORP.,,Taïwan,TWSE,TWD
9939,"TAIWAN HON CHUAN ENTERPRISE CO., LTD.",,Taïwan,TWSE,TWD
9938,TAIWAN PAIHO LTD.,,Taïwan,TWSE,TWD
9937,NATIONAL PETROLEUM CO. LTD.,,Taïwan,TWSE,TWD
4609,"AIRLUX ELECTRICAL CO., LTD.",,Taïwan,TWSE,TWD
9935,"CHING FENG HOME FASHIONS CO., LTD.",,Taïwan,TWSE,TWD
9934,GLOBE UNION INDUSTRIAL CORP.,,Taïwan,TWSE,TWD
9933,CTCI CORPORATION,,Taïwan,TWSE,TWD
9931,"HSIN-KAO GAS CO., LTD.",,Taïwan,TWSE,TWD
9930,CHC RESOURCES CORPORATION,,Taïwan,TWSE,TWD
8354,"KOAN HAO TECHNOLOGY CO., LTD.",,Taïwan,TWSE,TWD
8345,"SUPER QIN ENTERPRISE CO., LTD.",,Taïwan,TWSE,TWD
9945,"RUENTEX DEVELOPMENT CO., LTD.",,Taïwan,TWSE,TWD
8074,"AURONA INDUSTRIES, INC.",,Taïwan,TWSE,TWD
1906,BAOLONG INTERNATIONAL CO. LTD.,,Taïwan,TWSE,TWD
9955,SUPER DRAGON TECHNOLOGY CO. LTD.,,Taïwan,TWSE,TWD
1905,CHUNG HWA PULP CORP.,,Taïwan,TWSE,TWD
6185,"PLASTRON PRECISION CO., LTD.",,Taïwan,TWSE,TWD
8071,"ABICO NETCOM CO., LTD.",,Taïwan,TWSE,TWD
4587,"LNC TECHNOLOGY CO., LTD.",,Taïwan,TWSE,TWD
1904,CHENG LOONG CORP.,,Taïwan,TWSE,TWD
1903,SHIHLIN PAPER CORPORATION,,Taïwan,TWSE,TWD
9951,"MACAUTO INDUSTRIAL CO., LTD.",,Taïwan,TWSE,TWD
9950,EMINENT LUGGAGE CORPORATION,,Taïwan,TWSE,TWD
6184,DAFENG TV LTD.,,Taïwan,TWSE,TWD
9949,"TITTOT CO., LTD.",,Taïwan,TWSE,TWD
8072,AV TECH CORP.,,Taïwan,TWSE,TWD
6183,TRADE-VAN INFORMATION SERVICES CO.,,Taïwan,TWSE,TWD
4589,"MOTION TECHNOLOGY ELECTRIC & MACHINERY CO., LTD.",,Taïwan,TWSE,TWD
9946,SAN FAR PROPERTY LIMITED,,Taïwan,TWSE,TWD
1784,BIONET CORP.,,Taïwan,TWSE,TWD
9929,CHOICE DEVELOPMENT INC.,,Taïwan,TWSE,TWD
8342,"I JANG INDUSTRIAL CO., LTD.",,Taïwan,TWSE,TWD
9904,POU CHEN CORPORATION,,Taïwan,TWSE,TWD
4702,"ALLIED INDUSTRIAL CORP., LTD.",,Taïwan,TWSE,TWD
4706,TAH KONG CHEMICAL INDUSTRIAL CORPORATION,,Taïwan,TWSE,TWD
4707,PAN ASIA CHEMICAL CO.,,Taïwan,TWSE,TWD
9902,TIDEHOLD DEVELOPMENT CO. LTD.,,Taïwan,TWSE,TWD
4711,"YONG SHUN CHEMICAL CO., LTD.",,Taïwan,TWSE,TWD
4714,"U-BEST INNOVATIVE TECHNOLOGY CO., LTD.",,Taïwan,TWSE,TWD
4716,DAILY POLYMER CORP.,,Taïwan,TWSE,TWD
8299,PHISON ELECTRONICS CORPORATION,,Taïwan,TWSE,TWD
6035,EASYCARD CORPORATION,,Taïwan,TWSE,TWD
8298,GENIE NETWORKS LIMITED,,Taïwan,TWSE,TWD
4720,TEX YEAR INDUSTRIES INC.,,Taïwan,TWSE,TWD
4721,MECHEMA CHEMICALS INTERNATIONAL CORP.,,Taïwan,TWSE,TWD
4722,QUALIPOLY CHEMICAL CORP.,,Taïwan,TWSE,TWD
4724,"MERIBANK BIOTECH CO., LTD.",,Taïwan,TWSE,TWD
9905,"GREAT CHINA METAL INDUSTRY CO., LTD.",,Taïwan,TWSE,TWD
9928,"CHINA TELEVISION CO., LTD.",,Taïwan,TWSE,TWD
6182,WAFER WORKS CORPORATION,,Taïwan,TWSE,TWD
9907,TON YI INDUSTRIAL CORP.,,Taïwan,TWSE,TWD
9927,"THYE MING INDUSTRIAL CO., LTD.",,Taïwan,TWSE,TWD
8341,"SUNNY FRIEND ENVIRONMENTAL TECHNOLOGY CO., LTD.",,Taïwan,TWSE,TWD
9926,SHIN HAI GAS CORPORATION,,Taïwan,TWSE,TWD
9925,"TAIWAN SHIN KONG SECURITY CO., LTD.",,Taïwan,TWSE,TWD
9924,"TAIWAN FU HSING INDUSTRIAL CO., LTD.",,Taïwan,TWSE,TWD
9921,GIANT MANUFACTURING CO. LTD.,,Taïwan,TWSE,TWD
9919,"KNH ENTERPRISE CO., LTD.",,Taïwan,TWSE,TWD
9918,"SHIN SHIN NATURAL GAS CO., LTD.",,Taïwan,TWSE,TWD
9917,"TAIWAN SECOM CO., LTD.",,Taïwan,TWSE,TWD
9914,"MERIDA INDUSTRY CO., LTD.",,Taïwan,TWSE,TWD
8329,"TAIWAN TELEVISION ENTERPRISE CO., LTD.",,Taïwan,TWSE,TWD
9912,ASSOCIATED INTERNATIONAL HOTELS LTD.,,Taïwan,TWSE,TWD
9911,TAIWAN SAKURA CORP.,,Taïwan,TWSE,TWD
9910,"FENG TAY ENTERPRISE CO., LTD.",,Taïwan,TWSE,TWD
1468,CHANG HO FIBRE CORPORATION,,Taïwan,TWSE,TWD
9906,HSIN BA BA CORP,,Taïwan,TWSE,TWD
6144,"DELTAMAC (TAIWAN) CO., LTD.",,Taïwan,TWSE,TWD
4806,"KUEI TIEN CULTURAL & CREATIVE ENTERTAINMENT CO., LTD.",,Taïwan,TWSE,TWD
4807,"REGAL HOLDING CO., LTD.",,Taïwan,TWSE,TWD
1725,"YUEN JEN ENTERPRISE CO., LTD.",,Taïwan,TWSE,TWD
4979,LUXNET CORPORATION,,Taïwan,TWSE,TWD
8096,COASIA ELECTRONICS CORP.,,Taïwan,TWSE,TWD
6158,P-TWO INDUSTRIES INC.,,Taïwan,TWSE,TWD
1723,CHINA STEEL CHEMICAL CORP.,,Taïwan,TWSE,TWD
4980,JORJIN TECHNOLOGIES INC.,,Taïwan,TWSE,TWD
1726,"YUNG CHI PAINT & VARNISH MFG. CO., LTD.",,Taïwan,TWSE,TWD
1722,TAIWAN FERTILIZER CO. LTD.,,Taïwan,TWSE,TWD
4991,"GCS HOLDINGS, INC.",,Taïwan,TWSE,TWD
1721,"SUNKO INK CO., LTD.",,Taïwan,TWSE,TWD
4120,"ORIENT EUROPHARMA CO., LTD.",,Taïwan,TWSE,TWD
1720,"STANDARD CHEMICAL & PHARMACEUTICAL CO., LTD.",,Taïwan,TWSE,TWD
4995,LITEMAX ELECTRONICS INC.,,Taïwan,TWSE,TWD
5706,PHOENIX TOURS INTERNATIONAL INC.,,Taïwan,TWSE,TWD
4989,LCY TECHNOLOGY CORP.,,Taïwan,TWSE,TWD
4977,PCL TECHNOLOGIES INC.,,Taïwan,TWSE,TWD
4976,"CALIN TECHNOLOGY CO., LTD.",,Taïwan,TWSE,TWD
4974,ASIA TECH IMAGE INC.,,Taïwan,TWSE,TWD
1732,MAO BAO INC.,,Taïwan,TWSE,TWD
4966,"PARADE TECHNOLOGIES, LTD.",,Taïwan,TWSE,TWD
4967,TEAM GROUP INC.,,Taïwan,TWSE,TWD
6163,HWACOM SYSTEMS INC.,,Taïwan,TWSE,TWD
1731,MAYWUFA COMPANY LTD.,,Taïwan,TWSE,TWD
8092,"CHIEN WEI PRECISE TECHNOLOGY CO., LTD.",,Taïwan,TWSE,TWD
6161,"JETWAY INFORMATION CO., LTD.",,Taïwan,TWSE,TWD
4968,RICHWAVE TECHNOLOGY CORP.,,Taïwan,TWSE,TWD
8093,ENERMAX TECHNOLOGY CORPORATION,,Taïwan,TWSE,TWD
4971,INTELLIEPI INC. (CAYMAN),,Taïwan,TWSE,TWD
6160,"CIPHERLAB CO., LTD.",,Taïwan,TWSE,TWD
1730,"FARCENT ENTERPRISE CO., LTD.",,Taïwan,TWSE,TWD
4972,TONS LIGHTOLOGY INC.,,Taïwan,TWSE,TWD
4973,SILICON POWER COMPUTER & COMMUNICATIONS INC.,,Taïwan,TWSE,TWD
1727,CHUNG HWA CHEMICAL INDUSTRIAL LTD.,,Taïwan,TWSE,TWD
1718,CHINA MAN-MADE FIBER CORP,,Taïwan,TWSE,TWD
1717,"ETERNAL MATERIALS CO., LTD.",,Taïwan,TWSE,TWD
4999,SINHER TECHNOLOGY INC.,,Taïwan,TWSE,TWD
8097,ATW TECHNOLOGY INC.,,Taïwan,TWSE,TWD
6153,"CAREER TECHNOLOGY CO., LTD.",,Taïwan,TWSE,TWD
1708,SESODA CORPORATION,,Taïwan,TWSE,TWD
6152,PRIME ELECTRONICS & SATELLITE INC.,,Taïwan,TWSE,TWD
1707,GRAPE KING BIO LTD.,,Taïwan,TWSE,TWD
6151,"GINAR TECHNOLOGY CO., LTD.",,Taïwan,TWSE,TWD
1437,GTM HOLDINGS CORPORATION,,Taïwan,TWSE,TWD
8101,ARIMA COMMUNICATIONS CORP.,,Taïwan,TWSE,TWD
8102,"JEILIN TECHNOLOGY CO., LTD.",,Taïwan,TWSE,TWD
6150,TUL CORPORATION,,Taïwan,TWSE,TWD
1702,"NAMCHOW HOLDINGS CO., LTD.",,Taïwan,TWSE,TWD
8103,CVILUX CORPORATION,,Taïwan,TWSE,TWD
6148,AZION CORPORATION,,Taïwan,TWSE,TWD
8104,RITDISPLAY CORPORATION,,Taïwan,TWSE,TWD
6147,CHIPBOND TECHNOLOGY CORPORATION,,Taïwan,TWSE,TWD
6146,SPORTON INTERNATIONAL INC.,,Taïwan,TWSE,TWD
1709,FORMOSAN UNION CHEMICAL CORP.,,Taïwan,TWSE,TWD
1733,APEX BIOTECHNOLOGY CORP.,,Taïwan,TWSE,TWD
8099,TATUNG SYSTEM TECHNOLOGIES INC.,,Taïwan,TWSE,TWD
5015,RODEX FASTENERS CORP.,,Taïwan,TWSE,TWD
6156,"SONG SHANG ELECTRONICS CO., LTD.",,Taïwan,TWSE,TWD
1714,HO TUNG CHEMICAL CORP.,,Taïwan,TWSE,TWD
6155,KING CORE ELECTRONICS INC.,,Taïwan,TWSE,TWD
1713,"CATHAY CHEMICAL WORKS CO., LTD.",,Taïwan,TWSE,TWD
5007,SAN SHING FASTECH CORP.,,Taïwan,TWSE,TWD
1712,SINON CORPORATION,,Taïwan,TWSE,TWD
1436,"HUA YU LIEN DEVELOPMENT CO., LTD.",,Taïwan,TWSE,TWD
5009,GLORIA MATERIAL TECHNOLOGY CORP.,,Taïwan,TWSE,TWD
1711,EVERLIGHT CHEMICAL INDUSTRIAL CORPORATION,,Taïwan,TWSE,TWD
6154,"SUNFAR COMPUTER CO., LTD",,Taïwan,TWSE,TWD
5011,OFCO INDUSTRIAL CORPORATION,,Taïwan,TWSE,TWD
5013,"NEW BEST WIRE INDUSTRIAL CO., LTD.",,Taïwan,TWSE,TWD
8098,"DURA TEK, INC.",,Taïwan,TWSE,TWD
5014,"CHAIN CHON INDUSTRIAL CO., LTD.",,Taïwan,TWSE,TWD
1710,ORIENTAL UNION CHEMICAL CORPORATION,,Taïwan,TWSE,TWD
5016,"SONG HO INDUSTRIAL CO., LTD.",,Taïwan,TWSE,TWD
1435,CHUNG FU TEX-INTERNATIONAL LTD.,,Taïwan,TWSE,TWD
4961,FITIPOWER INTEGRATED TECHNOLOGY INC.,,Taïwan,TWSE,TWD
1734,"SINPHAR PHARMACEUTICAL CO., LTD.",,Taïwan,TWSE,TWD
6167,POWERTIP TECHNOLOGY CORPORATION,,Taïwan,TWSE,TWD
4903,UNITED FIBER OPTIC COMMUNICATION INC.,,Taïwan,TWSE,TWD
4904,"FAR EASTONE TELECOMMUNICATIONS CO., LTD.",,Taïwan,TWSE,TWD
4905,TAINET COMMUNICATION SYSTEM CORP.,,Taïwan,TWSE,TWD
4906,GEMTEK TECHNOLOGY CORP.,,Taïwan,TWSE,TWD
4907,"FU YU PROPERTY CO., LTD.",,Taïwan,TWSE,TWD
1762,"CHUNGHWA CHEMICAL SYNTHESIS & BIOTECH CO., LTD.",,Taïwan,TWSE,TWD
5876,"THE SHANGHAI COMMERCIAL & SAVINGS BANK, LTD.",,Taïwan,TWSE,TWD
4908,APAC OPTO ELECTRONICS INC.,,Taïwan,TWSE,TWD
1760,PANION & BF BIOTECH INC.,,Taïwan,TWSE,TWD
4909,"NEW ERA ELECTRONICS CO., LTD.",,Taïwan,TWSE,TWD
5871,"CHAILEASE HOLDING CO., LTD.",,Taïwan,TWSE,TWD
4911,"G&E HERBAL BIOTECHNOLOGY CO., LTD.",,Taïwan,TWSE,TWD
4912,LEMTECH HOLDINGS CO. LTD.,,Taïwan,TWSE,TWD
4915,PRIMAX ELECTRONICS LTD.,,Taïwan,TWSE,TWD
5878,"TAIMING ASSURANCE BROKER CO., LTD.",,Taïwan,TWSE,TWD
4916,PARPRO CORPORATION,,Taïwan,TWSE,TWD
5880,"TAIWAN COOPERATIVE FINANCIAL HOLDING CO., LTD.",,Taïwan,TWSE,TWD
1773,"SHINY CHEMICAL INDUSTRIAL CO., LTD.",,Taïwan,TWSE,TWD
1783,MAXIGEN BIOTECH INC.,,Taïwan,TWSE,TWD
6168,HARVATEK CORPORATION,,Taïwan,TWSE,TWD
8087,LEADSUN GREENTECH CORPORATION,,Taïwan,TWSE,TWD
9802,FULGENT SUN INTERNATIONAL CO. LTD.,,Taïwan,TWSE,TWD
1781,"HEALTH & LIFE CO., LTD.",,Taïwan,TWSE,TWD
1780,ALLIED BIOTECH CORPORATION,,Taïwan,TWSE,TWD
5907,GRAND OCEAN RETAIL GROUP LTD.,,Taïwan,TWSE,TWD
5906,"TAINAN ENTERPRISE (CAYMAN) CO., LTD.",,Taïwan,TWSE,TWD
5905,"NAN REN LAKE LEISURE AMUSEMENT CO., LTD.",,Taïwan,TWSE,TWD
1777,"SYN-TECH CHEM. & PHARM. CO., LTD.",,Taïwan,TWSE,TWD
1776,HEADWAY ADVANCED MATERIALS INC.,,Taïwan,TWSE,TWD
8088,PANRAM INTERNATIONAL CORP.,,Taïwan,TWSE,TWD
1423,REWARD WOOL INDUSTRY CORP,,Taïwan,TWSE,TWD
5904,"POYA INTERNATIONAL CO., LTD.",,Taïwan,TWSE,TWD
5903,"TAIWAN FAMILYMART CO., LTD.",,Taïwan,TWSE,TWD
5902,"TAIT MARKETING & DISTRIBUTION CO., LTD.",,Taïwan,TWSE,TWD
8086,ADVANCED WIRELESS SEMICONDUCTOR COMPANY,,Taïwan,TWSE,TWD
4919,NUVOTON TECHNOLOGY CORPORATION,,Taïwan,TWSE,TWD
6166,ADLINK TECHNOLOGY INC.,,Taïwan,TWSE,TWD
4950,GOLDEN WIN INTERNATIONAL CORP.,,Taïwan,TWSE,TWD
8091,FEEDBACK TECHNOLOGY CORP.,,Taïwan,TWSE,TWD
5863,TAIPEI STAR BANK,,Taïwan,TWSE,TWD
4951,FEATURE INTEGRATION TECHNOLOGY INC.,,Taïwan,TWSE,TWD
4952,GENERALPLUS TECHNOLOGY INC.,,Taïwan,TWSE,TWD
6164,LEDTECH ELECTRONICS CORP.,,Taïwan,TWSE,TWD
4953,WITS CORP.,,Taïwan,TWSE,TWD
4956,EPILEDS TECHNOLOGIES INC.,,Taïwan,TWSE,TWD
4958,ZHEN DING TECHNOLOGY HOLDING LIMITED,,Taïwan,TWSE,TWD
5859,"FARGLORY LIFE INSURANCE CO., LTD.",,Taïwan,TWSE,TWD
1737,"TAIYEN BIOTECH CO., LTD.",,Taïwan,TWSE,TWD
4960,"CHENG MEI MATERIALS TECHNOLOGY CO., LTD.",,Taïwan,TWSE,TWD
1736,"JOHNSON HEALTH TECH CO., LTD.",,Taïwan,TWSE,TWD
1735,"EVERMORE CHEMICAL INDUSTRY CO., LTD.",,Taïwan,TWSE,TWD
1434,"FORMOSA TAFFETA CO., LTD.",,Taïwan,TWSE,TWD
4946,"CAYENNE ENTERTAINMENT TECHNOLOGY CO., LTD.",,Taïwan,TWSE,TWD
4923,"FORCE MOS TECHNOLOGY CO., LTD.",,Taïwan,TWSE,TWD
1742,"TAIWAN WAX COMPANY, LTD.",,Taïwan,TWSE,TWD
4943,"CONCRAFT HOLDING CO., LTD.",,Taïwan,TWSE,TWD
4925,JMICRON TECHNOLOGY CORP.,,Taïwan,TWSE,TWD
1752,"NANG KUANG PHARMACEUTICAL CO., LTD.",,Taïwan,TWSE,TWD
5864,"CONCORD INTERNATIONAL SECURITIES CO., LTD",,Taïwan,TWSE,TWD
4927,"APEX INTERNATIONAL CO., LTD.",,Taïwan,TWSE,TWD
4930,STAR COMGISTIC CAPITAL CO LTD.,,Taïwan,TWSE,TWD
4931,"STL TECHNOLOGY CO., LTD.",,Taïwan,TWSE,TWD
1432,TRK CORPORATION,,Taïwan,TWSE,TWD
8271,APACER TECHNOLOGY INC.,,Taïwan,TWSE,TWD
4933,UBRIGHT OPTRONICS CORPORATION,,Taïwan,TWSE,TWD
8089,COMTREND CORPORATION,,Taïwan,TWSE,TWD
4934,"TAINERGY TECH CO., LTD.",,Taïwan,TWSE,TWD
4935,GLOBAL LIGHTING TECHNOLOGIES INC.,,Taïwan,TWSE,TWD
4938,PEGATRON CORP.,,Taïwan,TWSE,TWD
4939,"ASIA ELECTRONIC MATERIAL CO., LTD.",,Taïwan,TWSE,TWD
4942,"CHIA CHANG CO., LTD.",,Taïwan,TWSE,TWD
6165,LANG INC.,,Taïwan,TWSE,TWD
4994,"X-LEGEND ENTERTAINMENT CO., LTD.",,Taïwan,TWSE,TWD
4924,HTM INTERNATIONAL HOLDING LTD.,,Taïwan,TWSE,TWD
6418,"Y-S ELECTRONIC CO., LTD.",,Taïwan,TWSE,TWD
7713,"WELEADER BIOMEDICAL CO., LTD.",,Taïwan,TWSE,TWD
7714,UNIFORCE TECHNOLOGY CORPORATION,,Taïwan,TWSE,TWD
7715,"YUH SHAN ENVIRONMENTAL ENGINEERING CO., LTD.",,Taïwan,TWSE,TWD
6673,INNOVISION FLEXTECH CORPORATION,,Taïwan,TWSE,TWD
2851,"CENTRAL REINSURANCE CO., LTD.",,Taïwan,TWSE,TWD
2850,"SHINKONG INSURANCE CO., LTD.",,Taïwan,TWSE,TWD
2849,ENTIE COMMERCIAL BANK,,Taïwan,TWSE,TWD
3234,TRUELIGHT CORPORATION,,Taïwan,TWSE,TWD
7716,ITI INTERNATIONAL TRANSPORTATION INC.,,Taïwan,TWSE,TWD
2845,FAR EASTERN INTERNATIONAL BANK,,Taïwan,TWSE,TWD
2838,UNION BANK OF TAIWAN,,Taïwan,TWSE,TWD
2836,"BANK OF KAOHSIUNG CO., LTD.",,Taïwan,TWSE,TWD
6672,"VENTEC INTERNATIONAL GROUP CO., LTD.",,Taïwan,TWSE,TWD
7717,LIGHTEL CORPORATION,,Taïwan,TWSE,TWD
2834,"TAIWAN BUSINESS BANK CO., LTD.",,Taïwan,TWSE,TWD
2852,FIRST INSURANCE CO. LTD.,,Taïwan,TWSE,TWD
2832,"TAIWAN FIRE & MARINE INSURANCE CO., LTD.",,Taïwan,TWSE,TWD
2855,PRESIDENT SECURITIES CORPORATION,,Taïwan,TWSE,TWD
3231,WISTRON CORPORATION,,Taïwan,TWSE,TWD
2880,"HUA NAN FINANCIAL HOLDINGS CO., LTD.",,Taïwan,TWSE,TWD
3227,PIXART IMAGING INC.,,Taïwan,TWSE,TWD
7706,ACER SYNERGY MANPOWER CORP.,,Taïwan,TWSE,TWD
7707,"CMSC, INC.",,Taïwan,TWSE,TWD
7708,"FAMILY INTERNATIONAL GOURMET CO., LTD.",,Taïwan,TWSE,TWD
3228,"RDC SEMICONDUCTOR CO., LTD.",,Taïwan,TWSE,TWD
6676,SUNNY PHARMTECH INC.,,Taïwan,TWSE,TWD
7709,"HONOR SEIKI CO., LTD.",,Taïwan,TWSE,TWD
3229,"CHEER TIME ENTERPRISE CO., LTD.",,Taïwan,TWSE,TWD
7710,ASROCK INDUSTRIAL COMPUTER CORPORATION,,Taïwan,TWSE,TWD
7711,ASROCK RACK INC.,,Taïwan,TWSE,TWD
2867,MERCURIES LIFE INSURANCE CO.,,Taïwan,TWSE,TWD
7712,POTENS SEMICONDUCTOR CORP.,,Taïwan,TWSE,TWD
3230,"JIIN MING INDUSTRY CO., LTD.",,Taïwan,TWSE,TWD
6674,COMPAL BROADBAND NETWORKS INC.,,Taïwan,TWSE,TWD
3232,SENTRONIC INTERNATIONAL CORP.,,Taïwan,TWSE,TWD
2881,"FUBON FINANCIAL HOLDING CO., LTD.",,Taïwan,TWSE,TWD
3236,ABC TAIWAN ELECTRONICS CORP.,,Taïwan,TWSE,TWD
2820,CHINA BILLS FINANCE CORPORATION,,Taïwan,TWSE,TWD
3264,ARDENTEC CORPORATION,,Taïwan,TWSE,TWD
3265,"WINSTEK SEMICONDUCTOR CO., LTD.",,Taïwan,TWSE,TWD
6666,"LUO LIH-FEN HOLDING CO., LTD.",,Taïwan,TWSE,TWD
7729,"STEMINENT BIOTHERAPEUTICS, INC.",,Taïwan,TWSE,TWD
3266,SUNTY DEVELOPMENT CO. LTD.,,Taïwan,TWSE,TWD
3268,"HIGHER WAY ELECTRONIC CO., LTD.",,Taïwan,TWSE,TWD
6665,HEALTHCONN CORP.,,Taïwan,TWSE,TWD
6664,"GROUP UP INDUSTRIAL CO., LTD.",,Taïwan,TWSE,TWD
7731,"MARX BIOTECH CO., LTD.",,Taïwan,TWSE,TWD
7732,"KING SHING INDUSTRIAL CO., LTD.",,Taïwan,TWSE,TWD
3272,"GOOD WAY TECHNOLOGY CO., LTD.",,Taïwan,TWSE,TWD
6662,"BIOLASCO TAIWAN CO., LTD.",,Taïwan,TWSE,TWD
7734,"ABLEPRINT TECHNOLOGY CO., LTD.",,Taïwan,TWSE,TWD
6661,"WELGENE BIOTECH CO., LTD.",,Taïwan,TWSE,TWD
3276,"T-FLEX TECHVEST PCB CO., LTD.",,Taïwan,TWSE,TWD
3260,"ADATA TECHNOLOGY CO., LTD.",,Taïwan,TWSE,TWD
6671,"SAN NENG GROUP HOLDINGS CO., LTD.",,Taïwan,TWSE,TWD
7728,"ENLI TECHNOLOGY CO., LTD.",,Taïwan,TWSE,TWD
7726,"CARILEX MEDICAL, INC.",,Taïwan,TWSE,TWD
7718,SPEC PRODUCTS CORP.,,Taïwan,TWSE,TWD
6670,"FUSHENG PRECISION CO., LTD.",,Taïwan,TWSE,TWD
7719,CARBON-BASED TECHNOLOGY INC.,,Taïwan,TWSE,TWD
6669,WIWYNN CORPORATION,,Taïwan,TWSE,TWD
7722,LINE PAY TAIWAN LTD.,,Taïwan,TWSE,TWD
3252,"HAIWAN INTERNATIONAL DEVELOPMENT CO., LTD.",,Taïwan,TWSE,TWD
7723,"JHU JIAN CATERING CO., LTD.",,Taïwan,TWSE,TWD
6668,"ZHONG YANG TECHNOLOGY CO., LTD.",,Taïwan,TWSE,TWD
2816,UNION INSURANCE CO. LTD.,,Taïwan,TWSE,TWD
2812,TAICHUNG COMMERCIAL BANK CO. LTD.,,Taïwan,TWSE,TWD
7724,"U-ARK TECHNOLOGY CO., LTD.",,Taïwan,TWSE,TWD
2801,CHANG HWA COMMERCIAL BANK LTD.,,Taïwan,TWSE,TWD
7725,LABTURBO BIOTECH CORPORATION,,Taïwan,TWSE,TWD
6667,"TRUSVAL TECHNOLOGY CO., LTD.",,Taïwan,TWSE,TWD
3257,CHAMPION MICROELECTRONIC CORP.,,Taïwan,TWSE,TWD
3259,"SOLID STATE SYSTEM CO., LTD.",,Taïwan,TWSE,TWD
4119,SCI PHARMTECH INC.,,Taïwan,TWSE,TWD
2882,CATHAY FINANCIAL HOLDING CO. LTD.,,Taïwan,TWSE,TWD
3224,METATECH (AP) INC.,,Taïwan,TWSE,TWD
3189,KINSUS INTERCONNECT TECHNOLOGY CORP.,,Taïwan,TWSE,TWD
3191,"YJN CO., LTD.",,Taïwan,TWSE,TWD
6696,"LIN BIOSCIENCE, INC.",,Taïwan,TWSE,TWD
6693,INERGY TECHNOLOGY INC.,,Taïwan,TWSE,TWD
2929,TOPBI INTERNATIONAL HOLDINGS LTD.,,Taïwan,TWSE,TWD
2926,THE ESLITE SPECTRUM CORPORATION,,Taïwan,TWSE,TWD
2924,GALACTIC LTD.,,Taïwan,TWSE,TWD
2923,SINO HORIZON HOLDINGS LTD.,,Taïwan,TWSE,TWD
2916,MUNSIN GARMENT CORPORATION,,Taïwan,TWSE,TWD
6692,"ACMEPOINT ENERGY SERVICES CO., LTD.",,Taïwan,TWSE,TWD
2915,RUENTEX INDUSTRIES LTD.,,Taïwan,TWSE,TWD
2913,TAIWAN TEA CORPORATION,,Taïwan,TWSE,TWD
2912,PRESIDENT CHAIN STORE CORPORATION,,Taïwan,TWSE,TWD
2911,"LES ENPHANTS CO., LTD.",,Taïwan,TWSE,TWD
2910,"TONLIN DEPARTMENT STORE CO., LTD.",,Taïwan,TWSE,TWD
2937,"GSEVEN CO., LTD.",,Taïwan,TWSE,TWD
6691,"YANKEY ENGINEERING CO., LTD.",,Taïwan,TWSE,TWD
3188,"GOLDEN LONG TENG DEVELOPMENT CO., LTD.",,Taïwan,TWSE,TWD
2939,YONG YI INTERNATIONAL GROUP,,Taïwan,TWSE,TWD
3176,MEDIGEN BIOTECHNOLOGY CORP.,,Taïwan,TWSE,TWD
3178,"GONGIN PRECISION INDUSTRIAL CO., LTD.",,Taïwan,TWSE,TWD
2949,"H.H.GALAXY CO., LTD.",,Taïwan,TWSE,TWD
7669,"SUREGIANT TECHNOLOGY CO., LTD.",,Taïwan,TWSE,TWD
6704,"GWO XI STEM CELL APPLIED TECHNOLOGY CO., LTD.",,Taïwan,TWSE,TWD
6703,"SHINY BRANDS GROUP CO., LTD.",,Taïwan,TWSE,TWD
2948,BAUSEN INC.,,Taïwan,TWSE,TWD
2947,"ZHEN YU HARDWARE CO., LTD.",,Taïwan,TWSE,TWD
2945,"SIMPLE MART RETAIL CO., LTD.",,Taïwan,TWSE,TWD
2942,"JING-JAN RETAIL BUSINESS CO., LTD.",,Taïwan,TWSE,TWD
6698,FINEMAT APPLIED MATERIALS CO. LTD.,,Taïwan,TWSE,TWD
6697,"INFORMATION TECHNOLOGY TOTAL SERVICES CO., LTD",,Taïwan,TWSE,TWD
2941,MISTER INTERNATIONAL LTD.,,Taïwan,TWSE,TWD
3184,MICROBASE TECHNOLOGY CORP.,,Taïwan,TWSE,TWD
2940,"SUN OWN INDUSTRIAL CO., LTD.",,Taïwan,TWSE,TWD
2938,"BEDDING WORLD CO., LTD.",,Taïwan,TWSE,TWD
2908,"TEST-RITE INTERNATIONAL CO., LTD.",,Taïwan,TWSE,TWD
3205,SAGITTARIUS LIFE SCIENCE CORP.,,Taïwan,TWSE,TWD
6690,ACER CYBER SECURITY INC.,,Taïwan,TWSE,TWD
3218,"UNIVERSAL VISION BIOTECHNOLOGY CO., LTD.",,Taïwan,TWSE,TWD
2890,"SINOPAC FINANCIAL HOLDINGS CO., LTD.",,Taïwan,TWSE,TWD
2889,"IBF FINANCIAL HOLDINGS CO., LTD.",,Taïwan,TWSE,TWD
3219,"AETHERTEK TECHNOLOGY CO., LTD.",,Taïwan,TWSE,TWD
7702,APEX WIND POWER EQUIPMENT MANUFACTURING INC.,,Taïwan,TWSE,TWD
2887,"TAISHIN FINANCIAL HOLDING CO., LTD.",,Taïwan,TWSE,TWD
3221,"TAI-SAW TECHNOLOGY CO., LTD.",,Taïwan,TWSE,TWD
2886,"MEGA FINANCIAL HOLDING CO., LTD.",,Taïwan,TWSE,TWD
6677,"ANXO PHARMACEUTICAL CO., LTD.",,Taïwan,TWSE,TWD
7703,"RAYZHER INDUSTRIAL CO., LTD.",,Taïwan,TWSE,TWD
2885,"YUANTA FINANCIAL HOLDING CO., LTD.",,Taïwan,TWSE,TWD
7704,"FINESSE TECHNOLOGY CO., LTD",,Taïwan,TWSE,TWD
2884,"E.SUN FINANCIAL HOLDING CO., LTD.",,Taïwan,TWSE,TWD
2883,"KGI FINANCIAL HOLDING CO., LTD.",,Taïwan,TWSE,TWD
7705,"MERCURIES & ASSOCIATES HOLDING CO., LTD.",,Taïwan,TWSE,TWD
3217,ARGOSY RESEARCH INC.,,Taïwan,TWSE,TWD
2891,"CTBC FINANCIAL HOLDING CO., LTD.",,Taïwan,TWSE,TWD
2892,"FIRST FINANCIAL HOLDING CO., LTD.",,Taïwan,TWSE,TWD
6679,ZILLTEK TECHNOLOGY CORP.,,Taïwan,TWSE,TWD
3206,KINGSTATE ELECTRONICS CORP.,,Taïwan,TWSE,TWD
3207,"YAO SHENG ELECTRONIC CO., LTD.",,Taïwan,TWSE,TWD
6684,"ALGOLTEK, INC.",,Taïwan,TWSE,TWD
3209,ALLTEK TECHNOLOGY CORP.,,Taïwan,TWSE,TWD
2906,COLLINS COMPANY LTD.,,Taïwan,TWSE,TWD
6683,KEYSTONE MICROTECH CORPORATION,,Taïwan,TWSE,TWD
2905,MERCURIES & ASSOCIATES HOLDING LTD.,,Taïwan,TWSE,TWD
7735,TAIWAN AI CLOUD CORPORATION,,Taïwan,TWSE,TWD
2904,PRIME OIL CHEMICAL SERVICE CO.,,Taïwan,TWSE,TWD
2903,FAR EASTERN DEPARTMENT STORE LTD.,,Taïwan,TWSE,TWD
6682,"HUA HSU SILICON MATERIALS CO., LTD.",,Taïwan,TWSE,TWD
6680,SINTRONES TECHNOLOGY CORP.,,Taïwan,TWSE,TWD
3211,DYNAPACK INTERNATIONAL TECHNOLOGY CORPORATION,,Taïwan,TWSE,TWD
2901,"SHIN SHIN CO., LTD.",,Taïwan,TWSE,TWD
3213,MILDEF CRETE INC.,,Taïwan,TWSE,TWD
2897,O-BANK CO. LTD.,,Taïwan,TWSE,TWD
7689,"CLIMAX TECHNOLOGY CO., LTD.",,Taïwan,TWSE,TWD
7736,HUSHAN AUTOPARTS INC.,,Taïwan,TWSE,TWD
7737,KDAN MOBILE SOFTWARE LTD.,,Taïwan,TWSE,TWD
7738,EASTERN UNION INTERACTIVE CORP.,,Taïwan,TWSE,TWD
7773,"FULLHOPE BIOMEDICAL CO., LTD.",,Taïwan,TWSE,TWD
3349,DEXIN CORPORATION,,Taïwan,TWSE,TWD
6641,"GSD TECHNOLOGIES CO., LTD.",,Taïwan,TWSE,TWD
6640,"GALLANT MICRO MACHINING CO., LTD.",,Taïwan,TWSE,TWD
7776,ANYA BIOPHARM INC.,,Taïwan,TWSE,TWD
3354,"MICROCOSM TECHNOLOGY CO., LTD.",,Taïwan,TWSE,TWD
3356,GEOVISION INC.,,Taïwan,TWSE,TWD
6639,"GRAND GREEN ENERGY CO., LTD.",,Taïwan,TWSE,TWD
3357,"TAI-TECH ADVANCED ELECTRONICS CO., LTD.",,Taïwan,TWSE,TWD
3360,SUNNIC TECHNOLOGY & MERCHANDISE INC.,,Taïwan,TWSE,TWD
7777,ABICO ASIA CAPITAL CORPORATION,,Taïwan,TWSE,TWD
7779,"CARRY INTERNATIONAL CO., LTD",,Taïwan,TWSE,TWD
6638,"GOLDTEK TECHNOLOGY CO., LTD.",,Taïwan,TWSE,TWD
6637,MEDICAL IMAGING CORP.,,Taïwan,TWSE,TWD
7781,TPISOFTWARE CORPORATION,,Taïwan,TWSE,TWD
6642,"FUZETEC TECHNOLOGY CO., LTD.",,Taïwan,TWSE,TWD
6634,SINEW PHARMA INC.,,Taïwan,TWSE,TWD
7772,MORRISON OPTO-ELECTRONICS LTD.,,Taïwan,TWSE,TWD
3339,"TEKCORE CO., LTD",,Taïwan,TWSE,TWD
3321,UNIFLEX TECHNOLOGY INC.,,Taïwan,TWSE,TWD
7763,"JOHNSON FINE CHEMICAL CO., LTD.",,Taïwan,TWSE,TWD
3322,"JOINSOON ELECTRONICS MANUFACTURING CO., LTD.",,Taïwan,TWSE,TWD
3323,CELXPERT ENERGY CORPORATION,,Taïwan,TWSE,TWD
3324,"AURAS TECHNOLOGY CO., LTD.",,Taïwan,TWSE,TWD
3325,"CASING MACRON TECHNOLOGY CO., LTD.",,Taïwan,TWSE,TWD
7764,FORMOSA SAINT JOSE CORPORATION,,Taïwan,TWSE,TWD
6649,"TAIWAN BIOMATERIAL CO., LTD.",,Taïwan,TWSE,TWD
7767,"HIGH PERFORMANCE TECHNOLOGIES, INC.",,Taïwan,TWSE,TWD
3332,"CINCON ELECTRONICS CO., LTD.",,Taïwan,TWSE,TWD
6648,"DAS TECHNOLOGY CO., LTD.",,Taïwan,TWSE,TWD
7770,"ZEITEC SEMICONDUCTOR CO., LTD.",,Taïwan,TWSE,TWD
6643,M31 TECHNOLOGY CORPORATION,,Taïwan,TWSE,TWD
7771,GREENBASE TECHNOLOGY CORP,,Taïwan,TWSE,TWD
3338,"TAISOL ELECTRONICS CO., LTD.",,Taïwan,TWSE,TWD
3346,LASTER TECH CORPORATION LTD.,,Taïwan,TWSE,TWD
7782,"SPEEDING ROCKET CO., LTD.",,Taïwan,TWSE,TWD
3362,"ABILITY OPTO-ELECTRONICS TECHNOLOGY CO., LTD.",,Taïwan,TWSE,TWD
3363,"FOCI FIBER OPTIC COMMUNICATIONS, INC.",,Taïwan,TWSE,TWD
7796,MICROIP INC.,,Taïwan,TWSE,TWD
7797,"Q BURGER GROUP CO., LTD.",,Taïwan,TWSE,TWD
7798,"FABULOUS GLOBAL HOLDING CO., LTD.",,Taïwan,TWSE,TWD
7799,HERON NEUTRON MEDICAL CORP.,,Taïwan,TWSE,TWD
2637,"WISDOM MARINE LINES CO., LTD.",,Taïwan,TWSE,TWD
3380,ALPHA NETWORKS INC.,,Taïwan,TWSE,TWD
2636,T3EX GLOBAL HOLDINGS CORP.,,Taïwan,TWSE,TWD
2634,AEROSPACE INDUSTRIAL DEVELOPMENT CORPORATION,,Taïwan,TWSE,TWD
2633,TAIWAN HIGH SPEED RAIL CORPORATION,,Taïwan,TWSE,TWD
3388,TOPCO TECHNOLOGIES CORP.,,Taïwan,TWSE,TWD
6624,EVER-CLEAR ENVIRONMENTAL ENG. CORP.,,Taïwan,TWSE,TWD
7801,ASUSTOR INC.,,Taïwan,TWSE,TWD
2630,"AIRASIA CO., LTD.",,Taïwan,TWSE,TWD
6622,"BOSSDOM DIGIINNOVATION CO., LTD.",,Taïwan,TWSE,TWD
7803,"AETHERAI CO., LTD.",,Taïwan,TWSE,TWD
6625,"B'IN LIVE CO., LTD.",,Taïwan,TWSE,TWD
7794,ACERPURE INC.,,Taïwan,TWSE,TWD
7792,"AM-POWER MACHINE INTERNATIONAL ENTERPRISE CO., LTD.",,Taïwan,TWSE,TWD
6629,"THAI KAI CO., LTD.",,Taïwan,TWSE,TWD
7783,GIANT HEAVY MACHINERY SERVICE CO.,,Taïwan,TWSE,TWD
7784,"ANBOGEN THERAPEUTICS, INC.",,Taïwan,TWSE,TWD
3372,TAIWAN IC PACKAGING CORPORATION,,Taïwan,TWSE,TWD
3373,RADIANT INNOVATION INC.,,Taïwan,TWSE,TWD
3374,XINTEC INC.,,Taïwan,TWSE,TWD
7785,PERSHING TECHNOLOGY SERVICES CORPORATION,,Taïwan,TWSE,TWD
2646,STARLUX AIRLINES CO. LTD.,,Taïwan,TWSE,TWD
6650,"ART EMPEROR TECHNOLOGY AND CULTURE CO., LTD.",,Taïwan,TWSE,TWD
3376,"SHIN ZU SHING CO., LTD.",,Taïwan,TWSE,TWD
2643,"SOONEST EXPRESS CO., LTD.",,Taïwan,TWSE,TWD
7789,CASUAL RESTAURANTS INC.,,Taïwan,TWSE,TWD
2642,"TAIWAN PELICAN EXPRESS CO., LTD.",,Taïwan,TWSE,TWD
2641,FRANBO LINES CORP.,,Taïwan,TWSE,TWD
2640,"TAIWAN TAXI CO., LTD.",,Taïwan,TWSE,TWD
7790,"SPIRIT SCIENTIFIC CO., LTD.",,Taïwan,TWSE,TWD
3379,TAIWAN BENEFIT COMPANY,,Taïwan,TWSE,TWD
2644,"JONG SHYN SHIPBUILDING CO., LTD.",,Taïwan,TWSE,TWD
6705,"MARTAS PRECISION SLIDE CO., LTD.",,Taïwan,TWSE,TWD
7762,"PET PHARM BIOTECH CO., LTD.",,Taïwan,TWSE,TWD
6651,CYSTECH ELECTRONICS CORP.,,Taïwan,TWSE,TWD
6654,"TIAN ZHENG INTERNATIONAL PRECISION MACHINERY CO., LTD.",,Taïwan,TWSE,TWD
2756,LIAN FA INTERNATIONAL DINING BUSINESS CORPORATION,,Taïwan,TWSE,TWD
2755,"YOUNGQIN INTERNATIONAL CO., LTD.",,Taïwan,TWSE,TWD
2754,"KURA SUSHI ASIA CO., LTD.",,Taïwan,TWSE,TWD
2753,BAFANG YUNJI INTERNATIONAL CO. LTD.,,Taïwan,TWSE,TWD
2752,"TOFU RESTAURANT CO., LTD.",,Taïwan,TWSE,TWD
2751,"KINGZA INTERNATIONAL CO., LTD.",,Taïwan,TWSE,TWD
2748,FDC INTERNATIONAL HOTELS CORPORATION,,Taïwan,TWSE,TWD
2745,"LIFE TRAVEL & TOURIST SERVICE CO., LTD.",,Taïwan,TWSE,TWD
7751,"HORNG TERNG AUTOMATION CO., LTD.",,Taïwan,TWSE,TWD
2743,"RICHMOND INTERNATIONAL TRAVEL & TOURS CO., LTD.",,Taïwan,TWSE,TWD
2741,"RENJIE OLDSICHUAN CATERING MANAGEMENT CONSULTANT CO., LTD.",,Taïwan,TWSE,TWD
3293,"INTERNATIONAL GAMES SYSTEM CO., LTD.",,Taïwan,TWSE,TWD
2740,"MR. ONION INTERNATIONAL CO., LTD.",,Taïwan,TWSE,TWD
2739,MY HUMBLE HOUSE HOSPITALITY MANAGEMENT CONSULTING INC.,,Taïwan,TWSE,TWD
7749,INTELLIGO TECHNOLOGY INC.,,Taïwan,TWSE,TWD
3294,MEGAFORCE COMPANY LIMITED,,Taïwan,TWSE,TWD
7748,JOLLIFY CREATIVE LTD.,,Taïwan,TWSE,TWD
2760,"CHU YU HSIANG CO., LTD.",,Taïwan,TWSE,TWD
7742,"URANUS CHEMICALS CO., LTD.",,Taïwan,TWSE,TWD
6659,"TIMING PHARMACEUTICAL CO., LTD.",,Taïwan,TWSE,TWD
3284,TOP HIGH IMAGE CORP.,,Taïwan,TWSE,TWD
3285,MICROTIPS TECHNOLOGY INC.,,Taïwan,TWSE,TWD
3287,"KWORLD COMPUTER CO., LTD.",,Taïwan,TWSE,TWD
7743,"KEE FRESH & SAFE FOODTECH CO., LTD.",,Taïwan,TWSE,TWD
7744,W&B TECHNOLOGY LTD.,,Taïwan,TWSE,TWD
7745,"RED SUNRISE CO., LTD.",,Taïwan,TWSE,TWD
3288,SILICON TOUCH TECHNOLOGY INC.,,Taïwan,TWSE,TWD
3289,INTEGRATED SERVICE TECHNOLOGY INC.,,Taïwan,TWSE,TWD
7747,GRANDTECH CLOUD SERVICES INC.,,Taïwan,TWSE,TWD
3290,DONPON PRECISION INC.,,Taïwan,TWSE,TWD
2762,WORLD FITNESS SERVICES LTD.,,Taïwan,TWSE,TWD
2761,"G-YEN HUTONG CO., LTD.",,Taïwan,TWSE,TWD
6655,"KEDING ENTERPRISES CO., LTD.",,Taïwan,TWSE,TWD
2758,LOUISA PROFESSIONAL COFFEE LTD.,,Taïwan,TWSE,TWD
3296,"POWERTECH INDUSTRIAL CO., LTD.",,Taïwan,TWSE,TWD
2736,HOYA RESORT HOTEL GROUP,,Taïwan,TWSE,TWD
2734,"EZFLY INTERNATIONAL TRAVEL AGENT CO., LTD.",,Taïwan,TWSE,TWD
7757,"LE BLE D'OR F&B CO., LTD.",,Taïwan,TWSE,TWD
2718,ALLMIND HOLDINGS CORPORATION,,Taïwan,TWSE,TWD
3311,SILITECH TECHNOLOGY CORP,,Taïwan,TWSE,TWD
7758,"KEELGOAL ENERGY CO., LTD.",,Taïwan,TWSE,TWD
3312,GMI TECHNOLOGY INC.,,Taïwan,TWSE,TWD
2712,FAR GLORY HOTEL CO. LTD.,,Taïwan,TWSE,TWD
3313,"FEEI CHERNG DEVELOP TECHNOLOGY CO., LTD.",,Taïwan,TWSE,TWD
2707,FORMOSA INTERNATIONAL HOTELS CORPORATION,,Taïwan,TWSE,TWD
2706,FIRST HOTEL COMPANY LIMITED,,Taïwan,TWSE,TWD
7759,"SUNHAWK VISION BIOTECH, INC.",,Taïwan,TWSE,TWD
2705,"LEOFOO DEVELOPMENT CO., LTD.",,Taïwan,TWSE,TWD
3317,"NIKO SEMICONDUCTOR CO., LTD.",,Taïwan,TWSE,TWD
2704,"AMBASSADOR HOTEL CO., LTD.",,Taïwan,TWSE,TWD
2702,HOTEL HOLIDAY GARDEN,,Taïwan,TWSE,TWD
2701,"WAN HWA ENTERPRISE CO., LTD.",,Taïwan,TWSE,TWD
7756,"DONUTES INTERNATIONAL CO., LTD.",,Taïwan,TWSE,TWD
2719,TSG STAR TRAVEL CORP.,,Taïwan,TWSE,TWD
3310,"CHIALIN PRECISION INDUSTRIAL CO., LTD.",,Taïwan,TWSE,TWD
7754,"ANNJI PHARMACEUTICAL CO., LTD.",,Taïwan,TWSE,TWD
2733,"VIGOR KOBO CO., LTD.",,Taïwan,TWSE,TWD
2732,"LA KAFFA INTERNATIONAL CO., LTD.",,Taïwan,TWSE,TWD
2731,"LION TRAVEL SERVICE CO., LTD.",,Taïwan,TWSE,TWD
2729,TTFB COMPANY LIMITED,,Taïwan,TWSE,TWD
7752,"CENTURY HUAXIN WIND ENERGY CO., LTD.",,Taïwan,TWSE,TWD
3297,"HUNT ELECTRONIC CO., LTD.",,Taïwan,TWSE,TWD
2727,WOWPRIME CORP.,,Taïwan,TWSE,TWD
7761,"POWER WIN TAIWAN CO., LTD.",,Taïwan,TWSE,TWD
7753,STAR ASIA VISION CORPORATION,,Taïwan,TWSE,TWD
3303,UNIVACCO TECHNOLOGY INC.,,Taïwan,TWSE,TWD
2724,"GLO AESTHETICS, LLC",,Taïwan,TWSE,TWD
3305,SHENMAO TECHNOLOGY INC.,,Taïwan,TWSE,TWD
2723,"GOURMET MASTER CO., LTD.",,Taïwan,TWSE,TWD
3306,ROYALTEK COMPANY LTD.,,Taïwan,TWSE,TWD
2722,CHATEAU INTERNATIONAL DEVELOPMENT CORP.,,Taïwan,TWSE,TWD
3308,"BESTEC POWER ELECTRONICS CO., LTD.",,Taïwan,TWSE,TWD
2726,YUMMY TOWN (CAYMAN) HOLDINGS CORPORATION,,Taïwan,TWSE,TWD
3390,"SUNFLEX TECH CO., LTD.",,Taïwan,TWSE,TWD
6706,FITTECH CO. LTD.,,Taïwan,TWSE,TWD
6708,MARS SEMICONDUCTOR CORP.,,Taïwan,TWSE,TWD
3037,UNIMICRON TECHNOLOGY CORP.,,Taïwan,TWSE,TWD
3038,EMERGING DISPLAY TECHNOLOGIES CORP.,,Taïwan,TWSE,TWD
3040,"GLOBAL VIEW CO., LTD.",,Taïwan,TWSE,TWD
3041,ALI CORP,,Taïwan,TWSE,TWD
3042,TXC CORP,,Taïwan,TWSE,TWD
3043,"POWERCOM CO., LTD.",,Taïwan,TWSE,TWD
3044,TRIPOD TECHNOLOGY CORP.,,Taïwan,TWSE,TWD
3045,"TAIWAN MOBILE CO., LTD.",,Taïwan,TWSE,TWD
3008,"LARGAN PRECISION CO., LTD.",,Taïwan,TWSE,TWD
6883,MICRO ELECTRICITY CO. LTD.,,Taïwan,TWSE,TWD
3046,AOPEN INC.,,Taïwan,TWSE,TWD
3047,"EDIMAX TECHNOLOGY CO., LTD.",,Taïwan,TWSE,TWD
3048,"EDOM TECHNOLOGY CO., LTD.",,Taïwan,TWSE,TWD
3049,"HANNSTOUCH HOLDINGS CO., LTD.",,Taïwan,TWSE,TWD
3050,U-TECH MEDIA CORP.,,Taïwan,TWSE,TWD
3036,"WT MICROELECTRONICS CO., LTD.",,Taïwan,TWSE,TWD
3051,OPTIMAX TECHNOLOGY CORP.,,Taïwan,TWSE,TWD
3035,FARADAY TECHNOLOGY CORPORATION,,Taïwan,TWSE,TWD
3033,"WEIKENG INDUSTRIAL CO., LTD.",,Taïwan,TWSE,TWD
3022,IEI INTEGRATION CORP.,,Taïwan,TWSE,TWD
3023,"SINBON ELECTRONICS CO., LTD.",,Taïwan,TWSE,TWD
3024,"ACTION ELECTRONICS CO., LTD.",,Taïwan,TWSE,TWD
6886,"FAR EAST BIO-TEC CO., LTD.",,Taïwan,TWSE,TWD
3025,LOOP TELECOMMUNICATION INTERNATIONAL INC.,,Taïwan,TWSE,TWD
3010,WAH LEE INDUSTRIAL CORP.,,Taïwan,TWSE,TWD
6885,BRIM BIOTECHNOLOGY INC.,,Taïwan,TWSE,TWD
3026,"HOLY STONE ENTERPRISE CO., LTD.",,Taïwan,TWSE,TWD
3027,"BILLION ELECTRIC CO., LTD.",,Taïwan,TWSE,TWD
6884,HIGHPOINT SERVICE NETWORK CORPORATION,,Taïwan,TWSE,TWD
3028,ZENITRON CORPORATION,,Taïwan,TWSE,TWD
3029,"ZERO ONE TECHNOLOGY CO., LTD.",,Taïwan,TWSE,TWD
3030,TEST RESEARCH INC.,,Taïwan,TWSE,TWD
3031,BRIGHT LED ELECTRONICS CORP.,,Taïwan,TWSE,TWD
3032,COMPUCASE ENTERPRISE CO. LTD.,,Taïwan,TWSE,TWD
3034,NOVATEK MICROELECTRONICS CORP.,,Taïwan,TWSE,TWD
3021,WELLTEND TECHNOLOGY CORP.,,Taïwan,TWSE,TWD
3052,APEX SCIENCE & ENGINEERING INC.,,Taïwan,TWSE,TWD
6882,REALLUSION INC.,,Taïwan,TWSE,TWD
6874,"M-POWER INFORMATION CO., LTD.",,Taïwan,TWSE,TWD
3073,"TEAMPHON ENERGY CO., LTD.",,Taïwan,TWSE,TWD
6872,NAVIFUS CORP.,,Taïwan,TWSE,TWD
7402,BRINNO INCORPORATED,,Taïwan,TWSE,TWD
3078,"CHANNEL WELL TECHNOLOGY CO., LTD.",,Taïwan,TWSE,TWD
6870,TURN CLOUD TECHNOLOGY SERVICE INC.,,Taïwan,TWSE,TWD
7415,"BE EPITAXY SEMICONDUCTOR TECHNOLOGY CO., LTD.",,Taïwan,TWSE,TWD
6868,ISCOM ONLINE INTERNATIONAL INFORMATION INC.,,Taïwan,TWSE,TWD
6867,"TAN DE TECH CO., LTD.",,Taïwan,TWSE,TWD
7418,"JG-SSG CO., LTD.",,Taïwan,TWSE,TWD
7419,MORTECH CORPORATION,,Taïwan,TWSE,TWD
6865,"WEBCOMM TECHNOLOGY CO., LTD.",,Taïwan,TWSE,TWD
6864,"ANTI-MICROBIAL SAVIOR BIOTEQ CO., LTD.",,Taïwan,TWSE,TWD
6863,ARIZON RFID TECHNOLOGY CAYMAN INC.,,Taïwan,TWSE,TWD
7427,GREAT NOVEL THERAPEUTICS BIOTECH & MEDICALS CORPORATION,,Taïwan,TWSE,TWD
6875,PHARMOSA BIOPHARM INC.,,Taïwan,TWSE,TWD
3054,"LIWANLI INNOVATION CO., LTD.",,Taïwan,TWSE,TWD
6876,"LAUNXP BIOMEDICAL CO., LTD.",,Taïwan,TWSE,TWD
6878,"O'PAY ELECTRONIC PAYMENT CO., LTD.",,Taïwan,TWSE,TWD
3055,SPIROX CORP,,Taïwan,TWSE,TWD
3056,"FU HUA INNOVATION CO., LTD.",,Taïwan,TWSE,TWD
3057,PROMISE TECHNOLOGY INC.,,Taïwan,TWSE,TWD
3058,LEADER ELECTRONICS INC.,,Taïwan,TWSE,TWD
3059,ALTEK CORPORATION,,Taïwan,TWSE,TWD
3006,ELITE SEMICONDUCTOR MICROELECTRONICS TECHNOLOGY INC.,,Taïwan,TWSE,TWD
3060,"MIN AIK TECHNOLOGY CO., LTD.",,Taïwan,TWSE,TWD
6881,RUENTEX INTERIOR DESIGN INC.,,Taïwan,TWSE,TWD
3062,CYBERTAN TECHNOLOGY INC.,,Taïwan,TWSE,TWD
3064,ASTRO CORPORATION,,Taïwan,TWSE,TWD
3066,"TAIWAN OASIS TECHNOLOGY CO., LTD.",,Taïwan,TWSE,TWD
3005,GETAC HOLDINGS CORPORATION,,Taïwan,TWSE,TWD
3067,ISHARES HANG SENG TECH ETF,,Taïwan,TWSE,TWD
3071,ADDA CORPORATION,,Taïwan,TWSE,TWD
6879,TCI GENE INC.,,Taïwan,TWSE,TWD
6877,"HYE TECHNOLOGY CO., LTD.",,Taïwan,TWSE,TWD
3019,"ASIA OPTICAL CO., INC.",,Taïwan,TWSE,TWD
3018,LUNG MING GREEN ENERGY TECHNOLOGY CORPORATION,,Taïwan,TWSE,TWD
3017,"ASIA VITAL COMPONENTS CO., LTD.",,Taïwan,TWSE,TWD
6955,BONRAYBIO CO. LTD.,,Taïwan,TWSE,TWD
6921,"LERAIN TECHNOLOGY CO., LTD.",,Taïwan,TWSE,TWD
6957,"HORIZON FIXTURE GROUP CO., LTD.",,Taïwan,TWSE,TWD
6920,"PHOENIX PIONEER TECHNOLOGY CO., LTD.",,Taïwan,TWSE,TWD
6919,"CALIWAY BIOPHARMACEUTICALS CO., LTD.",,Taïwan,TWSE,TWD
6959,"ION ELECTRONIC MATERIALS CO., LTD.",,Taïwan,TWSE,TWD
6917,"ANDROS PHARMACEUTICALS CO., LTD.",,Taïwan,TWSE,TWD
6961,"UNI TRAVEL SERVICES CO., LTD.",,Taïwan,TWSE,TWD
6962,ITH CORP.,,Taïwan,TWSE,TWD
3015,FSP TECHNOLOGY INC.,,Taïwan,TWSE,TWD
6963,"TEXTURE MAKER ENTERPRISE CO., LTD.",,Taïwan,TWSE,TWD
6915,"IGIANT OPTICS CO., LTD.",,Taïwan,TWSE,TWD
6913,"VSO ELECTRONICS CO., LTD.",,Taïwan,TWSE,TWD
6912,"YI CHUN GREEN TECHNOLOGY CO., LTD.",,Taïwan,TWSE,TWD
6965,"CHUNG JYE INVESTMENT HOLDING CO., LTD.",,Taïwan,TWSE,TWD
6922,NEOUSYS TECHNOLOGY INC.,,Taïwan,TWSE,TWD
6911,CHYUNN ENVIRONMENT CORPORATION,,Taïwan,TWSE,TWD
6953,"GUDENG EQUIPMENT CO., LTD.",,Taïwan,TWSE,TWD
6924,EIKEI GROUP CAYMAN CO. LTD.,,Taïwan,TWSE,TWD
6938,"NEWEB INFORMATION CO., LTD.",,Taïwan,TWSE,TWD
6933,AMAX HOLDING CO. LTD.,,Taïwan,TWSE,TWD
6939,TFBS BIOSCIENCE INC.,,Taïwan,TWSE,TWD
6932,MERDURY BIOPHARMACEUTICAL CORPORATION,,Taïwan,TWSE,TWD
6940,"GUS TECHNOLOGY CO., LTD.",,Taïwan,TWSE,TWD
3016,EPISIL-PRECISION INC.,,Taïwan,TWSE,TWD
6931,"QINGSONG HEALTH CO., LTD.",,Taïwan,TWSE,TWD
6929,"WE CAN MEDICINES CO., LTD.",,Taïwan,TWSE,TWD
6945,AP BIOSCIENCES INC.,,Taïwan,TWSE,TWD
6946,"SANTI RENEWABLE ENERGY CO., LTD.",,Taïwan,TWSE,TWD
6947,"TECHZONE TECHNOLOGY MATERIALS CO., LTD.",,Taïwan,TWSE,TWD
6927,"INTEGRATED SOLUTIONS TECHNOLOGY, INC.",,Taïwan,TWSE,TWD
6926,"SHINE-ON BIOMEDICAL CO., LTD.",,Taïwan,TWSE,TWD
6949,"PELL BIO-MED TECHNOLOGY CO., LTD.",,Taïwan,TWSE,TWD
6925,"ELAND INFORMATION CO., LTD.",,Taïwan,TWSE,TWD
6923,"CHUNG TAI RESOURCE TECHNOLOGY CO., LTD.",,Taïwan,TWSE,TWD
6910,GRANDSYS INC.,,Taïwan,TWSE,TWD
6967,"TRANS-SUN MATERIALS TECHNOLOGY CO., LTD.",,Taïwan,TWSE,TWD
3014,ITE TECHNOLOGY INC.,,Taïwan,TWSE,TWD
6894,WASTE RECOVERY TECHNOLOGY INC.,,Taïwan,TWSE,TWD
6987,INA ENERGY CORPORATION,,Taïwan,TWSE,TWD
6988,WELLYSUN INC.,,Taïwan,TWSE,TWD
6892,"TAIWAN BIO THERAPEUTICS CO., LTD.",,Taïwan,TWSE,TWD
6891,"LOCUS CELL CO., LTD.",,Taïwan,TWSE,TWD
6890,"LAI YIH FOOTWEAR CO., LTD.",,Taïwan,TWSE,TWD
6990,"PLUM-MONIX INDUSTRY CO., LTD.",,Taïwan,TWSE,TWD
3013,CHENMING ELECTRONIC TECHNOLOGY CORPORATION,,Taïwan,TWSE,TWD
6994,"FOXWELL POWER CO., LTD.",,Taïwan,TWSE,TWD
6995,"BEAST KINGDOM CO., LTD.",,Taïwan,TWSE,TWD
6996,FORCELEAD TECHNOLOGY CORP.,,Taïwan,TWSE,TWD
6997,"NEXTLINK TECHNOLOGY CO., LTD.",,Taïwan,TWSE,TWD
6999,HAN BIOMEDICAL INC.,,Taïwan,TWSE,TWD
6887,"BORETECH RESOURCE RECOVERY ENGINEERING CO., LTD.",,Taïwan,TWSE,TWD
3011,"JI-HAW INDUSTRIAL CO., LTD.",,Taïwan,TWSE,TWD
6986,"HEXUN BIOSCIENCES CO., LTD.",,Taïwan,TWSE,TWD
6984,"ACPAY CO., LTD.",,Taïwan,TWSE,TWD
6983,"HUA YANG PRECISION MACHINERY CO., LTD.",,Taïwan,TWSE,TWD
6895,WAVE POWER TECHNOLOGY INC.,,Taïwan,TWSE,TWD
6968,WONDER PETS ENTERPRISES CORPORATION,,Taïwan,TWSE,TWD
6969,"TRANSCENE CO., LTD.",,Taïwan,TWSE,TWD
6907,ARTERY TECHNOLOGY CORPORATION,,Taïwan,TWSE,TWD
6904,"PROXENE TOOLS CO., LTD.",,Taïwan,TWSE,TWD
6971,HUI MIN ENVIRONMENTAL TECH CORPORATION,,Taïwan,TWSE,TWD
6903,"JIU HAN SYSTEM TECHNOLOGY CO., LTD.",,Taïwan,TWSE,TWD
6972,PROTRADE APPLIED MATERIALS CORP.,,Taïwan,TWSE,TWD
6862,TRIO TECHNOLOGY INTERNATIONAL INC.,,Taïwan,TWSE,TWD
6973,U-NEURON BIOMEDICAL INC.,,Taïwan,TWSE,TWD
6976,"ACEPODIA, INC.",,Taïwan,TWSE,TWD
6977,"UNITED PURIFICATION TECHNOLOGY CO., LTD.",,Taïwan,TWSE,TWD
6899,APEX MATERIAL TECHNOLOGY CORPORATION,,Taïwan,TWSE,TWD
6979,"VICTORY FOR TECHNOLOGY CO., LTD.",,Taïwan,TWSE,TWD
6898,"CHAINSEA INFORMATION INTEGRATION CO., LTD.",,Taïwan,TWSE,TWD
6980,RAPIDTEK TECHNOLOGIES INC.,,Taïwan,TWSE,TWD
6982,"WALRUS PUMP CO., LTD.",,Taïwan,TWSE,TWD
6902,"GOGOLOOK CO., LTD.",,Taïwan,TWSE,TWD
3004,NATIONAL AEROSPACE FASTENERS CORPORATION,,Taïwan,TWSE,TWD
6859,"BEST PRECISION INDUSTRIAL CO., LTD.",,Taïwan,TWSE,TWD
6858,IPEVO CORPORATION,,Taïwan,TWSE,TWD
6762,DELTA ASIA INTERNATIONAL CORPORATION,,Taïwan,TWSE,TWD
6761,"WENDELL INDUSTRIAL CO., LTD.",,Taïwan,TWSE,TWD
3117,"TECSTAR TECHNOLOGY CO., LTD.",,Taïwan,TWSE,TWD
6758,"A-SPINE ASIA CO., LTD.",,Taïwan,TWSE,TWD
6756,VIA LABS INC.,,Taïwan,TWSE,TWD
6755,"LIAN HONG ART CO., LTD.",,Taïwan,TWSE,TWD
6754,"RICH HONOUR INTERNATIONAL DESIGNS CO., LTD.",,Taïwan,TWSE,TWD
3118,LEVEL BIOTECHNOLOGY INC.,,Taïwan,TWSE,TWD
6752,GALAXY SOFTWARE SERVICES CORPORATION,,Taïwan,TWSE,TWD
6751,ACER SYNERGY TECH CORP.,,Taïwan,TWSE,TWD
6750,"TECH-TOP ENGINEERING CO., LTD.",,Taïwan,TWSE,TWD
6748,"ACRO BIOMEDICAL CO., LTD.",,Taïwan,TWSE,TWD
7607,DUOGENIC STEMCELLS CORP.,,Taïwan,TWSE,TWD
6744,FENG CHI BIOTECH CORP.,,Taïwan,TWSE,TWD
6743,AMPACS CORPORATION,,Taïwan,TWSE,TWD
7595,"PHARMIGENE, INC.",,Taïwan,TWSE,TWD
6741,"91APP, INC.",,Taïwan,TWSE,TWD
6763,"GREEN WORLD FINTECH SERVICE CO., LTD.",,Taïwan,TWSE,TWD
6767,"WILTROM CO., LTD.",,Taïwan,TWSE,TWD
6785,ALAR PHARMACEUTICALS INC.,,Taïwan,TWSE,TWD
6784,"TSKY CO., LTD.",,Taïwan,TWSE,TWD
7575,"AMED CO., LTD.",,Taïwan,TWSE,TWD
6781,"ADVANCED ENERGY SOLUTION HOLDINGS CO., LTD.",,Taïwan,TWSE,TWD
7578,"REVIVEGEN CO., LTD.",,Taïwan,TWSE,TWD
6780,"STUDY KING CO., LTD.",,Taïwan,TWSE,TWD
6776,WEBLINK INTERNATIONAL INC.,,Taïwan,TWSE,TWD
6775,"ENTIRE TECHNOLOGY CO., LTD.",,Taïwan,TWSE,TWD
7583,INTERNATIONAL OCEAN GROUP,,Taïwan,TWSE,TWD
7584,"HAPPYTUK CO., LTD.",,Taïwan,TWSE,TWD
6770,POWERCHIP SEMICONDUCTOR MANUFACTURING CORP.,,Taïwan,TWSE,TWD
7590,"YIHO INTERNATIONAL CO., LTD.",,Taïwan,TWSE,TWD
6768,SPORTS GEAR CO. LTD.,,Taïwan,TWSE,TWD
3114,"HOWTEH TECHNOLOGY CO., LTD.",,Taïwan,TWSE,TWD
6935,"PRINCE PHARMACEUTICAL CO., LTD.",,Taïwan,TWSE,TWD
3115,"TRUST-SEARCH CORP., LTD.",,Taïwan,TWSE,TWD
6739,GRADE UPON TECHNOLOGY CORP.,,Taïwan,TWSE,TWD
6738,MAYO HUMAN CAPITAL INC.,,Taïwan,TWSE,TWD
6737,"SOLID YEAR CO., LTD.",,Taïwan,TWSE,TWD
7631,"GENII IDEAS CO., LTD.",,Taïwan,TWSE,TWD
3158,"SYSJUST CO., LTD.",,Taïwan,TWSE,TWD
6720,"MAJOR-POWER TECHNOLOGY CO., LTD.",,Taïwan,TWSE,TWD
3162,UNITED ALLOY-TECH COMPANY LTD.,,Taïwan,TWSE,TWD
3163,BROWAVE CORPORATION,,Taïwan,TWSE,TWD
3164,GENMONT BIOTECH INC.,,Taïwan,TWSE,TWD
3167,"TA LIANG TECHNOLOGY CO., LTD.",,Taïwan,TWSE,TWD
3169,ASIX ELECTRONICS CORPORATION,,Taïwan,TWSE,TWD
6719,UPI SEMICONDUCTOR CORP.,,Taïwan,TWSE,TWD
3171,"YEM CHIO DISTRIBUTION CO., LTD.",,Taïwan,TWSE,TWD
6716,"PADAUK TECHNOLOGY CO., LTD.",,Taïwan,TWSE,TWD
6715,"LINTES TECHNOLOGY CO., LTD.",,Taïwan,TWSE,TWD
7642,"CHAMP-RAY INDUSTRIAL CO., LTD.",,Taïwan,TWSE,TWD
6712,"EVER SUPREME BIO TECHNOLOGY CO., LTD",,Taïwan,TWSE,TWD
6709,"ADVAGENE BIOPHARMA CO., LTD.",,Taïwan,TWSE,TWD
3152,ADVANCED CERAMIC X CORPORATION,,Taïwan,TWSE,TWD
6721,SINCERE SECURITY CORP. LTD.,,Taïwan,TWSE,TWD
3149,G TECH OPTOELECTRONICS CORP.,,Taïwan,TWSE,TWD
6723,"JG ENVIRONMENTAL TECHNOLOGY CO., LTD.",,Taïwan,TWSE,TWD
3122,"MEGAWIN TECHNOLOGY CO., LTD.",,Taïwan,TWSE,TWD
6735,"AMIDA TECHNOLOGY, INC.",,Taïwan,TWSE,TWD
6734,"IXENSOR CO., LTD.",,Taïwan,TWSE,TWD
6733,"BIOGEND THERAPEUTICS CO., LTD.",,Taïwan,TWSE,TWD
6732,SENSORTEK TECHNOLOGY CORP.,,Taïwan,TWSE,TWD
3128,"HI SHARP ELECTRONICS CO., LTD.",,Taïwan,TWSE,TWD
6730,"LAGIS ENTERPRISE CO., LTD.",,Taïwan,TWSE,TWD
6786,ISTART-TEK INC.,,Taïwan,TWSE,TWD
3130,104 CORPORATION,,Taïwan,TWSE,TWD
6728,UP YOUNG CORNERSTONE CORP.,,Taïwan,TWSE,TWD
3131,GRAND PROCESS TECHNOLOGY CORPORATION,,Taïwan,TWSE,TWD
6727,"ASIA METAL INDUSTRIES, INC.",,Taïwan,TWSE,TWD
3138,AUDEN TECHNO CORP.,,Taïwan,TWSE,TWD
3141,ULTRA CHIP INC.,,Taïwan,TWSE,TWD
6725,"CICA-HUNTEK CHEMICAL TECHNOLOGY TAIWAN CO., LTD.",,Taïwan,TWSE,TWD
3147,"JETWELL COMPUTER CO., LTD.",,Taïwan,TWSE,TWD
6729,LUMINESCENCE TECHNOLOGY CORP.,,Taïwan,TWSE,TWD
6707,AFASTOR CORPORATION,,Taïwan,TWSE,TWD
7566,"ARGO YACHTS DEVELOPMENT CO., LTD.",,Taïwan,TWSE,TWD
6788,BRILLIAN NETWORK & AUTOMATION INTEGRATED SYSTEM CO. LTD.,,Taïwan,TWSE,TWD
6843,"JDV CONTROL VALVES CO., LTD.",,Taïwan,TWSE,TWD
6842,"E-ELEMENTS TECHNOLOGY CO., LTD.",,Taïwan,TWSE,TWD
6841,"EVER FORTUNE.AI CO., LTD.",,Taïwan,TWSE,TWD
3092,HOTRON PRECISION ELECTRONIC CO. LTD.,,Taïwan,TWSE,TWD
6840,BTL INC.,,Taïwan,TWSE,TWD
6839,"POWER MASTER ENERGY CO., LTD.",,Taïwan,TWSE,TWD
6835,COMPLEX MICRO INTERCONNECTION INC.,,Taïwan,TWSE,TWD
6834,"EVER OHMS TECHNOLOGY CO., LTD.",,Taïwan,TWSE,TWD
6833,T-CONNECT PRECISION CORP.,,Taïwan,TWSE,TWD
3093,"TAIWAN KONG KING CO., LTD.",,Taïwan,TWSE,TWD
6832,"KING'S METAL FIBER TECHNOLOGIES CO., LTD.",,Taïwan,TWSE,TWD
IR0138,TPEX RGA QUALITY 50 TOTAL RETUR,,Taïwan,TWSE,TWD
6830,"MSSCORPS CO., LTD.",,Taïwan,TWSE,TWD
6829,"CHENFULL PRECISION CO., LTD.",,Taïwan,TWSE,TWD
6827,"MEGAPRO BIOMEDICAL CO., LTD.",,Taïwan,TWSE,TWD
6844,"NORBEL BABY CO., LTD.",,Taïwan,TWSE,TWD
6826,TAIWAN PURITIC CORP.,,Taïwan,TWSE,TWD
6846,"GREENYN BIOTECHNOLOGY CO., LTD.",,Taïwan,TWSE,TWD
6848,RBC BIOSCIENCE CORPORATION,,Taïwan,TWSE,TWD
6857,ACER MEDICAL INC.,,Taïwan,TWSE,TWD
6856,"SHINE TREND INTERNATIONAL MULTIMEDIA TECHNOLOGY CO., LTD.",,Taïwan,TWSE,TWD
3081,LANDMARK OPTOELECTRONICS CORPORATION,,Taïwan,TWSE,TWD
7443,FLUXTEK INTERNATIONAL CORP.,,Taïwan,TWSE,TWD
6855,"ECLATORQ TECHNOLOGY CO., LTD.",,Taïwan,TWSE,TWD
6854,PLAYNITRIDE INC.,,Taïwan,TWSE,TWD
3083,CHINESE GAMER INTERNATIONAL CORPORATION,,Taïwan,TWSE,TWD
3085,NEW RETAIL CO. LTD.,,Taïwan,TWSE,TWD
6850,BIOPTIC INC.,,Taïwan,TWSE,TWD
3086,"WAYI INTERNATIONAL DIGITAL ENTERTAINMENT CO., LTD.",,Taïwan,TWSE,TWD
3088,"AXIOMTEK CO., LTD.",,Taïwan,TWSE,TWD
3090,NICHIDENBO CORPORATION,,Taïwan,TWSE,TWD
3003,KS TERMINALS INC.,,Taïwan,TWSE,TWD
6849,"CHYI DING TECHNOLOGIES CO., LTD.",,Taïwan,TWSE,TWD
7455,DEXATEK TECHNOLOGY LTD.,,Taïwan,TWSE,TWD
6847,"PURIBLOOD MEDICAL CO., LTD.",,Taïwan,TWSE,TWD
6825,"QBIC TECHNOLOGY CO., LTD.",,Taïwan,TWSE,TWD
6823,GREENFILTEC LTD.,,Taïwan,TWSE,TWD
6821,"LINKCOM MANUFACTURING CO., LTD.",,Taïwan,TWSE,TWD
7547,"INTUMIT, INC.",,Taïwan,TWSE,TWD
6799,M3 TECHNOLOGY INC.,,Taïwan,TWSE,TWD
6798,"FLIGHT INTERNATIONAL CO., LTD.",,Taïwan,TWSE,TWD
7551,FLASHAIM INC.,,Taïwan,TWSE,TWD
6797,TAIWAN ADVANCED NANOTECH INC.,,Taïwan,TWSE,TWD
6793,"TIEN LI OFFSHORE WIND TECHNOLOGY CO., LTD.",,Taïwan,TWSE,TWD
3105,WIN SEMICONDUCTORS CORP.,,Taïwan,TWSE,TWD
6792,UNICTRON TECHNOLOGIES CORP.,,Taïwan,TWSE,TWD
7556,YEEDEX ELECTRONIC CORPORATION,,Taïwan,TWSE,TWD
7558,BRYTON INC.,,Taïwan,TWSE,TWD
3002,AHOKU ELECTRONIC CO. LTD.,,Taïwan,TWSE,TWD
7561,"BIORAY BIOTECH CO., LTD.",,Taïwan,TWSE,TWD
6791,TAIWAN AUTO-DESIGN CO.,,Taïwan,TWSE,TWD
7562,"LEX COMPUTECH CO., LTD.",,Taïwan,TWSE,TWD
6790,YUEN FOONG YU CONSUMER PRODUCTS CO. LTD.,,Taïwan,TWSE,TWD
6803,ECOVE ENVIRONMENT CORP.,,Taïwan,TWSE,TWD
6804,"AXMAN ENTERPRISE CO., LTD.",,Taïwan,TWSE,TWD
6807,FY GROUP LTD.,,Taïwan,TWSE,TWD
6808,3D GLOBAL BIOTECH INC.,,Taïwan,TWSE,TWD
7507,"NESTEC, INC.",,Taïwan,TWSE,TWD
3094,DAVICOM SEMICONDUCTORS INC.,,Taïwan,TWSE,TWD
6820,ACON OPTICS COMMUNICATIONS INC.,,Taïwan,TWSE,TWD
6819,ORIENTAL SYSTEM TECHNOLOGY INC.,,Taïwan,TWSE,TWD
6818,ADVANCED WIRELESS & ANTENNA INC.,,Taïwan,TWSE,TWD
6817,"WINSTON MEDICAL SUPPLY CO., LTD.",,Taïwan,TWSE,TWD
6816,METAEDGE CORPORATION,,Taïwan,TWSE,TWD
6787,"KINGRAY TECHNOLOGY CO., LTD.",,Taïwan,TWSE,TWD
6815,"DIAMOND BIOTECHNOLOGY CO., LTD",,Taïwan,TWSE,TWD
3097,PARTNER TECH CORP.,,Taïwan,TWSE,TWD
7516,"SEA MILD BIOTECHNOLOGY CO., LTD.",,Taïwan,TWSE,TWD
6814,LUKAS BIOMEDICAL INC.,,Taïwan,TWSE,TWD
6812,"SAULTECH TECHNOLOGY CO., LTD.",,Taïwan,TWSE,TWD
6811,ACER E-ENABLING SERVICE BUSINESS INC.,,Taïwan,TWSE,TWD
6810,BIO PREVENTIVE MEDICINE CORP.,,Taïwan,TWSE,TWD
7530,FORWARD SCIENCE CORPORATION,,Taïwan,TWSE,TWD
3095,"CHI CHENG ENTERPRISE CO., LTD.",,Taïwan,TWSE,TWD
6621,"UNIPHARMA CO., LTD.",,Taïwan,TWSE,TWD
3226,"LFA CO., LTD.",,Taïwan,TWSE,TWD
3406,"GENIUS ELECTRONIC OPTICAL CO., LTD.",,Taïwan,TWSE,TWD
2379,REALTEK SEMICONDUCTOR CORP.,,Taïwan,TWSE,TWD
3687,"MACROWELL OMG DIGITAL ENTERTAINMENT CO., LTD.",,Taïwan,TWSE,TWD
3689,U.D. ELECTRONIC CORPORATION,,Taïwan,TWSE,TWD
7890,ETICA BATTERY INC.,,Taïwan,TWSE,TWD
2377,"MICRO-STAR INTERNATIONAL CO., LTD.",,Taïwan,TWSE,TWD
7891,"BOYEN THERAPEUTICS, INC.",,Taïwan,TWSE,TWD
7892,"META GREEN COOLING TECHNOLOGY CO., LTD.",,Taïwan,TWSE,TWD
2376,"GIGABYTE TECHNOLOGY CO., LTD.",,Taïwan,TWSE,TWD
3691,GIGA SOLAR MATERIALS CORP.,,Taïwan,TWSE,TWD
7893,"RADBON ELECTRONICS CO., LTD.",,Taïwan,TWSE,TWD
2375,KAIMEI ELECTRONIC CORP.,,Taïwan,TWSE,TWD
2374,"ABILITY ENTERPRISE CO., LTD.",,Taïwan,TWSE,TWD
3693,AIC INC.,,Taïwan,TWSE,TWD
2373,AURORA CORPORATION,,Taïwan,TWSE,TWD
2371,"TATUNG CO., LTD.",,Taïwan,TWSE,TWD
7889,"TSA INTERNATIONAL CO., LTD.",,Taïwan,TWSE,TWD
2380,AVISION INC.,,Taïwan,TWSE,TWD
3686,DANEN TECHNOLOGY CORPORATION,,Taïwan,TWSE,TWD
6558,SYNERGY SCIENTECH CORP.,,Taïwan,TWSE,TWD
2390,EVERSPRING INDUSTRY CO. LTD.,,Taïwan,TWSE,TWD
6559,HIGH POWER LIGHTING CORP.,,Taïwan,TWSE,TWD
3672,CONNECTION TECHNOLOGY SYSTEMS INC.,,Taïwan,TWSE,TWD
7888,LIBO PHARMA CORP.,,Taïwan,TWSE,TWD
2388,VIA TECHNOLOGIES INC.,,Taïwan,TWSE,TWD
2387,SUNREX TECHNOLOGY CORP.,,Taïwan,TWSE,TWD
3673,"TPK HOLDING CO., LTD.",,Taïwan,TWSE,TWD
6556,TOPVIEW OPTRONICS CORPORATION,,Taïwan,TWSE,TWD
2385,"CHICONY ELECTRONICS CO., LTD.",,Taïwan,TWSE,TWD
3678,USHINE PHOTONICS CORPORATION,,Taïwan,TWSE,TWD
3679,NISHOKU TECHNOLOGY INC.,,Taïwan,TWSE,TWD
2383,"ELITE MATERIAL CO., LTD.",,Taïwan,TWSE,TWD
3680,"GUDENG PRECISION INDUSTRIAL CO., LTD.",,Taïwan,TWSE,TWD
2382,QUANTA COMPUTER INC.,,Taïwan,TWSE,TWD
3684,"GRAND-TEK TECHNOLOGY CO., LTD.",,Taïwan,TWSE,TWD
3685,"TRADETOOL AUTO CO., LTD.",,Taïwan,TWSE,TWD
3675,ERIS TECHNOLOGY CORPORATION,,Taïwan,TWSE,TWD
7894,HYPERSONIC INC.,,Taïwan,TWSE,TWD
6555,"LONG TIME TECHNOLOGY CO., LTD.",,Taïwan,TWSE,TWD
3694,AZUREWAVE TECHNOLOGIES INC.,,Taïwan,TWSE,TWD
6552,"JMC ELECTRONICS CO., LTD.",,Taïwan,TWSE,TWD
7896,SIL-MORE INDUSTRIAL LIMITED,,Taïwan,TWSE,TWD
2357,ASUSTEK COMPUTER INC.,,Taïwan,TWSE,TWD
3711,"ASE TECHNOLOGY HOLDING CO., LTD.",,Taïwan,TWSE,TWD
3712,"FIT HOLDING CO., LTD.",,Taïwan,TWSE,TWD
2356,INVENTEC CORPORATION,,Taïwan,TWSE,TWD
2355,CHIN-POON INDUSTRIAL CO. LTD.,,Taïwan,TWSE,TWD
3710,ACON HOLDING INC.,,Taïwan,TWSE,TWD
3713,"HSINJING HOLDING CO., LTD.",,Taïwan,TWSE,TWD
2353,ACER INC.,,Taïwan,TWSE,TWD
7897,"WHOLE SUN GREEN POWER CO., LTD.",,Taïwan,TWSE,TWD
2352,QISDA CORPORATION,,Taïwan,TWSE,TWD
3714,ENNOSTAR INC.,,Taïwan,TWSE,TWD
6549,"TAIWANJ PHARMACEUTICALS CO., LTD.",,Taïwan,TWSE,TWD
2351,SDI CORPORATION,,Taïwan,TWSE,TWD
3715,DYNAMIC HOLDING CO. LTD.,,Taïwan,TWSE,TWD
2354,"FOXCONN TECHNOLOGY CO., LTD.",,Taïwan,TWSE,TWD
3669,AVER INFORMATION INC.,,Taïwan,TWSE,TWD
2359,SOLOMON TECHNOLOGY CORPORATION,,Taïwan,TWSE,TWD
3708,SWANCOR HOLDING CO. LTD.,,Taïwan,TWSE,TWD
2369,LINGSEN PRECISION INDUSTRIES LTD.,,Taïwan,TWSE,TWD
7895,"YUAN JIN CHUANG ENTERPRISE CO., LTD.",,Taïwan,TWSE,TWD
2368,GOLD CIRCUIT ELECTRONICS LTD.,,Taïwan,TWSE,TWD
3701,FIC GLOBAL INC.,,Taïwan,TWSE,TWD
2367,UNITECH PRINTED CIRCUIT BOARD CORP.,,Taïwan,TWSE,TWD
2365,KYE SYSTEMS CORP,,Taïwan,TWSE,TWD
2364,TWINHEAD INTERNATIONAL CORPORATION,,Taïwan,TWSE,TWD
3709,TRIGOLD HOLDINGS LIMITED,,Taïwan,TWSE,TWD
3702,WPG HOLDINGS LTD.,,Taïwan,TWSE,TWD
2363,SILICON INTEGRATED SYSTEMS CORP.,,Taïwan,TWSE,TWD
3704,ZYXEL GROUP CORPORATION,,Taïwan,TWSE,TWD
3705,YUNGSHIN GLOBAL HOLDING CORP.,,Taïwan,TWSE,TWD
2362,CLEVO CO.,,Taïwan,TWSE,TWD
3706,MITAC HOLDINGS CORP.,,Taïwan,TWSE,TWD
3707,EPISIL TECHNOLOGIES INC.,,Taïwan,TWSE,TWD
2360,CHROMA ATE INC.,,Taïwan,TWSE,TWD
3703,CONTINENTAL HOLDINGS CORP.,,Taïwan,TWSE,TWD
3666,"OPTIVISION TECHNOLOGY, INC.",,Taïwan,TWSE,TWD
2392,CHENG UEI PRECISION INDUSTRY CO. LTD.,,Taïwan,TWSE,TWD
2393,"EVERLIGHT ELECTRONICS CO., LTD.",,Taïwan,TWSE,TWD
6564,ENIMMUNE CORPORATION,,Taïwan,TWSE,TWD
2430,"TSANN KUEN ENTERPRISE CO., LTD.",,Taïwan,TWSE,TWD
3622,"YOUNG FAST OPTOELECTRONICS CO., LTD.",,Taïwan,TWSE,TWD
2429,"ABONMAX CO., LTD.",,Taïwan,TWSE,TWD
2428,"THINKING ELECTRONIC INDUSTRIAL CO., LTD.",,Taïwan,TWSE,TWD
2427,MERCURIES DATA SYSTEMS LTD.,,Taïwan,TWSE,TWD
3623,TRANSTOUCH TECHNOLOGY INC.,,Taïwan,TWSE,TWD
3617,CYBERPOWER SYSTEMS INC.,,Taïwan,TWSE,TWD
2426,TYNTEK CORPORATION,,Taïwan,TWSE,TWD
2424,"LUNG HWA ELECTRONICS CO., LTD.",,Taïwan,TWSE,TWD
3624,VIKING TECH CORPORATION,,Taïwan,TWSE,TWD
2423,"GOOD WILL INSTRUMENT CO., LTD.",,Taïwan,TWSE,TWD
3625,C-TECH UNITED CORP.,,Taïwan,TWSE,TWD
3628,"ABLEREX ELECTRONICS CO., LTD.",,Taïwan,TWSE,TWD
2421,SUNONWEALTH ELECTRIC MACHINE INDUSTRY CO. LTD.,,Taïwan,TWSE,TWD
3629,"GRAVITYTAI CO.,LTD.",,Taïwan,TWSE,TWD
2425,CHAINTECH TECHNOLOGY CORP.,,Taïwan,TWSE,TWD
7880,"SANTA PHOENIX TECHNOLOGY CO., LTD.",,Taïwan,TWSE,TWD
2431,"LIEN CHANG ELECTRONIC ENTERPRISE CO., LTD.",,Taïwan,TWSE,TWD
2432,ACER GADGET INC.,,Taïwan,TWSE,TWD
7878,PHARMASAGA CO. LTD.,,Taïwan,TWSE,TWD
6565,"THROUGHTEK CO., LTD.",,Taïwan,TWSE,TWD
2442,"JEAN CO., LTD.",,Taïwan,TWSE,TWD
3603,UPEC ELECTRONICS CORP.,,Taïwan,TWSE,TWD
2441,GREATEK ELECTRONICS INC.,,Taïwan,TWSE,TWD
2440,"SPACE SHUTTLE HI-TECH CO., LTD.",,Taïwan,TWSE,TWD
2439,"MERRY ELECTRONICS CO., LTD.",,Taïwan,TWSE,TWD
7879,ADVANCED MATERIAL SYSTEMS CO.,,Taïwan,TWSE,TWD
3605,"ACES ELECTRONIC CO., LTD.",,Taïwan,TWSE,TWD
3609,"HEP TECH CO., LTD.",,Taïwan,TWSE,TWD
3611,"TSC AUTO ID TECHNOLOGY CO., LTD.",,Taïwan,TWSE,TWD
2438,ENLIGHT CORPORATION,,Taïwan,TWSE,TWD
2436,WELTREND SEMICONDUCTOR INC.,,Taïwan,TWSE,TWD
3615,"AIMCORE TECHNOLOGY CO., LTD.",,Taïwan,TWSE,TWD
2434,MOSPEC SEMICONDUCTOR CORP.,,Taïwan,TWSE,TWD
2433,HUXEN CORP,,Taïwan,TWSE,TWD
3607,"COXON PRECISE INDUSTRIAL CO., LTD.",,Taïwan,TWSE,TWD
2349,RITEK CORPORATION,,Taïwan,TWSE,TWD
2420,ZIPPY TECHNOLOGY CORP.,,Taïwan,TWSE,TWD
3630,"NEWMAX TECHNOLOGY CO., LTD.",,Taïwan,TWSE,TWD
2408,NANYA TECHNOLOGY CORP.,,Taïwan,TWSE,TWD
2406,GIGASTORAGE CORPORATION,,Taïwan,TWSE,TWD
3659,BISON ELECTRONICS INC.,,Taïwan,TWSE,TWD
2405,SHUTTLE INC.,,Taïwan,TWSE,TWD
2404,UNITED INTEGRATED SERVICES CO. LTD.,,Taïwan,TWSE,TWD
2402,ICHIA TECHNOLOGIES INC.,,Taïwan,TWSE,TWD
2401,"SUNPLUS TECHNOLOGY CO., LTD.",,Taïwan,TWSE,TWD
6560,APPRO PHOTOELECTRON INC.,,Taïwan,TWSE,TWD
3661,ALCHIP TECHNOLOGIES LTD.,,Taïwan,TWSE,TWD
7886,"KOJEM INTERNATIONAL CO., LTD.",,Taïwan,TWSE,TWD
2397,DFI INC.,,Taïwan,TWSE,TWD
7887,PENTAPRO MATERIALS INC.,,Taïwan,TWSE,TWD
3663,"THINTECH MATERIALS TECHNOLOGY CO., LTD.",,Taïwan,TWSE,TWD
2395,"ADVANTECH CO., LTD.",,Taïwan,TWSE,TWD
3664,ARRAY INC.,,Taïwan,TWSE,TWD
3665,BIZLINK HOLDING INC.,,Taïwan,TWSE,TWD
2399,BIOSTAR MICROTECH INTERNATIONAL CORP.,,Taïwan,TWSE,TWD
2419,HITRON TECHNOLOGY INC.,,Taïwan,TWSE,TWD
2409,AU OPTRONICS CORP.,,Taïwan,TWSE,TWD
7885,N LYNN & CO. LTD,,Taïwan,TWSE,TWD
3631,CHERNAN METAL INDUSTRIAL CORP.,,Taïwan,TWSE,TWD
3632,PAPAGO INC.,,Taïwan,TWSE,TWD
3633,EPOCH CHEMTRONICS CORP.,,Taïwan,TWSE,TWD
7881,EYECARE TECH INC.,,Taïwan,TWSE,TWD
2417,AVERMEDIA TECHNOLOGIES INC.,,Taïwan,TWSE,TWD
7882,BEILEY BIOFUND INC,,Taïwan,TWSE,TWD
3644,"LINCO TECHNOLOGY CO., LTD.",,Taïwan,TWSE,TWD
3653,"JENTECH PRECISION INDUSTRIAL CO., LTD.",,Taïwan,TWSE,TWD
6563,IMAGE MATCH DESIGN INC.,,Taïwan,TWSE,TWD
3645,TAIMIDE TECHNOLOGY INC.,,Taïwan,TWSE,TWD
3646,"ANT PRECISION INDUSTRY CO., LTD.",,Taïwan,TWSE,TWD
2415,CX TECHNOLOGY CORPORATION,,Taïwan,TWSE,TWD
2414,"UNITECH COMPUTER CO., LTD.",,Taïwan,TWSE,TWD
2413,"UNIVERSAL MICROELECTRONICS CO., LTD.",,Taïwan,TWSE,TWD
2412,"CHUNGHWA TELECOM CO., LTD.",,Taïwan,TWSE,TWD
6561,CHIEF TELECOM INC.,,Taïwan,TWSE,TWD
7883,"FEASTOGETHER GROUP CO., LTD.",,Taïwan,TWSE,TWD
3716,CENRA INC.,,Taïwan,TWSE,TWD
3717,"EOI HOLDING CO., LTD.",,Taïwan,TWSE,TWD
2348,HIYES INTERNATIONAL CO. LTD.,,Taïwan,TWSE,TWD
6488,"GLOBALWAFERS CO., LTD.",,Taïwan,TWSE,TWD
2233,TURVO INTERNATIONAL CO. LTD.,,Taïwan,TWSE,TWD
6486,INTERACTIVE DIGITAL TECHNOLOGIES INC.,,Taïwan,TWSE,TWD
6485,"ASOLID TECHNOLOGY CO., LTD.",,Taïwan,TWSE,TWD
2231,CUB ELECPARTS INC.,,Taïwan,TWSE,TWD
6483,"ORIGINAL BIOMEDICALS CO., LTD.",,Taïwan,TWSE,TWD
2230,"C.T.I. TRAFFIC INDUSTRIES CO., LTD.",,Taïwan,TWSE,TWD
2235,"I YUAN PRECISION INDUSTRIAL CO., LTD.",,Taïwan,TWSE,TWD
6482,"FUN YOURS TECHNOLOGY CO., LTD.",,Taïwan,TWSE,TWD
2227,"YULON NISSAN MOTOR CO., LTD.",,Taïwan,TWSE,TWD
6477,"ANJI TECHNOLOGY CO., LTD.",,Taïwan,TWSE,TWD
6474,WFE TECHNOLOGY CORPORATION,,Taïwan,TWSE,TWD
6473,"MEIMAII TECHNOLOGY CO., LTD.",,Taïwan,TWSE,TWD
2221,"TACHIA YUNG HO MACHINE INDUSTRY CO., LTD.",,Taïwan,TWSE,TWD
6470,U-MEDIA COMMUNICATIONS INC.,,Taïwan,TWSE,TWD
6469,"GREAT TREE PHARMACY CO., LTD.",,Taïwan,TWSE,TWD
2228,"IRON FORCE INDUSTRIAL CO., LTD.",,Taïwan,TWSE,TWD
6467,TAHO PHARMACEUTICALS LTD.,,Taïwan,TWSE,TWD
2236,"PATEC PRECISION INDUSTRY CO., LTD.",,Taïwan,TWSE,TWD
2239,CAYMAN ENGLEY INDUSTRIAL CO.,,Taïwan,TWSE,TWD
6498,POWERTIP IMAGE CORP.,,Taïwan,TWSE,TWD
2256,"OTOBRITE ELECTRONICS, INC.",,Taïwan,TWSE,TWD
6496,EXCELSIOR BIOPHARMA INC.,,Taïwan,TWSE,TWD
6494,"NYQUEST TECHNOLOGY CO., LTD.",,Taïwan,TWSE,TWD
2255,"JET OPTOELECTRONICS CO., LTD.",,Taïwan,TWSE,TWD
2252,CUBTEK INC.,,Taïwan,TWSE,TWD
6493,TTBIO CORP.,,Taïwan,TWSE,TWD
2237,RAC ELECTRIC VEHICLES INC.,,Taïwan,TWSE,TWD
6492,"SENHWA BIOSCIENCES, INC.",,Taïwan,TWSE,TWD
2249,"YOUNG SHINE ELECTRIC CO., LTD.",,Taïwan,TWSE,TWD
2248,"SHINING VICTORY MOTOR ELECTRONIC CO., LTD.",,Taïwan,TWSE,TWD
2247,PAN GERMAN UNIVERSAL MOTORS,,Taïwan,TWSE,TWD
2245,"LYGEND RESOURCES & TECHNOLOGY CO., LTD.",,Taïwan,TWSE,TWD
2243,"HORNG SHIUE HOLDING CO., LTD.",,Taïwan,TWSE,TWD
6491,PEGAVISION CORP.,,Taïwan,TWSE,TWD
2241,AMULAIRE THERMAL TECHNOLOGY INC.,,Taïwan,TWSE,TWD
2250,IKKA HOLDINGS CAYMAN LTD.,,Taïwan,TWSE,TWD
2258,"FOXTRON VEHICLE TECHNOLOGIES CO., LTD.",,Taïwan,TWSE,TWD
6465,ATRACK TECHNOLOGY INC.,,Taïwan,TWSE,TWD
2211,EVERGREEN STEEL CORPORATION,,Taïwan,TWSE,TWD
4108,PHYTOHEALTH CORP.,,Taïwan,TWSE,TWD
6434,TACBRIGHT OPTRONICS CORPORATION,,Taïwan,TWSE,TWD
4109,"JIA JIE BIOMEDICAL CO., LTD.",,Taïwan,TWSE,TWD
4111,"CHI SHENG PHARMA & BIOTECH CO., LTD.",,Taïwan,TWSE,TWD
4113,"WE & WIN DIVERSIFICATION CO., LTD.",,Taïwan,TWSE,TWD
6432,ARLITECH ELECTRONIC CORP.,,Taïwan,TWSE,TWD
4114,SYNMOSA BIOPHARMA CORPORATION,,Taïwan,TWSE,TWD
6435,"SINOPOWER SEMICONDUCTOR, INC.",,Taïwan,TWSE,TWD
6431,KUANGLI BIO-TECH HOLDINGS CO. LTD.,,Taïwan,TWSE,TWD
6426,"APOGEE OPTOCOM CO., LTD.",,Taïwan,TWSE,TWD
6425,EASY FIELD CORPORATION,,Taïwan,TWSE,TWD
4115,"SUNDER BIOMEDICAL TECH. CO., LTD.",,Taïwan,TWSE,TWD
6423,YIELD MICROELECTRONICS CORP.,,Taïwan,TWSE,TWD
6419,NUUO INC.,,Taïwan,TWSE,TWD
4116,BENQ MEDICAL TECHNOLOGY CORPORATION,,Taïwan,TWSE,TWD
4117,GENERAL BIOLOGICALS CORPORATION,,Taïwan,TWSE,TWD
6428,"TAIWAN TAOMEE CO., LTD.",,Taïwan,TWSE,TWD
6464,"TAIWAN OPTICAL PLATFORM CO., LTD.",,Taïwan,TWSE,TWD
6438,"SYMTEK AUTOMATION ASIA CO., LTD.",,Taïwan,TWSE,TWD
4106,WELLELL INC.,,Taïwan,TWSE,TWD
6462,EGIS TECHNOLOGY INC.,,Taïwan,TWSE,TWD
6461,INTECH BIOPHARM CORPORATION,,Taïwan,TWSE,TWD
6456,GENERAL INTERFACE SOLUTION HOLDING LTD.,,Taïwan,TWSE,TWD
2208,CSBC CORP. TAIWAN,,Taïwan,TWSE,TWD
2207,HOTAI MOTOR COMPANY LTD.,,Taïwan,TWSE,TWD
2206,"SANYANG MOTOR CO., LTD.",,Taïwan,TWSE,TWD
2204,CHINA MOTOR CORPORATION,,Taïwan,TWSE,TWD
4107,BIOTEQUE CORPORATION,,Taïwan,TWSE,TWD
6451,SHUNSIN TECHNOLOGY HOLDINGS LTD.,,Taïwan,TWSE,TWD
4102,"YUNG ZIP CHEMICAL IND. CO., LTD.",,Taïwan,TWSE,TWD
4104,EXCELSIOR MEDICAL CO. LTD.,,Taïwan,TWSE,TWD
6449,"APAQ TECHNOLOGY CO., LTD.",,Taïwan,TWSE,TWD
6443,TSEC CORPORATION,,Taïwan,TWSE,TWD
6442,EZCONN CORPORATION,,Taïwan,TWSE,TWD
4105,TTY BIOPHARM COMPANY LIMITED,,Taïwan,TWSE,TWD
6441,IBASE GAMING INC.,,Taïwan,TWSE,TWD
2201,"YULON MOTOR CO., LTD.",,Taïwan,TWSE,TWD
6568,"RAFAEL MICROELECTRONICS, INC.",,Taïwan,TWSE,TWD
6499,"MEDEON BIODESIGN, INC.",,Taïwan,TWSE,TWD
6505,FORMOSA PETROCHEMICAL CORPORATION,,Taïwan,TWSE,TWD
2327,YAGEO CORPORATION,,Taïwan,TWSE,TWD
6543,"PERFECT MEDICAL INDUSTRY CO., LTD.",,Taïwan,TWSE,TWD
7907,"LAIEN PARTS TECHNOLOGY CO., LTD.",,Taïwan,TWSE,TWD
6542,"GAMESPARCS CO., LTD.",,Taïwan,TWSE,TWD
7909,"YE SIANG ENTERPRISE CO., LTD.",,Taïwan,TWSE,TWD
2324,COMPAL ELECTRONICS INC.,,Taïwan,TWSE,TWD
2323,CMC MAGNETICS CORPORATION,,Taïwan,TWSE,TWD
7904,"CITIESOCIAL CO., LTD.",,Taïwan,TWSE,TWD
6541,TANVEX BIOPHARMA INC.,,Taïwan,TWSE,TWD
7911,APOLLO POWER CO LTD,,Taïwan,TWSE,TWD
2317,"HON HAI PRECISION INDUSTRY CO., LTD.",,Taïwan,TWSE,TWD
6539,"DV BIOMED CO., LTD.",,Taïwan,TWSE,TWD
2316,WUS PRINTED CIRCUIT CO. LTD.,,Taïwan,TWSE,TWD
7912,ZENITHTEK INC.,,Taïwan,TWSE,TWD
7913,QBIT SEMICONDUCTOR LTD.,,Taïwan,TWSE,TWD
2314,MICROELECTRONICS TECHNOLOGY INC.,,Taïwan,TWSE,TWD
2321,"TECOM CO., LTD.",,Taïwan,TWSE,TWD
6538,"BRAVE C&H SUPPLY CO., LTD.",,Taïwan,TWSE,TWD
2328,"PAN-INTERNATIONAL INDUSTRIAL CO., LTD.",,Taïwan,TWSE,TWD
2329,ORIENT SEMICONDUCTOR ELECTRONICS LTD.,,Taïwan,TWSE,TWD
2347,SYNNEX TECHNOLOGY INTERNATIONAL CORP.,,Taïwan,TWSE,TWD
7898,INPSYTECH INC.,,Taïwan,TWSE,TWD
2345,ACCTON TECHNOLOGY CORP.,,Taïwan,TWSE,TWD
2344,WINBOND ELECTRONICS CORP.,,Taïwan,TWSE,TWD
6548,"CHANG WAH TECHNOLOGY CO., LTD.",,Taïwan,TWSE,TWD
2342,MOSEL VITELIC INC.,,Taïwan,TWSE,TWD
2340,TAIWAN-ASIA SEMICONDUCTOR CO. LTD.,,Taïwan,TWSE,TWD
6546,AMPAK TECHNOLOGY INC.,,Taïwan,TWSE,TWD
7899,CERTAIN MICRO APPLICATION TECHNOLOGY INC.,,Taïwan,TWSE,TWD
2337,"MACRONIX INTERNATIONAL CO., LTD.",,Taïwan,TWSE,TWD
6547,MEDIGEN VACCINE BIOLOGICS CORPORATION,,Taïwan,TWSE,TWD
2332,D-LINK CORPORATION,,Taïwan,TWSE,TWD
2331,"ELITEGROUP COMPUTER SYSTEMS CO., LTD.",,Taïwan,TWSE,TWD
7901,DA DA BROADBAND LTD.,,Taïwan,TWSE,TWD
3402,WHOLETECH SYSTEM HITECH LIMITED,,Taïwan,TWSE,TWD
7902,"UWELL BIOPHARMA, INC.",,Taïwan,TWSE,TWD
2338,TAIWAN MASK CORPORATION,,Taïwan,TWSE,TWD
6504,"NAN LIU ENTERPRISE CO., LTD.",,Taïwan,TWSE,TWD
7915,U-LEAM INC.,,Taïwan,TWSE,TWD
6535,"LUMOSA THERAPEUTICS CO., LTD.",,Taïwan,TWSE,TWD
6525,GEM SERVICES INC.,,Taïwan,TWSE,TWD
7928,AUTHENX INC.,,Taïwan,TWSE,TWD
6523,"DR. WU SKINCARE CO., LTD.",,Taïwan,TWSE,TWD
7929,"CERTONE HEAT SOLUTION CO., LTD.",,Taïwan,TWSE,TWD
7930,"WAVESPLITTER TECHNOLOGIES, INC.",,Taïwan,TWSE,TWD
7931,"SUSEN GREEN ENERGY CO., LTD.",,Taïwan,TWSE,TWD
6518,"CONCORD MEDICAL CO., LTD.",,Taïwan,TWSE,TWD
7927,"LINKAGE ELECTRIC CO., LTD.",,Taïwan,TWSE,TWD
6517,BASO PRECISION OPTICS LTD.,,Taïwan,TWSE,TWD
6516,"KINGWAYTEK TECHNOLOGY CO., LTD.",,Taïwan,TWSE,TWD
6515,"WINWAY TECHNOLOGY CO., LTD.",,Taïwan,TWSE,TWD
6512,GOMAX ELECTRONICS INC.,,Taïwan,TWSE,TWD
6510,"CHUNGHWA PRECISION TEST TECH. CO., LTD.",,Taïwan,TWSE,TWD
6509,"TAIWAN HOPAX CHEMICALS MANUFACTURING CO., LTD.",,Taïwan,TWSE,TWD
6508,HUIKWANG CORPORATION,,Taïwan,TWSE,TWD
6506,SHUANG-BANG INDUSTRIAL CORP.,,Taïwan,TWSE,TWD
7936,"GRENERGY RENOVABLES, S.A.",,Taïwan,TWSE,TWD
6536,TIGA GAMING INC.,,Taïwan,TWSE,TWD
7926,"CHUNGHWA LEADING PHOTONICS TECH CO., LTD.",,Taïwan,TWSE,TWD
6527,CRYSTALVUE MEDICAL CORPORATION,,Taïwan,TWSE,TWD
2313,COMPEQ MANUFACTURING CO. LTD.,,Taïwan,TWSE,TWD
2312,"KINPO ELECTRONICS, INC.",,Taïwan,TWSE,TWD
6533,ANDES TECHNOLOGY CORPORATION,,Taïwan,TWSE,TWD
2308,DELTA ELECTRONICS INC.,,Taïwan,TWSE,TWD
7918,XALLOY ADVANCED MATERIALS CORPORATION,,Taïwan,TWSE,TWD
6532,"CALITECH CO., LTD.",,Taïwan,TWSE,TWD
2305,MICROTEK INTERNATIONAL INC.,,Taïwan,TWSE,TWD
7924,TLC BIOSCIENCES CORP.,,Taïwan,TWSE,TWD
6531,AP MEMORY TECHNOLOGY CORP.,,Taïwan,TWSE,TWD
7919,ALTASEC TECHNOLOGY CORPORATION,,Taïwan,TWSE,TWD
2302,RECTRON LTD.,,Taïwan,TWSE,TWD
7920,TRIPARTITE THERAPEUTICS INC.,,Taïwan,TWSE,TWD
2301,LITE-ON TECHNOLOGY CORPORATION,,Taïwan,TWSE,TWD
7921,"RECHARGE POWER CO., LTD.",,Taïwan,TWSE,TWD
6530,AXCEN PHOTONICS CORPORATION,,Taïwan,TWSE,TWD
7922,EVOASIS INC.,,Taïwan,TWSE,TWD
2303,UNITED MICROELECTRONICS CORPORATION,,Taïwan,TWSE,TWD
2444,ABOCOM SYSTEMS INC.,,Taïwan,TWSE,TWD
2330,TAIWAN SEMICONDUCTOR MANUFACTURING COMPANY LIMITED,,Taïwan,TWSE,TWD
2542,HIGHWEALTH CONSTRUCTION CORP.,,Taïwan,TWSE,TWD
2527,HUNG CHING DEVELOPMENT & CONSTRUCTION CO. LTD.,,Taïwan,TWSE,TWD
3532,FORMOSA SUMCO TECHNOLOGY CORPORATION,,Taïwan,TWSE,TWD
7853,"CHENG MEI INSTRUMENT TECHNOLOGY CO., LTD.",,Taïwan,TWSE,TWD
2603,EVERGREEN MARINE CORP. LTD.,,Taïwan,TWSE,TWD
2524,KING'S TOWN CONSTRUCTION CO. LTD.,,Taïwan,TWSE,TWD
3533,"LOTES CO., LTD.",,Taïwan,TWSE,TWD
6586,CHO PHARMA INC.,,Taïwan,TWSE,TWD
3535,FAVITE INC.,,Taïwan,TWSE,TWD
3444,NICHING INDUSTRIAL CORPORATION,,Taïwan,TWSE,TWD
7854,"JOULES MILES CO., LTD",,Taïwan,TWSE,TWD
7855,"HOTAI LEASING CO., LTD.",,Taïwan,TWSE,TWD
3537,"PODAK CO., LTD.",,Taïwan,TWSE,TWD
3540,"THERMALTAKE TECHNOLOGY CO., LTD.",,Taïwan,TWSE,TWD
3541,"CYPRESS TECHNOLOGY CO., LTD.",,Taïwan,TWSE,TWD
2520,"KINDOM DEVELOPMENT CO., LTD.",,Taïwan,TWSE,TWD
2528,CROWELL DEVELOPMENT CORP.,,Taïwan,TWSE,TWD
3531,"SHIAN YIH ELECTRONIC INDUSTRY CO., LTD.",,Taïwan,TWSE,TWD
6612,"ICARES MEDICUS, INC.",,Taïwan,TWSE,TWD
7849,"SHINE PASSION ENGINEERING CO., LTD.",,Taïwan,TWSE,TWD
2536,"HONG PU REAL ESTATE DEVELOPMENT CO., LTD.",,Taïwan,TWSE,TWD
3528,MACNICA ANSTEK INC.,,Taïwan,TWSE,TWD
2535,"DA CIN CONSTRUCTION CO., LTD.",,Taïwan,TWSE,TWD
3529,EMEMORY TECHNOLOGY INC.,,Taïwan,TWSE,TWD
2534,HUNG SHENG CONSTRUCTION LTD.,,Taïwan,TWSE,TWD
6590,"PROVISION INFORMATION CO., LTD.",,Taïwan,TWSE,TWD
6588,EAST TENDER OPTOELECTRONICS CORPORATION,,Taïwan,TWSE,TWD
2530,DELPHA CONSTRUCTION CO. LTD.,,Taïwan,TWSE,TWD
7816,RITWIN CORPORATION,,Taïwan,TWSE,TWD
7850,PROTECT ANIMAL HEALTH INC.,,Taïwan,TWSE,TWD
3530,SILICON OPTRONICS INC.,,Taïwan,TWSE,TWD
3485,"ECLAT FOREVER MACHINERY CO., LTD.",,Taïwan,TWSE,TWD
7851,H2 INC.,,Taïwan,TWSE,TWD
7815,SYNC-TECH SYSTEM CORP.,,Taïwan,TWSE,TWD
6613,NOVA TECHNOLOGY CORP.,,Taïwan,TWSE,TWD
2516,NEW ASIA CONSTRUCTION & DEVELOPMENT CORPORATION,,Taïwan,TWSE,TWD
6584,"NAN JUEN INTERNATIONAL CO., LTD.",,Taïwan,TWSE,TWD
2515,BES ENGINEERING CORP,,Taïwan,TWSE,TWD
2505,KUOYANG CONSTRUCTION CO. LTD.,,Taïwan,TWSE,TWD
3548,"JARLLYTEC CO., LTD.",,Taïwan,TWSE,TWD
6580,"TAIRX, INC.",,Taïwan,TWSE,TWD
2504,"GOLDSUN BUILDING MATERIALS CO., LTD.",,Taïwan,TWSE,TWD
2606,U-MING MARINE TRANSPORT CORPORATION,,Taïwan,TWSE,TWD
3550,COPARTNER TECHNOLOGY CORPORATION,,Taïwan,TWSE,TWD
3484,SOLTEAM INCORPORATION,,Taïwan,TWSE,TWD
6579,AAEON TECHNOLOGY INC.,,Taïwan,TWSE,TWD
2501,"CATHAY REAL ESTATE DEVELOPMENT CO., LTD.",,Taïwan,TWSE,TWD
3551,SHIH HER TECHNOLOGIES INC.,,Taïwan,TWSE,TWD
7865,"JIN LIAN CHENG RESOURCES CO., LTD.",,Taïwan,TWSE,TWD
3552,"TUNG THIH ELECTRONIC CO., LTD.",,Taïwan,TWSE,TWD
6578,DABOMB PROTEIN BIOTECH CORP.,,Taïwan,TWSE,TWD
3555,"IROC CO., LTD.",,Taïwan,TWSE,TWD
7813,YU-CHEN SYSTEM TECHNOLOGY CORP.,,Taïwan,TWSE,TWD
2506,"PACIFIC CONSTRUCTION CO., LTD.",,Taïwan,TWSE,TWD
7818,"KEMFLO INTERNATIONAL CO., LTD.",,Taïwan,TWSE,TWD
7863,"CENTRAL TAIWAN SCIENCE PARK LOGISTICS CO., LTD.",,Taïwan,TWSE,TWD
3546,"USERJOY TECHNOLOGY CO., LTD.",,Taïwan,TWSE,TWD
2514,"LONG BON INTERNATIONAL CO., LTD.",,Taïwan,TWSE,TWD
3443,GLOBAL UNICHIP CORPORATION,,Taïwan,TWSE,TWD
3543,"JOCHU TECHNOLOGY CO., LTD.",,Taïwan,TWSE,TWD
7814,"HORIEN BIOCHEMICAL TECHNOLOGY CO., LTD.",,Taïwan,TWSE,TWD
7856,HERMES TESTING SOLUTIONS INC.,,Taïwan,TWSE,TWD
6583,"YOOSONN ENTERTAINMENT CO., LTD.",,Taïwan,TWSE,TWD
7857,ASWATER ADVANCED ENVIROTECH LTD.,,Taïwan,TWSE,TWD
7858,E-CHEM ENTERPRISE CORP.,,Taïwan,TWSE,TWD
6582,"SHIN FOONG SPECIALTY AND APPLIED MATERIALS CO., LTD.",,Taïwan,TWSE,TWD
2605,SINCERE NAVIGATION CORPORATION,,Taïwan,TWSE,TWD
7860,AVEX INC.,,Taïwan,TWSE,TWD
6581,"TAIWAN STEEL UNION CO., LTD.",,Taïwan,TWSE,TWD
7861,BELLWETHER ELECTRONIC CORP.,,Taïwan,TWSE,TWD
2509,"CHAINQUI CONSTRUCTION & DEVELOPMENT CO., LTD.",,Taïwan,TWSE,TWD
3545,"FOCALTECH SYSTEMS CO., LTD.",,Taïwan,TWSE,TWD
7862,"ACEGREEN ECO-MATERIAL TECHNOLOGY CO., LTD.",,Taïwan,TWSE,TWD
2498,HTC CORPORATION,,Taïwan,TWSE,TWD
2537,"WE & WIN DEVELOPMENT CO., LTD.",,Taïwan,TWSE,TWD
3527,"MACROBLOCK, INC.",,Taïwan,TWSE,TWD
7832,BANDAI NAMCO HOLDINGS INC.,,Taïwan,TWSE,TWD
3467,"FORCERA MATERIALS CO., LTD.",,Taïwan,TWSE,TWD
3511,SIMULA TECHNOLOGY INC.,,Taïwan,TWSE,TWD
2596,REALY DEVELOPMENT & CONSTRUCTION CORP.,,Taïwan,TWSE,TWD
3512,"HUANG LONG DEVELOPMENT CO., LTD.",,Taïwan,TWSE,TWD
7831,"JESPER CO., LTD.",,Taïwan,TWSE,TWD
6609,"TAIWAN TAKISAWA TECHNOLOGY CO., LTD.",,Taïwan,TWSE,TWD
7829,YODA PHARMACEUTICALS INC.,,Taïwan,TWSE,TWD
7828,INNOSTAR SERVICE INC.,,Taïwan,TWSE,TWD
6598,APPLIED BIOCODE CORPORATION,,Taïwan,TWSE,TWD
7839,PRO360 INC.,,Taïwan,TWSE,TWD
6604,"JUOKU TECHNOLOGY CO., LTD.",,Taïwan,TWSE,TWD
3473,"FIBER LOGIC COMMUNICATIONS, INC.",,Taïwan,TWSE,TWD
6597,"ECOCERA OPTRONICS CO., LTD.",,Taïwan,TWSE,TWD
6599,POINDUS SYSTEMS CORP.,,Taïwan,TWSE,TWD
7837,"CREATIVE LIFE SCIENCE CO., LTD.",,Taïwan,TWSE,TWD
3508,"WAYS TECHNICAL CORP., LTD.",,Taïwan,TWSE,TWD
3597,AVERTRONICS INC.,,Taïwan,TWSE,TWD
3455,"UTECHZONE CO., LTD.",,Taïwan,TWSE,TWD
2597,RUENTEX ENGINEERING & CONSTRUCTION CO. LTD.,,Taïwan,TWSE,TWD
7823,CYCRAFT TECHNOLOGY CORP,,Taïwan,TWSE,TWD
7833,"GREENROCK ENERGY CO., LTD.",,Taïwan,TWSE,TWD
3465,"NEW ADVANCED ELECTRONICS TECHNOLOGIES CO., LTD.",,Taïwan,TWSE,TWD
3498,"USUN TECHNOLOGY CO., LTD.",,Taïwan,TWSE,TWD
3494,HITI DIGITAL INC.,,Taïwan,TWSE,TWD
7834,"LYDSEC DIGITAL TECHNOLOGY CO., LTD.",,Taïwan,TWSE,TWD
3499,GLOBALSAT WORLDCOM CORPORATION,,Taïwan,TWSE,TWD
3501,"WELL SHIN TECHNOLOGY CO., LTD.",,Taïwan,TWSE,TWD
6603,"FU CHUN SHIN MACHINERY MANUFACTURE CO., LTD.",,Taïwan,TWSE,TWD
3466,SKARDIN INDUSTRIAL CORPORATION,,Taïwan,TWSE,TWD
3504,YOUNG OPTICS INC.,,Taïwan,TWSE,TWD
7836,SMADAY TECHNOLOGY CO LTD,,Taïwan,TWSE,TWD
3492,ADVANCED CONNECTION TECHNOLOGY INC.,,Taïwan,TWSE,TWD
7820,"LIYING ENVIRONMENTAL PROTECTION TECHNOLOGY CO., LTD.",,Taïwan,TWSE,TWD
3515,ASROCK INC.,,Taïwan,TWSE,TWD
2599,"LE YOUNG CONSTRUCTION CO., LTD.",,Taïwan,TWSE,TWD
3450,ELITE ADVANCED LASER CORP.,,Taïwan,TWSE,TWD
3521,DATAVAN INTERNATIONAL CORP.,,Taïwan,TWSE,TWD
3522,"TOPLUS GLOBAL CO., LTD.",,Taïwan,TWSE,TWD
2543,"HWANG CHANG GENERAL CONTRACTOR CO., LTD.",,Taïwan,TWSE,TWD
7842,"GREENET CO., LTD.",,Taïwan,TWSE,TWD
7843,EMBESTOR TECHNOLOGY INC.,,Taïwan,TWSE,TWD
6593,"TAIWAN NAME PLATE CO., LTD.",,Taïwan,TWSE,TWD
6592,"HOTAI FINANCE CO., LTD.",,Taïwan,TWSE,TWD
3523,"EFUN TECHNOLOGY CO., LTD.",,Taïwan,TWSE,TWD
7846,HTC & SOLAR TECH SERVICE LTD.,,Taïwan,TWSE,TWD
2540,JSL CONSTRUCTION & DEVELOPMENT INC.,,Taïwan,TWSE,TWD
2539,SAKURA DEVELOPMENT CO. LTD.,,Taïwan,TWSE,TWD
7847,"LI YU CHU CO., LTD.",,Taïwan,TWSE,TWD
6591,SUN MAX TECHNOLOGY LTD.,,Taïwan,TWSE,TWD
7848,"CHI YI HSIN TECHNOLOGY CO., LTD.",,Taïwan,TWSE,TWD
3526,"ALLTOP TECHNOLOGY CO., LTD.",,Taïwan,TWSE,TWD
2545,"HUANG HSIANG CONSTRUCTION CO., LTD.",,Taïwan,TWSE,TWD
2538,"KEE TAI PROPERTIES CO., LTD.",,Taïwan,TWSE,TWD
3520,"JHEN VEI ELECTRONIC CO., LTD.",,Taïwan,TWSE,TWD
3489,"SUN BROTHERS DEVELOPMENT CO., LIMITED",,Taïwan,TWSE,TWD
7819,SYSTEX FINTECH CORPORATION,,Taïwan,TWSE,TWD
3516,ADO OPTRONICS CORPORATION,,Taïwan,TWSE,TWD
3491,"UNIVERSAL MICROWAVE TECHNOLOGY, INC.",,Taïwan,TWSE,TWD
2601,FIRST STEAMSHIP CO. LTD.,,Taïwan,TWSE,TWD
3490,"SINGLE WELL INDUSTRIAL CO., LTD.",,Taïwan,TWSE,TWD
7827,HANCHORBIO INC.,,Taïwan,TWSE,TWD
6610,"TWI BIOTECHNOLOGY, INC.",,Taïwan,TWSE,TWD
3447,XAVI TECHNOLOGIES CORP.,,Taïwan,TWSE,TWD
3518,"PARAGON TECHNOLOGIES CO., LTD.",,Taïwan,TWSE,TWD
6596,KUANG HONG ARTS MANAGEMENT INCORPORATION,,Taïwan,TWSE,TWD
2548,"HUAKU DEVELOPMENT CO., LTD.",,Taïwan,TWSE,TWD
2547,"RADIUM LIFE TECH CO., LTD.",,Taïwan,TWSE,TWD
7840,"NICE GARDEN INDUSTRIAL CO., LTD.",,Taïwan,TWSE,TWD
7841,CYBERSOFT DIGITAL SERVICES CORP.,,Taïwan,TWSE,TWD
6595,JULIEN'S INTERNATIONAL ENTERTAINMENT GROUP,,Taïwan,TWSE,TWD
2546,KEDGE CONSTRUCTION CO. LTD.,,Taïwan,TWSE,TWD
7866,"DLI MEMORY, INC.",,Taïwan,TWSE,TWD
2511,PRINCE HOUSING & DEVELOPMENT CORP.,,Taïwan,TWSE,TWD
7825,"NEW SMART TECHNOLOGY CO., LTD.",,Taïwan,TWSE,TWD
3585,ADVANCE MATERIALS CORPORATION,,Taïwan,TWSE,TWD
2467,C SUN MANUFACTURING LTD.,,Taïwan,TWSE,TWD
3583,SCIENTECH CORPORATION,,Taïwan,TWSE,TWD
7875,ALTOS COMPUTING INC.,,Taïwan,TWSE,TWD
2468,FORTUNE INFORMATION SYSTEMS INC.,,Taïwan,TWSE,TWD
3479,AVALUE TECHNOLOGY INC.,,Taïwan,TWSE,TWD
2615,WAN HAI LINES LTD.,,Taïwan,TWSE,TWD
2614,EASTERN MEDIA INTERNATIONAL CORPORATION,,Taïwan,TWSE,TWD
6572,"PLEXBIO CO., LTD.",,Taïwan,TWSE,TWD
7873,RAYTEK SEMICONDUCTOR INC.,,Taïwan,TWSE,TWD
7810,JTRON TECHNOLOGY CORP.,,Taïwan,TWSE,TWD
2613,CHINA CONTAINER TERMINAL CORPORATION,,Taïwan,TWSE,TWD
7872,"GREEN SOLUTION TECHNOLOGY CO., LTD.",,Taïwan,TWSE,TWD
6573,HY ELECTRONIC CAYMAN LTD.,,Taïwan,TWSE,TWD
2471,ARES INTERNATIONAL CORP.,,Taïwan,TWSE,TWD
6616,TECHCENTIAL INTERNATIONAL LTD,,Taïwan,TWSE,TWD
2472,LELON ELECTRONICS CORPORATION,,Taïwan,TWSE,TWD
7811,"MINSON INTEGRATION, INC.",,Taïwan,TWSE,TWD
3419,"WHA YU INDUSTRIAL CO., LTD.",,Taïwan,TWSE,TWD
3426,TAI SHING ELECTRONICS COMPONENTS CORPORATION,,Taïwan,TWSE,TWD
2458,ELAN MICROELECTRONICS CORPORATION,,Taïwan,TWSE,TWD
3593,LOGAH TECHNOLOGY CORP.,,Taïwan,TWSE,TWD
2474,"CATCHER TECHNOLOGY CO., LTD.",,Taïwan,TWSE,TWD
2612,CHINESE MARITIME TRANSPORT LTD.,,Taïwan,TWSE,TWD
2611,TZE SHIN INTERNATIONAL CO. LTD.,,Taïwan,TWSE,TWD
2610,CHINA AIRLINES LTD.,,Taïwan,TWSE,TWD
7871,ELIXIRON IMMUNOTHERAPEUTICS (CAYMAN) LIMITED,,Taïwan,TWSE,TWD
3580,"UVAT TECHNOLOGY CO., LTD.",,Taïwan,TWSE,TWD
3430,"CHITEC TECHNOLOGY CO., LTD.",,Taïwan,TWSE,TWD
3441,"UNIQUE OPTO-ELECTRONICS CO., LTD.",,Taïwan,TWSE,TWD
3432,TAI TWUN ENTERPRISE CO. LTD.,,Taïwan,TWSE,TWD
2466,COSMO ELECTRONICS CORPORATION,,Taïwan,TWSE,TWD
6617,"GONGWIN BIOPHARM HOLDINGS CO., LTD.",,Taïwan,TWSE,TWD
2457,PHILIPS TECHNOLOGICAL COMPANY LTD.,,Taïwan,TWSE,TWD
7806,GIN HWA BIOTECH INC.,,Taïwan,TWSE,TWD
7805,"QNAP SYSTEMS, INC.",,Taïwan,TWSE,TWD
7877,"TEINCO TECHNOLOGY CO., LTD.",,Taïwan,TWSE,TWD
6569,ONYX HEALTHCARE INC.,,Taïwan,TWSE,TWD
3588,LEADTREND TECHNOLOGY CORP,,Taïwan,TWSE,TWD
2617,"TAIWAN NAVIGATION CO., LTD.",,Taïwan,TWSE,TWD
6620,"HANDA PHARMACEUTICALS, INC.",,Taïwan,TWSE,TWD
2459,AUDIX CORPORATION,,Taïwan,TWSE,TWD
2455,"VISUAL PHOTONICS EPITAXY CO., LTD.",,Taïwan,TWSE,TWD
2618,EVA AIRWAYS CORP.,,Taïwan,TWSE,TWD
3591,EDISON OPTO CORPORATION,,Taïwan,TWSE,TWD
2460,"GEM TERMINAL INDUSTRIAL CO., LTD.",,Taïwan,TWSE,TWD
7824,NADA HOLDINGS CORP,,Taïwan,TWSE,TWD
3587,MATERIALS ANALYSIS TECHNOLOGY INC.,,Taïwan,TWSE,TWD
6618,"UHT UNITECH CO., LTD.",,Taïwan,TWSE,TWD
2461,K LASER TECHNOLOGY INC.,,Taïwan,TWSE,TWD
7808,BIONET THERAPEUTICS CORP.,,Taïwan,TWSE,TWD
3413,FOXSEMICON INTEGRATED TECHNOLOGY INC.,,Taïwan,TWSE,TWD
2616,"SHAN-LOONG TRANSPORTATION CO., LTD.",,Taïwan,TWSE,TWD
2462,"TAIWAN LINE TEK ELECTRONIC CO., LTD.",,Taïwan,TWSE,TWD
2464,MIRLE AUTOMATION CORP.,,Taïwan,TWSE,TWD
2465,LEADTEK RESEARCH INC.,,Taïwan,TWSE,TWD
3416,WINMATE INC.,,Taïwan,TWSE,TWD
3592,RAYDIUM SEMICONDUCTOR CORPORATION,,Taïwan,TWSE,TWD
7876,OBIGEN PHARMA INC.,,Taïwan,TWSE,TWD
2454,MEDIATEK INC.,,Taïwan,TWSE,TWD
6570,APLEX TECHNOLOGY INC.,,Taïwan,TWSE,TWD
3481,INNOLUX CORPORATION,,Taïwan,TWSE,TWD
2453,SYSCOM COMPUTER ENGINEERING INC.,,Taïwan,TWSE,TWD
2476,"G SHANK ENTERPRISE CO., LTD.",,Taïwan,TWSE,TWD
3581,ZEN VOCE CORPORATION,,Taïwan,TWSE,TWD
6574,"MIKOBEAUTE INTERNATIONAL CO., LTD.",,Taïwan,TWSE,TWD
2486,I-CHIUN PRECISION INDUSTRY CO. LTD.,,Taïwan,TWSE,TWD
3437,ADVANCED OPTOELECTRONIC TECHNOLOGY INC.,,Taïwan,TWSE,TWD
2607,EVERGREEN INTERNATIONAL STORAGE AND TRANSPORT CORPORATION,,Taïwan,TWSE,TWD
3567,ETREND HIGHTECH CORP.,,Taïwan,TWSE,TWD
3595,"ALLIANCE MATERIAL CO., LTD.",,Taïwan,TWSE,TWD
2488,"HANPIN ELECTRON CO., LTD.",,Taïwan,TWSE,TWD
2450,"SENAO INTERNATIONAL CO., LTD.",,Taïwan,TWSE,TWD
2609,YANG MING MARINE TRANSPORT CORPORATION,,Taïwan,TWSE,TWD
3596,ARADYAN TECHNOLOGY CORP.,,Taïwan,TWSE,TWD
7826,TWISTER5 CO. LTD.,,Taïwan,TWSE,TWD
2489,"AMTRAN TECHNOLOGY CO., LTD.",,Taïwan,TWSE,TWD
3563,MACHVISION INC.,,Taïwan,TWSE,TWD
2491,"FORTUNE ORIENTAL CO., LTD.",,Taïwan,TWSE,TWD
2608,"KERRY TJ LOGISTICS CO., LTD.",,Taïwan,TWSE,TWD
2449,"KING YUAN ELECTRONICS CO., LTD.",,Taïwan,TWSE,TWD
3558,"SENAO NETWORKS, INC.",,Taïwan,TWSE,TWD
6615,"SOFIVA GENOMICS CO., LTD.",,Taïwan,TWSE,TWD
2493,"AMPOC FAR-EAST CO., LTD.",,Taïwan,TWSE,TWD
6576,"FORESEE PHARMACEUTICALS CO., LTD.",,Taïwan,TWSE,TWD
2495,INFORTREND TECHNOLOGY INC.,,Taïwan,TWSE,TWD
3557,JIA WEI LIFESTYLE INC.,,Taïwan,TWSE,TWD
2496,SUCCESS PRIME CORP.,,Taïwan,TWSE,TWD
7867,"TEST RITE RETAIL CO., LTD.",,Taïwan,TWSE,TWD
2497,E-LEAD ELECTRONIC CO. LTD.,,Taïwan,TWSE,TWD
6605,DEPO AUTO PARTS INDUSTRIAL CO. LTD.,,Taïwan,TWSE,TWD
6577,PROMATE SOLUTIONS CORPORATION,,Taïwan,TWSE,TWD
3438,"ADVANCED ANALOG TECHNOLOGY, INC.",,Taïwan,TWSE,TWD
3556,EGALAX_EMPIA TECHNOLOGY INC.,,Taïwan,TWSE,TWD
2492,WALSIN TECHNOLOGY CORP.,,Taïwan,TWSE,TWD
7868,INFORCOM TECHNOLOGY INC.,,Taïwan,TWSE,TWD
3564,"AEWIN TECHNOLOGIES CO., LTD.",,Taïwan,TWSE,TWD
2480,STARK TECHNOLOGY INC.,,Taïwan,TWSE,TWD
7870,ACCORDANCE SYSTEMS INC.,,Taïwan,TWSE,TWD
2485,ZINWELL CORPORATION,,Taïwan,TWSE,TWD
2451,TRANSCEND INFORMATION INC.,,Taïwan,TWSE,TWD
3594,ARBOR TECHNOLOGY CORP.,,Taïwan,TWSE,TWD
7869,"HORNG YU ELECTRIC CO., LTD.",,Taïwan,TWSE,TWD
7812,TMY TECHNOLOGY INC.,,Taïwan,TWSE,TWD
2478,"TA-I TECHNOLOGY CO., LTD.",,Taïwan,TWSE,TWD
3434,ACULA TECHNOLOGY CORP.,,Taïwan,TWSE,TWD
3483,"FORCECON TECHNOLOGY CO., LTD.",,Taïwan,TWSE,TWD
2481,PAN JIT INTERNATIONAL INC.,,Taïwan,TWSE,TWD
2482,UNIFORM INDUSTRIAL CORP.,,Taïwan,TWSE,TWD
3576,"UNITED RENEWABLE ENERGY CO., LTD.",,Taïwan,TWSE,TWD
2484,"SIWARD CRYSTAL TECHNOLOGY CO., LTD.",,Taïwan,TWSE,TWD
3570,OTSUKA INFORMATION TECHNOLOGY CORP.,,Taïwan,TWSE,TWD
2483,EXCEL CELL ELECTRONIC CO. LTD.,,Taïwan,TWSE,TWD
3577,"ICP DAS CO., LTD.",,Taïwan,TWSE,TWD
2477,"MEILOON INDUSTRIAL CO., LTD.",,Taïwan,TWSE,TWD
BQC,A-SMART HOLDINGS LTD.,,Singapour,SGX,SGD
5PF,JASON MARINE GROUP LTD.,,Singapour,SGX,SGD
J36,JARDINE MATHESON HOLDINGS LTD.,,Singapour,SGX,USD
BQD,ENVICTUS INTERNATIONAL HOLDINGS LTD.,,Singapour,SGX,SGD
CJN,BRITISH AND MALAYAN HOLDINGS LIMITED,,Singapour,SGX,SGD
S58,SATS LTD.,,Singapour,SGX,SGD
SUN,CSOP CSAM CSI A500 INDEX ETF,,Singapour,SGX,SGD
5OI,JAPAN FOODS HOLDING LTD.,,Singapour,SGX,SGD
43A,GS HOLDINGS LTD.,,Singapour,SGX,SGD
BQF,XMH HOLDINGS LTD.,,Singapour,SGX,SGD
AYN,GLOBAL TESTING CORPORATION LTD.,,Singapour,SGX,SGD
43E,VCPLUS LTD.,,Singapour,SGX,SGD
N01,NERA TELECOMMUNICATIONS LTD.,,Singapour,SGX,SGD
AGS,HOUR GLASS LTD.,,Singapour,SGX,SGD
S59,SIA ENGINEERING CO. LTD.,,Singapour,SGX,SGD
BS6,YANGZIJIANG SHIPBUILDING HOLDINGS LTD.,,Singapour,SGX,SGD
F03,FOOD EMPIRE HOLDINGS LTD.,,Singapour,SGX,SGD
S68,SINGAPORE EXCHANGE LTD.,,Singapour,SGX,SGD
S63,SINGAPORE TECHNOLOGIES ENGINEERING LTD.,,Singapour,SGX,SGD
S69,SERIAL SYSTEM LTD.,,Singapour,SGX,SGD
AU8U,CAPITALAND CHINA TRUST,,Singapour,SGX,SGD
XCF,KT&G CORPORATION,,Singapour,SGX,SGD
J91U,ESR-REIT,,Singapour,SGX,SGD
S71,SUNRIGHT LTD.,,Singapour,SGX,SGD
J69U,FRASERS CENTREPOINT TRUST,,Singapour,SGX,SGD
E28,FRENCKEN GROUP LTD.,,Singapour,SGX,SGD
O39,OVERSEA-CHINESE BANKING CORPORATION LIMITED,,Singapour,SGX,SGD
TQ5,FRASERS PROPERTY LTD.,,Singapour,SGX,SGD
S7P,SOILBUILD CONSTRUCTION GROUP LTD.,,Singapour,SGX,SGD
MZH,NANOFILM TECHNOLOGIES INTERNATIONAL LTD.,,Singapour,SGX,SGD
43B,SECURA GROUP LTD.,,Singapour,SGX,SGD
S61,SBS TRANSIT LTD.,,Singapour,SGX,SGD
BPF,YHI INTERNATIONAL LTD.,,Singapour,SGX,SGD
S29,STAMFORD TYRES CORPORATION LTD.,,Singapour,SGX,SGD
43F,ACROMETA GROUP LTD.,,Singapour,SGX,SGD
AWX,AEM HOLDINGS LTD.,,Singapour,SGX,SGD
O9E,PARKSON RETAIL ASIA LTD.,,Singapour,SGX,SGD
583,PROGEN HOLDINGS LTD.,,Singapour,SGX,SGD
AJ2,OUHUA ENERGY HOLDINGS LTD.,,Singapour,SGX,SGD
AWV,CAPTII LIMITED,,Singapour,SGX,SGD
AWM,SHANGHAI TURBO ENTERPRISES LTD.,,Singapour,SGX,SGD
S19,SINGAPORE SHIPPING CORPORATION LTD.,,Singapour,SGX,SGD
XHV,SERIAL ACHIEVA LIMITED,,Singapour,SGX,SGD
500,TAI SIN ELECTRIC LTD.,,Singapour,SGX,SGD
MXNU,ELITE UK REAL ESTATE INVESTMENT TRUST,,Singapour,SGX,GBP
XJB,GHY CULTURE & MEDIA HOLDING CO LTD,,Singapour,SGX,SGD
LVR,17LIVE GROUP LIMITED,,Singapour,SGX,SGD
ENV,LS 2 HOLDINGS LTD.,,Singapour,SGX,SGD
ZKX,EVER GLORY UNITED HOLDINGS LTD.,,Singapour,SGX,SGD
5OR,HEATEC JIETONG HOLDINGS LTD.,,Singapour,SGX,SGD
AWK,FUXING CHINA GROUP LTD.,,Singapour,SGX,SGD
AWI,THAKRAL CORPORATION LTD.,,Singapour,SGX,SGD
OAJ,FORTRESS MINERALS LTD.,,Singapour,SGX,SGD
BRD,SAPPHIRE CORPORATION LTD.,,Singapour,SGX,SGD
5OX,MARY CHIA HOLDINGS LTD.,,Singapour,SGX,SGD
MV4,MEWAH INTERNATIONAL INC.,,Singapour,SGX,SGD
AW9U,FIRST REAL ESTATE INVESTMENT TRUST,,Singapour,SGX,SGD
AVX,HL GLOBAL ENTERPRISES LTD.,,Singapour,SGX,SGD
O5RU,AIMS APAC REIT,,Singapour,SGX,SGD
AWC,BROOK CROMPTON HOLDINGS LTD.,,Singapour,SGX,SGD
S20,STRAITS TRADING CO. LTD.,,Singapour,SGX,SGD
AVP,"AVEPOINT, INC.",,Singapour,SGX,SGD
AIY,IFAST CORPORATION LTD.,,Singapour,SGX,SGD
S35,SING INVESTMENTS & FINANCE LTD.,,Singapour,SGX,SGD
S3N,GLOBAL RESOURCE CONSTRUCTION LTD.,,Singapour,SGX,SGD
AWG,ASCENT BRIDGE LTD.,,Singapour,SGX,SGD
S23,SINGAPURA FINANCE LTD.,,Singapour,SGX,SGD
S56,SAMUDERA SHIPPING LINE LTD.,,Singapour,SGX,SGD
5OQ,TEHO INTERNATIONAL INC. LTD.,,Singapour,SGX,SGD
AWZ,MULTI-CHEM LTD.,,Singapour,SGX,SGD
SEG,CONCORD NEW ENERGY GROUP LIMITED,,Singapour,SGX,SGD
BQM,TIONG WOON CORPORATION HOLDING LTD.,,Singapour,SGX,SGD
BQN,BH GLOBAL CORPORATION LTD.,,Singapour,SGX,SGD
S44,ENGRO CORPORATION LTD.,,Singapour,SGX,SGD
5PD,"HENGYANG PETROCHEMICAL LOGISTICS CO., LTD.",,Singapour,SGX,SGD
43Q,ADVANCER GLOBAL LTD.,,Singapour,SGX,SGD
BRS,UMS HOLDINGS LTD.,,Singapour,SGX,SGD
E27,THE PLACE HOLDINGS LTD.,,Singapour,SGX,SGD
BQP,SOUTHERN PACKAGING GROUP LTD.,,Singapour,SGX,SGD
KIN,KIN GLOBAL LIMITED,,Singapour,SGX,SGD
8YY,BIOLIDICS LTD.,,Singapour,SGX,SGD
SES,SHANAYA LTD.,,Singapour,SGX,SGD
CLN,APAC REALTY LTD.,,Singapour,SGX,SGD
RQ1,OVERSEAS EDUCATION LIMITED,,Singapour,SGX,SGD
505,ASIAMEDIC LTD.,,Singapour,SGX,SGD
A06,FIRST SPONSOR GROUP LIMITED,,Singapour,SGX,SGD
5PC,GOODLAND GROUP LTD.,,Singapour,SGX,SGD
LUY,RAFFLES INFRASTRUCTURE HOLDINGS LIMITED,,Singapour,SGX,SGD
RC5,TRIYARDS HOLDINGS LTD.,,Singapour,SGX,SGD
49B,AMOS GROUP LTD.,,Singapour,SGX,SGD
VC2,OLAM GROUP LTD.,,Singapour,SGX,SGD
S08,SINGAPORE POST LTD.,,Singapour,SGX,SGD
S07,SHANGRI-LA ASIA LTD,,Singapour,SGX,HKD
AJBU,KEPPEL DC REIT,,Singapour,SGX,SGD
TKU,TOKU LTD.,,Singapour,SGX,SGD
YYB,BACUI TECHNOLOGIES INTERNATIONAL INC.,,Singapour,SGX,SGD
CMOU,KEPPEL PACIFIC OAK US REIT,,Singapour,SGX,USD
504,HS OPTIMUS HOLDINGS LTD.,,Singapour,SGX,SGD
LMS,LMS COMPLIANCE LTD.,,Singapour,SGX,SGD
MIJ,ALLIANCE HEALTHCARE GROUP LTD.,,Singapour,SGX,SGD
8YZ,YANGZIJIANG MARITIME DEVELOPMENT LTD.,,Singapour,SGX,SGD
CNE,MINDCHAMPS PRESCHOOL LTD.,,Singapour,SGX,SGD
S41,HONG LEONG FINANCE LTD.,,Singapour,SGX,SGD
E3B,WEE HUR HOLDINGS LTD.,,Singapour,SGX,SGD
S85,STRACO CORPORATION LTD.,,Singapour,SGX,SGD
K75,KOH BROTHERS GROUP LTD.,,Singapour,SGX,SGD
K71U,KEPPEL REIT,,Singapour,SGX,SGD
KUO,INTERNATIONAL CEMENT GROUP LTD.,,Singapour,SGX,SGD
SHE,SOON HOCK ENTERPRISE HOLDING LIMITED,,Singapour,SGX,SGD
WKS,WINKING STUDIOS LTD.,,Singapour,SGX,SGD
NEX,RECLAIMS GLOBAL LTD.,,Singapour,SGX,SGD
5SY,ONEAPEX LTD.,,Singapour,SGX,SGD
5TI,SDAI LTD.,,Singapour,SGX,SGD
5TJ,FAR EAST GROUP LTD.,,Singapour,SGX,SGD
K6S,PRUDENTIAL PLC,,Singapour,SGX,USD
H78,HONGKONG LAND HOLDINGS LIMITED,,Singapour,SGX,USD
KUX,OIO HOLDINGS LTD.,,Singapour,SGX,SGD
UD1U,IREIT GLOBAL LTD.,,Singapour,SGX,SGD
H30,HONG FOK CORPORATION LIMITED,,Singapour,SGX,SGD
H22,HONG LEONG ASIA LTD.,,Singapour,SGX,SGD
5TP,CNMC GOLDMINE HOLDINGS LTD.,,Singapour,SGX,SGD
KYB,FOOD INNOVATORS HOLDINGS LTD.,,Singapour,SGX,SGD
H20,HOE LEONG CORPORATION LTD.,,Singapour,SGX,SGD
L02,METIS ENERGY LTD.,,Singapour,SGX,SGD
H18,HOTEL GRAND CENTRAL LTD,,Singapour,SGX,SGD
L19,LUM CHANG HOLDINGS LTD.,,Singapour,SGX,SGD
GRQ,DON AGRO INTERNATIONAL LTD.,,Singapour,SGX,SGD
KUH,TSH CORPORATION LTD.,,Singapour,SGX,SGD
5SR,ZHONGMIN BAIHUI RETAIL GROUP LTD.,,Singapour,SGX,SGD
ESG,ES GROUP HOLDINGS LTD.,,Singapour,SGX,SGD
C9Q,SINOSTAR PEC HOLDINGS LTD.,,Singapour,SGX,SGD
URR,SIM LEISURE GROUP LTD.,,Singapour,SGX,SGD
LJ3,OUE LTD.,,Singapour,SGX,SGD
TVV,OXPAY FINANCIAL LTD.,,Singapour,SGX,SGD
PPC,PROSPER CAPITAL CORPORATION LTD.,,Singapour,SGX,SGD
TWL,MEMIONTEC HOLDINGS LTD.,,Singapour,SGX,SGD
5RC,ES GROUP (HOLDINGS) LIMITED,,Singapour,SGX,SGD
GRO,CGS FULLGOAL CSI 1000 ETF,,Singapour,SGX,SGD
PRH,LIVINGSTONE HEALTH HOLDINGS LTD.,,Singapour,SGX,SGD
WPC,VALLIANZ HOLDINGS LTD.,,Singapour,SGX,SGD
H15,HOTEL PROPERTIES LTD.,,Singapour,SGX,SGD
5RE,ASIA VETS HOLDINGS LTD.,,Singapour,SGX,SGD
U09,AVARGA LTD.,,Singapour,SGX,SGD
U10,UOB-KAY HIAN HOLDINGS LTD.,,Singapour,SGX,SGD
U11,UNITED OVERSEAS BANK LTD.,,Singapour,SGX,SGD
U13,UNITED OVERSEAS INSURANCE LTD.,,Singapour,SGX,SGD
U14,UOL GROUP LTD.,,Singapour,SGX,SGD
5RF,MERCURIUS CAPITAL INVESTMENT LTD.,,Singapour,SGX,SGD
U77,SARINE TECHNOLOGIES LTD.,,Singapour,SGX,SGD
U96,SEMBCORP INDUSTRIES LTD.,,Singapour,SGX,SGD
U9E,CHINA EVERBRIGHT WATER LTD.,,Singapour,SGX,SGD
5SO,DUTY FREE INTERNATIONAL LTD.,,Singapour,SGX,SGD
U06,SINGAPORE LAND GROUP LTD.,,Singapour,SGX,SGD
5TT,KEONG HONG HOLDINGS LTD.,,Singapour,SGX,SGD
L23,ENVIRO-HUB HOLDINGS LTD.,,Singapour,SGX,SGD
H13,HO BEE LAND LTD.,,Singapour,SGX,SGD
A55,ASIA ENTERPRISES HOLDING LTD.,,Singapour,SGX,SGD
A52,ANNAIK LTD.,,Singapour,SGX,SGD
9MT,METAOPTICS LTD.,,Singapour,SGX,SGD
A50,THOMSON MEDICAL GROUP LTD.,,Singapour,SGX,SGD
5VS,HAFARY HOLDINGS LTD.,,Singapour,SGX,SGD
LS9,LEADER ENVIRONMENTAL TECHNOLOGIES LTD.,,Singapour,SGX,SGD
5WJ,MONEYMAX FINANCIAL SERVICES LTD.,,Singapour,SGX,SGD
A33,SOUTHERN ARCHIPELAGO LTD,,Singapour,SGX,SGD
5WA,OUE HEALTHCARE LTD.,,Singapour,SGX,SGD
9CI,CAPITALAND INVESTMENT LTD.,,Singapour,SGX,SGD
5VP,GDS GLOBAL LIMITED,,Singapour,SGX,SGD
9QX,BEVERLY JCG LTD.,,Singapour,SGX,SGD
9G2,SINGAPORE INSTITUTE OF ADVANCED SCIENCES LTD.,,Singapour,SGX,SGD
ITS,INDO THAI SECURITIES LIMITED,,Singapour,SGX,SGD
K03,KHONG GUAN LIMITED,,Singapour,SGX,SGD
A31,ADDVALUE TECHNOLOGIES LTD.,,Singapour,SGX,SGD
5WH,REX INTERNATIONAL HOLDING LTD.,,Singapour,SGX,SGD
A30,ASPIAL CORPORATION LTD.,,Singapour,SGX,SGD
CC3,STARHUB LTD.,,Singapour,SGX,SGD
A17U,CAPITALAND ASCENDAS REIT,,Singapour,SGX,SGD
A04,ASL MARINE HOLDINGS LTD.,,Singapour,SGX,SGD
5WF,ISOTEAM LTD.,,Singapour,SGX,SGD
9VW,$ SPACKMAN ENTMT,,Singapour,SGX,SGD
C8R,JIUTIAN CHEMICAL GROUP LTD.,,Singapour,SGX,SGD
5VJ,HALCYON AGRI CORPORATION LTD.,,Singapour,SGX,SGD
5WV,ASIAPHOS LTD.,,Singapour,SGX,SGD
H12,HOTEL ROYAL LTD.,,Singapour,SGX,SGD
UGS,ULTRAGREEN.AI LTD,,Singapour,SGX,SGD
H07,STAMFORD LAND CORPORATION LTD.,,Singapour,SGX,SGD
5UA,LUMINOR FINANCIAL HOLDINGS LTD.,,Singapour,SGX,SGD
E9L,JOYAS INTERNATIONAL HOLDINGS LTD.,,Singapour,SGX,SGD
9I7,BROMAT HOLDINGS LTD.,,Singapour,SGX,SGD
H02,HAW PAR CORPORATION LIMITED,,Singapour,SGX,SGD
UIBU,UI BOUSTEAD REAL ESTATE INVESTMENT TRUST,,Singapour,SGX,SGD
5UF,ASPIAL LIFESTYLE LTD.,,Singapour,SGX,SGD
SGR,SHEFFIELD GREEN LTD.,,Singapour,SGX,SGD
A78,SHEN YAO HOLDINGS LTD.,,Singapour,SGX,SGD
5UL,ATLANTIC NAVIGATION HOLDINGS LTD.,,Singapour,SGX,SGD
5UX,OXLEY HOLDINGS LTD.,,Singapour,SGX,SGD
K29,KARIN TECHNOLOGY HOLDINGS LTD.,,Singapour,SGX,SGD
5VC,KORI HOLDINGS LTD.,,Singapour,SGX,SGD
ODBU,UNITED HAMPSHIRE US REIT INC.,,Singapour,SGX,USD
GU5,CHINA KUNDA TECHNOLOGY HOLDINGS LIMITED,,Singapour,SGX,SGD
E6R,SAMKO TIMBER LTD.,,Singapour,SGX,SGD
5VI,BOLDTEK HOLDINGS LTD.,,Singapour,SGX,SGD
9A4U,ESR REIT,,Singapour,SGX,SGD
LCC,LUM CHANG CREATIONS LIMITED,,Singapour,SGX,SGD
AAJ,SUNMOON FOOD COMPANY LTD.,,Singapour,SGX,SGD
UIX,CHINA ENVIRONMENTAL RESOURCES GROUP LIMITED,,Singapour,SGX,SGD
C76,CREATIVE TECHNOLOGY LTD.,,Singapour,SGX,SGD
C6L,SINGAPORE AIRLINES LTD.,,Singapour,SGX,SGD
C52,COMFORTDELGRO CORPORATION LIMITED,,Singapour,SGX,SGD
8U7U,IREIT GLOBAL,,Singapour,SGX,EUR
5PO,HIAP TONG CORPORATION LTD.,,Singapour,SGX,SGD
42C,IX BIOPHARMA LTD.,,Singapour,SGX,SGD
BTOU,MANULIFE US REAL ESTATE INVESTMENT TRUST,,Singapour,SGX,USD
BTP,BAKER TECHNOLOGY LTD.,,Singapour,SGX,SGD
CIN,COURAGE INVESTMENT GROUP LTD.,,Singapour,SGX,SGD
J03,JADASON ENTERPRISES LTD.,,Singapour,SGX,SGD
N0Z,COMBINE WILL INTERNATIONAL HOLDINGS LIMITED,,Singapour,SGX,SGD
8K7,UG HEALTHCARE CORPORATION LTD.,,Singapour,SGX,SGD
5QT,CHARISMA ENERGY SERVICES LTD.,,Singapour,SGX,SGD
42E,CHOO CHIANG HOLDINGS LTD.,,Singapour,SGX,SGD
BTX,ANCHUN INTERNATIONAL HOLDINGS LTD.,,Singapour,SGX,SGD
8C8U,CENTURION ACCOMMODATION REIT,,Singapour,SGX,SGD
N2H,HYFLUX LTD.,,Singapour,SGX,SGD
N2IU,MAPLETREE PAN ASIA COMMERCIAL TRUST,,Singapour,SGX,SGD
STC,COMBA TELECOM SYSTEMS HOLDINGS LIMITED,,Singapour,SGX,SGD
CHZ,HRNETGROUP LTD.,,Singapour,SGX,SGD
41T,GCCP RESOURCES LTD.,,Singapour,SGX,SGD
N32,NIPPECRAFT LTD.,,Singapour,SGX,SGD
41O,LHN LIMITED,,Singapour,SGX,SGD
BUOU,FRASERS LOGISTICS & COMMERCIAL TRUST,,Singapour,SGX,SGD
41H,BLACKGOLD NATURAL RESOURCES PTE. LTD.,,Singapour,SGX,SGD
MF6,MUN SIONG ENGINEERING LTD.,,Singapour,SGX,SGD
BVA,TOP GLOVE CORPORATION BHD.,,Singapour,SGX,SGD
42F,TOTM TECHNOLOGIES LTD.,,Singapour,SGX,SGD
RCU,ASSURANCE HEALTHCARE LTD.,,Singapour,SGX,SGD
S9B,AMCORP GLOBAL LTD,,Singapour,SGX,SGD
Z25,YANLORD LAND GROUP LTD.,,Singapour,SGX,SGD
J2T,HOCK LIAN SENG HOLDINGS LTD.,,Singapour,SGX,SGD
BSL,RAFFLES MEDICAL GROUP LTD.,,Singapour,SGX,SGD
KJ5,BBR HOLDINGS (S) LTD.,,Singapour,SGX,SGD
42Z,EINDEC CORPORATION LIMITED,,Singapour,SGX,SGD
N02,NSL LTD.,,Singapour,SGX,SGD
42W,ZIXIN GROUP HOLDINGS LTD.,,Singapour,SGX,SGD
X5N,AVARGA LTD,,Singapour,SGX,SGD
42T,TRENDLINES GROUP LTD.,,Singapour,SGX,SGD
Z77,SINGAPORE TELECOMMUNICATIONS LIMITED,,Singapour,SGX,SGD
BTE,BUND CENTER INVESTMENT LTD.,,Singapour,SGX,SGD
Z59,YOMA STRATEGIC HOLDINGS LTD.,,Singapour,SGX,SGD
BTG,HG METAL MANUFACTURING LTD.,,Singapour,SGX,SGD
42S,ASTAKA HOLDINGS LTD.,,Singapour,SGX,SGD
BTJ,A-SONIC AEROSPACE LTD.,,Singapour,SGX,SGD
42R,JUMBO GROUP LTD.,,Singapour,SGX,SGD
BTM,PENGUIN INTERNATIONAL LTD.,,Singapour,SGX,SGD
N08,NEW TOYO INTERNATIONAL HOLDINGS LTD.,,Singapour,SGX,SGD
42N,IPS SECUREX HOLDINGS LTD.,,Singapour,SGX,SGD
42L,TAKA JEWELLERY HOLDINGS LTD.,,Singapour,SGX,SGD
Z74,SINGAPORE TELECOMMUNICATIONS LIMITED,,Singapour,SGX,SGD
Z4D,MEDI LIFESTYLE LTD.,,Singapour,SGX,SGD
STG,SRI TRANG GLOVES PUBLIC COMPANY LIMITED,,Singapour,SGX,SGD
41F,GSS ENERGY LTD.,,Singapour,SGX,SGD
BWCU,EC WORLD REAL ESTATE INVESTMENT TRUST,,Singapour,SGX,SGD
UUK,PASTURE HOLDINGS LTD.,,Singapour,SGX,SGD
TSH,TUAN SING HOLDINGS LTD.,,Singapour,SGX,SGD
5QY,NET PACIFIC FINANCIAL HOLDINGS LTD.,,Singapour,SGX,SGD
ME8U,MAPLETREE INDUSTRIAL TRUST,,Singapour,SGX,SGD
C04,CASA HOLDINGS LTD.,,Singapour,SGX,SGD
C05,CHEMICAL INDUSTRIES (FAR EAST) LTD.,,Singapour,SGX,SGD
NC2,SRI TRANG AGRO-INDUSTRY PUBLIC COMPANY LIMITED,,Singapour,SGX,SGD
WJ9,ADVANCED SYSTEMS AUTOMATION LTD.,,Singapour,SGX,SGD
C06,CSC HOLDINGS LTD.,,Singapour,SGX,SGD
C07,JARDINE CYCLE & CARRIAGE LTD.,,Singapour,SGX,SGD
TS0U,OUE REAL ESTATE INVESTMENT TRUST,,Singapour,SGX,SGD
C09,CITY DEVELOPMENTS LTD.,,Singapour,SGX,SGD
C2PU,PARKWAY LIFE REAL ESTATE INVESTMENT TRUST,,Singapour,SGX,SGD
ER0,KSH HOLDINGS LTD.,,Singapour,SGX,SGD
EB5,FIRST RESOURCES LTD.,,Singapour,SGX,SGD
WJP,VICOM LTD.,,Singapour,SGX,SGD
SJY,MEGROUP LTD.,,Singapour,SGX,SGD
5RA,ASIA-PACIFIC STRATEGIC INVESTMENTS LIMITED,,Singapour,SGX,SGD
8A1,FORISE INTERNATIONAL LTD.,,Singapour,SGX,SGD
C33,CHUAN HUP HOLDINGS LTD.,,Singapour,SGX,SGD
C38U,CAPITALAND INTEGRATED COMMERCIAL TRUST,,Singapour,SGX,SGD
C41,CORTINA HOLDINGS LIMITED,,Singapour,SGX,SGD
C13,CH OFFSHORE LTD.,,Singapour,SGX,SGD
8AZ,AZTECH GLOBAL LTD.,,Singapour,SGX,SGD
OMK,VIVIDTHREE HOLDINGS LTD.,,Singapour,SGX,SGD
BXE,CDW HOLDING LTD.,,Singapour,SGX,SGD
41B,HUATIONG GLOBAL LTD.,,Singapour,SGX,SGD
V8Y,QUANTUM HEALTHCARE LTD.,,Singapour,SGX,SGD
V7R,RESOURCES GLOBAL DEVELOPMENT LTD.,,Singapour,SGX,SGD
RDR,INCREDIBLE HOLDINGS LTD.,,Singapour,SGX,SGD
MENU,ELITE UK REIT,,Singapour,SGX,SGD
V3M,METECH INTERNATIONAL LTD.,,Singapour,SGX,SGD
V2Y,V2Y CORP LTD.,,Singapour,SGX,SGD
8A8,CHINA MEDICAL SYSTEM HOLDINGS LIMITED,,Singapour,SGX,SGD
40W,ZICO HOLDINGS INC.,,Singapour,SGX,SGD
40V,ALSET INTERNATIONAL LTD.,,Singapour,SGX,SGD
UV1,REGAL INTERNATIONAL GROUP LTD.,,Singapour,SGX,SGD
40T,ISEC HEALTHCARE LTD.,,Singapour,SGX,SGD
V03,VENTURE CORPORATION LTD.,,Singapour,SGX,SGD
40F,ALITA RESOURCES LTD.,,Singapour,SGX,SGD
40E,SPACKMAN ENTERTAINMENT GROUP LIMITED,,Singapour,SGX,SGD
RE4,GEO ENERGY RESOURCES LTD.,,Singapour,SGX,SGD
UZF,DEZIGN FORMAT GROUP LIMITED,,Singapour,SGX,SGD
ZB9,UNION STEEL HOLDINGS LTD.,,Singapour,SGX,SGD
40B,HEALTHBANK HOLDINGS LTD.,,Singapour,SGX,SGD
JYEU,LENDLEASE GLOBAL COMMERCIAL REIT,,Singapour,SGX,SGD
BWM,"ZHENENG JINJIANG ENVIRONMENT HOLDING CO., LTD.",,Singapour,SGX,SGD
CHJ,UNI-ASIA GROUP LTD.,,Singapour,SGX,SGD
40N,VERSALINK HOLDINGS LTD.,,Singapour,SGX,SGD
O10,FAR EAST ORCHARD LTD.,,Singapour,SGX,SGD
E5H,GOLDEN AGRI-RESOURCES LTD.,,Singapour,SGX,SGD
NTDU,NTT DC REIT,,Singapour,SGX,USD
5DM,YING LI INTERNATIONAL REAL ESTATE LIMITED,,Singapour,SGX,SGD
5DD,MICRO-MECHANICS HOLDINGS LTD.,,Singapour,SGX,SGD
G92,CHINA AVIATION OIL (SINGAPORE) CORPORATION LTD.,,Singapour,SGX,SGD
5G9,TRITECH GROUP LIMITED,,Singapour,SGX,SGD
BKW,DATAPULSE TECHNOLOGY LTD.,,Singapour,SGX,SGD
NPW,MALAYSIA SMELTING CORPORATION BERHAD,,Singapour,SGX,SGD
533,ABR HOLDINGS LTD.,,Singapour,SGX,SGD
BKV,"CHINA SHENSHAN ORCHARD HOLDINGS CO., LTD.",,Singapour,SGX,SGD
DCRU,DIGITAL CORE REIT MANAGEMENT PTE. LTD.,,Singapour,SGX,USD
LGH,LEONG GUAN HOLDINGS LIMITED,,Singapour,SGX,SGD
BKX,YONGMAO HOLDINGS LTD.,,Singapour,SGX,SGD
5GD,SUNPOWER GROUP LTD.,,Singapour,SGX,SGD
5GI,INTERRA RESOURCES LTD.,,Singapour,SGX,SGD
5CT,ECOWISE HOLDINGS LTD.,,Singapour,SGX,SGD
5GJ,AUSGROUP LTD.,,Singapour,SGX,SGD
BKZ,SUNTAR ECO-CITY LTD.,,Singapour,SGX,SGD
I06,INTRACO LTD.,,Singapour,SGX,SGD
OTX,MEDINEX LTD.,,Singapour,SGX,SGD
DU4,MERMAID MARITIME PUBLIC COMPANY LIMITED,,Singapour,SGX,SGD
T12,TAT SENG PACKAGING GROUP LTD.,,Singapour,SGX,SGD
Y06,GREEN BUILD TECHNOLOGY LTD.,,Singapour,SGX,SGD
T43,YUNNAN ENERGY INTERNATIONAL CO. LIMITED,,Singapour,SGX,SGD
G13,GENTING SINGAPORE LTD.,,Singapour,SGX,SGD
T41,TELECHOICE INTERNATIONAL LTD.,,Singapour,SGX,SGD
QS9,GLOBAL INVACOM GROUP LTD.,,Singapour,SGX,SGD
1H3,CLEARBRIDGE HEALTH LTD.,,Singapour,SGX,SGD
G20,GP INDUSTRIES LTD.,,Singapour,SGX,SGD
NR7,RAFFLES EDUCATION LTD.,,Singapour,SGX,SGD
T24,TUAN SING HOLDINGS LTD.,,Singapour,SGX,SGD
OU8,CENTURION CORPORATION LIMITED,,Singapour,SGX,SGD
BKK,LUXKING GROUP HOLDINGS LTD.,,Singapour,SGX,SGD
T14,TIANJIN PHARMACEUTICAL DA REN TANG GROUP CORPORATION LIMITED,,Singapour,SGX,USD
T13,RH PETROGAS LTD.,,Singapour,SGX,SGD
Y03,YEO HIAP SENG LTD.,,Singapour,SGX,SGD
BAI,DIGILIFE TECHNOLOGIES LTD.,,Singapour,SGX,SGD
G50,GRAND BANKS YACHTS LTD.,,Singapour,SGX,SGD
T15,TAN CHONG INTERNATIONAL LTD.,,Singapour,SGX,HKD
T4B,SINO GRANDNESS FOOD INDUSTRY GROUP LTD.,,Singapour,SGX,SGD
I07,ISDN HOLDINGS LTD.,,Singapour,SGX,SGD
5CR,ASIATIC GROUP HOLDINGS LTD.,,Singapour,SGX,SGD
BLR,DARCO WATER TECHNOLOGIES LTD.,,Singapour,SGX,SGD
5HH,PROSPERA GLOBAL LTD.,,Singapour,SGX,SGD
5BI,POLARIS LTD.,,Singapour,SGX,SGD
F34,WILMAR INTERNATIONAL LTD.,,Singapour,SGX,SGD
BEI,LHT HOLDINGS LTD.,,Singapour,SGX,SGD
P15,PACIFIC CENTURY REGIONAL DEVELOPMENTS LTD.,,Singapour,SGX,SGD
BEH,CHINA INTERNATIONAL HOLDINGS LTD.,,Singapour,SGX,SGD
FRQ,SINGAPORE PAINCARE HOLDINGS LIMITED,,Singapour,SGX,SGD
BLS,HOTUNG INVESTMENT HOLDINGS LTD.,,Singapour,SGX,SGD
5AL,ANNICA HOLDINGS LTD.,,Singapour,SGX,SGD
1J5,HYPHENS PHARMA INTERNATIONAL LIMITED,,Singapour,SGX,SGD
P34,DELFI LTD.,,Singapour,SGX,SGD
DM0,PSC CORPORATION LTD.,,Singapour,SGX,SGD
GEH,GOODWILL ENTERTAINMENT HOLDINGS INC.,,Singapour,SGX,SGD
F17,GUOCOLAND LTD.,,Singapour,SGX,SGD
XWA,AEM HOLDINGS LTD.,,Singapour,SGX,USD
5AU,AP OIL INTERNATIONAL LTD.,,Singapour,SGX,SGD
5GZ,HGH HOLDINGS LTD.,,Singapour,SGX,SGD
W8W,COLIWOO HOLDINGS LIMITED,,Singapour,SGX,SGD
OYY,PROPNEX LTD.,,Singapour,SGX,SGD
I11,RENAISSANCE UNITED LTD.,,Singapour,SGX,SGD
F83,COSCO SHIPPING INTERNATIONAL LTD.,,Singapour,SGX,SGD
1H8,LY CORPORATION LTD.,,Singapour,SGX,SGD
5CF,OKP HOLDINGS LTD.,,Singapour,SGX,SGD
NIO,NIO INC.,,Singapour,SGX,USD
5HG,EDITION LIMITED,,Singapour,SGX,SGD
D5IU,LIPPO MALLS INDONESIA RETAIL TRUST,,Singapour,SGX,SGD
BAC,CAMSING HEALTHCARE LTD.,,Singapour,SGX,SGD
QZG,ACCRELIST LTD.,,Singapour,SGX,SGD
D05,DBS GROUP HOLDINGS LTD.,,Singapour,SGX,SGD
OTS,OTS HOLDINGS LTD.,,Singapour,SGX,SGD
W05,WING TAI HOLDINGS LTD.,,Singapour,SGX,SGD
D03,DEL MONTE PACIFIC LTD.,,Singapour,SGX,SGD
D01,DFI RETAIL GROUP HOLDINGS LIMITED,,Singapour,SGX,USD
CYW,TRICKLESTAR PTE LTD,,Singapour,SGX,SGD
R14,ENECO ENERGY LIMITED,,Singapour,SGX,SGD
1J4,JEP HOLDINGS LTD.,,Singapour,SGX,SGD
5AI,H2G GREEN LTD.,,Singapour,SGX,SGD
Y35,ANAN INTERNATIONAL LTD.,,Singapour,SGX,SGD
OV8,SHENG SIONG GROUP LTD.,,Singapour,SGX,SGD
BFT,LINCOTRADE & ASSOCIATES HOLDINGS LTD.,,Singapour,SGX,SGD
5F7,WILTON RESOURCES CORPORATION LTD.,,Singapour,SGX,SGD
BFK,PHARMESIS INTERNATIONAL LTD,,Singapour,SGX,SGD
Q01,QAF LTD.,,Singapour,SGX,SGD
Q0F,IHH HEALTHCARE BERHAD,,Singapour,SGX,SGD
Q0X,LEY CHOON GROUP HOLDINGS LTD.,,Singapour,SGX,SGD
BFI,TIONG SENG HOLDINGS LTD.,,Singapour,SGX,SGD
1D4,AOXIN Q & M DENTAL GROUP LTD.,,Singapour,SGX,SGD
HQU,OILTEK INTERNATIONAL LTD.,,Singapour,SGX,SGD
1000,SANLI ENVIRONMENT LIMITED,,Singapour,SGX,SGD
1F0,SHOPPER360 LTD.,,Singapour,SGX,SGD
5DX,META HEALTH LTD.,,Singapour,SGX,SGD
QC7,Q & M DENTAL GROUP (SINGAPORE) LTD.,,Singapour,SGX,SGD
BIP,VIBRANT GROUP LTD.,,Singapour,SGX,SGD
5DS,MEGACHEM LTD.,,Singapour,SGX,SGD
5OC,KOYO INTERNATIONAL LTD.,,Singapour,SGX,SGD
1D5,CAPITAL WORLD LTD.,,Singapour,SGX,SGD
5DP,HEETON HOLDINGS LTD,,Singapour,SGX,SGD
BFU,TYE SOON LTD.,,Singapour,SGX,SGD
F9D,BOUSTEAD SINGAPORE LTD.,,Singapour,SGX,SGD
BHD,CHINA MINING INTERNATIONAL LIMITED,,Singapour,SGX,SGD
1D0,KIMLY LTD.,,Singapour,SGX,SGD
5EF,ADVENTUS HOLDINGS LTD.,,Singapour,SGX,SGD
1C0,EMERGING TOWNS & CITIES SINGAPORE LTD.,,Singapour,SGX,SGD
5EG,ZHONGXIN FRUIT & JUICE LTD.,,Singapour,SGX,SGD
BHK,SIIC ENVIRONMENT HOLDINGS LTD.,,Singapour,SGX,SGD
BHU,SUTL ENTERPRISE LTD,,Singapour,SGX,SGD
EMI,EMPERADOR INC.,,Singapour,SGX,SGD
5EB,CFM HOLDINGS LTD.,,Singapour,SGX,SGD
1D3,AUTAGCO LTD.,,Singapour,SGX,SGD
5EV,HOSEN GROUP LTD.,,Singapour,SGX,SGD
DHLU,DAIWA HOUSE LOGISTICS TRUST,,Singapour,SGX,SGD
5EW,SEVENS ATELIER LTD.,,Singapour,SGX,SGD
1B1,HC SURGICAL SPECIALISTS LTD,,Singapour,SGX,SGD
TAP,THE ASSEMBLY PLACE HOLDINGS LTD.,,Singapour,SGX,SGD
5F4,FIGTREE HOLDINGS LTD.,,Singapour,SGX,SGD
1B6,OCEAN SKY INTERNATIONAL LTD.,,Singapour,SGX,SGD
T55,TIH LTD.,,Singapour,SGX,SGD
EH5,UNITED OVERSEAS AUSTRALIA LTD.,,Singapour,SGX,SGD
1F1,Y VENTURES GROUP LTD.,,Singapour,SGX,SGD
532,DISA LTD,,Singapour,SGX,SGD
VVL,ALPHA DX GROUP LTD.,,Singapour,SGX,SGD
F86,MYP LTD.,,Singapour,SGX,SGD
Y8E,SAMURAI 2K AEROSOL LTD,,Singapour,SGX,SGD
5G2,KIM HENG LTD.,,Singapour,SGX,SGD
G07,GREAT EASTERN HOLDINGS LIMITED,,Singapour,SGX,SGD
T82U,SUNTEC REAL ESTATE INVESTMENT TRUST,,Singapour,SGX,SGD
DRX,ST GROUP FOOD INDUSTRIES HOLDINGS LTD.,,Singapour,SGX,SGD
T6I,VALUEMAX GROUP LTD.,,Singapour,SGX,SGD
BJD,VIBROPOWER CORP LTD.,,Singapour,SGX,SGD
Y3D,MDR LTD.,,Singapour,SGX,SGD
BJV,YAMADA GREEN RESOURCES LTD.,,Singapour,SGX,SGD
QNS,SOUTHERN ALLIANCE MINING LTD.,,Singapour,SGX,SGD
BJZ,KODA LTD.,,Singapour,SGX,SGD
G0I,NAM LEE PRESSED METAL INDUSTRIES LTD.,,Singapour,SGX,SGD
BKA,SIN HENG HEAVY MACHINERY LTD.,,Singapour,SGX,SGD
1H2,OLIVE TREE ESTATES LTD.,,Singapour,SGX,SGD
BEZ,BENG KUANG MARINE LTD.,,Singapour,SGX,SGD
SO7,YANGZIJIANG SHIPBUILDING HOLDINGS LTD.,,Singapour,SGX,CNY
1A1,WONG FONG INDUSTRIES LTD.,,Singapour,SGX,SGD
5DO,SAKAE HOLDINGS LTD.,,Singapour,SGX,SGD
1B0,MM2 ASIA LTD.,,Singapour,SGX,SGD
5FW,ACESIAN PARTNERS LTD.,,Singapour,SGX,SGD
FHH,FOUNDATION HEALTHCARE HOLDINGS LIMITED,,Singapour,SGX,SGD
5FX,NEW WAVE HOLDINGS LTD.,,Singapour,SGX,SGD
1F2,UNION GAS HOLDINGS LTD.,,Singapour,SGX,SGD
BEW,JB FOODS LTD.,,Singapour,SGX,SGD
1A0,KATRINA GROUP LTD.,,Singapour,SGX,SGD
5G1,EUROSPORTS GLOBAL LTD.,,Singapour,SGX,SGD
BIX,ELLIPSIZ LTD.,,Singapour,SGX,SGD
QES,CHINA SUNSINE CHEMICAL HOLDINGS LTD.,,Singapour,SGX,SGD
TCU,CREDIT BUREAU ASIA LTD.,,Singapour,SGX,SGD
1AZ,AUDIENCE ANALYTICS LTD.,,Singapour,SGX,SGD
1F3,ASPEN GROUP HOLDINGS LTD.,,Singapour,SGX,SGD
F99,"FRASER AND NEAVE, LTD.",,Singapour,SGX,SGD
Y92,THAI BEVERAGE PUBLIC COMPANY LIMITED,,Singapour,SGX,SGD
OXMU,PRIME US REIT,,Singapour,SGX,USD
NXR,IWOW TECHNOLOGY PTE. LTD.,,Singapour,SGX,SGD
I49,IFS CAPITAL LTD.,,Singapour,SGX,SGD
PA3,TA CORP LTD.,,Singapour,SGX,SGD
BCV,QIAN HU CORPORATION LIMITED,,Singapour,SGX,SGD
1V3,MOOREAST HOLDINGS LTD.,,Singapour,SGX,SGD
554,KING WAN CORPORATION LIMITED,,Singapour,SGX,SGD
AOF,AMPLEFIELD LTD.,,Singapour,SGX,SGD
P8Z,BUMITAMA AGRI LTD.,,Singapour,SGX,SGD
5LY,MARCO POLO MARINE LTD.,,Singapour,SGX,SGD
1Y1,9R LTD.,,Singapour,SGX,SGD
B28,BONVESTS HOLDINGS LTD.,,Singapour,SGX,SGD
RXS,PACIFIC RADIANCE LTD.,,Singapour,SGX,SGD
5ML,OLD CHANG KEE LTD.,,Singapour,SGX,SGD
BN2,VALUETRONICS HOLDINGS LIMITED,,Singapour,SGX,SGD
F13,FU YU CORPORATION LTD.,,Singapour,SGX,SGD
5MZ,KINGSMEN CREATIVES LTD.,,Singapour,SGX,SGD
F10,FJ BENJAMIN HOLDINGS LTD.,,Singapour,SGX,SGD
P9D,CIVMEC LTD.,,Singapour,SGX,SGD
M44U,MAPLETREE LOGISTICS TRUST,,Singapour,SGX,SGD
5MD,SOON LIAN HOLDINGS LIMITED,,Singapour,SGX,SGD
BMT,NEW SILKROUTES GROUP LTD.,,Singapour,SGX,SGD
B49,WORLD PRECISION MACHINERY LIMITED,,Singapour,SGX,SGD
BCY,POWERMATIC DATA SYSTEMS LTD.,,Singapour,SGX,SGD
BDR,WILLAS-ARRAY ELECTRONICS HOLDINGS LIMITED,,Singapour,SGX,SGD
P40U,STARHILL GLOBAL REAL ESTATE INVESTMENT TRUST,,Singapour,SGX,SGD
P52,PAN-UNITED CORPORATION LTD.,,Singapour,SGX,SGD
P74,CHINA KANGDA FOOD CO. LTD.,,Singapour,SGX,SGD
VIN,VIN'S HOLDINGS LTD.,,Singapour,SGX,SGD
5IG,GALLANT VENTURE LTD.,,Singapour,SGX,SGD
5JK,HIAP HOE LTD.,,Singapour,SGX,SGD
O08,OSSIA INTERNATIONAL LTD.,,Singapour,SGX,SGD
BDA,PNE INDUSTRIES LTD.,,Singapour,SGX,SGD
BMGU,BHG RETAIL TRUST,,Singapour,SGX,SGD
5JS,INDOFOOD AGRI RESOURCES LTD.,,Singapour,SGX,SGD
5KI,SOUP HOLDINGS LTD.,,Singapour,SGX,SGD
YSV,$ CHARISMAENERGY,,Singapour,SGX,SGD
CRPU,SASSEUR REAL ESTATE INVESTMENT TRUST,,Singapour,SGX,SGD
5LE,SITRA HOLDINGS INTERNATIONAL LTD.,,Singapour,SGX,SGD
P8A,CORDLIFE GROUP LTD.,,Singapour,SGX,SGD
BCZ,TRAVELITE HOLDINGS LTD.,,Singapour,SGX,SGD
M1GU,SABANA INDUSTRIAL REAL ESTATE INVESTMENT TRUST,,Singapour,SGX,SGD
MMT,MERMAID MARITIME PUBLIC COMPANY LIMITED,,Singapour,SGX,USD
M15,MATEX INTERNATIONAL LTD.,,Singapour,SGX,SGD
M11,MANUFACTURING INTEGRATION TECHNOLOGY LTD.,,Singapour,SGX,SGD
BBP,HOR KEW CORPORATION LTD.,,Singapour,SGX,SGD
BNE,KENCANA AGRI LTD.,,Singapour,SGX,SGD
508,FUJI OFFSET PLATES MANUFACTURING LTD.,,Singapour,SGX,SGD
PCT,PC PARTNER GROUP LIMITED,,Singapour,SGX,SGD
569,VICPLAS INTERNATIONAL LTD.,,Singapour,SGX,SGD
5NV,CHASEN HOLDINGS LTD.,,Singapour,SGX,SGD
570,ABUNDANTE LTD.,,Singapour,SGX,SGD
566,SHS HOLDINGS LTD.,,Singapour,SGX,SGD
AZA,IPC CORPORATION LTD.,,Singapour,SGX,SGD
VI2,TRANS-CHINA AUTOMOTIVE HOLDINGS LTD.,,Singapour,SGX,SGD
579,OCEANUS GROUP LTD.,,Singapour,SGX,SGD
584,AJJ MEDTECH HOLDINGS LTD.,,Singapour,SGX,SGD
AYV,ACMA LTD,,Singapour,SGX,SGD
580,SANTAK HOLDINGS LTD.,,Singapour,SGX,SGD
581,SUNRISE SHARES HOLDINGS LTD.,,Singapour,SGX,SGD
MR7,NORDIC GROUP LTD.,,Singapour,SGX,SGD
575,ASTI HOLDINGS LTD.,,Singapour,SGX,SGD
JCO,JUSTCO HOLDINGS LIMITED,,Singapour,SGX,SGD
5NF,MENCAST HOLDINGS LTD.,,Singapour,SGX,SGD
FQ7,SALT INVESTMENTS LTD.,,Singapour,SGX,SGD
M05,MTQ CORPORATION LTD.,,Singapour,SGX,SGD
YF8,YANGZIJIANG FINANCIAL HOLDING LTD.,,Singapour,SGX,SGD
YK9,YKGI LTD.,,Singapour,SGX,SGD
BCD,CHINA YUANBANG PROPERTY HOLDINGS LIMITED,,Singapour,SGX,SGD
558,UMS INTEGRATION LTD.,,Singapour,SGX,SGD
SEJ,NOONTALK MEDIA LTD.,,Singapour,SGX,SGD
BN4,KEPPEL CORPORATION LIMITED,,Singapour,SGX,SGD
AP4,RIVERSTONE HOLDINGS LTD.,,Singapour,SGX,SGD
BBW,AZEUS SYSTEMS HOLDINGS LTD.,,Singapour,SGX,SGD
M03,MIYOSHI LTD.,,Singapour,SGX,SGD
AZT,NUTRYFARM INTERNATIONAL LTD.,,Singapour,SGX,SGD
HKB,AMTD IDEA GROUP,,Singapour,SGX,SGD
M01,METRO HOLDINGS LTD.,,Singapour,SGX,SGD
AZR,UNITED FOOD HOLDINGS LTD.,,Singapour,SGX,SGD
LYY,SINOCLOUD GROUP LTD.,,Singapour,SGX,SGD
BAZ,LION ASIAPAC LTD,,Singapour,SGX,SGD
585,ASIAN MICRO HOLDINGS LTD.,,Singapour,SGX,SGD
M14,INNOTEK LTD.,,Singapour,SGX,SGD
5IF,NATURAL COOL HOLDINGS LTD.,,Singapour,SGX,SGD
1D1,UNUSUAL LTD.,,Singapour,SGX,SGD
P36,PAN HONG HOLDINGS GROUP LTD.,,Singapour,SGX,SGD
540,TUNG LOK RESTAURANTS (2000) LTD.,,Singapour,SGX,SGD
HLS,HELENS INTERNATIONAL HOLDINGS LTD.,,Singapour,SGX,SGD
595,GKE CORPORATION LTD.,,Singapour,SGX,SGD
BDX,GSH CORPORATION LTD.,,Singapour,SGX,SGD
NHD,JUBILEE INDUSTRIES HOLDINGS LTD.,,Singapour,SGX,SGD
1L2,HIAP SENG INDUSTRIES LTD.,,Singapour,SGX,SGD
B73,GLOBAL INVESTMENTS LTD.,,Singapour,SGX,SGD
5IC,SING HOLDINGS LIMITED,,Singapour,SGX,SGD
1J7,JAWALA INC.,,Singapour,SGX,SGD
1R6,AVI-TECH HOLDINGS LIMITED,,Singapour,SGX,SGD
53W,ATTIKA GROUP LTD.,,Singapour,SGX,SGD
596,PAVILLON HOLDINGS LTD.,,Singapour,SGX,SGD
5I1,KOP LIMITED,,Singapour,SGX,SGD
594,CAPALLIANZ HOLDINGS LTD.,,Singapour,SGX,SGD
1MZ,NAM CHEONG LIMITED,,Singapour,SGX,SGD
B61,BUKIT SEMBAWANG ESTATES LTD.,,Singapour,SGX,SGD
BEC,BRC ASIA LTD.,,Singapour,SGX,SGD
BLZ,ADVANCED HOLDINGS LTD.,,Singapour,SGX,SGD
XVG,AEDGE GROUP LTD,,Singapour,SGX,SGD
BDU,FEDERAL INTERNATIONAL HOLDINGS BHD,,Singapour,SGX,SGD
541,ABUNDANCE INTERNATIONAL LTD.,,Singapour,SGX,SGD
CTO,HONG LAI HUAT GROUP LTD.,,Singapour,SGX,SGD
5HV,KOH BROTHERS ECO ENGINEERING LIMITED,,Singapour,SGX,SGD
546,MEDTECS INTERNATIONAL CORPORATION LIMITED,,Singapour,SGX,SGD
5AE,POLLUX PROPERTIES LTD.,,Singapour,SGX,SGD
BLU,GRP LTD,,Singapour,SGX,SGD
5AB,TREK 2000 INTERNATIONAL LTD.,,Singapour,SGX,SGD
B58,BANYAN TREE HOLDINGS LTD.,,Singapour,SGX,SGD
544,CSE GLOBAL LTD.,,Singapour,SGX,SGD
543,NOEL GIFTS INTERNATIONAL LTD.,,Singapour,SGX,SGD
