Classification,Country,symbol,name,currency,exchange,mic_code
ETF,Netherlands,VLDP,Vanguard U.S. Treasury 7-10 Year Bond UCITS ETF USD Distributing,EUR,Euronext,XAMS
ETF,Netherlands,VUDY,Vanguard U.S. Treasury 1-3 Year Bond UCITS ETF,EUR,Euronext,XAMS
ETF,Netherlands,EURP,iShares EUR Corporate Bond 1-5yr UCITS ETF EUR (Dist),EUR,Euronext,XAMS
ETF,Netherlands,ERND,iShares USD Ultrashort Bond UCITS ETF,EUR,Euronext,XAMS
ETF,Netherlands,EHEB,iShares € High Yield Corp Bond Enhanced Active UCITS ETF,EUR,Euronext,XAMS
ETF,Netherlands,EH1H,iShares Broad EUR High Yield Corporate Bond UCITS ETF EUR (Dist),USD,Euronext,XAMS
ETF,Netherlands,ECLU,iShares € AAA CLO Active UCITS ETF,EUR,Euronext,XAMS
ETF,Netherlands,FSOV,First Trust Low Duration Global Government Bond UCITS ETF EUR Distributing,EUR,Euronext,XAMS
ETF,Netherlands,ICBD,iShares Broad $ Corp Bond UCITS ETF,USD,Euronext,XAMS
ETF,Netherlands,IB7A,iShares $ Treasury Bond 7-10yr UCITS ETF USD (Acc),USD,Euronext,XAMS
ETF,Netherlands,29IU,iShares II plc – iShares iBonds Dec 2029 Term USD High Yield Corporate UCITS ETF,USD,Euronext,XAMS
ETF,Netherlands,HYLH,iShares Global High Yield Corp Bond UCITS ETF USD (Hedged Acc),USD,Euronext,XAMS
ETF,Netherlands,HYCB,iShares Broad $ High Yield Corp Bond UCITS ETF USD (Acc),USD,Euronext,XAMS
ETF,Netherlands,HIGH,iShares Euro High Yield Corporate Bond UCITS ETF EUR (Acc),EUR,Euronext,XAMS
ETF,Netherlands,CYBU,iShares China CNY Bond UCITS ETF USD Hedged (Dist),USD,Euronext,XAMS
ETF,Netherlands,CYBA,iShares China CNY Bond UCITS ETF USD (Acc),USD,Euronext,XAMS
ETF,Netherlands,CUEB,iShares $ Treasury Bond 3-7yr UCITS ETF,EUR,Euronext,XAMS
ETF,Netherlands,BLTN,iShares Brazil LTN BRL Govt Bond UCITS ETF (DE),USD,Euronext,XAMS
ETF,Netherlands,BLNT,iShares Brazil LTN BRL Government Bond UCITS ETF (DE),EUR,Euronext,XAMS
ETF,Netherlands,BD27,iShares iBonds Dec 2027 Term Corp UCITS ETF USD (Dist),USD,Euronext,XAMS
ETF,Netherlands,AGGD,iShares Global Aggregate Bond ESG SRI UCITS ETF USD Hedged (Acc),USD,Euronext,XAMS
ETF,Netherlands,37ID,iShares iBonds Dec 2037 Term $ Corp UCITS ETF,USD,Euronext,XAMS
ETF,Netherlands,36ID,iShares iBonds Dec 2036 Term $ Corp UCITS ETF,USD,Euronext,XAMS
ETF,Netherlands,35ID,iShares iBonds Dec 2035 Term $ Corp UCITS ETF,USD,Euronext,XAMS
ETF,Netherlands,34ID,iShares iBonds Dec 2034 Term USD Corporate UCITS ETF,USD,Euronext,XAMS
ETF,Netherlands,30ID,iShares iBonds Dec 2030 Term $ Corp UCITS ETF,USD,Euronext,XAMS
ETF,Netherlands,CLUH,iShares € AAA CLO Active UCITS ETF USD Hedged (Acc),USD,Euronext,XAMS
ETF,Netherlands,BTMA,iShares USD Treasury Bond 7-10yr UCITS ETF,EUR,Euronext,XAMS
ETF,Netherlands,CBE7,iShares € Govt Bond 3-7yr UCITS ETF EUR (Acc),EUR,Euronext,XAMS
ETF,Netherlands,ID37,iShares iBonds Dec 2037 Term $ Corp UCITS ETF USD (Acc),USD,Euronext,XAMS
ETF,Netherlands,IDCB,iShares $ Intermediate Credit Bond UCITS ETF (USD) (Acc),USD,Euronext,XAMS
ETF,Netherlands,IU29,iShares iBonds Dec 2029 Term $ High Yield Corp UCITS ETF,USD,Euronext,XAMS
ETF,Netherlands,UIGBH,UTI India Sovereign Bond UCITS ETF Class A USD Accumulating,USD,Euronext,XAMS
ETF,Netherlands,UHEB,iShares $ High Yield Corp Bond Enhanced Active UCITS ETF,USD,Euronext,XAMS
ETF,Netherlands,JGBD,iShares Japan Government Bond UCITS ETF,USD,Euronext,XAMS
ETF,Netherlands,IU28,iShares iBonds Dec 2028 Term $ High Yield Corp UCITS ETF,USD,Euronext,XAMS
ETF,Netherlands,TAT,VanEck iBoxx EUR Sovereign Capped AAA-AA 1-5 UCITS ETF,EUR,Euronext,XAMS
ETF,Netherlands,RCEG,Robeco Climate Euro Government Bond UCITS ETF EUR Acc,EUR,Euronext,XAMS
ETF,Netherlands,SGLH,iShares Global Government Bond UCITS ETF USD Hedged,USD,Euronext,XAMS
ETF,Netherlands,28IU,iShares iBonds Dec 2028 Term US Dollar High Yield Corporate UCITS ETF USD (Dist.),USD,Euronext,XAMS
ETF,Netherlands,IGLE,iShares Global Govt Bond UCITS ETF EUR Hedged (Dist),EUR,Euronext,XAMS
ETF,Netherlands,ISOV,iShares J.P. Morgan USD Emerging Markets Bond UCITS ETF (Dist),USD,Euronext,XAMS
ETF,Netherlands,IGBY,iShares Euro Government Bond 15-30yr UCITS ETF,EUR,Euronext,XAMS
ETF,Netherlands,IFUH,iShares EUR Flexible Income Bond Active UCITS ETF EUR (Dist),USD,Euronext,XAMS
ETF,Netherlands,IE1U,iShares Euro Corporate Bond 1-5y UCITS ETF,USD,Euronext,XAMS
ETF,Netherlands,USEC,iShares $ Corp Bond Enhanced Active UCITS ETF,EUR,Euronext,XAMS
ETF,Netherlands,USEB,iShares USD Corporate Bond UCITS ETF,USD,Euronext,XAMS
ETF,Netherlands,IG33,iShares iBonds Dec 2033 Term EUR Corporate UCITS ETF EUR (Acc),EUR,Euronext,XAMS
ETF,Netherlands,IE1C,iShares Euro Corporate Bond 1-5 Year UCITS ETF,USD,Euronext,XAMS
ETF,Netherlands,US03,iShares $ Treasury Bond 0-3 Month UCITS ETF,USD,Euronext,XAMS
ETF,Netherlands,IFXL,iShares EUR Flexible Income Bond Active UCITS ETF,EUR,Euronext,XAMS
ETF,Netherlands,IS16,iShares GBP Corporate Bond 0-5 Year UCITS ETF,USD,Euronext,XAMS
ETF,Netherlands,IS17,iShares GBP Corp Bond 0-5y UCITS ETF,USD,Euronext,XAMS
ETF,Netherlands,IFRB,iShares France Government Bond UCITS ETF,EUR,Euronext,XAMS
ETF,Ireland,IEMB,iShares J.P. Morgan $ EM Bond UCITS ETF USD,USD,ISE,XDUB
ETF,Ireland,HYLD,iShares Public Limited Company - iShares Global High Yield Corp Bond UCITS ETF,USD,ISE,XDUB
ETF,Ireland,TRS5,SPDR Bloomberg Barclays 3-7 Year U.S. Treasury Bond UCITS ETF,USD,ISE,XDUB
ETF,Ireland,LUTR,SPDR Bloomberg Barclays 10+ Year U.S. Treasury Bond UCITS ETF,USD,ISE,XDUB
ETF,Ireland,EMDD,SPDR Bloomberg Barclays Emerging Markets Local Bond UCITS ETF,USD,ISE,XDUB
ETF,Germany,PCL0,Palmer Square EUR CLO Senior Debt Index UCITS ETF,EUR,XETR,XETR
ETF,Germany,XEC1,Xtrackers II EUR Corporate Bond UCITS ETF 1D,EUR,XETR,XETR
ETF,Germany,EEAK,BNP Paribas Easy JPM Tilted EMU Government Bond IG 0-1Y UCITS ETF,EUR,XETR,XETR
ETF,Germany,EIB3,Invesco Euro Government Bond 1-3 Year UCITS ETF Dist,EUR,XETR,XETR
ETF,Germany,BJLJ,BNP Paribas Easy USD Corporate Bond SRI Fossil Free UCITS ETF Acc,USD,XETR,XETR
ETF,Germany,EGVA,Invesco EUR Government and Related Green Bond Weighted UCITS ETF Acc,EUR,XETR,XETR
ETF,Germany,XE01,Xtrackers II Eurozone Government Bond 0-1 UCITS ETF 1C,EUR,XETR,XETR
ETF,Germany,VAGG,Vanguard USD Emerging Markets Government Bond UCITS ETF USD Accumulating,EUR,XETR,XETR
ETF,Germany,BJLG,BNP Paribas Easy JPM ESG EMU Government Bond IG 1-3Y UCITS ETF,EUR,XETR,XETR
ETF,Germany,EEAJ,BNP Paribas Easy Bloomberg US Treasury 7-10 Year UCITS ETF Acc,USD,XETR,XETR
ETF,Germany,EEAI,BNP Paribas Easy Bloomberg US Treasury 3-7Y UCITS ETF,USD,XETR,XETR
ETF,Germany,OM3F,iShares EUR Corporate Bond ESG SRI UCITS ETF (Dist),EUR,XETR,XETR
ETF,Germany,EDEW,BNP Paribas Bloomberg US Treasury 1-3 Year UCITS ETF,USD,XETR,XETR
ETF,Germany,EDEV,BNP Paribas Easy JPM ESG EMU Government Bond IG 7-10Y UCITS ETF (Acc),EUR,XETR,XETR
ETF,Germany,XM29,Xtrackers Target Maturity Sept 2029 EUR Corporate Bond UCITS ETF 1C,EUR,XETR,XETR
ETF,Germany,D5BG,Xtrackers II EUR Corporate Bond UCITS ETF 1C,EUR,XETR,XETR
ETF,Germany,EDE0,BNP Paribas Easy Global Aggregate Bond SRI Fossil Free UCITS ETF Capitalisation,USD,XETR,XETR
ETF,Germany,EDEI,BNP Paribas Easy Alpha Enhanced USD Corporate Bond UCITS ETF (Acc),EUR,XETR,XETR
ETF,Germany,BCRP,Amundi Core EUR Corporate Bond UCITS ETF Acc,EUR,XETR,XETR
ETF,Germany,EEAC,BNP Paribas Easy EUR Aggregate Bond SRI Fossil Free UCITS ETF Distribution,EUR,XETR,XETR
ETF,Germany,D5BC,Xtrackers II Germany Government Bond 1-3 UCITS ETF 1D,EUR,XETR,XETR
ETF,Germany,BCRB,Amundi Global Corporate Bond Active UCITS ETF Acc,EUR,XETR,XETR
ETF,Germany,EDEZ,BNP Paribas Easy Bloomberg US Treasury UCITS ETF,USD,XETR,XETR
ETF,Germany,QDVL,iShares € Corp Bond 0-3Yr ESG SRI UCITS ETF,EUR,XETR,XETR
ETF,Germany,EMIE,UBS J.P. Morgan USD EM IG Screened Diversified Bond UCITS ETF USD acc,EUR,XETR,XETR
ETF,Germany,RHYE,Robeco Europe Dynamic High Yield UCITS ETF EUR Acc,EUR,XETR,XETR
ETF,Germany,H41T,HSBC Global Funds ICAV - Global ESG Government Bond UCITS ETF,EUR,XETR,XETR
ETF,Germany,JGSV,JPM Global Government Bond Active UCITS ETF SEK Hedged (Acc),SEK,XETR,XETR
ETF,Germany,RCEG,Robeco Climate Euro Government Bond UCITS ETF,EUR,XETR,XETR
ETF,Germany,5UOA,iShares USD Corporate Bond ESG SRI UCITS ETF (Acc),EUR,XETR,XETR
ETF,Germany,VEGF,Vanguard EUR Eurozone Government 1-3 Year Bond UCITS ETF (EUR) Accumulating,EUR,XETR,XETR
ETF,Germany,BS28,Invesco BulletShares 2028 USD Corporate Bond UCITS ETF Dist,EUR,XETR,XETR
ETF,Germany,JGOV,JPMorgan Global Government Bond UCITS ETF,EUR,XETR,XETR
ETF,Germany,7USH,Amundi US Treasury Bond 7-10Y UCITS ETF EUR Hedged Acc,EUR,XETR,XETR
ETF,Germany,UEEG,iShares USD Development Bank Bonds UCITS ETF EUR Hedged (Acc),EUR,XETR,XETR
ETF,Germany,EL4K,Deka iBoxx EUR Liquid Sovereign Diversified 1-3 UCITS ETF,EUR,XETR,XETR
ETF,Germany,T7EU,Invesco US Treasury Bond 3-7 Year UCITS ETF EUR Hedged Dist,EUR,XETR,XETR
ETF,Germany,TAAA,Eldridge AAA CLO UCITS ETF,USD,XETR,XETR
ETF,Germany,JLOC,JPMorgan Emerging Markets Local Bond UCITS ETF,EUR,XETR,XETR
ETF,Germany,EL4P,Deka iBoxx EUR Liquid Sovereign Diversified 1-10 UCITS ETF,EUR,XETR,XETR
ETF,Germany,EL4Q,Deka iBoxx EUR Liquid Sovereign Diversified 10+ UCITS ETF,EUR,XETR,XETR
ETF,Germany,9E0E,Amundi Euro Aggregate Bond ESG UCITS ETF DR - EUR (D),EUR,XETR,XETR
ETF,Germany,A4H8,Amundi EUR Corporate Bond ESG UCITS ETF DR (C),EUR,XETR,XETR
ETF,Germany,I37B,iShares iBonds Dec 2037 Term EUR Corporate UCITS ETF EUR (Dist),EUR,XETR,XETR
ETF,Germany,ASRF,BNP Paribas Easy EUR High Yield SRI Fossil Free UCITS ETF Acc,EUR,XETR,XETR
ETF,Germany,TRXA,Invesco US Treasury Bond 7-10 Year UCITS ETF Acc,EUR,XETR,XETR
ETF,Germany,ASR5,BNP Paribas Easy EUR Corporate Bond SRI PAB 3-5Y UCITS ETF,EUR,XETR,XETR
ETF,Germany,XGBU,Xtrackers USD Corporate Green Bond UCITS ETF 2C Acc USD,EUR,XETR,XETR
ETF,Germany,B29D,iShares iBonds Dec 2029 Term € Corp Crossover UCITS ETF,EUR,XETR,XETR
ETF,Germany,TRDE,Invesco US Treasury Bond 7-10 Year UCITS ETF EUR Hdg Dist,EUR,XETR,XETR
ETF,Germany,ASHT,AXA IM Short Duration Income UCITS ETF USD Acc,EUR,XETR,XETR
ETF,Germany,V3RF,Vanguard ESG EUR Corporate Bond UCITS ETF (EUR) Distributing,EUR,XETR,XETR
ETF,Germany,XEZ5,Xtrackers II Eurozone Government Bond 5-7 ESG Tilted UCITS ETF EUR 1C,EUR,XETR,XETR
ETF,Germany,XEZ3,Xtrackers II Eurozone Government Bond 3-5 ESG Tilted UCITS ETF 1C,EUR,XETR,XETR
ETF,Germany,XEZ1,Xtrackers II Eurozone Government Bond 1-3 ESG Tilted UCITS ETF EUR 1C,EUR,XETR,XETR
ETF,Germany,IBC7,iShares Fallen Angels High Yield Corporate Bond UCITS ETF EUR Hedged (Dist.),EUR,XETR,XETR
ETF,Germany,XGB4,Xtrackers II Global Government Bond UCITS ETF 4D,EUR,XETR,XETR
ETF,Germany,X2AE,Xtrackers II Australia Government Bond UCITS ETF,EUR,XETR,XETR
ETF,Germany,DBXF,Xtrackers Eurozone Government Bond 15-30 UCITS ETF 1C,EUR,XETR,XETR
ETF,Germany,DBXG,Xtrackers Eurozone Government Bond 25+ UCITS ETF 1C,EUR,XETR,XETR
ETF,Germany,IB37,iShares iBonds Dec 2037 Term EUR Corporate UCITS ETF EUR (Acc),EUR,XETR,XETR
ETF,Germany,DRGE,L&G China CNY Bond UCITS ETF,EUR,XETR,XETR
ETF,Germany,JPSY,JPM USD High Yield Bond Active UCITS ETF - SEK Hedged (acc),SEK,XETR,XETR
ETF,Germany,BBEG,JPMorgan BetaBuilders EUR Govt Bond UCITS ETF,EUR,XETR,XETR
ETF,Germany,E15H,Amundi Euro Government Inflation-Linked Bond UCITS ETF Dist,EUR,XETR,XETR
ETF,Germany,MTDD,Amundi Euro Government Bond 7-10Y UCITS ETF Dist,EUR,XETR,XETR
ETF,Germany,DXSU,Xtrackers II USD Emerging Markets Bond UCITS ETF 1C - EUR Hedged,EUR,XETR,XETR
ETF,Germany,CEMH,iShares $ Short Duration High Yield Corporate Bond UCITS ETF,EUR,XETR,XETR
ETF,Germany,LWGB,Amundi Euro Government Bond Low Duration Fund UCITS C,EUR,XETR,XETR
ETF,Germany,LUXX,Lunate Boreas S&P Absolute Luxury UCITS ETF USD (Acc),USD,XETR,XETR
ETF,Germany,MDBE,UBS Sustainable Development Bank Bonds UCITS ETF hEUR dis,EUR,XETR,XETR
ETF,Germany,MDBA,UBS Sustainable Development Bank Bonds UCITS ETF (hedged AUD) Accumulating,EUR,XETR,XETR
ETF,Germany,CHSS,UBS Core Bloomberg US Treasury 10+ UCITS ETF (USD),EUR,XETR,XETR
ETF,Germany,CHSQ,UBS Bloomberg US Treasury 10+ UCITS ETF,EUR,XETR,XETR
ETF,Germany,GB1E,Invesco Global High Yield Corporate Bond ESG Climate Transition UCITS ETF Acc,EUR,XETR,XETR
ETF,Germany,CHSP,UBS J.P. Morgan Global Government ESG Liquid Bond UCITS ETF,EUR,XETR,XETR
ETF,Germany,EUNX,iShares US Aggregate Bond UCITS ETF USD (Dist),EUR,XETR,XETR
ETF,Germany,GAEB,Goldman Sachs Emerging Markets Hard Currency Bond Active UCITS ETF EUR Hedged Acc,EUR,XETR,XETR
ETF,Germany,GAC5,Goldman Sachs Access UK Gilts 1-10 Years UCITS ETF Class GBP (Dist),GBP,XETR,XETR
ETF,Germany,XB35,Xtrackers Target Maturity 2035 EUR Corporate Bond 1D UCITS ETF,EUR,XETR,XETR
ETF,Germany,G0VB,PIMCO Advantage Global Government Bond UCITS ETF,EUR,XETR,XETR
ETF,Germany,XB36,Xtrackers II Target Maturity Sept 2036 EUR Corporate Bond UCITS ETF 1D,EUR,XETR,XETR
ETF,Germany,FYEI,Fidelity EUR High Yield Corporate Bond Research Enhanced PAB UCITS ETF,EUR,XETR,XETR
ETF,Germany,ZPRM,State Street SPDR Bloomberg 1-3 Month T-Bill UCITS ETF MXN Hedged,USD,XETR,XETR
ETF,Germany,EUNH,iShares Core € Govt Bond UCITS ETF,EUR,XETR,XETR
ETF,Germany,SNAV,iShares USD Corporate Bond 0-3yr ESG SRI UCITS ETF USD (Dist),EUR,XETR,XETR
ETF,Germany,SPP7,SPDR Bloomberg 7-10 Year U.S. Treasury Bond UCITS ETF (Dist),EUR,XETR,XETR
ETF,Germany,SPPB,State Street Blackstone Euro AAA CLO USD Hdg UCITS ETF (Acc),USD,XETR,XETR
ETF,Germany,EU03,iShares € Govt Bond 0-3 month UCITS ETF EUR (Dist),EUR,XETR,XETR
ETF,Germany,CBU1,iShares Broad USD High Yield Corp Bond UCITS ETF EUR Hedged,EUR,XETR,XETR
ETF,Germany,GEUR,Goldman Sachs EUR Government Bond Active UCITS ETF,EUR,XETR,XETR
ETF,Germany,EUN5,iShares Core € Corp Bond UCITS ETF EUR (Dist),EUR,XETR,XETR
ETF,Germany,CGB,Xtrackers II Harvest China Government Bond UCITS ETF 1D,EUR,XETR,XETR
ETF,Germany,JCLD,Janus Henderson Tabula EUR AAA CLO UCITS ETF Dist,EUR,XETR,XETR
ETF,Germany,EUGV,PIMCO Advantage Euro Government Bond UCITS ETF EUR (Inc),EUR,XETR,XETR
ETF,Germany,XZWG,Xtrackers ESG Global Government Bond UCITS ETF 1D,EUR,XETR,XETR
ETF,Germany,EYLA,Invesco EUR IG Corporate Bond Yield Plus UCITS ETF Acc,EUR,XETR,XETR
ETF,Germany,VUDE,Vanguard U.S. Treasury 1-3 Year Bond UCITS ETF EUR Hedged Acc,EUR,XETR,XETR
ETF,Germany,VLDP,Vanguard US Treasury 7-10 Year Bond UCITS ETF,EUR,XETR,XETR
ETF,Germany,CEBW,iShares US Mortgage Backed Securities UCITS ETF EUR Hedged (Dist),EUR,XETR,XETR
ETF,Germany,FGZD,UBS BBG Japan Treasury 1-3 UCITS ETF hEUR acc,EUR,XETR,XETR
ETF,Germany,VUDP,Vanguard U.S. Treasury 1-3 Year Bond UCITS ETF EUR Hedged Dist,EUR,XETR,XETR
ETF,Germany,CEMK,iShares Euro Government Bond 0-1yr UCITS ETF,EUR,XETR,XETR
ETF,Germany,CEMC,iShares $ Treasury Bond 10-20 Year UCITS ETF,EUR,XETR,XETR
ETF,Germany,CEMD,iShares Global Corporate Bond UCITS ETF EUR Hedged (Acc),EUR,XETR,XETR
ETF,Germany,CEMF,iShares $ Treasury Bond 7-10yr UCITS ETF,EUR,XETR,XETR
ETF,Germany,VUDY,Vanguard US Treasury 1-3 Year Bond UCITS ETF USD Distributing,EUR,XETR,XETR
ETF,Germany,UQB1,UniActive Q Corporate Bonds Euro Enhanced UCITS ETF EUR Distributing,EUR,XETR,XETR
ETF,Germany,36B1,iShares JP Morgan Advanced $ EM Bond UCITS ETF,EUR,XETR,XETR
ETF,Germany,3DCH,Robeco 3D Global Enhanced Index Credits UCITS ETF USD Acc,EUR,XETR,XETR
ETF,Germany,JGHY,J.P. Morgan Global High Yield Corporate Bond UCITS ETF,EUR,XETR,XETR
ETF,Germany,XYPD,Xtrackers II iBoxx Eurozone Government Bond Yield Plus UCITS ETF 1D,EUR,XETR,XETR
ETF,Germany,XYPL,Xtrackers iBoxx EUR Corporate Bond Yield Plus UCITS ETF 1C,EUR,XETR,XETR
ETF,Germany,36IB,iShares iBonds Dec 2036 Term EUR Corporate UCITS ETF,EUR,XETR,XETR
ETF,Germany,C71P,Global X 1-3 Month T-Bill UCITS ETF USD Accumulating,EUR,XETR,XETR
ETF,Germany,SECA,iShares € Govt Bond Climate UCITS ETF EUR (Acc),EUR,XETR,XETR
ETF,Germany,SECD,iShares € Govt Bond Climate UCITS ETF EUR (Dist),EUR,XETR,XETR
ETF,Germany,SEAB,UBS ETF (LU) J.P. Morgan USD EM Diversified Bond 1-5 UCITS ETF,EUR,XETR,XETR
ETF,Germany,JEST,JPMorgan EUR Ultra-Short Income UCITS ETF - EUR (Acc),EUR,XETR,XETR
ETF,Germany,36BE,iShares Broad $ Corp Bond UCITS ETF USD (Acc),EUR,XETR,XETR
ETF,Germany,31IG,iShares iBonds Dec 2031 Term EUR Corporate UCITS ETF,EUR,XETR,XETR
ETF,Germany,SHYB,Amundi EUR Short Term High Yield Corporate Bond ESG UCITS ETF Dist,EUR,XETR,XETR
ETF,Germany,35AI,iShares iBonds Dec 2035 Term € Corp UCITS ETF (DIST),EUR,XETR,XETR
ETF,Germany,SYBW,SPDR Bloomberg 1-3 Year U.S. Treasury Bond UCITS ETF (Dist),EUR,XETR,XETR
ETF,United Kingdom,IHYA,iShares $ High Yield Corp Bond UCITS ETF USD (Acc),USD,LSE,XLON
ETF,United Kingdom,0E5P,Amundi USD High Yield Corporate Bond ESG UCITS ETF Dist,EUR,LSE,XLON
ETF,United Kingdom,ICLO,Invesco USD AAA CLO UCITS ETF Dist,USD,LSE,XLON
ETF,United Kingdom,IHYU,iShares $ High Yield Corporate Bond UCITS ETF USD (Dist),USD,LSE,XLON
ETF,United Kingdom,ICLU,Invesco USD AAA CLO UCITS ETF Accumulating,USD,LSE,XLON
ETF,United Kingdom,ICOV,iShares Euro Covered Bond UCITS ETF,EUR,LSE,XLON
ETF,United Kingdom,ICLA,Invesco USD AAA CLO UCITS ETF GBP Hedged Accumulation,GBp,LSE,XLON
ETF,United Kingdom,0DZ5,Xtrackers II iBoxx Eurozone Government Bond Yield Plus 1-3 UCITS ETF 1C,EUR,LSE,XLON
ETF,United Kingdom,0E1Q,Xtrackers II Rolling Target Maturity Sept 2027 EUR High Yield UCITS ETF 1D,EUR,LSE,XLON
ETF,United Kingdom,CRPH,iShares Global Corporate Bond EUR Hedged UCITS ETF (Dist),EUR,LSE,XLON
ETF,United Kingdom,CRPA,iShares Global Corp Bond UCITS ETF USD (Acc),USD,LSE,XLON
ETF,United Kingdom,0,Amundi Euro Government Bond 5-7Y UCITS ETF Acc,EUR,LSE,XLON
ETF,United Kingdom,CRHG,iShares Global Corp Bond UCITS ETF GBP Hedged (Dist),GBP,LSE,XLON
ETF,United Kingdom,V3GP,Vanguard ESG Global Corporate Bond UCITS ETF GBP Hedged Distributing,GBP,LSE,XLON
ETF,United Kingdom,0E2D,Amundi Euro High Yield Bond ESG UCITS ETF Dist,EUR,LSE,XLON
ETF,United Kingdom,IGBD,iShares Broad Global Government Bond UCITS ETF,GBP,LSE,XLON
ETF,United Kingdom,XBNG,L&G Core Bond Ex-Bank UCITS ETF,GBp,LSE,XLON
ETF,United Kingdom,CRPU,iShares Global Corp Bond UCITS ETF USD Hedged (Acc),USD,LSE,XLON
ETF,United Kingdom,IBGT,iShares $ Treasury Bond 1-3yr UCITS ETF,GBP,LSE,XLON
ETF,United Kingdom,IGSD,iShares $ Short Duration Corp Bond UCITS ETF USD (Dist),GBP,LSE,XLON
ETF,United Kingdom,ICBU,iShares $ Intermediate Credit Bond UCITS ETF USD (Dist),USD,LSE,XLON
ETF,United Kingdom,IGLH,iShares Global Govt Bond UCITS ETF GBP Hedged (Dist),GBP,LSE,XLON
ETF,United Kingdom,IBTS,iShares USD Treasury Bond 1-3yr UCITS ETF (Dist),GBP,LSE,XLON
ETF,United Kingdom,IBTL,iShares $ Treasury Bond 20+yr UCITS ETF,GBp,LSE,XLON
ETF,United Kingdom,IGL5,iShares UK Gilts 0-5yr UCITS ETF,GBP,LSE,XLON
ETF,United Kingdom,IGIL,iShares Global Inflation Linked Govt Bond UCITS ETF USD (Acc),USD,LSE,XLON
ETF,United Kingdom,IBTG,iShares USD Treasury Bond 1-3yr UCITS ETF GBP Hedged (Dist),GBP,LSE,XLON
ETF,United Kingdom,XBGB,Xtrackers II Germany Government Bond UCITS ETF 2D GBP Hedged,GBP,LSE,XLON
ETF,United Kingdom,XAAA,Fair Oaks AAA CLO Fund UCITS ETF GBP Hedged Acc,GBP,LSE,XLON
ETF,United Kingdom,UYLA,Invesco USD IG Corporate Bond Yield Plus UCITS ETF Acc,USD,LSE,XLON
ETF,United Kingdom,"1,00 XAU",Xtrackers II Australia Government Bond UCITS ETF 1D – GBP Hedged,GBP,LSE,XLON
ETF,United Kingdom,0,Xtrackers II Japan Government Bond UCITS ETF 1C,EUR,LSE,XLON
ETF,United Kingdom,UYLG,Invesco USD IG Corporate Bond Yield Plus UCITS ETF,GBP,LSE,XLON
ETF,United Kingdom,X71U,Xtrackers II Eurozone Government Bond 7-10 UCITS ETF 2C - USD Hedged,USD,LSE,XLON
ETF,United Kingdom,CLOD,Invesco EUR AAA CLO UCITS ETF Dist,GBp,LSE,XLON
ETF,United Kingdom,CLOX,Invesco EUR AAA CLO UCITS ETF GBP Hedged Accumulating,GBP,LSE,XLON
ETF,United Kingdom,0HH0,Amundi Euro Government Bond 10-15Y UCITS ETF Acc,EUR,LSE,XLON
ETF,United Kingdom,XASB,Xtrackers II Salam USD Global Aggregate Sukuk UCITS ETF 1D,USD,LSE,XLON
ETF,United Kingdom,X7GB,Xtrackers II Eurozone Government Bond 7-10 UCITS ETF 1D - GBP Hedged,GBP,LSE,XLON
ETF,United Kingdom,0HGZ,Amundi Euro Government Bond 3-5Y UCITS ETF Acc,EUR,LSE,XLON
ETF,United Kingdom,0DZF,Xtrackers II ESG Global Aggregate Bond UCITS ETF 5C EUR Hedged,EUR,LSE,XLON
ETF,United Kingdom,IDEU,iShares Germany Govt Bond UCITS ETF EUR,EUR,LSE,XLON
ETF,United Kingdom,IITB,iShares Italy Government Bond UCITS ETF,EUR,LSE,XLON
ETF,United Kingdom,0,Amundi Euro Government Bond 7-10Y UCITS ETF Acc,EUR,LSE,XLON
ETF,United Kingdom,IESP,iShares Spain Government Bond UCITS ETF,EUR,LSE,XLON
ETF,United Kingdom,IDTP,iShares USD TIPS UCITS ETF USD (Acc),USD,LSE,XLON
ETF,United Kingdom,IDTG,iShares $ Treasury Bond 20+yr UCITS ETF GBP Hedged (Dist),GBP,LSE,XLON
ETF,United Kingdom,IFGH,iShares € Flexible Income Bond Active UCITS ETF,GBP,LSE,XLON
ETF,United Kingdom,0HGY,Amundi Euro Government Bond 1-3Y UCITS ETF Dist,EUR,LSE,XLON
ETF,United Kingdom,0,Amundi Euro Highest Rated Macro-Weighted Government Bond UCITS ETF Acc,EUR,LSE,XLON
ETF,United Kingdom,V3GS,Vanguard ESG Global Corporate Bond UCITS ETF GBP Hedged Accumulation,GBP,LSE,XLON
ETF,United Kingdom,GLTA,Invesco UK Gilts UCITS ETF Acc,GBp,LSE,XLON
ETF,United Kingdom,GLTL,SPDR Bloomberg 15+ Year Gilt UCITS ETF (Dist),GBP,LSE,XLON
ETF,United Kingdom,GLTS,SPDR Bloomberg 1-5 Year Gilt UCITS ETF (Dist),GBP,LSE,XLON
ETF,United Kingdom,GLTY,SPDR Bloomberg UK Gilt UCITS ETF (Dist),GBP,LSE,XLON
ETF,United Kingdom,GOV1,BNP Paribas Easy JPM ESG EMU Government Bond IG 10Y+ UCITS ETF Dist,EUR,LSE,XLON
ETF,United Kingdom,GOVE,Jupiter Global Government Bond UCITS ETF,USD,LSE,XLON
ETF,United Kingdom,GOVH,Jupiter Global Government Bond Active UCITS ETF,GBp,LSE,XLON
ETF,United Kingdom,GOVP,iShares USD Treasury Bond UCITS ETF GBP Hedged (Dist),GBP,LSE,XLON
ETF,United Kingdom,GGGD,Invesco Global Government Bond UCITS ETF EUR PfHdg Dist,GBp,LSE,XLON
ETF,United Kingdom,GHYG,iShares Global High Yield Corp Bond UCITS ETF,GBP,LSE,XLON
ETF,United Kingdom,EUAG,SPDR Bloomberg Barclays Euro Aggregate Bond UCITS ETF,EUR,LSE,XLON
ETF,United Kingdom,GHYS,iShares Global High Yield Corp Bond GBP Hedged UCITS ETF (Dist),GBP,LSE,XLON
ETF,United Kingdom,EU13,State Street SPDR Bloomberg 1-3 Year Euro Government Bond UCITS ETF (Dist),EUR,LSE,XLON
ETF,United Kingdom,GIGP,Goldman Sachs USD Investment Grade Corporate Bond Active UCITS ETF - USD,GBP,LSE,XLON
ETF,United Kingdom,GIL5,Amundi UK Government Bond 0-5Y UCITS ETF Dist,GBP,LSE,XLON
ETF,United Kingdom,GILS,Amundi Core UK Government Bond UCITS ETF Dist,GBp,LSE,XLON
ETF,United Kingdom,GLAD,SPDR Bloomberg Global Aggregate Bond USD Hedged UCITS ETF,USD,LSE,XLON
ETF,United Kingdom,GOVS,PIMCO Advantage Global Government Bond UCITS ETF GBP Hedged Income,GBP,LSE,XLON
ETF,United Kingdom,GOVZ,PIMCO Advantage Global Government Bond UCITS ETF GBP Hedged (Acc),GBP,LSE,XLON
ETF,United Kingdom,GT15,Invesco UK Gilt 15+ Year UCITS ETF,GBp,LSE,XLON
ETF,United Kingdom,GTBG,Amundi Global Treasury Bond UCITS ETF GBP Hedged Dist,GBP,LSE,XLON
ETF,United Kingdom,ERNA,iShares $ Ultrashort Bond UCITS ETF USD (Acc),USD,LSE,XLON
ETF,United Kingdom,"1,00 ERN",iShares € Ultrashort Bond UCITS ETF,GBP,LSE,XLON
ETF,United Kingdom,ERAN,iShares GBP Ultrashort Bond UCITS ETF,GBP,LSE,XLON
ETF,United Kingdom,GSGI,Goldman Sachs Global Income Bond Active UCITS ETF,GBP,LSE,XLON
ETF,United Kingdom,GSHG,Goldman Sachs USD High Yield Bond Active UCITS ETF,GBP,LSE,XLON
ETF,United Kingdom,FRGP,iShares France Government Bond UCITS ETF GBP Hedged Distributing,GBP,LSE,XLON
ETF,United Kingdom,VUDY,Vanguard U.S. Treasury 1-3 Year Bond UCITS ETF USD Distributing,USD,LSE,XLON
ETF,United Kingdom,FBIU,Fidelity USD Corp Bond Research Enhanced UCITS ETF,USD,LSE,XLON
ETF,United Kingdom,FBIE,Fidelity EUR Corp Bond Research Enhanced UCITS ETF Acc,GBP,LSE,XLON
ETF,United Kingdom,FLRG,Franklin Sustainable Euro Green Bond UCITS ETF,EUR,LSE,XLON
ETF,United Kingdom,FLOS,iShares $ Floating Rate Bond UCITS ETF GBP Hedged (Dist),GBp,LSE,XLON
ETF,United Kingdom,FLOA,iShares $ Floating Rate Bond UCITS ETF USD (Acc),USD,LSE,XLON
ETF,United Kingdom,FLO5,iShares $ Floating Rate Bond UCITS ETF USD Dist,GBp,LSE,XLON
ETF,United Kingdom,VLDP,Vanguard U.S. Treasury 7-10 Year Bond UCITS ETF USD Dist,USD,LSE,XLON
ETF,United Kingdom,FGGG,Fidelity Global Government Bond Climate Aware UCITS ETF,GBP,LSE,XLON
ETF,United Kingdom,0H8Q,Xtrackers II Germany Government Bond UCITS ETF 1D,EUR,LSE,XLON
ETF,United Kingdom,0HBL,Xtrackers II Global Inflation-Linked Bond UCITS ETF 1D – EUR Hedged,EUR,LSE,XLON
ETF,United Kingdom,0GGH,iShares Core Global Aggregate Bond UCITS ETF EUR Hedged (Acc),EUR,LSE,XLON
ETF,United Kingdom,GBBD,Amundi Core GBP Corporate Bond UCITS ETF,GBP,LSE,XLON
ETF,United Kingdom,GCBE,Goldman Sachs Global ESG Corporate Bond UCITS ETF,USD,LSE,XLON
ETF,United Kingdom,GCVU,State Street SPDR FTSE Global Convertible Bond USD Hedged UCITS ETF (Acc),USD,LSE,XLON
ETF,United Kingdom,VITD,Vanguard U.S. Treasury 3-7 Year Bond UCITS ETF,USD,LSE,XLON
ETF,United Kingdom,VGOV,Vanguard U.K. Gilt UCITS ETF (GBP) Distributing,GBP,LSE,XLON
ETF,United Kingdom,VGGS,Vanguard Global Government Bond UCITS ETF GBP Hedged Accumulating,GBP,LSE,XLON
ETF,United Kingdom,0H9U,Xtrackers II Global Government Bond UCITS ETF 4C CHF Hedged,CHF,LSE,XLON
ETF,United Kingdom,VGGP,Vanguard Global Government Bond UCITS ETF USD Hedged Accumulating,GBP,LSE,XLON
ETF,United Kingdom,FYUP,Fidelity USD High Yield Corporate Bond Research Enhanced PAB UCITS ETF,GBP,LSE,XLON
ETF,United Kingdom,G10G,BNP Paribas Easy JPM ESG EMU Government Bond IG 1-3Y UCITS ETF Acc,GBP,LSE,XLON
ETF,United Kingdom,0HB9,Xtrackers II ESG Global Aggregate Bond UCITS ETF 4C - CHF Hedged,CHF,LSE,XLON
ETF,United Kingdom,GXUS,Amundi Global ex-US Government Bond UCITS ETF Acc,USD,LSE,XLON
ETF,United Kingdom,HUST,HSBC Global Funds ICAV US Treasury Bond UCITS ETF,GBP,LSE,XLON
ETF,United Kingdom,DTLE,iShares USD Treasury Bond 20+yr UCITS ETF EUR Hedged (Dist),EUR,LSE,XLON
ETF,United Kingdom,DTLA,iShares USD Treasury Bond 20+yr UCITS ETF USD (Acc),USD,LSE,XLON
ETF,United Kingdom,DRGG,L&G China CNY Bond UCITS ETF USD Dist,GBp,LSE,XLON
ETF,United Kingdom,EBGD,Eurizon SLJ Emerging Markets Bond Strategic Income UCITS ETF,GBP,LSE,XLON
ETF,United Kingdom,EBGA,CO Eurizon SLJ EM Bond Strategic Income UCITS ETF A1 GBP Hedged Accumulating,GBP,LSE,XLON
ETF,United Kingdom,0HEQ,UBS BBG USD EM Sovereign UCITS ETF hEUR acc,EUR,LSE,XLON
ETF,United Kingdom,HSKD,HSBC Global Funds ICAV - Global Sukuk UCITS ETF,USD,LSE,XLON
ETF,United Kingdom,EBXU,Invesco Euro Government Bond 7-10 Year UCITS ETF EUR Hedged Acc,USD,LSE,XLON
ETF,United Kingdom,0,UBS Core BBG TIPS 1-10 UCITS ETF hEUR acc,EUR,LSE,XLON
ETF,United Kingdom,DHYA,iShares $ High Yield Corp Bond ESG SRI UCITS ETF USD (Acc),USD,LSE,XLON
ETF,United Kingdom,0E5Z,UBS Core BBG TIPS 1-10 UCITS ETF USD acc,USD,LSE,XLON
ETF,United Kingdom,V3GU,Vanguard ESG Global Corporate Bond UCITS ETF USD Hedged Accumulating,USD,LSE,XLON
ETF,United Kingdom,V3RP,VANGUARD ESG EUR CORPORATE BOND UCITS ETF EUR HEDGED ACCUMULATING,GBP,LSE,XLON
ETF,United Kingdom,HYFC,Invesco US High Yield Fallen Angels UCITS ETF Acc,USD,LSE,XLON
ETF,United Kingdom,0E7Q,UBS (Lux) Fund Solutions – Bloomberg Euro Inflation Linked 10+ UCITS ETF,EUR,LSE,XLON
ETF,United Kingdom,0E7A,Amundi Italy BTP Government Bond 10Y UCITS ETF Acc,EUR,LSE,XLON
ETF,United Kingdom,HYUS,iShares Broad USD High Yield Corporate Bond UCITS ETF USD (Dist),USD,LSE,XLON
ETF,United Kingdom,0,Amundi Italy BTP Government Bond 1-3Y UCITS ETF Dist,EUR,LSE,XLON
ETF,United Kingdom,IAAA,iShares Global AAA-AA Govt Bond UCITS ETF,USD,LSE,XLON
ETF,United Kingdom,ECLO,State Street Blackstone Euro AAA CLO UCITS ETF,GBP,LSE,XLON
ETF,United Kingdom,VAGP,Vanguard Global Aggregate Bond UCITS ETF GBP Hedged Distributing,GBP,LSE,XLON
ETF,United Kingdom,HAGE,HSBC Global Funds ICAV – Global Aggregate Bond ESG UCITS ETF,USD,LSE,XLON
ETF,United Kingdom,HAGG,HSBC Bloomberg Global ESG Aggregate 1-3 Year Bond UCITS ETF USD,USD,LSE,XLON
ETF,United Kingdom,HDBA,HSBC ICAV Sustainable Development Bank Bonds UCITS ETF,USD,LSE,XLON
ETF,United Kingdom,EHYG,iShares € High Yield Corp Bond UCITS ETF,GBP,LSE,XLON
ETF,United Kingdom,EMCA,iShares J.P. Morgan $ EM Corp Bond UCITS ETF USD (Acc),USD,LSE,XLON
ETF,United Kingdom,VDCP,Vanguard USD Corporate Bond UCITS ETF Distributing,USD,LSE,XLON
ETF,United Kingdom,VECU,Vanguard EUR Corporate Bond UCITS ETF USD Hedged Accumulating,USD,LSE,XLON
ETF,United Kingdom,VECP,Vanguard EUR Corporate Bond UCITS ETF (EUR) Distributing,GBP,LSE,XLON
ETF,United Kingdom,VDUC,Vanguard USD Corporate 1-3 Year Bond UCITS ETF Distributing,USD,LSE,XLON
ETF,United Kingdom,EMLO,UBS J.P. Morgan EM Multi-Factor Enhanced Local Currency Bond UCITS ETF USD acc,GBp,LSE,XLON
ETF,United Kingdom,VDTY,Vanguard USD Treasury Bond UCITS ETF (USD) Distributing,USD,LSE,XLON
ETF,United Kingdom,EMHG,iShares J.P. Morgan $ EM Bond UCITS ETF GBP Hedged (Distributing),GBP,LSE,XLON
ETF,United Kingdom,EMGA,iShares J.P. Morgan EM Local Govt Bond UCITS ETF USD (Dist),USD,LSE,XLON
ETF,United Kingdom,0HE5,Amundi Euro Government Bond 15+Y UCITS ETF Acc,EUR,LSE,XLON
ETF,United Kingdom,EFRN,iShares € Floating Rate Bond Advanced UCITS ETF,EUR,LSE,XLON
ETF,United Kingdom,HEGB,HSBC Global Funds ICAV - Euro Government Bond UCITS ETF,GBP,LSE,XLON
ETF,United Kingdom,CBE3,iShares € Govt Bond 1-3yr UCITS ETF EUR (Acc),EUR,LSE,XLON
ETF,United Kingdom,RNTA,Amerant Latin American Debt UCITS ETF,USD,LSE,XLON
ETF,United Kingdom,XTIP,Xtrackers II TIPS US Inflation-Linked Bond UCITS ETF 1C,USD,LSE,XLON
ETF,United Kingdom,T10G,UBS BBG TIPS 10+ UCITS ETF hGBP dis,GBp,LSE,XLON
ETF,United Kingdom,T1AP,Invesco US Treasury Bond 0-1 Year UCITS ETF Acc,GBp,LSE,XLON
ETF,United Kingdom,XUHG,Xtrackers USD High Yield Corporate Bond 1-3 Swap UCITS ETF 1D,GBP,LSE,XLON
ETF,United Kingdom,SDBU,UBS Sustainable Development Bank Bonds 1-5 UCITS ETF USD,USD,LSE,XLON
ETF,United Kingdom,SDGH,iShares USD Short Duration Corporate Bond UCITS ETF GBP-Hedged Dist,GBP,LSE,XLON
ETF,United Kingdom,SDBH,UBS Sustainable Development Bank Bonds 1-5 UCITS ETF hEUR dis,GBp,LSE,XLON
ETF,United Kingdom,SEEG,State Street SPDR Bloomberg 0-3 Year Euro Corporate Bond GBP Hedged UCITS ETF,GBP,LSE,XLON
ETF,United Kingdom,0A24,iShares $ Treasury Bond 0-1yr UCITS ETF MXN Hedged (Acc),MXN,LSE,XLON
ETF,United Kingdom,XZHS,Xtrackers USD High Yield Corporate Bond Screened UCITS ETF 1C,GBP,LSE,XLON
ETF,United Kingdom,SGIB,Schroder Global Investment Grade Corporate Bond Active UCITS ETF,GBP,LSE,XLON
ETF,United Kingdom,SEGP,iShares EUR Government Bond Climate UCITS ETF EUR (Acc),GBP,LSE,XLON
ETF,United Kingdom,SDBG,UBS Sustainable Development Bank Bonds 1-5 UCITS ETF hGBP acc,GBp,LSE,XLON
ETF,United Kingdom,30GB,iShares iBonds Dec 2030 Term $ Corp UCITS ETF GBP Hedged (Dist),GBP,LSE,XLON
ETF,United Kingdom,T10A,UBS BBG TIPS 10+ UCITS ETF hGBP acc,GBp,LSE,XLON
ETF,United Kingdom,32GH,iShares iBonds Dec 2032 Term USD Corporate UCITS ETF GBP Hedged,GBP,LSE,XLON
ETF,United Kingdom,T3GB,Invesco US Treasury Bond 1-3 Year UCITS ETF GBP Hedged Dist,GBp,LSE,XLON
ETF,United Kingdom,0ACO,iShares USD TIPS 0-5 UCITS ETF EUR Hedged (Dist),EUR,LSE,XLON
ETF,United Kingdom,0ACM,iShares $ Treasury Bond 7-10yr UCITS ETF EUR Hedged (Dist),EUR,LSE,XLON
ETF,United Kingdom,AGGU,iShares Core Global Aggregate Bond UCITS ETF USD Hedged (Acc),USD,LSE,XLON
ETF,United Kingdom,AGGG,iShares Core Global Aggregate Bond UCITS ETF USD (Dist),USD,LSE,XLON
ETF,United Kingdom,TIGB,Invesco US Treasury Bond 0-1 Year UCITS ETF GBP Hedged Dist,GBp,LSE,XLON
ETF,United Kingdom,AGBP,iShares Core Global Aggregate Bond UCITS ETF GBP Hedged (Dist),GBP,LSE,XLON
ETF,United Kingdom,MUSP,M&G US Treasury Bond Active UCITS ETF,GBP,LSE,XLON
ETF,United Kingdom,MUSS,M&G US Treasury Bond Active UCITS ETF GBP Hedged,GBP,LSE,XLON
ETF,United Kingdom,0ACV,Amundi US Treasury Bond 7-10Y UCITS ETF Dist,USD,LSE,XLON
ETF,United Kingdom,TIPH,Amundi US TIPS Government Inflation-Linked Bond UCITS ETF GBP Hedged Dist,GBP,LSE,XLON
ETF,United Kingdom,TIPG,Amundi US TIPS Government Inflation-Linked Bond UCITS ETF Acc,GBp,LSE,XLON
ETF,United Kingdom,0ACD,Vanguard Global Aggregate Bond UCITS ETF EUR Hedged Accumulating,EUR,LSE,XLON
ETF,United Kingdom,ACED,BNP Paribas Easy Sustainable EUR Corporate Bond UCITS ETF,EUR,LSE,XLON
ETF,United Kingdom,ACE2,BNP Paribas Easy Sustainable EUR Corporate Bond December 2032 UCITS ETF Acc,EUR,LSE,XLON
ETF,United Kingdom,QGHY,BNP Paribas Easy Alpha Enhanced Global High Yield UCITS ETF,USD,LSE,XLON
ETF,United Kingdom,TAGT,Tabula Haitong Asia ex-Japan High Yield Corporate USD Bond ESG UCITS ETF (USD) Acc,GBP,LSE,XLON
ETF,United Kingdom,AAAG,Alpha UCITS SICAV - Fair Oaks AAA CLO Fund UCITS ETF EUR Dist,GBP,LSE,XLON
ETF,United Kingdom,TGCC,Tabula GCC Sovereign USD Bonds UCITS ETF (USD) Accumulating,USD,LSE,XLON
ETF,United Kingdom,TFRN,WisdomTree USD Floating Rate Treasury Bond UCITS ETF USD Acc,USD,LSE,XLON
ETF,United Kingdom,AEMH,Vanguard USD Emerging Markets Government Bond UCITS ETF Distributing,GBP,LSE,XLON
ETF,United Kingdom,TFGD,Tabula Global High Yield Fallen Angels Paris-aligned Climate UCITS ETF GBP Hedged Dist,GBP,LSE,XLON
ETF,United Kingdom,PTAD,Performance Trust Total Return Bond UCITS ETF,USD,LSE,XLON
ETF,United Kingdom,0MM9,iShares eb.rexx Government Germany 10.5+yr UCITS ETF (DE),EUR,LSE,XLON
ETF,United Kingdom,PTAM,Performance Trust Total Return Bond UCITS ETF Accumulating,GBp,LSE,XLON
ETF,United Kingdom,"0,00 MVR",Xtrackers II iBoxx Eurozone Government Bond Yield Plus UCITS ETF 1C,EUR,LSE,XLON
ETF,United Kingdom,0MV9,Xtrackers II Global Government Bond UCITS ETF 1C EUR Hedged,EUR,LSE,XLON
ETF,United Kingdom,0MUJ,Xtrackers II Eurozone Government Bond 7-10 UCITS ETF 1C,EUR,LSE,XLON
ETF,United Kingdom,0MUE,Xtrackers II Eurozone Government Bond 3-5 UCITS ETF 1C,EUR,LSE,XLON
ETF,United Kingdom,0MTR,PIMCO Euro Short Maturity UCITS ETF Dist,EUR,LSE,XLON
ETF,United Kingdom,SUEC,SPDR Bloomberg 0-3 Year Euro Corporate Bond UCITS ETF (Dist) (USD Hedged),USD,LSE,XLON
ETF,United Kingdom,0UCF,iShares Euro Corporate Bond Financials UCITS ETF,EUR,LSE,XLON
ETF,United Kingdom,"0,00 TPE",iShares USD TIPS UCITS ETF EUR Hedged (Acc),EUR,LSE,XLON
ETF,United Kingdom,0MP3,iShares eb.rexx® Government Germany 0-1yr UCITS ETF (DE),EUR,LSE,XLON
ETF,United Kingdom,0MPW,Deka Deutsche Börse EUROGOV Germany Money Market UCITS ETF,EUR,LSE,XLON
ETF,United Kingdom,0MNW,iShares Euro Government Bond 1-5.5yr UCITS ETF (DE),EUR,LSE,XLON
ETF,United Kingdom,0Y9D,Xtrackers USD Corporate Bond UCITS ETF 2D EUR hedged,EUR,LSE,XLON
ETF,United Kingdom,0Y81,Xtrackers iBoxx EUR Corporate Bond Yield Plus UCITS ETF 1D,EUR,LSE,XLON
ETF,United Kingdom,0Y73,PIMCO Euro Short Maturity UCITS ETF Acc,EUR,LSE,XLON
ETF,United Kingdom,0A0B,iShares USD Treasury Bond 1-3yr UCITS ETF (Dist) MXNHA,MXN,LSE,XLON
ETF,United Kingdom,0A0A,iShares $ Floating Rate Bond UCITS ETF MXN Hedged (Acc),MXN,LSE,XLON
ETF,United Kingdom,0A09,iShares Core Global Aggregate Bond UCITS ETF NZD Hedged (Acc),NZD,LSE,XLON
ETF,United Kingdom,0A08,iShares J.P. Morgan $ EM Bond UCITS ETF Hedged Peso Mexicano (Accumulating),MXN,LSE,XLON
ETF,United Kingdom,0A07,iShares $ High Yield Corp Bond UCITS ETF MXN Hedged (Acc),MXN,LSE,XLON
ETF,United Kingdom,SPPB,iShares Spain Government Bond UCITS ETF GBP Hedged (Dist),GBP,LSE,XLON
ETF,United Kingdom,020Y,iShares EUR Government Bond 20yr Target Duration UCITS ETF,EUR,LSE,XLON
ETF,United Kingdom,SUUC,SPDR Bloomberg 0-3 Year Euro Corporate Bond UCITS ETF USD Hedged (Acc),USD,LSE,XLON
ETF,United Kingdom,SUSC,State Street SPDR Bloomberg 0-3 Year U.S. Corporate Bond UCITS ETF USD,USD,LSE,XLON
ETF,United Kingdom,SUOG,iShares € Corp Bond ESG SRI UCITS ETF GBP Hedged Dist,GBP,LSE,XLON
ETF,United Kingdom,0A06,iShares $ Short Duration High Yield Corp Bond UCITS ETF,MXN,LSE,XLON
ETF,United Kingdom,0Y6F,PIMCO Advantage Euro Low Duration Corporate Bond UCITS ETF Dist,EUR,LSE,XLON
ETF,United Kingdom,0WAW,Amundi Euro Government Bond 0-6 M UCITS ETF Acc,EUR,LSE,XLON
ETF,United Kingdom,0Y5B,PIMCO Covered Bond UCITS ETF,EUR,LSE,XLON
ETF,United Kingdom,0Y3P,iShares J.P. Morgan $ EM Bond CHF Hedged UCITS ETF (Dist),CHF,LSE,XLON
ETF,United Kingdom,0Y3O,iShares Global High Yield Corp Bond CHF Hedged UCITS ETF (Dist),CHF,LSE,XLON
ETF,United Kingdom,MUSA,M&G US Treasury Bond Active UCITS ETF USD Accumulation,GBP,LSE,XLON
ETF,United Kingdom,JEEY,JPMorgan EUR High Yield Bond UCITS ETF,GBP,LSE,XLON
ETF,United Kingdom,BB3M,JPMorgan BetaBuilders US Treasury Bond 0-3 Months UCITS ETF USD (Acc),USD,LSE,XLON
ETF,United Kingdom,CBU0,iShares USD Treasury Bond 7-10yr UCITS ETF (Acc),USD,LSE,XLON
ETF,United Kingdom,JPYP,J.P. Morgan USD High Yield Bond UCITS ETF,GBP,LSE,XLON
ETF,United Kingdom,CBU3,iShares $ Treasury Bond 1-3yr UCITS ETF USD (Acc),USD,LSE,XLON
ETF,United Kingdom,BBIL,JPM BetaBuilders US Treasury Bond 0-1 yr UCITS ETF - USD (acc),USD,LSE,XLON
ETF,United Kingdom,BBRT,JPMorgan BetaBuilders US Treasury Bond UCITS ETF USD (Acc),GBP,LSE,XLON
ETF,United Kingdom,JPHY,JPMorgan USD High Yield Bond Active UCITS ETF,USD,LSE,XLON
ETF,United Kingdom,CBGA,iShares USD Treasury Bond 3-7yr UCITS ETF,GBP,LSE,XLON
ETF,United Kingdom,JEGG,JPMorgan EUR Aggregate Bond Active UCITS ETF - EUR (dist),EUR,LSE,XLON
ETF,United Kingdom,MUKL,M&G UK Index-Linked Gilts Active UCITS ETF,GBP,LSE,XLON
ETF,United Kingdom,BBTP,JPMorgan BetaBuilders U.S. Treasury Bond UCITS ETF,GBP,LSE,XLON
ETF,United Kingdom,B29X,Invesco BulletShares 2029 USD Corporate Bond UCITS ETF GBP Hedged,GBp,LSE,XLON
ETF,United Kingdom,JSHY,Janus Henderson US Short Duration High Yield Active Core UCITS ETF,USD,LSE,XLON
ETF,United Kingdom,UBTA,UBS (Lux) Fund Solutions – Bloomberg TIPS 10+ UCITS ETF,GBp,LSE,XLON
ETF,United Kingdom,UBTP,UBS Core BBG TIPS 1-10 UCITS ETF hGBP acc,GBp,LSE,XLON
ETF,United Kingdom,JEBU,JPMorgan EUR Corporate Bond Research Enhanced Index (ESG) UCITS ETF,USD,LSE,XLON
ETF,United Kingdom,B28X,Invesco US Treasury Bond 2028 UCITS ETF GBP Hedged Accumulating,GBp,LSE,XLON
ETF,United Kingdom,CBU7,iShares USD Treasury Bond 3-7yr UCITS ETF USD (Acc),USD,LSE,XLON
ETF,United Kingdom,B27X,Invesco Markets II PLC BulletShares 2027 USD Corporate Bond UCITS ETF GBP Hedged Accumulating,GBp,LSE,XLON
ETF,United Kingdom,B26X,Invesco BulletShares 2026 USD Corporate Bond UCITS ETF GBP Hedged,GBp,LSE,XLON
ETF,United Kingdom,JRPU,JPMorgan USD Investment Grade Corporate Bond Active UCITS ETF,GBP,LSE,XLON
ETF,United Kingdom,UCLO,Invesco EUR AAA CLO UCITS ETF USD Hedged Accumulating,USD,LSE,XLON
ETF,United Kingdom,0DUX,Xtrackers II Target Maturity Sept 2029 Italy and Spain Government Bond UCITS ETF 1C,EUR,LSE,XLON
ETF,United Kingdom,JGOV,JPMorgan Global Government Bond Active UCITS ETF,USD,LSE,XLON
ETF,United Kingdom,JGSA,JPMorgan GBP Ultra-Short Income UCITS ETF Acc,GBP,LSE,XLON
ETF,United Kingdom,JIDG,JPMorgan Global IG Corporate Bond Active UCITS ETF USD (dist),GBP,LSE,XLON
ETF,United Kingdom,JGIG,JPMorgan Global Investment Grade Corporate Bond Active UCITS ETF,GBP,LSE,XLON
ETF,United Kingdom,JGAV,J.P. Morgan Global Government Bond Active UCITS ETF USD (acc),USD,LSE,XLON
ETF,United Kingdom,JGBH,iShares Japan Government Bond UCITS ETF GBP Hedged,GBP,LSE,XLON
ETF,United Kingdom,UH10,Amundi US Treasury Bond Long Dated UCITS ETF GBP Hedged Dist,GBP,LSE,XLON
ETF,United Kingdom,JGGG,JPM Global IG Corporate Bond Active UCITS ETF - GBP Hedged (Dist),GBP,LSE,XLON
ETF,United Kingdom,JGGV,JPMorgan Global Government Bond Active UCITS ETF GBP Hedged (dist),GBP,LSE,XLON
ETF,United Kingdom,JGHD,JPMorgan Global High Yield Corporate Bond UCITS ETF,USD,LSE,XLON
ETF,United Kingdom,JG15,JPMorgan BetaBuilders UK Gilt 15 Year UCITS ETF,GBP,LSE,XLON
ETF,United Kingdom,JIGG,JPMorgan Global IG Corporate Bond Active UCITS ETF USD (acc),USD,LSE,XLON
ETF,United Kingdom,JLDO,JPMorgan Emerging Markets Local Currency Bond Active UCITS ETF,GBP,LSE,XLON
ETF,United Kingdom,JNKS,SPDR Bloomberg U.S. High Yield Corporate Scored UCITS ETF,GBP,LSE,XLON
ETF,United Kingdom,XE5G,Xtrackers II Eurozone Government Bond 5-7 UCITS ETF,GBP,LSE,XLON
ETF,United Kingdom,0MLX,iShares eb.rexx Government Germany UCITS ETF (DE),EUR,LSE,XLON
ETF,United Kingdom,JPBM,JPMorgan USD Emerging Markets Sovereign Bond UCITS ETF - USD (Dist),GBP,LSE,XLON
ETF,United Kingdom,0MLY,iShares eb.rexx Government Germany 1.5-2.5yr UCITS ETF (DE),EUR,LSE,XLON
ETF,United Kingdom,0MIZ,Invesco US High Yield Fallen Angels UCITS ETF CHF Hdg Acc,CHF,LSE,XLON
ETF,United Kingdom,XE2D,Xtrackers II Eurozone Government Bond 1-3 UCITS ETF 2D,GBP,LSE,XLON
ETF,United Kingdom,JMBD,Tabula JHT MBS UCITS ETF USD Distributing,USD,LSE,XLON
ETF,United Kingdom,JESD,JPMorgan EUR Ultra-Short Income UCITS ETF – EUR (Acc),EUR,LSE,XLON
ETF,United Kingdom,JMAB,JPMorgan USD Emerging Markets Sovereign Bond UCITS ETF USD (Acc),GBP,LSE,XLON
ETF,United Kingdom,0DML,Xtrackers II Eurozone Government Bond 1-3 UCITS ETF 1C,EUR,LSE,XLON
ETF,United Kingdom,CE01,iShares € Govt Bond 7-10yr UCITS ETF EUR (Acc),GBp,LSE,XLON
ETF,United Kingdom,0DX8,Xtrackers II Italy Government Bond 0-1 Swap UCITS ETF 1C,EUR,LSE,XLON
ETF,United Kingdom,XGSI,Xtrackers II Global Government Bond UCITS ETF 3C USD Hedged,USD,LSE,XLON
ETF,United Kingdom,IUCB,SPDR Bloomberg 1-10 Year U.S. Corporate Bond UCITS ETF (Dist),USD,LSE,XLON
ETF,United Kingdom,TR3G,Invesco US Treasury Bond 1-3 Year UCITS ETF Dist,GBp,LSE,XLON
ETF,United Kingdom,0DMM,Xtrackers II Eurozone Government Bond 5-7 UCITS ETF 1C,EUR,LSE,XLON
ETF,United Kingdom,0DMS,Xtrackers II Eurozone Inflation-Linked Bond UCITS ETF 1C,EUR,LSE,XLON
ETF,United Kingdom,TRAG,Invesco US Treasury Bond UCITS ETF Acc,GBp,LSE,XLON
ETF,United Kingdom,TRA3,State Street SPDR Bloomberg 1-3 Year U.S. Treasury Bond UCITS ETF Accumulation,USD,LSE,XLON
ETF,United Kingdom,0DMR,Xtrackers II Global Inflation-Linked Bond UCITS ETF 1C - EUR Hedged,EUR,LSE,XLON
ETF,United Kingdom,TR7A,Invesco US Treasury Bond 3-7 Year UCITS ETF Acc,USD,LSE,XLON
ETF,United Kingdom,MAGG,iShares Global Aggregate Bond UCITS ETF,GBP,LSE,XLON
ETF,United Kingdom,TR7G,Invesco US Treasury Bond 3-7 Year UCITS ETF Dist,GBp,LSE,XLON
ETF,United Kingdom,J13E,JPMorgan BetaBuilders EUR Government Bond 1-3 UCITS ETF EUR (Acc),GBP,LSE,XLON
ETF,United Kingdom,MDB1,UBS Sustainable Development Bank Bonds 1-5 UCITS ETF USD acc,USD,LSE,XLON
ETF,United Kingdom,ITEB,iShares Italy Government Bond UCITS ETF GBP Hedged (Dist),GBP,LSE,XLON
ETF,United Kingdom,IT27,iShares iBonds Dec 2027 Term U.S. Treasury UCITS ETF - Accumulating,USD,LSE,XLON
ETF,United Kingdom,MTHG,Amundi Euro Government Bond 25+Y UCITS ETF GBP Hedged Distributing,GBP,LSE,XLON
ETF,United Kingdom,MGIL,M&G UK Gilts Active UCITS ETF GBP Acc,GBP,LSE,XLON
ETF,United Kingdom,0DXY,Xtrackers Global Government Bond UCITS ETF 1D EUR Hedged,EUR,LSE,XLON
ETF,United Kingdom,TR3A,Invesco US Treasury Bond 1-3 Year UCITS ETF Acc,USD,LSE,XLON
ETF,United Kingdom,ITPG,iShares USD TIPS UCITS ETF GBP Hedged (Dist),GBP,LSE,XLON
ETF,United Kingdom,MEXP,Finamex Mexico S&P/BMV International UMS Sovereign Bond 5-10yr UCITS ETF Acc,GBp,LSE,XLON
ETF,United Kingdom,ITPA,iShares USD Tips UCITS ETF,GBP,LSE,XLON
ETF,United Kingdom,J13U,JPMorgan BetaBuilders US Treasury Bond 1-3 yr UCITS ETF - USD (acc),GBP,LSE,XLON
ETF,United Kingdom,TRGB,Invesco US Treasury Bond UCITS ETF GBP Hedged Dist,GBp,LSE,XLON
ETF,United Kingdom,0DO0,Xtrackers II J.P. Morgan USD Emerging Markets Bond UCITS ETF 1C EUR Hedged,EUR,LSE,XLON
ETF,United Kingdom,JAAS,Janus Henderson Tabula Fund JHT EUR AAA CLO UCITS ETF GBPH Dist,GBP,LSE,XLON
ETF,United Kingdom,XGED,Xtrackers II Eurozone Government Bond 3-5 UCITS ETF 2C - USD Hedged,USD,LSE,XLON
ETF,United Kingdom,AT1,Invesco AT1 Capital Bond UCITS ETF Acc,USD,LSE,XLON
ETF,United Kingdom,LCRP,SPDR Bloomberg 10+ Year U.S. Corporate Bond UCITS ETF (Dist),GBP,LSE,XLON
ETF,United Kingdom,J15R,JPMorgan EUR Corporate Bond 1-5 yr Research Enhanced Index (ESG) UCITS ETF,GBP,LSE,XLON
ETF,United Kingdom,U03A,iShares $ Treasury Bond 0-3 Month UCITS ETF USD (Acc),USD,LSE,XLON
ETF,United Kingdom,0DO1,Xtrackers II Eurozone Government Bond Short Daily Swap UCITS ETF 1C,EUR,LSE,XLON
ETF,United Kingdom,JAGD,JPM Global Aggregate Bond Active UCITS ETF USD (dist),GBP,LSE,XLON
ETF,United Kingdom,JAEP,JPMorgan EUR Aggregate Bond Active UCITS ETF,GBP,LSE,XLON
ETF,United Kingdom,XGEP,Xtrackers II Eurozone Government Bond 3-5 UCITS ETF 2D GBP Hedged,GBP,LSE,XLON
ETF,United Kingdom,CCBO,WisdomTree AT1 CoCo Bond UCITS ETF - USD,USD,LSE,XLON
ETF,United Kingdom,TRAX,State Street SPDR Bloomberg 7-10 Year U.S. Treasury Bond UCITS ETF (Acc),USD,LSE,XLON
ETF,United Kingdom,XGLB,Xtrackers II Eurozone Government Bond UCITS ETF 2D - GBP Hedged,GBP,LSE,XLON
ETF,United Kingdom,JAAG,JPMorgan Global Aggregate Bond A UCITS ETF,GBP,LSE,XLON
ETF,United Kingdom,JAAA,Janus Henderson USD AAA CLO Active Core UCITS ETF,USD,LSE,XLON
ETF,United Kingdom,TRAY,State Street SPDR Bloomberg U.S. Treasury Bond UCITS ETF (Acc),USD,LSE,XLON
ETF,United Kingdom,JAGU,JPMorgan Global Aggregate Bond Active UCITS ETF USD Hedged (acc),USD,LSE,XLON
ETF,United Kingdom,LQGH,iShares $ Corp Bond UCITS ETF GBP Hedged (Dist),GBP,LSE,XLON
ETF,United Kingdom,0MLZ,iShares eb.rexx Government Germany 2.5-5.5yr UCITS ETF (DE),EUR,LSE,XLON
ETF,United Kingdom,JAAD,Janus Henderson Tabula USD AAA CLO UCITS ETF USD Distributing,USD,LSE,XLON
ETF,United Kingdom,U71H,Amundi US Treasury Bond 7-10Y UCITS ETF GBP Hedged Dist,GBP,LSE,XLON
ETF,Italy,JEAA,JPMorgan EUR Aggregate Bond UCITS ETF,EUR,MTA,XMIL
ETF,Italy,IPAB,iShares EUR Corporate Bond ESG Paris-Aligned Climate UCITS ETF EUR (Acc),EUR,MTA,XMIL
ETF,Italy,JEHY,J.P. Morgan EUR High Yield Bond UCITS ETF,EUR,MTA,XMIL
ETF,Italy,UST1F,UBS Core BBG US Treasury 1-3 UCITS ETF hEUR dis,EUR,MTA,XMIL
ETF,Italy,JEUG,JPMorgan EUR Government Bond UCITS ETF,EUR,MTA,XMIL
ETF,Italy,ITPD,iShares $ TIPS UCITS ETF USD (Dist),EUR,MTA,XMIL
ETF,Italy,JGEV,J.P. Morgan Global Government Bond UCITS ETF,EUR,MTA,XMIL
ETF,Italy,HEGB,HSBC Global Funds ICAV – Euro Government Bond UCITS ETF,EUR,MTA,XMIL
ETF,Italy,HY,Amundi EUR High Yield Corporate Bond ESG UCITS ETF Acc,EUR,MTA,XMIL
ETF,Italy,TRA5,State Street SPDR Bloomberg 3-7 Year U.S. Treasury Bond UCITS ETF (Acc),EUR,MTA,XMIL
ETF,Italy,HECB,HSBC Global Funds ICAV - Euro Corporate Bond UCITS ETF,EUR,MTA,XMIL
ETF,Italy,LUTR,SPDR Bloomberg 10+ Year U.S. Treasury Bond UCITS ETF,EUR,MTA,XMIL
ETF,Italy,PTAM,Perf Trust Bond UCITS ETF,EUR,MTA,XMIL
ETF,Italy,TRAY,State Street SPDR Bloomberg 3-7 Year U.S. Treasury Bond UCITS ETF Dist,EUR,MTA,XMIL
ETF,Italy,HYEP,iShares EUR High Yield Corp Bond ESG Paris-Aligned Climate UCITS ETF,EUR,MTA,XMIL
ETF,Italy,TREY,State Street SPDR Bloomberg U.S. Treasury Bond EUR Hedged UCITS ETF (Accumulation),EUR,MTA,XMIL
ETF,Italy,LGOV,State Street SPDR Bloomberg 10+ Year Euro Government Bond UCITS ETF,EUR,MTA,XMIL
ETF,Italy,U13H,Amundi US Treasury Bond 1-3Y UCITS ETF EUR Hedged Dist,EUR,MTA,XMIL
ETF,Italy,VDCE,Vanguard USD Corporate Bond UCITS ETF EUR Hedged Accumulating,EUR,MTA,XMIL
ETF,Italy,HQLA1,UBS ETF - Bloomberg Barclays EUR High Quality Liquid Assets 1-5 Bond UCITS ETF EUR A Dis,EUR,MTA,XMIL
ETF,Italy,MDB5E,UBS Sustainable Development Bank Bonds 5-10 UCITS ETF hEUR acc,EUR,MTA,XMIL
ETF,Italy,MDB5,UBS ETF (LU) Sustainable Development Bank Bonds UCITS ETF 5-10 (hedged to GBP) A-dis,EUR,MTA,XMIL
ETF,Italy,MDB1E,UBS Sustainable Development Bank Bonds 1-5 UCITS ETF,EUR,MTA,XMIL
ETF,Italy,MDB1D,UBS Sustainable Development Bank Bonds 1-5 UCITS ETF EUR Hedged Distributing,EUR,MTA,XMIL
ETF,Italy,TIP10E,UBS ETF Bloomberg TIPS 10+ U.S. Treasury Inflation Protected Securities UCITS ETF (Hedged to EUR),EUR,MTA,XMIL
ETF,Italy,TIP10D,UBS BBG TIPS 10+ UCITS ETF USD dis,EUR,MTA,XMIL
ETF,Italy,HSRID,BNP Paribas High Yield SRI Fund UCITS ETF,EUR,MTA,XMIL
ETF,Italy,HUCB,HSBC Global Funds ICAV – US Corporate Bond UCITS ETF,EUR,MTA,XMIL
ETF,Italy,HUST,HSBC Global Funds ICAV - US Treasury Bond UCITS ETF,EUR,MTA,XMIL
ETF,Italy,TIPA,State Street SPDR Bloomberg U.S. TIPS UCITS ETF (Acc),EUR,MTA,XMIL
ETF,Italy,VDTE,Vanguard USD Treasury Bond UCITS ETF EUR Hedged Distributing,EUR,MTA,XMIL
ETF,Italy,GLAG,SSgA SPDR Bloomberg Global Aggregate Bond UCITS ETF USD Unhedged,EUR,MTA,XMIL
ETF,Italy,GLAE,SPDR Bloomberg Global Aggregate Bond UCITS ETF EUR Hedged,EUR,MTA,XMIL
ETF,Italy,IEGS,iShares Core EUR Government Bond UCITS ETF EUR (Acc),EUR,MTA,XMIL
ETF,Italy,GIGH,Goldman Sachs USD Investment Grade Corporate Bond Active UCITS ETF – EUR Hedged,EUR,MTA,XMIL
ETF,Italy,GHYEH,Amundi Global High Yield Corporate Bond ESG UCITS ETF,EUR,MTA,XMIL
ETF,Italy,GGB,UBS ETF (LU) Green Bond USD UCITS ETF,EUR,MTA,XMIL
ETF,Italy,UTY,UBS USD Treasury Yield Plus UCITS ETF USD acc,EUR,MTA,XMIL
ETF,Italy,GEB,UBS J.P. Morgan EMU Government ESG Liquid Bond UCITS ETF EUR acc,EUR,MTA,XMIL
ETF,Italy,JLOE,JPM Emerging Markets Local Currency Bond UCITS ETF,EUR,MTA,XMIL
ETF,Italy,GCVE,SPDR FTSE Global Convertible Bond EUR Hdg UCITS ETF (Acc),EUR,MTA,XMIL
ETF,Italy,GAGH,Amundi Core Global Aggregate Bond UCITS ETF DR Hedged EUR,EUR,MTA,XMIL
ETF,Italy,IITA,iShares Italy Govt Bond UCITS ETF,EUR,MTA,XMIL
ETF,Italy,IEBB,iShares € Corp Bond BBB-BB UCITS ETF,EUR,MTA,XMIL
ETF,Italy,IEAA,iShares Core EUR Corporate Bond UCITS ETF (Acc),EUR,MTA,XMIL
ETF,Italy,V3GE,Vanguard ESG Global Corporate Bond UCITS ETF EUR Hedged Dist,EUR,MTA,XMIL
ETF,Italy,T10A,UBS Bloomberg US 10+ Year Treasury Bond UCITS ETF,EUR,MTA,XMIL
ETF,Italy,ICLO,IVZ USD CLO UCITS ETF,EUR,MTA,XMIL
ETF,Italy,ICLU,Invesco USD Corporate Bond UCITS ETF,EUR,MTA,XMIL
ETF,Italy,GOVY,State Street SPDR Bloomberg Euro Government Bond UCITS ETF (Dist),EUR,MTA,XMIL
ETF,Italy,SEUC,State Street SPDR Bloomberg 0-3 Year Euro Corporate Bond UCITS ETF (Dist),EUR,MTA,XMIL
ETF,Italy,GOVA,State Street SPDR Bloomberg Euro Government Bond UCITS ETF EUR,EUR,MTA,XMIL
ETF,Italy,TIPE,Amundi US Treasury Government Inflation-Linked Bond UCITS ETF EUR Hedged Accumulating,EUR,MTA,XMIL
ETF,Italy,FLUC,Franklin U.S. Dollar Investment Grade Corporate Bond UCITS ETF,EUR,MTA,XMIL
ETF,Italy,CLIM,Amundi Global Aggregate Green Bond UCITS ETF Acc,EUR,MTA,XMIL
ETF,Italy,CLO,UBS EUR AAA CLO UCITS ETF EUR Accumulating,EUR,MTA,XMIL
ETF,Italy,CLOA,Invesco Euro CLO UCITS ETF Accumulating,EUR,MTA,XMIL
ETF,Italy,CLOD,Invesco Euro AAA CLO Ucits ETF,EUR,MTA,XMIL
ETF,Italy,CNYB,iShares China CNY Bond UCITS ETF USD (Dist),EUR,MTA,XMIL
ETF,Italy,CONV,SPDR FTSE Global Convertible Bond UCITS ETF USD Hedged (Dist),EUR,MTA,XMIL
ETF,Italy,COOL,Janus Henderson EUR IG Bond Paris-aligned Climate Active Core UCITS ETF,EUR,MTA,XMIL
ETF,Italy,CORP,iShares Global Corp Bond UCITS ETF,EUR,MTA,XMIL
ETF,Italy,COBO,WisdomTree AT1 CoCo Bond UCITS ETF EUR Hedged,EUR,MTA,XMIL
ETF,Italy,XB28,Xtrackers EUR Corporate Bonds UCITS ETF,EUR,MTA,XMIL
ETF,Italy,XB29,Xtrackers II Target Maturity Sept 2029 EUR Corporate Bond UCITS ETF 1D,EUR,MTA,XMIL
ETF,Italy,XB31,Xtrackers II Target Maturity Sept 2031 EUR Corporate Bond UCITS ETF 1D,EUR,MTA,XMIL
ETF,Italy,BE29,Invesco BulletShares 2029 EUR Corporate Bond UCITS ETF Dist,EUR,MTA,XMIL
ETF,Italy,XCS2,Xtrackers II Australia Government Bond UCITS ETF 1C,EUR,MTA,XMIL
ETF,Italy,X03G,Xtrackers II Germany Government Bond UCITS ETF 1C,EUR,MTA,XMIL
ETF,Italy,EGE,UBS J.P. Morgan Global Gov ESG Liquid Bond UCITS ETF hEUR acc,EUR,MTA,XMIL
ETF,Italy,EGO,UBS J.P. Morgan Global Gov ESG Liquid Bond UCITS ETF USD acc,EUR,MTA,XMIL
ETF,Italy,EGTD,Invesco EUR Government and Related Green Bond Weighted UCITS ETF Dist,EUR,MTA,XMIL
ETF,Italy,EHBA,Invesco Euro Corporate Hybrid Bond UCITS ETF Dist,EUR,MTA,XMIL
ETF,Italy,EMGH,L&G Emerging Markets Government Bond (USD) 0-5 Year Screened UCITS ETF EUR Hedged Acc,EUR,MTA,XMIL
ETF,Italy,EMIG,UBS J.P. Morgan USD EM IG Screened Diversified Bond UCITS ETF hCHF acc,EUR,MTA,XMIL
ETF,Italy,EMKTB,Amundi USD Emerging Markets Government Bond UCITS ETF Dist,EUR,MTA,XMIL
ETF,Italy,EMLI,PIMCO Advantage Emerging Markets Local Bond UCITS ETF,EUR,MTA,XMIL
ETF,Italy,XEML,Xtrackers JPMorgan EM Local Government Bond 1D UCITS ETF,EUR,MTA,XMIL
ETF,Italy,DXG5,Deka MSCI Europe Government Bond 3-5 UCITS ETF,EUR,MTA,XMIL
ETF,Italy,E15S,UBS Core BBG US Treasury 1-3 UCITS ETF USD dis,EUR,MTA,XMIL
ETF,Italy,EBND,AB Euro Corporate Bond Portfolio UCITS ETF EUR Acc,EUR,MTA,XMIL
ETF,Italy,BBEG,JPMorgan BetaBuilders Europe Government Bond UCITS ETF,EUR,MTA,XMIL
ETF,Italy,XUEB,Xtrackers II J.P. Morgan USD Emerging Markets Bond UCITS ETF 2C,EUR,MTA,XMIL
ETF,Italy,XT01,Xtrackers US Treasuries Ultrashort Bond UCITS ETF 1C,EUR,MTA,XMIL
ETF,Italy,XQUE,Xtrackers ESG Emerging Markets Bond Quality Weighted UCITS ETF,EUR,MTA,XMIL
ETF,Italy,A01U,AXA Investment Managers US Treasury 0-1 Year UCITS ETF,EUR,MTA,XMIL
ETF,Italy,AAA13,Amundi Euro Highest Rated Macro-Weighted Government Bond 1-3Y UCITS ETF Acc,EUR,MTA,XMIL
ETF,Italy,AAA35,Amundi Euro Highest Rated Macro-Weighted Government Bond 3-5Y UCITS ETF Acc,EUR,MTA,XMIL
ETF,Italy,AAAM,M&G European AAA CLO Active UCITS ETF EUR Distributing,EUR,MTA,XMIL
ETF,Italy,30IA,iShares iBonds Dec 2030 Term USD Corporate UCITS ETF USD (Acc),EUR,MTA,XMIL
ETF,Italy,XYLD,Xtrackers USD Corporate Bond Short Duration SRI PAB UCITS ETF 1D,EUR,MTA,XMIL
ETF,Italy,YIUGH,YIS US Government Bond UCITS ET,EUR,MTA,XMIL
ETF,Italy,YIIG3,YIS 1-3 Year Italian Government Bond Capitalisation - UCITS ETF,EUR,MTA,XMIL
ETF,Italy,YIE10,YIS 1-10 Year EMU Government Bond UCITS ETF EUR,EUR,MTA,XMIL
ETF,Italy,29GA,iShares iBonds Dec 2029 Term € Corp UCITS ETF EUR (Acc),EUR,MTA,XMIL
ETF,Italy,XZHE,Xtrackers EUR High Yield Corporate Bond SRI PAB UCITS ETF 1C,EUR,MTA,XMIL
ETF,Italy,XZE5,Xtrackers II EUR Corporate Bond Short Duration SRI PAB UCITS ETF 1C,EUR,MTA,XMIL
ETF,Italy,XZ10,Xtrackers II Eurozone Government Bond 10+ ESG Tilt UCITS ETF 1C,EUR,MTA,XMIL
ETF,Italy,XG7S,Xtrackers II Global Government Bond UCITS ETF 5C,EUR,MTA,XMIL
ETF,Italy,XEZ7,Xtrackers II Eurozone Government Bond 7-10 ESG Tilted UCITS ETF EUR 1C,EUR,MTA,XMIL
ETF,Italy,XEZ5,Xtrackers II Eurozone Government Bond 5-7 ESG Tilted UCITS ETF 1C,EUR,MTA,XMIL
ETF,Italy,XEZ3,Xtrackers II Eurozone Government Bond 3-5 ESG Tilt UCITS ETF EUR 1C,EUR,MTA,XMIL
ETF,Italy,XEZ1,Xtrackers II Eurozone Government Bond 1-3 ESG Tilted UCITS ETF 1C,EUR,MTA,XMIL
ETF,Italy,BAT1,iShares AT1 Bond Active UCITS ETF EUR (Acc),EUR,MTA,XMIL
ETF,Italy,ASHE,AXA IM Short Duration Income UCITS ETF EUR Hedged Distributing,EUR,MTA,XMIL
ETF,Italy,ASAE,AXA IM Short Duration Income UCITS ETF EUR (H) Acc,EUR,MTA,XMIL
ETF,Italy,AFRN,Amundi EUR Floating Rate Corporate Bond ESG UCITS ETF Acc,EUR,MTA,XMIL
ETF,Italy,AIDE,AXA IM Euro Investment Grade PAB UCITS Fund,EUR,MTA,XMIL
ETF,Italy,XHYA,Xtrackers II EUR High Yield Corporate Bond UCITS ETF 1C,EUR,MTA,XMIL
ETF,Italy,XGEZ,Xtrackers II Eurozone Government Green Bond UCITS ETF 1D,EUR,MTA,XMIL
ETF,Italy,CBEF,Amundi EUR Corporate Bond ex-Financials ESG UCITS ETF Acc,EUR,MTA,XMIL
ETF,Italy,FLESA,Franklin Euro Short Maturity UCITS ETF (Acc),EUR,MTA,XMIL
ETF,Italy,FLES,Franklin Euro Short Maturity UCITS ETF,EUR,MTA,XMIL
ETF,Italy,EUHA,iShares Euro High Yield Corporate Bond UCITS ETF EUR,EUR,MTA,XMIL
ETF,Italy,VUDS,Vanguard U.S. Treasury 1-3 Year Bond UCITS ETF USD Acc,EUR,MTA,XMIL
ETF,Italy,ETFUST,Amundi Prime US Treasury UCITS ETF DR (D),EUR,MTA,XMIL
ETF,Italy,ETIP,State Street SPDR Bloomberg U.S. TIPS EUR Hdg UCITS ETF (Acc),EUR,MTA,XMIL
ETF,Italy,EUCO,State Street SPDR Bloomberg Euro Corporate Bond UCITS ETF (Dist),EUR,MTA,XMIL
ETF,Italy,EU35,SPDR Bloomberg 3-5 Year Euro Government Bond UCITS ETF (Dist),EUR,MTA,XMIL
ETF,Italy,EUCL,iShares EUR AAA CLO Active UCITS ETF,EUR,MTA,XMIL
ETF,Italy,FAMEUS,FAM HY SRI SC Bond UCITS ETF,EUR,MTA,XMIL
ETF,France,GILI,Amundi UK Government Inflation-Linked Bond UCITS ETF Dist,EUR,Euronext,XPAR
ETF,France,PEHY,iMGP European High Yield Fund UCITS ETF,EUR,Euronext,XPAR
ETF,France,IB36,iShares iBonds Dec 2036 Term € Corp UCITS ETF,EUR,Euronext,XPAR
ETF,France,C53D,Amundi Euro Government Bond 5-7Y UCITS ETF Dist,EUR,Euronext,XPAR
ETF,France,ACE29,BNP Paribas Easy Sustainable EUR Corporate Bond December 2029 UCITS ETF,EUR,Euronext,XPAR
ETF,France,FLUSA,Franklin US Treasury 0-1 Year UCITS ETF USD (Acc),EUR,Euronext,XPAR
ETF,France,ISRD,Amundi Label ISR Credit USD UCITS ETF Acc,EUR,Euronext,XPAR
ETF,France,AFLE,Amundi USD Floating Rate Corporate Bond ESG UCITS ETF Acc,EUR,Euronext,XPAR
ETF,France,CLOR,iShares USD AAA CLO Active UCITS ETF,USD,Euronext,XPAR
ETF,France,IG35,iShares iBonds Dec 2035 Term € Corp UCITS ETF,EUR,Euronext,XPAR
ETF,France,AIPU,AXA IM USD Credit PAB UCITS ETF,USD,Euronext,XPAR
ETF,France,CWEU,Amundi Floating Rate USD Corporate ESG UCITS ETF USD (C),USD,Euronext,XPAR
ETF,France,AHYE,Amundi Euro High Yield Bond ESG UCITS ETF EUR (C),EUR,Euronext,XPAR
ETF,France,AM3A,Amundi Euro Government Bond Investment Grade UCITS ETF Accumulating,EUR,Euronext,XPAR
ETF,France,ISCH,Amundi Label ISR Credit USD UCITS ETF EUR Hedged Acc,EUR,Euronext,XPAR
ETF,France,AFRHU,Amundi Floating Rate Euro Corporate 1-3 UCITS ETF,USD,Euronext,XPAR
ETF,France,ISRC,AMDI ISR Credit EUR UCITS ETF,EUR,Euronext,XPAR
ETF,France,GFA,VanEck Global Fallen Angel High Yield Bond UCITS ETF,EUR,Euronext,XPAR
ETF,France,AGESD,BNP Paribas Easy ESG Enhanced EUR Government Bond UCITS ETF Distribution,EUR,Euronext,XPAR
ETF,France,B28A,iShares iBonds Dec 2028 Term EUR Corp UCITS ETF,EUR,Euronext,XPAR
ETF,France,B26A,iShares iBonds Dec 2026 Term EUR Corporate UCITS ETF EUR (Acc),EUR,Euronext,XPAR
ETF,France,JNKA,SPDR Bloomberg Euro High Yield Bond UCITS ETF,EUR,Euronext,XPAR
ETF,France,GOVY,SPDR Bloomberg Barclays Euro Government Bond UCITS ETF,EUR,Euronext,XPAR
ETF,France,HBKS,HSBC Global Funds ICAV - Global Sukuk UCITS ETF C USD,EUR,Euronext,XPAR
ETF,France,UCRP,Amundi USD Corporate Bond ESG UCITS ETF DR (C),USD,Euronext,XPAR
ETF,France,28ID,iShares iBonds Dec 2028 Term $ Corp UCITS ETF,EUR,Euronext,XPAR
ETF,France,SRID7,BNP Paribas Easy € Corp Bond SRI Fossil Free 7-10Y UCITS ETF EUR Distribution,EUR,Euronext,XPAR
ETF,Switzerland,CMES,iShares J.P. Morgan ESG $ EM Bond UCITS ETF CHF Hedged (Dist),CHF,SIX,XSWX
ETF,Switzerland,UST10F,UBS Core Bloomberg US Treasury 10+ UCITS ETF Hedged to EUR,EUR,SIX,XSWX
ETF,Switzerland,IMBA,iShares US Mortgage Backed Securities UCITS ETF USD (Acc),CHF,SIX,XSWX
ETF,Switzerland,CLOA,Invesco EUR CLO UCITS ETF Accumulating,CHF,SIX,XSWX
ETF,Switzerland,VETY,Vanguard EUR Eurozone Government Bond UCITS ETF,CHF,SIX,XSWX
ETF,Switzerland,CLOR,iShares $ AAA CLO Active UCITS ETF,CHF,SIX,XSWX
ETF,Switzerland,CLOEUA,UBS EUR AAA CLO UCITS ETF,CHF,SIX,XSWX
ETF,Switzerland,GACHF,Amundi Core Global Aggregate Bond UCITS ETF Acc - USD Hedged,CHF,SIX,XSWX
ETF,Switzerland,USEB,iShares $ Corporate Bond Enhanced Active UCITS ETF,CHF,SIX,XSWX
ETF,Switzerland,XDGU,Xtrackers USD Corporate Bond UCITS ETF 1D,USD,SIX,XSWX
ETF,Switzerland,JCIG,J.P. Morgan Global Investment Grade Corporate Bond UCITS ETF,CHF,SIX,XSWX
ETF,Switzerland,JGCV,JPMorgan Global Government Bond Active UCITS ETF USD (Acc),CHF,SIX,XSWX
ETF,Switzerland,GCVE,SPDR Thomson Reuters Global Convertible Bond UCITS ETF EUR Hedged,EUR,SIX,XSWX
ETF,Switzerland,JEGC,J.P. Morgan EUR Aggregate Bond UCITS ETF,CHF,SIX,XSWX
ETF,Switzerland,ASID,iShares USD Asia Investment Grade Corporate Bond UCITS ETF USD (Acc),USD,SIX,XSWX
ETF,Switzerland,JNKE,State Street SPDR Bloomberg Euro High Yield Bond UCITS ETF (Dist),CHF,SIX,XSWX
ETF,Switzerland,XG7G,Xtrackers II Global Inflation-Linked Bond UCITS ETF 4D - CHF Hedged,CHF,SIX,XSWX
ETF,Switzerland,USAG,SPDR Bloomberg Barclays U.S. Aggregate Bond UCITS ETF,CHF,SIX,XSWX
ETF,Switzerland,IRCP,iShares € Corp Bond Interest Rate Hedged ESG SRI UCITS ETF,CHF,SIX,XSWX
ETF,Switzerland,JMEX,Janus Henderson Mexico Government Bond USD 10-30Y Core UCITS ETF USD Acc,CHF,SIX,XSWX
ETF,Switzerland,IU0C,iShares $ Corp Bond 0-3Yr ESG SRI UCITS ETF CHF Hedged Acc,CHF,SIX,XSWX
ETF,Switzerland,JLOC,JPMorgan ETFs (Ireland) ICAV – Emerging Markets Local Currency Bond Active UCITS ETF USD (acc),USD,SIX,XSWX
ETF,Switzerland,XGBG,Xtrackers II Global Government Bond UCITS ETF 3D - CHF Hedged,CHF,SIX,XSWX
ETF,Switzerland,EUHI,iShares EUR High Yield Corporate Bond UCITS ETF EUR (Dist),EUR,SIX,XSWX
ETF,Switzerland,LDCU,PIMCO Advantage US Low Duration Corporate Bond Fund - UCITS,USD,SIX,XSWX
ETF,Switzerland,JMBC,JPMorgan USD Emerging Markets Sovereign Bond UCITS ETF,CHF,SIX,XSWX
ETF,Switzerland,EAGG,SPDR Bloomberg Euro Aggregate Bond UCITS ETF,CHF,SIX,XSWX
ETF,Switzerland,SBEM,UBS BBG USD EM Sovereign UCITS ETF USD dis,CHF,SIX,XSWX
ETF,Switzerland,31ID,iShares iBonds Dec 2031 Term $ Corp UCITS ETF Dist - USD,USD,SIX,XSWX
ETF,Switzerland,EEX5,iShares EUR Corporate Bond ex-Financials UCITS ETF EUR (Dist),EUR,SIX,XSWX
ETF,Switzerland,DTLC,iShares USD Treasury Bond 20+yr UCITS ETF CHF Hedged (Dist),CHF,SIX,XSWX
ETF,Switzerland,HYDP,iShares USD High Yield Corporate Bond ESG UCITS ETF,USD,SIX,XSWX
ETF,Switzerland,IBCI,iShares € Inflation Linked Govt Bond UCITS ETF,CHF,SIX,XSWX
ETF,Switzerland,DHYC,iShares USD High Yield Corporate Bond ESG CHF-Hedged UCITS ETF,CHF,SIX,XSWX
ETF,Switzerland,VETA,Vanguard EUR Eurozone Government Bond UCITS ETF Accumulating,CHF,SIX,XSWX
ETF,Switzerland,GLAC,SPDR Bloomberg Global Aggregate Bond CHF Hedged UCITS ETF,CHF,SIX,XSWX
ETF,Switzerland,HYLC,iShares Global High Yield Corporate Bond CHF Hedged ucits ETF,CHF,SIX,XSWX
ETF,Switzerland,HYGU,iShares € High Yield Corp Bond UCITS ETF USD Hedged (Dist),USD,SIX,XSWX
ETF,Switzerland,IB01,iShares $ Treasury Bond 0-1yr UCITS ETF USD (Acc),USD,SIX,XSWX
ETF,Switzerland,EMH5,SPDR ICE BofA 0-5 Year EM USD Government Bond UCITS ETF,CHF,SIX,XSWX
ETF,Switzerland,VECA,Vanguard EUR Corporate Bond UCITS ETF (EUR) Accumulating,CHF,SIX,XSWX
ETF,Switzerland,SUOC,iShares € Corp Bond ESG SRI UCITS ETF CHF Hedged,CHF,SIX,XSWX
ETF,Switzerland,FLRGC,Franklin Sustainable Euro Green Bond UCITS ETF CHF Hedged Acc,CHF,SIX,XSWX
ETF,Switzerland,VDET,Vanguard USD Emerging Markets Government Bond UCITS ETF,CHF,SIX,XSWX
ETF,Switzerland,EH1D,iShares Broad € High Yield Corp Bond UCITS ETF,USD,SIX,XSWX
ETF,Switzerland,FGHU,Fidelity Global HY Corp Bond Research Enhanced PAB UCITS ETF INC-USD,USD,SIX,XSWX
ETF,Switzerland,GOVI,PIMCO Advantage Global Government Bond UCITS ETF USD (Acc),CHF,SIX,XSWX
ETF,Switzerland,SGIC,Schroder Global Investment Grade Corporate Bond Active UCITS ETF Accumulation USD,CHF,SIX,XSWX
ETF,Switzerland,VCPA,Vanguard USD Corporate Bond UCITS ETF Accumulating,CHF,SIX,XSWX
ETF,Switzerland,IBTC,iShares $ Treasury Bond 1-3yr UCITS ETF CHF Hedged (Acc),CHF,SIX,XSWX
ETF,Switzerland,VITS,Vanguard U.S. Treasury 3-7 Year Bond UCITS ETF USD Acc,CHF,SIX,XSWX
ETF,Switzerland,ID29,iShares iBonds Dec 2029 Term $ Corp UCITS ETF USD (Acc),USD,SIX,XSWX
ETF,Switzerland,ICLU,Invesco USD CLO UCITS ETF Accumulating,CHF,SIX,XSWX
ETF,Switzerland,IDTC,iShares $ Treasury Bond 7-10yr UCITS ETF CHF Hedged (Acc),CHF,SIX,XSWX
ETF,Switzerland,ICLO,Invesco USD CLO UCITS ETF,CHF,SIX,XSWX
ETF,Switzerland,IE0C,iShares Euro Corp Bond ESG 0-3 Years UCITS ETF,CHF,SIX,XSWX
ETF,Switzerland,IECH,iShares Core EUR Corporate Bond UCITS ETF CHF Hedged (Acc),CHF,SIX,XSWX
ETF,Switzerland,IEGC,iShares Core Euro Government Bond UCITS ETF CHF Hedged (Acc),CHF,SIX,XSWX
ETF,Switzerland,IEML,iShares J.P. Morgan EM Local Government Bond UCITS ETF,CHF,SIX,XSWX
ETF,Switzerland,TIP1D,UBS Core BBG TIPS 1-10 UCITS ETF USD dis,USD,SIX,XSWX
ETF,Switzerland,EUCO,SPDR Bloomberg Barclays Euro Corporate Bond UCITS ETF,CHF,SIX,XSWX
ETF,Switzerland,CODO,WisdomTree AT1 CoCo Bond UCITS ETF - USD Hedged,USD,SIX,XSWX
ETF,Switzerland,COCB,WisdomTree AT1 CoCo Bond UCITS ETF - USD Acc,USD,SIX,XSWX
ETF,Austria,AN39,Amundi US Treasury Bond 0-1Y UCITS ETF EUR Hedged Acc,EUR,VSE,XWBO
ETF,Austria,AM13,Amundi Global Aggregate Bond UCITS ETF EUR Hedged,EUR,VSE,XWBO
ETF,Austria,AM14,Amundi Euro Lowest Rated IG Government Bond UCITS ETF Acc,EUR,VSE,XWBO
ETF,Austria,DB47,Xtrackers II J.P. Morgan USD Emerging Markets Bond UCITS ETF 2D,EUR,VSE,XWBO
ETF,Austria,AN21,Amundi Prime Global Government Bond UCITS ETF Acc,EUR,VSE,XWBO
ETF,Austria,AM07,Amundi EUR Corporate Bond 0-1Y ESG UCITS ETF DR (C),EUR,VSE,XWBO
ETF,Austria,DB26,Xtrackers II Eurozone Government Bond UCITS ETF 1C,EUR,VSE,XWBO
ETF,Austria,DB46,Xtrackers II Global Inflation-Linked Bond UCITS ETF 5C,EUR,VSE,XWBO
ETF,Austria,DB45,Xtrackers II ESG Global Aggregate Bond UCITS ETF 1D,EUR,VSE,XWBO
ETF,Austria,DK32,Deka US Treasury 7-10 UCITS ETF,EUR,VSE,XWBO
ETF,Austria,AM32,Amundi EUR Corporate Bond Climate Paris Aligned UCITS ETF Acc,EUR,VSE,XWBO
ETF,Austria,AM41,Amundi Core EUR Corporate Bond UCITS ETF USD Hedged Acc,EUR,VSE,XWBO
ETF,Austria,AM47,Amundi Euro Government Tilted Green Bond UCITS ETF Acc,EUR,VSE,XWBO
ETF,Austria,DB56,Xtrackers II EUR Corporate Bond SRI PAB UCITS ETF 1D,EUR,VSE,XWBO
ETF,Austria,DB57,Xtrackers II Eurozone Government Bond UCITS ETF 1D,EUR,VSE,XWBO
ETF,Austria,AM52,Amundi Euro Government Inflation-Linked Bond UCITS ETF Acc,EUR,VSE,XWBO
ETF,Austria,AM55,Amundi Prime Euro Government Bond 0-1Y UCITS ETF Acc,EUR,VSE,XWBO
ETF,Austria,AM57,Amundi Prime Euro Government Bond UCITS ETF Dist,EUR,VSE,XWBO
ETF,Austria,AM35,Amundi EUR Corporate Bond 0-3Y ESG UCITS ETF DR (C),EUR,VSE,XWBO
ETF,Austria,AN11,Amundi Euro Government Bond 3-5Y UCITS ETF Dist,EUR,VSE,XWBO
ETF,Austria,DB40,Xtrackers II EUR High Yield Corporate Bond UCITS ETF 1D,EUR,VSE,XWBO
ETF,Austria,AN14,Amundi Prime Euro Government Bond UCITS ETF Acc,EUR,VSE,XWBO
ETF,Austria,DK04,Deka iBoxx EUR Liquid Sovereign Diversified 5-7 UCITS ETF,EUR,VSE,XWBO
ETF,Netherlands,MBILx,JPM BetaBuilders US Treasury Bond 0-1yr UCITS ETF MXN Hedged (Acc),MXN,CBOE,BCXE
ETF,Italy,TIP10m,UBS BBG TIPS 10+ UCITS ETF,EUR,CBOE,BCXE
ETF,Netherlands,SUSCx,State Street SPDR Bloomberg 0-3 Year U.S. Corporate Bond UCITS ETF (Dist),USD,CBOE,BCXE
ETF,Netherlands,TR5Mx,State Street SPDR Bloomberg 3-7 Year U.S. Treasury Bond MXN Hdg UCITS ETF (Acc),MXN,CBOE,BCXE
ETF,United Kingdom,XJ3Cx,Xtrackers II Japan Government Bond UCITS ETF 3C – USD Hedged,USD,CBOE,BCXE
ETF,Netherlands,JU3Mx,JPM BetaBuilders US Treasury Bond 1-3 yr UCITS ETF - MXN Hedged (acc),MXN,CBOE,BCXE
ETF,Italy,TRE7m,Invesco US Treasury 3-7 Year UCITS ETF,EUR,CBOE,BCXE
ETF,United Kingdom,TMX1x,Invesco US Treasury Bond 0-1 Year UCITS ETF MXN Hedged Acc,MXN,CBOE,BCXE
ETF,Netherlands,SUKCx,State Street SPDR Bloomberg 0-5 Year Sterling Corporate Bond UCITS ETF (Dist),GBP,CBOE,BCXE
ETF,United Kingdom,LQDMx,iShares $ Corp Bond UCITS ETF MXN Hedged (Acc),MXN,CBOE,BCXE
ETF,Netherlands,AGAHx,iShares Core Global Aggregate Bond UCITS ETF AUD Hedged (Dist),AUD,CBOE,BCXE
ETF,Netherlands,A01Mx,AXA IM US Treasury 0-1 Year UCITS ETF,MXN,CBOE,BCXE
ETF,United Kingdom,AGENZx,iShares Global Aggregate Bond ESG Screened UCITS ETF USD (Acc) (NZ Hedged),NZD,CBOE,BCXE
ETF,Netherlands,THFSx,Tabula Global High Yield Fallen Angels Paris-aligned Climate UCITS ETF USD,SEK,CBOE,BCXE
ETF,United Kingdom,PR1Mx,Amundi US Treasury Bond 0-1Y UCITS ETF Acc,MXN,CBOE,BCXE
ETF,Italy,LUSCm,SS SPDR Bloomberg 10+ Year US Corporate Bond UCITS ETF,EUR,CBOE,BCXE
ETF,Netherlands,LUTAx,State Street SPDR Bloomberg 10+ Year U.S. Treasury Bond UCITS ETF (Acc),USD,CBOE,BCXE
ETF,Netherlands,U03AMx,iShares USD Treasury Bond 0-3 month UCITS ETF,MXN,CBOE,BCXE
ETF,Netherlands,MB3Mx,JPMorgan Betabuilders US Treasury Bond 0-3 Months UCITS ETF,MXN,CBOE,BCXE
ETF,Switzerland,SE15z,iShares EUR Corp Bond 1-5yr UCITS ETF,CHF,CBOE,BCXE
ETF,United Kingdom,VMCAx,Vanguard USD Corporate 1-3 Year Bond UCITS ETF MXN Hedged Accumulating,MXN,CBOE,BCXE
ETF,Netherlands,SJHYx,State Street SPDR Bloomberg U.S. High Yield Corporate Scored UCITS ETF (Acc),USD,CBOE,BCXE
ETF,United Kingdom,MEXMx,HANetf Finamex Mexico S&P/BMV International UMS Sovereign Bond 5-10yr UCITS ETF Acc,MXN,CBOE,BCXE
ETF,Netherlands,TR3Mx,State Street SPDR Bloomberg 1-3 Year U.S. Treasury Bond MXN Hdg UCITS ETF (Acc),MXN,CBOE,BCXE
ETF,United Kingdom,ASGDx,iShares $ Asia Investment Grade Corp Bond UCITS ETF,SGD,CBOE,BCXE
ETF,United Kingdom,AFLMx,Amundi USD Floating Rate Corporate Bond ESG UCITS ETF MXN Hedged Acc,MXN,CBOE,BCXE
ETF,Germany,XYP0d,Xtrackers II iBoxx Eurozone Government Bond Yield Plus 0-1 UCITS ETF 1C,EUR,CBOE,BCXE
ETF,Netherlands,ADLMx,AXA IM US Treasury 25+ Year UCITS ETF,MXN,CBOE,BCXE
ETF,United Kingdom,VMSTx,Vanguard U.S. Treasury 0-1 Year Bond UCITS ETF MXN Hedged Accumulating,MXN,CBOE,BCXE
ETF,Netherlands,TBILLx,Franklin US Treasury 0-1 Year UCITS ETF,USD,CBOE,BCXE
ETF,Netherlands,COOLx,Tabula EUR IG Bond Paris-Aligned Climate UCITS ETF,SEK,CBOE,BCXE
ETF,Netherlands,JHYMx,JPM Global High Yield Corporate Bond Multi-Factor Active UCITS ETF - MXN Hedged (acc),MXN,CBOE,BCXE
ETF,Italy,GLAGm,SS SPDR Bloomberg Global Aggregate Bond  UCITS ETF,EUR,CBOE,BCXE
ETF,United Kingdom,IBGMx,iShares € Govt Bond 1-3yr UCITS ETF MXN Hedged,MXN,CBOE,BCXE
ETF,United Kingdom,ERNMx,iShares $ Ultrashort Bond UCITS ETF MXN Hedged (Acc),MXN,CBOE,BCXE
ETF,Netherlands,JMXNx,Janus Henderson Mexico Government Bond USD 10-30Y Core UCITS ETF,MXN,CBOE,BCXE
ETF,United Kingdom,ID28Mx,iShares iBonds Dec 2028 Term USD Corporate UCITS ETF,MXN,CBOE,BCXE
ETF,Netherlands,ID29Mx,iShares iBonds Dec 2029 Term $ Corp UCITS ETF,MXN,CBOE,BCXE
ETF,Netherlands,ID31Mx,iShares iBonds Dec 2031 Term $ Corp UCITS ETF,MXN,CBOE,BCXE
ETF,Netherlands,ID32Mx,iShares iBonds Dec 2032 Term $ Corp UCITS ETF,MXN,CBOE,BCXE
ETF,Netherlands,ID35Mx,iShares iBonds Dec 2035 Term $ Corp UCITS ETF MXN Hedged (Acc),MXN,CBOE,BCXE
ETF,United Kingdom,IDTXx,iShares $ Treasury Bond 7-10yr UCITS ETF USD (Dist),MXN,CBOE,BCXE
ETF,France,GILSp,Amundi Core UK Government Bond UCITS ETF,EUR,CBOE,BCXE
ETF,Netherlands,I20Mx,iShares $ Treasury Bond 10-20yr UCITS ETF MXN Hedged (Acc),MXN,CBOE,BCXE
ETF,Netherlands,JGB1x,Ishares Japan Govt Bond Ucits Etf,JPY,CBOE,BCXE
ETF,Netherlands,IU28Mx,iShares iBonds Dec 2028 Term $ High Yield Corp UCITS ETF MXN Hedged (Acc),MXN,CBOE,BCXE
ETF,Netherlands,IB01Jx,iShares USD Treasury Bond 0-1yr UCITS ETF,JPY,CBOE,BCXE
ETF,Switzerland,EAGGz,SS SPDR Bloomberg Euro Aggregate Bond UCITS ETF,CHF,CBOE,BCXE
ETF,Netherlands,IT27Mx,iShares iBonds Dec 2027 Term $ Treasury UCITS ETF,MXN,CBOE,BCXE
ETF,Germany,IB25d,iShares iBonds Dec 2025 Term EUR Corporate UCITS ETF EUR (Acc),EUR,CBOE,BCXE
ETF,Netherlands,JMBMx,JPM USD Emerging Markets Sovereign Bond UCITS ETF - MXN Hedged (acc),MXN,CBOE,BCXE
ETF,Netherlands,BBTMx,JPM BetaBuilders US Treasury Bond UCITS ETF - MXN Hedged (acc),MXN,CBOE,BCXE
ETF,Netherlands,IGBUx,iShares Broad Global Govt Bond UCITS ETF,USD,CBOE,BCXE
ETF,United Kingdom,EMDDl,SPDR Bloomberg Emerging Markets Local Bond UCITS ETF,USD,CBOE,BCXE
ETF,United Kingdom,IEGMx,iShares € Govt Bond 0-1yr UCITS ETF Hedged Peso Mexicano (Accumulating),MXN,CBOE,BCXE
ETF,Netherlands,IEMBx,iShares J.P. Morgan USD EM Bond UCITS ETF,SGD,CBOE,BCXE
ETF,Canada,XTLH,iShares 20+ Year U.S. Treasury Bond UCITS ETF,CAD,NEO,NEOE
ETF,United States,BKISF,iShares US Mortgage Backed Securities UCITS ETF USD (Dist),USD,OTC,PINX
ETF,United States,XTCKF,Xtrackers USD High Yield Corporate Bond UCITS ETF 1C,USD,OTC,PINX
ETF,United States,ISDDF,iShares $ Short Duration High Yield Corp Bond UCITS ETF USD (Acc),USD,OTC,PINX
ETF,United States,JIREF,JPMorgan USD Ultra-Short Income UCITS ETF,USD,OTC,PINX
ETF,United States,ITIPF,iShares $ TIPS 0-5 UCITS ETF,USD,OTC,PINX
ETF,United States,FAHYF,iShares Fallen Angels High Yield Corp Bond UCITS ETF,USD,OTC,PINX
ETF,United States,ITPUF,iShares $ TIPS 0-5 UCITS ETF USD (Acc),USD,OTC,PSGM
ETF,Hungary,VDST,Vanguard U.S. Treasury 0-1 Year Bond UCITS ETF (USD) Accumulating,HUF,BSE,XBUD
ETF,Germany,DJAD,Amundi US Treasury Bond Long Dated UCITS ETF Acc,EUR,XDUS,XDUS
ETF,Germany,XASB,Xtrackers II USD Global Aggregate Sukuk UCITS ETF,EUR,XDUS,XDUS
ETF,Germany,HYLE,iShares Global High Yield Corp Bond UCITS ETF USD (Dist),EUR,XDUS,XDUS
ETF,Germany,TIGA,L&G India INR Government Bond UCITS ETF USD Acc,EUR,XDUS,XDUS
ETF,Germany,V3RE,Vanguard ESG EUR Corporate Bond UCITS ETF (EUR) Accumulating,EUR,XDUS,XDUS
ETF,Germany,GIGA,Goldman Sachs EUR Investment Grade Corporate Bond Active UCITS ETF,EUR,XDUS,XDUS
ETF,Germany,HYHE,iShares Broad $ High Yield Corporate Bond UCITS ETF,EUR,XDUS,XDUS
ETF,Germany,HY3M,VanEck Emerging Markets High Yield Bond UCITS ETF,EUR,XDUS,XDUS
ETF,Germany,AEHY,Amundi Core EUR High Yield Bond UCITS ETF Acc,EUR,XDUS,XDUS
ETF,Germany,FAHY,Invesco US High Yield Fallen Angels UCITS ETF Dist,EUR,XDUS,XDUS
ETF,Germany,PM9I,PIMCO US Short-Term High Yield Corporate Bond UCITS ETF EUR Hedged Dist,EUR,XDUS,XDUS
ETF,Germany,AEGE,iShares Global Aggregate Bond ESG SRI UCITS ETF EUR Hedged,EUR,XDUS,XDUS
ETF,Germany,IBCN,iShares Euro Government Bond 3-5yr UCITS ETF,EUR,XDUS,XDUS
ETF,Germany,ADLT,BNP Paribas Easy II Bloomberg US Treasury 25Y+ UCITS ETF USD Acc,EUR,XDUS,XDUS
ETF,Germany,D6RJ,Deka Active EUR High Yield UCITS ETF,EUR,XDUS,XDUS
ETF,Germany,IBCD,iShares $ Corp Bond UCITS ETF,EUR,XDUS,XDUS
ETF,Germany,X03E,Xtrackers II Global Inflation-Linked Bond UCITS ETF 3D GBP Hedged,EUR,XDUS,XDUS
ETF,Germany,H41R,HSBC Global Funds ICAV - Global Corporate Bond UCITS ETF,EUR,XDUS,XDUS
ETF,Germany,T3RE,Invesco US Treasury Bond 1-3 Year UCITS ETF EUR Hedged Dist,EUR,XDUS,XDUS
ETF,Germany,SYBT,SPDR Bloomberg US Treasury Bond UCITS ETF,EUR,XDUS,XDUS
ETF,Germany,EIB7,Invesco Euro Government Bond 5-7 Year UCITS ETF Dist,EUR,XDUS,XDUS
ETF,Germany,SYBU,SPDR Bloomberg U.S. Aggregate Bond UCITS ETF (Dist),EUR,XDUS,XDUS
ETF,Germany,2B7X,iShares Fallen Angels High Yield Corp Bond UCITS ETF USD (Acc),EUR,XDUS,XDUS
ETF,Germany,XZ10,X EUR Zone Government Bond 10+ ESG UCITS ETF 1C,EUR,XDUS,XDUS
ETF,Germany,2B7M,iShares Core UK Gilts UCITS ETF,EUR,XDUS,XDUS
ETF,Germany,EIBB,Invesco Euro Government Bond UCITS ETF Dist,EUR,XDUS,XDUS
ETF,Germany,2B7H,iShares Global Govt Bond UCITS ETF USD (Acc),EUR,XDUS,XDUS
ETF,Germany,EMA5,L&G Emerging Markets Government Bond (USD) 0-5 Year Screened UCITS ETF USD Distributing,EUR,XDUS,XDUS
ETF,Germany,28IX,iShares iBonds Dec 2028 Term € Corp Crossover UCITS ETF EUR (Dist),EUR,XDUS,XDUS
ETF,Germany,VAGY,Vanguard USD Corporate 1-3 Year Bond UCITS ETF (USD) Accumulating,EUR,XDUS,XDUS
ETF,Germany,VAGT,Vanguard USD Treasury Bond UCITS ETF USD Accumulating,EUR,XDUS,XDUS
ETF,Germany,2B74,iShares £ Corp Bond ex-Financials UCITS ETF,EUR,XDUS,XDUS
ETF,Germany,EIBX,Invesco Euro Government Bond 7-10 Year UCITS ETF Dist,EUR,XDUS,XDUS
ETF,Germany,2B7G,iShares Global High Yield Corp Bond UCITS ETF USD (Acc),EUR,XDUS,XDUS
ETF,Germany,8230,iShares iBonds Dec 2034 Term $ Corp UCITS ETF,EUR,XDUS,XDUS
ETF,Germany,T1EU,Invesco US Treasury Bond 0-1 Year UCITS ETF Dist,EUR,XDUS,XDUS
ETF,Germany,83J0,iShares China CNY Bond UCITS ETF EUR Hedged (Acc),EUR,XDUS,XDUS
ETF,Germany,EAAA,Fair Oaks AAA CLO Fund UCITS ETF EUR Acc,EUR,XDUS,XDUS
ETF,Germany,T1OD,Invesco US Treasury Bond 10+ Year UCITS ETF EUR Hdg Dist,EUR,XDUS,XDUS
ETF,Germany,A01T,AXA IM US Treasury 0-1 Year UCITS ETF USD,EUR,XDUS,XDUS
ETF,Germany,A0DT,Axa IM US Treasury 0-1 Year UCITS ETF,EUR,XDUS,XDUS
ETF,Germany,GLIG,AB Global Corporate Bond Portfolio UCITS ETF,EUR,XDUS,XDUS
ETF,Germany,A4HV,Amundi USD Emerging Markets Government Bond UCITS ETF Acc,EUR,XDUS,XDUS
ETF,Germany,ESTA,Invesco EUR IG Corporate Bond Short Duration Active UCITS ETF,EUR,XDUS,XDUS
ETF,Germany,36BA,iShares USD Corporate Bond ESG SRI 0-3yr UCITS ETF EUR Hedged (Acc),EUR,XDUS,XDUS
ETF,Germany,3DCE,Robeco 3D EUR Enhanced Index Credits UCITS ETF EUR Acc,EUR,XDUS,XDUS
ETF,Germany,3SUD,iShares J.P. Morgan $ EM Bond EUR Hedged UCITS ETF (Dist),EUR,XDUS,XDUS
ETF,Germany,B29D,iShares iBonds Dec 2029 Term EUR Corp Crossover UCITS ETF,EUR,XDUS,XDUS
ETF,Germany,UEEF,iShares USD High Yield Corporate Bond ESG SRI UCITS ETF EUR Hedged (Acc),EUR,XDUS,XDUS
ETF,Germany,ASLT,AXA IM Short Duration Income UCITS ETF USD Distributing,EUR,XDUS,XDUS
ETF,Germany,ASR3,BNP Paribas Easy EUR Corporate Bond SRI PAB 1-3Y UCITS ETF Dist,EUR,XDUS,XDUS
ETF,Germany,ASRG,BNPP High Yield SRI Fund UCITS ETF,EUR,XDUS,XDUS
ETF,Germany,ASRI,BNP Paribas Easy EUR Corporate Bond SRI PAB UCITS ETF Acc,EUR,XDUS,XDUS
ETF,Germany,BJLU,BNP Paribas Easy EUR Corporate Bond SRI Fossil Free 7-10Y UCITS ETF Acc,EUR,XDUS,XDUS
ETF,Germany,LDCA,PIMCO US Short-Term High Yield Corporate Bond UCITS ETF GBP Hedged Inc,EUR,XDUS,XDUS
ETF,Germany,BJLI,BNP Paribas Easy € Corp Bond SRI Fossil Free UCITS ETF,EUR,XDUS,XDUS
ETF,Germany,AT64,Invesco BulletShares 2026 USD Corporate Bond UCITS ETF Acc,EUR,XDUS,XDUS
ETF,Germany,JLOC,JPMorgan Emerging Markets Local Currency Bond UCITS ETF,EUR,XDUS,XDUS
ETF,Germany,ASBD,Amundi EUR Ultra Short-Term Bond Active UCITS ETF Acc,EUR,XDUS,XDUS
ETF,Germany,JGAD,JPMorgan Active Global Aggregate Bond UCITS ETF,EUR,XDUS,XDUS
ETF,Germany,CNYE,China CNY Bonds UCITS ETF,EUR,XDUS,XDUS
ETF,Germany,GXUS,Amundi Global ex-US Government Bond UCITS ETF,EUR,XDUS,XDUS
ETF,Germany,LWGB,Amundi Euro Government Bonds Long Duration UCITS ETF,EUR,XDUS,XDUS
ETF,Germany,BUN8,Amundi USD High Yield Corporate Bond ESG UCITS ETF Acc,EUR,XDUS,XDUS
ETF,Germany,BUN4,Amundi Euro High Yield Corporate Bond ESG UCITS ETF,EUR,XDUS,XDUS
ETF,Germany,EUN8,iShares € Govt Bond 10-15yr UCITS ETF EUR (Dist),EUR,XDUS,XDUS
ETF,Germany,AT67,Invesco BulletShares 2028 USD Corporate Bond UCITS ETF Accumulating,EUR,XDUS,XDUS
ETF,Germany,GAEB,Goldman Sachs Emerging Markets Hard Currency Bond Active UCITS ETF,EUR,XDUS,XDUS
ETF,Germany,B8TQ,Amundi Global Government Inflation-Linked Bond 1-10Y UCITS ETF EUR Hedged Dist,EUR,XDUS,XDUS
ETF,Germany,AYE1,iShares $ High Yield Corp Bond ESG SRI UCITS ETF,EUR,XDUS,XDUS
ETF,Germany,AYE2,iShares € High Yield Corp Bond ESG SRI UCITS ETF,EUR,XDUS,XDUS
ETF,Germany,AYE3,iShares EUR High Yield Corporate Bond ESG SRI UCITS ETF EUR (Dist),EUR,XDUS,XDUS
ETF,Germany,AYEJ,iShares € Corp Bond ex-Financials 1-5Yr ESG SRI UCITS ETF,EUR,XDUS,XDUS
ETF,Germany,B29I,iShares iBonds Dec 2029 Term EUR Corporate Crossover UCITS ETF,EUR,XDUS,XDUS
ETF,Germany,C47B,Hanetf II ICAV - KRC Cat Bond UCITS ETF,EUR,XDUS,XDUS
ETF,Germany,EUNQ,iShares Spain Government Bond UCITS ETF USD Hedged (Acc),EUR,XDUS,XDUS
ETF,Germany,JPEY,JPMorgan USD High Yield Bond UCITS ETF,EUR,XDUS,XDUS
ETF,Germany,KSAB,SPDR J.P. Morgan Saudi Arabia Aggregate Bond UCITS ETF (Acc),EUR,XDUS,XDUS
ETF,Germany,10AT,Amundi Core Global Government Bond UCITS ETF Acc,EUR,XDUS,XDUS
ETF,Germany,CHSS,UBS Bloomberg US Treasury 10+ Year UCITS ETF,EUR,XDUS,XDUS
ETF,Germany,CHSK,UBS Sustainable Development Bank Bonds UCITS ETF (hedged to EUR) Accumulating,EUR,XDUS,XDUS
ETF,Germany,CHSJ,UBS (Lux) Fund Solutions – EUR AAA CLO UCITS ETF,EUR,XDUS,XDUS
ETF,Germany,USAH,L&G USD Corporate Bond Screened UCITS ETF EUR Hedged,EUR,XDUS,XDUS
ETF,Germany,IS01,iShares $ Corp Bond UCITS ETF USD (Acc),EUR,XDUS,XDUS
ETF,Germany,IS09,iShares $ Short Duration Corp Bond UCITS ETF USD (Acc),EUR,XDUS,XDUS
ETF,Germany,IS0L,iShares Germany Government Bond UCITS ETF,EUR,XDUS,XDUS
ETF,Germany,C5A0,iShares iBonds Dec 2029 Term USD Treasury UCITS ETF,EUR,XDUS,XDUS
ETF,Germany,CHSY,UBS USD Treasury Yield Plus UCITS ETF,EUR,XDUS,XDUS
ETF,Germany,EUED,iShares € UltraShort Bond ESG SRI UCITS ETF,EUR,XDUS,XDUS
ETF,Germany,MZL0,Muzinich AAA CLO UCITS ETF EUR Acc,EUR,XDUS,XDUS
ETF,Germany,GGED,Invesco Global Government Bond UCITS ETF GBP PfHdg Dist,EUR,XDUS,XDUS
ETF,Germany,CLOA,Invesco Euro CLO UCITS ETF Acc,EUR,XDUS,XDUS
ETF,Germany,VCDE,Vanguard USD Corporate 1-3 Year Bond UCITS ETF EUR Hedged Accumulating,EUR,XDUS,XDUS
ETF,Germany,AK8F,Amundi Fixed Maturity 2028 Euro Government Bond Yield + UCITS ETF Dist,EUR,XDUS,XDUS
ETF,Germany,SPP3,SPDR Bloomberg 3-7 Year U.S. Treasury Bond UCITS ETF (Dist),EUR,XDUS,XDUS
ETF,Germany,SPP5,SPDR Bloomberg 1-5 Year U.S. Corporate Bond UCITS ETF USD (Acc),EUR,XDUS,XDUS
ETF,Germany,GEVT,Goldman Sachs Global Government Bond Active UCITS ETF,EUR,XDUS,XDUS
ETF,Germany,GEUR,Goldman Sachs EUR Government Bond Active UCITS ETF EUR (Acc),EUR,XDUS,XDUS
ETF,Germany,EUEB,iShares € Corp Bond Enhanced Active UCITS ETF,EUR,XDUS,XDUS
ETF,Germany,CEB0,iShares China CNY Bond UCITS ETF,EUR,XDUS,XDUS
ETF,Germany,CCNI,onemarkets MSCI Euro IG Universal Corporate Bond UCITS ETF EUR,EUR,XDUS,XDUS
ETF,Germany,CCNG,Onemarkets MSCI Euro Government Bond 1M - 1Y UCITS ETF,EUR,XDUS,XDUS
ETF,Germany,CBUS,iShares Core UK Gilts UCITS ETF EUR Hedged (Dist),EUR,XDUS,XDUS
ETF,Germany,EMSB,Invesco Markets II plc - Invesco Emerging Markets USD Bond UCITS ETF,EUR,XDUS,XDUS
ETF,Germany,XGLU,Xtrackers II Eurozone Government Bond UCITS ETF 2C - USD Hedged,EUR,XDUS,XDUS
ETF,Germany,10AK,Amundi Core Global Government Bond UCITS ETF Dist,EUR,XDUS,XDUS
ETF,Germany,JEEG,JPMorgan EUR Government Bond Active UCITS ETF EUR (dist),EUR,XDUS,XDUS
ETF,Germany,JEIG,JPMorgan Global IG Corporate Bond Active UCITS ETF,EUR,XDUS,XDUS
ETF,Germany,CEB2,iShares JP Government Bond UCITS ETF,EUR,XDUS,XDUS
ETF,Germany,10AM,Amundi Core Global Aggregate Bond UCITS ETF Distributing,EUR,XDUS,XDUS
ETF,Germany,CEMJ,iShares $ Corp Bond ESG SRI UCITS ETF,EUR,XDUS,XDUS
ETF,Germany,CEMH,iShares USD Short Duration High Yield Corporate Bond UCITS ETF,EUR,XDUS,XDUS
ETF,Germany,EUG0,PIMCO Advantage Euro Government Bond UCITS ETF,EUR,XDUS,XDUS
ETF,Germany,CEMD,iShares Global Corporate Bond UCITS ETF,EUR,XDUS,XDUS
ETF,Germany,CEMB,iShares Broad Global Government Bond UCITS ETF (EUR Hedged) Accumulating,EUR,XDUS,XDUS
ETF,Germany,26TP,iShares € Govt Bond Italy 0-1 yr UCITS ETF,EUR,XDUS,XDUS
ETF,Germany,CEBU,iShares USD Short Duration Corporate Bond UCITS ETF EUR Hedged (Acc),EUR,XDUS,XDUS
ETF,Germany,CEBK,iShares iBonds Dec 2027 Term USD Corporate UCITS ETF USD (Acc),EUR,XDUS,XDUS
ETF,Germany,PRAP,Amundi Core USD Corporate Bond UCITS ETF Acc,EUR,FSX,XFRA
ETF,Germany,CBUE,iShares USD Treasury Bond 3-7yr UCITS ETF EUR Hedged,EUR,FSX,XFRA
ETF,Germany,GRON,iShares EUR Green Bond UCITS ETF EUR (Dist),EUR,FSX,XFRA
ETF,Germany,SNAZ,iShares J.P. Morgan USD EM Corporate Bond UCITS ETF (EUR Hedged),EUR,FSX,XFRA
ETF,Germany,IBCL,iShares € Govt Bond 15-30yr UCITS ETF EUR (Dist),EUR,FSX,XFRA
ETF,Germany,ZPR6,SPDR ICE BofA 0-5 Year EM USD Government Bond EUR Hedged UCITS ETF Accumulating,EUR,XHAM,XHAM
ETF,Germany,SXRR,iShares USD Floating Rate Bond UCITS ETF EUR Hedged,EUR,XHAM,XHAM
ETF,Germany,XB33,Xtrackers II Target Maturity Sept 2033 EUR Corporate Bond UCITS ETF 1D,EUR,XHAM,XHAM
ETF,Germany,XBHE,L&G Corporate Bond ex-Banks Higher Ratings 0-2Y UCITS ETF EUR Hedged Accumulating,EUR,XHAM,XHAM
ETF,Germany,XCO2,Amundi Global Aggregate Proceeds Bond 1-10Y UCITS ETF Acc,EUR,XHAM,XHAM
ETF,Germany,XB30,Xtrackers II Target Maturity September 2030 EUR Corporate Bond UCITS ETF 1D,EUR,XHAM,XHAM
ETF,Germany,TRDS,Invesco US Treasury Bond UCITS ETF Dist,EUR,XHAM,XHAM
ETF,Germany,UEED,iShares £ UltraShort Bond ESG SRI UCITS ETF,EUR,XHAM,XHAM
ETF,Germany,XGBE,Xtrackers EUR Corporate Green Bond UCITS ETF 1C,EUR,XHAM,XHAM
ETF,Germany,UCRH,Amundi Core USD Corporate Bond UCITS ETF EUR Hedged Distributing,EUR,XHAM,XHAM
ETF,Germany,XG01,Xtrackers II Germany Government Bond 0-1 UCITS ETF 1C,EUR,XHAM,XHAM
ETF,Germany,XEZB,Xtrackers II Eurozone Government Bond ESG Tilted UCITS ETF 1D,EUR,XHAM,XHAM
ETF,Germany,XB27,Xtrackers II Target Maturity Sept 2027 EUR Corporate Bond UCITS ETF 1D,EUR,XHAM,XHAM
ETF,Germany,XGUE,Xtrackers USD Corporate Green Bond UCITS ETF 1C EUR Hedged,EUR,XHAM,XHAM
ETF,Germany,SYBS,SPDR Bloomberg Sterling Corporate Bond UCITS ETF,EUR,XHAM,XHAM
ETF,Germany,XZEB,Xtrackers II ESG Eurozone Government Bond UCITS ETF 1C,EUR,XHAM,XHAM
ETF,Germany,XZBU,Xtrackers USD Corporate Bond SRI PAB UCITS ETF 1C,EUR,XHAM,XHAM
ETF,Germany,SYBY,SPDR Bloomberg U.S. TIPS UCITS ETF,EUR,XHAM,XHAM
ETF,Germany,XY2D,Xtrackers II iBoxx Eurozone Government Bond Yield Plus 1-3 UCITS ETF 2D,EUR,XHAM,XHAM
ETF,Germany,VAGE,Vanguard Global Aggregate Bond UCITS ETF EUR Hedged Distributing,EUR,XHAM,XHAM
ETF,Germany,VAG7,Vanguard Global Aggregate Bond UCITS ETF USD Hedged Accumulating,EUR,XHAM,XHAM
ETF,Germany,XQUA,Xtrackers ESG USD Emerging Markets Bond Quality Weighted UCITS ETF 1D,EUR,XHAM,XHAM
ETF,Germany,X03C,Xtrackers II Eurozone Government Bond 3-5 UCITS ETF 1D,EUR,XHAM,XHAM
ETF,Germany,XUHY,Xtrackers USD High Yield Corporate Bond UCITS ETF 1D,EUR,XHAM,XHAM
ETF,Germany,AK8C,Amundi Global Government Inflation-Linked Bond 1-10Y UCITS ETF,EUR,XHAM,XHAM
ETF,Germany,IB28,iShares iBonds Dec 2028 Term EUR Corporate UCITS ETF,EUR,XHAM,XHAM
ETF,Germany,IBC2,iShares USD High Yield Corporate Bond UCITS ETF EUR Hedged (Dist),EUR,XHAM,XHAM
ETF,Germany,AT68,Invesco BulletShares 2029 USD Corporate Bond UCITS ETF,EUR,XHAM,XHAM
ETF,Germany,GSXG,Goldman Sachs Global Green Bond UCITS ETF EUR Hedged (Dist),EUR,XHAM,XHAM
ETF,Germany,ASRE,BNP Paribas Easy JPM ESG EMU Government Bond IG 3-5Y UCITS ETF Cap,EUR,XHAM,XHAM
ETF,Germany,IBCC,iShares $ Treasury Bond 0-1yr UCITS ETF USD (Dist),EUR,XHAM,XHAM
ETF,Germany,IS0S,iShares Emerging Asia Local Government Bond UCITS ETF,EUR,XHAM,XHAM
ETF,Germany,62N0,iShares iBonds Dec 2030 Term $ Corp UCITS ETF USD (Acc),EUR,XHAM,XHAM
ETF,Germany,IUSH,iShares $ Corp Bond UCITS ETF EUR Hedged (Dist),EUR,XHAM,XHAM
ETF,Germany,J6G9,JPMorgan GBP Ultra-Short Income UCITS ETF GBP (dist),EUR,XHAM,XHAM
ETF,Germany,IBCS,iShares € Corp Bond Large Cap UCITS ETF,EUR,XHAM,XHAM
ETF,Germany,IE3E,iShares EUR Corporate Bond 0-3yr ESG SRI UCITS ETF EUR (Dist),EUR,XHAM,XHAM
ETF,Germany,A4HD,Amundi Core Global Government Bond UCITS ETF EUR Hedged Acc,EUR,XHAM,XHAM
ETF,Germany,A4HC,Amundi Core Euro Government Bond UCITS ETF Acc,EUR,XHAM,XHAM
ETF,Germany,A4H7,Amundi EUR Corporate Bond 1-5Y ESG UCITS ETF Acc,EUR,XHAM,XHAM
ETF,Germany,9V60,Lyxor Core US TIPS (DR) UCITS ETF - Dist,EUR,XHAM,XHAM
ETF,Germany,E0UA,iShares EUR Government Bond 0-3 Month UCITS ETF EUR (Acc),EUR,XHAM,XHAM
ETF,Germany,CBU4,iShares iBonds Dec 2028 Term $ Corp UCITS ETF USD (Dist),EUR,XHAM,XHAM
ETF,Germany,ECMS,Invesco EUR Corporate Bond ESG Short Duration Multi-Factor UCITS ETF,EUR,XHAM,XHAM
ETF,Germany,CEBY,iShares € Ultrashort Bond ESG UCITS ETF,EUR,XHAM,XHAM
ETF,Germany,D6RE,Deka iBoxx MSCI ESG EUR Corporates Green Bond UCITS ETF,EUR,XHAM,XHAM
ETF,Germany,CBUP,iShares EUR Green Bond UCITS ETF EUR (Acc),EUR,XHAM,XHAM
ETF,Germany,FESD,Fidelity ESG USD Emerging Markets Bond UCITS ETF,EUR,XHAM,XHAM
ETF,Germany,FFGH,Fidelity Global High Yield Corporate Bond Research Enhanced Paris-Aligned Benchmark UCITS ETF,EUR,XHAM,XHAM
ETF,Germany,FLCV,Franklin Catholic Principles Emerging Markets Sovereign Debt UCITS ETF,EUR,XHAM,XHAM
ETF,Germany,FRC3,UBS Core BBG Euro Inflation Linked Bond 1-10 UCITS ETF EUR dis,EUR,XHAM,XHAM
ETF,Germany,B8TR,Amundi Global Government Inflation-Linked Bond 1-10Y UCITS ETF Dist,EUR,XHAM,XHAM
ETF,Germany,BAT0,L&G UK Gilt 0-5 Year UCITS ETF,EUR,XHAM,XHAM
ETF,Germany,EUN4,iShares € Aggregate Bond ESG SRI UCITS ETF EUR (Dist),EUR,XHAM,XHAM
ETF,Germany,EUN9,iShares € Govt Bond 5-7yr UCITS ETF,EUR,XHAM,XHAM
ETF,Germany,BBEV,JPMorgan Global High Yield Corporate Bond Multi-Factor Active UCITS ETF,EUR,XHAM,XHAM
ETF,Germany,34GI,iShares iBonds Dec 2034 Term EUR Corporate UCITS ETF,EUR,XHAM,XHAM
ETF,Germany,29GI,iShares iBonds Dec 2029 Term € Corp UCITS ETF,EUR,XHAM,XHAM
ETF,Germany,36BD,iShares USD Development Bank Bonds UCITS ETF USD (Acc),EUR,XHAM,XHAM
ETF,Germany,LMTH,Amundi Euro Government Bond 25+Y UCITS ETF Acc,EUR,XHAM,XHAM
ETF,Germany,10AL,Amundi Core Euro Government Bond UCITS ETF Dist,EUR,XHAM,XHAM
ETF,Germany,PR1P,Amundi Core USD Corporate Bond UCITS ETF Dist,EUR,XHAM,XHAM
ETF,Germany,PRAS,Amundi Prime US Treasury UCITS ETF DR (C),EUR,XHAM,XHAM
ETF,Germany,30IG,iShares iBonds Dec 2030 Term € Corp UCITS ETF,EUR,XHAM,XHAM
ETF,Germany,NADB,Amundi Euro Government Bond 10-15Y UCITS ETF Dist,EUR,XHAM,XHAM
ETF,Germany,OM3H,iShares Global AAA-AA Government Bond UCITS ETF USD (Acc),EUR,XHAM,XHAM
ETF,Germany,OM3M,iShares $ Treasury Bond 3-7yr UCITS ETF USD (Dist),EUR,XHAM,XHAM
ETF,Germany,SLMG,iShares J.P. Morgan ESG $ EM Bond UCITS ETF EUR Hedged (Acc),EUR,XHAM,XHAM
ETF,Germany,10AU,Amundi Core Global Aggregate Bond UCITS ETF Acc,EUR,XHAM,XHAM
ETF,Germany,MDBA,UBS Sustainable Development Bank Bonds UCITS ETF hedged to AUD Accumulating,EUR,XHAM,XHAM
ETF,Germany,JGGE,JPMorgan Europe Aggregate Bond Active UCITS ETF EUR (dist),EUR,XHAM,XHAM
ETF,Germany,JYEH,JPMorgan Global High Yield Corporate Bond Multi-Factor Active UCITS ETF EUR Hedged (Dist),EUR,XHAM,XHAM
ETF,Germany,JMBE,JPMorgan USD Emerging Markets Sovereign Bond UCITS ETF EUR Hedged,EUR,XHAM,XHAM
ETF,Germany,KLMH,Amundi Global Aggregate Green Bond UCITS ETF EUR Hedged Acc,EUR,XHAM,XHAM
ETF,Germany,EUNT,iShares Euro Corporate Bond 1-5yr UCITS ETF,EUR,XHAN,XHAN
ETF,Mexico,SDHMXN,Ishares Iv Plc - Ishares Short Duration High Yield Corp Bond Ucits Etf,MXN,BMV,XMEX
ETF,Mexico,IEGMXN,iShares III Public Limited Company - iShares Government Bond 0-1yr UCITS ETF,MXN,BMV,XMEX
ETF,Mexico,IGBUXN,iShares Broad Global Government Bond UCITS ETF USD Hedged (Acc),MXN,BMV,XMEX
ETF,Mexico,U13CHN,Amundi US Treasury Bond 1-3Y UCITS ETF MXN Hedged Acc,MXN,BMV,XMEX
ETF,Mexico,U03AMXN,iShares USD Treasury Bond 0-3 Month UCITS ETF,MXN,BMV,XMEX
ETF,Mexico,PRAPN,Amundi USD Corporate Bond UCITS ETF Acc,MXN,BMV,XMEX
ETF,Mexico,LQMHXN,iShares Public Limited Company - iShares $ Corp Bond Interest Rate Hedged UCITS ETF,MXN,BMV,XMEX
ETF,Mexico,LQDMXN,Ishares Plc - Ishares Corp Bond Ucits Etf,MXN,BMV,XMEX
ETF,Germany,BE28,Invesco BulletShares 2028 EUR Corporate Bond UCITS ETF Dist,EUR,Munich,XMUN
ETF,Germany,BJLM,BNP Paribas Easy ESG Enhanced EUR Government Bond UCITS ETF,EUR,Munich,XMUN
ETF,Germany,BJLH,BNP Paribas Easy JPM ESG EMU Government Bond IG 1-3Y UCITS ETF Distribution,EUR,Munich,XMUN
ETF,Germany,1FB0,iShares Core Global Aggregate Bond UCITS ETF,EUR,Munich,XMUN
ETF,Germany,BSE7,Invesco BulletShares 2027 EUR Corporate Bond UCITS ETF Acc,EUR,Munich,XMUN
ETF,Germany,BJL9,BNP Paribas Easy JPM Tilted EMU Government Bond IG 5-7Y UCITS ETF,EUR,Munich,XMUN
ETF,Germany,BSE6,Invesco BulletShares 2026 EUR Corporate Bond UCITS ETF Acc,EUR,Munich,XMUN
ETF,Germany,BSE0,Invesco BulletShares 2030 EUR Corporate Bond UCITS ETF Acc,EUR,Munich,XMUN
ETF,Germany,BSE9,Invesco BulletShares 2029 EUR Corporate Bond UCITS ETF Accumulating,EUR,Munich,XMUN
ETF,Germany,CCNH,Onemarkets MSCI Euro Government Bond UCITS ETF,EUR,Munich,XMUN
ETF,Germany,CCNI,onemarkets MSCI Euro IG Universal Corporate Bond UCITS ETF,EUR,Munich,XMUN
ETF,Germany,CEB1,iShares EUR Government Bond 20yr Target Duration UCITS ETF EUR (Acc),EUR,Munich,XMUN
ETF,Germany,CEB6,iShares India INR Government Bond UCITS ETF USD (Acc),EUR,Munich,XMUN
ETF,Germany,CEB8,iShares $ Short Duration Corporate Bond UCITS ETF EUR Hedged (Dist),EUR,Munich,XMUN
ETF,Germany,CEBD,iShares iBonds Dec 2027 Term € Corp UCITS ETF,EUR,Munich,XMUN
ETF,Germany,CEBR,iShares Global High Yield Corporate Bond UCITS ETF EUR Hedged (Acc),EUR,Munich,XMUN
ETF,Germany,0G71,Ossiam Euro Government Bonds 7-10Y Carbon Reduction UCITS ETF 1C (EUR),EUR,Munich,XMUN
ETF,Germany,CEMC,iShares $ Treasury Bond 10-20yr UCITS ETF,EUR,Munich,XMUN
ETF,Germany,CCNG,onemarkets MSCI Euro Government Bond 1M - 1Y UCITS ETF,EUR,Munich,XMUN
ETF,Germany,BSE8,Invesco BulletShares 2028 EUR Corporate Bond UCITS ETF Acc,EUR,Munich,XMUN
ETF,Germany,BUN7,Amundi US Treasury Bond 10+Y UCITS ETF,EUR,Munich,XMUN
ETF,Germany,CBU0,iShares Core GBP Corporate Bond UCITS ETF,EUR,Munich,XMUN
ETF,Germany,CBU2,iShares EUR Aggregate Bond ESG SRI UCITS ETF EUR (Acc),EUR,Munich,XMUN
ETF,Germany,CBU7,iShares France Government Bond UCITS ETF USD Hedged (Dist),EUR,Munich,XMUN
ETF,Germany,CBUJ,iShares Euro Corporate Bond ESG Paris-Aligned UCITS ETF EUR Hedged Acc,EUR,Munich,XMUN
ETF,Germany,BE27,Invesco BulletShares 2027 EUR Corporate Bond UCITS ETF Dist,EUR,Munich,XMUN
ETF,Germany,36BL,iShares £ Ultrashort Bond UCITS ETF GBP (Dist),EUR,Munich,XMUN
ETF,Germany,AE53,Amundi US Treasury Bond 1-3Y UCITS ETF Dist,EUR,Munich,XMUN
ETF,Germany,5MG0,iShares Core UK Gilts UCITS ETF USD Hedged (Dist),EUR,Munich,XMUN
ETF,Germany,5W00,iShares $ Sukuk UCITS ETF USD (Dist),EUR,Munich,XMUN
ETF,Germany,XRTM,Xtrackers II Rolling Target Maturity September 2027 EUR High Yield UCITS ETF,EUR,Munich,XMUN
ETF,Germany,6Q20,iShares China CNY Government Bond UCITS ETF USD (Dist),EUR,Munich,XMUN
ETF,Germany,AIPE,AXA IM Euro Credit PAB UCITS ETF EUR Acc,EUR,Munich,XMUN
ETF,Germany,2B7S,iShares USD Treasury Bond 1-3yr UCITS ETF EUR Hedged (Acc),EUR,Munich,XMUN
ETF,Germany,2B7Q,iShares Core £ Corp Bond UCITS ETF GBP (Dist),EUR,Munich,XMUN
ETF,Germany,2B7L,iShares $ Treasury Bond 3-7yr UCITS ETF GBP Hedged (Dist),EUR,Munich,XMUN
ETF,Germany,2B75,iShares £ Corp Bond 0-5yr UCITS ETF GBP (Dist),EUR,Munich,XMUN
ETF,Germany,BCRP,Amundi Floating Rate Euro Corporate ESG UCITS ETF EUR (C),EUR,Munich,XMUN
ETF,Germany,BD30,Invesco BulletShares 2030 EUR Corporate Bond UCITS ETF Dist,EUR,Munich,XMUN
ETF,Germany,BE26,Invesco BulletShares 2026 EUR Corporate Bond UCITS ETF Distributing,EUR,Munich,XMUN
ETF,Germany,36B7,iShares Global Corporate Bond UCITS ETF EUR Hedged (Dist),EUR,Munich,XMUN
ETF,Germany,2B7T,iShares £ Index-Linked Gilts UCITS ETF GBP (Dist),EUR,Munich,XMUN
ETF,Germany,ASHE,AXA IM Short Duration Income UCITS ETF EUR (Hedged) Distributing,EUR,Munich,XMUN
ETF,Germany,ASRT,BNP Paribas Easy EUR Corporate Bond SRI PAB UCITS ETF Dist,EUR,Munich,XMUN
ETF,Germany,ATE1,Invesco EUR AT1 CoCo Bond UCITS ETF Dist,EUR,Munich,XMUN
ETF,Germany,ATEA,Invesco EUR AT1 CoCo Bond UCITS ETF Acc,EUR,Munich,XMUN
ETF,Germany,XEZ7,Xtrackers II Eurozone Government Bond 7-10 ESG Tilted UCITS ETF 1C,EUR,Munich,XMUN
ETF,Germany,IS3V,iShares Global Inflation Linked Government Bond UCITS ETF USD (Acc),EUR,Munich,XMUN
ETF,Germany,UQB2,UniActive Q Corporate Bonds Euro Enhanced UCITS ETF EUR (Acc),EUR,Munich,XMUN
ETF,Germany,IU5D,iShares Global Government Bond UCITS ETF USD (Dist),EUR,Munich,XMUN
ETF,Germany,IU5E,iShares USD Corporate 0-3 Year ESG Bond UCITS ETF GBP Hedged,EUR,Munich,XMUN
ETF,Germany,JCL0,Janus Henderson EUR AAA CLO Active Core UCITS ETF - EUR Acc,EUR,Munich,XMUN
ETF,Germany,JCLD,Janus Henderson EUR AAA CLO Active Core UCITS ETF EUR Dist.,EUR,Munich,XMUN
ETF,Germany,JEIG,JPMorgan Global Investment Grade Corporate Bond UCITS ETF,EUR,Munich,XMUN
ETF,Germany,JEUG,JPMorgan EUR Government Bond Active UCITS ETF,EUR,Munich,XMUN
ETF,Germany,JGAD,JPMorgan Global Aggregate Bond Active UCITS ETF,EUR,Munich,XMUN
ETF,Germany,JHED,Janus Henderson EUR Short Duration Income Active Core UCITS ETF EUR Dist.,EUR,Munich,XMUN
ETF,Germany,JHES,Janus Henderson EUR Short Duration Income Active Core UCITS ETF,EUR,Munich,XMUN
ETF,Germany,JLOD,J.P. Morgan Emerging Markets Local Currency Bond UCITS ETF,EUR,Munich,XMUN
ETF,Germany,IS09,iShares IV Public Limited Company - iShares $ Short Duration Corporate Bond UCITS ETF,EUR,Munich,XMUN
ETF,Germany,IS08,iShares IV Public Limited Company - iShares US Mortgage Backed Securities UCITS ETF,EUR,Munich,XMUN
ETF,Germany,HYHE,iShares Broad USD High Yield Corporate Bond UCITS ETF,EUR,Munich,XMUN
ETF,Germany,CEMJ,iShares II PLC - iShares USD Corporate Bond ESG SRI UCITS ETF Accumulating Hedged EUR,EUR,Munich,XMUN
ETF,Germany,IB27,iShares iBonds Dec 2027 Term EUR Corporate UCITS ETF EUR (Acc),EUR,Munich,XMUN
ETF,Germany,IB36,iShares iBonds Dec 2036 Term € Corp UCITS ETF EUR (Acc),EUR,Munich,XMUN
ETF,Germany,IBCA,iShares € Govt Bond 1-3yr UCITS ETF,EUR,Munich,XMUN
ETF,Germany,V3GF,Vanguard ESG Global Corporate Bond UCITS ETF EUR Hedged Accumulating,EUR,Munich,XMUN
ETF,Germany,IBCM,iShares € Govt Bond 7-10yr UCITS ETF,EUR,Munich,XMUN
ETF,Germany,IEXA,iShares € Corp Bond ex-Financials UCITS ETF,EUR,Munich,XMUN
ETF,Germany,IG31,iShares iBonds Dec 2031 Term € Corp UCITS ETF,EUR,Munich,XMUN
ETF,Germany,IS00,iShares II Public Limited Company - iShares $ High Yield Corporate Bond UCITS ETF,EUR,Munich,XMUN
ETF,Germany,IS02,iShares J.P. Morgan $ EM Bond UCITS ETF USD (Acc),EUR,Munich,XMUN
ETF,Germany,IS03,iShares US Aggregate Bond UCITS ETF USD (Acc),EUR,Munich,XMUN
ETF,Germany,JPRY,JPMorgan USD High Yield Bond Active UCITS ETF USD (acc),EUR,Munich,XMUN
ETF,Germany,PTAM,Performa Fixed Income Trust Bond UCITS ETF,EUR,Munich,XMUN
ETF,Germany,TAEH,Janus Henderson Haitong Asia ex-Japan High Yield Corp USD Bond Screened Core UCITS ETF EUR-Hedged Dist.,EUR,Munich,XMUN
ETF,Germany,PJSD,PIMCO Sterling Short Maturity UCITS ETF,EUR,Munich,XMUN
ETF,Germany,SEUA,SPDR Bloomberg 0-3 Year Euro Corporate Bond UCITS ETF Accumulating,EUR,Munich,XMUN
ETF,Germany,SXRC,iShares IV Public Limited Company - iShares $ Treasury Bond 20+yr UCITS ETF,EUR,Munich,XMUN
ETF,Germany,SPFF,SPDR Bloomberg Global Aggregate Bond UCITS ETF EUR Hedged (Acc),EUR,Munich,XMUN
ETF,Germany,TGBT,VanEck iBoxx EUR Sovereign Diversified 1-10 UCITS ETF,EUR,Munich,XMUN
ETF,Germany,PJSC,PIMCO US Short-Term High Yield Corporate Bond UCITS ETF Dist,EUR,Munich,XMUN
ETF,Germany,LGQ6,Amundi US Treasury Bond 3-7Y UCITS ETF Dist,EUR,Munich,XMUN
ETF,Germany,TRDX,Invesco US Treasury Bond 7-10 Year UCITS ETF Dist,EUR,Munich,XMUN
ETF,Germany,TRDL,Invesco US Treasury Bond 10+ Year UCITS ETF GBP Hedged Dist,EUR,Munich,XMUN
ETF,Germany,LYTI,Multi Units Luxembourg - Lyxor Core UK Government Inflation-Linked Bond (DR) UCITS ETF,EUR,Munich,XMUN
ETF,Germany,MG3A,M&G European AAA CLO Active UCITS ETF,EUR,Munich,XMUN
ETF,Germany,OM3B,iShares USD TIPS 0-5 UCITS ETF GBP Hedged (Dist),EUR,Munich,XMUN
ETF,Germany,I28X,iShares iBonds Dec 2028 Term € Corp Crossover UCITS ETF,EUR,Munich,XMUN
ETF,Germany,EDEH,BNP Paribas Easy Alpha Enhanced Global High Yield UCITS ETF (Acc),EUR,Munich,XMUN
ETF,Germany,EDMA,iShares Italy Government Bond UCITS ETF USD Hedged (Accumulating),EUR,Munich,XMUN
ETF,Germany,EFRB,iShares Euro Floating Rate Bond UCITS ETF,EUR,Munich,XMUN
ETF,Germany,EIB5,Invesco Euro Government Bond 3-5 Year UCITS ETF,EUR,Munich,XMUN
ETF,Germany,ERNX,iShares € Ultrashort Bond UCITS ETF EUR (Acc),EUR,Munich,XMUN
ETF,Germany,ESTD,Invesco EUR IG Corporate Bond Active UCITS ETF Dist,EUR,Munich,XMUN
ETF,Germany,EUN6,iShares € Govt Bond 0-1yr UCITS ETF,EUR,Munich,XMUN
ETF,Germany,EAH,Amundi Euro Government Green Bond UCITS ETF Acc,EUR,Munich,XMUN
ETF,Germany,XB4D,Xtrackers II EUR Corporate Bond SRI PAB UCITS ETF 1C,EUR,Munich,XMUN
ETF,Germany,CHSJ,UBS (Lux) Fund Solutions – UBS EUR AAA CLO UCITS ETF,EUR,Munich,XMUN
ETF,Germany,CHSK,UBS (Lux) Fund Solutions – Sustainable Development Bank Bonds UCITS ETF (hedged to EUR) Accumulating,EUR,Munich,XMUN
ETF,Germany,CHSQ,UBS Bloomberg US Treasury 10+ UCITS ETF (hedged to EUR) Distributing,EUR,Munich,XMUN
ETF,Germany,CHSV,UBS Core BBG US Treasury 1-10 UCITS ETF USD dis,EUR,Munich,XMUN
ETF,Germany,CHSZ,UBS EUR Treasury Yield Plus UCITS ETF,EUR,Munich,XMUN
ETF,Germany,XAT1,Invesco USD AT1 CoCo Bond UCITS ETF EUR Hdg Dist,EUR,Munich,XMUN
ETF,Germany,CLOA,Invesco EUR CLO UCITS ETF Acc,EUR,Munich,XMUN
ETF,Germany,DX1H,IndexIQ Factors Sustainable Corporate Euro Bond UCITS ETF,EUR,Munich,XMUN
ETF,Germany,EUND,iShares II Plc USD High Yield Corp Bond UCITS ETF GBP Hedged (Dist),EUR,Munich,XMUN
ETF,Germany,X03D,Xtrackers II Global Government Bond UCITS ETF 2D GBP Hedged,EUR,Munich,XMUN
ETF,Germany,X03B,Xtrackers Eurozone Government Bond 1-3 UCITS ETF 1D,EUR,Munich,XMUN
ETF,Germany,EUNE,iShares US Aggregate Bond UCITS ETF EUR Hedged (Acc),EUR,Munich,XMUN
ETF,Germany,EUNG,iShares UK Gilts 0-5yr UCITS ETF GBP (Dist),EUR,Munich,XMUN
ETF,Germany,GACJ,Goldman Sachs Global Green Bond UCITS ETF USD Hedged (Dist),EUR,Munich,XMUN
ETF,Germany,VGCF,Vanguard EUR Corporate 1-3 Year Bond UCITS ETF EUR Accumulating,EUR,Munich,XMUN
ETF,Germany,EUNF,iShares Core EUR Corporate Bond UCITS ETF GBP Hedged (Dist),EUR,Munich,XMUN
ETF,Germany,GACK,Goldman Sachs Emerging Markets Green and Social Bond Active UCITS ETF,EUR,Munich,XMUN
ETF,Germany,H41U,HSBC Global Funds ICAV – China Government Local Bond UCITS ETF,EUR,Munich,XMUN
ETF,Germany,H41S,HSBC Global Funds ICAV - Global Government Bond UCITS ETF - EUR Hedged,EUR,Munich,XMUN
ETF,Germany,GACM,Goldman Sachs Global Green Bond UCITS ETF,EUR,Munich,XMUN
ETF,Germany,GACN,Goldman Sachs Access China Government Bond UCITS ETF USD (Acc),EUR,Munich,XMUN
ETF,Germany,GB1D,Invesco Global High Yield Corporate Bond ESG Climate Transition UCITS ETF,EUR,Munich,XMUN
ETF,Germany,GCAG,Goldman Sachs Global Credit Plus Active UCITS ETF,EUR,Munich,XMUN
ETF,Germany,GGBD,Invesco Global Government Bond UCITS ETF Dist,EUR,Munich,XMUN
ETF,Germany,GL15,Invesco UK Gilt 1-5 Year UCITS ETF Dist,EUR,Munich,XMUN
ETF,Germany,EUNP,iShares Fallen Angels High Yield Corporate Bond GBP-Hedged UCITS ETF,EUR,Munich,XMUN
ETF,Germany,EUNW,iShares € High Yield Corp Bond UCITS ETF EUR (Dist),EUR,Munich,XMUN
ETF,Germany,EUTA,Invesco EUR IG Corporate Bond Active UCITS ETF Acc,EUR,Munich,XMUN
ETF,Germany,VUDY,Vanguard US Treasury 1-3 Year Bond UCITS ETF,EUR,Munich,XMUN
ETF,Germany,FGZD,UBS (Lux) Fund Solutions – Bloomberg Japan Treasury 1-3 UCITS ETF hEUR Acc,EUR,Munich,XMUN
ETF,Germany,VLDP,Vanguard US Treasury 7-10 Year Bond UCITS ETF USD Distributing,EUR,Munich,XMUN
ETF,Germany,H41Y,HSBC Global Funds ICAV - Euro Corporate Bond UCITS ETF},EUR,Munich,XMUN
ETF,Germany,FSCI,Fidelity Global Corporate Bond Research Enhanced PAB UCITS ETF,EUR,Munich,XMUN
ETF,Germany,X13G,Amundi Euro Lowest Rated IG Government Bond 1-3Y UCITS ETF Acc,EUR,XSTU,XSTU
ETF,Taiwan,00983B,iShares USD Treasury Bond 20+yr UCITS ETF,TWD,TWSE,XTAI
