Classification,Country,symbol,name,currency,exchange,mic_code
ETF,Netherlands,STEC,iShares STOXX Europe 600 Technology UCITS ETF (DE),EUR,Euronext,XAMS
ETF,Netherlands,EXCD,iShares MSCI EM ex-China UCITS ETF USD (Dist),USD,Euronext,XAMS
ETF,Netherlands,EXA1,iShares EURO STOXX Banks 30-15 UCITS ETF (DE) EUR (Acc),EUR,Euronext,XAMS
ETF,Netherlands,EUFG,iShares Europe Foreign Focus UCITS ETF EUR (Acc),EUR,Euronext,XAMS
ETF,Netherlands,ESPX,iShares S&P 500 Scored and Screened UCITS ETF USD (Acc),USD,Euronext,XAMS
ETF,Netherlands,ESCE,iShares MSCI Europe Small Cap UCITS ETF,EUR,Euronext,XAMS
ETF,Netherlands,WFNS,iShares MSCI World Financials Sector Advanced UCITS ETF USD (Dist),USD,Euronext,XAMS
ETF,Netherlands,EPAD,iShares MSCI Europe Paris-Aligned Climate UCITS ETF EUR (Dist),EUR,Euronext,XAMS
ETF,Netherlands,WNEN,iShares MSCI USA UCITS ETF,USD,Euronext,XAMS
ETF,Netherlands,WSMT,iShares MSCI World Materials Sector Advanced UCITS ETF USD (Acc),USD,Euronext,XAMS
ETF,Netherlands,FXEU,First Trust FactorFX UCITS ETF Acc,EUR,Euronext,XAMS
ETF,Netherlands,VESD,Vanguard FTSE Developed Europe ex-U.K. UCITS ETF,EUR,Euronext,XAMS
ETF,Netherlands,V3ML,Vanguard ESG Emerging Markets All Cap UCITS ETF (USD) Distributing,EUR,Euronext,XAMS
ETF,Netherlands,V3NA,Vanguard ESG North America All Cap UCITS ETF (USD) Accumulating,EUR,Euronext,XAMS
ETF,Netherlands,I50E,iShares S&P 500 Swap UCITS ETF,EUR,Euronext,XAMS
ETF,Netherlands,V3PL,Vanguard ESG Developed Asia Pacific All Cap UCITS ETF (USD) Distributing,EUR,Euronext,XAMS
ETF,Netherlands,VCASH.XAMS,Vanguard EUR Cash UCITS ETF EUR,EUR,Euronext,XAMS
ETF,Netherlands,H2O,First Trust Nasdaq Clean Edge Global Water UCITS ETF Acc,USD,Euronext,XAMS
ETF,Netherlands,VERX,Vanguard FTSE Developed Europe ex UK UCITS ETF (EUR) Distributing,EUR,Euronext,XAMS
ETF,Netherlands,VESC,Vanguard FTSE Developed Europe Small-Cap UCITS ETF EUR Acc,EUR,Euronext,XAMS
ETF,Netherlands,GRET,iShares Global REITs and Listed Real Estate UCITS ETF,USD,Euronext,XAMS
ETF,Netherlands,VEZU,Vanguard FTSE Eurozone UCITS ETF EUR Accumulating,EUR,Euronext,XAMS
ETF,Netherlands,BNEH,iShares S&P US Banks UCITS ETF,EUR,Euronext,XAMS
ETF,Netherlands,BEEH,bluesphere° European Equity UCITS ETF – HUF Hedged,HUF,Euronext,XAMS
ETF,Netherlands,BEEC,BlueSphere European Equity UCITS ETF CZK Hedged – Accumulating,CZK,Euronext,XAMS
ETF,Netherlands,ACSW,iShares MSCI ACWI Swap UCITS ETF,USD,Euronext,XAMS
ETF,Netherlands,600X,SPDR STOXX Europe 600 SRI UCITS ETF (Acc),EUR,Euronext,XAMS
ETF,Netherlands,XUES,iSh MSCI World ex-USA UCITS ETF,USD,Euronext,XAMS
ETF,Netherlands,BSEU,BlueSphere European Equity UCITS ETF - Accumulating ETF Share Class EUR,EUR,Euronext,XAMS
ETF,Netherlands,BSTC,BlueSphere US Technology UCITS ETF – CZK Hedged,CZK,Euronext,XAMS
ETF,Netherlands,BSTE,BlueSphere US Technology UCITS ETF,EUR,Euronext,XAMS
ETF,Netherlands,BSTH,BlueSphere US Technology UCITS ETF HUF Hedged,HUF,Euronext,XAMS
ETF,Netherlands,CSUK,iShares MSCI UK UCITS ETF GBP (Acc),USD,Euronext,XAMS
ETF,Netherlands,CNDX,iShares NASDAQ 100 UCITS ETF USD (Acc),EUR,Euronext,XAMS
ETF,Netherlands,CEUU,iShares Core MSCI EMU UCITS ETF USD Hedged (Acc),USD,Euronext,XAMS
ETF,Netherlands,CEU2.USD,AMUNDI INDEX MSCI EUROPE UCITS,USD,Euronext,XAMS
ETF,Netherlands,CEMU,iShares Core MSCI EMU UCITS ETF EUR (Acc),EUR,Euronext,XAMS
ETF,Netherlands,CEMP,iShares Core MSCI EMU UCITS ETF GBP Hedged (Dist),GBP,Euronext,XAMS
ETF,Netherlands,ICHD,iShares MSCI China UCITS ETF USD (Dist),USD,Euronext,XAMS
ETF,Netherlands,CBEU,First Trust Nasdaq Cybersecurity UCITS ETF EUR Hedged Acc,EUR,Euronext,XAMS
ETF,Netherlands,BTC.XAMS,MELANION BITCOIN EQUITIES UCITS,EUR,Euronext,XAMS
ETF,Netherlands,BSWH,BlueSphere World Equity UCITS ETF - HUF Hedged Accumulating,HUF,Euronext,XAMS
ETF,Netherlands,BSWE,BlueSphere World Equity UCITS ETF - Acc,EUR,Euronext,XAMS
ETF,Netherlands,BSUH,BlueSphere US Equity UCITS ETF HUF Hedged,HUF,Euronext,XAMS
ETF,Netherlands,BSUE,BlueSphere US Equity UCITS ETF Accumulating,EUR,Euronext,XAMS
ETF,Netherlands,BSUC,BlueSphere US Equity UCITS ETF - CZK Hedged,CZK,Euronext,XAMS
ETF,Netherlands,I50D,iShares S&P 500 Swap UCITS ETF USD (Dist),USD,Euronext,XAMS
ETF,Netherlands,IUHE,iShares S&P 500 Health Care Sector UCITS ETF EUR Hedged (Dist),EUR,Euronext,XAMS
ETF,Netherlands,UPAB,iShares S&P 500 Paris-Aligned Climate UCITS ETF USD (Dist),USD,Euronext,XAMS
ETF,Netherlands,IUSI,iShares US Property Yield UCITS ETF,USD,Euronext,XAMS
ETF,Netherlands,JAEE,iShares Japan Equity Enhanced Active UCITS ETF,USD,Euronext,XAMS
ETF,Netherlands,JPDV,iShares Japan Dividend UCITS ETF USD (Dist),USD,Euronext,XAMS
ETF,Netherlands,UBUS,UBS Factor MSCI USA Prime Value Screened UCITS ETF USD dis,EUR,Euronext,XAMS
ETF,Netherlands,LAMT,iShares MSCI EM Latin America UCITS ETF,USD,Euronext,XAMS
ETF,Netherlands,MACU,iShares Consensus Preference Shares UCITS ETF,USD,Euronext,XAMS
ETF,Netherlands,MAGU,iShares Global Property Portfolio UCITS ETF,USD,Euronext,XAMS
ETF,Netherlands,MAXS,iShares US Large Cap Max Buffer Sep UCITS ETF USD (Acc),USD,Euronext,XAMS
ETF,Netherlands,MVEW,iShares MSCI World Volatility Advanced UCITS ETF,USD,Euronext,XAMS
ETF,Netherlands,N1UD,iShares NASDAQ 100 Swap UCITS ETF (Dist),USD,Euronext,XAMS
ETF,Netherlands,NUUR,iShares Core MSCI Emerging Markets UCITS ETF,USD,Euronext,XAMS
ETF,Netherlands,OPEN,iShares IV plc - iShares Inclusion and Diversity UCITS ETF,EUR,Euronext,XAMS
ETF,Netherlands,THRW,iShares World Thematic Rotation Active UCITS ETF,USD,Euronext,XAMS
ETF,Netherlands,RU2K,iShares Russell 2000 Swap UCITS ETF USD (Acc),USD,Euronext,XAMS
ETF,Netherlands,S2P0,ISHARES S&P 500 TOP 20 UCITS ETF USD (DIST),USD,Euronext,XAMS
ETF,Netherlands,SXLY,SPDR S&P U.S. Consumer Discretionary Select Sector UCITS ETF USD,EUR,Euronext,XAMS
ETF,Netherlands,SXLI,SPDR S&P U.S. Industrials Select Sector UCITS ETF USD,EUR,Euronext,XAMS
ETF,Netherlands,SP4S,iShares S&P Mid Cap 400 Swap UCITS ETF,USD,Euronext,XAMS
ETF,Netherlands,MVEA,iShares Edge MSCI USA Minimum Volatility Advanced UCITS ETF,USD,Euronext,XAMS
ETF,Netherlands,ISPY,L&G Cyber Security UCITS ETF,EUR,Euronext,XAMS
ETF,Netherlands,IFRE,iShares MSCI France UCITS ETF,EUR,Euronext,XAMS
ETF,Netherlands,INFBN,Horizon Kinetics Full-Cycle Inflation Equity Fund UCITS ETF,USD,Euronext,XAMS
ETF,Netherlands,INFUA,iShares MSCI UK UCITS ETF (Acc) USD,USD,Euronext,XAMS
ETF,Netherlands,IOGP,iShares Oil & Gas Exploration & Production UCITS ETF,EUR,Euronext,XAMS
ETF,Netherlands,IDSE,iShares MSCI Europe SRI UCITS ETF USD (Acc),USD,Euronext,XAMS
ETF,Netherlands,USCE,SPDR Bloomberg SASB Euro Corporate ESG UCITS ETF,EUR,Euronext,XAMS
ETF,Netherlands,IFFI,iShares MSCI AC Far East ex-Japan UCITS ETF USD,USD,Euronext,XAMS
ETF,Belgium,BEL,Amundi BEL 20 UCITS ETF Dist,EUR,Euronext,XBRU
ETF,Denmark,MAJLO,Maj Invest UCITS ETF Lifestyle & Obesity,DKK,OMXC,XCSE
ETF,Denmark,MAJAIS,Maj Invest UCITS ETF AI & Semiconductor,DKK,OMXC,XCSE
ETF,Denmark,MAJDCS,Maj Invest UCITS ETF Defence & Cybersecurity,DKK,OMXC,XCSE
ETF,Denmark,MAJSWN,Maj Invest UCITS ETF Solar W,DKK,OMXC,XCSE
ETF,Ireland,S5USAS,UBS ETFs plc - S&P 500 SF UCITS ETF,USD,ISE,XDUB
ETF,Ireland,SEMA,iShares III Public Limited Company - iShares MSCI EM UCITS ETF USD,USD,ISE,XDUB
ETF,Ireland,ACWD,SPDR MSCI ACWI UCITS ETF,USD,ISE,XDUB
ETF,Ireland,AJEUAS,UBS ETFs plc - MSCI AC Asia Ex Japan SF UCITS ETF,USD,ISE,XDUB
ETF,Ireland,XRSM,Xtrackers Russell Midcap UCITS ETF 1C,USD,ISE,XDUB
ETF,Ireland,SXLK,SSgA SPDR ETFs Europe II Public Limited Company - SPDR S&P U.S. Technology Select Sector UCITS ETF,USD,ISE,XDUB
ETF,Ireland,SXLI,SSgA SPDR ETFs Europe II Public Limited Company - SPDR S&P U.S. Industrials Select Sector UCITS ETF,USD,ISE,XDUB
ETF,Ireland,SXLF,SPDR S&P U.S. Financials Select Sector UCITS ETF,USD,ISE,XDUB
ETF,Ireland,SXLE,SSgA SPDR ETFs Europe II Public Limited Company - SPDR S&P U.S. Energy Select Sector UCITS ETF,USD,ISE,XDUB
ETF,Ireland,SWDA,iShares Core MSCI World UCITS ETF USD,USD,ISE,XDUB
ETF,Ireland,ASDV,SPDR S&P Pan Asia Dividend Aristocrats UCITS ETF,USD,ISE,XDUB
ETF,Ireland,ISAG,iShares Agribusiness UCITS ETF USD,USD,ISE,XDUB
ETF,Ireland,MLPS,Invesco Markets plc - Invesco Morningstar US Energy Infrastructure MLP UCITS ETF,USD,ISE,XDUB
ETF,Ireland,WFIN,SPDR MSCI World Financials UCITS ETF USD Acc,USD,ISE,XDUB
ETF,Ireland,IUFS,iShares V Public Limited Company - iShares S&P 500 Financials Sector UCITS ETF,USD,ISE,XDUB
ETF,Ireland,EIMI,iShares Public Limited Company - iShares Core MSCI EM IMI UCITS ETF,USD,ISE,XDUB
ETF,Ireland,EGUSAS,UBS ETFs plc - MSCI Emerging Markets SF UCITS ETF,USD,ISE,XDUB
ETF,Ireland,IOGP,iShares Oil & Gas Exploration & Production UCITS ETF USD,USD,ISE,XDUB
ETF,Ireland,IWVL,iShares Edge MSCI World Value Factor UCITS ETF USD,USD,ISE,XDUB
ETF,Ireland,WTEC,SPDR MSCI World Technology UCITS ETF USD Acc,USD,ISE,XDUB
ETF,Ireland,QDIV,iShares II plc - iShares MSCI USA Quality Dividend UCITS ETF,USD,ISE,XDUB
ETF,Ireland,IDAR,iShares Asia Property Yield UCITS ETF USD,USD,ISE,XDUB
ETF,Ireland,IJPU,iShares Public Limited Company - iShares MSCI Japan UCITS ETF USD,USD,ISE,XDUB
ETF,Ireland,VDEV,Vanguard FTSE Developed World UCITS ETF USD Distributing,USD,ISE,XDUB
ETF,Ireland,VDEM,Vanguard Funds Public Limited Company - Vanguard FTSE Emerging Markets UCITS ETF,USD,ISE,XDUB
ETF,Ireland,HMCH,HSBC MSCI China UCITS ETF,USD,ISE,XDUB
ETF,Ireland,HMXD,HSBC MSCI Pacific ex Japan UCITS ETF,USD,ISE,XDUB
ETF,Ireland,IMID,SSgA SPDR ETFs Europe I Public Limited Company - SPDR MSCI ACWI IMI UCITS ETF,USD,ISE,XDUB
ETF,Ireland,DLTM,iShares MSCI EM Latin America UCITS ETF USD,USD,ISE,XDUB
ETF,Germany,EMGD,Franklin FTSE Emerging Markets UCITS ETF (USD) Distributing,EUR,XETR,XETR
ETF,Germany,BJL5,BNP Paribas Easy JPM ESG EMBI Global Diversified Composite UCITS ETF Hedged AUD Capitalisation,AUD,XETR,XETR
ETF,Germany,EEPG,BNP Paribas Easy FTSE EPRA/NAREIT Developed Europe UCITS ETF QD EUR Hedged,EUR,XETR,XETR
ETF,Germany,BGX,Expat Bulgaria SOFIX UCITS ETF,EUR,XETR,XETR
ETF,Germany,JP40,Amundi JPX-Nikkei 400 UCITS ETF EUR (C),EUR,XETR,XETR
ETF,Germany,AFDE,AXA IM Global Inflation-Linked Bond Opportunities UCITS ETF,EUR,XETR,XETR
ETF,Germany,CUIK,Amundi MSCI UK IMI SRI PAB UCITS ETF DR - GBP (D),EUR,XETR,XETR
ETF,Germany,XMN1,Xtrackers MSCI Nordic UCITS ETF 1C,EUR,XETR,XETR
ETF,Germany,PAUD,Invesco MSCI World ESG Climate Paris Aligned UCITS ETF Acc,EUR,XETR,XETR
ETF,Germany,EEAV,BNP Paribas Easy Equity Premium Income UCITS ETF Accumulating,EUR,XETR,XETR
ETF,Germany,EEAS,BNP Paribas Easy Global Equity Long/Short UCITS ETF Acc,EUR,XETR,XETR
ETF,Germany,EEAP,BNP Paribas Easy MSCI World ex USA UCITS ETF,USD,XETR,XETR
ETF,Germany,EEAY,BNP Paribas Easy MSCI World Ex USA Min TE UCITS ETF,USD,XETR,XETR
ETF,Germany,POWA,"Boreas S&P AI Data, Power & Infrastructure UCITS ETF - USD (Acc)",USD,XETR,XETR
ETF,Germany,EFQA,Deka STOXX Future Water ESG UCITS ETF,EUR,XETR,XETR
ETF,Germany,BJLB,BNP Paribas Easy ECPI Global ESG Infrastructure UCITS ETF USD Capitalisation,USD,XETR,XETR
ETF,Germany,ACU2,Amundi PEA MSCI USA ESG Selection UCITS ETF - EUR,EUR,XETR,XETR
ETF,Germany,ACUG,Amundi MSCI Emerging Markets SRI PAB UCITS ETF DR (C),EUR,XETR,XETR
ETF,Germany,CSY8,UBS MSCI USA Small Cap Selection UCITS ETF USD acc,EUR,XETR,XETR
ETF,Germany,CSY9,UBS Factor MSCI World Selection Minimum Volatility UCITS ETF USD Accumulating,EUR,XETR,XETR
ETF,Germany,CT3C,Global X CleanTech UCITS ETF,EUR,XETR,XETR
ETF,Germany,JMLP,HANetf Alerian Midstream Energy Dividend UCITS ETF,EUR,XETR,XETR
ETF,Germany,XNDQ,Xtrackers Nasdaq 100 Swap UCITS ETF,EUR,XETR,XETR
ETF,Germany,XNDD,Xtrackers Nasdaq 100 Swap UCITS ETF 1D,USD,XETR,XETR
ETF,Germany,AE5A,Amundi Core MSCI Emerging Markets Swap UCITS ETF Acc,EUR,XETR,XETR
ETF,Germany,JMAC,JPMorgan Strategic Allocation Conservative Active UCITS ETF EUR (Acc),EUR,XETR,XETR
ETF,Germany,D500,Invesco S&P 500 UCITS ETF Dist,EUR,XETR,XETR
ETF,Germany,EDEX,BNP Paribas Easy MSCI Europe UCITS ETF Acc,EUR,XETR,XETR
ETF,Germany,EDEP,BNP Paribas Easy MSCI World II UCITS ETF,USD,XETR,XETR
ETF,Germany,JPCT,JPMorgan Carbon Transition Global Equity (CTB) UCITS ETF USD (acc),EUR,XETR,XETR
ETF,Germany,NSDT,Amundi Nasdaq-100 Target Income UCITS ETF Dist,EUR,XETR,XETR
ETF,Germany,AIUT,AXA Investment Managers MSCI USA PAB UCITS ETF,EUR,XETR,XETR
ETF,Germany,BCFV,UBS MSCI USA Mega Cap UCITS ETF USD Accumulating,EUR,XETR,XETR
ETF,Germany,BCFT,UBS Core S&P 500 UCITS ETF USD Accumulating,EUR,XETR,XETR
ETF,Germany,BCFR,UBS Solactive US Listed Gold & Silver Miners UCITS ETF USD acc,USD,XETR,XETR
ETF,Germany,OM3X,iShares OMX Stockholm Capped UCITS ETF,SEK,XETR,XETR
ETF,Germany,AIFS,iShares AI Infrastructure UCITS ETF USD (Acc),EUR,XETR,XETR
ETF,Germany,ONSW,iShares € Overnight Rate Swap UCITS ETF,EUR,XETR,XETR
ETF,Germany,AH50,Xtrackers Harvest CSI A500 UCITS ETF 1D,EUR,XETR,XETR
ETF,Germany,EDMW,iShares MSCI World ESG Enhanced CTB UCITS ETF USD (Acc),EUR,XETR,XETR
ETF,Germany,AHYF,A Global Aggregate SRI 1-5 UCITS ETF,EUR,XETR,XETR
ETF,Germany,EDMJ,iShares MSCI Japan CTB Enhanced ESG UCITS ETF USD Acc,EUR,XETR,XETR
ETF,Germany,WMMV,Amundi MSCI World Minimum Volatility UCITS ETF,EUR,XETR,XETR
ETF,Germany,AHYT,AXA IM US High Yield Opportunities UCITS ETF,EUR,XETR,XETR
ETF,Germany,AHYW,Amundi Core MSCI World Swap UCITS ETF,USD,XETR,XETR
ETF,Germany,AHYZ,Amundi MSCI Japan ESG Broad Transition UCITS ETF EUR Acc,EUR,XETR,XETR
ETF,Germany,EDM4,iShares MSCI EMU ESG Enhanced CTB UCITS ETF,EUR,XETR,XETR
ETF,Germany,AIDE,AXA IM EUR IG PAB UCITS DST,EUR,XETR,XETR
ETF,Germany,JPAS,JPMorgan AC Asia Pacific ex Japan Research Enhanced Index Equity ESG UCITS ETF USD Acc,SEK,XETR,XETR
ETF,Germany,CSY5,UBS MSCI World Selection UCITS ETF USD acc,EUR,XETR,XETR
ETF,Germany,ACPE,AXA IM Global Inflation-Linked Bond Opportunities UCITS ETF EUR (H) Acc,EUR,XETR,XETR
ETF,Germany,BPUE,Nordea BetaPlus Enhanced European Select Equity UCITS ETF,EUR,XETR,XETR
ETF,Germany,BPGU,BetaPlus Enhanced Global Sustainable Equity UCITS ETF,USD,XETR,XETR
ETF,Germany,6PSC,Invesco FTSE RAFI Europe UCITS ETF Dist,EUR,XETR,XETR
ETF,Germany,H41H,HSBC MSCI World UCITS ETF EUR Hedged (Acc),EUR,XETR,XETR
ETF,Germany,6PSK,Invesco FTSE RAFI Emerging Markets UCITS ETF Dist,EUR,XETR,XETR
ETF,Germany,CSE,Sustainable Future UCITS ETF Accumulation,EUR,XETR,XETR
ETF,Germany,H4Z1,HSBC Emerging Market Screened Equity UCITS ETF,EUR,XETR,XETR
ETF,Germany,H4Z2,HSBC Asia Pacific Ex Japan Screened Equity UCITS ETF USD,EUR,XETR,XETR
ETF,Germany,0EMU,Ossiam MSCI EMU UCITS ETF 1C,EUR,XETR,XETR
ETF,Germany,DEL2,L&G DAX Daily 2x Long UCITS ETF,EUR,XETR,XETR
ETF,Germany,JGSC,JPMorgan Global Research Enhanced Index Equity SRI Paris Aligned Active UCITS ETF USD (acc),EUR,XETR,XETR
ETF,Germany,"5,00 PAB",GX SPX Annual BFR UCITS ETF,EUR,XETR,XETR
ETF,Germany,4UBQ,UBS S&P 500 Scored & Screened UCITS ETF USD acc,EUR,XETR,XETR
ETF,Germany,4UBR,UBS ETF Bloomberg MSCI Global Liquid Corporates Sustainable UCITS ETF (hedged to EUR),EUR,XETR,XETR
ETF,Germany,VEDD,Vanguard FTSE Developed Europe Small-Cap UCITS ETF (EUR) Distributing,EUR,XETR,XETR
ETF,Germany,H414,HSBC PLUS Emerging Markets Equity Quant Active UCITS ETF USD Acc,EUR,XETR,XETR
ETF,Germany,XSXE,Xtrackers Stoxx Europe 600 UCITS ETF 2C - EUR Hedged,EUR,XETR,XETR
ETF,Germany,VE6I,VanEck Sustainable Future of Food UCITS ETF,EUR,XETR,XETR
ETF,Germany,H417,HSBC PLUS Emerging Markets Equity Quant Active UCITS ETF,EUR,XETR,XETR
ETF,Germany,XSX7,Xtrackers Stoxx Europe 600 UCITS ETF 1D,EUR,XETR,XETR
ETF,Germany,ROX,Expat Romania BET UCITS ETF,EUR,XETR,XETR
ETF,Germany,XSWD,Xtrackers MSCI World Small Cap UCITS ETF,EUR,XETR,XETR
ETF,Germany,EMNE,Amundi Index MSCI Europe ESG Broad CTB UCITS ETF DR EUR,EUR,XETR,XETR
ETF,Germany,XDWM,Xtrackers MSCI World Materials UCITS ETF 1C,EUR,XETR,XETR
ETF,Germany,BPDE,BetaPlus Enhanced Global Developed Sustainable Equity UCITS ETF,EUR,XETR,XETR
ETF,Germany,VCAS,Vanguard EUR Cash UCITS ETF EUR Distributing,EUR,XETR,XETR
ETF,Germany,EL4I,Deka MSCI USA Large Cap UCITS ETF,EUR,XETR,XETR
ETF,Germany,AAKI,ARK Artificial Intelligence & Robotics UCITS ETF,EUR,XETR,XETR
ETF,Germany,EL4D,Deka STOXX Europe Strong Value 20 UCITS ETF,EUR,XETR,XETR
ETF,Germany,EL48,Deka iBoxx EUR Liquid Germany Covered Diversified UCITS ETF,EUR,XETR,XETR
ETF,Germany,EL44,Deka MSCI Japan UCITS ETF,EUR,XETR,XETR
ETF,Germany,ABIE,AXA IM ACT Biodiversity Equity UCITS ETF EUR Hedged Accumulation,EUR,XETR,XETR
ETF,Germany,ABIT,BNP Paribas Easy II Biodiversity UCITS ETF - USD,EUR,XETR,XETR
ETF,Germany,EL43,Deka MSCI Europe MC UCITS ETF,EUR,XETR,XETR
ETF,Germany,EKUS,BNP Paribas Easy MSCI USA SRI S-Series PAB 5% Capped UCITS ETF EUR Dis,EUR,XETR,XETR
ETF,Germany,ACLE,AXA IM ACT Climate Equity UCITS ETF EUR Hedged Acc,EUR,XETR,XETR
ETF,Germany,QDVS,iShares MSCI EM SRI UCITS ETF,EUR,XETR,XETR
ETF,Germany,ED3F,Global X Europe Focused Defence Tech UCITS ETF,EUR,XETR,XETR
ETF,Germany,EL4T,Deka Deutsche Börse EUROGOV Germany 3-5 UCITS ETF,EUR,XETR,XETR
ETF,Germany,VCAA,Vanguard EUR Cash UCITS ETF EUR Accumulating,EUR,XETR,XETR
ETF,Germany,H4ZD,HSBC MSCI USA UCITS ETF,EUR,XETR,XETR
ETF,Germany,H4ZE,HSBC MSCI Europe UCITS ETF,EUR,XETR,XETR
ETF,Germany,CSP5,Amundi Core S&P 500 UCITS ETF Acc,EUR,XETR,XETR
ETF,Germany,H4ZJ,HSBC MSCI World UCITS ETF,EUR,XETR,XETR
ETF,Germany,9W1,BNP Paribas Easy MSCI China Min TE UCITS ETF USD Acc,EUR,XETR,XETR
ETF,Germany,9W1A,BNP Paribas Easy MSCI China ESG Filtered Minimum TE UCITS ETF,USD,XETR,XETR
ETF,Germany,H4ZT,HSBC MSCI Indonesia UCITS ETF USD,EUR,XETR,XETR
ETF,Germany,ELFD,Deka Eurozone Rendite Plus 1-10 UCITS ETF,EUR,XETR,XETR
ETF,Germany,H4ZY,HSBC MSCI World UCITS ETF USD (Acc),EUR,XETR,XETR
ETF,Germany,QREU,CT QR Series European Equity Active UCITS ETF Acc EUR,EUR,XETR,XETR
ETF,Germany,A2DT,AXA IM US Trust 25+ Years UCITS-USD,EUR,XETR,XETR
ETF,Germany,XNZN,Xtrackers Nordic Net Zero Pathway Paris Aligned UCITS ETF 1C,EUR,XETR,XETR
ETF,Germany,EL4R,Deka DB EuroGov Germany UCITS,EUR,XETR,XETR
ETF,Germany,NA7Y,YieldMax Future of Defence Option Income UCITS ETF USD Inc,EUR,XETR,XETR
ETF,Germany,X5UD,Xtrackers S&P 500 Swap II UCITS ETF 1D,USD,XETR,XETR
ETF,Germany,BCFN,UBS (Irl) ETF plc - Nasdaq 100 UCITS ETF,EUR,XETR,XETR
ETF,Germany,JRIN,JPMorgan ETFs (Ireland) ICAV – JPM India Research Enhanced Index Equity Active UCITS ETF USD Accumulating,EUR,XETR,XETR
ETF,Germany,V3DA,Vanguard ESG Developed Europe All Cap UCITS ETF (EUR) Accumulating,EUR,XETR,XETR
ETF,Germany,AYEP,iShares Asia Property Yield UCITS ETF USD (Acc),EUR,XETR,XETR
ETF,Germany,XEQW,Xtrackers S&P 500 Equal Weight Swap UCITS ETF 1C,EUR,XETR,XETR
ETF,Germany,ASRV,BNP Paribas Easy ESG Eurozone Biodiversity Leaders PAB UCITS ETF,EUR,XETR,XETR
ETF,Germany,LESA,AM MS US ESG Select UCITS Fund,USD,XETR,XETR
ETF,Germany,ASRZ,BNP Paribas Easy ECPI Global ESG Hydrogen Economy UCITS ETF EUR,USD,XETR,XETR
ETF,Germany,ASWF,Middlefield Canadian Enhanced Income UCITS ETF,EUR,XETR,XETR
ETF,Germany,LEEU,Amundi FTSE EPRA Europe Real Estate UCITS ETF EUR,EUR,XETR,XETR
ETF,Germany,ASRS,BNP Paribas Easy ECPI Global ESG Hydrogen Economy UCITS ETF,EUR,XETR,XETR
ETF,Germany,XEQU,Xtrackers S&P 500 Equal Weight Scored & Screened UCITS ETF 1C,USD,XETR,XETR
ETF,Germany,ASR1,BNP Paribas Easy ECPI Global ESG Blue Economy UCITS ETF,USD,XETR,XETR
ETF,Germany,ASPF,Amundi S&P 500 Financials UCITS ETF Acc,EUR,XETR,XETR
ETF,Germany,DR7E,Global X Autonomous & Electric Vehicles UCITS ETF,EUR,XETR,XETR
ETF,Germany,JREW,JPMorgan ACW Equity Active UCITS ETF,EUR,XETR,XETR
ETF,Germany,LTWN,Lyxor MSCI Taiwan UCITS ETF - Acc-EUR,EUR,XETR,XETR
ETF,Germany,LTVL,Amundi STOXX Europe 600 Core UCITS ETF Acc,EUR,XETR,XETR
ETF,Germany,V20A,Vanguard LifeStrategy 20% Equity UCITS ETF Accumulating,EUR,XETR,XETR
ETF,Germany,DOME,iShares Europe Domestic Focus UCITS ETF,EUR,XETR,XETR
ETF,Germany,XGLA,Xtrackers Global Growth Leaders Active UCITS ETF,EUR,XETR,XETR
ETF,Germany,ASCH,Abrdn Future SuperChain UCITS ETF,EUR,XETR,XETR
ETF,Germany,ASCI,Abrdn Future of Supply Chain UCITS ETF,USD,XETR,XETR
ETF,Germany,LNXC,Investlinx Capital Appreciation UCITS ETF A EUR Capitalisation,EUR,XETR,XETR
ETF,Germany,LMWE,Amundi FTSE EPRA NAREIT Global UCITS ETF Dist,EUR,XETR,XETR
ETF,Germany,AYEE,iShares MSCI USA Screened UCITS ETF USD (Acc),EUR,XETR,XETR
ETF,Germany,LCUK,Amundi UK Equity All Cap UCITS ETF GBP,EUR,XETR,XETR
ETF,Germany,ASWM,Rex Crypto Equity Income & Growth UCITS ETF,EUR,XETR,XETR
ETF,Germany,ASWN,HANetf Infrastructure Capital Preferred Income UCITS ETF (Dist),EUR,XETR,XETR
ETF,Germany,AWDT,AXA MSCI World PAB UCITS ETF USD,EUR,XETR,XETR
ETF,Germany,JUIE,JPMorgan US Research Enhanced Index ESG UCITS ETF,EUR,XETR,XETR
ETF,Germany,AW13,UBS Asset Management (Ireland) Ltd - UBS ETF (IE) S&P EUROPE PAB UCITS ETF EUR Acc,EUR,XETR,XETR
ETF,Germany,DEGB,Dimensional Global ex US Core Equity Market UCITS ETF USD Acc,EUR,XETR,XETR
ETF,Germany,DES2,L&G DAX Daily 2x Short UCITS ETF,EUR,XETR,XETR
ETF,Germany,AW1J,UBS MSCI EM ex China Socially Responsible UCITS ETF USD Acc,EUR,XETR,XETR
ETF,Germany,DELF,L&G MSCI Europe Climate Pathway UCITS ETF,EUR,XETR,XETR
ETF,Germany,AW1P,UBS ETF (IE) MSCI ACWI Socially Responsible UCITS ETF (USD) Acc,EUR,XETR,XETR
ETF,Germany,AW1Q,UBS MSCI Japan Climate Paris Aligned UCITS ETF EUR Hedged Accumulating,EUR,XETR,XETR
ETF,Germany,AW1R,UBS MSCI ACWI Socially Responsible UCITS ETF hEUR acc,EUR,XETR,XETR
ETF,Germany,AW1Z,UBS MSCI EMU Climate Paris Aligned UCITS ETF EUR acc,EUR,XETR,XETR
ETF,Germany,DDOC,Global X Telemedicine & Digital Health UCITS ETF Acc USD,EUR,XETR,XETR
ETF,Germany,ANSD,Amundi Core Nasdaq-100 UCITS ETF Acc,EUR,XETR,XETR
ETF,Germany,AVEU,Avantis Europe Equity UCITS ETF USD Acc,EUR,XETR,XETR
ETF,Germany,IBCH,iShares MSCI World EUR Hedged UCITS ETF (Acc),EUR,XETR,XETR
ETF,Germany,XESD,Xtrackers Spanish Equity UCITS ETF 1D,EUR,XETR,XETR
ETF,Germany,IART,iShares AI Innovation Active UCITS ETF USD (Acc),EUR,XETR,XETR
ETF,Germany,DJAM,Amundi Dow Jones Industrial Average UCITS ETF Dist,EUR,XETR,XETR
ETF,Germany,LC36,AMDI Lifecycle 2036 UCITS Fund,EUR,XETR,XETR
ETF,Germany,UBF7,UBS ETF (CH) MSCI Switzerland 20/35 UCITS ETF (XAGRI EUR Hedged),EUR,XETR,XETR
ETF,Germany,JSDE,JPMorgan Europe Research Enhanced Index Equity SRI Paris Aligned UCITS ETF,EUR,XETR,XETR
ETF,Germany,DBUS,iShares US Large Cap Deep Buffer UCITS ETF,EUR,XETR,XETR
ETF,Germany,DIGI,Goshawk Global Balanced Fund UCITS ETF Accumulating,EUR,XETR,XETR
ETF,Germany,DBX2,Xtrackers MSCI EM Asia Swap UCITS ETF 1C,EUR,XETR,XETR
ETF,Germany,DBXZ,Xtrackers FTSE All-Share UCITS ETF 1D,EUR,XETR,XETR
ETF,Germany,DBZN,Xtrackers DB Bloomberg Commodity Optimum Yield Swap UCITS ETF 2C Hedged,EUR,XETR,XETR
ETF,Germany,4UBK,UBS (Irl) ETF plc - MSCI USA Socially Responsible UCITS ETF (USD) A-dis,EUR,XETR,XETR
ETF,Germany,B41J,Global X European Infrastructure Development UCITS ETF,EUR,XETR,XETR
ETF,Germany,HPAE,HSBC MSCI Europe Climate Paris Aligned UCITS ETF,EUR,XETR,XETR
ETF,Germany,WSDG,WisdomTree Global Sustainable Equity UCITS ETF USD Acc,EUR,XETR,XETR
ETF,Germany,HP2A,HSBC MSCI Asia Pacific ex Japan Climate Paris Aligned UCITS ETF,EUR,XETR,XETR
ETF,Germany,DZUS,DZ Bank S&P 500 UCITS ETF,EUR,XETR,XETR
ETF,Germany,DZEU,DZ Bank EURO STOXX 50 UCITS ETF,EUR,XETR,XETR
ETF,Germany,DYLD,Global X DAX Covered Call UCITS ETF,EUR,XETR,XETR
ETF,Germany,MKK1,Expat Macedonia MBI10 UCITS ETF,EUR,XETR,XETR
ETF,Germany,DXSZ,Xtrackers II USD Overnight Rate Swap UCITS ETF 1C,EUR,XETR,XETR
ETF,Germany,MIVU,Amundi MSCI USA Minimum Volatility Factor UCITS ETF,EUR,XETR,XETR
ETF,Germany,WSPC,WisdomTree Space Economy UCITS ETF - USD Acc,EUR,XETR,XETR
ETF,Germany,D6RT,Deka MSCI Germany Climate Change ESG UCITS ETF,EUR,XETR,XETR
ETF,Germany,MWHE,Amundi Core MSCI World UCITS ETF Acc,EUR,XETR,XETR
ETF,Germany,MWOA,Amundi S&P World Industrials Screened UCITS ETF - EUR (D),USD,XETR,XETR
ETF,Germany,N1EU,Invesco Nasdaq-100 ESG UCITS ETF EUR Hedged Accumulating,EUR,XETR,XETR
ETF,Germany,X5SP,Xtrackers S&P 500 UCITS ETF -4D- USD,EUR,XETR,XETR
ETF,Germany,BCFK,UBS ETF SICAV - S&P 500 Equal Weight UCITS ETF,EUR,XETR,XETR
ETF,Germany,X50U,Xtrackers S&P 500 Swap UCITS ETF 1C,USD,XETR,XETR
ETF,Germany,ECDC,Expat Croatia Crobex UCITS Fund,EUR,XETR,XETR
ETF,Germany,TKNX,Global X Stablecoin & Tokenisation UCITS ETF Acc USD,EUR,XETR,XETR
ETF,Germany,MWOY,Amundi S&P Global Communication Services ESG UCITS ETF DR EUR (A),USD,XETR,XETR
ETF,Germany,MWOX,Amundi S&P World Communication Services Screened UCITS ETF,USD,XETR,XETR
ETF,Germany,MWOT,Amundi Russell 1000 Growth UCITS ETF Acc,USD,XETR,XETR
ETF,Germany,D6RR,Deka MSCI Europe Climate Change ESG UCITS ETF,EUR,XETR,XETR
ETF,Germany,MWOI,Amundi S&P Global Utilities ESG UCITS ETF DR EUR (D),USD,XETR,XETR
ETF,Germany,MWOH,Amundi S&P World Utilities Screened UCITS ETF Acc,USD,XETR,XETR
ETF,Germany,MWOE,Amundi MSCI World SRI UCITS ETF,EUR,XETR,XETR
ETF,Germany,MWOC,Amundi S&P Global Information Technology ESG UCITS ETF DR EUR (A),USD,XETR,XETR
ETF,Germany,DXSP,Xtrackers EURO STOXX 50 Short Daily Swap UCITS ETF 1C,EUR,XETR,XETR
ETF,Germany,DXSM,Xtrackers DBLCI Commodity Optimum Yield Swap UCITS ETF 1C Hedged,EUR,XETR,XETR
ETF,Germany,DXSL,X MSCI Europe Industry ESG Screened UCITS ETF 1C,EUR,XETR,XETR
ETF,Germany,DXSK,iShares MSCI Europe Consumer Staples ESG Screened UCITS ETF,EUR,XETR,XETR
ETF,Germany,DX2Z,Xtrackers S&P Select Frontier Swap UCITS ETF 1C,EUR,XETR,XETR
ETF,Germany,DX2X,Xtrackers Stoxx Europe 600 UCITS ETF 1C,EUR,XETR,XETR
ETF,Germany,DX2K,Xtrackers FTSE 100 Short Daily Swap UCITS ETF 1C,EUR,XETR,XETR
ETF,Germany,DX2I,Xtrackers MSCI Europe Screened UCITS ETF 1C,EUR,XETR,XETR
ETF,Germany,XEQ8,Xtrackers Diversified Portfolio 80% Equity UCITS ETF 1C,EUR,XETR,XETR
ETF,Germany,M37R,ETC Group Global Metaverse UCITS ETF USD Accumulation,EUR,XETR,XETR
ETF,Germany,V40A,Vanguard LifeStrategy 40% Equity UCITS ETF Accumulating,EUR,XETR,XETR
ETF,Germany,B8TC,Amundi USD Fed Funds Rate UCITS ETF Acc,EUR,XETR,XETR
ETF,Germany,X026,Amundi MSCI Europe Small Cap ESG Broad Transition UCITS ETF Dist,EUR,XETR,XETR
ETF,Germany,LYQI,Lyxor SG Global Quality Income NTR UCITS ETF - D-EUR,EUR,XETR,XETR
ETF,Germany,LWCH,Amundi MSCI World ESG Broad Transition UCITS ETF,EUR,XETR,XETR
ETF,Germany,LVWC,Amundi MSCI World (2x) Leveraged UCITS ETF Acc,EUR,XETR,XETR
ETF,Germany,DRNZ,Drone UCITS ETF,EUR,XETR,XETR
ETF,Germany,DXET,Xtrackers Euro Stoxx 50 UCITS ETF 1C,EUR,XETR,XETR
ETF,Germany,XGLF,Xtrackers MSCI GCC Select Swap UCITS ETF 1C,EUR,XETR,XETR
ETF,Germany,MAXD,iShares US Large Cap Max Buffer Dec UCITS ETF,EUR,XETR,XETR
ETF,Germany,MAXJ,Ishares S&P 500 Max Buffer Jun Ucits Etf,EUR,XETR,XETR
ETF,Germany,DXSH,Xtrackers Stoxx Europe 600 Technology Swap UCITS ETF 1C,EUR,XETR,XETR
ETF,Germany,DXSF,Xtrackers Stoxx Europe 600 Banks Swap UCITS ETF 1C,EUR,XETR,XETR
ETF,Germany,MEUR,Ossiam MSCI Europe UCITS ETF 1C (EUR),EUR,XETR,XETR
ETF,Germany,DXSC,Xtrackers MSCI Europe Materials UCITS ETF 1C,EUR,XETR,XETR
ETF,Germany,DXSB,Xtrackers Stoxx Global Select Dividend 100 Swap UCITS ETF 1D,EUR,XETR,XETR
ETF,Germany,MDEC,First Trust Vest US Equity Max Buffer UCITS ETF - December,EUR,XETR,XETR
ETF,Germany,DXSA,Xtrackers Euro Stoxx Quality Dividend UCITS ETF 1D,EUR,XETR,XETR
ETF,Germany,DXS5,Xtrackers MSCI AC Asia ex Japan Swap UCITS ETF 1C,EUR,XETR,XETR
ETF,Germany,BBCK,Invesco Global Buyback Achievers UCITS ETF,EUR,XETR,XETR
ETF,Germany,DXS1,Xtrackers II GBP Overnight Rate Swap UCITS ETF 1D,EUR,XETR,XETR
ETF,Germany,DXPJ,XT MSCI Pacific ex Japan ESG Leaders UCITS ETF,EUR,XETR,XETR
ETF,Germany,XEMU,Xtrackers MSCI EMU UCITS ETF,EUR,XETR,XETR
ETF,Germany,XEPA,Xtrackers MSCI Europe Climate Change UCITS ETF 1C,EUR,XETR,XETR
ETF,Germany,V40D,Vanguard LifeStrategy 40% Equity UCITS ETF Distributing,EUR,XETR,XETR
ETF,Germany,XUCA,Xtrackers MSCI USA Positioning Screened UCITS ETF 1D,EUR,XETR,XETR
ETF,Germany,JXUD,JPMorgan Global ex US Research Enhanced Index Equity Active UCITS ETF USD (acc),EUR,XETR,XETR
ETF,Germany,4UBD,UBS ETF (IE) MSCI USA Socially Responsible UCITS ETF (hedged to EUR) A-dis,EUR,XETR,XETR
ETF,Germany,EUNM,iShares MSCI EM UCITS ETF USD (Acc),EUR,XETR,XETR
ETF,Germany,WDEY,Invesco Wind Energy UCITS ETF Acc,EUR,XETR,XETR
ETF,Germany,CHSM,UBS (Lux) Fund Solutions – Bloomberg US Liquid Corporates UCITS ETF (EUR Hedged) Accumulating,EUR,XETR,XETR
ETF,Germany,CBUX,iShares Global Infrastructure UCITS ETF USD (Acc),EUR,XETR,XETR
ETF,Germany,IROB,L&G ROBO Global Robotics and Automation UCITS ETF,EUR,XETR,XETR
ETF,Germany,US4D,SPDR S&P 400 US Mid Cap UCITS ETF (Dist),EUR,XETR,XETR
ETF,Germany,EUNI,iShares MSCI EM Small Cap UCITS ETF,EUR,XETR,XETR
ETF,Germany,G1CE,Invesco Global Clean Energy UCITS ETF Acc,EUR,XETR,XETR
ETF,Germany,FXUCA,IEXt.MSCI USA Pos.Sc.UCITS ETFR,EUR,XETR,XETR
ETF,Germany,EWSX,Invesco EURO STOXX 50 Equal Weight UCITS ETF Acc,EUR,XETR,XETR
ETF,Germany,FXML4,L&G UK Equity UCITS ETF       R,EUR,XETR,XETR
ETF,Germany,CCNB,onemarkets MSCI USA Universal UCITS ETF EUR,EUR,XETR,XETR
ETF,Germany,XDEE,Xtrackers S&P 500 Equal Weight UCITS ETF 2C EUR Hedged,EUR,XETR,XETR
ETF,Germany,FUSD,Fidelity US Quality Income UCITS ETF Inc-USD,EUR,XETR,XETR
ETF,Germany,IXUA,iShares MSCI World ex-USA UCITS ETF USD (Acc),EUR,XETR,XETR
ETF,Germany,XDDA,Xtrackers DAX UCITS ETF 1D,EUR,XETR,XETR
ETF,Germany,EXIF,iShares Dow Jones Global Titans 50 UCITS ETF (DE) EUR (Acc),EUR,XETR,XETR
ETF,Germany,FTMA,FT US Equity Buffer UCITS ETF,EUR,XETR,XETR
ETF,Germany,ULDE,iShares MSCI USA Leaders UCITS ETF,EUR,XETR,XETR
ETF,Germany,CHST,UBS ETF – Bloomberg MSCI Global Liquid Corporates Sustainable UCITS ETF (EUR Hedged),EUR,XETR,XETR
ETF,Germany,VEXD,Vanguard FTSE Developed World UCITS ETF (USD) Accumulating,EUR,XETR,XETR
ETF,Germany,YCHP,YieldMax Semiconductor Option Income UCITS ETF USD Dis,EUR,XETR,XETR
ETF,Germany,SNP1,L&G S&P 100 UCITS ETF USD Acc,EUR,XETR,XETR
ETF,Germany,WEL6,HANetf ICAV - Harbor Health Care UCITS ETF,USD,XETR,XETR
ETF,Germany,SNTE,Ossiam Serenity Euro UCITS ETF 1C (EUR),EUR,XETR,XETR
ETF,Germany,WEL4,Amundi S&P Global Consumer Staples ESG UCITS ETF DR EUR (D),USD,XETR,XETR
ETF,Germany,ETLN,L&G Europe ex UK Equity UCITS ETF,EUR,XETR,XETR
ETF,Germany,CL0U,Global X Cloud Computing UCITS ETF,EUR,XETR,XETR
ETF,Germany,UIQ4,UBS Euro Equity Defensive Put Write SF UCITS ETF EUR acc,EUR,XETR,XETR
ETF,Germany,ETLZ,L&G Russell 2000 US Small Cap Quality UCITS ETF,EUR,XETR,XETR
ETF,Germany,10AI,Amundi MSCI Europe SRI Climate Paris Aligned UCITS ETF DR (D),EUR,XETR,XETR
ETF,Germany,XASX,Xtrackers MSCI UK ESG UCITS ETF 1D,EUR,XETR,XETR
ETF,Germany,EUNE,iShares Core EURO STOXX 50 UCITS ETF EUR,EUR,XETR,XETR
ETF,Germany,CHSU,UBS Core MSCI Europe UCITS ETF EUR dis,EUR,XETR,XETR
ETF,Germany,WDTE,Invesco S&P World Information Technology ESG UCITS ETF Acc,EUR,XETR,XETR
ETF,Germany,WEBE,Amundi S&P 500 Climate Net Zero Ambition PAB UCITS ETF Dist,USD,XETR,XETR
ETF,Germany,JAUH,JPMorgan Active US Equity UCITS ETF EUR Hedged (Acc),EUR,XETR,XETR
ETF,Germany,VEXA,Vanguard FTSE Developed Europe ex-UK UCITS ETF,EUR,XETR,XETR
ETF,Germany,GDSF,State Street Global Dividend Spotlight Active Equity UCITS ETF,EUR,XETR,XETR
ETF,Germany,CBUI,iShares MSCI World Value Factor Advanced UCITS ETF USD (Acc),EUR,XETR,XETR
ETF,Germany,CHSW,UBS ETF (LU) MSCI Switzerland 20/35 Hedged to EUR UCITS ETF (EUR) Accumulating,EUR,XETR,XETR
ETF,Germany,INY0,Inyova Impact Investing Active Equity Fund EUR UCITS ETF,EUR,XETR,XETR
ETF,Germany,EUIN,Amundi Euro Inflation Expectations 2-10Y UCITS ETF Acc,EUR,XETR,XETR
ETF,Germany,EXV5,iShares STOXX Europe 600 Automobiles & Parts UCITS ETF,EUR,XETR,XETR
ETF,Germany,FEXIA,ISHS DAX ESG UCITS,EUR,XETR,XETR
ETF,Germany,FEXIB,ISHS TECDAX UCITS ETF EOD,EUR,XETR,XETR
ETF,Germany,CEBS,iShares Copper Miners UCITS ETF USD (Acc),EUR,XETR,XETR
ETF,Germany,CEMT,iShares MSCI EMU Mid Cap UCITS ETF,EUR,XETR,XETR
ETF,Germany,FGEU,Fidelity Global Quality Income UCITS ETF INC-EUR (hedged),EUR,XETR,XETR
ETF,Germany,CEMS,iShares Edge MSCI Europe Value Factor UCITS ETF EUR (Acc),EUR,XETR,XETR
ETF,Germany,XCNA,Xtrackers MSCI China A Screened UCITS ETF 1C,EUR,XETR,XETR
ETF,Germany,FOCT,First Trust Vest U.S. Equity Buffer UCITS ETF - October,EUR,XETR,XETR
ETF,Germany,CEMQ,iShares Edge MSCI Europe Quality Factor UCITS ETF,EUR,XETR,XETR
ETF,Germany,FH4ZF,HSBC S+P 500 UCITS ETF,EUR,XETR,XETR
ETF,Germany,FH4ZJ,HSBC MSCI WORLD UCITS ETF,EUR,XETR,XETR
ETF,Germany,FHUBE,EXPAT HUNG. BUX UCITS ETF,EUR,XETR,XETR
ETF,Germany,FMKK1,EXPAT MAC.MBI10 UCITS ETF,EUR,XETR,XETR
ETF,Germany,FLXX,Franklin Global Quality Dividend UCITS ETF (Dist),EUR,XETR,XETR
ETF,Germany,XCJD,Xtrackers MSCI Japan Climate Transition UCITS ETF 1D,EUR,XETR,XETR
ETF,Germany,FLXS,Franklin FTSE Saudi Arabia UCITS ETF,EUR,XETR,XETR
ETF,Germany,CEME,iShares MSCI Japan SRI UCITS ETF USD (Acc),EUR,XETR,XETR
ETF,Germany,FLPE,FlexShares Listed Private Equity UCITS ETF USD Acc,EUR,XETR,XETR
ETF,Germany,XCEU,Xtrackers MSCI EMU Climate Transition UCITS ETF 1C,EUR,XETR,XETR
ETF,Germany,FLRA,"Franklin AI, Metaverse and Blockchain UCITS ETF",EUR,XETR,XETR
ETF,Germany,FLXI,Franklin FTSE India UCITS ETF,EUR,XETR,XETR
ETF,Germany,FH4ZP,HSBC MSCI CHINA UCITS ETF,EUR,XETR,XETR
ETF,Germany,XCS3,Xtrackers MSCI Malaysia UCITS ETF 1C,EUR,XETR,XETR
ETF,Germany,FESNB,EXPAT SERB.BELEX15 UCITS,EUR,XETR,XETR
ETF,Germany,CEPP,iShares S&P 500 3% Capped UCITS ETF EUR Hedged (Acc),EUR,XETR,XETR
ETF,Germany,IS3T,iShares MSCI World Mid-Cap Equal Weight UCITS ETF USD (Acc),EUR,XETR,XETR
ETF,Germany,"500,00 F",Amundi S&P 500 Screened UCITS ETF Acc,EUR,XETR,XETR
ETF,Germany,F50C,Amundi MSCI India IMI UCITS ETF Acc,EUR,XETR,XETR
ETF,Germany,F5ESG,UBS (Lux) Fund Solutions – SBI Foreign AAA-BBB 5-10 ESG UCITS ETF,EUR,XETR,XETR
ETF,Germany,F7RIP,HANETF-T.TRAVEL UCITS DLA,EUR,XETR,XETR
ETF,Germany,FTFN,Franklin S&P 500 Financials UCITS ETF,EUR,XETR,XETR
ETF,Germany,IUSB,iShares Global Timber & Forestry UCITS ETF,EUR,XETR,XETR
ETF,Germany,FTCD,Franklin S&P 500 Consumer Discretionary UCITS ETF,EUR,XETR,XETR
ETF,Germany,UQM1,UniActive Q Equities Emerging Markets Enhanced UCITS ETF USD (Acc),EUR,XETR,XETR
ETF,Germany,FAMEE,AM.GL.HY.ESG SC.UCITS ETF,EUR,XETR,XETR
ETF,Germany,CEB4,iShares Core FTSE 100 UCITS ETF EUR Hedged (Acc),EUR,XETR,XETR
ETF,Germany,FSPYE,SPDR MSCI EUR.UCITS ETF,EUR,XETR,XETR
ETF,Germany,FSPY5,SPDR S+P 500 UCITS ETF,EUR,XETR,XETR
ETF,Germany,VJPE,Vanguard FTSE Japan UCITS ETF EUR Hedged Accumulating,EUR,XETR,XETR
ETF,Germany,FSPU,Franklin S&P 500 Screened UCITS ETF,EUR,XETR,XETR
ETF,Germany,FSPSA,SPDR MSCI ACWI IMI UCITS ETF  R,EUR,XETR,XETR
ETF,Germany,UQE2,Allsolutions ETF ICAV – UniActive Q Equities Global Enhanced UCITS ETF EUR (Acc),EUR,XETR,XETR
ETF,Germany,FEDEU,BNPPE.-E.DIV.EU.UCITSETFC,EUR,XETR,XETR
ETF,Germany,FECDC,EXPAT CROAT.CROBEX UCITS,EUR,XETR,XETR
ETF,Germany,FD6RI,DEKA S+P 500 UCITS ETF,EUR,XETR,XETR
ETF,Germany,FD6RH,DEKA NASDAQ-100 UCITS ETF,EUR,XETR,XETR
ETF,Germany,FCZX,EXPAT CZECH PX UCITS ETF,EUR,XETR,XETR
ETF,Germany,IS3Q,iShares Edge MSCI World Quality Factor UCITS ETF USD (Accumulating),EUR,XETR,XETR
ETF,Germany,FCSY1,UBS ETF MSCI USA Socially Responsible UCITS ETF,EUR,XETR,XETR
ETF,Germany,FBGX,EXPAT BUL.SOFIX UCITS ETF,EUR,XETR,XETR
ETF,Germany,FASRE,B.-JPMESGEM UCITS ETF EOA,EUR,XETR,XETR
ETF,Germany,IS3Z,iShares MSCI AC Far East ex-Japan UCITS ETF USD (Dist),EUR,XETR,XETR
ETF,Germany,FSK9A,EXPAT SLOVAK.SAX UCITS,EUR,XETR,XETR
ETF,Germany,FSLQX,EXPAT SLOV.SBI TOP UCITS,EUR,XETR,XETR
ETF,Germany,FCEU,Franklin Core US Enhanced Equity UCITS ETF,EUR,XETR,XETR
ETF,Germany,XZWE,Xtrackers MSCI World ESG UCITS ETF 2C EUR Hedged,EUR,XETR,XETR
ETF,Germany,CBUK,iShares MSCI China Tech UCITS ETF USD (Acc),EUR,XETR,XETR
ETF,Germany,3DVY,First Trust Euro Rising Dividend Achievers UCITS ETF,EUR,XETR,XETR
ETF,Germany,2B79,iShares Digitalisation UCITS ETF USD (Acc),EUR,XETR,XETR
ETF,Germany,XUML,Xtrackers S&P 500 Market Leaders UCITS ETF 1C USD,EUR,XETR,XETR
ETF,Germany,C002,Amundi Core DAX UCITS ETF Acc,EUR,XETR,XETR
ETF,Germany,"3,00 SUR",iShares MSCI USA SRI EUR-Hedged UCITS ETF,EUR,XETR,XETR
ETF,Germany,JGDE,JPMorgan Global Equity Active UCITS ETF - USD (Acc),EUR,XETR,XETR
ETF,Germany,ESAL,BNP Paribas Easy Alpha Enhanced World UCITS ETF Acc - USD,USD,XETR,XETR
ETF,Germany,ESAH,BNP Paribas Easy MSCI USA Small Cap Min TE UCITS ETF EUR Acc,USD,XETR,XETR
ETF,Germany,SC0Y,Invesco STOXX Europe 600 Insurance UCITS ETF,EUR,XETR,XETR
ETF,Germany,XZEZ,Xtrackers MSCI EMU ESG UCITS ETF 1C,EUR,XETR,XETR
ETF,Germany,ES50,iShares EURO STOXX 50 UCITS ETF (Acc),EUR,XETR,XETR
ETF,Germany,3DGD,Robeco 3D Global Equity UCITS ETF,EUR,XETR,XETR
ETF,Germany,2B7C,iShares S&P 500 Industrials Sector UCITS ETF,EUR,XETR,XETR
ETF,Germany,3DGE,Robeco 3D Global Equities UCITS ETF,EUR,XETR,XETR
ETF,Germany,UETW,UBS Core MSCI World UCITS ETF USD acc,EUR,XETR,XETR
ETF,Germany,SC05,Invesco STOXX Europe 600 Optimized Retail UCITS ETF,EUR,XETR,XETR
ETF,Germany,WEXD,Amundi MSCI World Ex USA UCITS ETF Dist,USD,XETR,XETR
ETF,Germany,XZEA,Xtrackers Zurich ESG Allocation Equities UCITS ETF 1C,EUR,XETR,XETR
ETF,Germany,3DUE,Robeco 3D UseQ UCITS EUR (H) Acc,EUR,XETR,XETR
ETF,Germany,SEIU,Schroder US Equity Active UCITS ETF USD Acc,EUR,XETR,XETR
ETF,Germany,C9DY,UmweltBank UCITS ETF – Global SDG Focus,EUR,XETR,XETR
ETF,Germany,JESE,JPMorgan Europe Research Enhanced Index Equity SRI Paris Aligned Active UCITS ETF,EUR,XETR,XETR
ETF,Germany,GQUD,Goldman Sachs Alpha Enhanced Equity Active UCITS ETF,EUR,XETR,XETR
ETF,Germany,S6DW,iShares MSCI World Screened UCITS ETF USD (Dist),EUR,XETR,XETR
ETF,Germany,C003,Amundi DIVDAX UCITS ETF Dist,EUR,XETR,XETR
ETF,Germany,36BB,iShares MSCI World Consumer Staples Sector Advanced UCITS ETF USD (Dist),EUR,XETR,XETR
ETF,Germany,36B4,iShares MSCI Japan SRI UCITS ETF USD (Distributing),EUR,XETR,XETR
ETF,Germany,CNUD,UBS MSCI World Small Cap Socially Responsible UCITS ETF USD Accumulating,EUR,XETR,XETR
ETF,Germany,SC0R,Invesco STOXX Europe 600 Optimised Travel & Leisure UCITS ETF,EUR,XETR,XETR
ETF,Germany,XWSC,Xtrackers MSCI World Screened UCITS ETF 1C,EUR,XETR,XETR
ETF,Germany,ESIH,iShares MSCI Europe Health Care Sector UCITS ETF EUR (Acc),EUR,XETR,XETR
ETF,Germany,SHTU,Ossiam Shiller Barclays CAPE US Sector Value TR UCITS ETF,USD,XETR,XETR
ETF,Germany,XUEK,Xtrackers S&P Europe ex UK UCITS ETF 1D,EUR,XETR,XETR
ETF,Germany,FLXC,Franklin FTSE China UCITS ETF,EUR,XETR,XETR
ETF,Germany,SLMB,iShares MSCI Emerging Markets IMI UCITS ETF USD (Acc),EUR,XETR,XETR
ETF,Germany,36B3,iShares MSCI Europe SRI UCITS ETF EUR Hedged (Dist),EUR,XETR,XETR
ETF,Germany,XUDY,Xtrackers S&P 500 Dividend Yield Swap UCITS ETF 1C,EUR,XETR,XETR
ETF,Germany,C026,Amundi Core MSCI China A Swap UCITS ETF Acc,USD,XETR,XETR
ETF,Germany,SC0S,Invesco STOXX Europe 600 Optimised Industrials UCITS ETF,EUR,XETR,XETR
ETF,Germany,JEUS,JPMorgan US Select Sustainable Research Enhanced UCITS ETF,EUR,XETR,XETR
ETF,Germany,36B5,iShares MSCI EM SRI UCITS ETF USD (Dist),EUR,XETR,XETR
ETF,Germany,CNUB,UBS MSCI India SF UCITS ETF USD (Acc),EUR,XETR,XETR
ETF,Germany,C006,Amundi F.A.Z. 100 UCITS ETF Dist,EUR,XETR,XETR
ETF,Germany,SC0X,Invesco STOXX Europe 600 Optimized Technology UCITS ETF,EUR,XETR,XETR
ETF,Germany,XUGA,Xtrackers S&P 500 GARP UCITS ETF 1C,EUR,XETR,XETR
ETF,Germany,EQSP,Amundi S&P 500 Equal Weight UCITS ETF Acc,EUR,XETR,XETR
ETF,Germany,WEL8,Amundi S&P Global Financials ESG UCITS ETF DR EUR (D),USD,XETR,XETR
ETF,Germany,SC00,Invesco STOXX Europe 600 Chemicals UCITS ETF,EUR,XETR,XETR
ETF,Germany,CNUC,UBS (Irl) Fund Solutions plc USD Overnight Rate SF UCITS ETF USD Acc,USD,XETR,XETR
ETF,Germany,XZDU,X MSCI USA High Dividend Yield ESG UCITS ETF,EUR,XETR,XETR
ETF,Germany,SC04,Invesco STOXX Europe 600 Personal & Household Goods UCITS ETF,EUR,XETR,XETR
ETF,Germany,ESAI,BNP Paribas Easy Alpha Enhanced US UCITS ETF EUR Acc,USD,XETR,XETR
ETF,Germany,EN4C,L&G Multi-Strategy Enhanced Commodities UCITS ETF,EUR,XETR,XETR
ETF,Germany,4MMR,Global X Defence Tech UCITS ETF USD Accumulating,EUR,XETR,XETR
ETF,Germany,SC0U,Invesco STOXX Europe 600 Optimised Banks UCITS ETF Acc,EUR,XETR,XETR
ETF,Germany,XZSE,Xtrackers MSCI Europe Small Cap ESG UCITS ETF 1C,EUR,XETR,XETR
ETF,United Kingdom,0HOW,UBS MSCI Canada UCITS ETF hEUR acc,EUR,LSE,XLON
ETF,United Kingdom,IIND,iShares MSCI India UCITS ETF USD (Acc),GBP,LSE,XLON
ETF,United Kingdom,0HOV,UBS Core BBG EUR Gov 1-10 UCITS ETF EUR Distributing,EUR,LSE,XLON
ETF,United Kingdom,"0,00 F",BNP Paribas Easy Low Carbon 100 Europe PAB UCITS ETF,EUR,LSE,XLON
ETF,United Kingdom,XBCU,Xtrackers Bloomberg Commodity ex-Agriculture & Livestock Swap UCITS ETF 2C,USD,LSE,XLON
ETF,United Kingdom,0E5E,BNP Paribas Easy ESG Value Europe UCITS ETF,EUR,LSE,XLON
ETF,United Kingdom,0E5A,BNP Paribas Easy ESG Low Volatility Europe UCITS ETF,EUR,LSE,XLON
ETF,United Kingdom,ISAC,iShares MSCI ACWI UCITS ETF USD (Acc),USD,LSE,XLON
ETF,United Kingdom,IHCU,iShares S&P 500 Health Care Sector UCITS ETF,GBp,LSE,XLON
ETF,United Kingdom,COWZ,Pacer US Cash Cows 100 UCITS ETF,GBP,LSE,XLON
ETF,United Kingdom,0MIU,Invesco EQQQ NASDAQ-100 UCITS ETF CHF Hdg Acc,CHF,LSE,XLON
ETF,United Kingdom,DDGC,Dimensional Funds ICAV - Global Core Equity UCITS ETF,USD,LSE,XLON
ETF,United Kingdom,DDGT,Dimensional Funds ICAV - Global Targeted Value UCITS ETF,USD,LSE,XLON
ETF,United Kingdom,ISDU,iShares MSCI USA Islamic UCITS ETF,USD,LSE,XLON
ETF,United Kingdom,ISDW,iShares MSCI World Islamic UCITS ETF USD (Dist),USD,LSE,XLON
ETF,United Kingdom,CPJ1,iShares Core MSCI Pacific ex Japan UCITS ETF,GBp,LSE,XLON
ETF,United Kingdom,DEAM,Invesco MDAX UCITS ETF A,USD,LSE,XLON
ETF,United Kingdom,USVL,SPDR MSCI USA Value UCITS ETF,USD,LSE,XLON
ETF,United Kingdom,DECQ,First Trust Vest Nasdaq-100 Moderate Buffer UCITS ETF - December Class A Accumulation,GBp,LSE,XLON
ETF,United Kingdom,ISFE,iShares MSCI AC Far East ex-Japan Small Cap UCITS ETF,GBp,LSE,XLON
ETF,United Kingdom,0E2B,Amundi Smart Overnight Return UCITS ETF Acc,EUR,LSE,XLON
ETF,United Kingdom,CRRP,WisdomTree Enhanced Commodity UCITS ETF - GBP Hedged Acc,GBp,LSE,XLON
ETF,United Kingdom,IGDA,Invesco Dow Jones Islamic Global Developed Markets UCITS ETF Acc,USD,LSE,XLON
ETF,United Kingdom,IGSG,iShares Dow Jones Global Leaders Screened UCITS ETF USD (Acc),GBp,LSE,XLON
ETF,United Kingdom,IGNC,iShares U.S. Equity High Income Active UCITS ETF,GBP,LSE,XLON
ETF,United Kingdom,CSP1,iShares Core S&P 500 UCITS ETF USD (Acc),GBp,LSE,XLON
ETF,United Kingdom,CES1,iShares MSCI EMU Small Cap UCITS ETF,GBp,LSE,XLON
ETF,United Kingdom,ICDU,iShares S&P 500 Consumer Discretionary Sector UCITS ETF (Acc),GBp,LSE,XLON
ETF,United Kingdom,0E5R,Amundi Core MSCI Emerging Markets UCITS ETF Acc,EUR,LSE,XLON
ETF,United Kingdom,ISDE,iShares MSCI Emerging Markets Islamic UCITS ETF,USD,LSE,XLON
ETF,United Kingdom,IFSD,iShares Edge MSCI Europe Multifactor UCITS ETF EUR - Dist,EUR,LSE,XLON
ETF,United Kingdom,CESG,First Trust Global Capital Strength ESG Leaders UCITS ETF Class A Accumulation,USD,LSE,XLON
ETF,United Kingdom,COMM,iShares Diversified Commodity Swap UCITS ETF,GBp,LSE,XLON
ETF,United Kingdom,0IYF,Global X Silver Miners UCITS ETF USD Accumulating,USD,LSE,XLON
ETF,United Kingdom,0E1J,UBS ETF MSCI Japan UCITS ETF,JPY,LSE,XLON
ETF,United Kingdom,CS51,iShares Core EURO STOXX 50 UCITS ETF,GBp,LSE,XLON
ETF,United Kingdom,COMX,WisdomTree Broad Commodities UCITS ETF USD Accumulating,GBp,LSE,XLON
ETF,United Kingdom,INCM,Franklin US Income Equity Focus UCITS ETF,GBP,LSE,XLON
ETF,United Kingdom,0DZH,Xtrackers Switzerland UCITS ETF 1C,CHF,LSE,XLON
ETF,United Kingdom,CSPE,State Street SPDR MSCI Europe Consumer Staples UCITS ETF,GBP,LSE,XLON
ETF,United Kingdom,CJ1P,Amundi MSCI Japan ESG Broad Transition UCITS ETF GBP Dist,GBP,LSE,XLON
ETF,United Kingdom,INQP,Invesco India Quality Internet UCITS ETF,GBp,LSE,XLON
ETF,United Kingdom,CIND,iShares Dow Jones Industrial Average UCITS ETF,USD,LSE,XLON
ETF,United Kingdom,CHTE,UBS Solactive China Technology UCITS ETF USD acc,GBp,LSE,XLON
ETF,United Kingdom,0,Amundi S&P 500 II UCITS ETF EUR Hedged Dist,EUR,LSE,XLON
ETF,United Kingdom,CMFP,L&G Longer Dated All Commodities UCITS ETF,GBp,LSE,XLON
ETF,United Kingdom,IKSD,iShares MSCI Saudi Arabia Capped UCITS ETF USD (Dist),USD,LSE,XLON
ETF,United Kingdom,INRA,iShares Global Clean Energy Transition UCITS ETF USD (Acc),GBP,LSE,XLON
ETF,United Kingdom,XAXD,Xtrackers MSCI AC Asia ex Japan ESG Swap UCITS ETF,USD,LSE,XLON
ETF,United Kingdom,IKSA,iShares MSCI Saudi Arabia Capped UCITS ETF USD (Acc),USD,LSE,XLON
ETF,United Kingdom,X5SP,Xtrackers S&P 500 UCITS ETF 4D,USD,LSE,XLON
ETF,United Kingdom,0HGS,BNP Paribas Easy Dividend Europe UCITS ETF,EUR,LSE,XLON
ETF,United Kingdom,UTEC,Amundi US Tech 100 Equal Weight UCITS ETF DR USD D,GBP,LSE,XLON
ETF,United Kingdom,CU2G,Amundi PEA MSCI USA ESG Selection UCITS ETF - USD,GBp,LSE,XLON
ETF,United Kingdom,CMNG,L&G Market Neutral Commodities UCITS ETF USD Acc,GBp,LSE,XLON
ETF,United Kingdom,IESE,iShares MSCI Europe SRI UCITS ETF EUR (Acc),EUR,LSE,XLON
ETF,United Kingdom,CMCG,Invesco Bloomberg Commodity Carbon Tilted UCITS ETF,GBp,LSE,XLON
ETF,United Kingdom,CMB1,iShares FTSE MIB UCITS ETF EUR (Acc),GBp,LSE,XLON
ETF,United Kingdom,CYBP,Rize Cybersecurity & Data Privacy UCITS ETF,GBp,LSE,XLON
ETF,United Kingdom,0HFZ,BNP Paribas Easy Value Europe UCITS ETF,EUR,LSE,XLON
ETF,United Kingdom,0,UBS BBG US Liquid Corp 1-5 UCITS ETF hEUR acc,EUR,LSE,XLON
ETF,United Kingdom,0E0X,UBS BBG Euro Area Liquid Corporates 1-5 UCITS ETF EUR dis,EUR,LSE,XLON
ETF,United Kingdom,CLMT,Amundi S&P 500 Climate Paris Aligned UCITS ETF Acc,GBP,LSE,XLON
ETF,United Kingdom,INFG,Amundi US Inflation Expectations 10Y UCITS ETF Acc,GBp,LSE,XLON
ETF,United Kingdom,CLGH,iShares Electric Vehicles and Driving Technology UCITS ETF USD (Acc),GBP,LSE,XLON
ETF,United Kingdom,INGB,BNP Paribas Easy ECPI Global ESG Infrastructure UCITS ETF EUR,GBP,LSE,XLON
ETF,United Kingdom,0HGJ,UBS Core MSCI Europe UCITS ETF hEUR acc,EUR,LSE,XLON
ETF,United Kingdom,INAB,Invesco MSCI North America Swap UCITS ETF Acc,GBp,LSE,XLON
ETF,United Kingdom,"0,00 F",BNP Paribas Easy MSCI Europe Small Caps SRI S-Series PAB 5% Capped UCITS ETF,EUR,LSE,XLON
ETF,United Kingdom,0,UBS Core BBG US Liquid Corp UCITS ETF hEUR acc,EUR,LSE,XLON
ETF,United Kingdom,IEMD,iShares Edge MSCI Europe Momentum Factor UCITS ETF EUR (Dist),EUR,LSE,XLON
ETF,United Kingdom,CJPU,iShares MSCI Japan UCITS ETF USD (Acc),USD,LSE,XLON
ETF,United Kingdom,CW8G,Amundi MSCI World UCITS ETF USD Acc,GBp,LSE,XLON
ETF,United Kingdom,0E0L,UBS MSCI Switzerland 20/35 UCITS ETF CHF acc,CHF,LSE,XLON
ETF,United Kingdom,CMOD,Invesco Bloomberg Commodity UCITS ETF,USD,LSE,XLON
ETF,United Kingdom,0DZW,UBS Core MSCI Japan UCITS ETF JPY A-acc,JPY,LSE,XLON
ETF,United Kingdom,0E4H,BNP Paribas Easy MSCI Japan ESG Filtered Min TE UCITS ETF - C - EUR,EUR,LSE,XLON
ETF,United Kingdom,XBAK,Xtrackers MSCI Pakistan Swap UCITS ETF 1C,USD,LSE,XLON
ETF,United Kingdom,CHRG,WisdomTree Battery Solutions UCITS ETF - USD Acc,GBp,LSE,XLON
ETF,United Kingdom,CNKY,iShares Nikkei 225 UCITS ETF (Acc),GBp,LSE,XLON
ETF,United Kingdom,IDPE,iShares Listed Private Equity UCITS ETF,USD,LSE,XLON
ETF,United Kingdom,IDP6,iShares S&P SmallCap 600 UCITS ETF,USD,LSE,XLON
ETF,United Kingdom,CHPS,First Trust Bloomberg Global Semiconductor Supply Chain UCITS ETF Class A Accumulation,USD,LSE,XLON
ETF,United Kingdom,CHPA,Franklin MSCI China Paris Aligned Climate UCITS ETF,GBP,LSE,XLON
ETF,United Kingdom,IDNA,iShares MSCI North America UCITS ETF,USD,LSE,XLON
ETF,United Kingdom,CSPX,iShares Core S&P 500 UCITS ETF USD,USD,LSE,XLON
ETF,United Kingdom,CHNX,Invesco ChiNext 50 UCITS ETF Acc,GBp,LSE,XLON
ETF,United Kingdom,URNG,Global X Uranium UCITS ETF USD Accumulating,GBP,LSE,XLON
ETF,United Kingdom,IDJP,iShares MSCI Japan Small Cap UCITS ETF,USD,LSE,XLON
ETF,United Kingdom,IDJG,iShares Euro Total Market Growth Large UCITS ETF,GBp,LSE,XLON
ETF,United Kingdom,IDIN,iShares Global Infrastructure UCITS ETF,USD,LSE,XLON
ETF,United Kingdom,IDFF,iShares MSCI AC Far East ex-Japan UCITS ETF,USD,LSE,XLON
ETF,United Kingdom,URND,Global X Uranium UCITS ETF USD-I,GBP,LSE,XLON
ETF,United Kingdom,IDKO,iShares MSCI Korea UCITS ETF USD (Dist),USD,LSE,XLON
ETF,United Kingdom,0E4Y,Amundi Core S&P 500 Swap UCITS ETF CHF Hedged Dist,CHF,LSE,XLON
ETF,United Kingdom,0DZN,BNP Paribas Easy FTSE EPRA/NAREIT Eurozone Capped UCITS ETF,EUR,LSE,XLON
ETF,United Kingdom,0,Ossiam Shiller Barclays CAPE® Europe Sector Value TR UCITS ETF 1C (EUR),EUR,LSE,XLON
ETF,United Kingdom,CHSU,UBS Core MSCI Europe UCITS ETF EUR acc,USD,LSE,XLON
ETF,United Kingdom,0E4X,BNP Paribas Easy Energy & Metals Enhanced Roll UCITS ETF,EUR,LSE,XLON
ETF,United Kingdom,IDWP,iShares Developed Markets Property Yield UCITS ETF,USD,LSE,XLON
ETF,United Kingdom,IDVH,iShares Euro Dividend UCITS ETF,GBP,LSE,XLON
ETF,United Kingdom,IESU,iShares S&P 500 Energy Sector UCITS ETF USD (Acc),GBp,LSE,XLON
ETF,United Kingdom,IDUP,iShares US Property Yield UCITS ETF USD (Dist),USD,LSE,XLON
ETF,United Kingdom,IDTW,iShares MSCI Taiwan UCITS ETF USD (Dist),USD,LSE,XLON
ETF,United Kingdom,IJPD,iShares MSCI Japan USD Hedged UCITS ETF (Acc),USD,LSE,XLON
ETF,United Kingdom,IITU,iShares S&P 500 Information Technology Sector UCITS ETF USD (Acc),GBp,LSE,XLON
ETF,United Kingdom,IDTK,iShares MSCI Turkey UCITS ETF USD (Dist),USD,LSE,XLON
ETF,United Kingdom,IQGG,Invesco Global Enhanced Equity UCITS ETF GBP PfHdg Acc,GBp,LSE,XLON
ETF,United Kingdom,CSUS,iShares MSCI USA UCITS ETF USD (Acc),USD,LSE,XLON
ETF,United Kingdom,0E4B,BNP Paribas Easy MSCI EMU Min TE UCITS ETF,EUR,LSE,XLON
ETF,United Kingdom,0DZP,UBS Core MSCI EMU UCITS ETF EUR Acc,EUR,LSE,XLON
ETF,United Kingdom,IDEM,iShares MSCI EM UCITS ETF USD (Dist),USD,LSE,XLON
ETF,United Kingdom,0MO5,iShares STOXX Europe 600 Chemicals UCITS ETF (DE),EUR,LSE,XLON
ETF,United Kingdom,HMXA,HSBC MSCI Pacific ex Japan UCITS ETF USD (Acc),USD,LSE,XLON
ETF,United Kingdom,0HCP,UBS ETF (LU) MSCI Emerging Markets UCITS ETF (USD) A-UKdis,USD,LSE,XLON
ETF,United Kingdom,GOAT,VanEck Morningstar Global Wide Moat UCITS ETF,USD,LSE,XLON
ETF,United Kingdom,ESIE,iShares MSCI Europe Energy Sector UCITS ETF EUR (Acc),GBP,LSE,XLON
ETF,United Kingdom,GONS,Invesco GBP Overnight Return Swap UCITS ETF Acc,GBp,LSE,XLON
ETF,United Kingdom,ESGS,Invesco MSCI USA Universal Screened UCITS ETF Acc,GBp,LSE,XLON
ETF,United Kingdom,ESGO,HANetf Gold Miners Screened UCITS ETF (Acc),USD,LSE,XLON
ETF,United Kingdom,WENP,WisdomTree Strategic Metals UCITS ETF - GBP Hedged,GBp,LSE,XLON
ETF,United Kingdom,GLGG,Legal & General Clean Water UCITS ETF,GBp,LSE,XLON
ETF,United Kingdom,0MO3,iShares Nikkei 225® UCITS ETF (DE),EUR,LSE,XLON
ETF,United Kingdom,0GBX,XACT Svenska Småbolag UCITS ETF,SEK,LSE,XLON
ETF,United Kingdom,GLCD,UBS BBG MSCI Global Liquid Corp Sustainable UCITS ETF hGBP dis,GBp,LSE,XLON
ETF,United Kingdom,VEUD,Vanguard FTSE Developed Europe UCITS ETF Distributing,USD,LSE,XLON
ETF,United Kingdom,GGGA,Invesco Global Enhanced Equity UCITS ETF EUR PfHdg Acc,GBp,LSE,XLON
ETF,United Kingdom,EUDI,SPDR S&P Euro Dividend Aristocrats UCITS ETF (Dist),EUR,LSE,XLON
ETF,United Kingdom,GGRB,WisdomTree Global Quality Dividend Growth UCITS ETF GBP Hedged Dist,GBp,LSE,XLON
ETF,United Kingdom,WEHG,Amundi Prime All Country World UCITS ETF Dist,GBP,LSE,XLON
ETF,United Kingdom,GIN,SPDR Morningstar Multi-Asset Global Infrastructure UCITS ETF (Dist),GBP,LSE,XLON
ETF,United Kingdom,GLFI,Amundi S&P World Financials Screened UCITS ETF Acc - EUR,GBP,LSE,XLON
ETF,United Kingdom,GEP,Lloyd Growth Equity UCITS ETF,USD,LSE,XLON
ETF,United Kingdom,0G34,XACT Norden UCITS ETF,SEK,LSE,XLON
ETF,United Kingdom,EPRE,Amundi FTSE EPRA Europe Real Estate UCITS ETF EUR Acc,GBp,LSE,XLON
ETF,United Kingdom,0HDC,Xtrackers DAX ESG Screened UCITS ETF 2C USD Hedged,USD,LSE,XLON
ETF,United Kingdom,GTIL,Xtrackers World Green Technology Innovation UCITS ETF 1C,USD,LSE,XLON
ETF,United Kingdom,0G2G,XACT Sverige UCITS ETF,SEK,LSE,XLON
ETF,United Kingdom,GXLC,SPDR S&P U.S. Communication Services Select Sector UCITS ETF (Acc),GBP,LSE,XLON
ETF,United Kingdom,GXLE,SPDR S&P U.S. Energy Select Sector UCITS ETF,GBP,LSE,XLON
ETF,United Kingdom,WHDY,Amundi S&P All World High Dividend Yield UCITS ETF Distributing,USD,LSE,XLON
ETF,United Kingdom,ENGW,SPDR MSCI World Energy UCITS ETF,GBP,LSE,XLON
ETF,United Kingdom,ENGU,BNP Paribas Easy ECPI Global ESG Infrastructure UCITS ETF,USD,LSE,XLON
ETF,United Kingdom,ENGE,SPDR MSCI Europe Energy UCITS ETF,GBP,LSE,XLON
ETF,United Kingdom,GXLF,State Street SPDR S&P U.S. Financials Select Sector UCITS ETF,GBP,LSE,XLON
ETF,United Kingdom,GXLK,State Street SPDR S&P U.S. Technology Select Sector UCITS ETF,GBP,LSE,XLON
ETF,United Kingdom,GSPX,iShares Core S&P 500 UCITS ETF GBP Hedged (Dist),GBP,LSE,XLON
ETF,United Kingdom,ESGG,Invesco MSCI World ESG Universal Screened UCITS ETF,GBp,LSE,XLON
ETF,United Kingdom,GSPE,Goldman Sachs MSCI World Private Equity Return Tracker UCITS ETF USD (Acc),USD,LSE,XLON
ETF,United Kingdom,EQGB,Invesco EQQQ NASDAQ-100 UCITS ETF GBP Hdg Acc,GBp,LSE,XLON
ETF,United Kingdom,0HCU,UBS MSCI Singapore UCITS ETF SGD dis,USD,LSE,XLON
ETF,United Kingdom,ESCE,iShares MSCI Europe Small Cap UCITS ETF (Acc),GBP,LSE,XLON
ETF,United Kingdom,GQEM,Goldman Sachs Alpha Enhanced Emerging Markets Equity Active UCITS ETF USD Acc,USD,LSE,XLON
ETF,United Kingdom,GQME,Goldman Sachs Alpha Enhanced Emerging Markets Equity Active UCITS ETF USD (Acc),GBP,LSE,XLON
ETF,United Kingdom,ERO,SPDR MSCI Europe UCITS ETF,GBP,LSE,XLON
ETF,United Kingdom,0HD8,UBS ETF Bloomberg MSCI US Liquid Corporates Sustainable UCITS ETF USD dis,EUR,LSE,XLON
ETF,United Kingdom,GRCT,BNP Paribas Easy FTSE EPRA Nareit Global Developed Green CTB UCITS ETF,EUR,LSE,XLON
ETF,United Kingdom,0HD9,UBS BBG MSCI US Liquid Corp Sustainable UCITS ETF USD acc,CHF,LSE,XLON
ETF,United Kingdom,EQQS,Invesco NASDAQ-100 Swap UCITS ETF Acc,USD,LSE,XLON
ETF,United Kingdom,ZAPG,Global X U.S. Electrification UCITS ETF,GBP,LSE,XLON
ETF,United Kingdom,0HDA,Xtrackers MSCI Japan UCITS ETF 7C - CHF Hedged,CHF,LSE,XLON
ETF,United Kingdom,GENY,Amundi MSCI Millennials ESG Screened UCITS ETF Acc,USD,LSE,XLON
ETF,United Kingdom,0HCN,UBS ETF MSCI Switzerland UCITS,CHF,LSE,XLON
ETF,United Kingdom,GEDV,State Street SPDR S&P Global Dividend Aristocrats Screened UCITS ETF (Dist),USD,LSE,XLON
ETF,United Kingdom,FRP2,Fidelity Global Equity Research Enhanced PAB UCITS ETF,GBP,LSE,XLON
ETF,United Kingdom,FEQD,Fidelity Europe Quality Income UCITS ETF EUR Acc,GBP,LSE,XLON
ETF,United Kingdom,FEP,Lloyd Focused Equity UCITS ETF USD Accumulating,USD,LSE,XLON
ETF,United Kingdom,VJPU,Vanguard FTSE Japan UCITS ETF USD Hedged Accumulating,USD,LSE,XLON
ETF,United Kingdom,FSCR,First Trust Bloomberg Scarce Resources UCITS ETF,GBp,LSE,XLON
ETF,United Kingdom,FASE,Invesco FTSE All Share Screened & Tilted UCITS ETF Dist,GBp,LSE,XLON
ETF,United Kingdom,FAPR,FT US Equity Buffered UCITS ETF-April,USD,LSE,XLON
ETF,United Kingdom,FSEU,iShares STOXX Europe Equity Multifactor UCITS ETF EUR (Acc),GBp,LSE,XLON
ETF,United Kingdom,0H1C,Invesco EQQQ NASDAQ-100 UCITS ETF EUR Hdg Acc,EUR,LSE,XLON
ETF,United Kingdom,FSWD,iShares STOXX World Equity Multifactor UCITS ETF USD (Acc),GBp,LSE,XLON
ETF,United Kingdom,FT1K,Amundi MSCI UK IMI SRI Climate Paris Aligned UCITS ETF DR - GBP (C),GBp,LSE,XLON
ETF,United Kingdom,FFLP,Fidelity US Fundamental Large Cap Core UCITS ETF Accumulating,GBP,LSE,XLON
ETF,United Kingdom,FTAW,iShares FTSE All World UCITS ETF,GBP,LSE,XLON
ETF,United Kingdom,0H6L,Xtrackers SLI UCITS ETF 1D,EUR,LSE,XLON
ETF,United Kingdom,FOFD,Franklin Future of Food UCITS ETF,USD,LSE,XLON
ETF,United Kingdom,FLRK,Franklin FTSE Korea UCITS ETF,GBP,LSE,XLON
ETF,United Kingdom,VLUA,WisdomTree US Value UCITS ETF,GBp,LSE,XLON
ETF,United Kingdom,FLXT,Franklin FTSE Taiwan UCITS ETF,USD,LSE,XLON
ETF,United Kingdom,VLUG,WisdomTree Global Value UCITS ETF - USD Acc,GBp,LSE,XLON
ETF,United Kingdom,FJAN,First Trust Vest U.S. Equity Buffer UCITS ETF - January Class A Accumulation,USD,LSE,XLON
ETF,United Kingdom,FNCE,SPDR MSCI Europe Financials UCITS ETF,GBP,LSE,XLON
ETF,United Kingdom,FNCW,SPDR MSCI World Financials UCITS ETF,GBP,LSE,XLON
ETF,United Kingdom,FING,Global X Fintech UCITS ETF,GBP,LSE,XLON
ETF,United Kingdom,FGRO,FT Growth Strength UCITS ETF,GBp,LSE,XLON
ETF,United Kingdom,FGLV,Fidelity Global Quality Value UCITS ETF Accumulation,USD,LSE,XLON
ETF,United Kingdom,FTEI,First Trust European Infrastructure Development UCITS ETF,USD,LSE,XLON
ETF,United Kingdom,FTGS,First Trust Growth Strength UCITS ETF,USD,LSE,XLON
ETF,United Kingdom,EURD,UBS ETF MSCI Europe UCITS ETF USD,USD,LSE,XLON
ETF,United Kingdom,WCOG,WisdomTree Enhanced Commodity UCITS ETF - USD,GBp,LSE,XLON
ETF,United Kingdom,WCOM,WisdomTree Enhanced Commodity UCITS ETF GBP Hedged Acc,GBp,LSE,XLON
ETF,United Kingdom,GBDV,SPDR S&P Global Dividend Aristocrats UCITS ETF,GBP,LSE,XLON
ETF,United Kingdom,WDGA,UBS Core MSCI World UCITS ETF (hedged to GBP) Accumulating,GBp,LSE,XLON
ETF,United Kingdom,WDSC,SPDR MSCI World Small Cap UCITS ETF (Acc),USD,LSE,XLON
ETF,United Kingdom,GDAG,L&G Global Quality Dividends UCITS ETF USD Acc,GBp,LSE,XLON
ETF,United Kingdom,GDIG,VanEck S&P Global Mining UCITS ETF A,USD,LSE,XLON
ETF,United Kingdom,EUGD,Making Europe Great Again UCITS Fund,GBp,LSE,XLON
ETF,United Kingdom,GEDM,iShares MSCI EM IMI Screened UCITS ETF USD (Dist),GBP,LSE,XLON
ETF,United Kingdom,VGER,Vanguard Germany All Cap UCITS ETF (EUR) Distributing,GBP,LSE,XLON
ETF,United Kingdom,EUSD,Global X European SuperDividend UCITS ETF,USD,LSE,XLON
ETF,United Kingdom,EUSR,UBS MSCI EMU Socially Responsible UCITS ETF (hedged to GBP) A-dis,GBp,LSE,XLON
ETF,United Kingdom,G500,Invesco S&P 500 UCITS ETF GBP Hdg Acc,GBp,LSE,XLON
ETF,United Kingdom,WAGB,WisdomTree AI Infrastructure UCITS ETF,GBp,LSE,XLON
ETF,United Kingdom,WBIO,WisdomTree BioRevolution UCITS ETF USD Acc,GBp,LSE,XLON
ETF,United Kingdom,FTMO,FT U.S. Momentum UCITS ETF,USD,LSE,XLON
ETF,United Kingdom,GXLV,SPDR S&P U.S. Health Care Select Sector UCITS ETF (Acc),GBP,LSE,XLON
ETF,United Kingdom,FTWD,Invesco FTSE All-World UCITS ETF Dist,USD,LSE,XLON
ETF,United Kingdom,FUQA,Fidelity US Quality Income UCITS ETF Accumulating USD Shares,GBp,LSE,XLON
ETF,United Kingdom,FUSV,Fidelity US Quality Value UCITS ETF Accumulation Shares,USD,LSE,XLON
ETF,United Kingdom,0GH1,XACT Nordic High Dividend Low Volatility (UCITS) ETF,SEK,LSE,XLON
ETF,United Kingdom,FXGB,First Trust FactorFX UCITS ETF,GBp,LSE,XLON
ETF,United Kingdom,DEMR,WisdomTree Emerging Markets Equity Income UCITS ETF Acc,USD,LSE,XLON
ETF,United Kingdom,EMUM,iShares MSCI EMU Mid Cap UCITS ETF EUR (Acc),EUR,LSE,XLON
ETF,United Kingdom,HSUK,HSBC UK Screened Equity UCITS ETF,GBP,LSE,XLON
ETF,United Kingdom,HWDA,HSBC MSCI World UCITS ETF USD Acc,USD,LSE,XLON
ETF,United Kingdom,WXMC,UBS MSCI World ex Mega Cap UCITS ETF USD acc,GBp,LSE,XLON
ETF,United Kingdom,DWLD,Franklin FTSE Developed World UCITS ETF,USD,LSE,XLON
ETF,United Kingdom,DVWG,WisdomTree Global High Dividend UCITS ETF - USD Acc,GBp,LSE,XLON
ETF,United Kingdom,DRVG,GX AIE Auto Electric Vehicles UCITS ETF,GBP,LSE,XLON
ETF,United Kingdom,DRN,HANetf Drone UCITS ETF Acc,GBp,LSE,XLON
ETF,United Kingdom,0E7W,Amundi MSCI Japan SRI Climate Paris Aligned UCITS ETF DR (C),CHF,LSE,XLON
ETF,United Kingdom,DR4M,Defiance Memory UCITS ETF,GBp,LSE,XLON
ETF,United Kingdom,DPYG,iShares Developed Markets Property Yield UCITS ETF GBP Hedged (Dist),GBP,LSE,XLON
ETF,United Kingdom,DPYE,iShares Developed Markets Property Yield UCITS ETF EUR Hedged (Acc),EUR,LSE,XLON
ETF,United Kingdom,DXJA,WisdomTree Japan Equity UCITS ETF USD Hedged Acc,USD,LSE,XLON
ETF,United Kingdom,DPYA,iShares Developed Markets Property Yield UCITS ETF USD (Acc),USD,LSE,XLON
ETF,United Kingdom,DXJG,WisdomTree Japan Equity UCITS ETF USD Acc,GBp,LSE,XLON
ETF,United Kingdom,0HEX,BNP Paribas Easy Quality Europe UCITS ETF,EUR,LSE,XLON
ETF,United Kingdom,0,Amundi FTSE 100 UCITS ETF,EUR,LSE,XLON
ETF,United Kingdom,EASD,Amundi MSCI Eastern Europe Ex Russia UCITS ETF Dist,USD,LSE,XLON
ETF,United Kingdom,WRDG,UBS ETF (IE) MSCI World UCITS ETF GBP Hedged Distributing,GBp,LSE,XLON
ETF,United Kingdom,HPAO,HSBC MSCI World Climate Paris Aligned UCITS ETF,GBP,LSE,XLON
ETF,United Kingdom,HPAS,HSBC MSCI USA Climate Paris Aligned UCITS ETF,GBP,LSE,XLON
ETF,United Kingdom,WREN,WisdomTree Renewable Energy UCITS ETF Accumulating USD,GBp,LSE,XLON
ETF,United Kingdom,HPWG,HSBC MSCI World Climate Paris Aligned UCITS GBP He ETF,GBP,LSE,XLON
ETF,United Kingdom,HQED,HSBC PLUS Emerging Markets Equity Income Quant Active UCITS ETF,GBP,LSE,XLON
ETF,United Kingdom,HQIE,HSBC PLUS Emerging Markets Equity Income Quant Active UCITS ETF USD Dist.,GBP,LSE,XLON
ETF,United Kingdom,HSAS,HSBC Asia Pacific ex Japan Screened Equity UCITS ETF USD (Acc),GBP,LSE,XLON
ETF,United Kingdom,HSJD,HSBC Japan Screened Equity UCITS ETF USD (Dist),USD,LSE,XLON
ETF,United Kingdom,DXJP,WisdomTree Japan Equity UCITS ETF GBP Hedged,GBp,LSE,XLON
ETF,United Kingdom,DPXM,Dimensional Global ex US Core Equity Market UCITS ETF (Acc),GBP,LSE,XLON
ETF,United Kingdom,DMAD,GX Disruptive Materials UCITS USD I,GBP,LSE,XLON
ETF,United Kingdom,DINC,First Trust Global Equity Income UCITS ETF Dist,USD,LSE,XLON
ETF,United Kingdom,DIGI,Goshawk Global Balanced UCITS ETF,USD,LSE,XLON
ETF,United Kingdom,0E6H,BNP Paribas Easy JPM ESG Emerging Markets UCITS ETF,EUR,LSE,XLON
ETF,United Kingdom,DIGE,Amundi MSCI Digital Economy UCITS ETF Acc,USD,LSE,XLON
ETF,United Kingdom,DHSG,WisdomTree US Equity Income UCITS ETF GBP Hedged Acc,GBp,LSE,XLON
ETF,United Kingdom,DHSA,WisdomTree US Equity Income UCITS ETF Acc,USD,LSE,XLON
ETF,United Kingdom,DH2O,iShares Global Water UCITS ETF,USD,LSE,XLON
ETF,United Kingdom,DGSD,WisdomTree Emerging Markets SmallCap Dividend UCITS ETF,USD,LSE,XLON
ETF,United Kingdom,DGRB,WisdomTree US Quality Dividend Growth UCITS ETF - GBP Hedged,GBp,LSE,XLON
ETF,United Kingdom,DFNX,Invesco Defence Innovation UCITS ETF Acc,GBp,LSE,XLON
ETF,United Kingdom,DFEU,iShares Europe Defence UCITS ETF EUR (Acc),GBP,LSE,XLON
ETF,United Kingdom,V3NL,Vanguard ESG North America All Cap UCITS ETF (USD) Distributing,USD,LSE,XLON
ETF,United Kingdom,DOCG,L&G Healthcare Technology & Innovation UCITS ETF USD Acc,GBp,LSE,XLON
ETF,United Kingdom,IAUS,iShares MSCI Australia UCITS ETF,USD,LSE,XLON
ETF,United Kingdom,IAUP,iShares Gold Producers UCITS ETF USD (Acc),USD,LSE,XLON
ETF,United Kingdom,0HFT,BNP Paribas Easy Low Volatility Europe UCITS ETF,EUR,LSE,XLON
ETF,United Kingdom,0,Amundi MSCI EMU Value Factor UCITS ETF Dist,EUR,LSE,XLON
ETF,United Kingdom,0,Amundi MSCI Europe Growth UCITS ETF - EUR (C),EUR,LSE,XLON
ETF,United Kingdom,I50G,iShares S&P 500 Swap UCITS ETF GBP Hedged,GBP,LSE,XLON
ETF,United Kingdom,IAEX,iShares AEX UCITS ETF,GBp,LSE,XLON
ETF,United Kingdom,IAIX,Invesco Artificial Intelligence Enablers UCITS ETF Acc,GBp,LSE,XLON
ETF,United Kingdom,DJSC,iShares EURO STOXX Small UCITS ETF,GBp,LSE,XLON
ETF,United Kingdom,IASP,iShares Asia Property Yield UCITS ETF,GBp,LSE,XLON
ETF,United Kingdom,DIVU,Franklin US Dividend Tilt UCITS ETF,GBP,LSE,XLON
ETF,United Kingdom,HMJA,HSBC MSCI Japan UCITS ETF USD (Acc),USD,LSE,XLON
ETF,United Kingdom,ECGH,L&G MSCI Emerging Markets Consumer Growth GBP Hedged UCITS ETF,GBp,LSE,XLON
ETF,United Kingdom,EMAD,SPDR MSCI EM Asia UCITS ETF,USD,LSE,XLON
ETF,United Kingdom,VAPX,Vanguard FTSE Developed Asia Pacific ex Japan UCITS ETF USD Distributing,GBP,LSE,XLON
ETF,United Kingdom,H50G,HSBC EURO STOXX 50 UCITS ETF GBP Hedged Accumulating,GBP,LSE,XLON
ETF,United Kingdom,EJAG,BNP Paribas Easy MSCI Japan Min TE UCITS ETF,GBP,LSE,XLON
ETF,United Kingdom,EIMU,iShares Core MSCI EM IMI UCITS ETF USD (Dist),USD,LSE,XLON
ETF,United Kingdom,EIMI,iShares Core MSCI Emerging Markets IMI UCITS ETF (Acc),USD,LSE,XLON
ETF,United Kingdom,0HDE,Xtrackers DAX ESG Screened UCITS ETF 1D,CHF,LSE,XLON
ETF,United Kingdom,HCAU,HSBC MSCI China A UCITS ETF USD Hedged (Acc),USD,LSE,XLON
ETF,United Kingdom,HDGB,VanEck Hydrogen Economy UCITS ETF,GBP,LSE,XLON
ETF,United Kingdom,0HDF,Xtrackers MSCI Europe UCITS ETF 1D,EUR,LSE,XLON
ETF,United Kingdom,HDIQ,iShares MSCI USA Quality Dividend Advanced UCITS ETF USD (Dist),GBp,LSE,XLON
ETF,United Kingdom,EMER,Franklin FTSE Emerging Markets UCITS ETF,GBP,LSE,XLON
ETF,United Kingdom,EMSR,UBS ETF (LU) MSCI Emerging Markets Socially Responsible UCITS ETF A-acc,GBp,LSE,XLON
ETF,United Kingdom,WIMG,Xtrackers MSCI World IMI UCITS ETF 1C,GBP,LSE,XLON
ETF,United Kingdom,EMSD,SPDR MSCI Emerging Markets Small Cap UCITS ETF,USD,LSE,XLON
ETF,United Kingdom,EMQP,HANetf EMQQ Emerging Markets Internet UCITS ETF,GBp,LSE,XLON
ETF,United Kingdom,EMPR,Franklin MSCI Emerging Markets Paris Aligned Climate UCITS ETF,GBP,LSE,XLON
ETF,United Kingdom,VDXX,Vanguard DAX UCITS ETF Shares EUR Inc,GBP,LSE,XLON
ETF,United Kingdom,VDNR,Vanguard FTSE North America UCITS ETF (USD) Distributing,USD,LSE,XLON
ETF,United Kingdom,EMID,iShares MSCI Europe Mid Cap UCITS ETF (Dist),EUR,LSE,XLON
ETF,United Kingdom,VDJP,Vanguard FTSE Japan UCITS ETF (USD) Distributing,USD,LSE,XLON
ETF,United Kingdom,HDLG,Invesco S&P 500 High Dividend Low Volatility UCITS ETF Dist,GBp,LSE,XLON
ETF,United Kingdom,HEAE,SPDR MSCI Europe Health Care UCITS ETF,GBP,LSE,XLON
ETF,United Kingdom,0HDL,UBS MSCI Japan Socially Responsible UCITS ETF hCHF dis,CHF,LSE,XLON
ETF,United Kingdom,HERG,Global X Video Games & Esports UCITS ETF,GBP,LSE,XLON
ETF,United Kingdom,HGBP,HSBC Sterling Liquidity UCITS ETF,GBP,LSE,XLON
ETF,United Kingdom,EDMG,iShares MSCI Emerging Markets Enhanced CTB UCITS ETF,GBP,LSE,XLON
ETF,United Kingdom,WMTE,BNP Paribas Easy MSCI World ESG Filtered Min TE UCITS ETF,USD,LSE,XLON
ETF,United Kingdom,HIEU,HSBC MSCI Europe Islamic Screened UCITS ETF EUR (Acc),USD,LSE,XLON
ETF,United Kingdom,HIJP,HSBC MSCI Japan Islamic Screened UCITS ETF USD (Acc),USD,LSE,XLON
ETF,United Kingdom,WNDG,Global X Wind Energy UCITS ETF USD Accumulating,GBP,LSE,XLON
ETF,United Kingdom,0HE3,UBS MSCI USA Socially Responsible UCITS ETF hEUR dis,EUR,LSE,XLON
ETF,United Kingdom,WNER,WisdomTree New Economy Real Estate UCITS ETF – USD Acc,USD,LSE,XLON
ETF,United Kingdom,HIND,HSBC FTSE EPRA NAREIT Developed Islamic UCITS ETF USD (Acc),USD,LSE,XLON
ETF,United Kingdom,0ED7,VanEck AEX UCITS ETF,EUR,LSE,XLON
ETF,United Kingdom,WOEE,iShares World Equity Enhanced Active UCITS ETF USD (Acc),GBP,LSE,XLON
ETF,United Kingdom,ECOG,L&G Ecommerce Logistics UCITS ETF,GBp,LSE,XLON
ETF,United Kingdom,HMEA,HSBC MSCI Europe UCITS ETF EUR (Acc),USD,LSE,XLON
ETF,United Kingdom,HEQA,JPMorgan Nasdaq Hedged Equity Laddered Overlay UCITS ETF,GBp,LSE,XLON
ETF,United Kingdom,HELO,JPMorgan US Hedged Equity Laddered Overlay Active UCITS ETF,USD,LSE,XLON
ETF,United Kingdom,HELA,J.P. Morgan U.S. Hedged Equity Laddered Overlay UCITS ETF,GBp,LSE,XLON
ETF,United Kingdom,WMGG,WisdomTree Megatrends UCITS ETF USD,GBp,LSE,XLON
ETF,United Kingdom,HEAW,SPDR MSCI World Health Care UCITS ETF,GBP,LSE,XLON
ETF,United Kingdom,0HDM,UBS MSCI Japan Socially Responsible UCITS ETF hEUR acc,EUR,LSE,XLON
ETF,United Kingdom,HEDP,WisdomTree Europe Equity UCITS ETF - GBP Hedged,GBp,LSE,XLON
ETF,United Kingdom,WMGB,BNP Paribas Easy MSCI World Min TE UCITS ETF USD Acc,GBP,LSE,XLON
ETF,United Kingdom,EEXC,Franklin FTSE Emerging ex China UCITS ETF,GBP,LSE,XLON
ETF,United Kingdom,0G28,XACT OMXS30 ESG UCITS ETF,SEK,LSE,XLON
ETF,United Kingdom,EEWD,iShares MSCI World CTB Enhanced ESG UCITS ETF,USD,LSE,XLON
ETF,United Kingdom,EEUD,iShares MSCI Europe ESG Enhanced CTB UCITS ETF EUR (Dist),GBP,LSE,XLON
ETF,United Kingdom,EEMU,BNP Paribas Easy MSCI EMU ESG Filtered Min TE UCITS ETF,EUR,LSE,XLON
ETF,United Kingdom,EEJD,iShares MSCI Japan CTB Enhanced ESG UCITS ETF USD (Dist),USD,LSE,XLON
ETF,United Kingdom,EEIA,WisdomTree Europe Equity Income UCITS ETF Acc,EUR,LSE,XLON
ETF,United Kingdom,EEI,WisdomTree Europe Equity Income UCITS ETF,GBp,LSE,XLON
ETF,United Kingdom,EEDM,iShares MSCI EM ESG Enhanced CTB UCITS ETF USD (Dist),USD,LSE,XLON
ETF,United Kingdom,EEDG,iShares MSCI USA ESG Enhanced CTB UCITS ETF USD (Dist),GBP,LSE,XLON
ETF,United Kingdom,EEUR,Invesco MSCI Europe ESG Universal Screened UCITS ETF,USD,LSE,XLON
ETF,United Kingdom,0DYY,Amundi S&P 500 VIX Futures Enhanced Roll UCITS ETF Acc,EUR,LSE,XLON
ETF,United Kingdom,0DYX,UBS SBI® Foreign AAA-BBB 5-10 ESG UCITS ETF CHF dis,EUR,LSE,XLON
ETF,United Kingdom,XSKR,iShares MSCI Europe SRI UCITS ETF,GBp,LSE,XLON
ETF,United Kingdom,XSSW,Xtrackers MSCI World Communication Services UCITS ETF 1C,GBP,LSE,XLON
ETF,United Kingdom,XSTC,Xtrackers MSCI USA Information Technology UCITS ETF 1D,GBp,LSE,XLON
ETF,United Kingdom,RSPB,Invesco S&P 500 Equal Weight Swap UCITS ETF Acc,GBp,LSE,XLON
ETF,United Kingdom,0A3G,iShares Core MSCI Europe UCITS ETF EUR (Acc),MXN,LSE,XLON
ETF,United Kingdom,S100,Invesco FTSE 100 UCITS ETF,GBp,LSE,XLON
ETF,United Kingdom,XSHC,Xtrackers MSCI USA Health Care UCITS ETF 1D,GBp,LSE,XLON
ETF,United Kingdom,S250,Invesco FTSE 250 UCITS ETF,GBp,LSE,XLON
ETF,United Kingdom,500P,Franklin S&P 500 Paris Aligned Climate UCITS ETF,GBP,LSE,XLON
ETF,United Kingdom,XTMT,Xtrackers MSCI Taiwan UCITS ETF 1D,USD,LSE,XLON
ETF,United Kingdom,XUDY,Xtrackers S&P 500 Defensive Shareholder Yield UCITS ETF 1C,USD,LSE,XLON
ETF,United Kingdom,S5UA,UBS (Irl) ETF plc – S&P 500 UCITS ETF USD Acc,GBp,LSE,XLON
ETF,United Kingdom,0MNH,iShares Nasdaq 100 UCITS ETF (DE),EUR,LSE,XLON
ETF,United Kingdom,S5UH,UBS S&P 500 SF UCITS ETF (USD) A-Acc,HKD,LSE,XLON
ETF,United Kingdom,XUFB,Xtrackers MSCI USA Banks UCITS ETF 1D,GBp,LSE,XLON
ETF,United Kingdom,0A3F,iShares Core MSCI Japan IMI UCITS ETF MXN Hedged (Accumulating),MXN,LSE,XLON
ETF,United Kingdom,0A3D,iShares Core S&P 500 UCITS ETF MXN Hedged (Acc),MXN,LSE,XLON
ETF,United Kingdom,XSFN,Xtrackers MSCI USA Financials UCITS ETF 1D,GBp,LSE,XLON
ETF,United Kingdom,RMBS,Regan Total Return Income UCITS ETF,USD,LSE,XLON
ETF,United Kingdom,QWTM,WisdomTree Quantum Computing UCITS ETF USD Unhedged Acc,GBp,LSE,XLON
ETF,United Kingdom,QYLU,GX Nasdaq 100 Covered Call UCITS ETF,USD,LSE,XLON
ETF,United Kingdom,R1GB,iShares Russell 1000 Growth UCITS ETF USD (Acc),GBP,LSE,XLON
ETF,United Kingdom,R2SC,SPDR Russell 2000 US Small Cap UCITS ETF (Acc),GBP,LSE,XLON
ETF,United Kingdom,0A5L,UBS ETF (LU) MSCI Switzerland 20/35 hedged to EUR UCITS ETF (EUR) A-acc,EUR,LSE,XLON
ETF,United Kingdom,XRMU,Xtrackers MSCI USA Screened UCITS ETF 1C,USD,LSE,XLON
ETF,United Kingdom,RDTG,Robeco Dynamic Theme Machine UCITS ETF USD Acc,GBP,LSE,XLON
ETF,United Kingdom,REGB,VanEck Rare Earth and Strategic Metals UCITS ETF,GBP,LSE,XLON
ETF,United Kingdom,XSEN,Xtrackers MSCI USA Energy UCITS ETF 1D,GBp,LSE,XLON
ETF,United Kingdom,REMD,Robeco 3D EM Equity UCITS ETF USD Dis,USD,LSE,XLON
ETF,United Kingdom,0MMG,iShares STOXX Europe Small 200 UCITS ETF (DE),EUR,LSE,XLON
ETF,United Kingdom,XS3R,Xtrackers MSCI Europe Consumer Staples ESG Screened UCITS ETF 1C,GBp,LSE,XLON
ETF,United Kingdom,REUG,VanEck Circular Economy UCITS ETF,GBP,LSE,XLON
ETF,United Kingdom,RGSB,Robeco NextGen Global Small-Cap Equity UCITS ETF USD Acc,GBP,LSE,XLON
ETF,United Kingdom,XSCD,Xtrackers MSCI USA Consumer Discretionary UCITS ETF 1D,GBp,LSE,XLON
ETF,United Kingdom,0MNG,iShares Dow Jones China Offshore 50 UCITS ETF (DE),EUR,LSE,XLON
ETF,United Kingdom,XSCS,Xtrackers MSCI USA Consumer Staples UCITS ETF 1D,GBp,LSE,XLON
ETF,United Kingdom,RENG,L&G Clean Energy UCITS ETF,GBp,LSE,XLON
ETF,United Kingdom,S5UU,UBS Core S&P 500 UCITS ETF USD acc,USD,LSE,XLON
ETF,United Kingdom,XUML,Xtrackers S&P 500 Market Leaders UCITS ETF 1C,USD,LSE,XLON
ETF,United Kingdom,"3,00 SDG",Xtrackers MSCI Global SDG 3 Good Health UCITS ETF 1C,GBP,LSE,XLON
ETF,United Kingdom,SDGX,Xtrackers MSCI Global SDGs UCITS ETF 1C,GBP,LSE,XLON
ETF,United Kingdom,SDIP,Global X SuperDividend UCITS ETF USD Dis,GBP,LSE,XLON
ETF,United Kingdom,SDUE,iShares MSCI Europe Screened UCITS ETF,GBP,LSE,XLON
ETF,United Kingdom,SDVI,First Trust SMID Rising Dividend Achievers UCITS ETF,GBp,LSE,XLON
ETF,United Kingdom,SECA,Schroder Global Equity Custom Active UCITS ETF,USD,LSE,XLON
ETF,United Kingdom,XZEU,Xtrackers MSCI Europe ESG UCITS ETF 1C,GBp,LSE,XLON
ETF,United Kingdom,SXYD,Global X EURO STOXX 50 Covered Call UCITS ETF EUR Distributing,GBP,LSE,XLON
ETF,United Kingdom,0A0P,Amundi S&P 500 Swap UCITS ETF USD Acc,EUR,LSE,XLON
ETF,United Kingdom,XZRE,Xtrackers MSCI World Sector Neutral ESG Screened UCITS ETF,USD,LSE,XLON
ETF,United Kingdom,0MNU,iShares Asia Pacific Dividend UCITS ETF,EUR,LSE,XLON
ETF,United Kingdom,SCMD,State Street SPDR Commodity UCITS ETF (Acc),GBP,LSE,XLON
ETF,United Kingdom,3DUH,Robeco UCITS ICAV – Robeco 3D US Equity UCITS ETF GBP (H) Acc,GBP,LSE,XLON
ETF,United Kingdom,3DUG,Robeco 3D US Equity UCITS ETF USD Acc,GBP,LSE,XLON
ETF,United Kingdom,SAEG,Schroder Global Equity Active UCITS ETF Accumulation USD,GBP,LSE,XLON
ETF,United Kingdom,3DGH,Robeco 3D Global Equity UCITS ETF GBP(H) Acc,GBP,LSE,XLON
ETF,United Kingdom,SAJP,iShares MSCI Japan UCITS ETF (Dist),USD,LSE,XLON
ETF,United Kingdom,3DCB,Robeco 3D Global Equity UCITS ETF USD Acc,GBP,LSE,XLON
ETF,United Kingdom,XUSD,Xtrackers MSCI USA Swap UCITS ETF 1D,USD,LSE,XLON
ETF,United Kingdom,XUTG,Xtrackers II US Treasuries UCITS ETF 2C - GBP Hedged,GBP,LSE,XLON
ETF,United Kingdom,0MNI,iShares Dow Jones Euro STOXX Sustainability UCITS ETF (DE),EUR,LSE,XLON
ETF,United Kingdom,0MNJ,iShares STOXX Global Select Dividend 100 UCITS ETF (DE),EUR,LSE,XLON
ETF,United Kingdom,SAQL,State Street Saudi Arabia Enhanced Active Equity UCITS ETF (Acc),USD,LSE,XLON
ETF,United Kingdom,XWBS,Xtrackers MSCI World Minimum Volatility ESG UCITS ETF 1C,GBP,LSE,XLON
ETF,United Kingdom,XWEM,Xtrackers MSCI World Momentum ESG UCITS ETF 1C,USD,LSE,XLON
ETF,United Kingdom,SAUM,iShares MSCI EMU IMI Screened UCITS ETF Accum Shs EUR,GBP,LSE,XLON
ETF,United Kingdom,0MNK,iShares STOXX Europe 600 Banks UCITS ETF (DE),EUR,LSE,XLON
ETF,United Kingdom,0MNL,iShares STOXX Europe 600 Basic Resources UCITS ETF (DE),EUR,LSE,XLON
ETF,United Kingdom,0MNN,iShares Diversified Commodity Swap UCITS ETF (DE),EUR,LSE,XLON
ETF,United Kingdom,SGQD,Amundi Global Equity Quality Income UCITS ETF Acc,USD,LSE,XLON
ETF,United Kingdom,T3MD,JPMorgan ETFs (Ireland) ICAV JPM Climate Change Solutions Active UCITS ETF,USD,LSE,XLON
ETF,United Kingdom,QSEP,First Trust Vest Nasdaq-100 Moderate Buffer UCITS ETF - September Class A Accumulation,USD,LSE,XLON
ETF,United Kingdom,NUCG,VanEck Uranium and Nuclear Technologies UCITS ETF,GBP,LSE,XLON
ETF,United Kingdom,NUKP,Hanetf Nuclear Renaissance UCITS ETF,GBp,LSE,XLON
ETF,United Kingdom,ISPE,iShares S&P 500 Equal Weight UCITS ETF GBP Hedged (Acc),GBP,LSE,XLON
ETF,United Kingdom,OIGB,VanEck Oil Services UCITS ETF A USD,GBP,LSE,XLON
ETF,United Kingdom,AIAG,L&G Artificial Intelligence UCITS ETF,GBp,LSE,XLON
ETF,United Kingdom,XMAF,Xtrackers MSCI Africa Top 50 Swap UCITS ETF 1C,USD,LSE,XLON
ETF,United Kingdom,XMAU,Xtrackers MSCI AC World Screened UCITS ETF 5C USD Hedged,USD,LSE,XLON
ETF,United Kingdom,NRUC,WisdomTree Strategic Metals UCITS ETF - USD Acc,GBp,LSE,XLON
ETF,United Kingdom,0MM7,iShares ATX UCITS ETF (DE),EUR,LSE,XLON
ETF,United Kingdom,PAAC,BNP Paribas Easy MSCI ACWI SRI S-Series PAB 5% Capped UCITS ETF,USD,LSE,XLON
ETF,United Kingdom,PACW,Amundi Prime All Country World UCITS ETF Acc,GBP,LSE,XLON
ETF,United Kingdom,PAEM,Invesco MSCI Emerging Markets ESG Paris Aligned UCITS ETF,USD,LSE,XLON
ETF,United Kingdom,XMME,Xtrackers MSCI Emerging Markets UCITS ETF 1C,USD,LSE,XLON
ETF,United Kingdom,PAES,Invesco MSCI Europe ESG Climate Paris Aligned UCITS ETF Acc,GBp,LSE,XLON
ETF,United Kingdom,AJAS,BNP Paribas Easy ESG Enhanced Japan UCITS ETF,EUR,LSE,XLON
ETF,United Kingdom,NDUS,SPDR MSCI Europe Industrials UCITS ETF,EUR,LSE,XLON
ETF,United Kingdom,0ACU,iShares Core MSCI World UCITS ETF EUR Hedged (Dist),EUR,LSE,XLON
ETF,United Kingdom,MWEP,Invesco MSCI World Equal Weight UCITS ETF Acc,GBp,LSE,XLON
ETF,United Kingdom,TNOG,Lyxor MSCI World Information Technology TR UCITS ETF - C-USD,GBp,LSE,XLON
ETF,United Kingdom,TMGG,WisdomTree Tech Megatrends UCITS ETF USD Acc,GBp,LSE,XLON
ETF,United Kingdom,MXEU,Invesco MSCI Europe UCITS ETF,GBp,LSE,XLON
ETF,United Kingdom,NRJC,Amundi MSCI New Energy ESG Screened UCITS ETF Acc,USD,LSE,XLON
ETF,United Kingdom,MXJP,Invesco MSCI Japan UCITS ETF Acc,USD,LSE,XLON
ETF,United Kingdom,N100,iShares NASDAQ 100 Swap UCITS ETF,GBP,LSE,XLON
ETF,United Kingdom,ALLG,Xtrackers FTSE All-World UCITS ETF 1C,GBP,LSE,XLON
ETF,United Kingdom,0ACQ,iShares MSCI USA ESG Enhanced CTB UCITS ETF USD (Acc),EUR,LSE,XLON
ETF,United Kingdom,N4US,Invesco JPX-Nikkei 400 UCITS ETF USD Hdg Acc,USD,LSE,XLON
ETF,United Kingdom,0MM3,iShares EURO STOXX UCITS ETF (DE),EUR,LSE,XLON
ETF,United Kingdom,NCLP,WisdomTree Uranium and Nuclear Energy UCITS ETF USD Acc,GBp,LSE,XLON
ETF,United Kingdom,TKNG,Global X Stablecoins & Tokenization UCITS ETF,GBP,LSE,XLON
ETF,United Kingdom,XMN2,Xtrackers MSCI Nordic UCITS ETF 2C – GBP Hedged,GBP,LSE,XLON
ETF,United Kingdom,XMUJ,Xtrackers MSCI Japan UCITS ETF 2D USD Hedged,USD,LSE,XLON
ETF,United Kingdom,0AC7,iShares MSCI China UCITS ETF USD (Acc),USD,LSE,XLON
ETF,United Kingdom,QEGB,BNP Paribas Easy Alpha Enhanced US UCITS ETF USD Acc,GBP,LSE,XLON
ETF,United Kingdom,0ABU,Xtrackers MSCI Singapore UCITS ETF 1C,EUR,LSE,XLON
ETF,United Kingdom,QNTG,VanEck Quantum Computing UCITS ETF,GBP,LSE,XLON
ETF,United Kingdom,0MMA,iShares Dow Jones U.S. Select Dividend UCITS ETF (DE),EUR,LSE,XLON
ETF,United Kingdom,AASG,Amundi MSCI Emerging Markets Asia UCITS ETF,GBp,LSE,XLON
ETF,United Kingdom,QQQG,UBS NASDAQ-100 UCITS ETF HGBP ACC,GBp,LSE,XLON
ETF,United Kingdom,QRDG,CT QR Series Global Equity Active UCITS ETF USD Acc,GBP,LSE,XLON
ETF,United Kingdom,QRDU,Columbia Threadneedle Irl ICAV – CT QR Series US Equity Active UCITS ETF,GBP,LSE,XLON
ETF,United Kingdom,QRED,CT QR Series European Equity Active UCITS ETF EUR Acc,EUR,LSE,XLON
ETF,United Kingdom,QREG,CT QR Series Global Equity Active UCITS ETF Acc USD,GBP,LSE,XLON
ETF,United Kingdom,XNZS,Xtrackers World Net Zero Pathway Paris Aligned UCITS ETF 1C,GBP,LSE,XLON
ETF,United Kingdom,QRGD,CT QR Series Global Equity Active UCITS ETF,USD,LSE,XLON
ETF,United Kingdom,QRSU,CT QR Series US Equity Active UCITS ETF Acc USD,GBP,LSE,XLON
ETF,United Kingdom,QDIH,iShares MSCI USA Quality Dividend Advanced UCITS ETF,GBP,LSE,XLON
ETF,United Kingdom,QDGH,iShares MSCI Europe Quality Dividend Advanced UCITS ETF GBP Hedged,GBP,LSE,XLON
ETF,United Kingdom,QDEC,First Trust Vest Nasdaq-100 Moderate Buffer UCITS ETF - December,USD,LSE,XLON
ETF,United Kingdom,PDWD,Pictet AI Enhanced World Equity UCITS ETF USD Acc,USD,LSE,XLON
ETF,United Kingdom,AEMU,Amundi Core MSCI Emerging Markets UCITS ETF USD Dist,USD,LSE,XLON
ETF,United Kingdom,AEJ,Amundi MSCI AC Asia Pacific Ex Japan UCITS ETF Acc,USD,LSE,XLON
ETF,United Kingdom,PQVG,Invesco S&P 500 QVM UCITS ETF,GBp,LSE,XLON
ETF,United Kingdom,AEGB,BNP Paribas Easy Alpha Enhanced Europe UCITS ETF Acc,GBP,LSE,XLON
ETF,United Kingdom,TDUK,VanEck Morningstar Developed Markets ex-US Dividend Leaders UCITS ETF,GBP,LSE,XLON
ETF,United Kingdom,XMVU,Xtrackers MSCI USA Minimum Volatility UCITS ETF 1D,USD,LSE,XLON
ETF,United Kingdom,XNAQ,Xtrackers NASDAQ 100 UCITS ETF 1C,GBP,LSE,XLON
ETF,United Kingdom,ADEF,HANetf Future of Defence Indo-Pac ex-China UCITS ETF Accumulating,GBp,LSE,XLON
ETF,United Kingdom,ACWL,Amundi MSCI All Country World UCITS ETF USD Acc,GBp,LSE,XLON
ETF,United Kingdom,TDGB,VanEck Morningstar Developed Markets Dividend Leaders UCITS ETF,GBP,LSE,XLON
ETF,United Kingdom,XNJG,Xtrackers Japan Net Zero Pathway Paris Aligned UCITS ETF 1C,USD,LSE,XLON
ETF,United Kingdom,XPHG,Xtrackers MSCI Philippines UCITS ETF 1C,GBp,LSE,XLON
ETF,United Kingdom,MUSG,iShares MSCI Switzerland 20/35 (UK) GBP Hedged UCITS ETF,GBP,LSE,XLON
ETF,United Kingdom,SILG,Global X Silver Miners UCITS ETF,GBP,LSE,XLON
ETF,United Kingdom,0A0N,Amundi Index Euro Corporate SRI UCITS ETF 2 DR EUR (C),EUR,LSE,XLON
ETF,United Kingdom,"0,00 MVP",Amundi Core S&P 500 Swap UCITS ETF Acc,EUR,LSE,XLON
ETF,United Kingdom,0MVO,Xtrackers MSCI Europe Value UCITS ETF 1C,EUR,LSE,XLON
ETF,United Kingdom,0MUS,Xtrackers Bloomberg Commodity ex-Agriculture & Livestock Swap UCITS ETF 1C EUR Hedged,EUR,LSE,XLON
ETF,United Kingdom,0MUL,iShares MSCI EMU Large Cap UCITS ETF,EUR,LSE,XLON
ETF,United Kingdom,0MVV,Amundi MSCI World Information Technology UCITS ETF EUR Acc,EUR,LSE,XLON
ETF,United Kingdom,0MUD,Amundi LevDAX Daily (2x) Leveraged UCITS ETF Acc,EUR,LSE,XLON
ETF,United Kingdom,0MTW,iShares MSCI Japan CHF Hedged UCITS ETF (Acc),CHF,LSE,XLON
ETF,United Kingdom,0MTV,iShares S&P 500 CHF Hedged UCITS ETF (Acc),CHF,LSE,XLON
ETF,United Kingdom,0MTQ,Invesco STOXX Europe 600 Optimised Automobiles & Parts UCITS ETF Acc,EUR,LSE,XLON
ETF,United Kingdom,0MTN,Invesco STOXX Europe 600 Optimised Retail UCITS ETF Acc,EUR,LSE,XLON
ETF,United Kingdom,0MTM,Invesco STOXX Europe 600 Personal & Household Products UCITS ETF,EUR,LSE,XLON
ETF,United Kingdom,"0,00 MTL",Invesco STOXX Europe 600 Optimised Media UCITS ETF,EUR,LSE,XLON
ETF,United Kingdom,0MTJ,Invesco STOXX Europe 600 Optimised Food & Beverage UCITS ETF Acc,EUR,LSE,XLON
ETF,United Kingdom,0MU1,UBS ETFs plc – CMCI ex-Agriculture SF UCITS ETF (hedged to EUR) A-acc,EUR,LSE,XLON
ETF,United Kingdom,0MTI,Invesco STOXX Europe 600 Optimised Financial Services UCITS ETF,EUR,LSE,XLON
ETF,United Kingdom,0MVW,Xtrackers ATX UCITS ETF 1C,EUR,LSE,XLON
ETF,United Kingdom,0SEH,Amundi Global Luxury UCITS ETF USD Acc,EUR,LSE,XLON
ETF,United Kingdom,0W9H,Amundi IBEX 35 UCITS ETF Dist,EUR,LSE,XLON
ETF,United Kingdom,0W9D,BNP Paribas Easy CAC 40 ESG UCITS ETF,EUR,LSE,XLON
ETF,United Kingdom,0W8K,Seligson & Co OMX Helsinki 25 UCITS ETF,EUR,LSE,XLON
ETF,United Kingdom,0W86,Deka Euro iSTOXX ex Fin Dividend Plus UCITS ETF,EUR,LSE,XLON
ETF,United Kingdom,0W82,Deka MDAX UCITS ETF,EUR,LSE,XLON
ETF,United Kingdom,0W7Z,Deka iBoxx EUR Liquid Non-Financials Diversified UCITS ETF,EUR,LSE,XLON
ETF,United Kingdom,0W7Q,Deka Deutsche Börse EUROGOV Germany 5-10 UCITS ETF,EUR,LSE,XLON
ETF,United Kingdom,0W7E,Deka EURO STOXX Select Dividend 30 UCITS ETF,EUR,LSE,XLON
ETF,United Kingdom,0MWI,UBS BBG US Liquid Corp 1-5 UCITS ETF hCHF acc,CHF,LSE,XLON
ETF,United Kingdom,0W79,Amundi TecDAX UCITS ETF Dist,EUR,LSE,XLON
ETF,United Kingdom,0W76,Amundi DivDAX II UCITS ETF Dist,EUR,LSE,XLON
ETF,United Kingdom,0W73,Amundi Multi-Asset Portfolio UCITS ETF Dist,EUR,LSE,XLON
ETF,United Kingdom,0W0W,iShares STOXX Europe 600 Retail UCITS ETF (DE),EUR,LSE,XLON
ETF,United Kingdom,SUAP,iShares MSCI USA SRI UCITS ETF GBP Hedged (Dist),GBP,LSE,XLON
ETF,United Kingdom,STPU,Amundi US Curve Steepening 2-10Y UCITS ETF Acc,USD,LSE,XLON
ETF,United Kingdom,0W78,Amundi MDAX ESG II UCITS ETF Dist,EUR,LSE,XLON
ETF,United Kingdom,0MTH,Invesco STOXX Europe 600 Optimised Construction & Materials UCITS ETF,EUR,LSE,XLON
ETF,United Kingdom,0MTG,Invesco STOXX Europe 600 Optimised Chemicals UCITS ETF Acc,EUR,LSE,XLON
ETF,United Kingdom,0MTB,Invesco STOXX Europe 600 Optimised Technology UCITS ETF,EUR,LSE,XLON
ETF,United Kingdom,0MPR,Deka EURO STOXX 50 UCITS ETF,EUR,LSE,XLON
ETF,United Kingdom,0MPQ,Deka DAX UCITS ETF,EUR,LSE,XLON
ETF,United Kingdom,0MP2,iShares STOXX Europe 600 Real Estate UCITS ETF (DE),EUR,LSE,XLON
ETF,United Kingdom,0MP1,iShares STOXX Europe 600 Health Care UCITS ETF (DE),EUR,LSE,XLON
ETF,United Kingdom,0MP0,iShares STOXX Europe 600 Automobiles & Parts UCITS ETF (DE) EUR (Acc),EUR,LSE,XLON
ETF,United Kingdom,0MOZ,iShares STOXX Europe 600 Utilities UCITS ETF (DE),EUR,LSE,XLON
ETF,United Kingdom,0MOO,iShares STOXX Europe 600 Travel & Leisure UCITS ETF (DE),EUR,LSE,XLON
ETF,United Kingdom,0MPS,Deka DAX (ausschüttend) UCITS ETF,EUR,LSE,XLON
ETF,United Kingdom,0MOM,iShares STOXX Europe 600 Telecommunications UCITS ETF (DE),EUR,LSE,XLON
ETF,United Kingdom,0MOJ,iShares STOXX Europe 600 Personal & Household Goods UCITS ETF (DE),EUR,LSE,XLON
ETF,United Kingdom,0MOH,iShares STOXX Europe 600 Oil & Gas UCITS ETF (DE),EUR,LSE,XLON
ETF,United Kingdom,0MOF,iShares STOXX Europe 600 Media UCITS ETF (DE),EUR,LSE,XLON
ETF,United Kingdom,0MOD,iShares STOXX Europe 600 Insurance UCITS ETF (DE),EUR,LSE,XLON
ETF,United Kingdom,0MOC,iShares STOXX Europe 600 Industrial Goods & Services UCITS ETF (DE),EUR,LSE,XLON
ETF,United Kingdom,0MOB,iShares STOXX Europe 600 Food & Beverage UCITS ETF (DE),EUR,LSE,XLON
ETF,United Kingdom,0MOA,iShares STOXX Europe 600 Financial Services UCITS ETF (DE),EUR,LSE,XLON
ETF,United Kingdom,0MO6,iShares STOXX Europe 600 Construction & Materials UCITS ETF (DE),EUR,LSE,XLON
ETF,United Kingdom,0MOL,iShares STOXX Europe 600 Technology UCITS ETF (DE) EUR (Acc),EUR,LSE,XLON
ETF,United Kingdom,0MPX,Deka DAXplus Maximum Dividend UCITS ETF,EUR,LSE,XLON
ETF,United Kingdom,0MPY,Deka MSCI USA UCITS ETF,EUR,LSE,XLON
ETF,United Kingdom,0MTA,Invesco STOXX Europe 600 Optimised Basic Resources UCITS ETF,EUR,LSE,XLON
ETF,United Kingdom,0MT9,Invesco STOXX Europe 600 Oil & Gas UCITS ETF,EUR,LSE,XLON
ETF,United Kingdom,0MT7,Invesco STOXX Europe 600 Optimised Health Care UCITS ETF,EUR,LSE,XLON
ETF,United Kingdom,0MT6,Invesco STOXX Europe 600 Optimised Industrial Goods & Services UCITS ETF Acc,EUR,LSE,XLON
ETF,United Kingdom,0MT5,Invesco STOXX Europe 600 Optimized Travel UCITS ETF,EUR,LSE,XLON
ETF,United Kingdom,0MT4,Invesco STOXX Europe 600 Optimised Telecommunications UCITS ETF,EUR,LSE,XLON
ETF,United Kingdom,0MT0,UBS CMCI Composite SF UCITS ETF hCHF acc,CHF,LSE,XLON
ETF,United Kingdom,0MS7,Amundi German Bund Daily (-2x) Inverse UCITS ETF,EUR,LSE,XLON
ETF,United Kingdom,0MS5,Amundi ShortDAX Daily (-2x) Inverse UCITS ETF Acc,EUR,LSE,XLON
ETF,United Kingdom,0MRT,Amundi CAC 40 Daily (2x) Leveraged UCITS ETF Acc,EUR,LSE,XLON
ETF,United Kingdom,0MRS,Amundi CAC 40 Daily (-1X) Inverse UCITS ETF,EUR,LSE,XLON
ETF,United Kingdom,0MRP,Amundi EURO STOXX 50 Daily (2x) Leveraged UCITS ETF Acc,EUR,LSE,XLON
ETF,United Kingdom,0MRN,Amundi MSCI Emerging Markets Swap II UCITS ETF USD Acc,EUR,LSE,XLON
ETF,United Kingdom,0MRL,Amundi Euronext STOXX 50 Daily (-2x) Inverse UCITS ETF,EUR,LSE,XLON
ETF,United Kingdom,0MRI,Amundi CAC 40 Daily (-2x) Inverse UCITS ETF Acc,EUR,LSE,XLON
ETF,United Kingdom,0MRH,Amundi MSCI Greece UCITS ETF Dist,EUR,LSE,XLON
ETF,United Kingdom,0MRA,Amundi MSCI India Swap UCITS ETF USD Acc,EUR,LSE,XLON
ETF,United Kingdom,0MQ4,Amundi EURO STOXX 50 II UCITS ETF Acc,EUR,LSE,XLON
ETF,United Kingdom,0MQ1,Deka MSCI Europe UCITS ETF,EUR,LSE,XLON
ETF,United Kingdom,0W9J,Amundi Nasdaq-100 Daily (2x) Leveraged UCITS ETF Acc,EUR,LSE,XLON
ETF,United Kingdom,0WA3,Amundi FTSE MIB Daily (-1x) Inverse UCITS ETF Acc,EUR,LSE,XLON
ETF,United Kingdom,0WA5,Amundi FTSE MIB Daily (-2x) Inverse UCITS ETF Acc,EUR,LSE,XLON
ETF,United Kingdom,0Y92,UBS ETF (IE) Bloomberg Commodity CMCI SF UCITS ETF (hedged to EUR) A-acc,EUR,LSE,XLON
ETF,United Kingdom,0Y8Z,iShares Core MSCI EMU UCITS ETF EUR (Dist),EUR,LSE,XLON
ETF,United Kingdom,0Y8R,iShares Edge MSCI World Minimum Volatility UCITS ETF USD (Acc),EUR,LSE,XLON
ETF,United Kingdom,0Y8Q,iShares STOXX World Equity Multifactor UCITS ETF Hedged,EUR,LSE,XLON
ETF,United Kingdom,0Y8J,UBS ETF (IE) MSCI ACWI SF UCITS ETF (hedged to GBP) A-UKdis,GBP,LSE,XLON
ETF,United Kingdom,0Y8I,UBS MSCI ACWI SF UCITS ETF (hedged to EUR) A-UKdis,EUR,LSE,XLON
ETF,United Kingdom,0Y85,UBS CMCI ex-Agriculture SF UCITS ETF hCHF acc,CHF,LSE,XLON
ETF,United Kingdom,0Y83,WisdomTree Japan Equity UCITS ETF CHF Hedged Acc,CHF,LSE,XLON
ETF,United Kingdom,0Y82,WisdomTree Japan Equity UCITS ETF EUR Hedged Acc,EUR,LSE,XLON
ETF,United Kingdom,0Y7Z,UBS ETF (IE) MSCI United Kingdom IMI Socially Responsible UCITS ETF (hedged to EUR) A Acc,EUR,LSE,XLON
ETF,United Kingdom,0Y7W,UBS MSCI ACWI SF UCITS ETF hCHF acc,CHF,LSE,XLON
ETF,United Kingdom,0Y7V,UBS MSCI ACWI Universal UCITS ETF hEUR acc,EUR,LSE,XLON
ETF,United Kingdom,0Y7U,UBS MSCI ACWI Socially Responsible UCITS ETF hCHF acc,USD,LSE,XLON
ETF,United Kingdom,0Y7Q,UBS MSCI Australia UCITS ETF hUSD acc,USD,LSE,XLON
ETF,United Kingdom,0Y7J,UBS MSCI Australia UCITS ETF hEUR acc,EUR,LSE,XLON
ETF,United Kingdom,0Y7G,UBS Factor MSCI USA Prime Value Screened UCITS ETF hEUR acc,EUR,LSE,XLON
ETF,United Kingdom,0Y7F,UBS Factor MSCI USA Low Volatility UCITS ETF (EUR Hedged) Accumulating,EUR,LSE,XLON
ETF,United Kingdom,0ZV4,BNP Paribas Easy FTSE EPRA/NAREIT Eurozone Capped UCITS ETF EUR Dis,EUR,LSE,XLON
ETF,United Kingdom,YMAG,YieldMax Big Tech Option Income UCITS ETF Dist,USD,LSE,XLON
ETF,United Kingdom,SLVG,Sprott Silver Miners & Physical Silver UCITS ETF – Acc,GBp,LSE,XLON
ETF,United Kingdom,SXLP,State Street SPDR S&P U.S. Consumer Staples Select Sector UCITS ETF (Acc),USD,LSE,XLON
ETF,United Kingdom,SP5G,Amundi Core S&P 500 Swap UCITS ETF GBP Hedged Dist,GBP,LSE,XLON
ETF,United Kingdom,SPEG,L&G S&P 100 Equal Weight UCITS ETF USD Accumulating,GBp,LSE,XLON
ETF,United Kingdom,SUK2,L&G FTSE 100 Super Short Strategy (Daily 2x) UCITS ETF,GBp,LSE,XLON
ETF,United Kingdom,SPPG,SPDR S&P 500 GBP Hedged UCITS ETF (Dist),GBP,LSE,XLON
ETF,United Kingdom,SPTG,BNP Paribas Easy S&P 500 II UCITS ETF,GBP,LSE,XLON
ETF,United Kingdom,SPX5,SPDR S&P 500 UCITS ETF (Dist),GBP,LSE,XLON
ETF,United Kingdom,0Y72,Invesco JPX-Nikkei 400 UCITS ETF EUR Hedged Accumulating,EUR,LSE,XLON
ETF,United Kingdom,0Y6S,Invesco S&P 500 UCITS ETF EUR Hdg Acc,EUR,LSE,XLON
ETF,United Kingdom,0XDX,BNP Paribas Easy EURO STOXX 50 UCITS ETF,EUR,LSE,XLON
ETF,United Kingdom,0XDO,Amundi EURO STOXX 50 II UCITS ETF CHF Hedged Acc,CHF,LSE,XLON
ETF,United Kingdom,0XCR,Amundi PEA S&P US Industrials Screened UCITS ETF Acc,EUR,LSE,XLON
ETF,United Kingdom,0XCK,Amundi FTSE Italia PMI PIR 2020 UCITS ETF Acc,EUR,LSE,XLON
ETF,United Kingdom,0XCH,Amundi MSCI World Swap II UCITS ETF EUR Hedged Dist,EUR,LSE,XLON
ETF,United Kingdom,0xC9,BNP Paribas Easy S&P 500 UCITS ETF EUR Hedged Capitalisation,USD,LSE,XLON
ETF,United Kingdom,0xC8,BNP Paribas Easy STOXX Europe 600 UCITS ETF (EUR) (Dist),EUR,LSE,XLON
ETF,United Kingdom,0xC7,BNP Paribas Easy STOXX Europe 600 UCITS ETF,EUR,LSE,XLON
ETF,United Kingdom,0XEL,BNP Paribas Easy S&P 500 UCITS ETF EUR Hedged,EUR,LSE,XLON
ETF,United Kingdom,0xC6,BNP Paribas Easy S&P 500 UCITS ETF - C,EUR,LSE,XLON
ETF,United Kingdom,0xC2,Amundi Japan TOPIX II UCITS ETF EUR Hedged Dist,EUR,LSE,XLON
ETF,United Kingdom,0XBH,Amundi IBEX 35 Doble Apalancado Diario (2x) UCITS ETF Acc,EUR,LSE,XLON
ETF,United Kingdom,0xAA,Amundi MSCI Europe Ex EMU ESG Selection UCITS ETF Acc,EUR,LSE,XLON
ETF,United Kingdom,0xA5,Amundi Stoxx Europe 50 UCITS ETF Acc,EUR,LSE,XLON
ETF,United Kingdom,0WB0,Amundi MSCI World Ex EMU UCITS ETF Acc,EUR,LSE,XLON
ETF,United Kingdom,0WAX,Amundi MSCI USA Daily (2x) Leveraged UCITS ETF Acc,EUR,LSE,XLON
ETF,United Kingdom,0WAJ,Amundi MSCI EMU High Dividend UCITS ETF Acc,EUR,LSE,XLON
ETF,United Kingdom,0xC5,BNP Paribas Easy S&P 500 UCITS ETF EUR C,USD,LSE,XLON
ETF,United Kingdom,0Y07,UBS ETF (IE) MSCI USA UCITS ETF (USD) A-acc,USD,LSE,XLON
ETF,United Kingdom,0Y0L,UBS ETF MSCI Emerging Markets SF UCITS USD ETF,USD,LSE,XLON
ETF,United Kingdom,0Y10,UBS S&P 500 SF UCITS ETF USD acc,USD,LSE,XLON
ETF,United Kingdom,0Y6D,Xtrackers FTSE Developed Europe ex UK Property UCITS ETF 1C,EUR,LSE,XLON
ETF,United Kingdom,0Y5Z,UBS S&P USA Dividend Aristocrats ESG Elite UCITS ETF hEUR dis,EUR,LSE,XLON
ETF,United Kingdom,0Y5Y,Xtrackers S&P 500 UCITS ETF 1C EUR Hedged,EUR,LSE,XLON
ETF,United Kingdom,0Y4N,WisdomTree US Equity Income UCITS ETF EUR Hedged Acc,EUR,LSE,XLON
ETF,United Kingdom,0Y4H,UBS Core MSCI USA hEUR UCITS ETF EUR acc,EUR,LSE,XLON
ETF,United Kingdom,0Y4G,UBS Core MSCI USA UCITS ETF EUR Hedged,EUR,LSE,XLON
ETF,United Kingdom,0Y4F,UBS MSCI Australia UCITS ETF AUD dis,CHF,LSE,XLON
ETF,United Kingdom,0Y4E,UBS MSCI USA SF UCITS ETF USD acc,USD,LSE,XLON
ETF,United Kingdom,0Y49,UBS Core S&P 500 UCITS ETF hEUR acc,EUR,LSE,XLON
ETF,United Kingdom,0Y48,UBS Core S&P 500 UCITS ETF hCHF acc,CHF,LSE,XLON
ETF,United Kingdom,0Y43,UBS ETF (IE) MSCI USA UCITS ETF (USD) A-UKdis,USD,LSE,XLON
ETF,United Kingdom,0Y3F,iShares MSCI World CHF Hedged UCITS ETF (Acc),CHF,LSE,XLON
ETF,United Kingdom,0Y37,UBS ETF MSCI World UCITS ETF USD dis,EUR,LSE,XLON
ETF,United Kingdom,0Y36,UBS Solactive Global Pure Gold Miners UCITS ETF USD dis,EUR,LSE,XLON
ETF,United Kingdom,0Y2G,UBS BBG Commodity Index SF UCITS ETF USD acc,USD,LSE,XLON
ETF,United Kingdom,0Y29,UBS CMCI Composite SF UCITS ETF hEUR acc,EUR,LSE,XLON
ETF,United Kingdom,0WA4,Amundi FTSE MIB Daily (2x) Leveraged UCITS ETF Dist,EUR,LSE,XLON
ETF,United Kingdom,VLUE,WisdomTree Europe Value UCITS ETF - EUR Acc,GBp,LSE,XLON
ETF,United Kingdom,JPSG,iShares MSCI Japan SRI GBP Hedged UCITS ETF,GBP,LSE,XLON
ETF,United Kingdom,JPXX,Amundi MSCI Japan SRI Climate Paris Aligned UCITS ETF DR - GBP Hedged (C),GBp,LSE,XLON
ETF,United Kingdom,BBDS,JPMorgan BetaBuilders US Small Cap Equity UCITS ETF USD (acc),GBp,LSE,XLON
ETF,United Kingdom,BBDD,JPMorgan BetaBuilders US Equity UCITS ETF USD (dist),GBp,LSE,XLON
ETF,United Kingdom,BBCS,JPMorgan BetaBuilders U.S. Small Cap Equity UCITS ETF,GBp,LSE,XLON
ETF,United Kingdom,UC44,UBS MSCI World Socially Responsible UCITS ETF USD Dis,GBp,LSE,XLON
ETF,United Kingdom,JRAW,JPMorgan All Country Research Enhanced Index Equity Active UCITS ETF USD (acc),USD,LSE,XLON
ETF,United Kingdom,JEDG,VanEck Space Innovators UCITS ETF,GBP,LSE,XLON
ETF,United Kingdom,JRCD,JPMorgan China A-Share Research Enhanced Index UCITS ETF,GBp,LSE,XLON
ETF,United Kingdom,JRCE,JPM China A Research Enhanced Index Equity Active UCITS ETF,GBp,LSE,XLON
ETF,United Kingdom,JRDU,JPMorgan US Research Enhanced Index Equity Active UCITS ETF USD (dist),GBp,LSE,XLON
ETF,United Kingdom,XEOU,Xtrackers MSCI Europe UCITS ETF 2C USD Hedged,USD,LSE,XLON
ETF,United Kingdom,JPGL,JPMorgan Global Equity Multi-Factor UCITS ETF USD Accumulating,USD,LSE,XLON
ETF,United Kingdom,UC67,UBS MSCI USA UCITS ETF,USD,LSE,XLON
ETF,United Kingdom,JPJP,SPDR MSCI Japan UCITS ETF,GBP,LSE,XLON
ETF,United Kingdom,0MIV,Invesco S&P 500 High Dividend Low Volatility UCITS ETF CHF Hedged Acc,GBP,LSE,XLON
ETF,United Kingdom,UC55,UBS MSCI World UCITS ETF USD dis,GBp,LSE,XLON
ETF,United Kingdom,CBRX,Invesco Cybersecurity UCITS ETF Acc,GBp,LSE,XLON
ETF,United Kingdom,CBS5,UBS ETF (IE) Plc - US Liquid Corporates 1-5 Year UCITS ETF,GBp,LSE,XLON
ETF,United Kingdom,CBSC,Franklin ClearBridge US Smaller Companies UCITS ETF,GBP,LSE,XLON
ETF,United Kingdom,BBSU,JPMorgan BetaBuilders US Equity UCITS ETF USD (Acc),GBp,LSE,XLON
ETF,United Kingdom,CBSE,UBS BBG MSCI Euro Area Liquid Corp Sustainable UCITS ETF EUR dis,GBp,LSE,XLON
ETF,United Kingdom,JRDZ,JPMorgan Eurozone Research Enhanced Index Equity (ESG) UCITS ETF EUR (dist),GBp,LSE,XLON
ETF,United Kingdom,0DO6,Xtrackers CAC 40 UCITS ETF 1D,EUR,LSE,XLON
ETF,United Kingdom,JCPG,Janus Henderson Tabula Japan High Conviction Equity UCITS ETF JPY Acc.,GBP,LSE,XLON
ETF,United Kingdom,XESJ,Xtrackers MSCI Japan ESG UCITS ETF 1C,GBP,LSE,XLON
ETF,United Kingdom,JSEU,JPMorgan US Research Enhanced Index Equity SRI Paris Aligned UCITS ETF USD (acc),USD,LSE,XLON
ETF,United Kingdom,JSUD,JPMorgan U.S. Sustainable Equity UCITS ETF,USD,LSE,XLON
ETF,United Kingdom,JSUG,JPMorgan US Research Enhanced Index Equity SRI Paris Aligned Active UCITS ETF,GBp,LSE,XLON
ETF,United Kingdom,JSEM,JPMorgan Global Emerging Markets Research Enhanced Index Equity SRI Paris Aligned Active UCITS ETF,USD,LSE,XLON
ETF,United Kingdom,AWSR,UBS MSCI ACWI Socially Responsible UCITS ETF (hedged to USD) Accumulating,USD,LSE,XLON
ETF,United Kingdom,XESU,Xtrackers MSCI USA ESG UCITS ETF 1C,GBP,LSE,XLON
ETF,United Kingdom,UGRW,WisdomTree UK Quality Dividend Growth UCITS ETF GBP,GBp,LSE,XLON
ETF,United Kingdom,UB0A,UBS ETF (IE) MSCI USA UCITS ETF (hedged to GBP) A-acc,GBp,LSE,XLON
ETF,United Kingdom,JUHG,JPM US Research Enhanced Index Equity Active UCITS ETF,GBp,LSE,XLON
ETF,United Kingdom,JCLS,Janus Henderson Tabula EUR UCITS ETF,GBP,LSE,XLON
ETF,United Kingdom,AWEG,Xtrackers FTSE All-World ex US UCITS ETF 1C Capitalisation,GBP,LSE,XLON
ETF,United Kingdom,JCLU,Janus Henderson Tabellion Euro UCITS ETF,USD,LSE,XLON
ETF,United Kingdom,XESE,Xtrackers MSCI Emerging Markets ESG UCITS ETF 1C,GBP,LSE,XLON
ETF,United Kingdom,JEAE,JPM Europe Equity Premium Income Active UCITS ETF - EUR (Acc),GBp,LSE,XLON
ETF,United Kingdom,JRGP,JPMorgan Global Research Enhanced Index Equity (ESG) UCITS ETF GBP Hedged (dist),GBP,LSE,XLON
ETF,United Kingdom,JEAQ,JPM Nasdaq Equity Premium Income Active UCITS ETF USD (acc),GBp,LSE,XLON
ETF,United Kingdom,JEAI,JPM US Equity Premium Income Active UCITS ETF,GBp,LSE,XLON
ETF,United Kingdom,JRID,JPMorgan India Research Enhanced Index Equity Active UCITS ETF USD (dist),USD,LSE,XLON
ETF,United Kingdom,XEQL,Xtrackers S&P 500 Equal Weight Swap UCITS ETF 1D,GBP,LSE,XLON
ETF,United Kingdom,JEAG,JPMorgan Global Equity Premium Income Active UCITS ETF USD (Accumulating),GBp,LSE,XLON
ETF,United Kingdom,JRIN,JPM India Research Enhanced Index Equity Active UCITS ETF USD (Acc),USD,LSE,XLON
ETF,United Kingdom,JRUW,JPMorgan All Country World Research Enhanced Index Equity Active UCITS ETF,GBp,LSE,XLON
ETF,United Kingdom,0DS3,Amundi MSCI Pacific ESG Broad Transition UCITS ETF Dist,EUR,LSE,XLON
ETF,United Kingdom,BCOG,L&G All Commodities UCITS ETF,GBp,LSE,XLON
ETF,United Kingdom,0MLG,iShares MDAX UCITS ETF (DE) EUR (Acc),EUR,LSE,XLON
ETF,United Kingdom,0MLH,iShares Core DAX® UCITS ETF (DE) EUR (Acc),EUR,LSE,XLON
ETF,United Kingdom,0MLI,iShares STOXX Europe 600 Top 20 UCITS ETF (DE),EUR,LSE,XLON
ETF,United Kingdom,0MLJ,iShares Core EURO STOXX 50 UCITS ETF (DE),EUR,LSE,XLON
ETF,United Kingdom,0MLK,iShares SLI UCITS ETF (DE),EUR,LSE,XLON
ETF,United Kingdom,0MLM,iShares TecDAX UCITS ETF (DE),EUR,LSE,XLON
ETF,United Kingdom,0MLD,iShares STOXX Europe 600 UCITS ETF (DE),EUR,LSE,XLON
ETF,United Kingdom,XDWG,Xtrackers MSCI World UCITS ETF 2D - GBP Hedged,GBP,LSE,XLON
ETF,United Kingdom,XDWK,Xtrackers MSCI World UCITS ETF 1D,GBP,LSE,XLON
ETF,United Kingdom,BPDU,Nordea Bank Abp BetaPlus Enhanced Global Developed Sustainable Equity UCITS ETF,USD,LSE,XLON
ETF,United Kingdom,BPDG,BNP Paribas Easy ESG Global Dividend Select UCITS ETF,GBP,LSE,XLON
ETF,United Kingdom,0MLC,iShares STOXX Europe Select Dividend 30 UCITS ETF (DE),EUR,LSE,XLON
ETF,United Kingdom,0MLB,iShares EURO STOXX Select Dividend 30 UCITS ETF (DE),EUR,LSE,XLON
ETF,United Kingdom,C500,Invesco S&P China A MidCap 500 Swap UCITS ETF Acc,USD,LSE,XLON
ETF,United Kingdom,0DST,Xtrackers Portfolio UCITS ETF 1C,EUR,LSE,XLON
ETF,United Kingdom,XDPG,Xtrackers S&P 500 UCITS ETF 2C - GBP Hedged,GBp,LSE,XLON
ETF,United Kingdom,JGEP,JPMorgan Global Real Estate ESG UCITS ETF,GBp,LSE,XLON
ETF,United Kingdom,XDPP,Xtrackers S&P 500 UCITS ETF 4C,GBP,LSE,XLON
ETF,United Kingdom,0ML6,iShares Pfandbriefe UCITS ETF (DE),EUR,LSE,XLON
ETF,United Kingdom,BTEE,iShares Nasdaq US Biotechnology UCITS ETF USD (Dist),USD,LSE,XLON
ETF,United Kingdom,XDNS,Xtrackers MSCI Japan Screened UCITS ETF 1D,GBp,LSE,XLON
ETF,United Kingdom,0MLA,iShares DivDAX UCITS ETF (DE),EUR,LSE,XLON
ETF,United Kingdom,UKSA,UBS MSCI United Kingdom IMI Socially Responsible UCITS ETF GBP dis,GBp,LSE,XLON
ETF,United Kingdom,BOTG,Global X Robotics & Artificial Intelligence UCITS ETF USD Accumulating,GBP,LSE,XLON
ETF,United Kingdom,JMRE,JPMorgan Global Emerging Markets Research Enhanced Index Equity (ESG) UCITS ETF USD (acc),GBp,LSE,XLON
ETF,United Kingdom,JOGP,Jupiter Origin Global Smaller Companies Active UCITS ETF (Acc),GBp,LSE,XLON
ETF,United Kingdom,0MLU,iShares Dow Jones Global Titans 50 UCITS ETF (DE),EUR,LSE,XLON
ETF,United Kingdom,CAUG,Global X China Electric Vehicle and Battery UCITS ETF USD Accumulating,GBP,LSE,XLON
ETF,United Kingdom,0MLV,iShares Dow Jones Industrial Average UCITS ETF (DE),EUR,LSE,XLON
ETF,United Kingdom,0DT2,First Trust Eurozone AlphaDEX UCITS ETF,USD,LSE,XLON
ETF,United Kingdom,XEEG,Xtrackers World Equity Enhanced Active UCITS ETF,GBP,LSE,XLON
ETF,United Kingdom,XEES,Xtrackers US Equity Enhanced Active UCITS ETF 1C,GBP,LSE,XLON
ETF,United Kingdom,JPAG,JPMorgan All Country REI Paris Aligned Equity Active UCITS ETF - USD (acc),GBp,LSE,XLON
ETF,United Kingdom,CAPU,Ossiam Shiller Barclays CAPE® US Sector Value TR UCITS ETF 1C (USD),GBp,LSE,XLON
ETF,United Kingdom,BNKS,iShares S&P U.S. Banks UCITS ETF USD (Acc),USD,LSE,XLON
ETF,United Kingdom,0MLO,iShares STOXX Europe Large 200 UCITS ETF (DE),EUR,LSE,XLON
ETF,United Kingdom,0MLP,iShares STOXX Europe Mid 200 UCITS ETF (DE),EUR,LSE,XLON
ETF,United Kingdom,JERA,JPMorgan Europe Research Enhanced Index Equity (ESG) UCITS ETF EUR (acc),USD,LSE,XLON
ETF,United Kingdom,CAKE,Calamos Autocallable Income UCITS ETF USD Acc,GBP,LSE,XLON
ETF,United Kingdom,CALF,Pacer US Small Cap Cash Cows 100 UCITS ETF,GBP,LSE,XLON
ETF,United Kingdom,0MLQ,iShares EURO STOXX Banks 30-15 UCITS ETF (DE),EUR,LSE,XLON
ETF,United Kingdom,CANA,UBS MSCI Canada UCITS ETF CAD acc,USD,LSE,XLON
ETF,United Kingdom,UEDV,State Street SPDR S&P U.S. Dividend Aristocrats Screened UCITS ETF,USD,LSE,XLON
ETF,United Kingdom,BKCN,WisdomTree Blockchain UCITS ETF - USD Acc,GBp,LSE,XLON
ETF,United Kingdom,JEPQ,JPMorgan Nasdaq Equity Premium Income Active UCITS ETF USD (dist),USD,LSE,XLON
ETF,United Kingdom,BKCG,Global X Blockchain UCITS ETF USD Accumulating,GBP,LSE,XLON
ETF,United Kingdom,CAPE,Ossiam Shiller Barclays CAPE Europe Sector Value TR UCITS ETF 1C,EUR,LSE,XLON
ETF,United Kingdom,XDNG,Xtrackers MSCI Japan Screened UCITS ETF 2D GBP Hedged,GBp,LSE,XLON
ETF,United Kingdom,JUKC,JPMorgan UK Equity Core Active UCITS ETF GBP (dist),GBp,LSE,XLON
ETF,United Kingdom,JTXT,Janus Henderson US Transformational Growth High Conviction Equity UCITS ETF USD Acc.,GBP,LSE,XLON
ETF,United Kingdom,JURP,Jury Global High Dividend UCITS ETF,GBp,LSE,XLON
ETF,United Kingdom,IUSF,iShares MSCI USA Mid-Cap Equal Weight UCITS ETF USD (Acc),GBp,LSE,XLON
ETF,United Kingdom,CDCE,State Street SPDR MSCI Europe Consumer Discretionary UCITS ETF,GBP,LSE,XLON
ETF,United Kingdom,0DLT,Xtrackers Switzerland UCITS ETF 1D,EUR,LSE,XLON
ETF,United Kingdom,MAMG,iShares Moderate Portfolio UCITS ETF,GBP,LSE,XLON
ETF,United Kingdom,CEA1,iShares MSCI EM Asia UCITS ETF USD (Acc),GBp,LSE,XLON
ETF,United Kingdom,0DXV,Xtrackers MSCI Japan UCITS ETF 4C EUR Hedged,EUR,LSE,XLON
ETF,United Kingdom,AMEG,Amundi MSCI Emerging Markets SRI PAB UCITS ETF EUR (D),GBp,LSE,XLON
ETF,United Kingdom,0DB7,UBS MSCI Australia UCITS ETF hCHF acc,CHF,LSE,XLON
ETF,United Kingdom,UPAD,iShares S&P 500 Paris-Aligned UCITS ETF,USD,LSE,XLON
ETF,United Kingdom,0DXT,Xtrackers MSCI World Swap UCITS ETF 4C EUR Hedged,EUR,LSE,XLON
ETF,United Kingdom,XDEB,Xtrackers MSCI World Minimum Volatility UCITS ETF 1C,GBp,LSE,XLON
ETF,United Kingdom,0DW6,Amundi MSCI World Health Care UCITS ETF USD Acc,EUR,LSE,XLON
ETF,United Kingdom,JUNQ,First Trust Vest Nasdaq-100 Moderate Buffer UCITS ETF - June,GBp,LSE,XLON
ETF,United Kingdom,IWHG,iShares MSCI World Swap UCITS ETF GBP Hedged (Acc),GBP,LSE,XLON
ETF,United Kingdom,UONS,Invesco USD Overnight Return Swap UCITS ETF Acc,USD,LSE,XLON
ETF,United Kingdom,M30E,CO Eurizon SLJ EM Equity Magnificent 30 UCITS ETF,EUR,LSE,XLON
ETF,United Kingdom,MACG,iShares Conservative Portfolio UCITS ETF,GBP,LSE,XLON
ETF,United Kingdom,0DMT,Xtrackers II EUR Overnight Rate Swap UCITS ETF 1C,EUR,LSE,XLON
ETF,United Kingdom,0DWR,Xtrackers Spanish Equity UCITS ETF 1C,EUR,LSE,XLON
ETF,United Kingdom,XD5S,Xtrackers MSCI EMU UCITS ETF 2C GBP,GBp,LSE,XLON
ETF,United Kingdom,MJPU,UBS ETF (IE) MSCI Japan UCITS ETF USD (Acc),GBP,LSE,XLON
ETF,United Kingdom,MJUN,First Trust Vest U.S. Equity Max Buffer UCITS ETF - June Class A Accumulation,USD,LSE,XLON
ETF,United Kingdom,CEG2,Amundi Core MSCI Europe UCITS ETF Acc,GBp,LSE,XLON
ETF,United Kingdom,ITEC,SPDR MSCI Europe Technology UCITS ETF,EUR,LSE,XLON
ETF,United Kingdom,MLPQ,Invesco Morningstar US Energy Infrastructure MLP UCITS ETF Acc,GBp,LSE,XLON
ETF,United Kingdom,MIDG,L&G MSCI World Mid Cap UCITS ETF USD Accumulating,GBp,LSE,XLON
ETF,United Kingdom,MPXG,Amundi Index MSCI Pacific Ex Japan SRI PAB UCITS ETF DR USD (C),GBp,LSE,XLON
ETF,United Kingdom,MSEX,AMI Emerging Markets ST50 II UCITS ETF - GHEGA,GBp,LSE,XLON
ETF,United Kingdom,MTRL,State Street SPDR MSCI Europe Materials UCITS ETF,EUR,LSE,XLON
ETF,United Kingdom,MTVG,L&G Metaverse UCITS ETF USD Acc,GBp,LSE,XLON
ETF,United Kingdom,ISUN,Invesco Solar Energy UCITS ETF Acc,USD,LSE,XLON
ETF,United Kingdom,MSAP,Invesco MSCI Saudi Arabia UCITS ETF,GBp,LSE,XLON
ETF,United Kingdom,XCTU,Xtrackers MSCI World Climate Transition UCITS ETF 1C,USD,LSE,XLON
ETF,United Kingdom,MIBS,LevShares -5x Short FTSE MIB UCITS ETF,USD,LSE,XLON
ETF,United Kingdom,CEBG,VanEck New China UCITS ETF,GBP,LSE,XLON
ETF,United Kingdom,XCTC,Xtrackers Harvest MSCI China Tech 100 UCITS ETF 1C,GBP,LSE,XLON
ETF,United Kingdom,XCSI,Xtrackers CSI 500 Swap UCITS ETF,USD,LSE,XLON
ETF,United Kingdom,0DYW,UBS SBI Foreign AAA-BBB 1-5 ESG UCITS ETF CHF Dis,EUR,LSE,XLON
ETF,United Kingdom,MGMS,M&G Global Maxima Equity UCITS ETF USD Acc,GBP,LSE,XLON
ETF,United Kingdom,MDBU,UBS ETF MSCI USA Banks 20/35 UCITS ETF USD A-acc,GBp,LSE,XLON
ETF,United Kingdom,METL,First Trust Indxx Future Economy Metals UCITS ETF Class A,USD,LSE,XLON
ETF,United Kingdom,METP,ETC Group Global Metaverse UCITS ETF,GBp,LSE,XLON
ETF,United Kingdom,TPHG,Amundi Japan Topix UCITS ETF GBP,GBp,LSE,XLON
ETF,United Kingdom,TPXG,Amundi Japan Topix UCITS ETF JPY,GBp,LSE,XLON
ETF,United Kingdom,XDNU,Xtrackers MSCI Japan Screened UCITS ETF 4C USD Hedged,USD,LSE,XLON
ETF,United Kingdom,LCJG,Amundi Core MSCI Japan UCITS ETF GBP Hedged Acc,GBP,LSE,XLON
ETF,United Kingdom,TSGB,VanEck Sustainable World Equal Weight UCITS ETF,GBP,LSE,XLON
ETF,United Kingdom,XGEN,Xtrackers MSCI Genomic Health Care Innovation UCITS ETF,USD,LSE,XLON
ETF,United Kingdom,LDGG,L&G Global Quality Dividends UCITS ETF USD Dist,GBp,LSE,XLON
ETF,United Kingdom,KNG,First Trust Vest S&P 500 Dividend Aristocrats Target Income UCITS ETF,GBp,LSE,XLON
ETF,United Kingdom,0DW5,Amundi MSCI World Financials UCITS ETF EUR Acc,EUR,LSE,XLON
ETF,United Kingdom,AVEP,Avantis Pacific Equity UCITS ETF USD Acc,GBP,LSE,XLON
ETF,United Kingdom,LAB2,L&G Global Brands UCITS ETF USD Acc,GBp,LSE,XLON
ETF,United Kingdom,AUEG,Amundi MSCI Emerging Markets Swap UCITS ETF USD Acc,GBp,LSE,XLON
ETF,United Kingdom,AUGA,UBS (Irl) ETF plc – MSCI Australia UCITS ETF (hedged to GBP) A-acc,GBp,LSE,XLON
ETF,United Kingdom,AVGS,Avantis Global Small Cap Value UCITS ETF USD Acc,USD,LSE,XLON
ETF,United Kingdom,U57G,Multi Units France - Lyxor UCITS ETF iBoxx $ Treasuries 5-7Y,GBp,LSE,XLON
ETF,United Kingdom,KYIV,Ukraine Reconstruction UCITS ETF,GBp,LSE,XLON
ETF,United Kingdom,AUSS,BNP Paribas Easy ESG Enhanced US UCITS ETF,USD,LSE,XLON
ETF,United Kingdom,KWBP,KraneShares CSI China Internet UCITS ETF GBP,GBP,LSE,XLON
ETF,United Kingdom,KWBI,KraneShares CSI China Internet UCITS ETF USD (KWBI),USD,LSE,XLON
ETF,United Kingdom,AVAE,Avantis America Equity UCITS ETF,GBP,LSE,XLON
ETF,United Kingdom,AVCG,Avantis Global Equity UCITS ETF USD Acc,GBP,LSE,XLON
ETF,United Kingdom,AVEG,Avantis Emerging Markets Equity UCITS ETF,GBP,LSE,XLON
ETF,United Kingdom,LGUK,L&G UK Equity UCITS ETF GBP Acc,GBp,LSE,XLON
ETF,United Kingdom,ASPY,L&G Cyber Security Innovation UCITS ETF USD Acc,GBp,LSE,XLON
ETF,United Kingdom,XDEG,Xtrackers MSCI Emerging Markets ex China UCITS ETF 1C,USD,LSE,XLON
ETF,United Kingdom,XESW,Xtrackers MSCI World ESG UCITS ETF 1C,GBP,LSE,XLON
ETF,United Kingdom,CCAU,iShares MSCI Canada UCITS ETF USD (Acc),USD,LSE,XLON
ETF,United Kingdom,UKSD,Global X UK SuperDividend UCITS ETF,GBP,LSE,XLON
ETF,United Kingdom,KDOM,iShares UK Domestic Focus UCITS ETF,GBP,LSE,XLON
ETF,United Kingdom,0DNZ,Xtrackers II iTraxx Crossover Short Daily Swap UCITS ETF 1C,EUR,LSE,XLON
ETF,United Kingdom,APRF,FT US Equity Buffer UCITS ETF - April,GBp,LSE,XLON
ETF,United Kingdom,XEWG,Xtrackers S&P 500 Equal Weight UCITS ETF 1D Hedged GBP,GBP,LSE,XLON
ETF,United Kingdom,KFOR,iShares UK Foreign Focus UCITS ETF,GBP,LSE,XLON
ETF,United Kingdom,ARCK,Ark Innovation Ucits ETF,GBp,LSE,XLON
ETF,United Kingdom,XEWP,Xtrackers S&P 500 Equal Weight Scored & Screened UCITS ETF 4C GBP,GBP,LSE,XLON
ETF,United Kingdom,KWBH,KraneShares CSI China Internet UCITS ETF Class GBP Hedged,GBP,LSE,XLON
ETF,United Kingdom,CC1U,Amundi MSCI China Tech UCITS ETF USD,USD,LSE,XLON
ETF,United Kingdom,LUK2,L&G FTSE 100 Leveraged (Daily 2x) UCITS ETF,GBp,LSE,XLON
ETF,United Kingdom,LOWV,SPDR S&P 500 Low Volatility UCITS ETF (Acc),USD,LSE,XLON
ETF,United Kingdom,ARCX,ARK Space & Defence Innovation UCITS ETF USD (Acc),GBp,LSE,XLON
ETF,United Kingdom,LITM,iShares Lithium & Battery Producers UCITS ETF,GBP,LSE,XLON
ETF,United Kingdom,KLWD,WisdomTree Cloud Computing UCITS ETF USD Acc,GBp,LSE,XLON
ETF,United Kingdom,TREG,VanEck Global Real Estate UCITS ETF,GBP,LSE,XLON
ETF,Italy,ITEK,HAN-GINS Tech Megatrend Equal Weight UCITS ETF,EUR,MTA,XMIL
ETF,Italy,ITAL,iMGP Italian Opportunities Fund UCITS ETF,EUR,MTA,XMIL
ETF,Italy,FUSU,Fidelity US Quality Income UCITS ETF ACC-EUR (hedged),EUR,MTA,XMIL
ETF,Italy,INDO,Amundi MSCI Indonesia UCITS ETF Acc,EUR,MTA,XMIL
ETF,Italy,USDIV,FRK U.S. Dividend Tilt UCITS ETF,EUR,MTA,XMIL
ETF,Italy,FREP,Franklin FTSE Emerging Markets Paris Aligned Climate UCITS ETF,EUR,MTA,XMIL
ETF,Italy,USRIH,Amundi MSCI USA SRI Climate Paris Aligned UCITS ETF Acc EUR Hedged,EUR,MTA,XMIL
ETF,Italy,VITU,Rize USA Environmental Impact UCITS ETF,EUR,MTA,XMIL
ETF,Italy,INDGW,Amundi S&P World Industrials Screened UCITS ETF Accum DR EUR,EUR,MTA,XMIL
ETF,Italy,USSM,BNP Paribas Easy MSCI USA Small Cap Min TE UCITS ETF,EUR,MTA,XMIL
ETF,Italy,INCI,iShares U.S. Equity High Income UCITS ETF,EUR,MTA,XMIL
ETF,Italy,FORTE,Fineco AM Active Collection US UCITS ETF,EUR,MTA,XMIL
ETF,Italy,URNJ,JNR Uranium Miners UCITS ETF,EUR,MTA,XMIL
ETF,Italy,JEME,J.P. Morgan Global Emerging Markets Research Enhanced Index ESG UCITS ETF,EUR,MTA,XMIL
ETF,Italy,IQMA,Invesco Emerging Markets Enhanced Equity UCITS ETF Acc,EUR,MTA,XMIL
ETF,Italy,INQQ,Indxx New India Consumer Internet UCITS ETF,EUR,MTA,XMIL
ETF,Italy,FMI,Amundi Italy MIB ESG UCITS ETF,EUR,MTA,XMIL
ETF,Italy,UH100,Franklin US Mega Cap 100 UCITS ETF EUR Hedged Acc,EUR,MTA,XMIL
ETF,Italy,IQGA,Invesco Global Emerging Markets Equity UCITS ETF Accumulating,EUR,MTA,XMIL
ETF,Italy,FORTJ,Fineco AM Active Collection US UCITS ETF J EUR Acc,EUR,MTA,XMIL
ETF,Italy,HPAU,HSBC MSCI USA Climate Paris Aligned Ucits ETF,EUR,MTA,XMIL
ETF,Italy,HWWA,HSBC Multi Factor Worldwide Equity UCITS ETF,EUR,MTA,XMIL
ETF,Italy,TEET,VanEck European Equal Weight Screened UCITS ETF,EUR,MTA,XMIL
ETF,Italy,PRFD,Invesco Preferred Shares UCITS ETF Dist,EUR,MTA,XMIL
ETF,Italy,HEDJ,WisdomTree Europe Equity UCITS ETF - USD Hedged,EUR,MTA,XMIL
ETF,Italy,HEDF,WisdomTree Europe Equity UCITS ETF EUR Acc,EUR,MTA,XMIL
ETF,Italy,PRIMJ,Fineco AM Active Collection Europe UCITS ETF J EUR Acc,EUR,MTA,XMIL
ETF,Italy,PRIMO,Fineco AM Active Collection Europe UCITS ETF,EUR,MTA,XMIL
ETF,Italy,PSRW,Invesco FTSE RAFI All-World 3000 UCITS ETF Dist,EUR,MTA,XMIL
ETF,Italy,LUSA,Amundi MSCI USA ESG Broad Transition UCITS ETF Dist,EUR,MTA,XMIL
ETF,Italy,LAFRI,Amundi Pan Africa UCITS ETF Acc,EUR,MTA,XMIL
ETF,Italy,KWEH,KraneShares CSI China Internet UCITS ETF EUR Hedged,EUR,MTA,XMIL
ETF,Italy,PCOM.ETFP,WISDOMTREE BROAD COMMODI UCITS,EUR,MTA,XMIL
ETF,Italy,PAUS,Invesco MSCI USA ESG Climate Paris Aligned UCITS ETF Acc,EUR,MTA,XMIL
ETF,Italy,PAJP,Invesco MSCI Japan ESG Climate Paris Aligned UCITS ETF Acc,EUR,MTA,XMIL
ETF,Italy,PAEM,Invesco MSCI EM ESG Paris Aligned UCITS ETF,EUR,MTA,XMIL
ETF,Italy,MTVS,L&G Metaverse UCITS ETF,EUR,MTA,XMIL
ETF,Italy,MTAV.EUR,ISHARES METAVERSE UCITS ETF,EUR,MTA,XMIL
ETF,Italy,HNSC,HSBC Nasdaq Global Semiconductor UCITS ETF,EUR,MTA,XMIL
ETF,Italy,MONEJ,Fineco AM ESTR Plus UCITS ETF,EUR,MTA,XMIL
ETF,Italy,HQIW,HSBC PLUS World Equity Income Quant Active UCITS ETF,EUR,MTA,XMIL
ETF,Italy,N400,Invesco JPX-Nikkei 400 UCITS ETF,EUR,MTA,XMIL
ETF,Italy,MFDD,Amundi MSCI EMU ESG CTB Net Zero Ambition UCITS ETF Dist,EUR,MTA,XMIL
ETF,Italy,NTSX,WisdomTree US Efficient Core UCITS ETF - USD Acc,EUR,MTA,XMIL
ETF,Italy,NTSZ,WisdomTree Eurozone Efficient Core UCITS ETF,EUR,MTA,XMIL
ETF,Italy,KSTR,KraneShares SSE STAR Market 50 Index UCITS ETF,EUR,MTA,XMIL
ETF,Italy,HIDIJ,Fineco Asset Management MSCI World High Dividend Yield UCITS ETF,EUR,MTA,XMIL
ETF,Italy,OVER,UBS EUR Overnight Rate UCITS ETF,EUR,MTA,XMIL
ETF,Italy,MATW,Amundi S&P World Materials Screened UCITS ETF Acc - EUR,EUR,MTA,XMIL
ETF,Italy,PACEUA,UBS ETF MSCI Pacific ex Japan UCITS ETF USD Dis,EUR,MTA,XMIL
ETF,Italy,KOR,Amundi MSCI Korea UCITS ETF Acc,EUR,MTA,XMIL
ETF,Italy,JXUE,JPMorgan Global ex US Research Enhanced Index Equity Active UCITS ETF,EUR,MTA,XMIL
ETF,Italy,SP5EUY,UBS Core S&P 500 UCITS ETF USD dis,EUR,MTA,XMIL
ETF,Italy,SPAB,GX SPX Annual Buffered Return UCITS ETF,EUR,MTA,XMIL
ETF,Italy,SWSC,State Street World Small Cap Enhanced Active Equity UCITS ETF (Acc),EUR,MTA,XMIL
ETF,Italy,GGRE,WisdomTree Global Quality Dividend Growth UCITS ETF EUR Hedged Acc,EUR,MTA,XMIL
ETF,Italy,JMAM,JPM Strategic Allocation Moderate Active UCITS ETF - EUR (acc),EUR,MTA,XMIL
ETF,Italy,JPEH,SPDR MSCI Japan EUR Hedged UCITS ETF,EUR,MTA,XMIL
ETF,Italy,IEUX,iShares MSCI Europe ex-UK UCITS ETF,EUR,MTA,XMIL
ETF,Italy,GENDED,UBS Global Gender Equality UCITS ETF hCHF acc,EUR,MTA,XMIL
ETF,Italy,JGSE,JPMorgan Global SRI Paris Aligned UCITS ETF,EUR,MTA,XMIL
ETF,Italy,GCOR,Franklin Sustainable Euro Green Corporate 1-5 Years UCITS ETF,EUR,MTA,XMIL
ETF,Italy,JGIE,J.P. Morgan Global Real Estate ESG UCITS ETF,EUR,MTA,XMIL
ETF,Italy,UESG,USA ESG Leaders Ex UCITS-DR Dividend,EUR,MTA,XMIL
ETF,Italy,VEZU.ETFP,Vanguard FTSE Eurozone UCITS ET,EUR,MTA,XMIL
ETF,Italy,GENDEE,UBS Global Gender Equality UCITS ETF (hedged to EUR) A-acc,EUR,MTA,XMIL
ETF,Italy,RU2E,iShares Russell 2000 Swap UCITS ETF,EUR,MTA,XMIL
ETF,Italy,JUIE,JPM US REI ESG UCITS ETF,EUR,MTA,XMIL
ETF,Italy,S500H,Amundi S&P 500 ESG UCITS ETF Acc,EUR,MTA,XMIL
ETF,Italy,S6EW,Ossiam STOXX Europe 600 ESG Shariah UCITS ETF,EUR,MTA,XMIL
ETF,Italy,IBZL,iShares MSCI Brazil UCITS ETF USD (Dist),EUR,MTA,XMIL
ETF,Italy,JRIN,JPMorgan India Research Enhanced Index Equity Active UCITS ETF USD (acc),EUR,MTA,XMIL
ETF,Italy,SAUDI,FRK Saudi Arabia UCITS ETF,EUR,MTA,XMIL
ETF,Italy,GOAI.EUR,Amundi MSCI Robotics & AI UCITS,EUR,MTA,XMIL
ETF,Italy,SAWE,State Street All World Enhanced Active Equity UCITS ETF (Acc),EUR,MTA,XMIL
ETF,Italy,SCAR,FT Bloomberg Scarce Resources UCITS ETF,EUR,MTA,XMIL
ETF,Italy,JRAW,JPMorgan ACW REI Eq Act UCITS ETF,EUR,MTA,XMIL
ETF,Italy,GQEM,Goldman Sachs Alpha Enhanced Emerging Markets Equity Active UCITS ETF,EUR,MTA,XMIL
ETF,Italy,SEMR,State Street Emerging Markets Screened Enhanced Equity Fund UCITS ETF,EUR,MTA,XMIL
ETF,Italy,SEPE,State Street Europe Screened Enhanced Equity Fund - UCITS ETF,EUR,MTA,XMIL
ETF,Italy,SEZA,State Street EMU Screened Equity Fund UCITS ETF,EUR,MTA,XMIL
ETF,Italy,JPNEUA,UBS ETF (LU) MSCI Japan UCITS ETF (GBP) A-dis,EUR,MTA,XMIL
ETF,Italy,JPNE,UBS Core MSCI Japan UCITS ETF hEUR acc,EUR,MTA,XMIL
ETF,Italy,JREJ,JPM Japan Research Enhanced Index Equity (ESG) UCITS ETF USD (acc),EUR,MTA,XMIL
ETF,Italy,FTS100,Amundi Core FTSE 100 Swap UCITS ETF Acc,EUR,MTA,XMIL
ETF,Italy,CITE,UBS Solactive China Technology UCITS ETF hEUR acc,EUR,MTA,XMIL
ETF,Italy,CLWD,Amundi MSCI World ESG Broad Transition UCITS ETF Dist,EUR,MTA,XMIL
ETF,Italy,CMOE,Invesco Bloomberg Commodity UCITS ETF EUR Hdg,EUR,MTA,XMIL
ETF,Italy,CINESG,UBS MSCI China Universal UCITS ETF USD dis,EUR,MTA,XMIL
ETF,Italy,CNYE,iShares MSCI China A UCITS ETF EUR Hedged (Acc),EUR,MTA,XMIL
ETF,Italy,COME,State Street SPDR Commodity UCITS ETF,EUR,MTA,XMIL
ETF,Italy,CRB,Amundi ETF Commodity Ex-Agriculture UCITS ETF,EUR,MTA,XMIL
ETF,Italy,CRBH,Lyxor Commodities Thomson Reuters/CoreCommodity CRB TR UCITS ETF - Acc -Daily Hedged to EUR,EUR,MTA,XMIL
ETF,Italy,CROP,Global X AgTech and Food Innovation UCITS ETF USD Accumulating,EUR,MTA,XMIL
ETF,Italy,CWE,Amundi Global Bioenergy UCITS ETF EUR Acc,EUR,MTA,XMIL
ETF,Italy,XEEE,Xtrackers Europe Equity Enhanced Active UCITS ETF 1C,EUR,MTA,XMIL
ETF,Italy,XDWY,Xtrackers MSCI World Screened UCITS ETF 1D,EUR,MTA,XMIL
ETF,Italy,BR50,iShares BIC 50 UCITS ETF,EUR,MTA,XMIL
ETF,Italy,XDWI,Xtrackers MSCI World Industrials UCITS ETF 1C,EUR,MTA,XMIL
ETF,Italy,XDWH,Xtrackers MSCI World Health Care UCITS ETF 1C,EUR,MTA,XMIL
ETF,Italy,BTC,Melanion Bitcoin Equities UCITS ETF,EUR,MTA,XMIL
ETF,Italy,XDW0,Xtrackers MSCI World Energy UCITS ETF 1C,EUR,MTA,XMIL
ETF,Italy,XDG6,Xtrackers MSCI SDG 6 Clean Water UCITS ETF 1C,EUR,MTA,XMIL
ETF,Italy,XDEX,Xtrackers MSCI Emerging Markets ex China UCITS ETF,EUR,MTA,XMIL
ETF,Italy,CCNA,onemarkets MSCI Europe Universal UCITS ETF EUR,EUR,MTA,XMIL
ETF,Italy,XD9E,Xtrackers MSCI USA UCITS ETF 2C EUR Hedged,EUR,MTA,XMIL
ETF,Italy,CEB7,iShares S&P 500 EUR Hedged Swap UCITS ETF,EUR,MTA,XMIL
ETF,Italy,XCS5,Xtrackers MSCI India Swap UCITS ETF 1C,EUR,MTA,XMIL
ETF,Italy,XBNK,L&G Core Ex-Bank UCITS ETF,EUR,MTA,XMIL
ETF,Italy,CEU2.EUR,Amundi Core MSCI Europe UCITS E,EUR,MTA,XMIL
ETF,Italy,CHIN,KraneShares ICBCUBS S&P China 500 UCITS ETF,EUR,MTA,XMIL
ETF,Italy,CHINA,UBS MSCI China A SF UCITS ETF USD acc,EUR,MTA,XMIL
ETF,Italy,X500,Xtrackers S&P 500 Swap II UCITS ETF 1C,EUR,MTA,XMIL
ETF,Italy,DAXESG,Amundi MSCI EMU SRI UCITS ETF,EUR,MTA,XMIL
ETF,Italy,DFE,WisdomTree Europe SmallCap Dividend UCITS ETF,EUR,MTA,XMIL
ETF,Italy,EGRA,WisdomTree Eurozone Quality Dividend Growth UCITS ETF EUR Acc,EUR,MTA,XMIL
ETF,Italy,WLDX,Amundi MSCI World Ex USA UCITS ETF Acc,EUR,MTA,XMIL
ETF,Italy,WITA,Investlinx Intermonte Valore Italia Active PIR UCITS ETF,EUR,MTA,XMIL
ETF,Italy,ELOW,SPDR EURO STOXX Low Volatility UCITS ETF,EUR,MTA,XMIL
ETF,Italy,WINA,iShares World Equity Hedged Income UCITS ETF,EUR,MTA,XMIL
ETF,Italy,EMMEUA,UBS ETF MSCI Emerging Markets UCITS ETF USD (UKD),EUR,MTA,XMIL
ETF,Italy,EMUSRI,UBS MSCI EMU Socially Responsible UCITS ETF EUR acc,EUR,MTA,XMIL
ETF,Italy,EMVEUA,UBS MSCI EMU Value UCITS ETF EUR dis,EUR,MTA,XMIL
ETF,Italy,ENER,Amundi MSCI New Energy ESG SRI UCITS ETF,EUR,MTA,XMIL
ETF,Italy,ENERW,Amundi S&P World Energy Screened UCITS ETF Acc,EUR,MTA,XMIL
ETF,Italy,ENTR,L&G Environmental Transition Communication UCITS ETF,EUR,MTA,XMIL
ETF,Italy,EENG,BNP Paribas Easy ECPI Global ESG Infrastructure UCITS ETF EUR Capitalisation,EUR,MTA,XMIL
ETF,Italy,WMGT.ETFP,WisdomTree Megatrends UCITS ETF,EUR,MTA,XMIL
ETF,Italy,EBOND,Franklin Euro IG Corporate UCITS ETF (Dis),EUR,MTA,XMIL
ETF,Italy,DFEA,WisdomTree Europe SmallCap Dividend UCITS ETF - Acc,EUR,MTA,XMIL
ETF,Italy,DHS,WisdomTree US Equity Income UCITS ETF,EUR,MTA,XMIL
ETF,Italy,DIGI,Digital Infrastructure and Connectivity UCITS ETF - Accumulating,EUR,MTA,XMIL
ETF,Italy,DIVA,Franklin European Quality Dividend UCITS ETF,EUR,MTA,XMIL
ETF,Italy,DIVO,Franklin Global Quality Dividend UCITS ETF,EUR,MTA,XMIL
ETF,Italy,DIVW,WisdomTree Global High Dividend UCITS ETF,EUR,MTA,XMIL
ETF,Italy,DXDC,D-X Bloomberg Diversified Commodities and Strategic Metals UCITS ETF,EUR,MTA,XMIL
ETF,Italy,DXDCH,D-X Bloomberg Diversified Commodities and Strategic Metals UCITS ETF XH,EUR,MTA,XMIL
ETF,Italy,DXEU,DWS Xtrackers MSCI Europe Screened UCITS ETF,EUR,MTA,XMIL
ETF,Italy,DXEZ,Xtrackers MSCI EMU Sustainability Screened UCITS ETF,EUR,MTA,XMIL
ETF,Italy,DXUS,D-X MSCI USA Screened UCITS ETF X,EUR,MTA,XMIL
ETF,Italy,DXUSH,D-X MSCI USA Smart Construction UCITS ETF,EUR,MTA,XMIL
ETF,Italy,DXWO,DWS Xtrackers MSCI World Screened UCITS ETF,EUR,MTA,XMIL
ETF,Italy,E50ESG,UBS EURO STOXX 50 ESG UCITS ETF EUR dis,EUR,MTA,XMIL
ETF,Italy,E50EUA,UBS EURO STOXX 50 UCITS ETF EUR dis,EUR,MTA,XMIL
ETF,Italy,EACW,SPDR MSCI All Country World EUR Hdg UCITS ETF (Acc),EUR,MTA,XMIL
ETF,Italy,WRDE,UBS ETF (IE) MSCI World UCITS ETF (EUR) A-acc,EUR,MTA,XMIL
ETF,Italy,BBUS,JPM BetaBuilders U.S. Equity UCITS ETF USD-A,EUR,MTA,XMIL
ETF,Italy,XEMU,Xtrackers MSCI EMU UCITS ETF 4C,EUR,MTA,XMIL
ETF,Italy,XWEQ,Xtrackers MSCI World Quality ESG UCITS ETF,EUR,MTA,XMIL
ETF,Italy,"3,00 SUR",Ishares MSCI USA SRI UCITS ETF EUR Hedged,EUR,MTA,XMIL
ETF,Italy,5ESGE,UBS (Irl) ETF plc – S&P 500 Scored & Screened UCITS ETF (hedged to EUR) A-acc,EUR,MTA,XMIL
ETF,Italy,XS8R,Xtrackers MSCI Europe Information Technology Screened UCITS ETF 1C,EUR,MTA,XMIL
ETF,Italy,XRS2,Xtrackers Russell 2000 UCITS ETF 1C,EUR,MTA,XMIL
ETF,Italy,XNZE,Xtrackers MSCI EMU Net Zero Pathway Paris Aligned UCITS ETF 1C,EUR,MTA,XMIL
ETF,Italy,XNNV,Xtrackers MSCI Innovation UCITS ETF,EUR,MTA,XMIL
ETF,Italy,AASI,Amundi MSCI Emerging Markets Asia UCITS ETF EUR (C),EUR,MTA,XMIL
ETF,Italy,ABIU.EUR,AXA ACT BIODIVERSITY EQ UCITS E,EUR,MTA,XMIL
ETF,Italy,ACLU.EUR,AXA ACT CLIMATE EQUITY UCITS ET,EUR,MTA,XMIL
ETF,Italy,ACSW.EUR,iShares MSCI ACWI Swap UCITS ET,EUR,MTA,XMIL
ETF,Italy,ACT20,Fineco AM Active Portfolios 20% Equity UCITS ETF,EUR,MTA,XMIL
ETF,Italy,ACT60,Fineco AM Active Portfolios 60% Equity UCITS ETF A EUR Acc,EUR,MTA,XMIL
ETF,Italy,XZDW,X MSCI World High Dividend ESG UCITS ETF,EUR,MTA,XMIL
ETF,Italy,100EUA,UBS FTSE 100 UCITS ETF GBP Dis,EUR,MTA,XMIL
ETF,Italy,YIWUU,YIS MSCI World Universal UCITS ETF USD,EUR,MTA,XMIL
ETF,Italy,YIWSU,YIS MSCI World Selection UCITS ETF USD,EUR,MTA,XMIL
ETF,Italy,YIUUH,YIS MSCI Europe Universal UCITS ETF EUR Hedged (Acc),EUR,MTA,XMIL
ETF,Italy,YIUGU,Yourindex SICAV – YIS MSCI Gulf Cooperation Council UCITS ETF,EUR,MTA,XMIL
ETF,Italy,YIPUH,Yourindex SICAV - MSCI Pacific Ex Japan Universal UCITS ETF EUR Hedged,EUR,MTA,XMIL
ETF,Italy,YIJUH,Yis MSCI Japan Universal UCITS ETF EUR Hedged Accumulating,EUR,MTA,XMIL
ETF,Italy,YICAU,YourIndex SICAV – YIS MSCI Canada Universal UCITS ETF EUR,EUR,MTA,XMIL
ETF,Italy,YIAUH,YIS MSCI North America Universal UCITS ETF,EUR,MTA,XMIL
ETF,Italy,YEICB,YIS MSCI EUR IG ESG SELECT CORPORATE BOND UCITS ETF EUR ACC,EUR,MTA,XMIL
ETF,Italy,YARA2,YAS Robotics Active UCITS ETF USD Acc,EUR,MTA,XMIL
ETF,Italy,29GI,ISR IB DE 2029 Term UCITS ETF,EUR,MTA,XMIL
ETF,Italy,XZDZ,Xtrackers MSCI EMU High Dividend Yield ESG UCITS ETF,EUR,MTA,XMIL
ETF,Italy,EONS,Invesco EUR Overnight Return Swap UCITS ETF,EUR,MTA,XMIL
ETF,Italy,ACTIJ,Fineco AM Active Collection World UCITS ETF J EUR Acc,EUR,MTA,XMIL
ETF,Italy,AEAE,AXA IM Euro Aggregate Bond Opportunities UCITS ETF EUR Acc,EUR,MTA,XMIL
ETF,Italy,XGEN,Xtrackers MSCI Genomic Healthcare Innovation UCITS ETF,EUR,MTA,XMIL
ETF,Italy,XFNT,Xtrackers MSCI Fintech Innovation UCITS ETF 1C,EUR,MTA,XMIL
ETF,Italy,AUST,Amundi Australia S&P/ASX 200 UCITS ETF Dist,EUR,MTA,XMIL
ETF,Italy,AVERE,Fineco Asset Management Active Collection Emerging Markets UCITS ETF,EUR,MTA,XMIL
ETF,Italy,XEWE,Xtrackers S&P 500 Equal Weight ESG UCITS ETF 2C EUR,EUR,MTA,XMIL
ETF,Italy,AWDE,AXA MSCI World PAB UCITS ETF EUR Hedged,EUR,MTA,XMIL
ETF,Italy,AWDSE,BNP Paribas Easy S&P 500 UCITS ETF,EUR,MTA,XMIL
ETF,Italy,AWDU,AXA MSCI World PAB UCITS ETF USA C,EUR,MTA,XMIL
ETF,Italy,AWESG,UBS MSCI ACWI Universal UCITS ETF USD dis,EUR,MTA,XMIL
ETF,Italy,AXEE,iShares Asia ex Japan Equity Enhanced Active UCITS ETF USD (Acc),EUR,MTA,XMIL
ETF,Italy,XEQW,Xtrackers S&P 500 Equal Weight Swap UCITS ETF,EUR,MTA,XMIL
ETF,Italy,XEQ2,Xtrackers Diversified Portfolio 20% Equity UCITS ETF 1C,EUR,MTA,XMIL
ETF,Italy,XEPA,Xtrackers MSCI Europe Net Zero Pathway Paris Aligned UCITS ETF 1C,EUR,MTA,XMIL
ETF,Italy,ASREUA,UBS MSCI USA Socially Responsible UCITS ETF hCHF acc,EUR,MTA,XMIL
ETF,Italy,ACTIO,Fineco AM Active Collection World UCITS ETF A EUR Acc,EUR,MTA,XMIL
ETF,Italy,AEEM,Amundi MSCI Emerging Markets Swap UCITS ETF EUR Acc,EUR,MTA,XMIL
ETF,Italy,AEUSE,BNP Paribas Easy Sustainable Europe Equity UCITS ETF,EUR,MTA,XMIL
ETF,Italy,AGE40,Fineco AM Longevity 2040 UCITS ETF Accumulation EUR,EUR,MTA,XMIL
ETF,Italy,AGE50,Fineco AM Longevity 2050 UCITS ETF,EUR,MTA,XMIL
ETF,Italy,AGE60,FINECO AM LONGEVITY 2060 UCITS ETF A EUR ACC,EUR,MTA,XMIL
ETF,Italy,XMAW,Xtrackers MSCI AC World Screened UCITS ETF 1C,EUR,MTA,XMIL
ETF,Italy,XMAE,Xtrackers MSCI ACWI ESG Screened UCITS ETF 2C EUR,EUR,MTA,XMIL
ETF,Italy,AIME,AXA MSCI Europe PAB UCITS ETF,EUR,MTA,XMIL
ETF,Italy,AIQE,Global X Artificial Intelligence UCITS ETF,EUR,MTA,XMIL
ETF,Italy,AIQU,Axa MSCI Emerging Markets PAB UCITS ETF USA,EUR,MTA,XMIL
ETF,Italy,AIUU,AXA IM MSCI USA PAB UCITS ETF,EUR,MTA,XMIL
ETF,Italy,AMAL,Saturna Al-Kawthar Global Focused Equity UCITS ETF,EUR,MTA,XMIL
ETF,Italy,ANAE,BNP Paribas Easy Alpha Enhanced US UCITS ETF,EUR,MTA,XMIL
ETF,Italy,ANAU.ETFP,AXA NASDAQ 100 UCITS ETF USD A,EUR,MTA,XMIL
ETF,Italy,ARKG,ARK Genomic Revolution UCITS ETF,EUR,MTA,XMIL
ETF,Italy,ARKK,ARK Innovation UCITS ETF,EUR,MTA,XMIL
ETF,Italy,EQAC,Invesco EQQQ NASDAQ-100 UCITS ETF Acc,EUR,MTA,XMIL
ETF,Italy,FAMMWF,FAM World Funds ESG Leaders UCITS ETF,EUR,MTA,XMIL
ETF,Italy,EUPA,Franklin STOXX Europe 600 Paris Aligned Climate UCITS ETF,EUR,MTA,XMIL
ETF,Italy,ESWP.EUR,iShares MSCI EM Swap UCITS ETF,EUR,MTA,XMIL
ETF,Italy,FLQA,Franklin FTSE Asia ex China ex Japan UCITS ETF,EUR,MTA,XMIL
ETF,Italy,ESGUSA,Amundi MSCI USA ESG Selection UCITS ETF Acc,EUR,MTA,XMIL
ETF,Italy,ETY,UBS (Lux) Fund Solutions – EUR Total Return Yield Plus UCITS ETF,EUR,MTA,XMIL
ETF,Italy,ESGW,Invesco MSCI World ESG UCITS ETF,EUR,MTA,XMIL
ETF,Italy,WDHE,Invesco S&P Health Care ESG UCITS ETF,EUR,MTA,XMIL
ETF,Italy,FGLR,Fidelity Global Equity Research Enhanced UCITS ETF Accumulating USD,EUR,MTA,XMIL
ETF,Italy,FEMI,Fidelity Emerging Markets Quality Income UCITS ETF ACC-USD,EUR,MTA,XMIL
ETF,Italy,WCOA,WisdomTree Enhanced Commodity UCITS ETF - USD Acc,EUR,MTA,XMIL
ETF,Italy,EUE,iShares Core EURO STOXX 50 UCITS ETF EUR (Dist),EUR,MTA,XMIL
ETF,Italy,FAITH,Franklin MSCI World Catholic Principles UCITS ETF,EUR,MTA,XMIL
ETF,Italy,EUEE,iShares Europe Equity Enhanced Active UCITS ETF EUR (Acc),EUR,MTA,XMIL
ETF,Italy,FINX,Global X FinTech UCITS ETF USD Accumulating,EUR,MTA,XMIL
ETF,Italy,WDGF.ETFP,WisdomTree Global Defence UCITS,EUR,MTA,XMIL
ETF,Italy,WDEE,Invesco S&P World Energy ESG UCITS ETF Accumulator,EUR,MTA,XMIL
ETF,Italy,FAMWCS,FAM WCS ESG Leaders UCITS ETF,EUR,MTA,XMIL
ETF,Italy,EURSRI,UBS MSCI Europe Socially Responsible UCITS ETF EUR Acc,EUR,MTA,XMIL
ETF,Italy,FAMMAI,FAM ACWI IMI CS UCITS ETF,EUR,MTA,XMIL
ETF,Italy,FAMLSS,FAM IG LSRI SCB UCITS ETF,EUR,MTA,XMIL
ETF,Italy,FAMSF3,Fam Sri Seff 1-3CB UCITS ETF,EUR,MTA,XMIL
ETF,Italy,ETFEZ,Amundi Prime Eurozone UCITS ETF DR (D),EUR,MTA,XMIL
ETF,Italy,ETFGLO,Amundi Prime Global UCITS ETF Dist,EUR,MTA,XMIL
ETF,Italy,FAMSFF,Fam IG Sri Seff CB UCITS ETF,EUR,MTA,XMIL
ETF,Italy,ETFMIB,Amundi FTSE MIB UCITS ETF Dist,EUR,MTA,XMIL
ETF,Italy,FAMTEL,Fam Wit Esleaders UCITS ETF,EUR,MTA,XMIL
ETF,Italy,WEB3,Etc Group Web 3.0 Ucits Etf,EUR,MTA,XMIL
ETF,Italy,WEWEU,BNP Paribas Easy MSCI World Equal Weight Select UCITS ETF,EUR,MTA,XMIL
ETF,Italy,FAMUSS,Fam Funds FAM HY SRI SCB UCITS ETF,EUR,MTA,XMIL
ETF,Italy,WBLK.ETFP,WISDOMTREE BLOCKCHAIN UCITS ETF,EUR,MTA,XMIL
ETF,Italy,FAMAMW,Fam Metals & Mining UCITS ETF,EUR,MTA,XMIL
ETF,Italy,ETFUSA,Amundi Core MSCI USA UCITS ETF Dist,EUR,MTA,XMIL
ETF,France,ISRU,Amundi Label ISR Actions USA UCITS ETF Acc,EUR,Euronext,XPAR
ETF,France,PTPXE,Amundi PEA Japan (TOPIX) UCITS ETF EUR Acc,EUR,Euronext,XPAR
ETF,France,ISUH,Amundi ISR ACT US UCITS ETF EUR Hedged C,EUR,Euronext,XPAR
ETF,France,CEM,Amundi MSCI Europe ESG Broad Transition UCITS ETF - EUR (C),EUR,Euronext,XPAR
ETF,France,TPXE,Amundi Japan Topix UCITS ETF Daily Hedged EUR (C),EUR,Euronext,XPAR
ETF,France,AEMUS,BNP Paribas Easy ESG Enhanced EMU UCITS ETF Accumulating,EUR,Euronext,XPAR
ETF,France,DCAM,Amundi PEA Monde (MSCI World) UCITS ETF Acc,EUR,Euronext,XPAR
ETF,France,PEU,Invesco Euro Cash 3 Months UCITS ETF Acc,EUR,Euronext,XPAR
ETF,France,ABIU,AXA IM ACT Biodiversity Equity UCITS ETF - USD Acc,USD,Euronext,XPAR
ETF,France,WSPC.XPAR,WisdomTree Space Economy UCITS,EUR,Euronext,XPAR
ETF,France,CAC,Amundi ETF CAC 40 UCITS ETF C,EUR,Euronext,XPAR
ETF,France,CACC,Amundi CAC 40 UCITS ETF Acc,EUR,Euronext,XPAR
ETF,France,DSP5,Amundi S&P 500 Daily (-2x) Inverse UCITS ETF Acc - USD,EUR,Euronext,XPAR
ETF,France,QNXT.EUR,iSh Nasd 100 ex-Top 30 UCITS ET,EUR,Euronext,XPAR
ETF,France,IWDS.EUR,iShares MSCI World Swap UCITS E,EUR,Euronext,XPAR
ETF,France,DRAM.XPAR,Defiance Memory UCITS ETF - Acc,EUR,Euronext,XPAR
ETF,France,CN1,Amundi MSCI Nordic UCITS ETF - EUR (C),EUR,Euronext,XPAR
ETF,France,ISRG,Amundi Label ISR Actions Marchés Emergents UCITS ETF Acc,EUR,Euronext,XPAR
ETF,France,ACLU,AXA IM ACT Climate Equity UCITS,USD,Euronext,XPAR
ETF,France,EUMV,Ossiam iSTOXX Europe Minimum Variance NR UCITS ETF 1C,EUR,Euronext,XPAR
ETF,France,PTPXH,Amundi PEA TOPIX H UCITS ETF,EUR,Euronext,XPAR
ETF,France,ISRA,AMDI ISR AC EURO UCITS ETF Class C,EUR,Euronext,XPAR
ETF,France,INDEP,Amundi European Strategic Autonomy UCITS ETF Acc,EUR,Euronext,XPAR
ETF,France,OP7H,Ossiam Bloomberg USA PAB UCITS ETF EUR Hedged,EUR,Euronext,XPAR
ETF,France,OP7E,Ossiam Bloomberg USA PAB UCITS ETF,EUR,Euronext,XPAR
ETF,France,EXSE,Exane Funds 2 Exane Equity Select Focus Euro - UCITS ETF,EUR,Euronext,XPAR
ETF,France,IND,Amundi STOXX Europe 600 Industrials UCITS ETF Acc,EUR,Euronext,XPAR
ETF,France,CS9,Amundi MSCI Europe ex Switzerland UCITS ETF,EUR,Euronext,XPAR
ETF,France,CRB,Lyxor Commodities Thomson Reuters/CoreCommodity CRB TR UCITS ETF - Acc-EUR,EUR,Euronext,XPAR
ETF,France,OFIUS,Ofi Invest US Equity Active UCITS ETF,EUR,Euronext,XPAR
ETF,France,OFIEU,Ofi Invest EMU Equity Active UCITS ETF,EUR,Euronext,XPAR
ETF,France,COSW,Amundi S&P World Consumer Staples Screened UCITS ETF Acc,EUR,Euronext,XPAR
ETF,France,COSE,Amundi PEA S&P US Consumer Staples Screened UCITS ETF Acc,EUR,Euronext,XPAR
ETF,France,AINF.EUR,iShares AI Infrastructure UCITS,EUR,Euronext,XPAR
ETF,France,GGRI,WisdomTree Global Quality Dividend Growth UCITS ETF,EUR,Euronext,XPAR
ETF,France,CM5E,CM-AM Euro Stoxx 50 UCITS ETF,EUR,Euronext,XPAR
ETF,France,CODW,Amundi S&P Global Consumer Discretionary ESG UCITS ETF DR EUR (A),EUR,Euronext,XPAR
ETF,France,OBUS,Oddo BHF US Equity Active UCITS ETF,EUR,Euronext,XPAR
ETF,France,OBLI,Amundi PEA Euro Court Terme UCITS ETF Acc,EUR,Euronext,XPAR
ETF,France,EUDIV,Amundi S&P Eurozone Dividend Aristocrat Screened UCITS ETF Acc,EUR,Euronext,XPAR
ETF,France,CNY,HSBC MSCI China UCITS ETF USD,EUR,Euronext,XPAR
ETF,France,CNAA,Amundi MSCI China A UCITS ETF Acc,EUR,Euronext,XPAR
ETF,France,OP8E,Ossiam Bloomberg Canada PAB UCITS ETF,EUR,Euronext,XPAR
ETF,France,OP9E,Ossiam Bloomberg World PAB UCITS ETF 1A (EUR),EUR,Euronext,XPAR
ETF,France,0CAC,Ossiam Lux – Ossiam CAC 40 NR UCITS ETF,EUR,Euronext,XPAR
ETF,France,PCEU,Amundi PEA MSCI Europe UCITS ETF Acc,EUR,Euronext,XPAR
ETF,France,MSES,Amundi Euro Stoxx 50 II UCITS ETF Acc,EUR,Euronext,XPAR
ETF,France,CF1,Amundi ETF MSCI France UCITS ETF,EUR,Euronext,XPAR
ETF,France,CG9,Amundi MSCI Europe Growth UCITS ETF Dist,EUR,Euronext,XPAR
ETF,France,MUSA,iShares MSCI USA Swap UCITS ETF USD (Acc),EUR,Euronext,XPAR
ETF,France,PALAT,Amundi PEA MSCI Emerging Latin America Selection UCITS ETF Acc,EUR,Euronext,XPAR
ETF,France,CHM,Amundi STOXX Europe 600 Basic Materials UCITS ETF Acc,EUR,Euronext,XPAR
ETF,France,USAS,Amundi MSCI USA SRI Climate Paris Aligned UCITS ETF,EUR,Euronext,XPAR
ETF,France,ALLCE,BNP Paribas Easy MSCI ACWI UCITS ETF,EUR,Euronext,XPAR
ETF,France,DAX,Amundi DAX II UCITS ETF Dist,EUR,Euronext,XPAR
ETF,France,AJASR,BNP Paribas Easy Japan UCITS ETF,EUR,Euronext,XPAR
ETF,France,PABZ,Amundi MSCI EMU Climate Paris Aligned UCITS ETF Acc,EUR,Euronext,XPAR
ETF,France,PABH,Amundi S&P 500 Climate Paris Aligned UCITS ETF Acc EUR Hedged,EUR,Euronext,XPAR
ETF,France,PAASI,Amundi PEA Asie Emergente (MSCI Emerging Asia) Screened UCITS ETF EUR (C/D),EUR,Euronext,XPAR
ETF,France,USSM,BNP Paribas Easy MSCI USA Small Cap UCITS ETF,EUR,Euronext,XPAR
ETF,France,AJASH,BNP Paribas Easy Sustainable Japan UCITS ETF,EUR,Euronext,XPAR
ETF,France,OVNI,BNP Paribas Easy EUR Overnight PEA UCITS ETF,EUR,Euronext,XPAR
ETF,France,CLMA,Guinness Sustainable Energy UCITS ETF Accumulating,EUR,Euronext,XPAR
ETF,France,GLIT,Amundi S&P Global Information Technology ESG UCITS ETF DR EUR Acc,EUR,Euronext,XPAR
ETF,France,EMUE,SPDR MSCI EMU UCITS ETF,EUR,Euronext,XPAR
ETF,France,BIGUS,BNP Paribas Easy MSCI USA Min TE UCITS ETF,EUR,Euronext,XPAR
ETF,France,AWDSR,BNP Paribas Easy MSCI World Equal Weight Select UCITS ETF EUR (Acc),EUR,Euronext,XPAR
ETF,France,AWDSE,BNP Paribas Easy S&P World UCITS ETF,EUR,Euronext,XPAR
ETF,France,ASI,Amundi MSCI China ESG Selection Extra UCITS ETF Acc,EUR,Euronext,XPAR
ETF,France,EUSC,Amundi MSCI Europe Screened UCITS ETF Acc,EUR,Euronext,XPAR
ETF,France,SCITY.EUR,AMUNDI SMART CITY UCITS ETF,EUR,Euronext,XPAR
ETF,France,JPNY,Amundi JPX-Nikkei 400 UCITS ETF - JPY (C),JPY,Euronext,XPAR
ETF,France,AWAT,Amundi PEA Eau (MSCI Water) UCITS ETF Capi,EUR,Euronext,XPAR
ETF,France,EMIS,BNP Paribas Easy MSCI World SRI S-Series PAB 5% Capped UCITS ETF,EUR,Euronext,XPAR
ETF,France,SGQE,Lyxor SG European Quality Income NTR UCITS ETF - D-EUR,EUR,Euronext,XPAR
ETF,France,FGBL,First Trust Global Equity Income UCITS ETF,EUR,Euronext,XPAR
ETF,France,JPHC,Amundi JPX-Nikkei 400 UCITS ETF Daily Hedged CHF,CHF,Euronext,XPAR
ETF,France,EJAH,BNP Paribas Easy MSCI Japan ESG Filtered Min TE UCITS ETF EUR Hedged,EUR,Euronext,XPAR
ETF,France,EISR,BNP Paribas Easy MSCI Emerging SRI PAB UCITS ETF,EUR,Euronext,XPAR
ETF,France,SPEA,iShares S&P 500 Swap PEA UCITS ETF EUR (Acc),EUR,Euronext,XPAR
ETF,France,EQQQ,Invesco EQQQ NASDAQ-100 UCITS ETF Dist,EUR,Euronext,XPAR
ETF,France,LCWLD,BNP Paribas Easy Low Carbon 300 World PAB UCITS ETF Acc,EUR,Euronext,XPAR
ETF,France,ESGH,Amundi MSCI Europe ESG Selection UCITS ETF Acc - EUR Hedged,EUR,Euronext,XPAR
ETF,France,WEM,WisdomTree True Emerging Markets UCITS ETF USD Unhedged Acc,EUR,Euronext,XPAR
ETF,France,SP20.EUR,iShares S&P 500 Top 20 UCITS ET,EUR,Euronext,XPAR
ETF,France,WLDC,Amundi MSCI World Swap II UCITS ETF Acc,EUR,Euronext,XPAR
ETF,France,LC39,Amundi Lifecycle 2039 UCITS ETF Acc,EUR,Euronext,XPAR
ETF,France,ELLE,Amundi Global Gender Equality UCITS ETF Acc,EUR,Euronext,XPAR
ETF,France,AUSSD,BNP Paribas European Select UCITS ETF,USD,Euronext,XPAR
ETF,France,WEXUS,BNP Paribas Easy MSCI World ex USA Min TE UCITS ETF,EUR,Euronext,XPAR
ETF,France,SRIE,BNP Paribas Easy MSCI Europe SRI S-Series PAB 5% Capped UCITS ETF,EUR,Euronext,XPAR
ETF,France,50E,HSBC EURO STOXX 50 UCITS ETF,EUR,Euronext,XPAR
ETF,France,0EMU,Ossiam Lux SICAV - Ossiam MSCI EMU UCITS ETF 1C EUR,EUR,Euronext,XPAR
ETF,France,LWCR,Amundi MSCI World ESG Broad Transition UCITS ETF Acc,EUR,Euronext,XPAR
ETF,France,LC33,Amdi Lifecycle 2033 UCITS ETF,EUR,Euronext,XPAR
ETF,France,WEMTH,BNP Paribas Easy World ESG Minimum Variance UCITS ETF,EUR,Euronext,XPAR
ETF,France,0USE,Ossiam S&P 500 UCITS ETF 1C (EUR),EUR,Euronext,XPAR
ETF,France,EPEJ,BNP Paribas Easy MSCI Pacific ex Japan ESG UCITS ETF,EUR,Euronext,XPAR
ETF,France,WPEH,iShares MSCI World Swap PEA UCITS ETF EUR (Acc),EUR,Euronext,XPAR
ETF,France,EPEA,iShares € Short Term Swap PEA UCITS ETF EUR (Acc),EUR,Euronext,XPAR
ETF,France,R2EH,State Street SPDR Russell 2000 U.S. Small Cap UCITS ETF,EUR,Euronext,XPAR
ETF,France,EPAB,Amundi S&P Eurozone Paris-Aligned Benchmark Net Zero Ambition UCITS ETF Acc,EUR,Euronext,XPAR
ETF,France,BRIX,BNP Paribas Easy MSCI Emerging SRI PAB UCITS ETF EUR Acc,EUR,Euronext,XPAR
ETF,France,0SWE,Ossiam MSCI World UCITS ETF 1C USD,EUR,Euronext,XPAR
ETF,France,QTOP.EUR,iSh Nasdaq 100 Top 30 UCITS ETF,EUR,Euronext,XPAR
ETF,France,GLOB,Ossiam Global Perspectives UCITS ETF 1D (EUR),EUR,Euronext,XPAR
ETF,France,C1U,Amundi MSCI UK IMI SRI Climate Paris Aligned UCITS ETF - GBP (C),EUR,Euronext,XPAR
ETF,France,SHTE,Ossiam Shiller Barclays CAPE® US Sector Value UCITS ETF,EUR,Euronext,XPAR
ETF,France,SMC,SPDR MSCI Europe Small Cap UCITS ETF,EUR,Euronext,XPAR
ETF,France,ROE,Global Balanced Fund UCITS ETF,EUR,Euronext,XPAR
ETF,Sweden,XACT.SVERIGE,XACT Sverige (UCITS ETF),SEK,OMX,XSTO
ETF,Sweden,MONTLEV,MontLev MSCI UCITS ETF,SEK,OMX,XSTO
ETF,Sweden,WIRE,Xtrackers Electrification Technologies & Smart Grid UCITS ETF 1C,SEK,OMX,XSTO
ETF,Sweden,XCMC,Xtrackers Bloomberg Commodity Swap UCITS ETF 1C,SEK,OMX,XSTO
ETF,Switzerland,CLEM,Amundi MSCI Emerging Markets ESG Broad Transition UCITS ETF DR (C),CHF,SIX,XSWX
ETF,Switzerland,MXUS,Invesco MSCI USA UCITS ETF,USD,SIX,XSWX
ETF,Switzerland,INGS,Lyxor Index Fund - Lyxor STOXX Europe 600 Industrial Goods & Services UCITS ETF,CHF,SIX,XSWX
ETF,Switzerland,BCHE,Invesco CoinShares Global Blockchain UCITS ETF Acc,CHF,SIX,XSWX
ETF,Switzerland,BCHE.USD,IVZ CSG Blockchain UCITS ETF,USD,SIX,XSWX
ETF,Switzerland,USMUFS,UBS MSCI USA Select Factor Mix UCITS ETF hCHF acc,CHF,SIX,XSWX
ETF,Switzerland,USMUFE,UBS MSCI USA Select Factor Mix UCITS ETF hEUR acc,EUR,SIX,XSWX
ETF,Switzerland,XEEE,Xtrackers Europe Equity Enhanced Active UCITS ETF,CHF,SIX,XSWX
ETF,Switzerland,AUCO,L&G Gold Mining UCITS ETF,CHF,SIX,XSWX
ETF,Switzerland,USFMD.USD,UBS MSCI USA Select Factor Mix UCITS ETF (hedged to CHF) Accumulating,USD,SIX,XSWX
ETF,Switzerland,USFMA,UBS MSCI USA Select Factor Mix UCITS ETF USD Accumulating,USD,SIX,XSWX
ETF,Switzerland,INYO,Inyova Impact Investing Active Equity Fund UCITS ETF EUR,CHF,SIX,XSWX
ETF,Switzerland,ALLC,BNP Paribas Easy MSCI ACWI UCITS ETF (Acc),CHF,SIX,XSWX
ETF,Switzerland,EUSRU,UBS ETF (LU) MSCI EMU Socially Responsible UCITS ETF USD A-dis,USD,SIX,XSWX
ETF,Switzerland,EWRD,BNP Paribas Easy MSCI World SRI S-Series PAB 5% Capped UCITS ETF USD Acc,USD,SIX,XSWX
ETF,Switzerland,JREU.USD,JPMorgan US Research Enhanced Index Equity ESG UCITS ETF,USD,SIX,XSWX
ETF,Switzerland,JRWC,JPMorgan ACW REI Equity Active UCITS ETF,CHF,SIX,XSWX
ETF,Switzerland,JSEG.USD,JPMorgan Global Research Enhanced Index Equity SRI Paris Aligned UCITS ETF USD (acc),USD,SIX,XSWX
ETF,Switzerland,USSRIC,UBS ETF (LU) MSCI USA Socially Responsible UCITS ETF (hedged to CHF) A-acc,CHF,SIX,XSWX
ETF,Switzerland,JSGC,JPMorgan Global Socially Responsible Investment UCITS ETF,CHF,SIX,XSWX
ETF,Switzerland,JSHC,JPMorgan U.S. Research Enhanced Index Equity SRI UCITS ETF,CHF,SIX,XSWX
ETF,Switzerland,AWSRI,UBS ETF MSCI ACWI Socially Responsible UCITS ETF USD Distributing,CHF,SIX,XSWX
ETF,Switzerland,AWESGW,UBS MSCI ACWI Universal UCITS ETF hUSD acc,CHF,SIX,XSWX
ETF,Switzerland,AWESGT,UBS MSCI ACWI Universal UCITS ETF hCHF acc,CHF,SIX,XSWX
ETF,Switzerland,IMID,SPDR MSCI All Country World Investable Market UCITS ETF (Acc),USD,SIX,XSWX
ETF,Switzerland,JRAW.USD,J.P. Morgan Asset Management ACWI Research Enhanced Index Equity Actively Managed UCITS ETF,USD,SIX,XSWX
ETF,Switzerland,NTSG,WisdomTree Global Efficient Core UCITS ETF - USD Acc,USD,SIX,XSWX
ETF,Switzerland,JRAW,JPMorgan ACW REI EQ ACT UCITS ETF,CHF,SIX,XSWX
ETF,Switzerland,JPUSD,UBS ETF (LU) MSCI Japan hedged to USD UCITS ETF (USD) A-acc,USD,SIX,XSWX
ETF,Switzerland,NSDCH,Amundi Core Nasdaq-100 UCITS ETF,CHF,SIX,XSWX
ETF,Switzerland,AWDS,BNP Paribas Easy ESG Enhanced World UCITS ETF,USD,SIX,XSWX
ETF,Switzerland,WEBH,Amundi Core MSCI USA UCITS ETF Acc,CHF,SIX,XSWX
ETF,Switzerland,JPNCHF,UBS Core MSCI Japan UCITS ETF hCHF acc,CHF,SIX,XSWX
ETF,Switzerland,AVSV,Avantis Global Small Cap Value UCITS ETF,USD,SIX,XSWX
ETF,Switzerland,EVAL,SPDR MSCI Europe Value UCITS ETF,CHF,SIX,XSWX
ETF,Switzerland,WCMS,iShares MSCI World Communication Services Sector Advanced UCITS ETF USD (Dist),USD,SIX,XSWX
ETF,Switzerland,EUFM,UBS MSCI EMU Select Factor Mix UCITS ETF EUR acc,EUR,SIX,XSWX
ETF,Switzerland,IQGA,Invesco Global Enhanced Equity UCITS ETF Accumulating,CHF,SIX,XSWX
ETF,Switzerland,XDN0,Xtrackers MSCI Nordic UCITS ETF 1D,CHF,SIX,XSWX
ETF,Switzerland,XDJX,Xtrackers DJE Europe Equity Research UCITS ETF 1C,CHF,SIX,XSWX
ETF,Switzerland,XDWS,Xtrackers MSCI World Consumer Staples UCITS ETF 1C,CHF,SIX,XSWX
ETF,Switzerland,XDJU,Xtrackers DJE US Equity Research UCITS ETF,CHF,SIX,XSWX
ETF,Switzerland,EUN,iShares STOXX Europe 50 UCITS ETF,CHF,SIX,XSWX
ETF,Switzerland,ASCC,abrdn Future Supply Chains UCITS ETF,CHF,SIX,XSWX
ETF,Switzerland,UKCHF,UBS MSCI United Kingdom UCITS ETF hCHF acc,CHF,SIX,XSWX
ETF,Switzerland,UKUSD,UBS ETF (LU) MSCI United Kingdom UCITS ETF (USD Hedged) A-acc,USD,SIX,XSWX
ETF,Switzerland,AMAL,HANetf Saturna Al-Kawthar Global Focused Equity UCITS ETF Acc,CHF,SIX,XSWX
ETF,Switzerland,CBUS,UBS Core BBG US Liquid Corp UCITS ETF USD dis,USD,SIX,XSWX
ETF,Switzerland,CBUS5A,UBS (Lux) Fund Solutions – Bloomberg US Liquid Corporates 1-5 Year UCITS ETF,USD,SIX,XSWX
ETF,Switzerland,XDEF,Xtrackers Europe Defence Technologies UCITS ETF 1C,CHF,SIX,XSWX
ETF,Switzerland,CBVSO,Amundi Multi-Asset Portfolio Offensive UCITS ETF Dist,CHF,SIX,XSWX
ETF,Switzerland,JJEC,JPM Japan Research Enhanced Index Equity Active UCITS ETF,CHF,SIX,XSWX
ETF,Switzerland,CBSUSA,UBS ETF Bloomberg US Liquid Corporates Short-Term UCITS ETF,CHF,SIX,XSWX
ETF,Switzerland,CBSEUS,UBS ETF EUR Liquidity Corp Sustainable UCITS ETF,CHF,SIX,XSWX
ETF,Switzerland,LYSEL,Amundi Stoxx Europe Select Dividend 30 UCITS ETF Dist,CHF,SIX,XSWX
ETF,Switzerland,XDPC,Xtrackers S&P 500 UCITS ETF 3C CHF hedged,CHF,SIX,XSWX
ETF,Switzerland,C9DF,Frankfurter UCITS ETF Modern Value,CHF,SIX,XSWX
ETF,Switzerland,LUSAC,Amundi MSCI USA ESG Climate Net Zero Ambition CTB UCITS ETF Dist,CHF,SIX,XSWX
ETF,Switzerland,AREC,Abrdn Future Education & Learning UCITS ETF,CHF,SIX,XSWX
ETF,Switzerland,CAHCHA,UBS MSCI Canada UCITS ETF hCHF acc,CHF,SIX,XSWX
ETF,Switzerland,JEQC,JPMorgan Nasdaq Equity Premium Income Active UCITS ETF CHF Hedged (Dist),CHF,SIX,XSWX
ETF,Switzerland,CATH,Amundi MSCI World Catholic Principles UCITS ETF Acc,CHF,SIX,XSWX
ETF,Switzerland,CB1EU6,Lyxor 1 STOXX Europe 600 ESG (DR) UCITS ETF,CHF,SIX,XSWX
ETF,Switzerland,BRIXU,BNP Paribas Easy MSCI Emerging UCITS ETF Acc,CHF,SIX,XSWX
ETF,Switzerland,LUESG,Amundi MSCI USA ESG Selection Extra UCITS ETF DR - USD (D),CHF,SIX,XSWX
ETF,Switzerland,LUSA,Rize USA Environmental Impact UCITS ETF USD Acc,CHF,SIX,XSWX
ETF,Switzerland,IQEA,Invesco Europe Enhanced Equity UCITS ETF Acc,CHF,SIX,XSWX
ETF,Switzerland,CCEUA,UBS ETFs plc - CMCI Composite SF UCITS ETF,EUR,SIX,XSWX
ETF,Switzerland,MLPD,Invesco Morningstar US Energy Infrastructure MLP UCITS ETF Dist,USD,SIX,XSWX
ETF,Switzerland,UQLTS,UBS ETF (IE) Factor MSCI USA Quality UCITS ETF (hedged to CHF) A-acc,CHF,SIX,XSWX
ETF,Switzerland,BGUS,BNP Paribas Easy MSCI USA UCITS ETF,CHF,SIX,XSWX
ETF,Switzerland,MSRUSA,UBS MSCI Emerging Markets Socially Responsible UCITS ETF USD dis,USD,SIX,XSWX
ETF,Switzerland,C50U,Amundi Core EURO STOXX 50 UCITS ETF USD Acc,USD,SIX,XSWX
ETF,Switzerland,EUESGD,UBS MSCI EMU Universal UCITS ETF hUSD acc,CHF,SIX,XSWX
ETF,Switzerland,WDFE,Invesco S&P World Financials ESG UCITS ETF Acc,USD,SIX,XSWX
ETF,Switzerland,TPHC,Amundi Japan Topix UCITS ETF CHF,CHF,SIX,XSWX
ETF,Switzerland,GENDER,UBS Global Gender Equality UCITS ETF (hedged to AUD) Acc,USD,SIX,XSWX
ETF,Switzerland,USCHF,Amundi Core MSCI USA UCITS ETF CHF Hedged Acc,CHF,SIX,XSWX
ETF,Switzerland,EWSP,iShares S&P 500 Equal Weight UCITS ETF USD (Acc),USD,SIX,XSWX
ETF,Switzerland,CCMCUA,UBS (Irl) Fund Solutions plc – CMCI Commodity Carry SF UCITS ETF (USD) A-acc,USD,SIX,XSWX
ETF,Switzerland,IWQE,iShares MSCI World Quality Factor Advanced UCITS ETF USD (Acc),USD,SIX,XSWX
ETF,Switzerland,IWHC,iShares MSCI World Swap UCITS ETF,CHF,SIX,XSWX
ETF,Switzerland,BLKC,iShares Blockchain Technology UCITS ETF USD (Acc),USD,SIX,XSWX
ETF,Switzerland,CCXAA,UBS CMCI ex-Agriculture SF UCITS ETF USD acc,USD,SIX,XSWX
ETF,Switzerland,LDEG,L&G Europe ex-UK Quality Dividends Equal Weight UCITS ETF,CHF,SIX,XSWX
ETF,Switzerland,MEEQ,Invesco MSCI Europe Equal Weight UCITS ETF Acc,USD,SIX,XSWX
ETF,Switzerland,XD9C,Xtrackers MSCI USA UCITS ETF 3C CHF Hedged,CHF,SIX,XSWX
ETF,Switzerland,METR,ETCG Metaverse UCITS ETF,CHF,SIX,XSWX
ETF,Switzerland,XDWY,Xtrackers MSCI World High Dividend Yield UCITS ETF 1D,USD,SIX,XSWX
ETF,Switzerland,TPXH,Amundi Index Solutions - Amundi Japan Topix UCITS ETF-C EUR Hedged,EUR,SIX,XSWX
ETF,Switzerland,JEIC,JPM US Equity Premium Income Active UCITS ETF USD (dist),CHF,SIX,XSWX
ETF,Switzerland,XIFE,Xtrackers Global Infrastructure ESG UCITS ETF 1C,CHF,SIX,XSWX
ETF,Switzerland,OBGE,ODDO BHF Global Equity Active UCITS ETF – Accumulating,CHF,SIX,XSWX
ETF,Switzerland,QQQC,UBS Nasdaq-100 UCITS ETF hCHF acc,CHF,SIX,XSWX
ETF,Switzerland,DXJ,WisdomTree Japan Equity UCITS ETF USD Hedged,USD,SIX,XSWX
ETF,Switzerland,GLRA,SPDR Dow Jones Global Real Estate UCITS ETF (Acc),CHF,SIX,XSWX
ETF,Switzerland,RAREE,VanEck Rare Earth and Strategic Metals UCITS ETF A CHF ETP,CHF,SIX,XSWX
ETF,Switzerland,RGSC,Robeco NextGen Global Small-Cap Equity UCITS ETF CHF Hedged,CHF,SIX,XSWX
ETF,Switzerland,ESSN,Rize Sustainable Future of Food UCITS ETF,CHF,SIX,XSWX
ETF,Switzerland,WORLD,UBS Core MSCI World UCITS ETF hCHF acc,CHF,SIX,XSWX
ETF,Switzerland,WUTS,iShares MSCI World Utilities Sector Advanced UCITS ETF,CHF,SIX,XSWX
ETF,Switzerland,500X,SPDR S&P 500 Leaders UCITS ETF USD Unhedged (Acc),USD,SIX,XSWX
ETF,Switzerland,HIEM,HSBC MSCI Emerging Markets Islamic Screened Capped UCITS ETF USD (Acc),USD,SIX,XSWX
ETF,Switzerland,"4,00 BRZ",iShares MSCI Brazil UCITS ETF (DE) USD (Acc),USD,SIX,XSWX
ETF,Switzerland,400X,SPDR S&P 400 US Mid Cap Leaders UCITS ETF (Acc),CHF,SIX,XSWX
ETF,Switzerland,HELO,J.P. Morgan US Hedged Equity Laddered Overlay Active UCITS ETF,CHF,SIX,XSWX
ETF,Switzerland,FEUR,Fidelity Europe Equity Research Enhanced UCITS ETF EUR Acc,CHF,SIX,XSWX
ETF,Switzerland,FEMC,Fidelity Emerging Markets Quality Income UCITS ETF USD Inc,CHF,SIX,XSWX
ETF,Switzerland,WMEGA,UBS MSCI World Mega Cap UCITS ETF USD Accumulating,CHF,SIX,XSWX
ETF,Switzerland,AEMD,Amundi Core MSCI Emerging Markets UCITS ETF EUR Dist,CHF,SIX,XSWX
ETF,Switzerland,TENM,iShares US Large Cap Moderate Buffer Mar UCITS ETF,CHF,SIX,XSWX
ETF,Switzerland,FACT,iShares World Equity Factor Rotation Active UCITS ETF USD (Acc),USD,SIX,XSWX
ETF,Switzerland,FTEK,Invesco KBW NASDAQ Fintech UCITS ETF Acc,USD,SIX,XSWX
ETF,Switzerland,FTAD,SPDR FTSE UK All Share UCITS ETF (Dist),CHF,SIX,XSWX
ETF,Switzerland,QANT,iShares Quantum Computing UCITS ETF,CHF,SIX,XSWX
ETF,Switzerland,DJMC,iShares EURO STOXX Mid UCITS ETF,CHF,SIX,XSWX
ETF,Switzerland,DJSXE,iShares EURO STOXX 50 UCITS ETF,EUR,SIX,XSWX
ETF,Switzerland,CMXUS,UBS MSCI USA NSL UCITS ETF USD Acc,USD,SIX,XSWX
ETF,Switzerland,I50C,iShares S&P 500 Swap UCITS ETF CHF Hedged (Acc),CHF,SIX,XSWX
ETF,Switzerland,V3PA,Vanguard ESG Developed Asia Pacific All Cap UCITS ETF (USD) Accumulating,CHF,SIX,XSWX
ETF,Switzerland,FTAL,SPDR FTSE UK All Share UCITS ETF (Acc),CHF,SIX,XSWX
ETF,Switzerland,PFXT,Post Finance Group xTrackers UCITS ETF,CHF,SIX,XSWX
ETF,Switzerland,HEDK,WisdomTree Europe Equity UCITS ETF USD Hedged Acc,USD,SIX,XSWX
ETF,Switzerland,HEDD,WisdomTree Europe Equity UCITS ETF CHF Hedged Acc,CHF,SIX,XSWX
ETF,Switzerland,GPAB,Amundi MSCI World SRI Climate Net Zero Ambition PAB UCITS ETF,USD,SIX,XSWX
ETF,Switzerland,EMLV,iShares Edge MSCI EM Minimum Volatility UCITS ETF,CHF,SIX,XSWX
ETF,Switzerland,EMRD,State Street SPDR MSCI Emerging Markets UCITS ETF USD,USD,SIX,XSWX
ETF,Switzerland,EMUC,iShares MSCI EMU CHF Hedged UCITS ETF (Acc),CHF,SIX,XSWX
ETF,Switzerland,EMUCHF,UBS Core MSCI EMU UCITS ETF hCHF acc,CHF,SIX,XSWX
ETF,Switzerland,SPQH,Global X S&P 500 Quarterly Tail Hedge UCITS ETF,CHF,SIX,XSWX
ETF,Switzerland,SXLB,SPDR S&P U.S. Materials Select Sector UCITS ETF (Acc),USD,SIX,XSWX
ETF,Switzerland,WETF.USD,BNP Paribas Easy MSCI World UCITS ETF,CHF,SIX,XSWX
ETF,Switzerland,EMUUSD,UBS Core MSCI EMU UCITS ETF hUSD acc,USD,SIX,XSWX
ETF,Switzerland,SUOH,iShares USD Corp ESG UCITS ETF,CHF,SIX,XSWX
ETF,Switzerland,FLXE.USD,Frk LQ Emerging Mkts UCITS ETF,USD,SIX,XSWX
ETF,Switzerland,ENVR,Rize Environmental Impact 100 UCITS ETF,CHF,SIX,XSWX
ETF,Switzerland,GQUS,Goldman Sachs Alpha Enhanced US Equity Active UCITS ETF,CHF,SIX,XSWX
ETF,Switzerland,EPVLD,UBS ETF (LU) Factor MSCI EMU Prime Value UCITS ETF (hedged to GBP) A-dis,CHF,SIX,XSWX
ETF,Switzerland,YMAG,YieldMax Big Tech Option Income UCITS ETF,CHF,SIX,XSWX
ETF,Switzerland,ESGWO,Amundi MSCI World ESG Selection UCITS ETF,USD,SIX,XSWX
ETF,Switzerland,FLXU,Franklin U.S. Equity UCITS ETF,CHF,SIX,XSWX
ETF,Switzerland,VMID,Vanguard FTSE 250 UCITS ETF (GBP) Accumulating,CHF,SIX,XSWX
ETF,Switzerland,SF1CHA,UBS ETF - SBI Foreign AAA-BBB 1-5 UCITS ETF,CHF,SIX,XSWX
ETF,Switzerland,SF5CHA,UBS ETF - SBI Foreign AAA-BBB 5-10 UCITS ETF,CHF,SIX,XSWX
ETF,Switzerland,SGBE,State Street Global Screened Enhanced Equity Fund - UCITS ETF,CHF,SIX,XSWX
ETF,Switzerland,FLXU.USD,Frk LQ US Equity UCITS ETF,USD,SIX,XSWX
ETF,Switzerland,VAPU,Vanguard FTSE All-World UCITS ETF (USD) Distributing,CHF,SIX,XSWX
ETF,Switzerland,STOR,iShares Energy Storage & Hydrogen UCITS ETF USD (Acc),USD,SIX,XSWX
ETF,Switzerland,SXLU,SPDR S&P U.S. Utilities Select Sector UCITS ETF (Acc),USD,SIX,XSWX
ETF,Switzerland,SMOT,VanEck Morningstar US SMID Moat UCITS ETF A,CHF,SIX,XSWX
ETF,Switzerland,SP4S,iShares S&P Mid Cap 400 Swap UCITS ETF USD (Acc),CHF,SIX,XSWX
ETF,Switzerland,SP500H,UBS Core S&P 500 UCITS ETF hGBP dis,GBP,SIX,XSWX
ETF,Switzerland,FJPI,Fidelity Japan Equity Research Enhanced UCITS ETF Inc-JPY,CHF,SIX,XSWX
ETF,Switzerland,WEQQ,iShares MSCI World Sector & Country Neutral Equal Weight UCITS ETF,CHF,SIX,XSWX
ETF,Switzerland,ELOVD,UBS Factor MSCI EMU Low Volatility UCITS ETF EUR dis,CHF,SIX,XSWX
ETF,Switzerland,ESGJ,Invesco MSCI Japan Universal Screened UCITS ETF,USD,SIX,XSWX
ETF,Switzerland,PACUA,UBS MSCI Pacific ex Japan UCITS ETF USD dis,USD,SIX,XSWX
ETF,Switzerland,VUKE,Vanguard FTSE 100 UCITS ETF (GBP) Accumulating,CHF,SIX,XSWX
ETF,Switzerland,CSUKX,iShares Core FTSE 100 UCITS ETF GBP (Acc),GBP,SIX,XSWX
ETF,Switzerland,PACSI,UBS MSCI Pacific Socially Responsible UCITS ETF USD acc,USD,SIX,XSWX
ETF,Switzerland,CSUK,iShares MSCI UK UCITS ETF (Acc),GBP,SIX,XSWX
ETF,Switzerland,WBLD,WisdomTree Europe Infrastructure UCITS ETF,CHF,SIX,XSWX
ETF,Switzerland,USXMEG,UBS MSCI USA ex Mega Cap UCITS ETF USD acc,CHF,SIX,XSWX
ETF,Switzerland,CQQQC,UBS Solactive China Technology UCITS ETF hCHF acc,CHF,SIX,XSWX
ETF,Switzerland,GGRA,WisdomTree Global Quality Dividend Growth UCITS ETF USD Acc,USD,SIX,XSWX
ETF,Switzerland,OBUS,ODDO BHF US Equity Active UCITS ETF,CHF,SIX,XSWX
ETF,Switzerland,CSUKS,iShares MSCI UK Small Cap UCITS ETF GBP (Acc),GBP,SIX,XSWX
ETF,Austria,AN32,Amundi MSCI Europe UCITS ETF Acc,EUR,VSE,XWBO
ETF,Austria,AN36,Amundi MSCI Smart Mobility UCITS ETF Acc,EUR,VSE,XWBO
ETF,Austria,AN37,Amundi STOXX Europe 600 ESG II UCITS ETF Dist,EUR,VSE,XWBO
ETF,Austria,EX49,iShares Core DAX® UCITS ETF (DE) EUR (Dist),EUR,VSE,XWBO
ETF,Austria,DB37,Xtrackers S&P Global Infrastructure Swap UCITS ETF 1C,EUR,VSE,XWBO
ETF,Austria,HN03,Harbor Health Care UCITS ETF Accumulating,EUR,VSE,XWBO
ETF,Austria,DB36,Xtrackers S&P/ASX 200 UCITS ETF 1D,EUR,VSE,XWBO
ETF,Austria,EX21,iShares Core S&P 500 UCITS ETF USD (Dist),EUR,VSE,XWBO
ETF,Austria,DB35,Xtrackers LPX Private Equity Swap UCITS ETF 1C,EUR,VSE,XWBO
ETF,Austria,DB33,Xtrackers MSCI Pacific ex Japan UCITS ETF 1C,EUR,VSE,XWBO
ETF,Austria,AN31,Amundi MSCI EMU UCITS ETF Dist,EUR,VSE,XWBO
ETF,Austria,AM18,Amundi MSCI Europe ESG Selection UCITS ETF Acc,EUR,VSE,XWBO
ETF,Austria,AN27,Amundi MSCI Brazil UCITS ETF Acc,EUR,VSE,XWBO
ETF,Austria,AN19,Amundi MSCI Europe Minimum Volatility Factor UCITS ETF EUR (C),EUR,VSE,XWBO
ETF,Austria,DK33,Deka MSCI Europe Mid Cap UCITS ETF (Dist),EUR,VSE,XWBO
ETF,Austria,AN20,Amundi Prime Eurozone UCITS ETF DR (C),EUR,VSE,XWBO
ETF,Austria,AM23,Amundi MSCI Turkey UCITS ETF Acc,EUR,VSE,XWBO
ETF,Austria,AM22,Amundi MSCI Japan ESG Broad Transition UCITS ETF Dist,EUR,VSE,XWBO
ETF,Austria,AM11,Amundi MSCI Europe Quality Factor UCITS ETF EUR (C),EUR,VSE,XWBO
ETF,Austria,AM15,Amundi MDAX UCITS ETF Dist,EUR,VSE,XWBO
ETF,Austria,AM17,Amundi MSCI China UCITS ETF Acc,EUR,VSE,XWBO
ETF,Austria,AN24,Amundi Japan TOPIX II UCITS ETF EUR Dist,EUR,VSE,XWBO
ETF,Austria,AN25,Amundi LevDAX Daily 2x Leveraged UCITS ETF Dist,EUR,VSE,XWBO
ETF,Austria,AN26,Amundi MDAX ESG UCITS ETF Dist,EUR,VSE,XWBO
ETF,Austria,AM16,Amundi Core MSCI China A Swap UCITS ETF Dist,EUR,VSE,XWBO
ETF,Austria,LY19,Amundi MSCI Water UCITS ETF Acc,EUR,VSE,XWBO
ETF,Austria,AM10,Amundi MSCI Europe Momentum Factor UCITS ETF EUR (C),EUR,VSE,XWBO
ETF,Austria,EX04,iShares Core FTSE 100 UCITS ETF GBP (Dist),EUR,VSE,XWBO
ETF,Austria,BP22,BNP Paribas Easy MSCI USA SRI S-Series PAB 5% Capped UCITS ETF USD Acc,EUR,VSE,XWBO
ETF,Austria,DB12,Xtrackers DAX UCITS ETF 1C,EUR,VSE,XWBO
ETF,Austria,EX61,iShares MDAX UCITS ETF (DE) EUR (Dist),EUR,VSE,XWBO
ETF,Austria,DB13,Xtrackers EURO STOXX 50 UCITS ETF 1C,EUR,VSE,XWBO
ETF,Austria,DB14,Xtrackers EURO STOXX 50 UCITS ETF 1D,EUR,VSE,XWBO
ETF,Austria,DB15,Xtrackers FTSE 100 UCITS ETF Income 1D,EUR,VSE,XWBO
ETF,Austria,DB17,Xtrackers MSCI EMU UCITS ETF 1D,EUR,VSE,XWBO
ETF,Austria,AM01,Amundi CAC 40 ESG UCITS ETF DR - EUR,EUR,VSE,XWBO
ETF,Austria,DB18,Xtrackers MSCI Europe UCITS ETF 1C,EUR,VSE,XWBO
ETF,Austria,DB19,Xtrackers MSCI USA UCITS ETF 1C,EUR,VSE,XWBO
ETF,Austria,DB21,Xtrackers ShortDAX Daily Swap UCITS ETF 1C,EUR,VSE,XWBO
ETF,Austria,AM02,Amundi Bloomberg Equal-weight Commodity ex-Agriculture UCITS ETF,EUR,VSE,XWBO
ETF,Austria,AM03,Amundi DAX 50 ESG UCITS ETF DR (C),EUR,VSE,XWBO
ETF,Austria,AM04,Amundi DAX III UCITS ETF Dist,EUR,VSE,XWBO
ETF,Austria,EX02,iShares DAX ESG UCITS ETF (DE),EUR,VSE,XWBO
ETF,Austria,AM05,Amundi MSCI EM Asia ESG Broad Transition UCITS ETF Acc,EUR,VSE,XWBO
ETF,Austria,DB24,Xtrackers STOXX Europe 600 UCITS ETF 1C,EUR,VSE,XWBO
ETF,Austria,AM06,Amundi STOXX Europe 600 Basic Resources UCITS ETF Acc,EUR,VSE,XWBO
ETF,Austria,BP21,BNP Paribas Easy MSCI Europe Min TE UCITS ETF,EUR,VSE,XWBO
ETF,Austria,DB32,Xtrackers MSCI Brazil UCITS ETF 1C,EUR,VSE,XWBO
ETF,Austria,AM09,Amundi MSCI Europe High Dividend Factor UCITS ETF EUR (C),EUR,VSE,XWBO
ETF,Austria,AM08,Amundi STOXX Europe 600 Banks UCITS ETF Acc,EUR,VSE,XWBO
ETF,Austria,BP19,BNP Paribas Easy Energy & Metals Enhanced Roll UCITS ETF EUR,EUR,VSE,XWBO
ETF,Austria,BP14,BNP Paribas Easy MSCI World SRI PAB UCITS ETF,EUR,VSE,XWBO
ETF,Austria,EX20,iShares S&P 500 EUR Hedged UCITS ETF (Acc),EUR,VSE,XWBO
ETF,Austria,AM24,Amundi DJ Switzerland Titans 30 UCITS ETF Dist,EUR,VSE,XWBO
ETF,Austria,BP06,BNP Paribas Easy MSCI Europe ESG Filtered Min TE UCITS ETF,EUR,VSE,XWBO
ETF,Austria,DB31,Xtrackers MSCI World Swap UCITS ETF 1C,EUR,VSE,XWBO
ETF,Austria,DB29,Xtrackers MSCI Japan UCITS ETF 1C,EUR,VSE,XWBO
ETF,Austria,DB28,Xtrackers MSCI China UCITS ETF 1C,EUR,VSE,XWBO
ETF,Austria,EX17,iShares MSCI Poland UCITS ETF USD (Acc),EUR,VSE,XWBO
ETF,Austria,AN18,Amundi STOXX Europe 600 Technology UCITS ETF Acc,EUR,VSE,XWBO
ETF,Austria,AM40,Amundi ETF DAX UCITS ETF DR,EUR,VSE,XWBO
ETF,Austria,DK30,Deka Euro Prime ESG UCITS ETF - Inc.,EUR,VSE,XWBO
ETF,Austria,AM74,Amundi Core MSCI Japan UCITS ETF Acc,EUR,VSE,XWBO
ETF,Austria,AM75,Amundi Core MSCI Japan UCITS ETF Dist,EUR,VSE,XWBO
ETF,Austria,AM76,Amundi MSCI World Swap UCITS ETF EUR Acc,EUR,VSE,XWBO
ETF,Austria,AM77,Amundi ETF NASDAQ-100 EUR Hedged Daily UCITS ETF,EUR,VSE,XWBO
ETF,Austria,AM79,Amundi Core Nasdaq-100 Swap UCITS ETF Acc,EUR,VSE,XWBO
ETF,Austria,AM37,Amundi MSCI Emerging Ex China UCITS ETF Acc,EUR,VSE,XWBO
ETF,Austria,AM80,Amundi Core Nasdaq-100 Swap UCITS ETF Dist,EUR,VSE,XWBO
ETF,Austria,AM36,Amundi MSCI Emerging Markets ESG Selection UCITS ETF DR (C),EUR,VSE,XWBO
ETF,Austria,DB42,Xtrackers MSCI EM Latin America ESG Swap UCITS ETF 1C,EUR,VSE,XWBO
ETF,Austria,AM84,Amundi Prime Japan UCITS ETF DR (D),EUR,VSE,XWBO
ETF,Austria,AM33,Amundi Prime Europe UCITS ETF DR (C),EUR,VSE,XWBO
ETF,Austria,AM85,Amundi MSCI Robotics & AI UCITS ETF Acc,EUR,VSE,XWBO
ETF,Austria,AM86,Amundi Russell 2000 UCITS ETF EUR (C),EUR,VSE,XWBO
ETF,Austria,AM90,Amundi MSCI Semiconductors UCITS ETF Acc,EUR,VSE,XWBO
ETF,Austria,DB41,Xtrackers MSCI EM Asia Screened Swap UCITS ETF 1C,EUR,VSE,XWBO
ETF,Austria,AM72,Amundi MSCI Europe ESG Broad Transition UCITS ETF DR - EUR (C),EUR,VSE,XWBO
ETF,Austria,AM70,Amundi MSCI Emerging Markets SRI Climate Paris Aligned UCITS ETF DR (C),EUR,VSE,XWBO
ETF,Austria,AM61,Amundi Bloomberg Equal-weight Commodity ex-Agriculture UCITS ETF Acc,EUR,VSE,XWBO
ETF,Austria,AM59,Amundi Euro Stoxx Banks UCITS ETF Acc,EUR,VSE,XWBO
ETF,Austria,DB48,Xtrackers LevDAX Daily Swap UCITS ETF 1C,EUR,VSE,XWBO
ETF,Austria,DB50,Xtrackers MSCI Emerging Markets Swap UCITS ETF 1C,EUR,VSE,XWBO
ETF,Austria,DB51,Xtrackers MSCI Europe Small Cap UCITS ETF 1C,EUR,VSE,XWBO
ETF,Austria,AM42,Amundi Index Euro Corporate SRI UCITS ETF DR (D),EUR,VSE,XWBO
ETF,Austria,DB53,Xtrackers CSI 300 Swap UCITS ETF 1C,EUR,VSE,XWBO
ETF,Austria,AM49,Amundi EUR Overnight Return UCITS ETF Acc,EUR,VSE,XWBO
ETF,Austria,AM91,Amundi STOXX Europe 600 Healthcare UCITS ETF Acc,EUR,VSE,XWBO
ETF,Austria,DB59,Xtrackers Nikkei 225 UCITS ETF 1D,EUR,VSE,XWBO
ETF,Austria,DB61,Xtrackers ShortDAX x2 Daily Swap UCITS ETF 1C,EUR,VSE,XWBO
ETF,Austria,AM53,Amundi Index Euro Aggregate SRI UCITS ETF DR (C),EUR,VSE,XWBO
ETF,Austria,AM58,Amundi Core EURO STOXX 50 UCITS ETF EUR Acc,EUR,VSE,XWBO
ETF,Austria,AM39,Amundi MSCI EMU ESG Selection UCITS ETF DR - EUR (C),EUR,VSE,XWBO
ETF,Austria,CEC,Amundi MSCI Eastern Europe Ex Russia UCITS ETF Acc,EUR,VSE,XWBO
ETF,Austria,DB58,Xtrackers MSCI Indonesia Swap UCITS ETF 1C,EUR,VSE,XWBO
ETF,Austria,AM30,Amundi MSCI World Climate Paris Aligned Umweltzeichen UCITS ETF DR,EUR,VSE,XWBO
ETF,Austria,AN06,Amundi Prime Emerging Markets UCITS ETF DR (C),EUR,VSE,XWBO
ETF,Austria,EX56,iShares STOXX Europe 600 UCITS ETF (DE) EUR (Acc),EUR,VSE,XWBO
ETF,Austria,AN04,Amundi MSCI AC Asia Ex Japan UCITS ETF Acc,EUR,VSE,XWBO
ETF,Austria,AN07,Amundi MSCI EMU Small Cap ESG Broad Transition UCITS ETF Dist,EUR,VSE,XWBO
ETF,Austria,AN09,Amundi Index Euro Corporate SRI 0-3Y UCITS ETF DR (C),EUR,VSE,XWBO
ETF,Austria,AN10,Amundi STOXX Europe 600 Energy ESG Screened UCITS ETF Acc,EUR,VSE,XWBO
ETF,Austria,DK09,Deka MSCI Emerging Markets UCITS ETF,EUR,VSE,XWBO
ETF,Austria,DK12,Deka STOXX Europe Strong Growth 20 UCITS ETF,EUR,VSE,XWBO
ETF,Austria,AM27,Amundi Core DAX UCITS ETF Dist,EUR,VSE,XWBO
ETF,Austria,DK15,Deka MSCI World UCITS ETF Distribution,EUR,VSE,XWBO
ETF,Austria,DK26,Deka MSCI USA LC UCITS ETF,EUR,VSE,XWBO
ETF,Austria,AN13,Amundi Stoxx Europe Defense UCITS ETF Acc,EUR,VSE,XWBO
ETF,Austria,DK27,Deka MSCI USA MC UCITS ETF,EUR,VSE,XWBO
ETF,Austria,AM26,Amundi NYSE Arca Gold BUGS UCITS ETF Dist,EUR,VSE,XWBO
ETF,Austria,AN17,Amundi STOXX Europe 600 Insurance UCITS ETF Acc,EUR,VSE,XWBO
ETF,Austria,AM25,Amundi SDAX UCITS ETF Dist,EUR,VSE,XWBO
ETF,Austria,AN12,Amundi Index Euro Aggregate SRI UCITS ETF DR (D),EUR,VSE,XWBO
ETF,Austria,DK08,Deka MSCI China ex A Shares UCITS ETF,EUR,VSE,XWBO
ETF,Austria,DK05,Deka STOXX Europe 50 UCITS ETF,EUR,VSE,XWBO
ETF,Austria,DK01,Deka Deutsche Börse EUROGOV Germany 10+ UCITS ETF,EUR,VSE,XWBO
ETF,Austria,DK02,Deka iBoxx EUR Liquid Corporates Diversified UCITS ETF,EUR,VSE,XWBO
ETF,Austria,AM96,Amundi MSCI World ex Europe UCITS ETF EUR (C),EUR,VSE,XWBO
ETF,Austria,AM29,Amundi Core EURO STOXX 50 UCITS ETF EUR Dist,EUR,VSE,XWBO
ETF,Austria,AM92,Amundi STOXX Europe 600 ESG UCITS ETF DR EUR (C),EUR,VSE,XWBO
ETF,Austria,AM97,Amundi Prime Japan UCITS ETF DR (C),EUR,VSE,XWBO
ETF,Greece,AETF,Alpha ETF FTSE Large Cap Equity UCITS,EUR,ASE,ASEX
ETF,United States,SNPD,Xtrackers S&P ESG Dividend Aristocrats UCITS ETF,USD,CBOE,BATS
ETF,Netherlands,SPPMx,SPDR S&P 500 MXN Hdg UCITS ETF (Acc),MXN,CBOE,BCXE
ETF,Netherlands,JUKEx,JPMorgan UK Equity Core Active UCITS ETF,GBX,CBOE,BCXE
ETF,Italy,FAMMWm,Fineco AM MSCI World Semiconductors and Semiconductor Equipment UCITS ETF EUR Acc,EUR,CBOE,BCXE
ETF,Netherlands,SAJPx,iShares MSCI Japan Screened UCITS ETF,JPY,CBOE,BCXE
ETF,Germany,LGQMd,Amundi Pan Africa UCITS ETF,EUR,CBOE,BCXE
ETF,United Kingdom,ASDVl,State Street SPDR S&P U.S. Utilities Select Sector UCITS ETF,USD,CBOE,BCXE
ETF,Netherlands,AXQMx,AXA IM ETF ICAV - AXA IM MSCI Emerging Markets EX-China PAB UCITS ETF,MXN,CBOE,BCXE
ETF,United Kingdom,ACWDl,State Street SPDR MSCI All Country World UCITS ETF USD Unhedged (Acc),USD,CBOE,BCXE
ETF,Netherlands,SWGPx,State Street SPDR MSCI World GBP Hdg UCITS ETF (Dist),GBP,CBOE,BCXE
ETF,France,AUSSEp,BNP PARIBAS EASY ESG ENHANCED US UCITS ETF,EUR,CBOE,BCXE
ETF,Switzerland,S2HGBz,UBS MSCI Switzerland 20/35 UCITS ETF hGBP acc,GBP,CBOE,BCXE
ETF,Italy,AJEUAm,UBS MSCI AC Asia ex Japan SF UCITS ETF USD acc,EUR,CBOE,BCXE
ETF,Germany,LYKd,Amundi Euro Stoxx Banks UCITS ETF,EUR,CBOE,BCXE
ETF,United Kingdom,GRNYl,Fundstrat Granny Shots US Large Cap UCITS ETF,USD,CBOE,BCXE
ETF,United Kingdom,ISDEl,iShares MSCI EM Islamic UCITS ETF,USD,CBOE,BCXE
ETF,United Kingdom,CEUx,iShares Core MSCI EMU UCITS ETF MXN Hedged (Acc),MXN,CBOE,BCXE
ETF,Switzerland,CHGBAz,UBS MSCI Canada UCITS ETF hGBP Dis,GBP,CBOE,BCXE
ETF,Switzerland,CHGBDz,UBS MSCI Canada UCITS ETF hGBP dis,GBP,CBOE,BCXE
ETF,Switzerland,ESCEAz,UBS MSCI EMU Small Cap UCITS ETF EUR Ukdis,EUR,CBOE,BCXE
ETF,United Kingdom,VDEVl,Vanguard FTSE Developed World UCITS ETF (USD) Distributing,USD,CBOE,BCXE
ETF,Switzerland,JPEURz,UBS Core MSCI Japan UCITS ETF hEUR dis,EUR,CBOE,BCXE
ETF,United Kingdom,ISGDx,iShares MSCI ACWI UCITS ETF SGD Hedged (Acc),SGD,CBOE,BCXE
ETF,United Kingdom,HMXDl,HSBC MSCI Pacific ex Japan UCITS ETF USD,USD,CBOE,BCXE
ETF,Switzerland,CBUSHz,UBS Core BBG US Liquid Corp UCITS ETF hGBP dis,GBP,CBOE,BCXE
ETF,Italy,ETFEUm,AMUNDI PRIME EUROPE UCITS ETF DR,EUR,CBOE,BCXE
ETF,Italy,ULOVEm,UBS Factor MSCI USA Low Volatility UCITS ETF,EUR,CBOE,BCXE
ETF,United Kingdom,DLTMl,iShares MSCI EM Latin America UCITS ETF USD (Dist),USD,CBOE,BCXE
ETF,United Kingdom,VDEMl,Vanguard FTSE Emerging Markets UCITS ETF USD Distributing,USD,CBOE,BCXE
ETF,United Kingdom,HPRAl,HSBC FTSE EPRA/NAREIT Developed UCITS ETF,USD,CBOE,BCXE
ETF,Switzerland,EMUEEz,UBS Core MSCI EMU UCITS ETF hGBP dis,EUR,CBOE,BCXE
ETF,Switzerland,CBMMZz,Amundi Core MSCI Emerging Markets Swap UCITS ETF,CHF,CBOE,BCXE
ETF,Italy,CCUSAm,UBS ETF (IE) CMCI Composite SF UCITS ETF (hedged to CHF) A-acc,EUR,CBOE,BCXE
ETF,Switzerland,CANACz,UBS MSCI Canada UCITS ETF CAD dis,CAD,CBOE,BCXE
ETF,Switzerland,EUGBHz,UBS ETF (Lux) – MSCI EMU UCITS ETF (hedged to GBP) A-acc,GBP,CBOE,BCXE
ETF,Switzerland,JPGBDz,UBS ETF (LU) MSCI Japan hedged GBP UCITS ETF (GBP) A-dis,GBP,CBOE,BCXE
ETF,Switzerland,EUREz,SPDR FTSE EPRA Europe ex UK Real Estate UCITS ETF,EUR,CBOE,BCXE
ETF,Germany,WEBJd,Amundi Prime All Country World UCITS ETF,USD,CBOE,BCXE
ETF,Switzerland,EUREAz,UBS Core MSCI Europe UCITS ETF,EUR,CBOE,BCXE
ETF,Italy,ELOVDm,UBS Factor MSCI EMU Low Volatility UCITS ETF,EUR,CBOE,BCXE
ETF,Switzerland,ELTDz,UBS Factor MSCI EMU Quality Screened UCITS ETF EUR dis,EUR,CBOE,BCXE
ETF,Sweden,XACTUs,XACT Obligation UCITS ETF,SEK,CBOE,BCXE
ETF,Italy,JREUm,JPMorgan US Research Enhanced Index Equity Active UCITS ETF,EUR,CBOE,BCXE
ETF,Brazil,TURK39,iShares MSCI Turkey UCITS ETF,BRL,Bovespa,BVMF
ETF,Brazil,ACWX39,iShares MSCI ACWI UCITS ETF,BRL,Bovespa,BVMF
ETF,Canada,EQE,Invesco S&P Europe 350 Equal Weight UCITS ETF,CAD,NEO,NEOE
ETF,United States,SEURF,SPDR S&P 500 UCITS ETF (Acc),USD,OTC,PINX
ETF,United States,ISHWF,iShares MSCI World Quality Dividend Advanced UCITS ETF USD (Dist),USD,OTC,PINX
ETF,United States,DBXXF,Xtrackers STOXX Global Select Dividend 100 Swap UCITS ETF 1D,USD,OTC,PINX
ETF,United States,ISVUF,iShares Edge MSCI USA Value Factor UCITS ETF,USD,OTC,PINX
ETF,United States,VFAWF,Vanguard FTSE All-World UCITS ETF (USD) Accumulating,USD,OTC,PINX
ETF,United States,VNGDF,Vanguard S&P 500 UCITS ETF (USD) Distributing,USD,OTC,PINX
ETF,United States,IMWEF,iShares MSCI World Screened UCITS ETF USD (Acc),USD,OTC,PINX
ETF,United States,IRSLF,iShares Russell 1000 Value UCITS ETF,USD,OTC,PINX
ETF,United States,IHRMF,iShares MSCI Japan UCITS ETF USD (Dist),USD,OTC,PINX
ETF,United States,VFUUF,Vanguard FTSE North America UCITS ETF (USD) Accumulating,USD,OTC,PINX
ETF,United States,EMSQF,iShares STOXX USA Equity Multifactor UCITS ETF USD (Acc),USD,OTC,PINX
ETF,United States,QLYXF,Global X Nasdaq 100 Covered Call UCITS Fund,USD,OTC,PINX
ETF,United States,IIQPF,iShares Edge MSCI USA Momentum Factor UCITS ETF,USD,OTC,PINX
ETF,United States,CPTFF,Xtrackers S&P 500 Equal Weight UCITS ETF 1C,USD,OTC,PINX
ETF,United States,VGDTF,Vanguard FTSE Japan UCITS ETF (USD) Accumulating,USD,OTC,PINX
ETF,United States,VGFPF,Vanguard S&P 500 UCITS ETF (USD) Accumulating (VUAA),USD,OTC,PINX
ETF,United States,IMSIF,iShares Global Clean Energy Transition UCITS ETF,USD,OTC,PSGM
ETF,Australia,JREG,JPMorgan Global Research Enhanced Index Equity (ESG) UCITS ETF USD (Acc.),AUD,ASX,XASX
ETF,Australia,WYNC,iShares World Equity High Income Active UCITS ETF,AUD,ASX,XASX
ETF,Germany,H4ZL,HSBC FTSE EPRA NAREIT Developed UCITS ETF,EUR,XBER,XBER
ETF,Germany,EUN0,iShares Edge MSCI Europe Minimum Volatility UCITS ETF,EUR,XBER,XBER
ETF,Hungary,USSC,SPDR MSCI USA Small Cap Value Weighted UCITS ETF,HUF,BSE,XBUD
ETF,Hungary,ALAT,Amundi MSCI Emerging Markets Latin America UCITS ETF EUR (C),HUF,BSE,XBUD
ETF,Germany,AHYH,A Global Aggregate SRI 1-5 UCITS Hedged DR Fund,EUR,XDUS,XDUS
ETF,Germany,FTCS,Franklin S&P 500 Paris Aligned Climate UCITS ETF Accumulating,EUR,XDUS,XDUS
ETF,Germany,OTUS,Lloyd International Equity UCITS ETF - Acc,EUR,XDUS,XDUS
ETF,Germany,ACPH,AXA IM Global Inflation-Linked Bond Opportunities UCITS ETF USD Acc,EUR,XDUS,XDUS
ETF,Germany,GLAD,AB Global Research Advanced Equity Portfolio UCITS ETF,EUR,XDUS,XDUS
ETF,Germany,QDVR,iShares MSCI USA SRI UCITS ETF USD (Acc),EUR,XDUS,XDUS
ETF,Germany,FTGI,First Trust US Equity Income UCITS ETF Class B Acc,EUR,XDUS,XDUS
ETF,Germany,D5BH,Xtrackers MSCI Canada Screened UCITS ETF 1C,EUR,XDUS,XDUS
ETF,Germany,XIUS,Xtrackers MSCI USA Swap II UCITS ETF 1C,EUR,XDUS,XDUS
ETF,Germany,D6RH,Deka Nasdaq-100 UCITS ETF,EUR,XDUS,XDUS
ETF,Germany,EUAI,AI-Enhanced Eurozone Equities UCITS ETF,EUR,XDUS,XDUS
ETF,Germany,FTGQ,FT Nasdaq 100 Moderate Buffer UCITS ETF,EUR,XDUS,XDUS
ETF,Germany,FJUL,First Trust Vest U.S. Equity Buffer UCITS ETF – July,EUR,XDUS,XDUS
ETF,Germany,ETLR,L&G Japan Equity UCITS ETF,EUR,XDUS,XDUS
ETF,Germany,D6RU,Deka Europe Defense UCITS ETF,EUR,XDUS,XDUS
ETF,Germany,ETLS,L&G US Equity UCITS ETF,EUR,XDUS,XDUS
ETF,Germany,XNNV,Xtrackers MSCI Innovation UCITS ETF 1C,EUR,XDUS,XDUS
ETF,Germany,D6RQ,Deka MSCI USA Climate Change ESG UCITS ETF,EUR,XDUS,XDUS
ETF,Germany,CZX,Expat Czech PX UCITS ETF,EUR,XDUS,XDUS
ETF,Germany,TCBT,VanEck iBoxx EUR Corporates UCITS ETF,EUR,XDUS,XDUS
ETF,Germany,IBCG,iShares MSCI Japan EUR Hedged UCITS ETF (Acc),EUR,XDUS,XDUS
ETF,Germany,FTGD,First Trust SMID Rising Dividend Achievers UCITS ETF Class A Accumulation,EUR,XDUS,XDUS
ETF,Germany,F50A,Amundi Prime Global UCITS ETF Acc,EUR,XDUS,XDUS
ETF,Germany,V3DL,Vanguard ESG Developed Europe All Cap UCITS ETF (EUR) Distributing,EUR,XDUS,XDUS
ETF,Germany,XNDQ,Xtrackers Nasdaq 100 Swap UCITS ETF 1C,EUR,XDUS,XDUS
ETF,Germany,XMEA,Xtrackers MSCI EM EMEA ESG Swap UCITS ETF,EUR,XDUS,XDUS
ETF,Germany,ONSW,iShares € Overnight Rate Swap UCITS ETF (Acc),EUR,XDUS,XDUS
ETF,Germany,AEJE,AXA IM Euro Aggregate Bond Opportunities UCITS ETF EUR Dist,EUR,XDUS,XDUS
ETF,Germany,CTBA,Invesco S&P 500 CTB Net Zero Pathway ESG UCITS ETF Acc,EUR,XDUS,XDUS
ETF,Germany,CTUT,Amundi S&P 500 Climate Transition UCITS ETF Acc,EUR,XDUS,XDUS
ETF,Germany,PDWX,Pictet AI Enhanced World ex US Equity UCITS ETF,EUR,XDUS,XDUS
ETF,Germany,FTGG,First Trust Germany AlphaDEX UCITS ETF,EUR,XDUS,XDUS
ETF,Germany,ETLQ,L&G Global Equity UCITS ETF,EUR,XDUS,XDUS
ETF,Germany,SPFT,SPDR MSCI World Technology UCITS ETF,EUR,XDUS,XDUS
ETF,Germany,DBPK,Xtrackers S&P 500 2x Inverse Daily Swap UCITS ETF 1C,EUR,XDUS,XDUS
ETF,Germany,WAXG,WisdomTree Enhanced Commodity ex-Agriculture UCITS ETF - USD Acc,EUR,XDUS,XDUS
ETF,Germany,AFDE,AXA IM Global Inflation-Linked Bond Opportunities UCITS ETF EUR Hedged Distributing,EUR,XDUS,XDUS
ETF,Germany,AFDT,AXA IM Global Inflation-Linked Bond Opportunities UCITS ETF USD Dist,EUR,XDUS,XDUS
ETF,Germany,0EMU,Ossiam MSCI EMU NR UCITS ETF 1C (EUR),EUR,XDUS,XDUS
ETF,Germany,V3AL,Vanguard ESG Global All Cap UCITS ETF (USD) Distributing,EUR,XDUS,XDUS
ETF,Germany,EXUS,Xtrackers MSCI World ex USA UCITS ETF 1C,EUR,XDUS,XDUS
ETF,Germany,X500,Xtrackers S&P 500 Swap II UCITS ETF,EUR,XDUS,XDUS
ETF,Germany,XRME,Xtrackers MSCI USA Screened UCITS ETF 2C EUR Hedged,EUR,XDUS,XDUS
ETF,Germany,SEAC,UBS MSCI World Socially Responsible UCITS ETF USD dis,EUR,XDUS,XDUS
ETF,Germany,FRC2,UBS MSCI United Kingdom UCITS ETF GBP acc,EUR,XDUS,XDUS
ETF,Germany,1J70,iShares S&P U.S. Banks UCITS ETF USD (Dist),EUR,XDUS,XDUS
ETF,Germany,2B7R,iShares FTSE 250 UCITS ETF GBP (Dist),EUR,XDUS,XDUS
ETF,Germany,EHDL,Invesco FTSE Emerging Markets High Dividend Low Volatility UCITS ETF,EUR,XDUS,XDUS
ETF,Germany,FGZD,UBS BBG Japan Gov 1-3 UCITS ETF hEUR acc,EUR,XDUS,XDUS
ETF,Germany,2B7U,iShares UK Property UCITS ETF,EUR,XDUS,XDUS
ETF,Germany,2B7V,iShares FTSE MIB UCITS ETF EUR (Dist),EUR,XDUS,XDUS
ETF,Germany,WELG,Amundi S&P Global Health Care ESG UCITS ETF DR EUR (D),EUR,XDUS,XDUS
ETF,Germany,SNP1,L&G S&P 100 UCITS ETF,EUR,XDUS,XDUS
ETF,Germany,WELE,Amundi S&P 500 Equal Weight ESG UCITS ETF Acc - EUR Hedged,EUR,XDUS,XDUS
ETF,Germany,WELA,Amundi MSCI ACWI SRI Climate Paris Aligned UCITS ETF DR - USD,EUR,XDUS,XDUS
ETF,Germany,XYLE,X ESG USD Corporate SD UCITS ETF,EUR,XDUS,XDUS
ETF,Germany,EEAH,BNP Paribas Easy MSCI World UCITS ETF EUR Acc,EUR,XDUS,XDUS
ETF,Germany,YCSH,iShares € Cash UCITS ETF EUR (Acc),EUR,XDUS,XDUS
ETF,Germany,GN0M,Global X Genomics & Biotechnology UCITS ETF,EUR,XDUS,XDUS
ETF,Germany,H4Z3,HSBC MSCI Emerging Markets UCITS ETF USD (Acc),EUR,XDUS,XDUS
ETF,Germany,18MI,Amundi PEA S&P 500 ESG UCITS ETF Acc,EUR,XDUS,XDUS
ETF,Germany,2B7I,iShares Core FTSE 100 UCITS ETF USD Hedged (Acc),EUR,XDUS,XDUS
ETF,Germany,SML0,Invesco Consumer Discretionary S&P US Select Sector UCITS ETF,EUR,XDUS,XDUS
ETF,Germany,XZWD,Xtrackers MSCI World ESG UCITS ETF,EUR,XDUS,XDUS
ETF,Germany,SML8,Invesco Consumer Staples S&P US Select Sector UCITS ETF,EUR,XDUS,XDUS
ETF,Germany,SML9,Invesco Energy S&P US Select Sector UCITS ETF,EUR,XDUS,XDUS
ETF,Germany,SK9A,Expat Slovakia SAX UCITS ETF,EUR,XDUS,XDUS
ETF,Germany,H4ZD,HSBC MSCI USA Quality UCITS ETF,EUR,XDUS,XDUS
ETF,Germany,XZSW,Xtrackers MSCI World Small Cap ESG UCITS ETF 1C,EUR,XDUS,XDUS
ETF,Germany,SHTE,Ossiam Shiller Barclays CAPE US Sector Tilted TR UCITS ETF,EUR,XDUS,XDUS
ETF,Germany,H4ZR,HSBC MSCI Canada UCITS ETF USD,EUR,XDUS,XDUS
ETF,Germany,18MH,Amundi PEA MSCI Emerging Markets ESG Leaders UCITS ETF Acc,EUR,XDUS,XDUS
ETF,Germany,2B72,iShares MSCI Europe Mid Cap UCITS ETF EUR (Acc),EUR,XDUS,XDUS
ETF,Germany,XZME,Xtrackers MSCI USA ESG UCITS ETF 2C EUR Hedged,EUR,XDUS,XDUS
ETF,Germany,ELF0,Deka DAX ex Financials 30 UCITS ETF,EUR,XDUS,XDUS
ETF,Germany,2B7A,iShares S&P 500 Utilities Sector UCITS ETF USD (Acc),EUR,XDUS,XDUS
ETF,Germany,XZEC,Xtrackers Stoxx Europe 600 Market Leaders UCITS ETF 1C,EUR,XDUS,XDUS
ETF,Germany,2B7E,iShares Core MSCI World UCITS ETF GBP Hedged (Dist),EUR,XDUS,XDUS
ETF,Germany,SMLA,Invesco Communications S&P US Select Sector UCITS ETF A,EUR,XDUS,XDUS
ETF,Germany,H4ZU,HSBC MSCI Taiwan Capped UCITS ETF,EUR,XDUS,XDUS
ETF,Germany,XWEU,Xtrackers MSCI World UCITS ETF 2C EUR Hedged,EUR,XDUS,XDUS
ETF,Germany,EEAF,BNP Paribas Easy MSCI World II UCITS ETF EUR Capitalisation,EUR,XDUS,XDUS
ETF,Germany,36B8,iShares MSCI Europe ex-UK GBP Hedged UCITS ETF (Dist),EUR,XDUS,XDUS
ETF,Germany,XS7R,Xtrackers MSCI Europe Financials ESG Screened UCITS ETF 1C,EUR,XDUS,XDUS
ETF,Germany,V9N,Global X Data Center REITs & Digital Infrastructure UCITS ETF USD Accumulating,EUR,XDUS,XDUS
ETF,Germany,6TVM,Amundi S&P 500 II UCITS ETF USD Dist,EUR,XDUS,XDUS
ETF,Germany,79U0,Amundi Core S&P 500 Swap UCITS ETF EUR Hedged Acc,EUR,XDUS,XDUS
ETF,Germany,7JC0,iShares China Large Cap UCITS ETF,EUR,XDUS,XDUS
ETF,Germany,7RIP,The Travel UCITS ETF,EUR,XDUS,XDUS
ETF,Germany,FJPR,Fidelity Japan Equity Research Enhanced UCITS ETF ACC-JPY,EUR,XDUS,XDUS
ETF,Germany,RARE,WisdomTree Strategic Metals and Rare Earths Miners UCITS ETF USD Unhedged Acc,EUR,XDUS,XDUS
ETF,Germany,R4RU,Global X Renewable Energy Producers UCITS ETF,EUR,XDUS,XDUS
ETF,Germany,H41V,HSBC NASDAQ Global Climate Tech UCITS ETF USD (Acc),EUR,XDUS,XDUS
ETF,Germany,8Q70,Amundi MSCI World Information Technology UCITS ETF USD Acc,EUR,XDUS,XDUS
ETF,Germany,94VE,Global X U.S. Infrastructure Development UCITS ETF USD Accumulating,EUR,XDUS,XDUS
ETF,Germany,HQ40,HSBC USA Screened Equity UCITS ETF USD,EUR,XDUS,XDUS
ETF,Germany,DZUS,DZ BANK S&P 500 UCITS ETF,EUR,XDUS,XDUS
ETF,Germany,HUBE,Expat Hungary BUX UCITS ETF,EUR,XDUS,XDUS
ETF,Germany,QQCC,Boreas Solactive Quantum Computing UCITS ETF,EUR,XDUS,XDUS
ETF,Germany,6II0,iShares Global Water UCITS ETF USD (Acc),EUR,XDUS,XDUS
ETF,Germany,5J50,iShares Global Aerospace & Defence UCITS ETF,EUR,XDUS,XDUS
ETF,Germany,36BZ,iShares MSCI China A UCITS ETF,EUR,XDUS,XDUS
ETF,Germany,EEAD,BNP Paribas Easy MSCI Emerging ex China UCITS ETF,EUR,XDUS,XDUS
ETF,Germany,3DUE,Robeco 3D US Equity UCITS ETF EUR (Hedged) Acc,EUR,XDUS,XDUS
ETF,Germany,SADH,Amundi MSCI USA ESG Selection UCITS ETF EUR Hedged Acc,EUR,XDUS,XDUS
ETF,Germany,S7XE,Invesco STOXX Europe 600 Optimised Banks UCITS ETF,EUR,XDUS,XDUS
ETF,Germany,HEUR,HSBC Euro Liquidity Fund UCITS ETF,EUR,XDUS,XDUS
ETF,Germany,WINA,iShares World Equity High Income UCITS ETF,EUR,XDUS,XDUS
ETF,Germany,WMMS,Amundi MSCI World IMI Value Advanced UCITS ETF Acc,EUR,XDUS,XDUS
ETF,Germany,5PAH,Global X S&P 500 Annual Tail Hedge UCITS ETF USD Accumulating,EUR,XDUS,XDUS
ETF,Germany,S6DV,iShares Edge MSCI World Minimum Volatility UCITS ETF,EUR,XDUS,XDUS
ETF,Germany,EDEY,BNP Paribas Easy MSCI Japan UCITS ETF,EUR,XDUS,XDUS
ETF,Germany,4COP,Global X Copper Miners UCITS ETF USD Acc,EUR,XDUS,XDUS
ETF,Germany,EDET,BNP Paribas Easy EUR Overnight UCITS ETF,EUR,XDUS,XDUS
ETF,Germany,H41Z,HSBC PLUS USA Equity Quant Active UCITS ETF USD Acc,EUR,XDUS,XDUS
ETF,Germany,EDEK,BNP Paribas Easy Alpha Enhanced World UCITS ETF EUR Acc,EUR,XDUS,XDUS
ETF,Germany,EDED,BNP Paribas Easy S&P 500 II UCITS ETF USD (Dist),EUR,XDUS,XDUS
ETF,Germany,EDE2,BNP Paribas Easy MSCI Emerging ex China UCITS ETF EUR C,EUR,XDUS,XDUS
ETF,Germany,FINZ,Finanzen.net MSCI World UCITS ETF Acc,EUR,XDUS,XDUS
ETF,Germany,ESIS,iShares MSCI Europe Consumer Staples Sector UCITS ETF EUR (Acc),EUR,XDUS,XDUS
ETF,Germany,5HEE,Ossiam ESG Low Carbon Shiller Barclays US Sector Rotation UCITS ETF,EUR,XDUS,XDUS
ETF,Germany,ESIT,iShares MSCI Europe Information Technology Sector UCITS ETF EUR (Acc),EUR,XDUS,XDUS
ETF,Germany,18M9,Amundi PEA S&P 500 Screened UCITS ETF - Acc,EUR,XDUS,XDUS
ETF,Germany,NK4T,Amundi PEA Emergent EMEA (MSCI Emerging EMEA) ESG Transition UCITS ETF Acc,EUR,XDUS,XDUS
ETF,Germany,OBGE,ODDO BHF Global Equity Active UCITS ETF,EUR,XDUS,XDUS
ETF,Germany,FWIA,Invesco FTSE All-World UCITS ETF Acc,EUR,XDUS,XDUS
ETF,Germany,VERE,Vanguard FTSE Developed Europe UCITS ETF (EUR) Accumulating,EUR,XDUS,XDUS
ETF,Germany,LNXB,Investlinx Balanced Income UCITS ETF,EUR,XDUS,XDUS
ETF,Germany,JJEH,JPMorgan Japan Research Enhanced Index Equity (ESG) UCITS ETF EUR Hedged (acc),EUR,XDUS,XDUS
ETF,Germany,SPYU,SPDR MSCI Europe Utilities UCITS ETF,EUR,XDUS,XDUS
ETF,Germany,ASRC,BNP Paribas Easy JPM ESG EMBI Global Diversified Composite UCITS ETF,EUR,XDUS,XDUS
ETF,Germany,JJEJ,JPM Japan Research Enhanced Index Equity Active UCITS ETF JPY (acc),EUR,XDUS,XDUS
ETF,Germany,BPDE,Nordea BetaPlus Enhanced Global Developed Sustainable Equity UCITS ETF,EUR,XDUS,XDUS
ETF,Germany,WGDP,Amundi FTSE All World GDP-Weighted UCITS ETF,EUR,XDUS,XDUS
ETF,Germany,UEEA,iShares MSCI World SRI UCITS ETF EUR Hedged (Dist),EUR,XDUS,XDUS
ETF,Germany,ASRY,BNP Paribas Easy MSCI World Min TE UCITS ETF EUR Acc,EUR,XDUS,XDUS
ETF,Germany,ASWG,HANetf Future of Defence Screened UCITS ETF (Acc),EUR,XDUS,XDUS
ETF,Germany,BJL8,BNP Paribas Easy Bloomberg Europe Defense UCITS ETF,EUR,XDUS,XDUS
ETF,Germany,BPGE,Nordea BetaPlus Enhanced Global Sustainable Equity UCITS ETF,EUR,XDUS,XDUS
ETF,Germany,FWD,AB SICAV I – Global Disruptors Portfolio UCITS ETF,EUR,XDUS,XDUS
ETF,Germany,C101,Amundi Funds – USD Fed Funds UCITS ETF,EUR,XDUS,XDUS
ETF,Germany,LYQ4,Amundi ETF EURO STOXX 50 UCITS ETF DR DAILY HEDGED USD,EUR,XDUS,XDUS
ETF,Germany,JGBL,Janus Henderson Global Research-Engineered Equity Active Core UCITS ETF USD (Acc),EUR,XDUS,XDUS
ETF,Germany,10A4,Amundi Nasdaq-100 Swap UCITS ETF USD Acc,EUR,XDUS,XDUS
ETF,Germany,10A3,Amundi MSCI India Swap II UCITS ETF Acc - USD,EUR,XDUS,XDUS
ETF,Germany,BUGG,Swisscanto (IE) ESGen SDG Index Equity World UCITS ETF ET CHF,EUR,XDUS,XDUS
ETF,Germany,BUGF,Swisscanto (IE) ESGen SDG Index Equity EMU UCITS ETF ET EUR,EUR,XDUS,XDUS
ETF,Germany,BUGE,Swisscanto (IE) ESGen SDG Index Equity USA UCITS ETF ET USD,EUR,XDUS,XDUS
ETF,Germany,FUSR,Fidelity Sustainable Research Enhanced US Equity UCITS ETF Acc,EUR,XDUS,XDUS
ETF,Germany,LUTI,Amundi STOXX Europe 600 Utilities UCITS ETF Dist,EUR,XDUS,XDUS
ETF,Germany,ESAK,BNP Paribas Easy Alpha Enhanced World UCITS ETF,EUR,XDUS,XDUS
ETF,Germany,XDWF,Xtrackers MSCI World Financials UCITS ETF 1C,EUR,XDUS,XDUS
ETF,Germany,UEQE,UBS MSCI USA Select Factor Mix UCITS ETF USD dis,EUR,XDUS,XDUS
ETF,Germany,JGLP,JPM Global Equity Multi-Factor UCITS ETF - USD (dist),EUR,XDUS,XDUS
ETF,Germany,GQUD,Goldman Sachs Alpha Enhanced World Equity Active UCITS ETF,EUR,XDUS,XDUS
ETF,Germany,JGSE,JPMorgan Global Sustainable Responsible Investment UCITS ETF,EUR,XDUS,XDUS
ETF,Germany,BJL7,BNP Paribas Easy FTSE EPRA Nareit Developed Europe Green CTB UCITS ETF Acc,EUR,XDUS,XDUS
ETF,Germany,LC33,Amdi Lifecycle 2033 UCITS,EUR,XDUS,XDUS
ETF,Germany,JP4H,Amundi JPX-Nikkei 400 UCITS ETF,EUR,XDUS,XDUS
ETF,Germany,BCFB,UBS ETF MSCI Pacific ex Japan IMI Socially Responsible UCITS ETF,EUR,XDUS,XDUS
ETF,Germany,JURY,Jury Global High Dividend UCITS ETF USD Accumulating,EUR,XDUS,XDUS
ETF,Germany,EUNY,iShares Emerging Markets Dividend UCITS ETF,EUR,XDUS,XDUS
ETF,Germany,XEMU,Xtrackers MSCI EMU UCITS ETF 1C,EUR,XDUS,XDUS
ETF,Germany,BATE,L&G Battery Value-Chain UCITS ETF,EUR,XDUS,XDUS
ETF,Germany,B8TL,Amundi Smart Overnight Return UCITS ETF USD Hedged Acc,EUR,XDUS,XDUS
ETF,Germany,B8TI,Amundi Core MSCI EMU UCITS ETF Acc,EUR,XDUS,XDUS
ETF,Germany,AWST,AXA MSCI World PAB UCITS USD Distributing,EUR,XDUS,XDUS
ETF,Germany,UBUT,UBS Factor MSCI USA Quality Screened UCITS ETF USD dis,EUR,XDUS,XDUS
ETF,Germany,B500,Amundi S&P 500 Buyback UCITS ETF,EUR,XDUS,XDUS
ETF,Germany,B2H0,iShares MSCI World Swap UCITS ETF USD (Acc),EUR,XDUS,XDUS
ETF,Germany,AYE4,iShares MSCI EMU SRI UCITS ETF EUR (Acc),EUR,XDUS,XDUS
ETF,Germany,AYEI,iShares Core MSCI Japan IMI UCITS ETF EUR Hedged (Acc),EUR,XDUS,XDUS
ETF,Germany,AYES,iShares MSCI World SRI UCITS ETF GBP Hedged (Dist),EUR,XDUS,XDUS
ETF,Germany,AYEU,iShares Smart City Infrastructure UCITS ETF USD (Acc),EUR,XDUS,XDUS
ETF,Germany,JRIN,JPM India Research Enhanced Index Equity Active UCITS ETF,EUR,XDUS,XDUS
ETF,Germany,BCFH,UBS ETF MSCI USA ESG Universal UCITS ETF (EUR) Acc,EUR,XDUS,XDUS
ETF,Germany,GRX,Expat Greece ASE UCITS ETF,EUR,XDUS,XDUS
ETF,Germany,KBOT,KraneShares Global Humanoid and Embodied Intelligence UCITS ETF (Acc),EUR,XDUS,XDUS
ETF,Germany,LC30,Amundi LC 2030 UCITS ETF Acc,EUR,XDUS,XDUS
ETF,Germany,XG12,Xtrackers MSCI Global Circular Economy UCITS ETF 1C,EUR,XDUS,XDUS
ETF,Germany,SS41,SPDR MSCI World Consumer Discretionary UCITS ETF,EUR,XDUS,XDUS
ETF,Germany,JPAE,JPMorgan All Country REI Equity Paris Aligned Active UCITS ETF - USD (acc),EUR,XDUS,XDUS
ETF,Germany,L8IP,Amundi PEA S&P 500 UCITS ETF Acc,EUR,XDUS,XDUS
ETF,Germany,L8IN,Amundi PEA Nasdaq-100 UCITS ETF Acc,EUR,XDUS,XDUS
ETF,Germany,L8IM,Amundi PEA Inde (MSCI India) UCITS ETF Acc,EUR,XDUS,XDUS
ETF,Germany,FLXE,Franklin EM Multi-Factor Equity UCITS ETF,EUR,XDUS,XDUS
ETF,Germany,EQQD,Invesco NASDAQ-100 Swap UCITS ETF Dist,EUR,XDUS,XDUS
ETF,Germany,BCFW,UBS Nuclear Economies UCITS ETF USD acc,EUR,XDUS,XDUS
ETF,Germany,EWSD,Invesco EURO STOXX 50 UCITS ETF Dist,EUR,XDUS,XDUS
ETF,Germany,KU70,HSBC MSCI USA Climate Paris Aligned UCITS ETF USD,EUR,XDUS,XDUS
ETF,Germany,XEMD,Xtrackers MSCI Emerging Markets UCITS ETF 1D,EUR,XDUS,XDUS
ETF,Germany,U5MD,iShares US Medical Devices UCITS ETF USD (Acc),EUR,XDUS,XDUS
ETF,Germany,BCFN,UBS Ireland Nasdaq 100 UCITS ETF,EUR,XDUS,XDUS
ETF,Germany,G1CD,Invesco Global Clean Energy UCITS ETF Dist,EUR,XDUS,XDUS
ETF,Germany,AW16,UBS MSCI USA Climate Paris Aligned UCITS ETF USD Acc,EUR,XDUS,XDUS
ETF,Germany,BCFL,UBS MSCI India Universal UCITS ETF USD dis,EUR,XDUS,XDUS
ETF,Germany,AW1C,UBS S&P 500 ESG Elite UCITS ETF USD Acc,EUR,XDUS,XDUS
ETF,Germany,G2X,VanEck Gold Miners UCITS ETF,EUR,XDUS,XDUS
ETF,Germany,K0MR,L&G Gerd Kommer Multifactor Equity UCITS ETF USD Distributing,EUR,XDUS,XDUS
ETF,Germany,LYY1,Amundi PEA S&P 500 UCITS ETF EUR Hedged Acc,EUR,XDUS,XDUS
ETF,Germany,BUNH,Amundi Nasdaq-100 II UCITS ETF Acc,EUR,XDUS,XDUS
ETF,Germany,JEQE,JPMorgan Nasdaq Equity Premium Income Active UCITS ETF USD (Dist),EUR,XDUS,XDUS
ETF,Germany,CHSX,UBS USD Total Return Yield Plus UCITS ETF,EUR,XDUS,XDUS
ETF,Germany,CHSW,UBS ETF (LU) MSCI Switzerland 20/35 Hedged to EUR UCITS ETF,EUR,XDUS,XDUS
ETF,Germany,IQGA,Invesco Global Energy Equity Ucits ETF Accum,EUR,XDUS,XDUS
ETF,Germany,CHSM,UBS Core Bloomberg US Liquid Corporates UCITS ETF (EUR Hedged) Accumulating,EUR,XDUS,XDUS
ETF,Germany,IQQ3,iShares STOXX USA Select Dividend 100 UCITS ETF,EUR,XDUS,XDUS
ETF,Germany,US4E,SPDR S&P 400 U.S. Mid Cap EUR Hedged UCITS ETF,EUR,XDUS,XDUS
ETF,Germany,US4D,SPDR S&P 400 U.S. Mid Cap UCITS ETF (Dist.),EUR,XDUS,XDUS
ETF,Germany,IS0C,iShares Agribusiness UCITS ETF USD (Acc),EUR,XDUS,XDUS
ETF,Germany,IS0H,iShares Edge MSCI Europe Min Volatility UCITS ETF,EUR,XDUS,XDUS
ETF,Germany,CHSF,UBS Core BBG EUR Gov 1-10 UCITS ETF EUR dis,EUR,XDUS,XDUS
ETF,Germany,EUFG,iShares Europe Foreign Focus UCITS ETF,EUR,XDUS,XDUS
ETF,Germany,UQM1,UniActive Q Equities Emerging Markets Enhanced UCITS ETF EUR (Acc),EUR,XDUS,XDUS
ETF,Germany,CEUE,Amundi MSCI Europe ESG Broad Transition UCITS ETF - EUR (D),EUR,XDUS,XDUS
ETF,Germany,OB4A,ODDO BHF Global Balanced Allocation Active UCITS ETF,EUR,XDUS,XDUS
ETF,Germany,AIPT,AXA Investment Managers USD IG PAB UCITS Accumulation,EUR,XDUS,XDUS
ETF,Germany,CMMF,Amundi EUR Cash Active UCITS ETF Acc,EUR,XDUS,XDUS
ETF,Germany,AIQT,AXA IM MSCI Emerging Markets Equity PAB UCITS ETF USD Acc,EUR,XDUS,XDUS
ETF,Germany,EXCN,Franklin FTSE Emerging Markets ex China UCITS ETF,EUR,XDUS,XDUS
ETF,Germany,INDB,Amundi STOXX Europe 600 Telecommunications UCITS ETF Acc,EUR,XDUS,XDUS
ETF,Germany,EXAG,WisdomTree Enhanced Commodity UCITS ETF - EUR Hedged Acc,EUR,XDUS,XDUS
ETF,Germany,NK4W,Amundi PEA Asie Pacifique (MSCI AC Asia Pacific Ex Japan) UCITS ETF Acc,EUR,XDUS,XDUS
ETF,Germany,NK4S,Amundi MSCI World Swap II UCITS ETF USD Hedged Dist,EUR,XDUS,XDUS
ETF,Germany,USOA,Xtrackers MSCI USA Swap II UCITS ETF 1D,EUR,XDUS,XDUS
ETF,Germany,USME,Franklin US Mega Cap 100 UCITS ETF EUR Hedged (Acc),EUR,XDUS,XDUS
ETF,Germany,AK8D,Amundi MSCI World Swap UCITS ETF EUR Dist,EUR,XDUS,XDUS
ETF,Germany,N1EU,Invesco Nasdaq-100 ESG UCITS ETF EUR Acc,EUR,XDUS,XDUS
ETF,Germany,IS4S,iShares Digital Security UCITS ETF USD (Acc),EUR,XDUS,XDUS
ETF,Germany,IS38,iShares Edge MSCI USA Quality Factor UCITS ETF USD (Dist),EUR,XDUS,XDUS
ETF,Germany,CEMV,iShares Core S&P 500 UCITS ETF EUR Hedged (Acc),EUR,XDUS,XDUS
ETF,Germany,MDUC,Amundi S&P 400 US Mid Cap UCITS ETF Acc,EUR,XDUS,XDUS
ETF,Germany,XBEE,Xtrackers MSCI Europe Biodiversity Focus ESG UCITS ETF 1C,EUR,XDUS,XDUS
ETF,Germany,XDED,Xtrackers S&P 500 Equal Weight UCITS ETF 2D,EUR,XDUS,XDUS
ETF,Germany,CCNC,Onemarkets MSCI World Universal UCITS ETF,EUR,XDUS,XDUS
ETF,Germany,CBUW,iShares Listed Private Equity UCITS ETF USD (Acc),EUR,XDUS,XDUS
ETF,Germany,CBUV,iShares Metaverse UCITS ETF USD (Acc),EUR,XDUS,XDUS
ETF,Germany,CBUR,iShares MSCI World Health Care Sector Advanced UCITS ETF USD (Distributing),EUR,XDUS,XDUS
ETF,Germany,GDEU,Goldman Sachs Alpha Enhanced Europe Equity Active UCITS ETF,EUR,XDUS,XDUS
ETF,Germany,AMEC,Amundi MSCI Smart Cities UCITS ETF - Acc,EUR,XDUS,XDUS
ETF,Germany,CBUF,iShares MSCI World UCITS ETF,EUR,XDUS,XDUS
ETF,Germany,10AJ,Amundi FTSE EPRA NAREIT Global UCITS ETF Acc,EUR,XDUS,XDUS
ETF,Germany,CBUB,iShares MSCI EMU Paris-Aligned Climate UCITS ETF EUR (Acc),EUR,XDUS,XDUS
ETF,Germany,UK1T,Saba Capital Investment Trusts UCITS ETF,EUR,XDUS,XDUS
ETF,Germany,JEEP,JPMorgan Europe Equity Premium Income Active UCITS ETF EUR (dist),EUR,XDUS,XDUS
ETF,Germany,XD9D,Xtrackers MSCI USA UCITS ETF 1D,EUR,XDUS,XDUS
ETF,Germany,CD1,comdirect S&P All World State Street UCITS ETF (Acc),EUR,XDUS,XDUS
ETF,Germany,GDJY,Goldman Sachs Alpha Enhanced Japan Equity Active UCITS ETF JPY (Acc),EUR,XDUS,XDUS
ETF,Germany,XBHR,L&G Contingent Convertible Ex-Bank UCITS ETF,EUR,XDUS,XDUS
ETF,Germany,CEMI,iShares MSCI USA SRI UCITS ETF,EUR,XDUS,XDUS
ETF,Germany,XD5D,Xtrackers MSCI EMU UCITS ETF 1C USD Hedged,EUR,XDUS,XDUS
ETF,Germany,H41C,HSBC Developed World Screened Equity UCITS ETF USD,EUR,XDUS,XDUS
ETF,Germany,GQDW,Goldman Sachs Alpha Enhanced World Equity Active UCITS ETF Class USD (Acc),EUR,XDUS,XDUS
ETF,Germany,CEMA,iShares MSCI World Swap UCITS ETF EUR Hedged (Acc),EUR,XDUS,XDUS
ETF,Germany,UBUR,UBS (Irl) ETF plc – MSCI USA Select Factor Mix UCITS ETF (hedged to EUR) A Accumulating,EUR,FSX,XFRA
ETF,Germany,TEL,Lyxor STOXX Europe 600 Telecommunications UCITS ETF,EUR,FSX,XFRA
ETF,Germany,IS3R,iShares Edge MSCI World Momentum Factor UCITS ETF USD (Acc),EUR,FSX,XFRA
ETF,Germany,IBCK,iShares Edge S&P 500 Minimum Volatility UCITS ETF USD (Acc),EUR,FSX,XFRA
ETF,Germany,EMEC,BNP Paribas Easy ECPI Circular Economy Leaders UCITS ETF,EUR,FSX,XFRA
ETF,Germany,H4ZC,HSBC MSCI JAPAN UCITS ETF,EUR,FSX,XFRA
ETF,Germany,NQSE,iShares Nasdaq 100 UCITS ETF EUR Hedged Acc,EUR,FSX,XFRA
ETF,Germany,DXS3,Xtrackers S&P 500 Inverse Daily Swap UCITS ETF 1C,EUR,FSX,XFRA
ETF,Germany,QDVA,iShares Edge MSCI USA Momentum Factor UCITS ETF USD,EUR,FSX,XFRA
ETF,Germany,SELD,Lyxor Index Fund- Lyxor STOXX Europe Select Dividend 30 UCITS ETF,EUR,FSX,XFRA
ETF,Germany,XDEM,Xtrackers MSCI World Momentum UCITS ETF 1C,EUR,FSX,XFRA
ETF,Germany,DBXE,Xtrackers Euro Stoxx 50 UCITS ETF 1D,EUR,FSX,XFRA
ETF,Germany,MVEE,iShares Edge MSCI Europe Minimum Volatility Advanced UCITS ETF,EUR,FSX,XFRA
ETF,Germany,2B76,iShares Automation & Robotics UCITS ETF,EUR,FSX,XFRA
ETF,Germany,NBJ,Ishares III Plc - Blackrock ESG Multi-Asset Growth Portfolio Ucits ETF,EUR,FSX,XFRA
ETF,Germany,XAAG,Invesco Bloomberg Commodity ex-Agriculture UCITS ETF Acc,EUR,XHAM,XHAM
ETF,Germany,XCSI,Xtrackers CSI500 Swap UCITS ETF 1C,EUR,XHAM,XHAM
ETF,Germany,XDEX,Xtrackers MSCI Emerging Markets ESG Screened UCITS ETF 1C,EUR,XHAM,XHAM
ETF,Germany,XDG6,Xtrackers MSCI Global Clean Water & Sanitation UCITS ETF 1C,EUR,XHAM,XHAM
ETF,Germany,XDG7,Xtrackers MSCI Global SDG 7 Affordable and Clean Energy UCITS ETF 1C,EUR,XHAM,XHAM
ETF,Germany,XDGM,Xtrackers MDAX ESG Screened UCITS ETF 1D,EUR,XHAM,XHAM
ETF,Germany,UIME,UBS MSCI EMU Value UCITS ETF  I,EUR,XHAM,XHAM
ETF,Germany,XDPD,Xtrackers S&P 500 UCITS ETF 1D EUR Hedged,EUR,XHAM,XHAM
ETF,Germany,UFMB,UBS MSCI United Kingdom UCITS ETF hEUR acc,EUR,XHAM,XHAM
ETF,Germany,XDUE,Xtrackers MSCI EMU UCITS ETF 3C CHF hedged,EUR,XHAM,XHAM
ETF,Germany,UEEH,iShares Edge MSCI World Minimum Volatility UCITS ETF USD (Dist),EUR,XHAM,XHAM
ETF,Germany,XGEN,Xtrackers MSCI Genomic Healthcare Innovation UCITS ETF 1C,EUR,XHAM,XHAM
ETF,Germany,U3O8,Sprott Uranium Miners UCITS ETF Acc,EUR,XHAM,XHAM
ETF,Germany,U8NJ,Sprott Junior Uranium Miners UCITS ETF USD Accumulating,EUR,XHAM,XHAM
ETF,Germany,UBF6,UBS CMCI Commodity Carry ex-Agriculture SF UCITS ETF hEUR acc,EUR,XHAM,XHAM
ETF,Germany,XDWD,Xtrackers MSCI World UCITS ETF 1C,EUR,XHAM,XHAM
ETF,Germany,XZWD,Xtrackers MSCI World ESG UCITS ETF 1D,EUR,XHAM,XHAM
ETF,Germany,XZDW,Xtrackers MSCI World High Dividend Yield ESG UCITS ETF 1D,EUR,XHAM,XHAM
ETF,Germany,XZDE,Xtrackers MSCI Europe High Dividend Yield ESG UCITS ETF 1D,EUR,XHAM,XHAM
ETF,Germany,XY7D,Global X S&P 500 Covered Call UCITS ETF D,EUR,XHAM,XHAM
ETF,Germany,XWEV,Xtrackers MSCI World Value ESG UCITS ETF 1C,EUR,XHAM,XHAM
ETF,Germany,XWEU,Xtrackers MSCI World UCITS ETF 2C - EUR Hedged,EUR,XHAM,XHAM
ETF,Germany,USIQ,AI-Enhanced US Equities UCITS ETF - Class USD (Dist),EUR,XHAM,XHAM
ETF,Germany,XUIN,Xtrackers MSCI USA Industrials UCITS ETF 1D,EUR,XHAM,XHAM
ETF,Germany,XUCM,Xtrackers MSCI USA Communication Services UCITS ETF 1D,EUR,XHAM,XHAM
ETF,Germany,XSXD,Xtrackers S&P 500 Swap UCITS ETF 1D,EUR,XHAM,XHAM
ETF,Germany,XS7W,Xtrackers Portfolio Income UCITS ETF 1D,EUR,XHAM,XHAM
ETF,Germany,V80D,Vanguard LifeStrategy 80% Equity UCITS ETF Distributing,EUR,XHAM,XHAM
ETF,Germany,XNKY,Xtrackers Nikkei 225 UCITS ETF 1C,EUR,XHAM,XHAM
ETF,Germany,XMOV,Xtrackers Future Mobility UCITS ETF 1C,EUR,XHAM,XHAM
ETF,Germany,V3AA,Vanguard ESG Global All Cap UCITS ETF (USD) Accumulating,EUR,XHAM,XHAM
ETF,Germany,UBU3,UBS (Irl) ETF plc – MSCI USA UCITS ETF,EUR,XHAM,XHAM
ETF,Germany,XEMC,Xtrackers MSCI Emerging Markets Climate Transition UCITS ETF 1C,EUR,XHAM,XHAM
ETF,Germany,ZPRX,SPDR MSCI Europe Small Cap Value Weighted UCITS ETF,EUR,XHAM,XHAM
ETF,Germany,AHYI,Amundi PEA Dow Jones Industrial Average UCITS ETF Dist,EUR,XHAM,XHAM
ETF,Germany,H4Z7,HSBC FTSE EPRA NAREIT Developed UCITS ETF USD (Acc),EUR,XHAM,XHAM
ETF,Germany,H4Z9,HSBC MSCI Korea Capped UCITS ETF USD,EUR,XHAM,XHAM
ETF,Germany,H4ZB,HSBC FTSE 100 UCITS ETF,EUR,XHAM,XHAM
ETF,Germany,H4ZC,HSBC MSCI Japan UCITS ETF,EUR,XHAM,XHAM
ETF,Germany,H4ZF,HSBC S&P 500 UCITS ETF USD,EUR,XHAM,XHAM
ETF,Germany,AMEE,Amundi Global Hydrogen UCITS ETF Acc,EUR,XHAM,XHAM
ETF,Germany,H4ZX,HSBC Hang Seng Tech UCITS ETF,EUR,XHAM,XHAM
ETF,Germany,AIME,AXA IM MSCI Europe Equity PAB UCITS ETF Accumulation EUR,EUR,XHAM,XHAM
ETF,Germany,HJAP,HSBC MSCI Japan Climate Paris Aligned UCITS ETF,EUR,XHAM,XHAM
ETF,Germany,HP8E,HSBC MSCI Emerging Markets Climate Paris Aligned UCITS ETF,EUR,XHAM,XHAM
ETF,Germany,HYDE,Invesco Hydrogen Economy UCITS ETF Acc,EUR,XHAM,XHAM
ETF,Germany,AHYQ,Amundi Core MSCI World Swap UCITS ETF Dist,EUR,XHAM,XHAM
ETF,Germany,H4ZZ,HSBC Euro Stoxx 50 UCITS ETF EUR (Acc),EUR,XHAM,XHAM
ETF,Germany,AMES,Amundi IBEX 35 UCITS ETF Acc,EUR,XHAM,XHAM
ETF,Germany,H41P,HSBC MSCI USA Islamic Screened UCITS ETF USD (Acc),EUR,XHAM,XHAM
ETF,Germany,GACA,Goldman Sachs ActiveBeta Paris-Aligned Sustainable US Large Cap Equity UCITS ETF,EUR,XHAM,XHAM
ETF,Germany,GERD,L&G Gerd Kommer Multifactor Equity UCITS ETF USD Accumulating,EUR,XHAM,XHAM
ETF,Germany,GTIL,Xtrackers MSCI World Information Technology UCITS ETF 1C,EUR,XHAM,XHAM
ETF,Germany,H3R0,Global X Video Games & Esports UCITS ETF Acc USD,EUR,XHAM,XHAM
ETF,Germany,H41X,HSBC S&P India Tech UCITS ETF EUR (Acc),EUR,XHAM,XHAM
ETF,Germany,H410,HSBC MSCI Emerging Markets UCITS ETF,EUR,XHAM,XHAM
ETF,Germany,H41D,HSBC MSCI World Value Screened UCITS ETF,EUR,XHAM,XHAM
ETF,Germany,ASRD,BNP Paribas Easy JPM ESG EMBI Global Diversified Composite UCITS ETF H EUR Capitalisation,EUR,XHAM,XHAM
ETF,Germany,H41F,HSBC MSCI Emerging Markets Small Cap Screened UCITS ETF USD Accumulation,EUR,XHAM,XHAM
ETF,Germany,H41G,HSBC MSCI World Small Cap Screened UCITS ETF USD (Acc),EUR,XHAM,XHAM
ETF,Germany,H41M,HSBC MSCI World Islamic Screened UCITS ETF USD (Acc),EUR,XHAM,XHAM
ETF,Germany,H411,HSBC MSCI AC Far East ex Japan UCITS ETF,EUR,XHAM,XHAM
ETF,Germany,AFIH,Amundi CAC 40 ESG UCITS ETF DR - EUR (D),EUR,XHAM,XHAM
ETF,Germany,AFID,Amundi S&P Global Luxury UCITS ETF EUR Acc,EUR,XHAM,XHAM
ETF,Germany,IS31,iShares Edge S&P 500 Minimum Volatility UCITS ETF EUR Hedged (Acc),EUR,XHAM,XHAM
ETF,Germany,6PSE,Invesco MSCI USA UCITS ETF Dist,EUR,XHAM,XHAM
ETF,Germany,IS3S,iShares Edge MSCI World Value Factor UCITS ETF USD (Dist),EUR,XHAM,XHAM
ETF,Germany,6PS5,INVESCO MSCI KUWAIT UCITS ETF,EUR,XHAM,XHAM
ETF,Germany,7RIP,US Global Investors Travel UCITS ETF,EUR,XHAM,XHAM
ETF,Germany,IU5C,iShares S&P 500 Communication Sector UCITS ETF USD (Acc),EUR,XHAM,XHAM
ETF,Germany,5MVL,iShares Edge MSCI EM Value Factor UCITS ETF,EUR,XHAM,XHAM
ETF,Germany,5KSE,KraneShares CSI China Internet UCITS ETF EUR,EUR,XHAM,XHAM
ETF,Germany,5IF0,iShares MSCI EMU Paris-Aligned Climate UCITS ETF EUR (Dist),EUR,XHAM,XHAM
ETF,Germany,5HEE,Ossiam ESG Low Carbon Shiller Barclays CAPE® US Sector UCITS ETF 1A,EUR,XHAM,XHAM
ETF,Germany,5MVW,iShares MSCI World Energy Sector UCITS ETF USD (Dist),EUR,XHAM,XHAM
ETF,Germany,8RMY,Fidelity Future of European Defense Screened UCITS ETF,EUR,XHAM,XHAM
ETF,Germany,IQSD,Invesco Global Active ESG Equity UCITS ETF EUR PfHdg Dist,EUR,XHAM,XHAM
ETF,Germany,IQSA,Invesco Global Active ESG Equity UCITS ETF Acc,EUR,XHAM,XHAM
ETF,Germany,AFIA,Amundi S&P 500 Buyback UCITS ETF - USD (Accumulating),EUR,XHAM,XHAM
ETF,Germany,AE5B,Amundi MSCI Europe Action UCITS ETF Dist,EUR,XHAM,XHAM
ETF,Germany,AE56,Amundi S&P Eurozone Dividend Aristocrats UCITS ETF,EUR,XHAM,XHAM
ETF,Germany,ILOV,Invesco S&P 500 Low Volatility UCITS ETF,EUR,XHAM,XHAM
ETF,Germany,INCU,iShares U.S. Equity High Income Active UCITS ETF USD (Dist.),EUR,XHAM,XHAM
ETF,Germany,ACU7,Amundi MSCI Europe SRI Climate Paris Aligned UCITS ETF DR (C),EUR,XHAM,XHAM
ETF,Germany,A4HU,AMUNDI JPX-NIKKEI 400 UCITS ETF,EUR,XHAM,XHAM
ETF,Germany,INQQ,HANetf INQQ India Internet UCITS ETF Acc,EUR,XHAM,XHAM
ETF,Germany,IPRE,iShares European Property Yield UCITS ETF,EUR,XHAM,XHAM
ETF,Germany,AW10,UBS MSCI World ex USA Climate Paris Aligned UCITS ETF USD acc,EUR,XHAM,XHAM
ETF,Germany,JEEM,JPMorgan Global Emerging Markets Research Enhanced Index Equity Active UCITS ETF,EUR,XHAM,XHAM
ETF,Germany,AW12,UBS MSCI EM Climate Paris Aligned UCITS ETF USD acc,EUR,XHAM,XHAM
ETF,Germany,FTGA,First Trust Indxx Global Aerospace & Defence UCITS ETF Class A Accumulation,EUR,XHAM,XHAM
ETF,Germany,CBUA,iShares MSCI Europe Paris-Aligned Climate UCITS ETF EUR (Acc),EUR,XHAM,XHAM
ETF,Germany,C8PX,Global X AI Semiconductor & Quantum UCITS ETF USD Acc,EUR,XHAM,XHAM
ETF,Germany,C051,Amundi Euro Stoxx Select Dividend 30 UCITS ETF Dist,EUR,XHAM,XHAM
ETF,Germany,CBUC,iShares MSCI EM ESG Enhanced CTB UCITS ETF USD (Acc),EUR,XHAM,XHAM
ETF,Germany,BUNB,Amundi MSCI Water ESG Screened UCITS ETF Acc,EUR,XHAM,XHAM
ETF,Germany,BUN0,Amundi MSCI World II UCITS ETF-EHEGA,EUR,XHAM,XHAM
ETF,Germany,EGEE,iShares Emerging Markets Equity Enhanced Active UCITS ETF,EUR,XHAM,XHAM
ETF,Germany,EHDV,Invesco EURO STOXX High Dividend Low Volatility UCITS ETF,EUR,XHAM,XHAM
ETF,Germany,ELFA,Deka EURO STOXX 50 ESG Filtered UCITS ETF,EUR,XHAM,XHAM
ETF,Germany,BUG1,Global X SuperDividend UCITS ETF A,EUR,XHAM,XHAM
ETF,Germany,BUG,Global X Cybersecurity UCITS ETF USD Accumulating,EUR,XHAM,XHAM
ETF,Germany,BUNA,MUF-Amundi MSCI New Ener.UCITSA,EUR,XHAM,XHAM
ETF,Germany,STLZ,proud@work UCITS ETF,EUR,XHAM,XHAM
ETF,Germany,CBUG,iShares MSCI USA Small Cap ESG Enhanced CTB UCITS ETF USD (Acc),EUR,XHAM,XHAM
ETF,Germany,DWLD,Franklin FTSE Developed World UCITS ETF USD Capitalisation,EUR,XHAM,XHAM
ETF,Germany,CEMR,iShares Edge MSCI Europe Momentum Factor UCITS ETF,EUR,XHAM,XHAM
ETF,Germany,CHSB,UBS S&P USA Dividend Aristocrats ESG Elite UCITS ETF USD Distributing,EUR,XHAM,XHAM
ETF,Germany,CHSD,UBS BBG Japan Gov 1-3 UCITS ETF JPY acc,EUR,XHAM,XHAM
ETF,Germany,CEBP,iShares MSCI EMU USD Hedged UCITS ETF (Acc),EUR,XHAM,XHAM
ETF,Germany,CSY7,UBS MSCI World Selection UCITS ETF,EUR,XHAM,XHAM
ETF,Germany,CBUM,iShares S&P 500 Scored and Screened UCITS ETF EUR Hedged (Acc),EUR,XHAM,XHAM
ETF,Germany,CSYZ,UBS FTSE EPRA Nareit Developed Green UCITS ETF USD (distributing),EUR,XHAM,XHAM
ETF,Germany,D5BE,Xtrackers II US Treasuries 1-3 UCITS ETF 1D,EUR,XHAM,XHAM
ETF,Germany,D6RS,Deka MSCI EMU Climate Change ESG UCITS ETF,EUR,XHAM,XHAM
ETF,Germany,DBPG,Xtrackers S&P 500 2x Leveraged Daily Swap UCITS ETF 1C,EUR,XHAM,XHAM
ETF,Germany,CBUQ,iShares MSCI ACWI SRI UCITS ETF USD (Dist),EUR,XHAM,XHAM
ETF,Germany,CURE,VanEck Genomics and Healthcare Innovators UCITS ETF,EUR,XHAM,XHAM
ETF,Germany,EQQJ,Invesco Nasdaq Next Generation 100 UCITS ETF Acc,EUR,XHAM,XHAM
ETF,Germany,ESAP,BNPP.E.FR-S&P 500 UCITS ETF   A,EUR,XHAM,XHAM
ETF,Germany,ESGM,Invesco MSCI Emerging Markets Universal Screened UCITS ETF,EUR,XHAM,XHAM
ETF,Germany,AYEW,iShares MSCI World Information Technology Sector Advanced UCITS ETF USD (Dist),EUR,XHAM,XHAM
ETF,Germany,FEUH,FIDELITY US QUALITY INCOME UCITS ETF GBP HEDGED INC,EUR,XHAM,XHAM
ETF,Germany,FEUI,Fidelity Europe Quality Income UCITS ETF INC-Euro,EUR,XHAM,XHAM
ETF,Germany,FGEA,Fidelity Global Quality Income UCITS ETF ACC-USD,EUR,XHAM,XHAM
ETF,Germany,"702,00 F",Amundi Multi-Asset Portfolio Defensive UCITS ETF Dist,EUR,XHAM,XHAM
ETF,Germany,FGEQ,Fidelity Global Quality Income UCITS ETF INC-USD,EUR,XHAM,XHAM
ETF,Germany,AYEG,iShares MSCI World Quality Dividend Advanced UCITS ETF USD (Acc),EUR,XHAM,XHAM
ETF,Germany,AYE7,iShares AEX UCITS ETF EUR (Acc),EUR,XHAM,XHAM
ETF,Germany,FRCJ,UBS MSCI Japan Socially Responsible UCITS ETF JPY dis,EUR,XHAM,XHAM
ETF,Germany,AYE4,iShs IV-MSCI EMU SRI UCITS ETFR,EUR,XHAM,XHAM
ETF,Germany,AYEV,iShares Smart City Infrastructure UCITS ETF USD (Dist),EUR,XHAM,XHAM
ETF,Germany,BAT3,L&G UK Quality Dividends Equal Weight UCITS ETF,EUR,XHAM,XHAM
ETF,Germany,BLOK,First Trust Indxx Innovative Transaction & Process UCITS ETF,EUR,XHAM,XHAM
ETF,Germany,ESGP,Invesco MSCI Pacific Ex Japan Universal Screened UCITS ETF Acc,EUR,XHAM,XHAM
ETF,Germany,ESGW,Invesco MSCI World Universal Screened UCITS ETF Acc,EUR,XHAM,XHAM
ETF,Germany,ESIC,iShares MSCI Europe Consumer Discretionary Sector UCITS ETF EUR (Acc),EUR,XHAM,XHAM
ETF,Germany,ESIF,iShares MSCI Europe Financials Sector UCITS ETF EUR (Acc),EUR,XHAM,XHAM
ETF,Germany,ETLI,L&G Pharma Breakthrough UCITS ETF,EUR,XHAM,XHAM
ETF,Germany,EUDF,WisdomTree Europe Defence UCITS ETF EUR Acc,EUR,XHAM,XHAM
ETF,Germany,BCFI,UBS Core MSCI World UCITS ETF (hedged to EUR) Accumulating,EUR,XHAM,XHAM
ETF,Germany,BBL4,JPMorgan Global Emerging Markets Research Enhanced Index Equity (ESG) UCITS ETF USD (acc.),EUR,XHAM,XHAM
ETF,Germany,BATI,L&G Emerging Markets ESG Exclusions Paris Aligned UCITS ETF,EUR,XHAM,XHAM
ETF,Germany,EXIB,iShares TecDAX UCITS ETF (DE) EUR Distributing,EUR,XHAM,XHAM
ETF,Germany,BATF,L&G Asia Pacific ex Japan ESG Exclusions Paris Aligned UCITS ETF,EUR,XHAM,XHAM
ETF,Germany,AW19,UBS (Lux) Fund Solutions – MSCI World Socially Responsible UCITS ETF (USD) A-dis,EUR,XHAM,XHAM
ETF,Germany,5ESE,Invesco S&P 500 Scored & Screened UCITS ETF EUR Hdg Acc,EUR,XHAM,XHAM
ETF,Germany,CEMG,iShares MSCI Emerging Markets Consumer Growth UCITS ETF USD (Acc),EUR,XHAM,XHAM
ETF,Germany,SPPW,SPDR MSCI World UCITS ETF,EUR,XHAM,XHAM
ETF,Germany,LVLC,Invesco Global Active Defensive ESG Equity UCITS ETF Acc,EUR,XHAM,XHAM
ETF,Germany,36B6,iShares MSCI USA SRI UCITS ETF USD (Dist),EUR,XHAM,XHAM
ETF,Germany,SP2D,Invesco S&P 500 Equal Weight UCITS ETF Dist,EUR,XHAM,XHAM
ETF,Germany,SPF4,SPDR MSCI World Value UCITS ETF (Acc),EUR,XHAM,XHAM
ETF,Germany,LM9C,BNP Paribas Easy Sustainable World UCITS ETF EUR Capitalisation,EUR,XHAM,XHAM
ETF,Germany,LI7U,Global X Lithium & Battery Tech UCITS ETF USD Accumulating,EUR,XHAM,XHAM
ETF,Germany,LYSM,Amundi MSCI Semiconductors UCITS ETF – Distributing,EUR,XHAM,XHAM
ETF,Germany,SPFH,SPDR MSCI World UCITS ETF EUR Hedged (Acc),EUR,XHAM,XHAM
ETF,Germany,2B7B,iShares S&P 500 Materials Sector UCITS ETF USD (Acc),EUR,XHAM,XHAM
ETF,Germany,SPPD,SPDR S&P U.S. Dividend Aristocrats EUR Hdg UCITS ETF (Dist),EUR,XHAM,XHAM
ETF,Germany,SPPE,SPDR S&P 500 EUR Hdg UCITS ETF (Acc),EUR,XHAM,XHAM
ETF,Germany,LGGM,Legal & General Emerging Markets Quality Dividends Equal Weight UCITS ETF,EUR,XHAM,XHAM
ETF,Germany,LGGA,L&G APAC ex-Japan Quality Dividends Equal Weight UCITS ETF USD Dist,EUR,XHAM,XHAM
ETF,Germany,10A9,Amundi MSCI EMU ESG Selection UCITS ETF DR EUR,EUR,XHAM,XHAM
ETF,Germany,SPQB,Global X S&P 500 Quarterly Buffer UCITS ETF USD Accumulating,EUR,XHAM,XHAM
ETF,Germany,3D3D,Robeco 3D European Equity UCITS ETF A EUR,EUR,XHAM,XHAM
ETF,Germany,2B77,iShares Ageing Population UCITS ETF,EUR,XHAM,XHAM
ETF,Germany,LGQK,Amundi MSCI Pacific Ex Japan UCITS ETF - Dist,EUR,XHAM,XHAM
ETF,Germany,QDEV,SPDR S&P Developed Quality Aristocrats UCITS ETF (USD) Accumulating,EUR,XHAM,XHAM
ETF,Germany,M9SV,Market Access STOXX China A Minimum Variance UCITS ETF,EUR,XHAM,XHAM
ETF,Germany,5BW1,Blackwall Ucits Platform Icav - Blackwall Europe Equity Fund,EUR,XHAM,XHAM
ETF,Germany,"9,00 SDG","Xtrackers MSCI Global SDG 9 Industry, Innovation & Infrastructure UCITS ETF 1C",EUR,XHAM,XHAM
ETF,Germany,MXUE,Invesco MSCI USA UCITS ETF EUR Hedged Acc,EUR,XHAM,XHAM
ETF,Germany,MWSH,Amundi MSCI World SRI PAB UCITS ETF DR (C),EUR,XHAM,XHAM
ETF,Germany,2B7N,iShares MSCI Target UK Real Estate UCITS ETF,EUR,XHAM,XHAM
ETF,Germany,18M7,Amundi PEA US Tech Screened UCITS ETF - Acc,EUR,XHAM,XHAM
ETF,Germany,2TCB,VanEck Multi-Asset Conservative Allocation UCITS ETF,EUR,XHAM,XHAM
ETF,Germany,SADA,Amundi MSCI EM Asia SRI Climate Paris Aligned UCITS ETF DR (D),EUR,XHAM,XHAM
ETF,Germany,SML6,Invesco US Industrials Sector UCITS ETF,EUR,XHAM,XHAM
ETF,Germany,PDSE,Invesco Preferred Shares UCITS ETF EUR Hedged Dist,EUR,XHAM,XHAM
ETF,Germany,2TCC,VanEck Multi-Asset Balanced Allocation UCITS ETF,EUR,XHAM,XHAM
ETF,Germany,2TCD,VanEck Multi-Asset Growth Allocation UCITS ETF,EUR,XHAM,XHAM
ETF,Germany,2B7K,iShares MSCI World SRI UCITS ETF EUR (Acc),EUR,XHAM,XHAM
ETF,Germany,2B7J,iShares MSCI World SRI UCITS ETF USD (Dist),EUR,XHAM,XHAM
ETF,Germany,2B7D,iShares S&P 500 Consumer Staples Sector UCITS ETF,EUR,XHAM,XHAM
ETF,Germany,10AR,Amundi MSCI Emerging Markets Latin America UCITS ETF USD,EUR,XHAM,XHAM
ETF,Germany,10AP,Amundi S&P 500 UCITS ETF,EUR,XHAM,XHAM
ETF,Germany,MAGR,iShares Growth Portfolio UCITS ETF EUR (Acc),EUR,XHAM,XHAM
ETF,Germany,MWON,Amundi S&P SmallCap 600 Screened UCITS ETF,EUR,XHAM,XHAM
ETF,Germany,SPSA,SPDR MSCI All Country World Investable Market UCITS ETF (Dist),EUR,XHAM,XHAM
ETF,Germany,SCWX,Scalable MSCI AC World Xtrackers UCITS ETF 1C,EUR,XHAM,XHAM
ETF,Germany,4UB8,UBS Factor MSCI USA Quality Screened UCITS ETF hGBP dis,EUR,XHAM,XHAM
ETF,Germany,JREW,JPMorgan All Country Research Enhanced Index Equity Active UCITS ETF,EUR,XHAM,XHAM
ETF,Germany,JREZ,JPM Eurozone Research Enhanced Index Equity Active UCITS ETF EUR (acc),EUR,XHAM,XHAM
ETF,Germany,JRGD,JPMorgan Global Research Enhanced Index Equity (ESG) UCITS ETF USD (Dist.),EUR,XHAM,XHAM
ETF,Germany,JREA,JPMorgan AC Asia Pacific ex Japan Research Enhanced Index Equity (ESG) UCITS ETF USD (acc),EUR,XHAM,XHAM
ETF,Germany,RIZD,Rize Global Sustainable Infrastructure UCITS ETF,EUR,XHAM,XHAM
ETF,Germany,JRWU,JPMorgan All Country Research Enhanced Index Equity Active UCITS ETF USD (dist),EUR,XHAM,XHAM
ETF,Germany,SS40,State Street SPDR MSCI World Consumer Staples UCITS ETF USD (Acc),EUR,XHAM,XHAM
ETF,Germany,JPVE,JPM US Value Equity Active UCITS ETF - EUR Hedged (acc),EUR,XHAM,XHAM
ETF,Germany,4UB9,UBS MSCI EM Socially Responsible UCITS ETF USD dis,EUR,XHAM,XHAM
ETF,Germany,"3,00 SUR",iShares MSCI USA SRI UCITS ETF EUR Hedged (Dist.),EUR,XHAM,XHAM
ETF,Germany,SPYT,SPDR MSCI Europe Communication Services UCITS ETF,EUR,XHAM,XHAM
ETF,Germany,RA7Z,Global X Solar UCITS ETF USD Accumulating,EUR,XHAM,XHAM
ETF,Germany,SPYG,SPDR S&P UK Dividend Aristocrats UCITS ETF (Dist),EUR,XHAM,XHAM
ETF,Germany,JREU,JPM US Research Enhanced Index Equity Active UCITS ETF USD (acc),EUR,XHAM,XHAM
ETF,Germany,4UB1,UBS ETF (IE) MSCI World Socially Responsible UCITS ETF (hedged to EUR) A-acc,EUR,XHAM,XHAM
ETF,Germany,10A1,Amundi Japan Topix UCITS ETF - Daily Hedged USD,EUR,XHAM,XHAM
ETF,Germany,JNHD,Amundi Core MSCI Japan UCITS ETF EUR Hedged Dist,EUR,XHAM,XHAM
ETF,Germany,2B73,iShares MSCI World GBP Hedged UCITS ETF (Acc),EUR,XHAM,XHAM
ETF,Germany,10A2,Amundi MSCI Europe Value Factor UCITS ETF - EUR (C),EUR,XHAM,XHAM
ETF,Germany,4UB5,UBS MSCI United Kingdom IMI Socially Responsible UCITS ETF GBP Dis,EUR,XHAM,XHAM
ETF,Germany,SS48,SPDR MSCI World Materials UCITS ETF,EUR,XHAM,XHAM
ETF,Germany,JPGH,JPMorgan Active US Growth UCITS ETF EUR Hedged (acc),EUR,XHAM,XHAM
ETF,Germany,JPGR,JPMorgan US Growth Equity Active UCITS ETF – USD (acc),EUR,XHAM,XHAM
ETF,Germany,QUS5,SPDR S&P 500 Quality Aristocrats UCITS ETF USD Unhedged (Acc),EUR,XHAM,XHAM
ETF,Germany,QP70,iShares Lithium & Battery Producers UCITS ETF USD (Acc),EUR,XHAM,XHAM
ETF,Germany,XEOD,Xtrackers II EUR Overnight Rate Swap UCITS ETF 1D,EUR,XHAN,XHAN
ETF,Germany,D5BK,Xtrackers FTSE Developed Europe Real Estate UCITS ETF 1C,EUR,XHAN,XHAN
ETF,Germany,CEBJ,iShares MSCI Korea UCITS ETF USD (Acc),EUR,XHAN,XHAN
ETF,Germany,XCS4,Xtrackers MSCI Thailand UCITS ETF 1C,EUR,XHAN,XHAN
ETF,Germany,EXI1,ISHARES SLI UCITS ETF DE,EUR,XHAN,XHAN
ETF,Germany,AAKG,Ark Genomic Revolution UCITS ETF,EUR,XHAN,XHAN
ETF,Germany,HTMW,L&G Hydrogen Economy UCITS ETF,EUR,XHAN,XHAN
ETF,Germany,5ESG,Invesco S&P 500 Scored & Screened UCITS ETF Acc,EUR,XHAN,XHAN
ETF,Germany,EXXX,ISHARES ATX UCITS ETF,EUR,XHAN,XHAN
ETF,Germany,XDUK,Xtrackers FTSE 100 UCITS ETF 1C,EUR,XHAN,XHAN
ETF,Germany,D5BI,Xtrackers MSCI Mexico UCITS ETF 1C,EUR,XHAN,XHAN
ETF,Germany,ELFW,DEKA MSCI WORLD UCITS ETF,EUR,XHAN,XHAN
ETF,Hong Kong,3036,Xtrackers MSCI Taiwan UCITS ETF 1C,HKD,HKEX,XHKG
ETF,Hong Kong,3087,Xtrackers Vietnam Swap UCITS ETF 1C,HKD,HKEX,XHKG
ETF,Hong Kong,3020,Xtrackers MSCI USA Swap UCITS ETF 1C,HKD,HKEX,XHKG
ETF,Hong Kong,3476,JPMorgan US Equity Premium Income Active UCITS ETF,HKD,HKEX,XHKG
ETF,Hong Kong,3007,Xtrackers MSCI China A UCITS ETF,HKD,HKEX,XHKG
ETF,Hong Kong,2848,Xtrackers MSCI Korea UCITS ETF 1C,HKD,HKEX,XHKG
ETF,Hong Kong,3015,Xtrackers Nifty 50 Swap UCITS ETF 1C,HKD,HKEX,XHKG
ETF,Japan,499A,Amundi Global Luxury UCITS ETF EUR Acc,JPY,JPX,XJPX
ETF,South Africa,SYGEU,Db X-trackers Dj Euro Stoxx 50 UCITS ETF,ZAc,JSE,XJSE
ETF,South Africa,AVETNC,iShares MSCI World ex-USA UCITS ETF,ZAc,JSE,XJSE
ETF,South Korea,490600,Kb Rise US Dividend 100 Ucits ETF,KRW,KRX,XKRX
ETF,South Korea,520086,Amundi I. Us Equity Minimum Volatility Factor SRI UCITS ETF,KRW,KRX,XKRX
ETF,Mexico,CEMAN,iShares VII Public Limited Company - iShares MSCI EM Asia UCITS ETF,MXN,BMV,XMEX
ETF,Mexico,CEUUN,iShares VII plc - iShares Core MSCI EMU UCITS ETF,MXN,BMV,XMEX
ETF,Mexico,VHYAN,Vanguard Funds Public Limited Company - Vanguard FTSE All-World High Dividend Yield UCITS ETF,MXN,BMV,XMEX
ETF,Mexico,ANAMN,AXA IM NASDAQ 100 UCITS ETF USD Acc,MXN,BMV,XMEX
ETF,Mexico,WQDAN,iShares II Public Limited Company - iShares MSCI World Quality Dividend UCITS ETF,MXN,BMV,XMEX
ETF,Mexico,ID30MXN,iShares IBEX 35 UCITS ETF,MXN,BMV,XMEX
ETF,Mexico,IJPAXN,iShares III Public Limited Company - iShares Core MSCI Japan IMI UCITS ETF,MXN,BMV,XMEX
ETF,Mexico,ICHNN,ISHARES IV PLC MSCI CHINA UCITS,MXN,BMV,XMEX
ETF,Mexico,IMEAXN,Ishares II PLC - Ishares Core Msci Europe Ucits ETF,MXN,BMV,XMEX
ETF,Mexico,JU3MN,JPMorgan Beta U.S. Treasuries 1-3 Year UCITS ETF MXN,MXN,BMV,XMEX
ETF,Mexico,SPPMXN,SPDR S&P 500 MXN Hedged UCITS ETF (Acc),MXN,BMV,XMEX
ETF,Mexico,VJPAN,Vanguard Funds Public Limited Company - Vanguard FTSE Japan UCITS ETF,MXN,BMV,XMEX
ETF,Mexico,EUEN,iShares II Public Limited Company - iShares EURO STOXX 50 UCITS ETF,MXN,BMV,XMEX
ETF,Mexico,ECARN,IShares Trust - Electric Vehicle Driving Technology UCITS Fund,MXN,BMV,XMEX
ETF,Mexico,CSPXXN,iShares VII Public Limited Company - iShares Core S&P 500 UCITS ETF,MXN,BMV,XMEX
ETF,Mexico,VAPUN,Vanguard Funds Public Limited Company - Vanguard FTSE Developed Asia Pacific ex Japan UCITS ETF,MXN,BMV,XMEX
ETF,Germany,BJLE,BNP Paribas Easy ECPI Global ESG Blue Economy UCITS ETF EUR,EUR,Munich,XMUN
ETF,Germany,BPDE,Bplus EN GL Diversified S&P 500 UCITS ETF,EUR,Munich,XMUN
ETF,Germany,XDWU,Xtrackers MSCI World Utilities UCITS ETF 1C,EUR,Munich,XMUN
ETF,Germany,27U0,iShares World Equity Enhanced Active UCITS ETF,EUR,Munich,XMUN
ETF,Germany,1DR0,Amundi MSCI World Financials UCITS ETF USD Acc,EUR,Munich,XMUN
ETF,Germany,XDGM,Xtrackers MDAX ESG Screened UCITS ETF,EUR,Munich,XMUN
ETF,Germany,CEBG,iShares MSCI Mexico Capped UCITS ETF,EUR,Munich,XMUN
ETF,Germany,CEBM,iShares MSCI World Energy Sector Advanced UCITS ETF USD (Dist),EUR,Munich,XMUN
ETF,Germany,CEBN,iShares MSCI World UCITS ETF USD (Dist),EUR,Munich,XMUN
ETF,Germany,XCS7,Xtrackers MSCI China UCITS ETF 1D,EUR,Munich,XMUN
ETF,Germany,CEBQ,iShares MSCI World Industrials Sector Advanced UCITS ETF USD (Dist),EUR,Munich,XMUN
ETF,Germany,CEBT,iShares Essential Metals Producers UCITS ETF USD (Acc),EUR,Munich,XMUN
ETF,Germany,0USE,Ossiam S&P 500 UCITS ETF,EUR,Munich,XMUN
ETF,Germany,0EMU,Ossiam MSCI EMU UCITS ETF,EUR,Munich,XMUN
ETF,Germany,CCNE,onemarkets MSCI Emerging Markets Universal UCITS ETF EUR,EUR,Munich,XMUN
ETF,Germany,CBUY,iShares MSCI ACWI SRI UCITS ETF USD (Acc),EUR,Munich,XMUN
ETF,Germany,XDWC,Xtrackers MSCI World Consumer Discretionary UCITS ETF 1C,EUR,Munich,XMUN
ETF,Germany,18MR,Amundi Russell 2000 UCITS ETF,EUR,Munich,XMUN
ETF,Germany,18MQ,Amundi ETF JPX-Nikkei 400 UCITS ETF JPY,EUR,Munich,XMUN
ETF,Germany,18MM,Amundi MSCI Pacific Ex Japan SRI Climate Paris Aligned UCITS ETF DR - EUR (C),EUR,Munich,XMUN
ETF,Germany,BUN1,Amundi MSCI World II UCITS ETF Acc,EUR,Munich,XMUN
ETF,Germany,18MG,Amundi MSCI China Tech UCITS ETF EUR Acc,EUR,Munich,XMUN
ETF,Germany,C4RE,Bellevue Healthcare UCITS ETF,EUR,Munich,XMUN
ETF,Germany,XDNE,Xtrackers MSCI Japan Screened UCITS ETF 3C EUR Hedged,EUR,Munich,XMUN
ETF,Germany,XDND,Xtrackers MSCI North America High Dividend Yield UCITS ETF 1C,EUR,Munich,XMUN
ETF,Germany,CBUN,iShares Digital Entertainment and Education UCITS ETF USD (Acc),EUR,Munich,XMUN
ETF,Germany,XDEV,Xtrackers MSCI World Value UCITS ETF 1C,EUR,Munich,XMUN
ETF,Germany,XDEQ,Xtrackers MSCI World Quality UCITS ETF 1C,EUR,Munich,XMUN
ETF,Germany,CCNB,onemarkets MSCI USA Universal UCITS ETF,EUR,Munich,XMUN
ETF,Germany,540J,Amundi MSCI Switzerland UCITS ETF EUR (C),EUR,Munich,XMUN
ETF,Germany,AWDE,Axa MSCI World PAB UCITS ETF EUR-Hedged,EUR,Munich,XMUN
ETF,Germany,XNDQ,Xtrackers Nasdaq 100 UCITS ETF 1C,EUR,Munich,XMUN
ETF,Germany,3SUE,iShares Core MSCI World UCITS ETF USD (Acc),EUR,Munich,XMUN
ETF,Germany,AE5I,Amundi PEA Emergent (MSCI Emerging) ESG Transition UCITS ETF Acc,EUR,Munich,XMUN
ETF,Germany,XUML,Xtrackers S&P 500 Market Leaders UCITS ETF (Accumulating),EUR,Munich,XMUN
ETF,Germany,XMVE,Xtrackers MSCI EMU Screened UCITS ETF 1D,EUR,Munich,XMUN
ETF,Germany,AFDE,AXA IM Global Inflation Linked Bond Opportunities UCITS ETF EUR (H) Dist,EUR,Munich,XMUN
ETF,Germany,XUTD,Xtrackers II US Treasuries UCITS ETF 1D,EUR,Munich,XMUN
ETF,Germany,3CE0,UBS MSCI Hong Kong UCITS ETF (HKD) A-dis,EUR,Munich,XMUN
ETF,Germany,AGYT,AXA IM Global High Yield Opportunities UCITS ETF USD Acc,EUR,Munich,XMUN
ETF,Germany,XMGA,Amundi MSCI USA Ex Mega Cap UCITS ETF Acc,EUR,Munich,XMUN
ETF,Germany,CEME,iShares MSCI Japan SRI UCITS ETF,EUR,Munich,XMUN
ETF,Germany,XMCX,Xtrackers FTSE 250 UCITS ETF 1D,EUR,Munich,XMUN
ETF,Germany,AHYY,Amundi MSCI World Swap UCITS ETF USD Acc,EUR,Munich,XMUN
ETF,Germany,AIAA,iShares AI Adopters & Applications UCITS ETF USD (Acc),EUR,Munich,XMUN
ETF,Germany,XWD1,Xtrackers MSCI World Swap UCITS ETF 1D,EUR,Munich,XMUN
ETF,Germany,AIGT,AXA IM US High Yield Opportunities UCITS ETF USD Dist,EUR,Munich,XMUN
ETF,Germany,XMAE,Xtrackers MSCI AC World Screened UCITS ETF 2C - EUR Hedged,EUR,Munich,XMUN
ETF,Germany,36BF,iShares MSCI Japan GBP Hedged UCITS ETF (Acc),EUR,Munich,XMUN
ETF,Germany,XMA1,Xtrackers MSCI EM Asia Screened Swap UCITS ETF 1D,EUR,Munich,XMUN
ETF,Germany,AIHT,AXA IM US High Yield Opportunities UCITS ETF USD Distributing,EUR,Munich,XMUN
ETF,Germany,AIME,AXA MSCI Eurozone Climate Paris Aligned UCITS ETF,EUR,Munich,XMUN
ETF,Germany,AE51,Amundi MSCI Emerging Markets II UCITS ETF Acc,EUR,Munich,XMUN
ETF,Germany,AAVD,ACATIS Altersvorsorgedepot UCITS ETF,EUR,Munich,XMUN
ETF,Germany,4UBL,UBS MSCI Emerging Markets ex China UCITS ETF USD Accumulating,EUR,Munich,XMUN
ETF,Germany,4UBF,UBS BBG MSCI Euro Area Liquid Corp Sustainable UCITS ETF hCHF acc,EUR,Munich,XMUN
ETF,Germany,XSWC,Xtrackers MSCI World Small Cap UCITS ETF 1C,EUR,Munich,XMUN
ETF,Germany,5KS0,Wahed Dow Jones Islamic World UCITS ETF,EUR,Munich,XMUN
ETF,Germany,5KS2,Wahed S&P 500 Shariah UCITS ETF USD Acc,EUR,Munich,XMUN
ETF,Germany,4UBE,UBS ETF (LU) Bloomberg MSCI US Liquid Corporates Sustainable UCITS ETF USD A-acc,EUR,Munich,XMUN
ETF,Germany,619A,eNOVA Active Core EUR Ultra Short Term UCITS ETF (Acc),EUR,Munich,XMUN
ETF,Germany,4SH0,iShares S&P 500 3% Capped UCITS ETF,EUR,Munich,XMUN
ETF,Germany,"4,00 BRZ",iShares MSCI Brazil UCITS ETF (DE),EUR,Munich,XMUN
ETF,Germany,XS5E,Xtrackers S&P 500 Swap UCITS ETF 5C EUR Hedged,EUR,Munich,XMUN
ETF,Germany,6PSQ,First Trust Global Funds Public Limited Company - First Trust Emerging Markets AlphaDEX UCITS ETF,EUR,Munich,XMUN
ETF,Germany,6TVL,Amundi Core Stoxx Europe 600 UCITS ETF Acc,EUR,Munich,XMUN
ETF,Germany,8ZO0,iShares MSCI World Swap PEA UCITS ETF,EUR,Munich,XMUN
ETF,Germany,400X,SPDR S&P 400 U.S. Mid Cap UCITS ETF,EUR,Munich,XMUN
ETF,Germany,91W0,iShares Core MSCI World UCITS ETF USD (Distributing),EUR,Munich,XMUN
ETF,Germany,3SUS,iShares MSCI USA Swap UCITS ETF,EUR,Munich,XMUN
ETF,Germany,XNZE,Xtrackers MSCI EMU Net Zero PAB UCITS ETF 1C,EUR,Munich,XMUN
ETF,Germany,XNGI,Xtrackers MSCI Next Generation Internet Innovation UCITS ETF 1C,EUR,Munich,XMUN
ETF,Germany,2B70,iShares Nasdaq US Biotechnology UCITS ETF,EUR,Munich,XMUN
ETF,Germany,36B2,iShares Core MSCI Japan IMI UCITS ETF USD (Dist),EUR,Munich,XMUN
ETF,Germany,AWHD,Amundi S&P All World High Dividend Yield UCITS ETF Dist,EUR,Munich,XMUN
ETF,Germany,AXXT,AXA IM MSCI Emerging Markets ex-China Equity PAB UCITS ETF USD Dist,EUR,Munich,XMUN
ETF,Germany,2B7R,iShares Public Limited Company - iShares FTSE 250 UCITS ETF,EUR,Munich,XMUN
ETF,Germany,XZDW,X MSCI World High Dividend Yield ESG UCITS ETF,EUR,Munich,XMUN
ETF,Germany,AYEM,iShares MSCI EM IMI Screened UCITS ETF USD (Acc),EUR,Munich,XMUN
ETF,Germany,XZEP,Xtrackers MSCI Europe ESG UCITS ETF 1D,EUR,Munich,XMUN
ETF,Germany,2B78,iShares Healthcare Innovation UCITS ETF USD (Acc),EUR,Munich,XMUN
ETF,Germany,XEQ6,Xtrackers Diversified Portfolio 60% Equity UCITS ETF 1C,EUR,Munich,XMUN
ETF,Germany,XEQ4,Xtrackers Diversified Portfolio 40% Equity UCITS ETF 1C,EUR,Munich,XMUN
ETF,Germany,BATJ,L&G Multi-Strategy Enhanced Commodities UCITS ETF EUR Hedged Acc,EUR,Munich,XMUN
ETF,Germany,XZMD,Xtrackers MSCI USA ESG UCITS ETF 1D,EUR,Munich,XMUN
ETF,Germany,2B71,iShares S&P 500 GBP Hedged UCITS ETF (Acc),EUR,Munich,XMUN
ETF,Germany,BCFN,UBS (Irl) ETF Plc - Nasdaq 100 UCITS ETF,EUR,Munich,XMUN
ETF,Germany,BCFQ,UBS (Irl) Fund Solutions plc - EUR Overnight Rate SF UCITS ETF,EUR,Munich,XMUN
ETF,Germany,AW1M,UBS ETF (LU) Bloomberg Barclays US Liquid Corporates 1-5 Year Index UCITS ETF (EUR Hedged),EUR,Munich,XMUN
ETF,Germany,AW1I,UBS ETF MSCI Japan ESG Uni UCITS ETF (JPY) A-Acc,EUR,Munich,XMUN
ETF,Germany,AKWA,Global X Clean Water UCITS ETF,EUR,Munich,XMUN
ETF,Germany,ARAW,abrdn Future Raw Materials UCITS ETF USD Acc,EUR,Munich,XMUN
ETF,Germany,ASCH,Abrdn Future of Super China UCITS ETF,EUR,Munich,XMUN
ETF,Germany,ASWA,HANetf ICAV - European Renewal UCITS ETF Accumulating,EUR,Munich,XMUN
ETF,Germany,ASWC,HANetf Future of Defence UCITS ETF,EUR,Munich,XMUN
ETF,Germany,ASWD,Sprott Pure Play Copper Miners UCITS ETF (CPPR),EUR,Munich,XMUN
ETF,Germany,ASWK,Rex Tech Innovation Premium Income UCITS ETF,EUR,Munich,XMUN
ETF,Germany,ASWL,REX Tech Innovation Income & Growth UCITS ETF,EUR,Munich,XMUN
ETF,Germany,AT61,State Street SPDR FTSE UK All Share UCITS ETF (Acc),EUR,Munich,XMUN
ETF,Germany,AT62,Invesco Dow Jones US Insurance UCITS ETF Acc,EUR,Munich,XMUN
ETF,Germany,AT6F,Invesco MSCI ACWI Islamic M-Series UCITS ETF Acc,EUR,Munich,XMUN
ETF,Germany,AUMA,iShares MSCI EMU Screened UCITS ETF EUR (Distributing),EUR,Munich,XMUN
ETF,Germany,AVEU,Avantis Europe Equity UCITS ETF,EUR,Munich,XMUN
ETF,Germany,AVPE,Avantis Pacific Equity UCITS ETF,EUR,Munich,XMUN
ETF,Germany,XZDE,Xtrackers MSCI Europe High Dividend Yield ESG UCITS ETF,EUR,Munich,XMUN
ETF,Germany,AW15,UBS ETF MSCI Japan Climate Paris Aligned UCITS ETF (JPY) (ir-hedged to EUR) A-acc,EUR,Munich,XMUN
ETF,Germany,AW1B,UBS S&P 500 ESG Elite UCITS ETF hEUR acc,EUR,Munich,XMUN
ETF,Germany,ST4R,iShares Space Technologies UCITS ETF,EUR,Munich,XMUN
ETF,Germany,EPSW,iShares MSCI EM Swap UCITS ETF,EUR,Munich,XMUN
ETF,Germany,CEML,iShares MSCI Europe Quality Dividend Advanced UCITS ETF,EUR,Munich,XMUN
ETF,Germany,IS31,iShares VI Public Limited Company - iShares Edge S&amp;P 500 Minimum Volatility UCITS ETF,EUR,Munich,XMUN
ETF,Germany,UQE1,Allsolutions ETF ICAV – UniActive Q Equities Global Enhanced UCITS ETF,EUR,Munich,XMUN
ETF,Germany,IUSN,iShares MSCI World Small Cap UCITS ETF,EUR,Munich,XMUN
ETF,Germany,J840,iShares Energy Storage & Hydrogen UCITS ETF,EUR,Munich,XMUN
ETF,Germany,JARH,Amundi MSCI Japan SRI Climate Paris-Aligned UCITS ETF,EUR,Munich,XMUN
ETF,Germany,JAUD,JPMorgan US Equity Active UCITS ETF,EUR,Munich,XMUN
ETF,Germany,UKPH,iShares UK Property UCITS ETF EUR Hedged (Acc),EUR,Munich,XMUN
ETF,Germany,IS20,iShares S&P 500 Top 20 UCITS ETF,EUR,Munich,XMUN
ETF,Germany,JEEM,JPMorgan Global Emerging Markets Research Enhanced Index ESG UCITS ETF,EUR,Munich,XMUN
ETF,Germany,JEIE,JPMorgan US Equity Premium Income Active UCITS ETF EUR Hedged (Dist),EUR,Munich,XMUN
ETF,Germany,JGAE,JPM Global Equity Active UCITS ETF,EUR,Munich,XMUN
ETF,Germany,JGDE,JPM Global Equity Premium Income Active UCITS ETF,EUR,Munich,XMUN
ETF,Germany,JGIE,JPMorgan Global Research Enhanced Index Equity Active UCITS ETF,EUR,Munich,XMUN
ETF,Germany,JGLP,JPM Global Equity Multi-Factor UCITS ETF - USD (Dist),EUR,Munich,XMUN
ETF,Germany,JGPD,JPM Global Equity Premium Income Active UCITS ETF - EUR (dist),EUR,Munich,XMUN
ETF,Germany,JJEJ,JPMorgan Japan Research Enhanced Index Equity (ESG) UCITS ETF JPY (acc),EUR,Munich,XMUN
ETF,Germany,JEGS,JPMorgan Global Research Enhanced Index Equity SRI Paris Aligned UCITS ETF EUR (acc),EUR,Munich,XMUN
ETF,Germany,JMAG,JPM Strategic Allocation Growth Active UCITS ETF - EUR (acc),EUR,Munich,XMUN
ETF,Germany,HEDL,JPM US Hedged Equity Laddered Overlay Active UCITS ETF,EUR,Munich,XMUN
ETF,Germany,HEQD,JPMorgan Nasdaq Hedged Equity Laddered Overlay Active UCITS ETF,EUR,Munich,XMUN
ETF,Germany,HP8E,HSBC MSCI Emerging Markets Paris Aligned Benchmark UCITS ETF,EUR,Munich,XMUN
ETF,Germany,HX60,iShares Nasdaq 100 Top 30 UCITS ETF,EUR,Munich,XMUN
ETF,Germany,HYCN,Global X Hydrogen UCITS ETF USD Accumulating,EUR,Munich,XMUN
ETF,Germany,I500,iShares S&P 500 Swap UCITS ETF USD (Acc),EUR,Munich,XMUN
ETF,Germany,V3MA,Vanguard ESG Emerging Markets All Cap UCITS ETF (USD) Accumulating,EUR,Munich,XMUN
ETF,Germany,US4D,SPDR S&P 400 US Mid Cap UCITS ETF,EUR,Munich,XMUN
ETF,Germany,ICNT,Invesco MSCI China Technology All Shares Stock Connect UCITS ETF Acc,EUR,Munich,XMUN
ETF,Germany,V20D,Vanguard LifeStrategy 20% Equity UCITS ETF Distributing,EUR,Munich,XMUN
ETF,Germany,IG3A,iShares MSCI ACWI Screened UCITS ETF USD (Acc),EUR,Munich,XMUN
ETF,Germany,INDU,Amundi STOXX Europe 600 Industrials UCITS ETF Dist,EUR,Munich,XMUN
ETF,Germany,USEE,iShares US Equity Enhanced Active UCITS ETF USD (Acc),EUR,Munich,XMUN
ETF,Germany,IQGA,Invesco Global Enhanced Equity UCITS ETF Acc,EUR,Munich,XMUN
ETF,Germany,IQQD,iShares UK Dividend UCITS ETF,EUR,Munich,XMUN
ETF,Germany,US4E,SPDR S&P 400 US Mid Cap EUR Hedged UCITS ETF (Dist.),EUR,Munich,XMUN
ETF,Germany,ICFP,Invesco MSCI Europe Catholic Principles UCITS ETF Dist,EUR,Munich,XMUN
ETF,Germany,JRWE,JPMorgan ACW Select Equity Fund UCITS ETF,EUR,Munich,XMUN
ETF,Germany,JTEN,iShares US Large Cap Max Buffer Jun UCITS ETF,EUR,Munich,XMUN
ETF,Germany,PLX,Expat Poland WIG20 UCITS ETF,EUR,Munich,XMUN
ETF,Germany,PQED,Pictet AI Enhanced European Equity UCITS ETF,EUR,Munich,XMUN
ETF,Germany,QDV1,iShares Edge S&P 500 Minimum Volatility UCITS ETF USD (Dist),EUR,Munich,XMUN
ETF,Germany,QJUN,First Trust Vest Nasdaq-100 Moderate Buffer UCITS ETF – June,EUR,Munich,XMUN
ETF,Germany,QN10,iShares US Equity Enhanced Active UCITS ETF,EUR,Munich,XMUN
ETF,Germany,QPEU,State Street SPDR S&P 500 UCITS ETF USD Unhedged (Acc),EUR,Munich,XMUN
ETF,Germany,QQIA,Invesco Nasdaq-100 Income Advantage UCITS ETF,EUR,Munich,XMUN
ETF,Germany,QSPA,Invesco S&P 500 Quality UCITS ETF Acc,EUR,Munich,XMUN
ETF,Germany,QSPD,Invesco S&P 500 Quality UCITS ETF Dist,EUR,Munich,XMUN
ETF,Germany,S5SD,UBS S&P 500 Scored & Screened UCITS ETF hCHF acc,EUR,Munich,XMUN
ETF,Germany,S6X2,Invesco Real Estate S&P US Select Sector UCITS ETF Acc,EUR,Munich,XMUN
ETF,Germany,SEC0,iShares MSCI Global Semiconductors UCITS ETF USD (Acc),EUR,Munich,XMUN
ETF,Germany,SLQX,Expat Slovenia SBI TOP UCITS ETF,EUR,Munich,XMUN
ETF,Germany,SML5,Invesco Materials S&P US Select Sector UCITS ETF,EUR,Munich,XMUN
ETF,Germany,SN5R,Global X Internet of Things UCITS ETF USD Accumulating,EUR,Munich,XMUN
ETF,Germany,SNPE,L&G S&P 100 Equal Weight UCITS ETF,EUR,Munich,XMUN
ETF,Germany,SUST,SPDR MSCI Resilient Future UCITS ETF,EUR,Munich,XMUN
ETF,Germany,SPYD,SPDR S&P US Dividend Aristocrats UCITS ETF,EUR,Munich,XMUN
ETF,Germany,SS44,SPDR MSCI World Industrials UCITS ETF,EUR,Munich,XMUN
ETF,Germany,SS45,SPDR MSCI World Communication Services UCITS ETF,EUR,Munich,XMUN
ETF,Germany,SS46,SPDR MSCI World Utilities UCITS ETF USD,EUR,Munich,XMUN
ETF,Germany,STT6,iShares STOXX Europe 600 UCITS ETF Acc,EUR,Munich,XMUN
ETF,Germany,SEIU,Schroder US Equity Active UCITS ETF,EUR,Munich,XMUN
ETF,Germany,PDWD,Pictet AI Enhanced World Equity UCITS ETF,EUR,Munich,XMUN
ETF,Germany,L8IF,Amundi DJ Global Titans 50 UCITS ETF Dist,EUR,Munich,XMUN
ETF,Germany,LC30,Amundi LC 2030 UCITS ETF Accumulating,EUR,Munich,XMUN
ETF,Germany,LC33,Amdi Lifecycle 2033 UCITS Fund,EUR,Munich,XMUN
ETF,Germany,LC36,Amdi Lifecycle 2036 UCITS,EUR,Munich,XMUN
ETF,Germany,LGQI,Amundi Global Equity Quality Income UCITS ETF Dist,EUR,Munich,XMUN
ETF,Germany,LNXB,Investlinx Balanced Income UCITS ETF A EUR Accumulating,EUR,Munich,XMUN
ETF,Germany,LNXC,Investlinx Capital Appreciation UCITS ETF A EUR Accumulating,EUR,Munich,XMUN
ETF,Germany,LUTL,Amundi STOXX Europe 600 Utilities UCITS ETF Acc,EUR,Munich,XMUN
ETF,Germany,LYYF,Amundi MSCI USA ESG Broad Transition UCITS ETF Acc,EUR,Munich,XMUN
ETF,Germany,MBSR,Regan Total Return Income Fund UCITS ETF,EUR,Munich,XMUN
ETF,Germany,MD4C,Amundi MDAX UCITS ETF Acc,EUR,Munich,XMUN
ETF,Germany,MDUC,SPDR S&P 400 U.S. Mid Cap UCITS ETF (Acc),EUR,Munich,XMUN
ETF,Germany,MEGA,Amundi MSCI USA Mega Cap UCITS ETF Acc,EUR,Munich,XMUN
ETF,Germany,MEUR,Ossiam MSCI Europe UCITS ETF 1C,EUR,Munich,XMUN
ETF,Germany,MWHE,Amundi Core MSCI World UCITS ETF,EUR,Munich,XMUN
ETF,Germany,MWOQ,Amundi S&P 500 Equal Weight ESG UCITS ETF EUR Hedged Acc,EUR,Munich,XMUN
ETF,Germany,MWOS,Amundi MSCI World ESG Leaders UCITS ETF Hedged EUR Acc,EUR,Munich,XMUN
ETF,Germany,N1ES,Invesco NASDAQ-100 ESG UCITS ETF Acc,EUR,Munich,XMUN
ETF,Germany,OFD2,iMGP DBi Managed Futures Fund R EUR UCITS ETF,EUR,Munich,XMUN
ETF,Germany,ONSW,iShares € Overnight Rate Swap UCITS ETF EUR (Acc),EUR,Munich,XMUN
ETF,Germany,OP2E,Ossiam Bloomberg Eurozone PAB NR UCITS ETF 1C (EUR),EUR,Munich,XMUN
ETF,Germany,P1KA,VanEck Electrification and Power Infrastructure UCITS ETF A USD Acc,EUR,Munich,XMUN
ETF,Germany,PAIW,"WisdomTree Physical AI, Humanoids and Drones UCITS ETF",EUR,Munich,XMUN
ETF,Germany,H920,HSBC Japan Screened Equity UCITS ETF,EUR,Munich,XMUN
ETF,Germany,H4ZN,HSBC S&P 500 UCITS ETF USD (Acc),EUR,Munich,XMUN
ETF,Germany,H4ZA,HSBC ETFs Public Limited Company - HSBC EURO STOXX 50 UCITS ETF,EUR,Munich,XMUN
ETF,Germany,ECTA,iShares MSCI Europe Ucits ETF,EUR,Munich,XMUN
ETF,Germany,EDEF,BNP Paribas Easy Bloomberg Europe Defense UCITS ETF Dist,EUR,Munich,XMUN
ETF,Germany,EDEJ,BNP Paribas Easy Alpha Enhanced Europe UCITS ETF,EUR,Munich,XMUN
ETF,Germany,EDM6,iShares MSCI Europe ESG Enhanced CTB UCITS ETF EUR (Acc),EUR,Munich,XMUN
ETF,Germany,WMSE,Amundi MSCI World Momentum Screened Factor UCITS ETF Acc,EUR,Munich,XMUN
ETF,Germany,EEAD,BNP Paribas Easy MSCI Emerging ex China UCITS ETF Capitalisation,EUR,Munich,XMUN
ETF,Germany,EEAG,BNP Paribas Easy MSCI EMU Min TE UCITS ETF – EUR,EUR,Munich,XMUN
ETF,Germany,WMGT,WisdomTree Megatrends UCITS ETF - USD Acc,EUR,Munich,XMUN
ETF,Germany,EEAW,BNP Paribas Easy Equity Premium Income UCITS ETF Accumulation,EUR,Munich,XMUN
ETF,Germany,EMEH,BNP Paribas Energy & Metal UCITS,EUR,Munich,XMUN
ETF,Germany,WPAB,iShares MSCI World Paris-Aligned Climate UCITS ETF USD (Acc),EUR,Munich,XMUN
ETF,Germany,EMGD,Franklin FTSE Emerging Markets UCITS ETF USD Distributing,EUR,Munich,XMUN
ETF,Germany,ENTR,L&G Energy Transition UCITS ETF,EUR,Munich,XMUN
ETF,Germany,WH2E,Invesco S&P World Health Care ESG UCITS ETF Acc,EUR,Munich,XMUN
ETF,Germany,ESAD,BNP Paribas Easy FTSE EPRA Nareit Global Developed Green CTB UCITS ETF EUR Acc,EUR,Munich,XMUN
ETF,Germany,ESAE,BNP Paribas Easy MSCI World ESG Universal UCITS ETF,EUR,Munich,XMUN
ETF,Germany,ESAG,BNP Paribas Easy MSCI USA Small Cap Min TE UCITS ETF USD Acc,EUR,Munich,XMUN
ETF,Germany,ESEH,EasyETF - BNP Paribas Easy S&P 500 UCITS ETF,EUR,Munich,XMUN
ETF,Germany,WENH,WisdomTree Strategic Metals UCITS ETF Accum Hedged EUR,EUR,Munich,XMUN
ETF,Germany,ESIN,iShares MSCI Europe Industrials Sector UCITS ETF EUR (Acc),EUR,Munich,XMUN
ETF,Germany,ESNB,Expat Serbia BELEX15 UCITS ETF,EUR,Munich,XMUN
ETF,Germany,VCAS,Vanguard EUR Cash UCITS ETF - EUR Distributing,EUR,Munich,XMUN
ETF,Germany,ETLK,L&G Asia Pacific ex Japan Equity UCITS ETF,EUR,Munich,XMUN
ETF,Germany,EMSM,Invesco MSCI Emerging Markets UCITS ETF,EUR,Munich,XMUN
ETF,Germany,ECDC,Expat Croatia CROBEX UCITS ETF,EUR,Munich,XMUN
ETF,Germany,E61Z,Global X E-commerce UCITS ETF,EUR,Munich,XMUN
ETF,Germany,CEMN,iShares MSCI World ESG Enhanced CTB UCITS ETF,EUR,Munich,XMUN
ETF,Germany,CEMY,iShares World Equity High Income Active UCITS ETF EUR Hedged (Acc),EUR,Munich,XMUN
ETF,Germany,CHSE,UBS ETF (LU) MSCI EMU Climate Paris Aligned UCITS ETF (EUR) A-acc,EUR,Munich,XMUN
ETF,Germany,CHST,UBS ETF (LU) Bloomberg MSCI Global Liquid Corporates Sustainable UCITS ETF (EUR) A-Acc,EUR,Munich,XMUN
ETF,Germany,CHSW,UBS EUR Overnight Rate SF UCITS ETF,EUR,Munich,XMUN
ETF,Germany,CHSX,UBS USD Overnight Rate SF UCITS ETF,EUR,Munich,XMUN
ETF,Germany,CIB0,VanEck Medical Robotics and Bionic Engineering UCITS ETF A,EUR,Munich,XMUN
ETF,Germany,CSY2,UBS MSCI USA Selection UCITS ETF USD acc,EUR,Munich,XMUN
ETF,Germany,D6AT,Global X Disruptive Materials UCITS ETF USD Accumulating,EUR,Munich,XMUN
ETF,Germany,DZMW,DZ Bank MSCI World UCITS ETF,EUR,Munich,XMUN
ETF,Germany,DZEU,DZ Bank Euro STOXX 50 UCITS ETF,EUR,Munich,XMUN
ETF,Germany,DXSE,Xtrackers MSCI Europe Health Care Screened UCITS ETF 1C,EUR,Munich,XMUN
ETF,Germany,DXK7,IndexIQ Factors Sustainable Japan Equity UCITS ETF,EUR,Munich,XMUN
ETF,Germany,DX1F,IndexIQ Factors Sustainable Europe Equity UCITS ETF,EUR,Munich,XMUN
ETF,Germany,DRUP,Amundi MSCI Disruptive Technology ESG Screened UCITS ETF Acc,EUR,Munich,XMUN
ETF,Germany,DFSV,SPDR S&P Europe Defense Vision UCITS ETF,EUR,Munich,XMUN
ETF,Germany,DFOP,Amundi STOXX Europe 600 Consumer Staples UCITS ETF Acc,EUR,Munich,XMUN
ETF,Germany,DEGB,Dimensional Global ex US Core Equity Market UCITS ETF USD (Acc),EUR,Munich,XMUN
ETF,Germany,D6RP,Deka MSCI World Climate Change ESG UCITS ETF,EUR,Munich,XMUN
ETF,Germany,D6RI,Deka S&P 500 UCITS ETF,EUR,Munich,XMUN
ETF,Germany,WEIF,WisdomTree Europe Infrastructure UCITS ETF USD Unhedged Acc,EUR,Munich,XMUN
ETF,Germany,FTMA,First Trust US Equity Opportunities UCITS ETF,EUR,Munich,XMUN
ETF,Germany,FUSE,Fidelity US Equity Research Enhanced UCITS ETF ACC-EUR,EUR,Munich,XMUN
ETF,Germany,FWEA,Invesco FTSE All-World UCITS ETF EUR PfHdg Acc,EUR,Munich,XMUN
ETF,Germany,H41K,HSBC MSCI China A Inclusion UCITS ETF,EUR,Munich,XMUN
ETF,Germany,H41E,HSBC MSCI Emerging Markets Value Screened UCITS ETF USD Acc,EUR,Munich,XMUN
ETF,Germany,H41D,HSBC ETFs Public Limited Company - HSBC MSCI Japan UCITS ETF,EUR,Munich,XMUN
ETF,Germany,VGWD,Vanguard FTSE All-World High Dividend Yield UCITS ETF (USD) Distributing,EUR,Munich,XMUN
ETF,Germany,H41B,HSBC FTSE 250 UCITS ETF,EUR,Munich,XMUN
ETF,Germany,H415,HSBC Plus World Equity Income Quant Active UCITS ETF,EUR,Munich,XMUN
ETF,Germany,VFEA,Vanguard FTSE Emerging Markets UCITS ETF (USD) Accumulating,EUR,Munich,XMUN
ETF,Germany,VEXD,Vanguard FTSE Developed World UCITS ETF USD Accumulating,EUR,Munich,XMUN
ETF,Germany,GDJY,Goldman Sachs Alpha Enhanced Japan Equity Active UCITS ETF,EUR,Munich,XMUN
ETF,Germany,GTIS,Xtrackers World Small Cap Green Tech Innovators UCITS ETF 1C,EUR,Munich,XMUN
ETF,Germany,H412,HSBC USA Screened Equity UCITS ETF,EUR,Munich,XMUN
ETF,Germany,H416,HSBC PLUS World Equity Quant Active UCITS ETF USD Acc,EUR,Munich,XMUN
ETF,Germany,VGWE,Vanguard FTSE All-World High Dividend Yield UCITS ETF,EUR,Munich,XMUN
ETF,Germany,FTTC,Franklin S&P 500 Information Technology UCITS ETF,EUR,Munich,XMUN
ETF,Germany,FTGM,First Trust US Momentum UCITS ETF,EUR,Munich,XMUN
ETF,Germany,EUNN,iShares Core MSCI Japan IMI UCITS ETF,EUR,Munich,XMUN
ETF,Germany,EUP0,Ossiam Bloomberg World PAB UCITS ETF,EUR,Munich,XMUN
ETF,Germany,EWQA,Invesco NASDAQ-100 Equal Weight UCITS ETF Acc,EUR,Munich,XMUN
ETF,Germany,EXH1,iShares STOXX Europe 600 Oil & Gas UCITS ETF,EUR,Munich,XMUN
ETF,Germany,H4Z6,HSBC MSCI China UCITS ETF USD (Acc),EUR,Munich,XMUN
ETF,Germany,EXSB,ISHARES DIVDAX UCITS ETF,EUR,Munich,XMUN
ETF,Germany,FTGX,First Trust Global Funds Public Limited Company - First Trust Global Equity Income UCITS ETF,EUR,Munich,XMUN
ETF,Germany,W3B3,ETC Group Web 3.0 UCITS ETF Accumulating,EUR,Munich,XMUN
ETF,Germany,VYUS,WisdomTree US Value UCITS ETF - USD Acc,EUR,Munich,XMUN
ETF,Germany,EXU1,Xtrackers MSCI World ex USA UCITS ETF 1D,EUR,Munich,XMUN
ETF,Germany,FEUG,Fidelity Global Quality Income UCITS ETF GBP Hedged Inc,EUR,Munich,XMUN
ETF,Germany,FLXB,Franklin FTSE Brazil UCITS ETF,EUR,Munich,XMUN
ETF,Germany,FLXJ,Franklin FTSE Japan UCITS ETF (Acc),EUR,Munich,XMUN
ETF,Germany,FSPW,Franklin S&P World Screened UCITS ETF Acc,EUR,Munich,XMUN
ETF,Germany,F4R0,iShares MSCI Global Telecommunication Services UCITS ETF USD (Acc),EUR,Munich,XMUN
ETF,United States,FNGFEX,First Trust Global Funds PLC - FTGF NextG Global Equity UCITS Fund,USD,NASDAQ,XNAS
ETF,United States,KROP,Global X AgTech & Food Innovation UCITS ETF USD Acc,USD,NASDAQ,XNMS
ETF,United States,GLGG,L&G Clean Water UCITS ETF,USD,NASDAQ,XNMS
ETF,Czech Republic,BSWC,BlueSphere World Equity UCITS ETF – ACC CZK Hedged,CZK,PSE,XPRA
ETF,China,159188,iShares S&P Global Select Dividend 100 UCITS ETF (DE),CNY,SZSE,XSHE
ETF,China,159123,Xtrackers Harvest CSI 300 UCITS ETF 1D,CNY,SZSE,XSHE
ETF,China,159022,State Street SPDR MSCI All Country World Investable Market UCITS ETF USD Unhedged (Acc),CNY,SZSE,XSHE
ETF,China,159008,Amundi S&P World Health Care Screened UCITS ETF Acc,CNY,SZSE,XSHE
ETF,China,560210,Amundi MSCI USA Screened UCITS ETF Acc,CNY,SSE,XSHG
ETF,Germany,XDJE,Xtrackers Nikkei 225 UCITS ETF 2D EUR Hedged,EUR,XSTU,XSTU
ETF,Israel,IN.FF9,Invesco Technology S&P US Select Sector UCITS ETF,ILA,TASE,XTAE
ETF,Israel,IN.FF13,Invesco MSCI China All Shares Stock Connect UCITS ETF Acc,ILA,TASE,XTAE
ETF,Israel,IN.FF14,Invesco EURO STOXX 50 UCITS ETF Acc,ILA,TASE,XTAE
ETF,Israel,IN.FF15,Invesco Russell 2000 UCITS ETF Acc,ILA,TASE,XTAE
ETF,Israel,IN.FF16,Invesco S&P 500 Equal Weight UCITS ETF Acc,ILA,TASE,XTAE
ETF,Israel,IN.FF3,Invesco Financials S&P US Select Sector UCITS ETF,ILA,TASE,XTAE
ETF,Israel,IN.FF4,Invesco US Health Care S&P US Select Sector UCITS ETF,ILA,TASE,XTAE
ETF,Israel,IN.FF7,Invesco MSCI World UCITS ETF Acc,ILA,TASE,XTAE
ETF,Israel,IN.FF8,Invesco STOXX Europe 600 UCITS ETF,ILA,TASE,XTAE
ETF,Israel,IS.FF503,iShares S&P 500 Financials Sector UCITS ETF,ILA,TASE,XTAE
ETF,Israel,KSM.F17,KSM ETF S&P Eurozone 50 UCITS ETF,ILA,TASE,XTAE
ETF,Israel,IN.FF1,Invesco S&P 500 UCITS ETF Acc,ILA,TASE,XTAE
