etf_symbol,rank,holding_symbol,holding_name,weight_pct
STEC,1,ASML,ASML Holding N.V.,28.88
STEC,2,SAP,SAP SE,15.40
STEC,3,IFX,Infineon Technologies AG,9.22
STEC,4,REL,RELX plc,7.15
STEC,5,PRX,Prosus N.V.,6.10
STEC,6,ASM,ASM International NV,5.00
STEC,7,STMPA,STMicroelectronics N.V.,3.56
STEC,8,AMS,Amadeus IT Group S.A.,3.08
STEC,9,HEXA,Hexagon AB,2.39
STEC,10,CAP,Capgemini SE,2.29
EXCD,1,2330,Taiwan Semiconductor Manufacturing Company Limited,19.15
EXCD,2,005930,Samsung Electronics Co Ltd,8.88
EXCD,3,000660,SK hynix Inc,6.74
EXCD,4,4BRZ,iShares MSCI Brazil UCITS ETF (DE) USD (Acc),4.86
EXCD,5,2454,MediaTek Inc.,1.84
EXCD,6,2308,Delta Electronics Inc.,1.14
EXCD,7,005935,Samsung Electronics Co Ltd Participating Preferred,1.10
EXCD,8,2317,"Hon Hai Precision Industry Co., Ltd.",1.00
EXCD,9,HDFCBANK,HDFC Bank Limited,0.88
EXCD,10,RELIANCE,Reliance Industries Ltd.,0.83
EXA1,1,SAN,"Banco Santander, S.A.",13.91
EXA1,2,BBVA,"Banco Bilbao Vizcaya Argentaria, S.A.",10.41
EXA1,3,UCG,UniCredit S.p.A.,9.39
EXA1,4,ISP,Intesa Sanpaolo S.p.A.,7.77
EXA1,5,BNP,BNP Paribas SA,7.41
EXA1,6,INGA,ING Groep N.V.,6.80
EXA1,7,DBK,Deutsche Bank AG,4.58
EXA1,8,NDA,Nordea Bank Abp,4.47
EXA1,9,GLE,Société Générale SA,3.92
EXA1,10,CABK,"CaixaBank, S.A.",3.37
WFNS,1,JPM,JPMorgan Chase & Co.,5.75
WFNS,2,V,Visa Inc. Class A,4.43
WFNS,3,BRK,Berkshire Hathaway Inc. Class B,2.97
WFNS,4,MA,Mastercard Inc. Class A Common Stock,2.80
WFNS,5,HSBA,HSBC Holdings plc,2.34
WFNS,6,RY,Royal Bank of Canada,2.02
WFNS,7,GS,"The Goldman Sachs Group, Inc.",1.98
WFNS,8,BAC,Bank of America Corporation,1.96
WFNS,9,TD,Toronto-Dominion Bank,1.61
WFNS,10,ALV,Allianz SE,1.61
EPAD,1,ASML,ASML Holding N.V.,5.18
EPAD,2,HSBA,HSBC Holdings plc,2.59
EPAD,3,NOVN,Novartis AG Registered Shares,2.42
EPAD,4,ROP,Roche Holding AG,2.41
EPAD,5,AZN,AstraZeneca PLC,2.01
EPAD,6,ABBN,ABB Ltd,2.00
EPAD,7,SU,Schneider Electric SE,2.00
EPAD,8,SAP,SAP SE,1.72
EPAD,9,ALV,Allianz SE,1.57
EPAD,10,SAN,"Banco Santander, S.A.",1.31
VERX,1,ASML,ASML Holding N.V.,5.66
VERX,2,ROP,Roche Holding AG,2.67
VERX,3,NOVN,Novartis AG Registered Shares,2.47
VERX,4,NESN,Nestlé S.A.,2.18
VERX,5,SIE,Siemens Aktiengesellschaft,2.12
VERX,6,SAP,SAP SE,1.98
VERX,7,SAN,"Banco Santander, S.A.",1.89
VERX,8,ALV,Allianz SE,1.73
VERX,9,SU,Schneider Electric SE,1.62
VERX,10,UBSG,UBS Group AG,1.49
CNDX,1,NVDA,NVIDIA Corporation,8.04
CNDX,2,AAPL,Apple Inc.,7.51
CNDX,3,MSFT,Microsoft Corporation Common Stock,5.71
CNDX,4,AMZN,Amazon.com Inc.,4.84
CNDX,5,MU,Micron Technology Inc.,4.24
CNDX,6,AMD,Advanced Micro Devices Inc.,3.55
CNDX,7,GOOGL,Alphabet Inc. Class A Common Stock,3.43
CNDX,8,GOOG,Alphabet Inc. Class C Common Stock,3.22
CNDX,9,AVGO,Broadcom Inc.,3.06
CNDX,10,META,Meta Platforms Inc. Class A Common Stock,2.73
CEUU,1,ASML,ASML Holding N.V.,8.47
CEUU,2,SIE,Siemens Aktiengesellschaft,3.15
CEUU,3,SAP,SAP SE,2.92
CEUU,4,SAN,"Banco Santander, S.A.",2.66
CEUU,5,ALV,Allianz SE,2.52
CEUU,6,SU,Schneider Electric SE,2.42
CEUU,7,TTE,TotalEnergies SE,2.15
CEUU,8,BBVA,"Banco Bilbao Vizcaya Argentaria, S.A.",2.06
CEUU,9,IBE,"Iberdrola, S.A.",1.84
CEUU,10,AIR,Airbus SE,1.76
CEMU,1,ASML,ASML Holding N.V.,9.37
CEMU,2,SIE,Siemens Aktiengesellschaft,3.01
CEMU,3,SAP,SAP SE,2.84
CEMU,4,SAN,"Banco Santander, S.A.",2.66
CEMU,5,SU,Schneider Electric SE,2.43
CEMU,6,ALV,Allianz SE,2.39
CEMU,7,TTE,TotalEnergies SE,2.22
CEMU,8,BBVA,"Banco Bilbao Vizcaya Argentaria, S.A.",2.10
CEMU,9,IBE,"Iberdrola, S.A.",1.93
CEMU,10,SAF,Safran SA,1.74
CBEU,1,CRWD,"CrowdStrike Holdings, Inc.",8.85
CBEU,2,FTNT,"Fortinet, Inc.",8.08
CBEU,3,PANW,"Palo Alto Networks, Inc.",8.03
CBEU,4,CSCO,"Cisco Systems, Inc.",7.52
CBEU,5,AVGO,Broadcom Inc.,7.32
CBEU,6,OKTA,Okta Inc. Class A Common Stock,4.67
CBEU,7,NET,"Cloudflare, Inc. Class A Common Stock",4.39
CBEU,8,FFIV,"F5, Inc.",4.04
CBEU,9,ZS,Zscaler Inc.,4.03
CBEU,10,RBRK,Rubrik Inc. Class A Common Stock,3.39
BTC.XAMS,1,,Federal Home Loan Banks 3.25%,3.54
BTC.XAMS,2,OPER,ClearShares Ultra-Short Maturity ETF,3.12
BTC.XAMS,3,,Federal Home Loan Mortgage Corporation 0.12%,3.10
BTC.XAMS,4,,United States Treasury Notes 0.12%,3.10
BTC.XAMS,5,,Federal Home Loan Mortgage Corporation 0.38%,3.07
BTC.XAMS,6,,United States Treasury Notes 0.25%,3.05
BTC.XAMS,7,,Federal National Mortgage Association 0.75%,2.43
BTC.XAMS,8,,J.M. Smucker Company 3.5%,2.21
BTC.XAMS,9,,SALT LAKE CITY UTAH REDEV AGY TAX INCREMENT REV 5.11%,2.07
BTC.XAMS,10,,Pfizer Inc. 2.75%,1.98
RU2K,1,,TRS Russell 2000 Net 30% NR USD,100.00
ISPY,1,IQMM,ProShares GENIUS Money Market ETF,12.85
ISPY,2,NVDA,NVIDIA Corporation,7.08
ISPY,3,AAPL,Apple Inc.,6.22
ISPY,4,MSFT,Microsoft Corporation Common Stock,4.88
ISPY,5,AMZN,Amazon.com Inc.,3.13
ISPY,6,GOOGL,Alphabet Inc. Class A Common Stock,2.58
ISPY,7,AVGO,Broadcom Inc.,2.14
ISPY,8,GOOG,Alphabet Inc. Class C Common Stock,2.07
ISPY,9,META,Meta Platforms Inc. Class A Common Stock,2.05
IFRE,1,SU,Schneider Electric SE,8.80
IFRE,2,TTE,TotalEnergies SE,7.82
IFRE,3,AIR,Airbus SE,6.42
IFRE,4,SAF,Safran SA,6.32
IFRE,5,MC,LVMH Moët Hennessy Louis Vuitton SE,6.06
IFRE,6,AI,Air Liquide S.A.,5.75
IFRE,7,BNP,BNP Paribas SA,5.41
IFRE,8,OR,L'Oréal S.A.,4.96
IFRE,9,SAN,Sanofi SA,4.48
IFRE,10,CS,AXA SA,3.64
IOGP,1,COP,ConocoPhillips,10.32
IOGP,2,CNQ,Canadian Natural Resources Ltd.,10.21
IOGP,3,EOG,"EOG Resources, Inc.",9.70
IOGP,4,DVN,Devon Energy Corporation,7.15
IOGP,5,WDS,Woodside Energy Group Ltd,5.77
IOGP,6,FANG,Diamondback Energy Inc.,5.02
IOGP,7,EQT,EQT Corporation,4.47
IOGP,8,EXE,Expand Energy Corp,3.08
IOGP,9,1605,Inpex Corporation,2.92
IOGP,10,TPL,Texas Pacific Land Corporation,2.76
BEL,1,UCB,UCB SA,12.23
BEL,2,ARGX,argenx SE,12.19
BEL,3,KBC,KBC Group NV,12.13
BEL,4,ABI,Anheuser-Busch InBev SA/NV,11.55
BEL,5,AGS,ageas SA/NV,8.28
BEL,6,AED,Aedifica SA,4.41
BEL,7,ELI,Elia Group SA/NV,4.28
BEL,8,ACKB,Ackermans & van Haaren NV,4.27
BEL,9,SYENS,Syensqo SA/NV,4.25
BEL,10,GBLB,Groupe Bruxelles Lambert SA,3.92
S5USAS,1,AAPL,Apple Inc.,5.92
S5USAS,2,NVDA,NVIDIA Corporation,5.67
S5USAS,3,MSFT,Microsoft Corporation Common Stock,5.18
S5USAS,4,GOOGL,Alphabet Inc. Class A Common Stock,4.53
S5USAS,5,TSLA,"Tesla, Inc.",4.00
S5USAS,6,ISP,Intesa Sanpaolo S.p.A.,3.85
SEMA,1,2330,Taiwan Semiconductor Manufacturing Company Limited,15.54
SEMA,2,005930,Samsung Electronics Co Ltd,7.51
SEMA,3,000660,SK hynix Inc,5.87
SEMA,4,CNYA,iShares MSCI China A UCITS ETF,3.33
SEMA,5,0700,Tencent Holdings Limited,2.73
SEMA,6,4BRZ,iShares MSCI Brazil UCITS ETF (DE) USD (Acc),1.96
SEMA,7,9988,Alibaba Group Holding Ltd.,1.85
SEMA,8,2454,MediaTek Inc.,1.82
SEMA,9,2308,Delta Electronics Inc.,0.94
SEMA,10,005935,Samsung Electronics Co Ltd Participating Preferred,0.93
ACWD,1,NVDA,NVIDIA Corporation,5.11
ACWD,2,AAPL,Apple Inc.,4.76
ACWD,3,MSFT,Microsoft Corporation Common Stock,3.52
ACWD,4,AMZN,Amazon.com Inc.,2.35
ACWD,5,GOOGL,Alphabet Inc. Class A Common Stock,1.97
ACWD,6,2330,Taiwan Semiconductor Manufacturing Company Limited,1.87
ACWD,7,META,Meta Platforms Inc. Class A Common Stock,1.55
ACWD,8,AVGO,Broadcom Inc.,1.54
ACWD,9,GOOG,Alphabet Inc. Class C Common Stock,1.54
ACWD,10,MU,Micron Technology Inc.,1.17
XRSM,1,NVDA,NVIDIA Corporation,8.23
XRSM,2,AAPL,Apple Inc.,7.51
XRSM,3,MSFT,Microsoft Corporation Common Stock,5.78
XRSM,4,AMZN,Amazon.com Inc.,4.06
XRSM,5,GOOGL,Alphabet Inc. Class A Common Stock,3.19
XRSM,6,AVGO,Broadcom Inc.,2.69
XRSM,7,GOOG,Alphabet Inc. Class C Common Stock,2.50
XRSM,8,META,Meta Platforms Inc. Class A Common Stock,2.03
XRSM,9,MU,Micron Technology Inc.,1.75
XRSM,10,TSLA,"Tesla, Inc.",1.67
SXLK,1,NVDA,NVIDIA Corporation,21.11
SXLK,2,AAPL,Apple Inc.,18.56
SXLK,3,MSFT,Microsoft Corporation Common Stock,14.55
SXLK,4,AVGO,Broadcom Inc.,6.38
SXLK,5,MU,Micron Technology Inc.,4.59
SXLK,6,AMD,Advanced Micro Devices Inc.,3.82
SXLK,7,INTC,Intel Corporation,2.28
SXLK,8,PLTR,Palantir Technologies Inc. Class A Common Stock,1.64
SXLK,9,CSCO,"Cisco Systems, Inc.",1.62
SXLK,10,LRCX,Lam Research Corp.,1.57
SXLE,1,XOM,ExxonMobil Holdings Corporation,29.89
SXLE,2,CVX,Chevron Corporation,18.02
SXLE,3,COP,ConocoPhillips,6.71
SXLE,4,VLO,Valero Energy Corporation,4.98
SXLE,5,MPC,Marathon Petroleum Corp.,4.96
SXLE,6,PSX,Phillips 66,4.55
SXLE,7,WMB,"The Williams Companies, Inc.",3.71
SXLE,8,SLB,SLB N.V.,3.23
SXLE,9,EOG,"EOG Resources, Inc.",3.23
SXLE,10,KMI,Kinder Morgan Inc.,2.64
ISAG,1,ADM,Archer-Daniels-Midland Company,7.99
ISAG,2,CTVA,Corteva Inc.,7.98
ISAG,3,DE,Deere & Company,6.48
ISAG,4,NTR,Nutrien Ltd.,5.69
ISAG,5,CF,"CF Industries Holdings, Inc.",5.65
ISAG,6,BG,Bunge Global SA,5.46
ISAG,7,TSN,"Tyson Foods, Inc. Class A Common Stock",4.79
ISAG,8,6326,Kubota Corporation,4.66
ISAG,9,CNH,CNH Industrial N.V.,3.05
ISAG,10,DAR,Darling Ingredients Inc.,2.62
IUFS,1,BRK,Berkshire Hathaway Inc. Class B,12.32
IUFS,2,JPM,JPMorgan Chase & Co.,11.68
IUFS,3,V,Visa Inc. Class A,8.13
IUFS,4,MA,Mastercard Inc. Class A Common Stock,5.92
IUFS,5,BAC,Bank of America Corporation,4.70
IUFS,6,GS,"The Goldman Sachs Group, Inc.",3.48
IUFS,7,WFC,Wells Fargo & Company,3.21
IUFS,8,MS,Morgan Stanley Common Stock,2.98
IUFS,9,C,Citigroup Inc.,2.88
IUFS,10,AXP,American Express Company,2.13
IWVL,1,MU,Micron Technology Inc.,13.63
IWVL,2,CSCO,"Cisco Systems, Inc.",2.94
IWVL,3,VZ,Verizon Communications Inc.,2.20
IWVL,4,T,AT&T Inc.,1.71
IWVL,5,7203,Toyota Motor Corporation,1.69
IWVL,6,CMCSA,Comcast Corp. Class A Common Stock,1.48
IWVL,7,QCOM,QUALCOMM Incorporated,1.33
IWVL,8,HPE,Hewlett Packard Enterprise Company,1.29
IWVL,9,GM,General Motors Co.,1.11
IWVL,10,PFE,Pfizer Inc.,1.11
WTEC,1,NVDA,NVIDIA Corporation,18.65
WTEC,2,AAPL,Apple Inc.,17.02
WTEC,3,MSFT,Microsoft Corporation Common Stock,13.09
WTEC,4,AVGO,Broadcom Inc.,6.09
WTEC,5,MU,Micron Technology Inc.,3.96
WTEC,6,AMD,Advanced Micro Devices Inc.,2.81
WTEC,7,ASML,ASML Holding N.V.,2.40
WTEC,8,CSCO,"Cisco Systems, Inc.",1.60
WTEC,9,PLTR,Palantir Technologies Inc. Class A Common Stock,1.49
WTEC,10,INTC,Intel Corporation,1.44
IJPU,1,8306,"Mitsubishi UFJ Financial Group, Inc.",4.66
IJPU,2,7203,Toyota Motor Corporation,3.27
IJPU,3,8035,Tokyo Electron Ltd.,3.09
IJPU,4,8316,"Sumitomo Mitsui Financial Group, Inc.",2.97
IJPU,5,6857,Advantest Corporation,2.95
IJPU,6,6501,Hitachi Ltd.,2.86
IJPU,7,9984,SoftBank Group Corp.,2.82
IJPU,8,6098,"Recruit Holdings Co., Ltd.",2.62
IJPU,9,6758,Sony Group Corp.,2.57
IJPU,10,285A,Kioxia Holdings Corp.,2.45
VDEV,1,NVDA,NVIDIA Corporation,5.34
VDEV,2,AAPL,Apple Inc.,4.75
VDEV,3,MSFT,Microsoft Corporation Common Stock,3.91
VDEV,4,AMZN,Amazon.com Inc.,2.61
VDEV,5,GOOGL,Alphabet Inc. Class A Common Stock,2.04
VDEV,6,AVGO,Broadcom Inc.,1.79
VDEV,7,GOOG,Alphabet Inc. Class C Common Stock,1.66
VDEV,8,META,Meta Platforms Inc. Class A Common Stock,1.30
VDEV,9,MU,Micron Technology Inc.,1.12
VDEV,10,TSLA,"Tesla, Inc.",1.11
VDEM,1,2330,Taiwan Semiconductor Manufacturing Company Limited,17.02
VDEM,2,0700,Tencent Holdings Limited,3.34
VDEM,3,9988,Alibaba Group Holding Ltd.,2.55
VDEM,4,2454,MediaTek Inc.,1.68
VDEM,5,2308,Delta Electronics Inc.,1.03
VDEM,6,00939,China Construction Bank Corp Class H,0.99
VDEM,7,2317,"Hon Hai Precision Industry Co., Ltd.",0.89
VDEM,8,RELIANCE,Reliance Industries Ltd.,0.83
VDEM,9,HDFCBANK,HDFC Bank Limited,0.78
VDEM,10,ICICIBANK,ICICI Bank Ltd.,0.75
IMID,1,NVDA,NVIDIA Corporation,4.36
IMID,2,AAPL,Apple Inc.,3.90
IMID,3,MSFT,Microsoft Corporation Common Stock,2.98
IMID,4,AMZN,Amazon.com Inc.,2.10
IMID,5,GOOGL,Alphabet Inc. Class A Common Stock,1.70
IMID,6,2330,Taiwan Semiconductor Manufacturing Company Limited,1.63
IMID,7,AVGO,Broadcom Inc.,1.40
IMID,8,GOOG,Alphabet Inc. Class C Common Stock,1.33
IMID,9,META,Meta Platforms Inc. Class A Common Stock,1.04
IMID,10,MU,Micron Technology Inc.,0.94
DLTM,1,4BRZ,iShares MSCI Brazil UCITS ETF (DE) USD (Acc),8.15
DLTM,2,VALE3,Vale S.A.,5.22
DLTM,3,ITUB4,Itau Unibanco Holding SA Participating Preferred,4.88
DLTM,4,NU,Nu Holdings Ltd. Class A Ordinary Shares,4.83
DLTM,5,GMEXICOB,Grupo Mexico S.A.B. de C.V.,4.50
DLTM,6,GFNORTEO,Grupo Financiero Banorte S.A.B. de C.V.,4.25
DLTM,7,PETR4,Petroleo Brasileiro SA Petrobras Participating Preferred,3.98
DLTM,8,PETR3,Petroleo Brasileiro S.A.,3.50
DLTM,9,BAP,Credicorp Ltd.,3.13
DLTM,10,FEMSAUBD,"Fomento Económico Mexicano, S.A.B. de C.V.",2.43
BGX,1,SPHP,Sopharma AD,19.51
BGX,2,SLYG,Shelly Group SE,18.15
BGX,3,,Advance Terrafund REIT,16.54
BGX,4,EHG,Eurohold Bulgaria AD,16.33
BGX,5,,Doverie United Holding,11.06
BGX,6,,Bulgarian Real Estate Fd,5.90
BGX,7,,Chimimport AD,4.43
BGX,8,,First Investment Bank,3.63
BGX,9,,Telelink Business Service,3.00
BGX,10,,Holding Varna AD,1.45
POWA,1,KEYS,"Keysight Technologies, Inc.",2.45
POWA,2,MTD,Mettler-Toledo International Inc.,2.28
POWA,3,MSFT,Microsoft Corporation Common Stock,2.27
POWA,4,NXPI,NXP Semiconductors N.V.,2.26
POWA,5,KLAC,KLA Corporation,2.23
POWA,6,ULTA,"Ulta Beauty, Inc.",2.22
POWA,7,EBAY,eBay Inc.,2.22
POWA,8,ISRG,Intuitive Surgical Inc.,2.20
POWA,9,SNX,TD SYNNEX Corporation,2.19
POWA,10,AME,"AMETEK, Inc.",2.19
ACUG,1,2330,Taiwan Semiconductor Manufacturing Company Limited,15.41
ACUG,2,2303,United Microelectronics Corporation,5.63
ACUG,3,009150,Samsung Electro-Mechanics Co Ltd,5.46
ACUG,4,2308,Delta Electronics Inc.,5.05
ACUG,5,3017,"Asia Vital Components Co., Ltd.",3.64
ACUG,6,402340,SK Square,2.58
ACUG,7,006400,Samsung SDI Co Ltd,2.11
ACUG,8,9999,NetEase Inc.,2.07
ACUG,9,00939,China Construction Bank Corp Class H,1.88
ACUG,10,NPN,Naspers Limited,1.63
AIFS,1,PLTR,Palantir Technologies Inc. Class A Common Stock,5.57
AIFS,2,MSFT,Microsoft Corporation Common Stock,5.15
AIFS,3,PANW,"Palo Alto Networks, Inc.",4.98
AIFS,4,AMZN,Amazon.com Inc.,4.32
AIFS,5,AAPL,Apple Inc.,4.23
AIFS,6,2330,Taiwan Semiconductor Manufacturing Company Limited,4.21
AIFS,7,NVDA,NVIDIA Corporation,4.16
AIFS,8,ASML,ASML Holding N.V.,3.75
AIFS,9,AVGO,Broadcom Inc.,3.75
AIFS,10,AMD,Advanced Micro Devices Inc.,3.73
XDWM,1,LIN,Linde plc,7.54
XDWM,2,BHP,BHP Group Ltd.,7.38
XDWM,3,NEM,Newmont Corporation,4.19
XDWM,4,AI,Air Liquide S.A.,4.14
XDWM,5,FCX,Freeport-McMoRan Inc.,3.45
XDWM,6,RIO,Rio Tinto plc,3.45
XDWM,7,AEM,Agnico Eagle Mines Limited,3.20
XDWM,8,SHW,The Sherwin-Williams Company,2.53
XDWM,9,ECL,Ecolab Inc.,2.39
XDWM,10,GLEN,Glencore plc,2.38
AAKI,1,TSLA,"Tesla, Inc.",9.47
AAKI,2,SPCX,Space Exploration Technologies Corp. Class A Common Stock,5.30
AAKI,3,PLTR,Palantir Technologies Inc. Class A Common Stock,4.96
AAKI,4,NVDA,NVIDIA Corporation,4.84
AAKI,5,TSM,Taiwan Semiconductor Manufacturing Company Ltd. ADR,4.18
AAKI,6,META,Meta Platforms Inc. Class A Common Stock,4.13
AAKI,7,GOOG,Alphabet Inc. Class C Common Stock,3.67
AAKI,8,SHOP,Shopify Inc.,3.49
AAKI,9,AMZN,Amazon.com Inc.,3.48
AAKI,10,CRWV,CoreWeave Inc. Class A Common Stock,3.46
EL4D,1,BAYN,Bayer AG,8.83
EL4D,2,SDF,K+S Aktiengesellschaft,7.39
EL4D,3,BOL,Boliden AB (publ),7.30
EL4D,4,PUM,PUMA SE,6.42
EL4D,5,ORSTED,Ørsted A/S,5.79
EL4D,6,CAST,Castellum AB (publ),5.57
EL4D,7,DRX,Drax Group plc,5.25
EL4D,8,IAG,International Consolidated Airlines Group S.A.,4.98
EL4D,9,URW,Unibail-Rodamco-Westfield SE,4.92
EL4D,10,LHA,Deutsche Lufthansa AG,4.67
QDVS,1,2330,Taiwan Semiconductor Manufacturing Company Limited,18.64
QDVS,2,2303,United Microelectronics Corporation,4.38
QDVS,3,2308,Delta Electronics Inc.,4.09
QDVS,4,009150,Samsung Electro-Mechanics Co Ltd,3.81
QDVS,5,3017,"Asia Vital Components Co., Ltd.",3.55
QDVS,6,006400,Samsung SDI Co Ltd,3.38
QDVS,7,00939,China Construction Bank Corp Class H,2.87
QDVS,8,402340,SK Square,2.56
QDVS,9,HCLTECH,HCL Technologies Limited,2.13
QDVS,10,3690,Meituan,1.51
CSP5,1,NVDA,NVIDIA Corporation,8.31
CSP5,2,AAPL,Apple Inc.,6.95
CSP5,3,MSFT,Microsoft Corporation Common Stock,5.64
CSP5,4,AMZN,Amazon.com Inc.,3.77
CSP5,5,GOOGL,Alphabet Inc. Class A Common Stock,3.01
CSP5,6,AVGO,Broadcom Inc.,2.65
CSP5,7,GOOG,Alphabet Inc. Class C Common Stock,2.40
CSP5,8,META,Meta Platforms Inc. Class A Common Stock,1.89
CSP5,9,MU,Micron Technology Inc.,1.59
CSP5,10,TSLA,"Tesla, Inc.",1.50
H4ZJ,1,NVDA,NVIDIA Corporation,5.43
H4ZJ,2,AAPL,Apple Inc.,5.07
H4ZJ,3,MSFT,Microsoft Corporation Common Stock,3.91
H4ZJ,4,AMZN,Amazon.com Inc.,2.79
H4ZJ,5,GOOGL,Alphabet Inc. Class A Common Stock,2.18
H4ZJ,6,AVGO,Broadcom Inc.,1.79
H4ZJ,7,GOOG,Alphabet Inc. Class C Common Stock,1.72
H4ZJ,8,META,Meta Platforms Inc. Class A Common Stock,1.37
H4ZJ,9,MU,Micron Technology Inc.,1.13
H4ZJ,10,TSLA,"Tesla, Inc.",1.06
H4ZT,1,BBCA,Bank Central Asia Tbk,30.03
H4ZT,2,BBRI,Bank Rakyat Indonesia (Persero) Tbk,18.19
H4ZT,3,BMRI,Bank Mandiri (Persero) Tbk.,14.92
H4ZT,4,TLKM,Telkom Indonesia (Persero) Tbk,10.77
H4ZT,5,ASII,Astra International Tbk,7.31
H4ZT,6,BBNI,Bank Negara Indonesia (Persero) Tbk,4.64
H4ZT,7,BRMS,Bumi Resources Minerals Tbk.,4.00
H4ZT,8,BRPT,PT Barito Pacific Tbk,3.31
H4ZT,9,UNTR,United Tractors Tbk.,2.73
H4ZT,10,CPIN,Charoen Pokphand Indonesia Tbk.,1.77
BCFN,1,V,Visa Inc. Class A,6.29
BCFN,2,MA,Mastercard Inc. Class A Common Stock,6.05
BCFN,3,JPM,JPMorgan Chase & Co.,5.08
BCFN,4,BAC,Bank of America Corporation,4.75
BCFN,5,SCHW,The Charles Schwab Corporation,4.36
BCFN,6,IBKR,"Interactive Brokers Group, Inc. Class A Common Stock",4.17
BCFN,7,MS,Morgan Stanley Common Stock,3.92
BCFN,8,SPGI,S&P Global Inc.,3.79
BCFN,9,MCO,Moody's Corporation,3.66
BCFN,10,LPLA,LPL Financial Holdings Inc.,3.51
LTWN,1,NVDA,NVIDIA Corporation,29.51
LTWN,2,2330,Taiwan Semiconductor Manufacturing Company Limited,12.05
LTWN,3,AVGO,Broadcom Inc.,10.08
LTWN,4,MU,Micron Technology Inc.,7.58
LTWN,5,AMD,Advanced Micro Devices Inc.,6.25
LTWN,6,000660,SK hynix Inc,4.53
LTWN,7,ASML,ASML Holding N.V.,4.45
LTWN,8,INTC,Intel Corporation,3.21
LTWN,9,AMAT,Applied Materials Inc.,2.56
LTWN,10,LRCX,Lam Research Corp.,2.55
LCUK,1,HSBA,HSBC Holdings plc,9.64
LCUK,2,SHEL,Shell plc,6.84
LCUK,3,AZN,AstraZeneca PLC,6.80
LCUK,4,RR,Rolls-Royce Holdings plc,4.66
LCUK,5,ULVR,Unilever PLC,3.82
LCUK,6,BATS,British American Tobacco plc,3.29
LCUK,7,RIO,Rio Tinto plc,3.01
LCUK,8,BP,BP p.l.c.,2.89
LCUK,9,GSK,GSK plc,2.73
LCUK,10,BARC,Barclays PLC,2.41
JUIE,1,NVDA,NVIDIA Corporation,8.46
JUIE,2,AAPL,Apple Inc.,6.77
JUIE,3,MSFT,Microsoft Corporation Common Stock,6.22
JUIE,4,AMZN,Amazon.com Inc.,4.22
JUIE,5,GOOGL,Alphabet Inc. Class A Common Stock,3.05
JUIE,6,AVGO,Broadcom Inc.,2.76
JUIE,7,GOOG,Alphabet Inc. Class C Common Stock,2.38
JUIE,8,META,Meta Platforms Inc. Class A Common Stock,1.99
JUIE,9,MU,Micron Technology Inc.,1.75
JUIE,10,TSLA,"Tesla, Inc.",1.34
IBCH,1,NVDA,NVIDIA Corporation,5.37
IBCH,2,AAPL,Apple Inc.,5.02
IBCH,3,MSFT,Microsoft Corporation Common Stock,3.87
IBCH,4,AMZN,Amazon.com Inc.,2.76
IBCH,5,GOOGL,Alphabet Inc. Class A Common Stock,2.16
IBCH,6,AVGO,Broadcom Inc.,1.77
IBCH,7,GOOG,Alphabet Inc. Class C Common Stock,1.70
IBCH,8,META,Meta Platforms Inc. Class A Common Stock,1.36
IBCH,9,MU,Micron Technology Inc.,1.13
IBCH,10,TSLA,"Tesla, Inc.",1.05
XESD,1,SAN,"Banco Santander, S.A.",20.95
XESD,2,BBVA,"Banco Bilbao Vizcaya Argentaria, S.A.",16.02
XESD,3,IBE,"Iberdrola, S.A.",15.54
XESD,4,ITX,"Industria de Diseño Textil, S.A.",7.28
XESD,5,CABK,"CaixaBank, S.A.",5.30
XESD,6,REP,Repsol S.A.,3.44
XESD,7,MT,ArcelorMittal S.A.,3.09
XESD,8,AMS,Amadeus IT Group S.A.,2.83
XESD,9,FER,Ferrovial N.V.,2.70
XESD,10,ACS,"ACS, Actividades de Construcción y Servicios, S.A.",2.31
DBX2,1,,BSJPDD16 TRS USD P E,195.87
DBX2,2,,ISJPDD16 TRS USD R E ISJPDD16_99362530,113.10
DBX2,3,,TRS MSCI EM Asia NR USD,100.00
DBX2,4,,ISJP3DD16 TRS USD R E ISJPDD16_1D,83.83
DBX2,5,EPD,Enterprise Products Partners L.P.,7.22
DBX2,6,INFO,Harbor PanAgora Dynamic Large Cap Core ETF,6.79
DBX2,7,AAPL,Apple Inc.,6.18
DBX2,8,XLNX,Xilinx Inc,4.70
DBX2,9,HPQ,HP Inc.,4.03
DBX2,10,KSU,Kansas City Southern,3.91
B41J,1,HO,Thales S.A.,8.90
B41J,2,DG,Vinci SA,7.82
B41J,3,HOLN,Holcim Ltd,7.57
B41J,4,AENA,Aena SME SA,7.46
B41J,5,FER,Ferrovial N.V.,7.37
B41J,6,LDO,Leonardo S.p.A.,5.52
B41J,7,ORSTED,Ørsted A/S,4.53
B41J,8,TEF,Telefónica S.A.,3.60
B41J,9,VER,Verbund AG,3.53
B41J,10,CLNX,"Cellnex Telecom, S.A.",3.43
MWOT,1,NVDA,NVIDIA Corporation,12.28
MWOT,2,AAPL,Apple Inc.,11.17
MWOT,3,MSFT,Microsoft Corporation Common Stock,10.21
MWOT,4,AVGO,Broadcom Inc.,4.79
MWOT,5,AMZN,Amazon.com Inc.,4.57
MWOT,6,TSLA,"Tesla, Inc.",3.85
MWOT,7,META,Meta Platforms Inc. Class A Common Stock,3.69
MWOT,8,GOOGL,Alphabet Inc. Class A Common Stock,3.44
MWOT,9,LLY,Eli Lilly and Company,2.88
MWOT,10,GOOG,Alphabet Inc. Class C Common Stock,2.81
DXSP,1,AAPL,Apple Inc.,9.18
DXSP,2,AMZN,Amazon.com Inc.,8.63
DXSP,3,KLAC,KLA Corporation,7.18
DXSP,4,NOC,Northrop Grumman Corporation,5.60
DXSP,5,MU,Micron Technology Inc.,5.47
DXSP,6,COF,Capital One Financial Corp.,4.91
DXSP,7,META,Meta Platforms Inc. Class A Common Stock,4.89
DXSP,8,LMT,Lockheed Martin Corporation,4.78
DX2Z,1,PLTR,Palantir Technologies Inc. Class A Common Stock,7.20
DX2Z,2,TSLA,"Tesla, Inc.",7.10
DX2Z,3,DIS,The Walt Disney Company,4.56
DX2Z,4,BRK,Berkshire Hathaway Inc. Class B,4.53
DX2Z,5,NFLX,Netflix Inc.,4.51
DX2Z,6,AMD,Advanced Micro Devices Inc.,4.51
DX2Z,7,AMZN,Amazon.com Inc.,4.51
DX2Z,8,SPOT,Spotify Technology S.A.,4.48
DRNZ,1,AVAV,"AeroVironment, Inc.",13.56
DRNZ,2,NXSN,Next Vision Stabilized Systems Ltd.,12.83
DRNZ,3,ONDS,Ondas Inc.,12.22
DRNZ,4,UMAC,Unusual Machines Inc.,5.37
DRNZ,5,278A,Terra Drone Corporation,4.73
DRNZ,6,DRO,DroneShield Limited,4.21
DRNZ,7,RCAT,Red Cat Holdings Inc.,3.52
DRNZ,8,PLTR,Palantir Technologies Inc. Class A Common Stock,3.19
DRNZ,9,ELS,Elsight Ltd.,3.18
DRNZ,10,AVEX,AEVEX Corp. Class A Common Stock,3.12
MAXJ,1,IVV,iShares Core S&P 500 ETF,99.32
MAXJ,2,XTSLA,BlackRock Cash Funds Treasury SL Agency,0.65
DXSA,1,MUV2,Münchener Rückversicherungs-Gesellschaft Aktiengesellschaft in München,4.37
DXSA,2,PUB,Publicis Groupe S.A.,4.35
DXSA,3,G,Assicurazioni Generali S.p.A.,4.25
DXSA,4,CS,AXA SA,4.14
DXSA,5,MBG,Mercedes-Benz Group AG,3.86
DXSA,6,ENEL,Enel S.p.A.,3.79
DXSA,7,BN,Danone S.A.,3.78
DXSA,8,TTE,TotalEnergies SE,3.76
DXSA,9,NN,NN Group N.V.,3.71
DXSA,10,VIE,Veolia Environnement SA,3.60
BBCK,1,SHEL,Shell plc,5.81
BBCK,2,BAC,Bank of America Corporation,4.56
BBCK,3,WFC,Wells Fargo & Company,4.41
BBCK,4,NOVN,Novartis AG Registered Shares,4.37
BBCK,5,C,Citigroup Inc.,3.97
BBCK,6,CRM,"Salesforce, Inc.",3.31
BBCK,7,SCHW,The Charles Schwab Corporation,3.06
BBCK,8,8058,Mitsubishi Corporation,2.48
BBCK,9,INGA,ING Groep N.V.,2.43
BBCK,10,MPC,Marathon Petroleum Corp.,1.96
IROB,1,ILMN,Illumina Inc.,1.98
IROB,2,AUTO,AutoStore Holdings Ltd,1.95
IROB,3,G1A,GEA Group AG,1.87
IROB,4,ZBRA,Zebra Technologies Corp. Class A Common Stock,1.86
IROB,5,2395,"Advantech Co., Ltd.",1.80
IROB,6,IOT,Samsara Inc. Class A Common Stock,1.70
IROB,7,1590,Airtac International Group,1.68
IROB,8,EMR,Emerson Electric Co.,1.68
IROB,9,NDSN,Nordson Corporation,1.68
IROB,10,6273,SMC Corporation,1.67
EUNI,1,6274,Taiwan Union Technology Corporation,0.72
EUNI,2,8046,Nan Ya Printed Circuit Board Corporation,0.60
EUNI,3,3189,Kinsus Interconnect Technology Corp.,0.58
EUNI,4,6770,Powerchip Semiconductor Manufacturing Corp.,0.52
EUNI,5,2313,Compeq Manufacturing Co. Ltd.,0.44
EUNI,6,3044,Tripod Technology Corp.,0.44
EUNI,7,2409,AU Optronics Corp.,0.43
EUNI,8,2337,"Macronix International Co., Ltd.",0.43
EUNI,9,3529,eMemory Technology Inc.,0.40
EUNI,10,3081,LandMark Optoelectronics Corporation,0.40
EWSX,1,MRNA,Moderna Inc.,0.56
EWSX,2,VEEV,Veeva Systems Inc.,0.32
EWSX,3,ZBRA,Zebra Technologies Corp. Class A Common Stock,0.31
EWSX,4,CRL,"Charles River Laboratories International, Inc.",0.30
EWSX,5,DASH,"DoorDash, Inc. Class A Common Stock",0.29
EWSX,6,EXPE,Expedia Group Inc.,0.29
EWSX,7,CRM,"Salesforce, Inc.",0.28
EWSX,8,WDAY,Workday Inc Class A Common Stock,0.28
EWSX,9,GPN,Global Payments Inc.,0.27
EWSX,10,ABNB,Airbnb Inc. Class A Common Stock,0.27
XDDA,1,SIE,Siemens Aktiengesellschaft,11.70
XDDA,2,SAP,SAP SE,10.78
XDDA,3,ALV,Allianz SE,9.57
XDDA,4,AIR,Airbus SE,6.48
XDDA,5,ENR,Siemens Energy AG,6.45
XDDA,6,DTE,Deutsche Telekom AG,5.49
XDDA,7,IFX,Infineon Technologies AG,4.10
XDDA,8,DBK,Deutsche Bank AG,3.69
XDDA,9,MUV2,Münchener Rückversicherungs-Gesellschaft Aktiengesellschaft in München,3.68
XDDA,10,DB1,Deutsche Börse AG,2.99
FTMA,1,PGLXX,Putnam Government Money Market Fund Class P,3.75
UIQ4,1,VIE,Veolia Environnement SA,95.30
UIQ4,2,AAPL,Apple Inc.,5.78
UIQ4,3,NVDA,NVIDIA Corporation,5.17
UIQ4,4,GOOG,Alphabet Inc. Class C Common Stock,4.38
UIQ4,5,TSLA,"Tesla, Inc.",3.90
UIQ4,6,ENEL,Enel S.p.A.,3.43
UIQ4,7,AMZN,Amazon.com Inc.,3.25
UIQ4,8,ENI,Eni S.p.A.,2.58
UIQ4,9,AMD,Advanced Micro Devices Inc.,2.48
10AI,1,ASML,ASML Holding N.V.,4.52
10AI,2,HSBA,HSBC Holdings plc,2.51
10AI,3,ROP,Roche Holding AG,2.12
10AI,4,NOVN,Novartis AG Registered Shares,1.93
10AI,5,SHEL,Shell plc,1.77
10AI,6,NESN,Nestlé S.A.,1.74
10AI,7,AZN,AstraZeneca PLC,1.73
10AI,8,SIE,Siemens Aktiengesellschaft,1.70
10AI,9,SAP,SAP SE,1.60
10AI,10,SAN,"Banco Santander, S.A.",1.46
XASX,1,HSBA,HSBC Holdings plc,17.95
XASX,2,ULVR,Unilever PLC,7.97
XASX,3,RIO,Rio Tinto plc,6.34
XASX,4,GSK,GSK plc,5.81
XASX,5,LLOY,Lloyds Banking Group plc,4.96
XASX,6,REL,RELX plc,3.63
XASX,7,LSEG,London Stock Exchange Group plc,3.06
XASX,8,CPG,Compass Group plc,2.98
XASX,9,RKT,Reckitt Benckiser Group plc,2.53
XASX,10,HLN,Haleon plc,2.51
EUNE,1,ASML,ASML Holding N.V.,8.83
EUNE,2,SIE,Siemens Aktiengesellschaft,4.71
EUNE,3,SAP,SAP SE,4.28
EUNE,4,SAN,"Banco Santander, S.A.",4.13
EUNE,5,SU,Schneider Electric SE,3.85
EUNE,6,ALV,Allianz SE,3.81
EUNE,7,TTE,TotalEnergies SE,3.76
EUNE,8,BBVA,"Banco Bilbao Vizcaya Argentaria, S.A.",3.12
EUNE,9,UCG,UniCredit S.p.A.,2.83
EUNE,10,IBE,"Iberdrola, S.A.",2.82
WDTE,1,FGXXX,First American Government Obligations Fund Class X,7.91
EXV5,1,RACE,Ferrari N.V.,26.30
EXV5,2,ML,Michelin (CGDE),14.61
EXV5,3,MBG,Mercedes-Benz Group AG,13.89
EXV5,4,BMW,Bayerische Motoren Werke AG,11.64
EXV5,5,VOW3,Volkswagen AG Preferred Stock,8.92
EXV5,6,STLAM,Stellantis N.V.,4.98
EXV5,7,CON,Continental AG,4.56
EXV5,8,RNO,Renault SA,3.37
EXV5,9,P911,Dr. Ing. h.c. F. Porsche Aktiengesellschaft Preference,3.08
EXV5,10,PAH3,Porsche Automobil Holding SE Preference Shares,2.41
CEMQ,1,ASML,ASML Holding N.V.,9.61
CEMQ,2,ALV,Allianz SE,4.60
CEMQ,3,ABBN,ABB Ltd,4.11
CEMQ,4,RR,Rolls-Royce Holdings plc,3.46
CEMQ,5,ROP,Roche Holding AG,2.94
CEMQ,6,NOVN,Novartis AG Registered Shares,2.91
CEMQ,7,NESN,Nestlé S.A.,2.91
CEMQ,8,ZURN,Zurich Insurance Group AG,2.90
CEMQ,9,ULVR,Unilever PLC,2.68
CEMQ,10,AZN,AstraZeneca PLC,2.68
IS3T,1,TEAM,Atlassian Corporation Class A Common Stock,0.28
IS3T,2,VMRK,Vivmark Residential,0.25
IS3T,3,OKTA,Okta Inc. Class A Common Stock,0.24
IS3T,4,SN,"SharkNinja, Inc.",0.23
IS3T,5,VEEV,Veeva Systems Inc.,0.21
IS3T,6,NTRA,"Natera, Inc.",0.21
IS3T,7,WDAY,Workday Inc Class A Common Stock,0.20
IS3T,8,HPE,Hewlett Packard Enterprise Company,0.20
IS3T,9,PNDORA,Pandora A/S,0.20
IS3T,10,7272,"Yamaha Motor Co., Ltd.",0.20
IUSB,1,TMCXX,BlackRock Liquidity Funds TempCash - Institutional,5.04
IS3Q,1,MSFT,Microsoft Corporation Common Stock,6.28
IS3Q,2,AAPL,Apple Inc.,5.45
IS3Q,3,NVDA,NVIDIA Corporation,5.04
IS3Q,4,V,Visa Inc. Class A,3.56
IS3Q,5,META,Meta Platforms Inc. Class A Common Stock,3.29
IS3Q,6,ASML,ASML Holding N.V.,3.04
IS3Q,7,LLY,Eli Lilly and Company,2.49
IS3Q,8,MA,Mastercard Inc. Class A Common Stock,2.07
IS3Q,9,LRCX,Lam Research Corp.,1.91
IS3Q,10,TJX,"The TJX Companies, Inc.",1.89
CBUK,1,0700,Tencent Holdings Limited,7.86
CBUK,2,9999,NetEase Inc.,7.55
CBUK,3,1810,Xiaomi Corporation,7.21
CBUK,4,PDD,PDD Holdings Inc. American Depositary Receipt,6.99
CBUK,5,9988,Alibaba Group Holding Ltd.,6.78
CBUK,6,0992,Lenovo Group Limited,4.98
CBUK,7,9618,"JD.com, Inc.",4.18
CBUK,8,9888,"Baidu, Inc.",3.33
CBUK,9,300750,Contemporary Amperex Technology Co. Ltd.,2.23
CBUK,10,03750,Contemporary Amperex Technology Co Ltd Ordinary Shares - Class H,2.12
2B79,1,CRWD,"CrowdStrike Holdings, Inc.",4.24
2B79,2,6098,"Recruit Holdings Co., Ltd.",3.96
2B79,3,PANW,"Palo Alto Networks, Inc.",3.94
2B79,4,SHOP,Shopify Inc.,3.47
2B79,5,FTNT,"Fortinet, Inc.",3.34
2B79,6,META,Meta Platforms Inc. Class A Common Stock,3.21
2B79,7,DDOG,Datadog Inc. Class A,3.11
2B79,8,MA,Mastercard Inc. Class A Common Stock,2.88
2B79,9,V,Visa Inc. Class A,2.86
2B79,10,MELI,MercadoLibre Inc.,2.72
2B7C,1,CAT,Caterpillar Inc.,6.62
2B7C,2,GE,General Electric Company,6.42
2B7C,3,RTX,RTX Corporation,5.12
2B7C,4,GEV,GE Vernova Inc.,4.40
2B7C,5,UNP,Union Pacific Corp.,3.26
2B7C,6,BA,The Boeing Company,2.97
2B7C,7,UBER,Uber Technologies Inc.,2.88
2B7C,8,DE,Deere & Company,2.84
2B7C,9,ETN,Eaton Corporation plc,2.81
2B7C,10,PH,Parker-Hannifin Corporation,2.25
UETW,1,NVDA,NVIDIA Corporation,5.58
UETW,2,AAPL,Apple Inc.,5.09
UETW,3,MSFT,Microsoft Corporation Common Stock,3.92
UETW,4,AMZN,Amazon.com Inc.,2.75
UETW,5,GOOGL,Alphabet Inc. Class A Common Stock,2.16
UETW,6,AVGO,Broadcom Inc.,1.82
UETW,7,GOOG,Alphabet Inc. Class C Common Stock,1.70
UETW,8,META,Meta Platforms Inc. Class A Common Stock,1.38
UETW,9,MU,Micron Technology Inc.,1.18
UETW,10,TSLA,"Tesla, Inc.",1.13
ESIH,1,ROP,Roche Holding AG,16.82
ESIH,2,NOVN,Novartis AG Registered Shares,15.06
ESIH,3,AZN,AstraZeneca PLC,14.12
ESIH,4,NOVO,Novo Nordisk A/S,7.09
ESIH,5,GSK,GSK plc,5.64
ESIH,6,SAN,Sanofi SA,5.16
ESIH,7,ARGX,argenx SE,3.45
ESIH,8,BAYN,Bayer AG,3.06
ESIH,9,LONN,Lonza Group AG,2.77
ESIH,10,EL,EssilorLuxottica,2.75
XUEK,1,ASML,ASML Holding N.V.,5.90
XUEK,2,ROP,Roche Holding AG,2.76
XUEK,3,NOVN,Novartis AG Registered Shares,2.52
XUEK,4,NESN,Nestlé S.A.,2.26
XUEK,5,SIE,Siemens Aktiengesellschaft,2.15
XUEK,6,SAP,SAP SE,2.04
XUEK,7,SAN,"Banco Santander, S.A.",1.99
XUEK,8,ALV,Allianz SE,1.80
XUEK,9,SU,Schneider Electric SE,1.67
XUEK,10,TTE,TotalEnergies SE,1.65
FLXC,1,0700,Tencent Holdings Limited,11.97
FLXC,2,9988,Alibaba Group Holding Ltd.,8.99
FLXC,3,00939,China Construction Bank Corp Class H,3.86
FLXC,4,01398,Industrial And Commercial Bank Of China Ltd Class H,2.74
FLXC,5,PDD,PDD Holdings Inc. American Depositary Receipt,2.10
FLXC,6,1810,Xiaomi Corporation,1.93
FLXC,7,03988,Bank Of China Ltd Class H,1.84
FLXC,8,3690,Meituan,1.75
FLXC,9,9999,NetEase Inc.,1.56
FLXC,10,02318,Ping An Insurance (Group) Co. of China Ltd Class H,1.42
SLMB,1,ASML,ASML Holding N.V.,10.28
SLMB,2,SIE,Siemens Aktiengesellschaft,3.31
SLMB,3,SAP,SAP SE,3.12
SLMB,4,SAN,"Banco Santander, S.A.",2.93
SLMB,5,SU,Schneider Electric SE,2.65
SLMB,6,ALV,Allianz SE,2.62
SLMB,7,TTE,TotalEnergies SE,2.44
SLMB,8,BBVA,"Banco Bilbao Vizcaya Argentaria, S.A.",2.30
SLMB,9,IBE,"Iberdrola, S.A.",2.12
SLMB,10,UCG,UniCredit S.p.A.,1.87
4MMR,1,PLTR,Palantir Technologies Inc. Class A Common Stock,10.64
4MMR,2,RTX,RTX Corporation,9.38
4MMR,3,GD,General Dynamics Corp.,8.68
4MMR,4,LMT,Lockheed Martin Corporation,8.29
4MMR,5,BA,The Boeing Company,8.12
4MMR,6,NOC,Northrop Grumman Corporation,7.70
4MMR,7,RHM,Rheinmetall AG,7.24
4MMR,8,LHX,"L3Harris Technologies, Inc.",5.68
4MMR,9,012450,Hanwha Aerospace Co Ltd,3.17
4MMR,10,HO,Thales S.A.,2.96
IIND,1,TCS,Tata Consultancy Services Ltd.,4.42
IIND,2,DIXON,Dixon Technologies (India) Ltd.,4.30
IIND,3,M&M,Mahindra & Mahindra Ltd.,4.28
IIND,4,INFY,Infosys Ltd.,4.25
IIND,5,500696,Hindustan Unilever Ltd,4.18
IIND,6,BAJAJ,Bajaj Auto Limited,4.02
IIND,7,PERSISTENT,Persistent Systems Ltd.,4.01
IIND,8,500034,Bajaj Finance Ltd,3.98
IIND,9,TITAN,Titan Company Limited,3.70
IIND,10,PIDILITIND,Pidilite Industries Limited,3.66
XBCU,1,V,V,100.00
IHCU,1,LLY,Eli Lilly and Company,15.15
IHCU,2,JNJ,Johnson & Johnson,10.44
IHCU,3,ABBV,AbbVie Inc.,7.57
IHCU,4,MRK,"Merck & Co., Inc.",5.87
IHCU,5,UNH,UnitedHealth Group Inc.,5.39
IHCU,6,TMO,Thermo Fisher Scientific Inc.,4.09
IHCU,7,AMGN,Amgen Inc. Common Stock,3.73
IHCU,8,GILD,"Gilead Sciences, Inc.",3.03
IHCU,9,ABT,Abbott Laboratories,2.80
IHCU,10,PFE,Pfizer Inc.,2.66
COWZ,1,QCOM,QUALCOMM Incorporated,2.32
COWZ,2,VLO,Valero Energy Corporation,2.23
COWZ,3,MPC,Marathon Petroleum Corp.,2.17
COWZ,4,GEV,GE Vernova Inc.,2.15
COWZ,5,PFE,Pfizer Inc.,2.14
COWZ,6,SNDK,Sandisk Corp.,2.13
COWZ,7,GILD,"Gilead Sciences, Inc.",2.10
COWZ,8,ACN,Accenture PLC Class A,2.09
COWZ,9,CVX,Chevron Corporation,2.09
COWZ,10,MO,"Altria Group, Inc.",2.08
0MIU,1,NVDA,NVIDIA Corporation,8.52
0MIU,2,AAPL,Apple Inc.,7.42
0MIU,3,MSFT,Microsoft Corporation Common Stock,6.01
0MIU,4,MU,Micron Technology Inc.,4.76
0MIU,5,AMZN,Amazon.com Inc.,4.45
0MIU,6,AMD,Advanced Micro Devices Inc.,3.38
0MIU,7,GOOGL,Alphabet Inc. Class A Common Stock,3.15
0MIU,8,TSLA,"Tesla, Inc.",2.93
0MIU,9,GOOG,Alphabet Inc. Class C Common Stock,2.92
0MIU,10,AVGO,Broadcom Inc.,2.80
DDGC,1,NVDA,NVIDIA Corporation,3.96
DDGC,2,MSFT,Microsoft Corporation Common Stock,3.87
DDGC,3,AAPL,Apple Inc.,3.55
DDGC,4,AMZN,Amazon.com Inc.,1.94
DDGC,5,META,Meta Platforms Inc. Class A Common Stock,1.75
DDGC,6,GOOGL,Alphabet Inc. Class A Common Stock,1.21
DDGC,7,AVGO,Broadcom Inc.,0.98
DDGC,8,GOOG,Alphabet Inc. Class C Common Stock,0.96
DDGC,9,MU,Micron Technology Inc.,0.90
DDGC,10,LLY,Eli Lilly and Company,0.70
ISDU,1,MSFT,Microsoft Corporation Common Stock,15.37
ISDU,2,MU,Micron Technology Inc.,6.98
ISDU,3,TSLA,"Tesla, Inc.",5.89
ISDU,4,AMD,Advanced Micro Devices Inc.,5.79
ISDU,5,XOM,ExxonMobil Holdings Corporation,3.91
ISDU,6,JNJ,Johnson & Johnson,3.70
ISDU,7,INTC,Intel Corporation,3.07
ISDU,8,CSCO,"Cisco Systems, Inc.",2.46
ISDU,9,LRCX,Lam Research Corp.,2.39
ISDU,10,AMAT,Applied Materials Inc.,2.36
ISDW,1,MSFT,Microsoft Corporation Common Stock,13.62
ISDW,2,MU,Micron Technology Inc.,4.52
ISDW,3,TSLA,"Tesla, Inc.",3.82
ISDW,4,AMD,Advanced Micro Devices Inc.,3.76
ISDW,5,ASML,ASML Holding N.V.,2.65
ISDW,6,XOM,ExxonMobil Holdings Corporation,2.54
ISDW,7,JNJ,Johnson & Johnson,2.40
ISDW,8,INTC,Intel Corporation,1.99
ISDW,9,CSCO,"Cisco Systems, Inc.",1.59
ISDW,10,LRCX,Lam Research Corp.,1.55
CPJ1,1,BHP,BHP Group Ltd.,10.32
CPJ1,2,CBA,Commonwealth Bank of Australia,7.94
CPJ1,3,D05,DBS Group Holdings Ltd.,5.18
CPJ1,4,1299,AIA Group Limited,4.25
CPJ1,5,NAB,National Australia Bank Ltd.,3.55
CPJ1,6,WBC,Westpac Banking Corporation,3.50
CPJ1,7,O39,Oversea-Chinese Banking Corporation Limited,3.35
CPJ1,8,ANZ,ANZ Group Holdings Limited,3.34
CPJ1,9,MQG,Macquarie Group Limited,2.75
CPJ1,10,WES,Wesfarmers Limited,2.74
ISFE,1,2408,Nanya Technology Corp.,1.79
ISFE,2,2344,Winbond Electronics Corp.,1.51
ISFE,3,8299,Phison Electronics Corporation,1.05
ISFE,4,6274,Taiwan Union Technology Corporation,0.99
ISFE,5,3189,Kinsus Interconnect Technology Corp.,0.80
ISFE,6,8046,Nan Ya Printed Circuit Board Corporation,0.77
ISFE,7,3081,LandMark Optoelectronics Corporation,0.77
ISFE,8,2313,Compeq Manufacturing Co. Ltd.,0.69
ISFE,9,2337,"Macronix International Co., Ltd.",0.64
ISFE,10,6770,Powerchip Semiconductor Manufacturing Corp.,0.60
CSP1,1,NVDA,NVIDIA Corporation,8.37
CSP1,2,AAPL,Apple Inc.,7.36
CSP1,3,MSFT,Microsoft Corporation Common Stock,5.76
CSP1,4,AMZN,Amazon.com Inc.,3.70
CSP1,5,GOOGL,Alphabet Inc. Class A Common Stock,3.06
CSP1,6,AVGO,Broadcom Inc.,2.53
CSP1,7,GOOG,Alphabet Inc. Class C Common Stock,2.45
CSP1,8,META,Meta Platforms Inc. Class A Common Stock,2.42
CSP1,9,MU,Micron Technology Inc.,1.82
CSP1,10,TSLA,"Tesla, Inc.",1.51
CES1,1,GTT,Gaztransport et technigaz SA,1.47
CES1,2,TKA,thyssenkrupp AG,1.35
CES1,3,SPIE,SPIE SA,1.19
CES1,4,EDEN,Edenred SE,1.12
CES1,5,LTMC,Lottomatica Group S.p.A.,1.10
CES1,6,AED,Aedifica SA,1.09
CES1,7,ACKB,Ackermans & van Haaren NV,1.06
CES1,8,KCR,Konecranes Oyj,1.05
CES1,9,SPM,Saipem S.p.A.,1.05
CES1,10,IMCD,IMCD N.V.,1.03
ICDU,1,AMZN,Amazon.com Inc.,33.80
ICDU,2,TSLA,"Tesla, Inc.",15.77
ICDU,3,HD,"The Home Depot, Inc.",6.60
ICDU,4,MCD,McDonald's Corporation,3.78
ICDU,5,BKNG,Booking Holdings Inc.,3.20
ICDU,6,TJX,"The TJX Companies, Inc.",3.00
ICDU,7,SBUX,Starbucks Corp.,2.47
ICDU,8,LOW,"Lowe's Companies, Inc.",2.34
ICDU,9,DASH,"DoorDash, Inc. Class A Common Stock",1.80
ICDU,10,ABNB,Airbnb Inc. Class A Common Stock,1.59
ISDE,1,000660,SK hynix Inc,15.54
ISDE,2,005930,Samsung Electronics Co Ltd,14.05
ISDE,3,2454,MediaTek Inc.,4.78
ISDE,4,2308,Delta Electronics Inc.,2.48
ISDE,5,2317,"Hon Hai Precision Industry Co., Ltd.",2.08
ISDE,6,005935,Samsung Electronics Co Ltd Participating Preferred,1.75
ISDE,7,402340,SK Square,1.67
ISDE,8,3711,"ASE Technology Holding Co., Ltd.",1.58
ISDE,9,RELIANCE,Reliance Industries Ltd.,1.54
ISDE,10,009150,Samsung Electro-Mechanics Co Ltd,1.34
0IYF,1,WPM,Wheaton Precious Metals Corp.,23.47
0IYF,2,PAAS,Pan American Silver Corp.,11.32
0IYF,3,CDE,Coeur Mining Inc.,10.69
0IYF,4,HL,Hecla Mining Company,4.78
0IYF,5,PE&OLES,"Industrias Peñoles, S.A.B. de C.V.",4.69
0IYF,6,SSRM,SSR Mining Inc.,4.28
0IYF,7,OR,OR Royalties Inc.,4.11
0IYF,8,FRES,Fresnillo plc,4.00
0IYF,9,BVN,Compañía de Minas Buenaventura S.A.A. ADR,3.73
CS51,1,ASML,ASML Holding N.V.,8.81
CS51,2,SIE,Siemens Aktiengesellschaft,4.70
CS51,3,SAP,SAP SE,4.27
CS51,4,SAN,"Banco Santander, S.A.",4.12
CS51,5,SU,Schneider Electric SE,3.84
CS51,6,ALV,Allianz SE,3.80
CS51,7,TTE,TotalEnergies SE,3.75
CS51,8,BBVA,"Banco Bilbao Vizcaya Argentaria, S.A.",3.11
CS51,9,UCG,UniCredit S.p.A.,2.82
CS51,10,IBE,"Iberdrola, S.A.",2.81
COMX,1,WGLD,WisdomTree Core Physical Gold,8.38
COMX,2,AAPL,Apple Inc.,7.34
COMX,3,MSFT,Microsoft Corporation Common Stock,7.32
COMX,4,KLAC,KLA Corporation,5.92
COMX,5,BRK,Berkshire Hathaway Inc. Class B,5.84
COMX,6,UNP,Union Pacific Corp.,4.96
INCM,1,PG,The Procter & Gamble Company,1.93
INCM,2,INFXX,Institutional Fiduciary Trust Money Market Pt,1.79
INCM,3,XOM,ExxonMobil Holdings Corporation,1.55
INCM,4,CVX,Chevron Corporation,1.42
INCM,5,PEP,"PepsiCo, Inc.",1.14
INCM,6,HD,"The Home Depot, Inc.",1.12
INCM,7,DUK,Duke Energy Corporation,1.10
INCM,8,SHEL,Shell plc American Depositary Shares (Each representing two Ordinary shares),1.08
0DZH,1,ROP,Roche Holding AG,16.85
0DZH,2,NOVN,Novartis AG Registered Shares,14.98
0DZH,3,NESN,Nestlé S.A.,13.54
0DZH,4,UBSG,UBS Group AG,9.00
0DZH,5,ABBN,ABB Ltd,8.36
0DZH,6,CFR,Compagnie Financière Richemont SA,6.86
0DZH,7,ZURN,Zurich Insurance Group AG,6.01
0DZH,8,SREN,Swiss Re AG,2.85
0DZH,9,LONN,Lonza Group AG,2.74
0DZH,10,HOLN,Holcim Ltd,2.41
CIND,1,GS,"The Goldman Sachs Group, Inc.",11.45
CIND,2,CAT,Caterpillar Inc.,8.86
CIND,3,MSFT,Microsoft Corporation Common Stock,5.68
CIND,4,AMGN,Amgen Inc. Common Stock,4.78
CIND,5,UNH,UnitedHealth Group Inc.,4.35
CIND,6,V,Visa Inc. Class A,4.22
CIND,7,TRV,"The Travelers Companies, Inc.",4.09
CIND,8,JPM,JPMorgan Chase & Co.,3.96
CIND,9,GOOGL,Alphabet Inc. Class A Common Stock,3.84
CIND,10,SHW,The Sherwin-Williams Company,3.82
CHTE,1,9988,Alibaba Group Holding Ltd.,10.86
CHTE,2,0700,Tencent Holdings Limited,9.68
CHTE,3,1810,Xiaomi Corporation,8.31
CHTE,4,3690,Meituan,7.60
CHTE,5,9999,NetEase Inc.,5.97
CHTE,6,01211,BYD Co Ltd Class H,5.65
CHTE,7,9888,"Baidu, Inc.",3.59
CHTE,8,2269,Wuxi Biologics (Cayman) Inc.,3.11
CHTE,9,1801,Innovent Biologics Inc.,2.84
CHTE,10,03750,Contemporary Amperex Technology Co Ltd Ordinary Shares - Class H,1.99
XAXD,1,TSLA,"Tesla, Inc.",5.98
XAXD,2,UPS,"United Parcel Service, Inc. Class B Common Stock",4.55
XAXD,3,GOOG,Alphabet Inc. Class C Common Stock,4.12
XAXD,4,LLY,Eli Lilly and Company,4.09
IKSA,1,1120,Al Rajhi Bank,16.98
IKSA,2,2222,Saudi Arabian Oil Co.,13.35
IKSA,3,1180,The Saudi National Bank,10.79
IKSA,4,7010,Saudi Telecom Company,7.55
IKSA,5,1211,Saudi Arabian Mining Company,6.88
IKSA,6,2010,Saudi Basic Industries Corporation,3.81
IKSA,7,2082,Acwa Power Co.,3.80
IKSA,8,1010,Riyad Bank,3.46
IKSA,9,1150,Alinma Bank,3.21
IKSA,10,1060,Saudi Awwal Bank,2.92
CMB1,1,UCG,UniCredit S.p.A.,14.88
CMB1,2,ISP,Intesa Sanpaolo S.p.A.,14.26
CMB1,3,ENEL,Enel S.p.A.,9.27
CMB1,4,ENI,Eni S.p.A.,6.23
CMB1,5,G,Assicurazioni Generali S.p.A.,5.74
CMB1,6,RACE,Ferrari N.V.,5.70
CMB1,7,PRY,Prysmian S.p.A.,5.10
CMB1,8,STMPA,STMicroelectronics N.V.,4.21
CMB1,9,BMPS,Banca Monte dei Paschi di Siena S.p.A.,3.24
CMB1,10,BPE,BPER Banca SpA,3.02
CYBP,1,OKTA,Okta Inc. Class A Common Stock,6.16
CYBP,2,QLYS,"Qualys, Inc.",5.95
CYBP,3,CRWD,"CrowdStrike Holdings, Inc.",5.51
CYBP,4,RBRK,Rubrik Inc. Class A Common Stock,5.45
CYBP,5,ZS,Zscaler Inc.,5.33
CYBP,6,S,Safe & Green Holdings Corp.,5.21
CYBP,7,NET,"Cloudflare, Inc. Class A Common Stock",4.85
CYBP,8,PANW,"Palo Alto Networks, Inc.",4.75
CYBP,9,VRNS,"Varonis Systems, Inc.",4.72
CYBP,10,RPD,"Rapid7, Inc.",4.71
CJPU,1,8306,"Mitsubishi UFJ Financial Group, Inc.",4.65
CJPU,2,7203,Toyota Motor Corporation,3.26
CJPU,3,8035,Tokyo Electron Ltd.,3.09
CJPU,4,8316,"Sumitomo Mitsui Financial Group, Inc.",2.97
CJPU,5,6857,Advantest Corporation,2.95
CJPU,6,6501,Hitachi Ltd.,2.85
CJPU,7,9984,SoftBank Group Corp.,2.82
CJPU,8,6098,"Recruit Holdings Co., Ltd.",2.62
CJPU,9,6758,Sony Group Corp.,2.57
CJPU,10,285A,Kioxia Holdings Corp.,2.45
CHRG,1,JCI,Johnson Controls International plc,4.67
CHRG,2,SHEL,Shell plc,4.51
CHRG,3,BP,BP p.l.c.,3.92
CHRG,4,BE,Bloom Energy Corp. Class A Common Stock,3.92
CHRG,5,SLDP,"Solid Power, Inc.",3.63
CHRG,6,ACHR,Archer Aviation Inc. Class A Common Stock,3.10
CHRG,7,UMI,Umicore SA,3.03
CHRG,8,6762,TDK Corporation,2.68
CHRG,9,300001,"Qingdao Tgood Electric Co., Ltd.",2.56
CHRG,10,QS,QuantumScape Corporation,2.46
CNKY,1,6857,Advantest Corporation,10.95
CNKY,2,8035,Tokyo Electron Ltd.,8.85
CNKY,3,9983,Fast Retailing Co. Ltd.,8.50
CNKY,4,9984,SoftBank Group Corp.,7.71
CNKY,5,6098,"Recruit Holdings Co., Ltd.",2.52
CNKY,6,6762,TDK Corporation,2.23
CNKY,7,4062,"Ibiden Co., Ltd.",2.21
CNKY,8,285A,Kioxia Holdings Corp.,1.90
CNKY,9,9433,KDDI Corp,1.76
CNKY,10,5803,Fujikura Ltd.,1.57
IDPE,1,III,3i Group plc,7.60
IDPE,2,BN,Brookfield Corporation,7.47
IDPE,3,BX,Blackstone Inc.,6.65
IDPE,4,APO,Apollo Global Management Inc.,6.58
IDPE,5,BAM,Brookfield Asset Management Ltd. Class A Limited Voting Shares,6.40
IDPE,6,SOL,Washington H. Soul Pattinson and Company Limited,4.53
IDPE,7,ARCC,Ares Capital Corp.,4.13
IDPE,8,EQT,EQT AB,3.78
IDPE,9,PGHN,Partners Group Holding AG,3.77
IDPE,10,KKR,"Korro Bio, Inc.",3.71
IDP6,1,CORT,Corcept Therapeutics Inc.,0.60
IDP6,2,GKOS,Glaukos Corp.,0.59
IDP6,3,PAYC,"Paycom Software, Inc.",0.55
IDP6,4,EAT,Brinker International Inc.,0.55
IDP6,5,MTCH,Match Group Inc.,0.54
IDP6,6,JXN,Jackson Financial Inc.,0.52
IDP6,7,VSAT,Viasat Inc.,0.51
IDP6,8,KMX,CarMax Inc.,0.49
IDP6,9,RHP,"Ryman Hospitality Properties, Inc.",0.49
CHPS,1,AMD,Advanced Micro Devices Inc.,5.27
CHPS,2,MU,Micron Technology Inc.,5.00
CHPS,3,NVDA,NVIDIA Corporation,4.99
CHPS,4,INTC,Intel Corporation,4.87
CHPS,5,ASML,ASML Holding N.V.,4.65
CHPS,6,2330,Taiwan Semiconductor Manufacturing Company Limited,4.45
CHPS,7,LRCX,Lam Research Corp.,4.40
CHPS,8,000660,SK hynix Inc,4.24
CHPS,9,MRVL,Marvell Technology Inc.,4.24
CHPS,10,2454,MediaTek Inc.,4.17
IDNA,1,MRNA,Moderna Inc.,11.20
IDNA,2,TWST,Twist Bioscience Corporation,7.70
IDNA,3,IOVA,Iovance Biotherapeutics Inc.,4.98
IDNA,4,GMAB,Genmab A/S,3.98
IDNA,5,RVMD,"Revolution Medicines, Inc.",3.79
IDNA,6,BAYN,Bayer AG,3.60
IDNA,7,MRK,"Merck & Co., Inc.",3.32
IDNA,8,4502,"Takeda Pharmaceutical Co., Ltd.",3.30
IDNA,9,REGN,"Regeneron Pharmaceuticals, Inc.",3.29
IDNA,10,INCY,Incyte Corp.,3.27
CSPX,1,NVDA,NVIDIA Corporation,8.37
CSPX,2,AAPL,Apple Inc.,7.36
CSPX,3,MSFT,Microsoft Corporation Common Stock,5.76
CSPX,4,AMZN,Amazon.com Inc.,3.70
CSPX,5,GOOGL,Alphabet Inc. Class A Common Stock,3.06
CSPX,6,AVGO,Broadcom Inc.,2.53
CSPX,7,GOOG,Alphabet Inc. Class C Common Stock,2.45
CSPX,8,META,Meta Platforms Inc. Class A Common Stock,2.42
CSPX,9,MU,Micron Technology Inc.,1.82
CSPX,10,TSLA,"Tesla, Inc.",1.51
CHNX,1,300750,Contemporary Amperex Technology Co. Ltd.,8.29
CHNX,2,300502,Eoptolink Technology Inc.,6.98
CHNX,3,300308,"Zhongji Innolight Co., Ltd.",6.43
CHNX,4,300059,"East Money Information Co., Ltd.",5.56
CHNX,5,300394,"Suzhou TFC Optical Communication Co., Ltd.",3.72
CHNX,6,300408,Chaozhou Three-Circle Group Co. Ltd.,3.52
CHNX,7,300476,"Victory Giant Technology Co., Ltd.",3.45
CHNX,8,300604,"Hangzhou Chang Chuan Technology Co., Ltd.",3.40
CHNX,9,300124,"Shenzhen Inovance Technology Co., Ltd.",3.02
CHNX,10,300274,"Sungrow Power Supply Co., Ltd.",3.01
URNG,1,CCO,Cameco Corporation,14.52
URNG,2,NXE,NexGen Energy Ltd.,7.41
URNG,3,UEC,Uranium Energy Corp.,6.94
URNG,4,OKLO,Oklo Inc. Class A Common Stock,6.75
URNG,5,KAP,National Atomic Co Kazatomprom JSC GDR - Regulation S,5.57
URNG,6,PDN,Paladin Energy Ltd,4.32
URNG,7,EFR,Energy Fuels Inc.,4.19
URNG,8,LEU,Centrus Energy Corp. Class A Common Stock,3.68
URNG,9,SMR,NuScale Power Corporation Class A Common Stock,3.59
URNG,10,DML,Denison Mines Corp.,3.52
IDJG,1,ASML,ASML Holding N.V.,20.04
IDJG,2,SIE,Siemens Aktiengesellschaft,6.54
IDJG,3,SAP,SAP SE,6.04
IDJG,4,SU,Schneider Electric SE,5.46
IDJG,5,BBVA,"Banco Bilbao Vizcaya Argentaria, S.A.",4.48
IDJG,6,SAF,Safran SA,4.00
IDJG,7,ENR,Siemens Energy AG,3.75
IDJG,8,AIR,Airbus SE,3.62
IDJG,9,AI,Air Liquide S.A.,3.52
IDJG,10,MC,LVMH Moët Hennessy Louis Vuitton SE,3.10
IDFF,1,2330,Taiwan Semiconductor Manufacturing Company Limited,19.40
IDFF,2,005930,Samsung Electronics Co Ltd,9.03
IDFF,3,000660,SK hynix Inc,6.83
IDFF,4,CNYA,iShares MSCI China A UCITS ETF,4.48
IDFF,5,0700,Tencent Holdings Limited,3.67
IDFF,6,9988,Alibaba Group Holding Ltd.,2.50
IDFF,7,2454,MediaTek Inc.,1.87
IDFF,8,D05,DBS Group Holdings Ltd.,1.26
IDFF,9,2308,Delta Electronics Inc.,1.16
IDFF,10,005935,Samsung Electronics Co Ltd Participating Preferred,1.12
URND,1,CCO,Cameco Corporation,14.52
URND,2,NXE,NexGen Energy Ltd.,7.41
URND,3,UEC,Uranium Energy Corp.,6.94
URND,4,OKLO,Oklo Inc. Class A Common Stock,6.75
URND,5,KAP,National Atomic Co Kazatomprom JSC GDR - Regulation S,5.57
URND,6,PDN,Paladin Energy Ltd,4.32
URND,7,EFR,Energy Fuels Inc.,4.19
URND,8,LEU,Centrus Energy Corp. Class A Common Stock,3.68
URND,9,SMR,NuScale Power Corporation Class A Common Stock,3.59
URND,10,DML,Denison Mines Corp.,3.52
IDKO,1,005930,Samsung Electronics Co Ltd,26.80
IDKO,2,000660,SK hynix Inc,13.98
IDKO,3,402340,SK Square,4.25
IDKO,4,009150,Samsung Electro-Mechanics Co Ltd,3.56
IDKO,5,005935,Samsung Electronics Co Ltd Participating Preferred,3.35
IDKO,6,105560,KB Financial Group Inc,2.71
IDKO,7,005380,Hyundai Motor Co,2.38
IDKO,8,055550,Shinhan Financial Group Co Ltd,2.04
IDKO,9,034020,Doosan Enerbility Co Ltd,1.77
IDKO,10,012450,Hanwha Aerospace Co Ltd,1.73
IDWP,1,PLD,"Prologis, Inc.",7.47
IDWP,2,EQIX,"Equinix, Inc.",6.06
IDWP,3,DLR,Digital Realty Trust Inc.,3.96
IDWP,4,SPG,Simon Property Group Inc.,3.90
IDWP,5,O,Realty Income Corp.,3.08
IDWP,6,PSA,Public Storage,2.89
IDWP,7,VMRK,Vivmark Residential,2.80
IDWP,8,VTR,"Ventas, Inc.",2.64
IDWP,9,IRM,Iron Mountain Inc.,2.00
IDWP,10,EXR,Extra Space Storage Inc.,1.67
IESU,1,XOM,ExxonMobil Holdings Corporation,28.63
IESU,2,CVX,Chevron Corporation,16.66
IESU,3,COP,ConocoPhillips,7.00
IESU,4,MPC,Marathon Petroleum Corp.,4.76
IESU,5,VLO,Valero Energy Corporation,4.61
IESU,6,PSX,Phillips 66,4.31
IESU,7,WMB,"The Williams Companies, Inc.",3.98
IESU,8,SLB,SLB N.V.,3.78
IESU,9,EOG,"EOG Resources, Inc.",3.37
IESU,10,BKR,Baker Hughes Company,2.73
IDUP,1,PLD,"Prologis, Inc.",11.27
IDUP,2,EQIX,"Equinix, Inc.",9.13
IDUP,3,DLR,Digital Realty Trust Inc.,5.96
IDUP,4,SPG,Simon Property Group Inc.,5.88
IDUP,5,O,Realty Income Corp.,4.64
IDUP,6,PSA,Public Storage,4.35
IDUP,7,VMRK,Vivmark Residential,4.23
IDUP,8,VTR,"Ventas, Inc.",3.98
IDUP,9,IRM,Iron Mountain Inc.,3.00
IDUP,10,EXR,Extra Space Storage Inc.,2.53
IDTW,1,2330,Taiwan Semiconductor Manufacturing Company Limited,29.23
IDTW,2,2454,MediaTek Inc.,8.35
IDTW,3,2308,Delta Electronics Inc.,5.17
IDTW,4,2317,"Hon Hai Precision Industry Co., Ltd.",4.48
IDTW,5,3711,"ASE Technology Holding Co., Ltd.",3.00
IDTW,6,2383,"Elite Material Co., Ltd.",2.28
IDTW,7,3037,Unimicron Technology Corp.,2.16
IDTW,8,2303,United Microelectronics Corporation,2.13
IDTW,9,2881,"Fubon Financial Holding Co., Ltd.",1.75
IDTW,10,3017,"Asia Vital Components Co., Ltd.",1.58
IJPD,1,8306,"Mitsubishi UFJ Financial Group, Inc.",4.64
IJPD,2,7203,Toyota Motor Corporation,3.26
IJPD,3,8035,Tokyo Electron Ltd.,3.09
IJPD,4,8316,"Sumitomo Mitsui Financial Group, Inc.",2.97
IJPD,5,6857,Advantest Corporation,2.95
IJPD,6,6501,Hitachi Ltd.,2.85
IJPD,7,9984,SoftBank Group Corp.,2.80
IJPD,8,6098,"Recruit Holdings Co., Ltd.",2.61
IJPD,9,6758,Sony Group Corp.,2.58
IITU,1,AAPL,Apple Inc.,18.77
IITU,2,NVDA,NVIDIA Corporation,18.54
IITU,3,MSFT,Microsoft Corporation Common Stock,15.90
IITU,4,AVGO,Broadcom Inc.,7.28
IITU,5,MU,Micron Technology Inc.,4.38
IITU,6,AMD,Advanced Micro Devices Inc.,3.16
IITU,7,INTC,Intel Corporation,1.84
IITU,8,CSCO,"Cisco Systems, Inc.",1.81
IITU,9,PLTR,Palantir Technologies Inc. Class A Common Stock,1.79
IITU,10,LRCX,Lam Research Corp.,1.57
IQGG,1,NVDA,NVIDIA Corporation,5.59
IQGG,2,AAPL,Apple Inc.,5.19
IQGG,3,GOOGL,Alphabet Inc. Class A Common Stock,3.87
IQGG,4,MSFT,Microsoft Corporation Common Stock,3.85
IQGG,5,AMZN,Amazon.com Inc.,2.76
IQGG,6,AVGO,Broadcom Inc.,1.76
IQGG,7,META,Meta Platforms Inc. Class A Common Stock,1.42
IQGG,8,MU,Micron Technology Inc.,1.34
IQGG,9,TSLA,"Tesla, Inc.",1.03
IQGG,10,LLY,Eli Lilly and Company,0.85
CSUS,1,NVDA,NVIDIA Corporation,7.94
CSUS,2,AAPL,Apple Inc.,7.40
CSUS,3,MSFT,Microsoft Corporation Common Stock,5.48
CSUS,4,AMZN,Amazon.com Inc.,3.65
CSUS,5,GOOGL,Alphabet Inc. Class A Common Stock,3.05
CSUS,6,GOOG,Alphabet Inc. Class C Common Stock,2.41
CSUS,7,META,Meta Platforms Inc. Class A Common Stock,2.41
CSUS,8,AVGO,Broadcom Inc.,2.40
CSUS,9,MU,Micron Technology Inc.,1.82
CSUS,10,TSLA,"Tesla, Inc.",1.54
0DZP,1,ASML,ASML Holding N.V.,8.32
0DZP,2,SIE,Siemens Aktiengesellschaft,3.13
0DZP,3,SAP,SAP SE,2.95
0DZP,4,SAN,"Banco Santander, S.A.",2.68
0DZP,5,ALV,Allianz SE,2.53
0DZP,6,SU,Schneider Electric SE,2.39
0DZP,7,TTE,TotalEnergies SE,2.19
0DZP,8,BBVA,"Banco Bilbao Vizcaya Argentaria, S.A.",2.08
0DZP,9,IBE,"Iberdrola, S.A.",1.84
0DZP,10,AIR,Airbus SE,1.73
IDEM,1,2330,Taiwan Semiconductor Manufacturing Company Limited,15.54
IDEM,2,005930,Samsung Electronics Co Ltd,7.51
IDEM,3,000660,SK hynix Inc,5.87
IDEM,4,0700,Tencent Holdings Limited,2.73
IDEM,5,9988,Alibaba Group Holding Ltd.,1.85
IDEM,6,2454,MediaTek Inc.,1.81
IDEM,7,4BRZ,iShares MSCI Brazil UCITS ETF (DE) USD (Acc),1.49
IDEM,8,005935,Samsung Electronics Co Ltd Participating Preferred,0.94
IDEM,9,2308,Delta Electronics Inc.,0.94
IDEM,10,00939,China Construction Bank Corp Class H,0.86
ESIE,1,SHEL,Shell plc,31.56
ESIE,2,BP,BP p.l.c.,17.60
ESIE,3,TTE,TotalEnergies SE,16.94
ESIE,4,ENI,Eni S.p.A.,9.04
ESIE,5,REP,Repsol S.A.,6.42
ESIE,6,EQNR,Equinor ASA,5.45
ESIE,7,NESTE,Neste Oyj,2.89
ESIE,8,AKRBP,Aker BP ASA,2.22
ESIE,9,OMV,OMV AG,2.15
ESIE,10,GALP,"Galp Energia, SGPS, S.A.",1.85
ESGS,1,BAC,Bank of America Corporation,4.58
ESGS,2,XOM,ExxonMobil Holdings Corporation,4.46
ESGS,3,HD,"The Home Depot, Inc.",4.42
ESGS,4,CVX,Chevron Corporation,4.38
ESGS,5,AVGO,Broadcom Inc.,4.33
ESGS,6,UNH,UnitedHealth Group Inc.,4.29
ESGS,7,KO,The Coca-Cola Company,3.94
ESGS,8,PEP,"PepsiCo, Inc.",3.47
ESGS,9,QCOM,QUALCOMM Incorporated,3.33
ESGS,10,VZ,Verizon Communications Inc.,2.54
WENP,1,V,V,100.00
GLGG,1,FXFXX,First American Treasury Obligations Fund Class X,6.31
VEUD,1,ASML,ASML Holding N.V.,4.36
VEUD,2,HSBA,HSBC Holdings plc,2.38
VEUD,3,ROP,Roche Holding AG,2.05
VEUD,4,NOVN,Novartis AG Registered Shares,1.91
VEUD,5,SHEL,Shell plc,1.70
VEUD,6,NESN,Nestlé S.A.,1.68
VEUD,7,SIE,Siemens Aktiengesellschaft,1.63
VEUD,8,AZN,AstraZeneca PLC,1.63
VEUD,9,SAP,SAP SE,1.53
VEUD,10,SAN,"Banco Santander, S.A.",1.46
EUDI,1,TEP,Teleperformance SE,4.96
EUDI,2,AGS,ageas SA/NV,3.72
EUDI,3,UNI,Unipol Assicurazioni S.p.A.,3.65
EUDI,4,OMV,OMV AG,3.46
EUDI,5,HNR1,Hannover Rück SE,3.43
EUDI,6,MUV2,Münchener Rückversicherungs-Gesellschaft Aktiengesellschaft in München,3.41
EUDI,7,NN,NN Group N.V.,3.34
EUDI,8,UPM,UPM-Kymmene Oyj,3.31
EUDI,9,VALMT,Valmet Oyj,3.21
EUDI,10,SAN,Sanofi SA,3.15
GGRB,1,MSFT,Microsoft Corporation Common Stock,4.58
GGRB,2,AAPL,Apple Inc.,4.49
GGRB,3,ABBV,AbbVie Inc.,2.94
GGRB,4,MRK,"Merck & Co., Inc.",2.87
GGRB,5,KO,The Coca-Cola Company,2.63
GGRB,6,NVDA,NVIDIA Corporation,2.58
GGRB,7,AVGO,Broadcom Inc.,2.56
GGRB,8,7203,Toyota Motor Corporation,2.21
GGRB,9,CSCO,"Cisco Systems, Inc.",2.15
GGRB,10,UNH,UnitedHealth Group Inc.,1.90
WEHG,1,NVDA,NVIDIA Corporation,5.09
WEHG,2,AAPL,Apple Inc.,4.32
WEHG,3,MSFT,Microsoft Corporation Common Stock,3.55
WEHG,4,AMZN,Amazon.com Inc.,2.36
WEHG,5,GOOGL,Alphabet Inc. Class A Common Stock,1.91
WEHG,6,2330,Taiwan Semiconductor Manufacturing Company Limited,1.75
WEHG,7,AVGO,Broadcom Inc.,1.66
WEHG,8,GOOG,Alphabet Inc. Class C Common Stock,1.65
WEHG,9,META,Meta Platforms Inc. Class A Common Stock,1.20
WEHG,10,TSLA,"Tesla, Inc.",1.04
GTIL,1,NVDA,NVIDIA Corporation,9.35
GTIL,2,MSFT,Microsoft Corporation Common Stock,8.65
GTIL,3,AAPL,Apple Inc.,4.93
GTIL,4,AMZN,Amazon.com Inc.,4.22
GTIL,5,GOOGL,Alphabet Inc. Class A Common Stock,4.22
GTIL,6,WFC,Wells Fargo & Company,3.04
GTIL,7,GS,"The Goldman Sachs Group, Inc.",2.47
GTIL,8,META,Meta Platforms Inc. Class A Common Stock,2.44
GTIL,9,WMT,Walmart Inc.,2.35
GTIL,10,RY,Royal Bank of Canada,2.04
GXLE,1,XOM,ExxonMobil Holdings Corporation,29.89
GXLE,2,CVX,Chevron Corporation,18.02
GXLE,3,COP,ConocoPhillips,6.71
GXLE,4,VLO,Valero Energy Corporation,4.98
GXLE,5,MPC,Marathon Petroleum Corp.,4.96
GXLE,6,PSX,Phillips 66,4.55
GXLE,7,WMB,"The Williams Companies, Inc.",3.71
GXLE,8,SLB,SLB N.V.,3.23
GXLE,9,EOG,"EOG Resources, Inc.",3.23
GXLE,10,KMI,Kinder Morgan Inc.,2.64
ENGW,1,XOM,ExxonMobil Holdings Corporation,17.85
ENGW,2,CVX,Chevron Corporation,10.15
ENGW,3,SHEL,Shell plc,6.74
ENGW,4,TTE,TotalEnergies SE,4.61
ENGW,5,COP,ConocoPhillips,4.32
ENGW,6,ENB,Enbridge Inc.,2.95
ENGW,7,MPC,Marathon Petroleum Corp.,2.93
ENGW,8,BP,BP p.l.c.,2.93
ENGW,9,VLO,Valero Energy Corporation,2.86
ENGW,10,CNQ,Canadian Natural Resources Ltd.,2.79
ENGE,1,SHEL,Shell plc,33.70
ENGE,2,TTE,TotalEnergies SE,18.23
ENGE,3,BP,BP p.l.c.,17.94
ENGE,4,ENI,Eni S.p.A.,8.02
ENGE,5,REP,Repsol S.A.,5.71
ENGE,6,EQNR,Equinor ASA,4.90
ENGE,7,NESTE,Neste Oyj,2.56
ENGE,8,AKRBP,Aker BP ASA,1.97
ENGE,9,OMV,OMV AG,1.91
ENGE,10,GALP,"Galp Energia, SGPS, S.A.",1.65
GXLK,1,NVDA,NVIDIA Corporation,21.11
GXLK,2,AAPL,Apple Inc.,18.56
GXLK,3,MSFT,Microsoft Corporation Common Stock,14.55
GXLK,4,AVGO,Broadcom Inc.,6.38
GXLK,5,MU,Micron Technology Inc.,4.59
GXLK,6,AMD,Advanced Micro Devices Inc.,3.82
GXLK,7,INTC,Intel Corporation,2.28
GXLK,8,PLTR,Palantir Technologies Inc. Class A Common Stock,1.64
GXLK,9,CSCO,"Cisco Systems, Inc.",1.62
GXLK,10,LRCX,Lam Research Corp.,1.57
GSPX,1,NVDA,NVIDIA Corporation,8.37
GSPX,2,AAPL,Apple Inc.,7.36
GSPX,3,MSFT,Microsoft Corporation Common Stock,5.76
GSPX,4,AMZN,Amazon.com Inc.,3.70
GSPX,5,GOOGL,Alphabet Inc. Class A Common Stock,3.06
GSPX,6,AVGO,Broadcom Inc.,2.53
GSPX,7,GOOG,Alphabet Inc. Class C Common Stock,2.45
GSPX,8,META,Meta Platforms Inc. Class A Common Stock,2.42
GSPX,9,MU,Micron Technology Inc.,1.82
GSPX,10,TSLA,"Tesla, Inc.",1.51
ESGG,1,MU,Micron Technology Inc.,5.36
ESGG,2,NVDA,NVIDIA Corporation,5.19
ESGG,3,MSFT,Microsoft Corporation Common Stock,5.17
ESGG,4,AAPL,Apple Inc.,5.06
ESGG,5,AVGO,Broadcom Inc.,4.50
ESGG,6,JPM,JPMorgan Chase & Co.,4.41
ESGG,7,JNJ,Johnson & Johnson,3.64
ESGG,8,LLY,Eli Lilly and Company,2.83
ESGG,9,XOM,ExxonMobil Holdings Corporation,2.49
ESGG,10,BRK,Berkshire Hathaway Inc. Class B,2.05
EQGB,1,NVDA,NVIDIA Corporation,8.52
EQGB,2,AAPL,Apple Inc.,7.42
EQGB,3,MSFT,Microsoft Corporation Common Stock,6.01
EQGB,4,MU,Micron Technology Inc.,4.76
EQGB,5,AMZN,Amazon.com Inc.,4.45
EQGB,6,AMD,Advanced Micro Devices Inc.,3.38
EQGB,7,GOOGL,Alphabet Inc. Class A Common Stock,3.15
EQGB,8,TSLA,"Tesla, Inc.",2.93
EQGB,9,GOOG,Alphabet Inc. Class C Common Stock,2.92
EQGB,10,AVGO,Broadcom Inc.,2.80
GRCT,1,WELL,Welltower Inc.,10.81
GRCT,2,EQIX,"Equinix, Inc.",5.76
GRCT,3,VMRK,Vivmark Residential,4.55
GRCT,4,PSA,Public Storage,4.27
GRCT,5,O,Realty Income Corp.,4.00
GRCT,6,SPG,Simon Property Group Inc.,3.40
GRCT,7,PLD,"Prologis, Inc.",3.19
GRCT,8,EXR,Extra Space Storage Inc.,2.32
GRCT,9,IRM,Iron Mountain Inc.,2.07
GRCT,10,DLR,Digital Realty Trust Inc.,2.05
FEP,1,MOH,Motor Oil (Hellas) S.A.,1.42
FEP,2,WAWI,Wallenius Wilhelmsen ASA,1.21
FEP,3,MAERSK,AP Moller - Maersk A/S,1.14
FEP,4,ABDN,Aberdeen Group plc,1.04
FEP,5,PRY,Prysmian S.p.A.,0.97
FEP,6,BBY,Balfour Beatty plc,0.97
FEP,7,REP,Repsol S.A.,0.94
FEP,8,TKA,thyssenkrupp AG,0.92
FEP,9,JD,JD Sports Fashion plc,0.91
FEP,10,MTLN,Metlen Energy & Metals,0.91
FASE,1,HSBA,HSBC Holdings plc,6.34
FASE,2,BARC,Barclays PLC,5.34
FASE,3,GSK,GSK plc,5.34
FASE,4,AZN,AstraZeneca PLC,5.08
FASE,5,DGE,Diageo plc,4.52
FASE,6,NWG,NatWest Group plc,4.45
FASE,7,EXPN,Experian plc,4.28
FASE,8,BP,BP p.l.c.,3.90
FASE,9,AV,Aviva plc,3.80
FASE,10,SHEL,Shell plc,3.73
FSEU,1,ASML,ASML Holding N.V.,5.25
FSEU,2,NOVN,Novartis AG Registered Shares,3.80
FSEU,3,UCG,UniCredit S.p.A.,3.11
FSEU,4,BBVA,"Banco Bilbao Vizcaya Argentaria, S.A.",2.42
FSEU,5,ABBN,ABB Ltd,2.20
FSEU,6,DBK,Deutsche Bank AG,2.16
FSEU,7,A5G,AIB Group plc,2.08
FSEU,8,ACA,Crédit Agricole S.A.,2.04
FSEU,9,HSBA,HSBC Holdings plc,1.98
FSEU,10,MUV2,Münchener Rückversicherungs-Gesellschaft Aktiengesellschaft in München,1.87
0H1C,1,NVDA,NVIDIA Corporation,8.52
0H1C,2,AAPL,Apple Inc.,7.42
0H1C,3,MSFT,Microsoft Corporation Common Stock,6.01
0H1C,4,MU,Micron Technology Inc.,4.76
0H1C,5,AMZN,Amazon.com Inc.,4.45
0H1C,6,AMD,Advanced Micro Devices Inc.,3.38
0H1C,7,GOOGL,Alphabet Inc. Class A Common Stock,3.15
0H1C,8,TSLA,"Tesla, Inc.",2.93
0H1C,9,GOOG,Alphabet Inc. Class C Common Stock,2.92
0H1C,10,AVGO,Broadcom Inc.,2.80
FSWD,1,NVDA,NVIDIA Corporation,5.54
FSWD,2,AAPL,Apple Inc.,4.92
FSWD,3,MSFT,Microsoft Corporation Common Stock,4.07
FSWD,4,GOOG,Alphabet Inc. Class C Common Stock,3.27
FSWD,5,AVGO,Broadcom Inc.,2.04
FSWD,6,AMZN,Amazon.com Inc.,1.82
FSWD,7,MFC,Manulife Financial Corporation,1.46
FSWD,8,UCG,UniCredit S.p.A.,1.45
FSWD,9,TT,Trane Technologies plc,1.30
FSWD,10,MCK,McKesson Corporation,1.30
FT1K,1,HLN,Haleon plc,5.03
FT1K,2,BARC,Barclays PLC,4.89
FT1K,3,LLOY,Lloyds Banking Group plc,4.87
FT1K,4,GSK,GSK plc,4.73
FT1K,5,LSEG,London Stock Exchange Group plc,4.49
FT1K,6,REL,RELX plc,3.94
FT1K,7,RKT,Reckitt Benckiser Group plc,3.94
FT1K,8,III,3i Group plc,3.78
FT1K,9,NXT,Next plc,3.38
FT1K,10,CTEC,ConvaTec Group Plc,3.19
FLRK,1,005930,Samsung Electronics Co Ltd,25.62
FLRK,2,000660,SK hynix Inc,16.50
FLRK,3,402340,SK Square,3.63
FLRK,4,005935,Samsung Electncs Co,3.19
FLRK,5,009150,Samsung Electro-Mechanics Co Ltd,3.14
FLRK,6,105560,KB Financial Group Inc,2.31
FLRK,7,005380,Hyundai Motor Co,2.12
FLRK,8,055550,Shinhan Financial Group Co Ltd,1.80
FLRK,9,034020,Doosan Enerbility Co Ltd,1.43
FLRK,10,086790,Hana Financial Group Inc,1.41
VLUA,1,TEAM,Atlassian Corporation Class A Common Stock,2.75
VLUA,2,WDAY,Workday Inc Class A Common Stock,2.01
VLUA,3,ZBRA,Zebra Technologies Corp. Class A Common Stock,1.87
VLUA,4,CRM,"Salesforce, Inc.",1.87
VLUA,5,DOCU,DocuSign Inc.,1.84
VLUA,6,HPQ,HP Inc.,1.77
VLUA,7,IT,Gartner Inc.,1.77
VLUA,8,GDDY,GoDaddy Inc. Class A Common Stock,1.71
VLUA,9,DELL,Dell Technologies Inc. Class C Common Stock,1.48
VLUA,10,ADBE,Adobe Inc.,1.46
VLUG,1,TEAM,Atlassian Corporation Class A Common Stock,1.73
VLUG,2,WDAY,Workday Inc Class A Common Stock,1.27
VLUG,3,ZBRA,Zebra Technologies Corp. Class A Common Stock,1.20
VLUG,4,CRM,"Salesforce, Inc.",1.18
VLUG,5,DOCU,DocuSign Inc.,1.16
VLUG,6,HPQ,HP Inc.,1.12
VLUG,7,IT,Gartner Inc.,1.11
VLUG,8,SGE,Sage Group plc,1.09
VLUG,9,GDDY,GoDaddy Inc. Class A Common Stock,1.08
VLUG,10,DELL,Dell Technologies Inc. Class C Common Stock,0.94
FGRO,1,NVDA,NVIDIA Corporation,15.51
FGRO,2,AAPL,Apple Inc.,8.07
FGRO,3,MSFT,Microsoft Corporation Common Stock,6.74
FGRO,4,AMZN,Amazon.com Inc.,6.24
FGRO,5,GOOGL,Alphabet Inc. Class A Common Stock,6.00
FGRO,6,META,Meta Platforms Inc. Class A Common Stock,4.96
FGRO,7,AVGO,Broadcom Inc.,3.42
FGRO,8,GOOG,Alphabet Inc. Class C Common Stock,2.92
FGRO,9,TSM,Taiwan Semiconductor Manufacturing Company Ltd. ADR,2.73
FGRO,10,MA,Mastercard Inc. Class A Common Stock,1.87
FTGS,1,PLTR,Palantir Technologies Inc. Class A Common Stock,2.79
FTGS,2,MRVL,Marvell Technology Inc.,2.76
FTGS,3,MSFT,Microsoft Corporation Common Stock,2.57
FTGS,4,NEM,Newmont Corporation,2.54
FTGS,5,ANET,Arista Networks Inc.,2.38
FTGS,6,ISRG,Intuitive Surgical Inc.,2.32
FTGS,7,STX,Seagate Technology Holdings plc,2.31
FTGS,8,GRMN,Garmin Ltd.,2.27
FTGS,9,NVDA,NVIDIA Corporation,2.22
FTGS,10,DXCM,DexCom Inc.,2.22
GBDV,1,CAH,"Cardinal Health, Inc.",5.05
GBDV,2,C,Citigroup Inc.,4.89
GBDV,3,PRU,"Prudential Financial, Inc.",4.60
GBDV,4,XOM,ExxonMobil Holdings Corporation,4.37
GBDV,5,ABBV,AbbVie Inc.,4.34
GBDV,6,WBA,Walgreens Boots Alliance Inc.,4.27
GBDV,7,MRK,"Merck & Co., Inc.",4.18
GBDV,8,IBM,International Business Machines Corporation,4.13
GBDV,9,VZ,Verizon Communications Inc.,4.07
GBDV,10,DOW,Dow Inc.,3.89
WDGA,1,NVDA,NVIDIA Corporation,5.58
WDGA,2,AAPL,Apple Inc.,5.09
WDGA,3,MSFT,Microsoft Corporation Common Stock,3.92
WDGA,4,AMZN,Amazon.com Inc.,2.75
WDGA,5,GOOGL,Alphabet Inc. Class A Common Stock,2.16
WDGA,6,AVGO,Broadcom Inc.,1.82
WDGA,7,GOOG,Alphabet Inc. Class C Common Stock,1.70
WDGA,8,META,Meta Platforms Inc. Class A Common Stock,1.38
WDGA,9,MU,Micron Technology Inc.,1.18
WDGA,10,TSLA,"Tesla, Inc.",1.13
WDSC,1,SNDK,Sandisk Corp.,2.07
WDSC,2,MRNA,Moderna Inc.,0.44
WDSC,3,ATI,ATI Inc.,0.25
WDSC,4,NVT,nVent Electric plc,0.22
WDSC,5,THC,Tenet Healthcare Corp.,0.22
WDSC,6,RGLD,"Royal Gold, Inc.",0.22
WDSC,7,CRS,Carpenter Technology Corporation,0.21
WDSC,8,USFD,US Foods Holding Corp.,0.21
WDSC,9,ROKU,"Roku, Inc. Class A Common Stock",0.19
GDAG,1,0992,Lenovo Group Limited,0.56
GDAG,2,DVN,Devon Energy Corporation,0.40
GDAG,3,DINO,HF Sinclair Corporation,0.32
GDAG,4,TIT,Telecom Italia S.p.A.,0.31
GDAG,5,6981,"Murata Manufacturing Co., Ltd.",0.31
GDAG,6,O39,Oversea-Chinese Banking Corporation Limited,0.27
GDAG,7,STT,State Street Corporation Common Stock,0.27
GDAG,8,EQNR,Equinor ASA,0.27
GDAG,9,NUE,Nucor Corporation,0.26
GDAG,10,TGT,Target Corp.,0.26
GDIG,1,BHP,BHP Group Ltd.,8.41
GDIG,2,NEM,Newmont Corporation,6.00
GDIG,3,RIO,Rio Tinto plc,4.95
GDIG,4,FCX,Freeport-McMoRan Inc.,4.85
GDIG,5,AEM,Agnico Eagle Mines Limited,4.60
GDIG,6,GLEN,Glencore plc,3.42
GDIG,7,ABX,Barrick Mining Corporation,3.35
GDIG,8,WPM,Wheaton Precious Metals Corp.,3.05
GDIG,9,AAL,Anglo American plc,3.04
GDIG,10,VALE,Vale S.A. American Depositary Shares,2.36
VGER,1,SIE,Siemens Aktiengesellschaft,11.31
VGER,2,SAP,SAP SE,10.60
VGER,3,ALV,Allianz SE,9.26
VGER,4,ENR,Siemens Energy AG,5.80
VGER,5,DTE,Deutsche Telekom AG,5.26
VGER,6,IFX,Infineon Technologies AG,3.96
VGER,7,MUV2,Münchener Rückversicherungs-Gesellschaft Aktiengesellschaft in München,3.59
VGER,8,DBK,Deutsche Bank AG,3.21
VGER,9,DB1,Deutsche Börse AG,2.83
VGER,10,DHL,DHL Group AG,2.79
EUSR,1,SAP,SAP SE,5.80
EUSR,2,INGA,ING Groep N.V.,5.74
EUSR,3,ASML,ASML Holding N.V.,5.54
EUSR,4,SU,Schneider Electric SE,5.49
EUSR,5,CS,AXA SA,4.39
EUSR,6,DB1,Deutsche Börse AG,3.40
EUSR,7,PRX,Prosus N.V.,3.26
EUSR,8,EL,EssilorLuxottica,3.14
EUSR,9,GLE,Société Générale SA,3.01
EUSR,10,CABK,"CaixaBank, S.A.",3.00
WAGB,1,NVDA,NVIDIA Corporation,4.40
WAGB,2,2330,Taiwan Semiconductor Manufacturing Company Limited,3.59
WAGB,3,AVGO,Broadcom Inc.,3.33
WAGB,4,ASML,ASML Holding N.V.,3.20
WAGB,5,000660,SK hynix Inc,3.19
WAGB,6,005930,Samsung Electronics Co Ltd,3.06
WAGB,7,APH,Amphenol Corp. Class A Common Stock,2.82
WAGB,8,LRCX,Lam Research Corp.,2.78
WAGB,9,AMD,Advanced Micro Devices Inc.,2.75
WAGB,10,6857,Advantest Corporation,2.74
FUQA,1,NVDA,NVIDIA Corporation,7.91
FUQA,2,AAPL,Apple Inc.,6.97
FUQA,3,MSFT,Microsoft Corporation Common Stock,5.63
FUQA,4,GOOGL,Alphabet Inc. Class A Common Stock,5.42
FUQA,5,AVGO,Broadcom Inc.,2.82
FUQA,6,META,Meta Platforms Inc. Class A Common Stock,2.12
FUQA,7,JPM,JPMorgan Chase & Co.,2.02
FUQA,8,LLY,Eli Lilly and Company,1.73
FUQA,9,V,Visa Inc. Class A,1.55
FUQA,10,JNJ,Johnson & Johnson,1.37
FXGB,1,US91282CHB0,US91282CHB00,8.74
FXGB,2,US91282CGE5,USA 23/26,8.04
FXGB,3,US91282CHM6,US91282CHM64,7.71
FXGB,4,US91282CGR6,United States Treasury Note 4.625% 03/15/2026,7.71
FXGB,5,US91282CFP1,USA 22/25,7.68
FXGB,6,US91282CGV7,US91282CGV72,7.57
FXGB,7,US91282CHH7,US91282CHH79,7.50
FXGB,8,,US TREASURY 2026,7.21
WXMC,1,PLTR,Palantir Technologies Inc. Class A Common Stock,0.73
WXMC,2,INTC,Intel Corporation,0.70
WXMC,3,LRCX,Lam Research Corp.,0.68
WXMC,4,MRK,"Merck & Co., Inc.",0.66
WXMC,5,AMAT,Applied Materials Inc.,0.65
WXMC,6,HSBA,HSBC Holdings plc,0.65
WXMC,7,GE,General Electric Company,0.63
WXMC,8,PANW,"Palo Alto Networks, Inc.",0.56
WXMC,9,ROP,Roche Holding AG,0.55
WXMC,10,GS,"The Goldman Sachs Group, Inc.",0.54
DWLD,1,YMM,Full Truck Alliance Co. Ltd. ADR,6.36
DWLD,2,TCOM,Trip.com Group Limited American Depositary Receipt,5.65
DWLD,3,DVN,Devon Energy Corporation,5.09
DWLD,4,VTRS,Viatris Inc.,4.91
DWLD,5,JBS,JBS N.V. Class A Common Stock,4.50
DWLD,6,SE,Sea Limited Sponsored ADR,4.32
DWLD,7,META,Meta Platforms Inc. Class A Common Stock,4.08
DWLD,8,BAER,Julius Bär Gruppe AG,3.95
DWLD,9,COF,Capital One Financial Corp.,3.73
DWLD,10,AMZN,Amazon.com Inc.,3.56
DRN,1,WELL,Welltower Inc.,2.51
DRN,2,PLD,"Prologis, Inc.",1.86
DRN,3,EQIX,"Equinix, Inc.",1.51
DRN,4,AMT,American Tower Corporation,1.15
DRN,5,SPG,Simon Property Group Inc.,1.00
DR4M,1,000660,SK hynix Inc,11.13
DR4M,2,SNDK,Sandisk Corp.,10.84
DR4M,3,MU,Micron Technology Inc.,10.68
DR4M,4,285A,Kioxia Holdings Corp.,10.11
DR4M,5,005930,Samsung Electronics Co Ltd,10.01
DR4M,6,STX,Seagate Technology Holdings plc,9.53
DR4M,7,WDC,Western Digital Corp.,8.88
DR4M,8,2408,Nanya Technology Corp.,5.92
DR4M,9,6770,Powerchip Semiconductor Manufacturing Corp.,4.83
DR4M,10,06809,Montage Technology Co Ltd Ordinary Shares - Class H,4.08
DPYE,1,PLD,"Prologis, Inc.",7.62
DPYE,2,EQIX,"Equinix, Inc.",5.89
DPYE,3,SPG,Simon Property Group Inc.,3.93
DPYE,4,DLR,Digital Realty Trust Inc.,3.84
DPYE,5,O,Realty Income Corp.,3.29
DPYE,6,PSA,Public Storage,3.02
DPYE,7,VMRK,Vivmark Residential,2.86
DPYE,8,VTR,"Ventas, Inc.",2.55
DPYE,9,IRM,Iron Mountain Inc.,1.99
DPYE,10,EXR,Extra Space Storage Inc.,1.71
DXJA,1,8306,"Mitsubishi UFJ Financial Group, Inc.",6.01
DXJA,2,7203,Toyota Motor Corporation,4.06
DXJA,3,8316,"Sumitomo Mitsui Financial Group, Inc.",3.97
DXJA,4,8766,"Tokio Marine Holdings, Inc.",3.08
DXJA,5,8411,"Mizuho Financial Group, Inc.",3.04
DXJA,6,8058,Mitsubishi Corporation,2.59
DXJA,7,9432,Nippon Telegraph and Telephone Corporation,2.47
DXJA,8,8035,Tokyo Electron Ltd.,2.41
DXJA,9,4502,"Takeda Pharmaceutical Co., Ltd.",1.96
DXJA,10,8031,"Mitsui & Co., Ltd.",1.91
DPYA,1,PLD,"Prologis, Inc.",7.47
DPYA,2,EQIX,"Equinix, Inc.",6.06
DPYA,3,DLR,Digital Realty Trust Inc.,3.96
DPYA,4,SPG,Simon Property Group Inc.,3.90
DPYA,5,O,Realty Income Corp.,3.08
DPYA,6,PSA,Public Storage,2.89
DPYA,7,VMRK,Vivmark Residential,2.80
DPYA,8,VTR,"Ventas, Inc.",2.64
DPYA,9,IRM,Iron Mountain Inc.,2.00
DPYA,10,EXR,Extra Space Storage Inc.,1.67
DXJG,1,8306,"Mitsubishi UFJ Financial Group, Inc.",6.01
DXJG,2,7203,Toyota Motor Corporation,4.06
DXJG,3,8316,"Sumitomo Mitsui Financial Group, Inc.",3.97
DXJG,4,8766,"Tokio Marine Holdings, Inc.",3.08
DXJG,5,8411,"Mizuho Financial Group, Inc.",3.04
DXJG,6,8058,Mitsubishi Corporation,2.59
DXJG,7,9432,Nippon Telegraph and Telephone Corporation,2.47
DXJG,8,8035,Tokyo Electron Ltd.,2.41
DXJG,9,4502,"Takeda Pharmaceutical Co., Ltd.",1.96
DXJG,10,8031,"Mitsui & Co., Ltd.",1.91
WRDG,1,NVDA,NVIDIA Corporation,5.58
WRDG,2,AAPL,Apple Inc.,5.09
WRDG,3,MSFT,Microsoft Corporation Common Stock,3.92
WRDG,4,AMZN,Amazon.com Inc.,2.75
WRDG,5,GOOGL,Alphabet Inc. Class A Common Stock,2.16
WRDG,6,AVGO,Broadcom Inc.,1.82
WRDG,7,GOOG,Alphabet Inc. Class C Common Stock,1.70
WRDG,8,META,Meta Platforms Inc. Class A Common Stock,1.38
WRDG,9,MU,Micron Technology Inc.,1.18
WRDG,10,TSLA,"Tesla, Inc.",1.13
WREN,1,336260,Doosan Fuel Cell Ordinary Shares,3.87
WREN,2,BE,Bloom Energy Corp. Class A Common Stock,3.51
WREN,3,601126,"Beijing Sifang Automation Co., Ltd.",3.24
WREN,4,ENEL,Enel S.p.A.,3.12
WREN,5,UMI,Umicore SA,2.66
WREN,6,009830,Hanwha Solutions Corp,2.49
WREN,7,112610,CS Wind Corp,2.43
WREN,8,ANDR,Andritz AG,2.34
WREN,9,IVN,Ivanhoe Mines Ltd.,2.24
WREN,10,4063,Shin-Etsu Chemical Co. Ltd.,2.22
HSAS,1,2330,Taiwan Semiconductor Manufacturing Company Limited,11.29
HSAS,2,BHPLF,BHP Group Ltd.,5.56
HSAS,3,CBAUF,Commonwealth Bank of Australia,5.00
HSAS,4,PIAIF,Ping An Insurance (Group) Company of China Ltd.,3.63
HSAS,5,SSNLF,"Samsung Electronics Co., Ltd.",2.87
HSAS,6,DEVL,DBS Group Holdings Ltd,2.79
HSAS,7,XIACF,Xiaomi Corporation,2.72
HSAS,8,INFY,Infosys Ltd.,2.65
HSAS,9,AAIGF,AIA Group Ltd.,2.52
HSAS,10,NAUBF,National Australia Bank Ltd.,1.91
HSJD,1,8306,"Mitsubishi UFJ Financial Group, Inc.",11.94
HSJD,2,7203,Toyota Motor Corporation,7.93
HSJD,3,8411,"Mizuho Financial Group, Inc.",7.18
HSJD,4,8001,Itochu Corporation,5.60
HSJD,5,9983,Fast Retailing Co. Ltd.,3.73
HSJD,6,9434,SoftBank Corp.,3.10
HSJD,7,9433,KDDI Corp,2.89
HSJD,8,6762,TDK Corporation,2.85
HSJD,9,8031,"Mitsui & Co., Ltd.",2.53
HSJD,10,6723,Renesas Electronics Corporation,2.37
DXJP,1,8306,"Mitsubishi UFJ Financial Group, Inc.",6.01
DXJP,2,7203,Toyota Motor Corporation,4.06
DXJP,3,8316,"Sumitomo Mitsui Financial Group, Inc.",3.97
DXJP,4,8766,"Tokio Marine Holdings, Inc.",3.08
DXJP,5,8411,"Mizuho Financial Group, Inc.",3.04
DXJP,6,8058,Mitsubishi Corporation,2.59
DXJP,7,9432,Nippon Telegraph and Telephone Corporation,2.47
DXJP,8,8035,Tokyo Electron Ltd.,2.41
DXJP,9,4502,"Takeda Pharmaceutical Co., Ltd.",1.96
DXJP,10,8031,"Mitsui & Co., Ltd.",1.91
DPXM,1,ASML,ASML Holding N.V. NY Registered Shares,1.94
DPXM,2,SHEL,Shell plc American Depositary Shares (Each representing two Ordinary shares),0.93
DPXM,3,NESN,Nestlé S.A.,0.81
DPXM,4,RY,Royal Bank of Canada,0.80
DPXM,5,BHP,BHP Group Ltd.,0.78
DPXM,6,6098,"Recruit Holdings Co., Ltd.",0.74
DPXM,7,HSBA,HSBC Holdings plc,0.72
DPXM,8,NOVN,Novartis AG Registered Shares,0.69
DPXM,9,6857,Advantest Corporation,0.65
0E6H,1,GOV10,BNPP E JPM Tltd EMU Govt Bd IG10Y+ETFCap,0.68
DH2O,1,AWK,"American Water Works Company, Inc.",8.08
DH2O,2,SBSP3,Companhia de Saneamento Básico do Estado de São Paulo S.A.,7.70
DH2O,3,XYL,Xylem Inc.,7.03
DH2O,4,WTRG,Essential Utilities Inc.,5.84
DH2O,5,UU,United Utilities Group PLC,5.82
DH2O,6,SVT,Severn Trent Plc,5.27
DH2O,7,VLTO,Veralto Corporation,4.76
DH2O,8,ECL,Ecolab Inc.,4.12
DH2O,9,GEBN,Geberit AG,3.61
DH2O,10,WTS,"Watts Water Technologies, Inc. Class A Common Stock",3.40
DFNX,1,OII,"Oceaneering International, Inc.",2.33
DFNX,2,SAAB,Saab AB,2.11
DFNX,3,RTX,RTX Corporation,2.08
DFNX,4,LDOS,"Leidos Holdings, Inc.",2.03
DFNX,5,DCO,Ducommun Incorporated,1.97
DFNX,6,HAG,Hensoldt AG,1.95
DFNX,7,VSAT,Viasat Inc.,1.93
DFNX,8,LMT,Lockheed Martin Corporation,1.89
DFNX,9,BRKR,Bruker Corp.,1.87
DFNX,10,HO,Thales S.A.,1.85
DFEU,1,RR,Rolls-Royce Holdings plc,17.16
DFEU,2,BA,The Boeing Company,14.79
DFEU,3,RHM,Rheinmetall AG,13.17
DFEU,4,HO,Thales S.A.,7.91
DFEU,5,LDO,Leonardo S.p.A.,6.72
DFEU,6,KOG,Kongsberg Gruppen ASA,6.38
DFEU,7,SAAB,Saab AB,6.27
DFEU,8,SAF,Safran SA,4.98
DFEU,9,AIR,Airbus SE,4.63
DFEU,10,ASELS,Aselsan Elektronik Sanayi Ve Ticaret A.S.,3.09
V3NL,1,NVDA,NVIDIA Corporation,8.29
V3NL,2,AAPL,Apple Inc.,7.38
V3NL,3,MSFT,Microsoft Corporation Common Stock,6.07
V3NL,4,AMZN,Amazon.com Inc.,4.06
V3NL,5,GOOGL,Alphabet Inc. Class A Common Stock,3.19
V3NL,6,AVGO,Broadcom Inc.,2.77
V3NL,7,GOOG,Alphabet Inc. Class C Common Stock,2.57
V3NL,8,META,Meta Platforms Inc. Class A Common Stock,2.03
V3NL,9,MU,Micron Technology Inc.,1.74
V3NL,10,TSLA,"Tesla, Inc.",1.73
DOCG,1,MRNA,Moderna Inc.,3.41
DOCG,2,TWST,Twist Bioscience Corporation,3.04
DOCG,3,CDNA,"CareDx, Inc.",2.76
DOCG,4,NTRA,"Natera, Inc.",2.41
DOCG,5,TMO,Thermo Fisher Scientific Inc.,2.11
DOCG,6,TEM,Tempus AI Inc Class A Common Stock,2.10
DOCG,7,IQV,IQVIA Holdings Inc.,2.10
DOCG,8,ADPT,Adaptive Biotechnologies Corporation Common Stock,2.09
DOCG,9,GH,Guardant Health Inc.,2.04
DOCG,10,VRTX,Vertex Pharmaceuticals Incorporated Common Stock,1.97
IAUS,1,BHP,BHP Group Ltd.,15.41
IAUS,2,CBA,Commonwealth Bank of Australia,12.60
IAUS,3,NAB,National Australia Bank Ltd.,6.08
IAUS,4,WBC,Westpac Banking Corporation,5.98
IAUS,5,ANZ,ANZ Group Holdings Limited,5.76
IAUS,6,MQG,Macquarie Group Limited,4.47
IAUS,7,CSL,CSL Limited,4.40
IAUS,8,WES,Wesfarmers Limited,4.34
IAUS,9,RIO,Rio Tinto Limited,3.09
IAUS,10,WDS,Woodside Energy Group Ltd,3.02
IAUP,1,AEM,Agnico Eagle Mines Limited,10.20
IAUP,2,NEM,Newmont Corporation,10.12
IAUP,3,ABX,Barrick Mining Corporation,8.10
IAUP,4,WPM,Wheaton Precious Metals Corp.,7.34
IAUP,5,FNV,Franco-Nevada Corporation,5.56
IAUP,6,AU,AngloGold Ashanti plc,4.88
IAUP,7,GFI,Gold Fields Ltd. Sponsored ADR,3.91
IAUP,8,K,Kinross Gold Corporation,3.46
IAUP,9,02899,Zijin Mining Group Co Ltd Class H,2.97
IAUP,10,NST,Northern Star Resources Limited,2.97
IAEX,1,ASML,ASML Holding N.V.,16.75
IAEX,2,SHEL,Shell plc,14.68
IAEX,3,ULVR,Unilever PLC,12.01
IAEX,4,INGA,ING Groep N.V.,9.37
IAEX,5,REL,RELX plc,5.47
IAEX,6,PRX,Prosus N.V.,4.75
IAEX,7,ASM,ASM International NV,4.46
IAEX,8,AD,Koninklijke Ahold Delhaize N.V.,2.89
IAEX,9,ADYEN,Adyen N.V.,2.82
IAEX,10,ABN,ABN AMRO Bank N.V. Depositary Receipt,2.71
IAIX,1,DELL,Dell Technologies Inc. Class C Common Stock,4.26
IAIX,2,PATH,"UiPath, Inc. Class A Common Stock",3.94
IAIX,3,NTAP,"NetApp, Inc.",3.54
IAIX,4,SNOW,Snowflake Inc. Common Stock,3.41
IAIX,5,EXLS,"ExlService Holdings, Inc. Common Stock",2.93
IAIX,6,MSFT,Microsoft Corporation Common Stock,2.74
IAIX,7,P,Everpure Inc. Class A Common Stock,2.70
IAIX,8,NICE,Nice Ltd.,2.69
IAIX,9,CXM,Sprinklr Inc Class A,2.67
IAIX,10,AI,"C3.ai, Inc. Class A Common Stock",2.64
HMJA,1,8306,"Mitsubishi UFJ Financial Group, Inc.",4.66
HMJA,2,7203,Toyota Motor Corporation,3.27
HMJA,3,8035,Tokyo Electron Ltd.,3.10
HMJA,4,8316,"Sumitomo Mitsui Financial Group, Inc.",2.98
HMJA,5,6857,Advantest Corporation,2.96
HMJA,6,6501,Hitachi Ltd.,2.87
HMJA,7,9984,SoftBank Group Corp.,2.81
HMJA,8,6098,"Recruit Holdings Co., Ltd.",2.63
HMJA,9,6758,Sony Group Corp.,2.58
HMJA,10,285A,Kioxia Holdings Corp.,2.46
EMAD,1,2330,Taiwan Semiconductor Manufacturing Company Limited,18.79
EMAD,2,005930,Samsung Electronics Co Ltd,9.08
EMAD,3,000660,SK hynix Inc,7.09
EMAD,4,0700,Tencent Holdings Limited,3.30
EMAD,5,9988,Alibaba Group Holding Ltd.,2.22
EMAD,6,2454,MediaTek Inc.,2.17
EMAD,7,2308,Delta Electronics Inc.,1.15
EMAD,8,005935,Samsung Electronics Co Ltd Pfd Registered Shs Non-Voting,1.13
EMAD,9,00939,China Construction Bank Corp Class H,1.02
EMAD,10,2317,"Hon Hai Precision Industry Co., Ltd.",0.94
VAPX,1,005930,Samsung Electronics Co Ltd,16.32
VAPX,2,000660,SK hynix Inc,12.62
VAPX,3,BHP,BHP Group Ltd.,4.49
VAPX,4,CBA,Commonwealth Bank of Australia,3.56
VAPX,5,D05,DBS Group Holdings Ltd.,2.30
VAPX,6,005935,Samsung Electronics Co Ltd Pfd Registered Shs Non-Voting,2.04
VAPX,7,1299,AIA Group Limited,1.90
VAPX,8,NAB,National Australia Bank Ltd.,1.58
VAPX,9,WBC,Westpac Banking Corporation,1.57
VAPX,10,ANZ,ANZ Group Holdings Limited,1.50
EIMU,1,2330,Taiwan Semiconductor Manufacturing Company Limited,13.68
EIMU,2,005930,Samsung Electronics Co Ltd,6.61
EIMU,3,000660,SK hynix Inc,5.17
EIMU,4,0700,Tencent Holdings Limited,2.40
EIMU,5,9988,Alibaba Group Holding Ltd.,1.62
EIMU,6,2454,MediaTek Inc.,1.60
EIMU,7,2308,Delta Electronics Inc.,0.83
EIMU,8,005935,Samsung Electronics Co Ltd Participating Preferred,0.82
EIMU,9,00939,China Construction Bank Corp Class H,0.75
EIMU,10,2317,"Hon Hai Precision Industry Co., Ltd.",0.69
HDIQ,1,NVDA,NVIDIA Corporation,5.62
HDIQ,2,AAPL,Apple Inc.,4.97
HDIQ,3,MSFT,Microsoft Corporation Common Stock,4.25
HDIQ,4,MRK,"Merck & Co., Inc.",2.98
HDIQ,5,ABBV,AbbVie Inc.,2.92
HDIQ,6,AMAT,Applied Materials Inc.,2.67
HDIQ,7,HD,"The Home Depot, Inc.",2.54
HDIQ,8,CSCO,"Cisco Systems, Inc.",2.43
HDIQ,9,UNP,Union Pacific Corp.,2.38
HDIQ,10,IBM,International Business Machines Corporation,2.32
EMQP,1,SE,Sea Limited Sponsored ADR,9.26
EMQP,2,MELI,MercadoLibre Inc.,8.57
EMQP,3,NU,Nu Holdings Ltd. Class A Ordinary Shares,7.76
EMQP,4,0700,Tencent Holdings Limited,6.19
EMQP,5,PDD,PDD Holdings Inc. American Depositary Receipt,5.81
EMQP,6,9988,Alibaba Group Holding Ltd.,5.51
EMQP,7,500034,Bajaj Finance Ltd,4.43
EMQP,8,3690,Meituan,4.28
EMQP,9,ETERNAL,Eternal Limited,3.84
EMQP,10,9999,NetEase Inc.,3.29
VDXX,1,LIN,Linde PLC,10.66
VDXX,2,SAP,SAP SE,10.51
VDXX,3,SIE,Siemens Aktiengesellschaft,8.62
VDXX,4,ALV,Allianz SE,7.44
VDXX,5,BAYN,Bayer AG,5.44
VDXX,6,DTE,Deutsche Telekom AG,4.93
VDXX,7,BAS,BASF SE,4.67
VDXX,8,ADS,adidas AG,4.53
VDXX,9,DPW,Deutsche Post AG,3.81
VDXX,10,DAI,Daimler AG,3.63
VDNR,1,NVDA,NVIDIA Corporation,7.41
VDNR,2,AAPL,Apple Inc.,6.59
VDNR,3,MSFT,Microsoft Corporation Common Stock,5.42
VDNR,4,AMZN,Amazon.com Inc.,3.63
VDNR,5,GOOGL,Alphabet Inc. Class A Common Stock,2.84
VDNR,6,AVGO,Broadcom Inc.,2.48
VDNR,7,GOOG,Alphabet Inc. Class C Common Stock,2.30
VDNR,8,META,Meta Platforms Inc. Class A Common Stock,1.81
VDNR,9,MU,Micron Technology Inc.,1.55
VDNR,10,TSLA,"Tesla, Inc.",1.55
VDJP,1,8306,"Mitsubishi UFJ Financial Group, Inc.",3.90
VDJP,2,7203,Toyota Motor Corporation,3.29
VDJP,3,8316,"Sumitomo Mitsui Financial Group, Inc.",2.46
VDJP,4,8035,Tokyo Electron Ltd.,2.42
VDJP,5,6098,"Recruit Holdings Co., Ltd.",2.39
VDJP,6,6857,Advantest Corporation,2.38
VDJP,7,6501,Hitachi Ltd.,2.34
VDJP,8,6758,Sony Group Corp.,2.31
VDJP,9,8411,"Mizuho Financial Group, Inc.",1.98
VDJP,10,9984,SoftBank Group Corp.,1.91
HDLG,1,PFE,Pfizer Inc.,3.80
HDLG,2,VZ,Verizon Communications Inc.,3.38
HDLG,3,KHC,The Kraft Heinz Company,2.89
HDLG,4,GIS,General Mills Inc.,2.88
HDLG,5,VICI,VICI Properties Inc.,2.86
HDLG,6,T,AT&T Inc.,2.81
HDLG,7,MO,"Altria Group, Inc.",2.72
HDLG,8,DOC,"Healthpeak Properties, Inc.",2.54
HDLG,9,CMCSA,Comcast Corp. Class A Common Stock,2.46
HDLG,10,PRU,"Prudential Financial, Inc.",2.41
EDMG,1,NVDA,NVIDIA Corporation,7.60
EDMG,2,AAPL,Apple Inc.,7.24
EDMG,3,MSFT,Microsoft Corporation Common Stock,5.50
EDMG,4,AMZN,Amazon.com Inc.,3.97
EDMG,5,GOOG,Alphabet Inc. Class C Common Stock,3.03
EDMG,6,AVGO,Broadcom Inc.,2.55
EDMG,7,GOOGL,Alphabet Inc. Class A Common Stock,2.42
EDMG,8,META,Meta Platforms Inc. Class A Common Stock,1.91
EDMG,9,JPM,JPMorgan Chase & Co.,1.75
EDMG,10,MU,Micron Technology Inc.,1.71
WMTE,1,NVDA,NVIDIA Corporation,5.82
WMTE,2,AAPL,Apple Inc.,5.40
WMTE,3,MSFT,Microsoft Corporation Common Stock,4.01
WMTE,4,AMZN,Amazon.com Inc.,2.66
WMTE,5,GOOGL,Alphabet Inc. Class A Common Stock,2.22
WMTE,6,GOOG,Alphabet Inc. Class C Common Stock,1.77
WMTE,7,AVGO,Broadcom Inc.,1.76
WMTE,8,META,Meta Platforms Inc. Class A Common Stock,1.73
WMTE,9,MU,Micron Technology Inc.,1.33
WMTE,10,TSLA,"Tesla, Inc.",1.12
HIEU,1,ASML,ASML Holding N.V.,15.13
HIEU,2,SAP,SAP SE,7.01
HIEU,3,TTE,TotalEnergies SE,5.39
HIEU,4,ABBN,ABB Ltd,4.74
HIEU,5,SU,Schneider Electric SE,4.34
HIEU,6,AZN,AstraZeneca PLC,3.92
HIEU,7,OR,L'Oréal S.A.,3.29
HIEU,8,SAN,Sanofi SA,2.86
HIEU,9,IFX,Infineon Technologies AG,2.11
HIEU,10,NOVO,Novo Nordisk A/S,1.97
HIJP,1,6981,"Murata Manufacturing Co., Ltd.",6.26
HIJP,2,8035,Tokyo Electron Ltd.,6.17
HIJP,3,6752,Panasonic Holdings Corporation,6.04
HIJP,4,6501,Hitachi Ltd.,5.47
HIJP,5,8058,Mitsubishi Corporation,4.25
HIJP,6,8031,"Mitsui & Co., Ltd.",4.13
HIJP,7,6702,Fujitsu Limited,3.87
HIJP,8,6301,Komatsu Ltd.,3.79
HIJP,9,6723,Renesas Electronics Corporation,3.47
HIJP,10,6701,NEC Corporation,3.37
WOEE,1,NVDA,NVIDIA Corporation,5.51
WOEE,2,AAPL,Apple Inc.,5.13
WOEE,3,MSFT,Microsoft Corporation Common Stock,4.04
WOEE,4,AMZN,Amazon.com Inc.,2.79
WOEE,5,GOOGL,Alphabet Inc. Class A Common Stock,2.21
WOEE,6,AVGO,Broadcom Inc.,1.77
WOEE,7,GOOG,Alphabet Inc. Class C Common Stock,1.73
WOEE,8,META,Meta Platforms Inc. Class A Common Stock,1.34
WOEE,9,JPM,JPMorgan Chase & Co.,1.17
WOEE,10,MU,Micron Technology Inc.,1.14
ECOG,1,9147,"Nippon Express Holdings, Inc.",3.00
ECOG,2,MANH,Manhattan Associates Inc.,2.85
ECOG,3,SPSC,"SPS Commerce, Inc.",2.84
ECOG,4,MAERSK,AP Moller - Maersk A/S,2.80
ECOG,5,6178,"Japan Post Holdings Co., Ltd.",2.72
ECOG,6,OCDO,Ocado Group Plc,2.69
ECOG,7,SGRO,Segro plc,2.68
ECOG,8,ETSY,Etsy Inc.,2.67
ECOG,9,NTG,NTG Nordic Transport Group A/S,2.67
ECOG,10,GLBE,Global-E Online Ltd.,2.46
HMEA,1,ASML,ASML Holding N.V.,4.59
HMEA,2,HSBA,HSBC Holdings plc,2.45
HMEA,3,ROP,Roche Holding AG,2.13
HMEA,4,NOVN,Novartis AG Registered Shares,1.91
HMEA,5,SHEL,Shell plc,1.74
HMEA,6,NESN,Nestlé S.A.,1.71
HMEA,7,SIE,Siemens Aktiengesellschaft,1.70
HMEA,8,AZN,AstraZeneca PLC,1.69
HMEA,9,SAP,SAP SE,1.58
HMEA,10,SAN,"Banco Santander, S.A.",1.44
HEQA,1,NVDA,NVIDIA Corporation,8.57
HEQA,2,AAPL,Apple Inc.,7.42
HEQA,3,MSFT,Microsoft Corporation Common Stock,6.19
HEQA,4,GOOG,Alphabet Inc. Class C Common Stock,5.59
HEQA,5,MU,Micron Technology Inc.,5.39
HEQA,6,AMZN,Amazon.com Inc.,4.68
HEQA,7,AMD,Advanced Micro Devices Inc.,3.64
HEQA,8,META,Meta Platforms Inc. Class A Common Stock,2.80
HEQA,9,TSLA,"Tesla, Inc.",2.46
HELO,1,NVDA,NVIDIA Corporation,8.84
HELO,2,AAPL,Apple Inc.,6.98
HELO,3,MSFT,Microsoft Corporation Common Stock,6.38
HELO,4,AMZN,Amazon.com Inc.,4.18
HELO,5,GOOGL,Alphabet Inc. Class A Common Stock,3.11
HELO,6,AVGO,Broadcom Inc.,2.69
HELO,7,META,Meta Platforms Inc. Class A Common Stock,2.51
HELO,8,GOOG,Alphabet Inc. Class C Common Stock,2.22
HELO,9,JIMXX,JPMorgan Prime Money Market Fund IM,2.11
HELO,10,MU,Micron Technology Inc.,1.96
HELA,1,NVDA,NVIDIA Corporation,8.49
HELA,2,AAPL,Apple Inc.,6.61
HELA,3,MSFT,Microsoft Corporation Common Stock,6.25
HELA,4,AMZN,Amazon.com Inc.,4.33
HELA,5,GOOGL,Alphabet Inc. Class A Common Stock,3.04
HELA,6,AVGO,Broadcom Inc.,2.82
HELA,7,GOOG,Alphabet Inc. Class C Common Stock,2.17
HELA,8,META,Meta Platforms Inc. Class A Common Stock,1.97
HELA,9,MU,Micron Technology Inc.,1.74
WMGG,1,PRY,Prysmian S.p.A.,1.24
WMGG,2,AMD,Advanced Micro Devices Inc.,1.12
WMGG,3,NBIS,Nebius Group N.V. Class A Ordinary Shares,1.05
WMGG,4,BE,Bloom Energy Corp. Class A Common Stock,1.01
WMGG,5,SU,Schneider Electric SE,0.85
WMGG,6,CRWD,"CrowdStrike Holdings, Inc.",0.84
WMGG,7,PANW,"Palo Alto Networks, Inc.",0.83
WMGG,8,MU,Micron Technology Inc.,0.79
WMGG,9,PWR,"Quanta Services, Inc.",0.76
WMGG,10,INTC,Intel Corporation,0.71
EEWD,1,NVDA,NVIDIA Corporation,5.85
EEWD,2,AAPL,Apple Inc.,5.52
EEWD,3,MSFT,Microsoft Corporation Common Stock,4.02
EEWD,4,GOOG,Alphabet Inc. Class C Common Stock,3.35
EEWD,5,AMZN,Amazon.com Inc.,2.75
EEWD,6,META,Meta Platforms Inc. Class A Common Stock,1.81
EEWD,7,AVGO,Broadcom Inc.,1.80
EEWD,8,MU,Micron Technology Inc.,1.36
EEWD,9,TSLA,"Tesla, Inc.",1.23
EEWD,10,JNJ,Johnson & Johnson,1.12
EEUD,1,ASML,ASML Holding N.V.,4.92
EEUD,2,HSBA,HSBC Holdings plc,2.86
EEUD,3,NOVN,Novartis AG Registered Shares,2.50
EEUD,4,ROP,Roche Holding AG,2.37
EEUD,5,TTE,TotalEnergies SE,2.00
EEUD,6,ABBN,ABB Ltd,1.89
EEUD,7,SAP,SAP SE,1.82
EEUD,8,SU,Schneider Electric SE,1.82
EEUD,9,ALV,Allianz SE,1.69
EEUD,10,SIE,Siemens Aktiengesellschaft,1.64
EEMU,1,ASML,ASML Holding N.V.,9.54
EEMU,2,SIE,Siemens Aktiengesellschaft,3.12
EEMU,3,SAP,SAP SE,2.98
EEMU,4,ALV,Allianz SE,2.60
EEMU,5,SAN,"Banco Santander, S.A.",2.60
EEMU,6,SU,Schneider Electric SE,2.47
EEMU,7,TTE,TotalEnergies SE,2.14
EEMU,8,BBVA,"Banco Bilbao Vizcaya Argentaria, S.A.",2.12
EEMU,9,IBE,"Iberdrola, S.A.",2.08
EEMU,10,UCG,UniCredit S.p.A.,1.71
EEI,1,HSBA,HSBC Holdings plc,5.07
EEI,2,EQNR,Equinor ASA,3.65
EEI,3,ISP,Intesa Sanpaolo S.p.A.,3.65
EEI,4,RIO,Rio Tinto plc,3.05
EEI,5,BP,BP p.l.c.,2.71
EEI,6,ENEL,Enel S.p.A.,2.62
EEI,7,BBVA,"Banco Bilbao Vizcaya Argentaria, S.A.",2.55
EEI,8,ENGI,Engie SA,2.36
EEI,9,CS,AXA SA,2.23
EEI,10,SAN,Sanofi SA,2.15
EEDM,1,2330,Taiwan Semiconductor Manufacturing Company Limited,15.25
EEDM,2,005930,Samsung Electronics Co Ltd,6.77
EEDM,3,000660,SK hynix Inc,5.45
EEDM,4,0700,Tencent Holdings Limited,2.83
EEDM,5,9988,Alibaba Group Holding Ltd.,1.94
EEDM,6,2454,MediaTek Inc.,1.45
EEDM,7,005935,Samsung Electronics Co Ltd Participating Preferred,1.37
EEDM,8,2308,Delta Electronics Inc.,1.05
EEDM,9,00939,China Construction Bank Corp Class H,1.03
EEDM,10,RELIANCE,Reliance Industries Ltd.,0.96
EEDG,1,NVDA,NVIDIA Corporation,7.60
EEDG,2,AAPL,Apple Inc.,7.24
EEDG,3,MSFT,Microsoft Corporation Common Stock,5.50
EEDG,4,AMZN,Amazon.com Inc.,3.97
EEDG,5,GOOG,Alphabet Inc. Class C Common Stock,3.03
EEDG,6,AVGO,Broadcom Inc.,2.55
EEDG,7,GOOGL,Alphabet Inc. Class A Common Stock,2.42
EEDG,8,META,Meta Platforms Inc. Class A Common Stock,1.91
EEDG,9,JPM,JPMorgan Chase & Co.,1.75
EEDG,10,MU,Micron Technology Inc.,1.71
XSKR,1,DTE,Deutsche Telekom AG,23.85
XSKR,2,SPOT,Spotify Technology S.A.,16.80
XSKR,3,ORA,Orange S.A.,7.02
XSKR,4,VOD,Vodafone Group Public Limited Company,6.20
XSKR,5,PUB,Publicis Groupe S.A.,5.66
XSKR,6,SCMN,Swisscom AG,4.23
XSKR,7,KPN,Koninklijke KPN N.V.,3.87
XSKR,8,UMG,Universal Music Group N.V.,3.63
XSKR,9,BT,BT Group plc,3.45
XSKR,10,INF,Informa plc,3.33
XSTC,1,NVDA,NVIDIA Corporation,18.67
XSTC,2,AAPL,Apple Inc.,18.31
XSTC,3,MSFT,Microsoft Corporation Common Stock,15.02
XSTC,4,AVGO,Broadcom Inc.,6.99
XSTC,5,MU,Micron Technology Inc.,4.54
XSTC,6,AMD,Advanced Micro Devices Inc.,3.22
XSTC,7,CSCO,"Cisco Systems, Inc.",1.83
XSTC,8,PLTR,Palantir Technologies Inc. Class A Common Stock,1.70
XSTC,9,INTC,Intel Corporation,1.65
XSTC,10,LRCX,Lam Research Corp.,1.58
XSHC,1,LLY,Eli Lilly and Company,14.89
XSHC,2,JNJ,Johnson & Johnson,10.26
XSHC,3,ABBV,AbbVie Inc.,7.27
XSHC,4,MRK,"Merck & Co., Inc.",5.85
XSHC,5,UNH,UnitedHealth Group Inc.,5.66
XSHC,6,AMGN,Amgen Inc. Common Stock,3.71
XSHC,7,TMO,Thermo Fisher Scientific Inc.,3.67
XSHC,8,ABT,Abbott Laboratories,3.08
XSHC,9,GILD,"Gilead Sciences, Inc.",2.91
XSHC,10,PFE,Pfizer Inc.,2.60
S5UA,1,NVDA,NVIDIA Corporation,8.04
S5UA,2,AAPL,Apple Inc.,7.00
S5UA,3,MSFT,Microsoft Corporation Common Stock,5.67
S5UA,4,AMZN,Amazon.com Inc.,3.82
S5UA,5,GOOGL,Alphabet Inc. Class A Common Stock,2.99
S5UA,6,AVGO,Broadcom Inc.,2.64
S5UA,7,GOOG,Alphabet Inc. Class C Common Stock,2.39
S5UA,8,META,Meta Platforms Inc. Class A Common Stock,1.89
S5UA,9,MU,Micron Technology Inc.,1.63
S5UA,10,TSLA,"Tesla, Inc.",1.56
XUFB,1,JPM,JPMorgan Chase & Co.,31.78
XUFB,2,BAC,Bank of America Corporation,16.90
XUFB,3,WFC,Wells Fargo & Company,13.71
XUFB,4,C,Citigroup Inc.,12.48
XUFB,5,USB,U.S. Bancorp,5.09
XUFB,6,PNC,"The PNC Financial Services Group, Inc.",5.01
XUFB,7,TFC,Truist Financial Corporation,3.20
XUFB,8,FITB,Fifth Third Bancorp,2.59
XUFB,9,MTB,"CareCloud, Inc.",1.78
XUFB,10,HBAN,HubSpot Inc.,1.75
0A3D,1,NVDA,NVIDIA Corporation,8.37
0A3D,2,AAPL,Apple Inc.,7.36
0A3D,3,MSFT,Microsoft Corporation Common Stock,5.76
0A3D,4,AMZN,Amazon.com Inc.,3.70
0A3D,5,GOOGL,Alphabet Inc. Class A Common Stock,3.06
0A3D,6,AVGO,Broadcom Inc.,2.53
0A3D,7,GOOG,Alphabet Inc. Class C Common Stock,2.45
0A3D,8,META,Meta Platforms Inc. Class A Common Stock,2.42
0A3D,9,MU,Micron Technology Inc.,1.82
0A3D,10,TSLA,"Tesla, Inc.",1.51
XSFN,1,JPM,JPMorgan Chase & Co.,11.85
XSFN,2,BRK,Berkshire Hathaway Inc. Class B,8.70
XSFN,3,V,Visa Inc. Class A,7.92
XSFN,4,MA,Mastercard Inc. Class A Common Stock,5.99
XSFN,5,BAC,Bank of America Corporation,5.22
XSFN,6,GS,"The Goldman Sachs Group, Inc.",3.76
XSFN,7,WFC,Wells Fargo & Company,3.28
XSFN,8,MS,Morgan Stanley Common Stock,3.14
XSFN,9,C,Citigroup Inc.,2.79
XSFN,10,SCHW,The Charles Schwab Corporation,2.25
QWTM,1,IONQ,"IonQ, Inc.",4.83
QWTM,2,RGTI,"Rigetti Computing, Inc.",4.64
QWTM,3,INFQ,Infleqtion Inc.,4.56
QWTM,4,QBTS,D-Wave Quantum Inc.,4.54
QWTM,5,XNDU,Xanadu Quantum Technologies Limited Class B Subordinate Voting Shares,4.24
QWTM,6,QNT,Quantinuum Inc. Class A Common Stock,4.04
QWTM,7,QUBT,Quantum Computing Inc.,3.77
QWTM,8,6702,Fujitsu Limited,3.06
QWTM,9,MSFT,Microsoft Corporation Common Stock,3.03
QWTM,10,IBM,International Business Machines Corporation,2.93
R1GB,1,NVDA,NVIDIA Corporation,15.22
R1GB,2,AAPL,Apple Inc.,7.51
R1GB,3,GOOGL,Alphabet Inc. Class A Common Stock,6.06
R1GB,4,MSFT,Microsoft Corporation Common Stock,5.72
R1GB,5,AVGO,Broadcom Inc.,5.15
R1GB,6,GOOG,Alphabet Inc. Class C Common Stock,4.89
R1GB,7,MU,Micron Technology Inc.,3.16
R1GB,8,META,Meta Platforms Inc. Class A Common Stock,3.12
R1GB,9,TSLA,"Tesla, Inc.",3.06
R1GB,10,LLY,Eli Lilly and Company,2.81
R2SC,1,FROG,JFrog Ltd.,0.34
R2SC,2,MOG,Moog Inc. Class A Common Stock,0.34
R2SC,3,UMBF,UMB Financial Corporation,0.33
R2SC,4,GKOS,Glaukos Corp.,0.33
R2SC,5,EAT,Brinker International Inc.,0.32
R2SC,6,BTSG,"BrightSpring Health Services, Inc.",0.30
R2SC,7,KRYS,"Krystal Biotech, Inc.",0.30
R2SC,8,CYTK,"Cytokinetics, Incorporated",0.30
R2SC,9,SM,SM Energy Company,0.29
R2SC,10,TWST,Twist Bioscience Corporation,0.29
XRMU,1,NVDA,NVIDIA Corporation,8.23
XRMU,2,AAPL,Apple Inc.,7.51
XRMU,3,MSFT,Microsoft Corporation Common Stock,5.78
XRMU,4,AMZN,Amazon.com Inc.,4.06
XRMU,5,GOOGL,Alphabet Inc. Class A Common Stock,3.19
XRMU,6,AVGO,Broadcom Inc.,2.69
XRMU,7,GOOG,Alphabet Inc. Class C Common Stock,2.50
XRMU,8,META,Meta Platforms Inc. Class A Common Stock,2.03
XRMU,9,MU,Micron Technology Inc.,1.75
XRMU,10,TSLA,"Tesla, Inc.",1.67
RDTG,1,NVDA,NVIDIA Corporation,6.88
RDTG,2,AAPL,Apple Inc.,5.83
RDTG,3,GOOGL,Alphabet Inc. Class A Common Stock,5.77
RDTG,4,MSFT,Microsoft Corporation Common Stock,4.25
RDTG,5,AMZN,Amazon.com Inc.,4.19
RDTG,6,AVGO,Broadcom Inc.,3.24
RDTG,7,JPM,JPMorgan Chase & Co.,2.29
RDTG,8,ASML,ASML Holding N.V.,1.91
RDTG,9,LRCX,Lam Research Corp.,1.66
RDTG,10,JNJ,Johnson & Johnson,1.63
REGB,1,SQM,Sociedad Química y Minera de Chile S.A. ADR,8.09
REGB,2,ALB,Albemarle Corporation,7.91
REGB,3,MP,MP Materials Corp.,6.66
REGB,4,PLS,Pilbara Minerals Ltd.,6.11
REGB,5,LYC,Lynas Rare Earths Limited,6.07
REGB,6,600111,"China Northern Rare Earth Group High-Tech Co., Ltd.",5.87
REGB,7,601958,"Jinduicheng Molybdenum Co., Ltd.",4.78
REGB,8,600549,Xiamen Tungsten Co. Ltd.,4.60
REGB,9,7610,Lianyou Metals Co Ltd,4.48
REGB,10,ALM,Almonty Industries Inc.,4.22
XSEN,1,XOM,ExxonMobil Holdings Corporation,28.14
XSEN,2,CVX,Chevron Corporation,16.00
XSEN,3,COP,ConocoPhillips,6.81
XSEN,4,MPC,Marathon Petroleum Corp.,4.62
XSEN,5,VLO,Valero Energy Corporation,4.51
XSEN,6,PSX,Phillips 66,4.16
XSEN,7,WMB,"The Williams Companies, Inc.",3.86
XSEN,8,SLB,SLB N.V.,3.80
XSEN,9,EOG,"EOG Resources, Inc.",3.27
XSEN,10,BKR,Baker Hughes Company,2.65
XS3R,1,NESN,Nestlé S.A.,20.86
XS3R,2,ULVR,Unilever PLC,11.65
XS3R,3,BATS,British American Tobacco plc,9.36
XS3R,4,OR,L'Oréal S.A.,8.91
XS3R,5,ABI,Anheuser-Busch InBev SA/NV,5.92
XS3R,6,DGE,Diageo plc,4.31
XS3R,7,BN,Danone S.A.,3.91
XS3R,8,RKT,Reckitt Benckiser Group plc,3.69
XS3R,9,TSCO,Tesco PLC,3.25
XS3R,10,AD,Koninklijke Ahold Delhaize N.V.,2.61
XSCD,1,AMZN,Amazon.com Inc.,30.89
XSCD,2,TSLA,"Tesla, Inc.",16.05
XSCD,3,HD,"The Home Depot, Inc.",6.68
XSCD,4,MCD,McDonald's Corporation,3.83
XSCD,5,BKNG,Booking Holdings Inc.,3.19
XSCD,6,TJX,"The TJX Companies, Inc.",3.03
XSCD,7,SBUX,Starbucks Corp.,2.48
XSCD,8,LOW,"Lowe's Companies, Inc.",2.35
XSCD,9,MELI,MercadoLibre Inc.,1.81
XSCD,10,DASH,"DoorDash, Inc. Class A Common Stock",1.75
XSCS,1,WMT,Walmart Inc.,15.61
XSCS,2,COST,Costco Wholesale Corp,14.22
XSCS,3,KO,The Coca-Cola Company,11.66
XSCS,4,PG,The Procter & Gamble Company,11.45
XSCS,5,PM,Philip Morris International Inc.,9.91
XSCS,6,PEP,"PepsiCo, Inc.",6.51
XSCS,7,MO,"Altria Group, Inc.",3.89
XSCS,8,MDLZ,"Mondelēz International, Inc. Class A Common Stock",2.70
XSCS,9,TGT,Target Corp.,2.47
XSCS,10,CL,Colgate-Palmolive Co.,2.32
RENG,1,009830,Hanwha Solutions Corp,1.92
RENG,2,GNRC,Generac Holdings Inc.,1.88
RENG,3,5802,Sumitomo Electric Industries Ltd.,1.85
RENG,4,NPI,Northland Power Inc.,1.80
RENG,5,NXPI,NXP Semiconductors N.V.,1.78
RENG,6,NDX1,Nordex SE,1.78
RENG,7,ALFEN,Alfen N.V.,1.77
RENG,8,S92,SMA Solar Technology AG,1.77
RENG,9,ON,ON Semiconductor Corporation,1.77
RENG,10,NRGV,"Energy Vault Holdings, Inc.",1.76
SDIP,1,TFG,Thai Foods Group PCL Units Non-Voting Depository Receipts,1.88
SDIP,2,RHI,Robert Half Inc.,1.79
SDIP,3,HAUTO,Höegh Autoliners ASA,1.56
SDIP,4,NAT,Nordic American Tankers Limited,1.51
SDIP,5,VARO,Var Energi ASA,1.49
SDIP,6,ITH,Ithaca Energy plc,1.47
SDIP,7,PK,Park Hotels & Resorts Inc.,1.44
SDIP,8,VCT,Victrex plc,1.43
SDIP,9,WAWI,Wallenius Wilhelmsen ASA,1.38
SDIP,10,PRGO,Perrigo Company plc,1.36
SDUE,1,ASML,ASML Holding N.V.,5.88
SDUE,2,HSBA,HSBC Holdings plc,2.85
SDUE,3,ROP,Roche Holding AG,2.46
SDUE,4,NOVN,Novartis AG Registered Shares,2.20
SDUE,5,AZN,AstraZeneca PLC,2.06
SDUE,6,SIE,Siemens Aktiengesellschaft,1.89
SDUE,7,SAP,SAP SE,1.78
SDUE,8,SAN,"Banco Santander, S.A.",1.67
SDUE,9,SU,Schneider Electric SE,1.52
SDUE,10,ALV,Allianz SE,1.50
SECA,1,XLK,State Street Technology Select Sector SPDR ETF,10.26
SECA,2,ORCL,Oracle Corporation,6.24
SECA,3,XLF,State Street Financial Select Sector SPDR ETF,4.81
SECA,4,XLV,State Street Health Care Select Sector SPDR ETF,4.38
SECA,5,VIS,Vanguard Industrials ETF,4.33
SECA,6,QQQM,Invesco NASDAQ 100 ETF,4.30
SECA,7,VGT,Vanguard Information Technology ETF,3.97
SECA,8,XLC,State Street Communication Services Select Sector SPDR ETF,3.77
SECA,9,SPY,State Street SPDR S&P 500 ETF Trust,3.28
SECA,10,AAPL,Apple Inc.,3.23
XZEU,1,ASML,ASML Holding N.V.,10.50
XZEU,2,HSBA,HSBC Holdings plc,5.46
XZEU,3,NOVN,Novartis AG Registered Shares,4.20
XZEU,4,SIE,Siemens Aktiengesellschaft,3.62
XZEU,5,SAP,SAP SE,3.42
XZEU,6,SU,Schneider Electric SE,2.91
XZEU,7,ALV,Allianz SE,2.87
XZEU,8,ABBN,ABB Ltd,2.35
XZEU,9,NOVO,Novo Nordisk A/S,1.98
XZEU,10,AI,Air Liquide S.A.,1.93
SXYD,1,MRK,"Merck & Co., Inc.",5.20
SXYD,2,NVDA,NVIDIA Corporation,5.03
SXYD,3,META,Meta Platforms Inc. Class A Common Stock,4.61
SXYD,4,AAPL,Apple Inc.,4.60
SXYD,5,AVGO,Broadcom Inc.,4.41
SXYD,6,AME,"AMETEK, Inc.",4.40
SXYD,7,GOOG,Alphabet Inc. Class C Common Stock,4.23
SXYD,8,MSFT,Microsoft Corporation Common Stock,4.20
SXYD,9,CNP,"CenterPoint Energy, Inc.",4.18
SXYD,10,BAC,Bank of America Corporation,4.15
3DUG,1,NVDA,NVIDIA Corporation,7.73
3DUG,2,AAPL,Apple Inc.,6.15
3DUG,3,MSFT,Microsoft Corporation Common Stock,4.81
3DUG,4,AMZN,Amazon.com Inc.,4.32
3DUG,5,GOOGL,Alphabet Inc. Class A Common Stock,4.04
3DUG,6,AVGO,Broadcom Inc.,3.04
3DUG,7,GOOG,Alphabet Inc. Class C Common Stock,2.89
3DUG,8,META,Meta Platforms Inc. Class A Common Stock,1.95
3DUG,9,JPM,JPMorgan Chase & Co.,1.93
3DUG,10,TSLA,"Tesla, Inc.",1.24
SAJP,1,8306,"Mitsubishi UFJ Financial Group, Inc.",4.98
SAJP,2,7203,Toyota Motor Corporation,3.49
SAJP,3,8035,Tokyo Electron Ltd.,3.31
SAJP,4,8316,"Sumitomo Mitsui Financial Group, Inc.",3.18
SAJP,5,6857,Advantest Corporation,3.16
SAJP,6,6501,Hitachi Ltd.,3.06
SAJP,7,9984,SoftBank Group Corp.,3.01
SAJP,8,6098,"Recruit Holdings Co., Ltd.",2.81
SAJP,9,6758,Sony Group Corp.,2.76
SAJP,10,285A,Kioxia Holdings Corp.,2.62
XUSD,1,NVDA,NVIDIA Corporation,8.89
SAUM,1,ASML,ASML Holding N.V.,10.28
SAUM,2,SIE,Siemens Aktiengesellschaft,3.31
SAUM,3,SAP,SAP SE,3.12
SAUM,4,SAN,"Banco Santander, S.A.",2.93
SAUM,5,SU,Schneider Electric SE,2.65
SAUM,6,ALV,Allianz SE,2.62
SAUM,7,TTE,TotalEnergies SE,2.44
SAUM,8,BBVA,"Banco Bilbao Vizcaya Argentaria, S.A.",2.30
SAUM,9,IBE,"Iberdrola, S.A.",2.12
SAUM,10,UCG,UniCredit S.p.A.,1.87
0MNK,1,HSBA,HSBC Holdings plc,14.38
0MNK,2,SAN,"Banco Santander, S.A.",8.73
0MNK,3,BBVA,"Banco Bilbao Vizcaya Argentaria, S.A.",6.62
0MNK,4,UCG,UniCredit S.p.A.,5.95
0MNK,5,BNP,BNP Paribas SA,5.01
0MNK,6,ISP,Intesa Sanpaolo S.p.A.,4.89
0MNK,7,INGA,ING Groep N.V.,4.18
0MNK,8,BARC,Barclays PLC,3.69
0MNK,9,LLOY,Lloyds Banking Group plc,3.50
0MNK,10,DBK,Deutsche Bank AG,3.11
NUCG,1,CCO,Cameco Corporation,14.67
NUCG,2,U,Sprott Physical Uranium Trust,7.12
NUCG,3,NXE,NexGen Energy Ltd.,7.01
NUCG,4,OKLO,Oklo Inc. Class A Common Stock,6.02
NUCG,5,6504,"Fuji Electric Co., Ltd.",5.88
NUCG,6,6501,Hitachi Ltd.,5.86
NUCG,7,ATRL,AtkinsRéalis Group Inc.,5.58
NUCG,8,7011,Mitsubishi Heavy Industries Ltd.,5.56
NUCG,9,7013,IHI Corporation,5.31
NUCG,10,028260,Samsung C&T Corp,5.08
NUKP,1,CCO,Cameco Corporation,8.93
NUKP,2,RR,Rolls-Royce Holdings plc,3.90
NUKP,3,ELE,"Endesa, S.A.",3.77
NUKP,4,028260,Samsung C&T Corp,3.70
NUKP,5,CEZ,"ČEZ, a.s.",3.69
NUKP,6,GEV,GE Vernova Inc.,3.45
NUKP,7,D,"Dominion Energy, Inc.",3.23
NUKP,8,FORTUM,Fortum Oyj,3.03
NUKP,9,EMR,Emerson Electric Co.,2.95
NUKP,10,J,Jacobs Solutions Inc.,2.94
ISPE,1,MRNA,Moderna Inc.,0.29
ISPE,2,ILMN,Illumina Inc.,0.28
ISPE,3,P,Everpure Inc. Class A Common Stock,0.27
ISPE,4,CRWD,"CrowdStrike Holdings, Inc.",0.26
ISPE,5,RVTY,Revvity Inc.,0.25
ISPE,6,DDOG,Datadog Inc. Class A,0.25
ISPE,7,A,"AgileThought, Inc. Class A Common Stock",0.24
ISPE,8,PANW,"Palo Alto Networks, Inc.",0.24
ISPE,9,AMD,Advanced Micro Devices Inc.,0.24
ISPE,10,MTD,Mettler-Toledo International Inc.,0.24
OIGB,1,TS,Tenaris S.A. American Depositary Shares,10.76
OIGB,2,FTI,TechnipFMC plc,9.83
OIGB,3,BKR,Baker Hughes Company,9.71
OIGB,4,HAL,Halliburton Company,9.64
OIGB,5,SLB,SLB N.V.,9.62
OIGB,6,SEI,"Solaris Energy Infrastructure, Inc.",5.22
OIGB,7,RIG,Transocean Ltd.,4.99
OIGB,8,WFRD,Weatherford International plc,4.32
OIGB,9,NOV,NOV Inc.,4.02
OIGB,10,NE,Noble Corporation plc,3.94
AIAG,1,TEM,Tempus AI Inc Class A Common Stock,2.87
AIAG,2,PANW,"Palo Alto Networks, Inc.",2.78
AIAG,3,CRWD,"CrowdStrike Holdings, Inc.",2.55
AIAG,4,P,Everpure Inc. Class A Common Stock,2.52
AIAG,5,NET,"Cloudflare, Inc. Class A Common Stock",2.47
AIAG,6,3443,Global Unichip Corporation,2.40
AIAG,7,ESTC,Elastic N.V.,2.38
AIAG,8,SNOW,Snowflake Inc. Common Stock,2.37
AIAG,9,IOT,Samsara Inc. Class A Common Stock,2.33
AIAG,10,ANET,Arista Networks Inc.,2.30
NRUC,1,V,V,100.00
PACW,1,NVDA,NVIDIA Corporation,5.09
PACW,2,AAPL,Apple Inc.,4.32
PACW,3,MSFT,Microsoft Corporation Common Stock,3.55
PACW,4,AMZN,Amazon.com Inc.,2.36
PACW,5,GOOGL,Alphabet Inc. Class A Common Stock,1.91
PACW,6,2330,Taiwan Semiconductor Manufacturing Company Limited,1.75
PACW,7,AVGO,Broadcom Inc.,1.66
PACW,8,GOOG,Alphabet Inc. Class C Common Stock,1.65
PACW,9,META,Meta Platforms Inc. Class A Common Stock,1.20
PACW,10,TSLA,"Tesla, Inc.",1.04
XMME,1,2330,Taiwan Semiconductor Manufacturing Company Limited,15.04
XMME,2,005930,Samsung Electronics Co Ltd,7.16
XMME,3,000660,SK hynix Inc,5.44
XMME,4,0700,Tencent Holdings Limited,2.86
XMME,5,9988,Alibaba Group Holding Ltd.,1.97
XMME,6,2454,MediaTek Inc.,1.44
XMME,7,2308,Delta Electronics Inc.,0.91
XMME,8,005935,Samsung Electronics Co Ltd Pfd Registered Shs Non-Voting,0.88
XMME,9,00939,China Construction Bank Corp Class H,0.82
XMME,10,2317,"Hon Hai Precision Industry Co., Ltd.",0.77
PAES,1,ASML,ASML Holding N.V.,5.88
PAES,2,NOVN,Novartis AG Registered Shares,2.85
PAES,3,AZN,AstraZeneca PLC,2.42
PAES,4,HSBA,HSBC Holdings plc,2.29
PAES,5,ALV,Allianz SE,1.79
PAES,6,SAP,SAP SE,1.70
PAES,7,SIE,Siemens Aktiengesellschaft,1.55
PAES,8,SAN,"Banco Santander, S.A.",1.38
PAES,9,UCG,UniCredit S.p.A.,1.33
PAES,10,UBSG,UBS Group AG,1.10
NDUS,1,SIE,Siemens Aktiengesellschaft,9.01
NDUS,2,SU,Schneider Electric SE,6.86
NDUS,3,RR,Rolls-Royce Holdings plc,6.42
NDUS,4,ABBN,ABB Ltd,5.60
NDUS,5,AIR,Airbus SE,4.98
NDUS,6,SAF,Safran SA,4.94
NDUS,7,ENR,Siemens Energy AG,4.68
NDUS,8,BA,The Boeing Company,3.01
NDUS,9,REL,RELX plc,2.35
NDUS,10,DG,Vinci SA,2.23
0ACU,1,NVDA,NVIDIA Corporation,5.43
0ACU,2,AAPL,Apple Inc.,5.08
0ACU,3,MSFT,Microsoft Corporation Common Stock,3.92
0ACU,4,AMZN,Amazon.com Inc.,2.79
0ACU,5,GOOGL,Alphabet Inc. Class A Common Stock,2.18
0ACU,6,AVGO,Broadcom Inc.,1.79
0ACU,7,GOOG,Alphabet Inc. Class C Common Stock,1.71
0ACU,8,META,Meta Platforms Inc. Class A Common Stock,1.37
0ACU,9,MU,Micron Technology Inc.,1.14
0ACU,10,TSLA,"Tesla, Inc.",1.06
MWEP,1,TEAM,Atlassian Corporation Class A Common Stock,0.17
MWEP,2,OKTA,Okta Inc. Class A Common Stock,0.15
MWEP,3,VMRK,Vivmark Residential,0.15
MWEP,4,SNOW,Snowflake Inc. Common Stock,0.14
MWEP,5,DELL,Dell Technologies Inc. Class C Common Stock,0.14
MWEP,6,SN,"SharkNinja, Inc.",0.14
MWEP,7,6098,"Recruit Holdings Co., Ltd.",0.14
MWEP,8,VEEV,Veeva Systems Inc.,0.13
MWEP,9,CSL,CSL Limited,0.13
MWEP,10,NTRA,"Natera, Inc.",0.12
NRJC,1,GEV,GE Vernova Inc.,9.88
NRJC,2,ENR,Siemens Energy AG,8.99
NRJC,3,IBDSF,"Iberdrola, S.A.",8.03
NRJC,4,NEE,NextEra Energy Inc.,7.51
NRJC,5,SBGSF,Schneider Electric SE,7.41
NRJC,6,EXC,Exelon Corp.,6.35
NRJC,7,PCG,PG&E Corporation,4.65
NRJC,8,MRAAF,"Murata Manufacturing Co., Ltd.",3.80
NRJC,9,VWSYF,Vestas Wind Systems A/S,3.05
NRJC,10,EIX,Edison International,2.99
QNTG,1,IONQ,"IonQ, Inc.",5.77
QNTG,2,MSFT,Microsoft Corporation Common Stock,5.30
QNTG,3,6701,NEC Corporation,5.11
QNTG,4,QBTS,D-Wave Quantum Inc.,4.94
QNTG,5,9432,Nippon Telegraph and Telephone Corporation,4.83
QNTG,6,6702,Fujitsu Limited,4.81
QNTG,7,6501,Hitachi Ltd.,4.75
QNTG,8,BAC,Bank of America Corporation,4.72
QNTG,9,SIE,Siemens Aktiengesellschaft,4.62
QNTG,10,AMZN,Amazon.com Inc.,4.54
QQQG,1,SNDK,Sandisk Corp.,6.70
QQQG,2,MRVL,Marvell Technology Inc.,5.64
QQQG,3,AMD,Advanced Micro Devices Inc.,5.50
QQQG,4,DDOG,Datadog Inc. Class A,5.33
QQQG,5,STX,Seagate Technology Holdings plc,5.28
QQQG,6,MU,Micron Technology Inc.,5.15
QQQG,7,WDC,Western Digital Corp.,4.88
QQQG,8,ALAB,"Astera Labs, Inc.",4.83
QQQG,9,FTNT,"Fortinet, Inc.",4.78
QQQG,10,PANW,"Palo Alto Networks, Inc.",4.21
AEMU,1,2330,Taiwan Semiconductor Manufacturing Company Limited,15.15
AEMU,2,005930,Samsung Electronics Co Ltd,7.21
AEMU,3,000660,SK hynix Inc,5.48
AEMU,4,0700,Tencent Holdings Limited,2.89
AEMU,5,9988,Alibaba Group Holding Ltd.,1.98
AEMU,6,2454,MediaTek Inc.,1.45
AEMU,7,2308,Delta Electronics Inc.,0.92
AEMU,8,005935,Samsung Electronics Co Ltd Participating Preferred,0.88
AEMU,9,00939,China Construction Bank Corp Class H,0.83
AEMU,10,2317,"Hon Hai Precision Industry Co., Ltd.",0.78
PQVG,1,AAPL,Apple Inc.,5.33
PQVG,2,XOM,ExxonMobil Holdings Corporation,5.24
PQVG,3,LRCX,Lam Research Corp.,4.60
PQVG,4,SNDK,Sandisk Corp.,4.60
PQVG,5,CAT,Caterpillar Inc.,4.57
PQVG,6,CSCO,"Cisco Systems, Inc.",4.56
PQVG,7,GEV,GE Vernova Inc.,4.55
PQVG,8,WDC,Western Digital Corp.,3.38
PQVG,9,NEM,Newmont Corporation,2.90
PQVG,10,KLAC,KLA Corporation,2.90
XNAQ,1,NVDA,NVIDIA Corporation,8.52
XNAQ,2,AAPL,Apple Inc.,7.42
XNAQ,3,MSFT,Microsoft Corporation Common Stock,6.01
XNAQ,4,MU,Micron Technology Inc.,4.76
XNAQ,5,AMZN,Amazon.com Inc.,4.46
XNAQ,6,AMD,Advanced Micro Devices Inc.,3.38
XNAQ,7,GOOGL,Alphabet Inc. Class A Common Stock,3.15
XNAQ,8,TSLA,"Tesla, Inc.",2.93
XNAQ,9,GOOG,Alphabet Inc. Class C Common Stock,2.92
XNAQ,10,AVGO,Broadcom Inc.,2.80
TDGB,1,VZ,Verizon Communications Inc.,4.90
TDGB,2,HSBA,HSBC Holdings plc,4.58
TDGB,3,PFE,Pfizer Inc.,4.14
TDGB,4,NESN,Nestlé S.A.,3.83
TDGB,5,SHEL,Shell plc,3.32
TDGB,6,TTE,TotalEnergies SE,3.14
TDGB,7,PEP,"PepsiCo, Inc.",2.97
TDGB,8,ALV,Allianz SE,2.89
TDGB,9,ISP,Intesa Sanpaolo S.p.A.,2.57
TDGB,10,BBVA,"Banco Bilbao Vizcaya Argentaria, S.A.",2.44
XPHG,1,ICT,International Container Terminal Services Inc,29.71
XPHG,2,BDO,BDO Unibank Inc,9.21
XPHG,3,BPI,Bank of the Philippine Islands,6.02
XPHG,4,SMPH,SM Prime Holdings Inc,5.81
XPHG,5,SM,SM Investments Corp,4.25
XPHG,6,MBT,Metropolitan Bank & Trust Co,4.20
XPHG,7,AC,Ayala Corp,4.03
XPHG,8,TEL,PLDT Inc,2.99
XPHG,9,ALI,Ayala Land Inc,2.92
XPHG,10,MER,Manila Electric Co,2.90
SILG,1,WPM,Wheaton Precious Metals Corp.,15.58
SILG,2,PAAS,Pan American Silver Corp.,12.51
SILG,3,CDE,Coeur Mining Inc.,12.22
SILG,4,HL,Hecla Mining Company,7.52
SILG,5,AG,First Majestic Silver Corp.,5.74
SILG,6,PE&OLES,"Industrias Peñoles, S.A.B. de C.V.",5.71
SILG,7,SSRM,SSR Mining Inc.,4.31
SILG,8,FRES,Fresnillo plc,4.23
SILG,9,OR,OR Royalties Inc.,3.95
SILG,10,BVN,Compañía de Minas Buenaventura S.A.A. ADR,3.62
0MTV,1,NVDA,NVIDIA Corporation,7.91
0MTV,2,AAPL,Apple Inc.,7.05
0MTV,3,MSFT,Microsoft Corporation Common Stock,5.73
0MTV,4,AMZN,Amazon.com Inc.,3.91
0MTV,5,GOOGL,Alphabet Inc. Class A Common Stock,3.05
0MTV,6,AVGO,Broadcom Inc.,2.62
0MTV,7,GOOG,Alphabet Inc. Class C Common Stock,2.43
0MTV,8,META,Meta Platforms Inc. Class A Common Stock,1.91
0MTV,9,MU,Micron Technology Inc.,1.58
0MTV,10,TSLA,"Tesla, Inc.",1.47
0W76,1,BFFAF,BASF SE,10.72
0W76,2,ALIZF,Allianz SE,10.35
0W76,3,MBG,Mercedes-Benz Group AG,10.16
0W76,4,DTEGF,Deutsche Telekom AG,9.63
0W76,5,MURGF,Münchener Rückversicherungs-Gesellschaft Aktiengesellschaft in München,9.46
0W76,6,DPSTF,DHL Group AG,9.25
0W76,7,ENAKF,E.ON SE,9.22
0W76,8,BAMXF,Bayerische Motoren Werke AG,7.25
0W76,9,DTG,Daimler Truck Holding AG,6.13
0W76,10,VLKPF,Volkswagen AG Preferred Stock,5.61
0Y7Z,1,UNLYF,Unilever PLC,5.15
0Y7Z,2,GLAXF,GSK plc,5.14
0Y7Z,3,HBCYF,HSBC Holdings plc,4.97
0Y7Z,4,RLXXF,RELX plc,4.89
0Y7Z,5,BCLYF,Barclays PLC,4.81
0Y7Z,6,LLDTF,Lloyds Banking Group plc,4.72
0Y7Z,7,CMPGF,Compass Group plc,4.22
0Y7Z,8,TGOPF,3i Group plc,3.88
0Y7Z,9,RBGPF,Reckitt Benckiser Group plc,3.72
0Y7Z,10,EXPGF,Experian plc,3.49
YMAG,1,FBY,YieldMax META Option Income Strategy ETF,14.89
YMAG,2,NVDY,YieldMax NVDA Option Income Strategy ETF,14.85
YMAG,3,MSFO,YieldMax MSFT Option Income Strategy ETF,14.29
YMAG,4,APLY,YieldMax AAPL Option Income Strategy ETF,14.09
YMAG,5,GOOY,YieldMax GOOGL Option Income Strategy ETF,13.99
YMAG,6,AMZY,YieldMax AMZN Option Income Strategy ETF,13.90
YMAG,7,TSLY,YieldMax TSLA Option Income Strategy ETF,13.76
YMAG,8,FGXXX,First American Government Obligations Fund Class X,0.94
SLVG,1,AG,First Majestic Silver Corp.,14.26
SLVG,2,PSLV,Sprott Physical Silver Trust,13.24
SLVG,3,AYA,Aya Gold & Silver Inc.,9.94
SLVG,4,SVM,Silvercorp Metals Inc.,6.84
SLVG,5,WPM,Wheaton Precious Metals Corp.,5.26
SLVG,6,EXK,Endeavour Silver Corp.,4.96
SLVG,7,USA,Americas Gold and Silver Corporation,4.03
SLVG,8,ABRA,Abrasilver Resource Corp.,3.92
SLVG,9,GGD,GoGold Resources Inc.,3.71
SLVG,10,VZLA,Vizsla Silver Corp.,3.68
SPPG,1,NVDA,NVIDIA Corporation,8.06
SPPG,2,AAPL,Apple Inc.,7.02
SPPG,3,MSFT,Microsoft Corporation Common Stock,5.68
SPPG,4,AMZN,Amazon.com Inc.,3.83
SPPG,5,GOOGL,Alphabet Inc. Class A Common Stock,3.00
SPPG,6,AVGO,Broadcom Inc.,2.64
SPPG,7,GOOG,Alphabet Inc. Class C Common Stock,2.39
SPPG,8,META,Meta Platforms Inc. Class A Common Stock,1.90
SPPG,9,MU,Micron Technology Inc.,1.63
SPPG,10,TSLA,"Tesla, Inc.",1.56
SPX5,1,NVDA,NVIDIA Corporation,8.06
SPX5,2,AAPL,Apple Inc.,7.02
SPX5,3,MSFT,Microsoft Corporation Common Stock,5.68
SPX5,4,AMZN,Amazon.com Inc.,3.83
SPX5,5,GOOGL,Alphabet Inc. Class A Common Stock,3.00
SPX5,6,AVGO,Broadcom Inc.,2.64
SPX5,7,GOOG,Alphabet Inc. Class C Common Stock,2.39
SPX5,8,META,Meta Platforms Inc. Class A Common Stock,1.90
SPX5,9,MU,Micron Technology Inc.,1.63
SPX5,10,TSLA,"Tesla, Inc.",1.56
0Y4F,1,BHP,BHP Group Ltd.,15.44
0Y4F,2,CBA,Commonwealth Bank of Australia,12.63
0Y4F,3,NAB,National Australia Bank Ltd.,6.10
0Y4F,4,WBC,Westpac Banking Corporation,5.99
0Y4F,5,ANZ,ANZ Group Holdings Limited,5.78
0Y4F,6,MQG,Macquarie Group Limited,4.48
0Y4F,7,CSL,CSL Limited,4.41
0Y4F,8,WES,Wesfarmers Limited,4.35
0Y4F,9,RIO,Rio Tinto Limited,3.10
0Y4F,10,WDS,Woodside Energy Group Ltd,3.03
0Y37,1,NVDA,NVIDIA Corporation,5.58
0Y37,2,AAPL,Apple Inc.,5.09
0Y37,3,MSFT,Microsoft Corporation Common Stock,3.92
0Y37,4,AMZN,Amazon.com Inc.,2.75
0Y37,5,GOOGL,Alphabet Inc. Class A Common Stock,2.16
0Y37,6,AVGO,Broadcom Inc.,1.82
0Y37,7,GOOG,Alphabet Inc. Class C Common Stock,1.70
0Y37,8,META,Meta Platforms Inc. Class A Common Stock,1.38
0Y37,9,MU,Micron Technology Inc.,1.18
0Y37,10,TSLA,"Tesla, Inc.",1.13
VLUE,1,MU,Micron Technology Inc.,23.85
VLUE,2,CSCO,"Cisco Systems, Inc.",4.19
VLUE,3,GM,General Motors Co.,3.36
VLUE,4,VZ,Verizon Communications Inc.,2.83
VLUE,5,T,AT&T Inc.,2.60
VLUE,6,HPE,Hewlett Packard Enterprise Company,2.03
VLUE,7,BAC,Bank of America Corporation,1.89
VLUE,8,DELL,Dell Technologies Inc. Class C Common Stock,1.83
VLUE,9,PFE,Pfizer Inc.,1.77
VLUE,10,QCOM,QUALCOMM Incorporated,1.72
JPSG,1,8035,Tokyo Electron Ltd.,6.72
JPSG,2,8316,"Sumitomo Mitsui Financial Group, Inc.",6.52
JPSG,3,6501,Hitachi Ltd.,6.39
JPSG,4,6098,"Recruit Holdings Co., Ltd.",6.21
JPSG,5,6758,Sony Group Corp.,6.00
JPSG,6,8766,"Tokio Marine Holdings, Inc.",5.44
JPSG,7,8001,Itochu Corporation,5.20
JPSG,8,6702,Fujitsu Limited,4.48
JPSG,9,6701,NEC Corporation,4.12
JPSG,10,9433,KDDI Corp,4.06
JPXX,1,6098,"Recruit Holdings Co., Ltd.",9.01
JPXX,2,8035,Tokyo Electron Ltd.,6.72
JPXX,3,8316,"Sumitomo Mitsui Financial Group, Inc.",5.96
JPXX,4,6758,Sony Group Corp.,5.77
JPXX,5,8766,"Tokio Marine Holdings, Inc.",4.88
JPXX,6,6954,Fanuc Corporation,4.66
JPXX,7,7741,HOYA Corporation,4.50
JPXX,8,8630,Sompo Holdings Inc.,4.49
JPXX,9,4503,Astellas Pharma Inc,4.11
JPXX,10,7936,Asics Corporation,3.58
BBDS,1,MRNA,Moderna Inc.,0.69
BBDS,2,NTRA,"Natera, Inc.",0.61
BBDS,3,RVMD,"Revolution Medicines, Inc.",0.52
BBDS,4,TEAM,Atlassian Corporation Class A Common Stock,0.42
BBDS,5,FTI,TechnipFMC plc,0.40
BBDS,6,OKTA,Okta Inc. Class A Common Stock,0.40
BBDS,7,CASY,"Casey's General Stores, Inc.",0.38
BBDS,8,ATI,ATI Inc.,0.38
BBDS,9,WSM,"Williams-Sonoma, Inc.",0.37
BBCS,1,MRNA,Moderna Inc.,0.69
BBCS,2,NTRA,"Natera, Inc.",0.61
BBCS,3,RVMD,"Revolution Medicines, Inc.",0.52
BBCS,4,TEAM,Atlassian Corporation Class A Common Stock,0.42
BBCS,5,FTI,TechnipFMC plc,0.40
BBCS,6,OKTA,Okta Inc. Class A Common Stock,0.40
BBCS,7,CASY,"Casey's General Stores, Inc.",0.38
BBCS,8,ATI,ATI Inc.,0.38
BBCS,9,WSM,"Williams-Sonoma, Inc.",0.37
UC44,1,MSFT,Microsoft Corporation Common Stock,5.59
UC44,2,NVDA,NVIDIA Corporation,4.60
UC44,3,TSLA,"Tesla, Inc.",4.19
UC44,4,AMD,Advanced Micro Devices Inc.,3.42
UC44,5,ASML,ASML Holding N.V.,2.92
UC44,6,V,Visa Inc. Class A,2.84
UC44,7,INTC,Intel Corporation,1.75
UC44,8,LRCX,Lam Research Corp.,1.68
UC44,9,CAT,Caterpillar Inc.,1.65
UC44,10,AMAT,Applied Materials Inc.,1.62
JEDG,1,RKLB,Rocket Lab Corporation,8.88
JEDG,2,ASTS,AST SpaceMobile Inc.,7.58
JEDG,3,ECHO,EchoStar Corp. Class A Common Stock,6.89
JEDG,4,VSAT,Viasat Inc.,6.35
JEDG,5,GSAT,Globalstar Inc.,6.12
JEDG,6,MDA,MDA Space Ltd.,5.69
JEDG,7,FLY,Firefly Aerospace Inc.,4.80
JEDG,8,PL,Planet Labs PBC,4.78
JEDG,9,IRDM,Iridium Communications Inc.,4.60
JEDG,10,6285,Wistron NeWeb Corp.,4.52
JRCD,1,300750,Contemporary Amperex Technology Co. Ltd.,3.44
JRCD,2,600519,"Kweichow Moutai Co., Ltd.",3.43
JRCD,3,300308,"Zhongji Innolight Co., Ltd.",2.07
JRCD,4,600036,"China Merchants Bank Co., Ltd.",1.93
JRCD,5,601899,"Zijin Mining Group Co., Ltd.",1.69
JRCD,6,600900,"China Yangtze Power Co., Ltd.",1.59
JRCD,7,601138,Foxconn Industrial Internet Co. Ltd.,1.59
JRCD,8,601318,"Ping An Insurance Group Co., Ltd.",1.44
JRCD,9,688256,Cambricon Technologies Corporation Ltd.,1.40
JRCD,10,300502,Eoptolink Technology Inc.,1.27
JRDU,1,NVDA,NVIDIA Corporation,8.46
JRDU,2,AAPL,Apple Inc.,6.77
JRDU,3,MSFT,Microsoft Corporation Common Stock,6.22
JRDU,4,AMZN,Amazon.com Inc.,4.22
JRDU,5,GOOGL,Alphabet Inc. Class A Common Stock,3.05
JRDU,6,AVGO,Broadcom Inc.,2.76
JRDU,7,GOOG,Alphabet Inc. Class C Common Stock,2.38
JRDU,8,META,Meta Platforms Inc. Class A Common Stock,1.99
JRDU,9,MU,Micron Technology Inc.,1.75
JRDU,10,TSLA,"Tesla, Inc.",1.34
XEOU,1,ASML,ASML Holding N.V.,4.50
XEOU,2,HSBA,HSBC Holdings plc,2.48
XEOU,3,ROP,Roche Holding AG,2.11
XEOU,4,NOVN,Novartis AG Registered Shares,1.92
XEOU,5,SHEL,Shell plc,1.75
XEOU,6,NESN,Nestlé S.A.,1.73
XEOU,7,AZN,AstraZeneca PLC,1.71
XEOU,8,SIE,Siemens Aktiengesellschaft,1.70
XEOU,9,SAP,SAP SE,1.59
XEOU,10,SAN,"Banco Santander, S.A.",1.44
JPGL,1,MPC,Marathon Petroleum Corp.,0.41
JPGL,2,VLO,Valero Energy Corporation,0.40
JPGL,3,VMRK,Vivmark Residential,0.39
JPGL,4,ILMN,Illumina Inc.,0.38
JPGL,5,ANET,Arista Networks Inc.,0.36
JPGL,6,SCCO,Southern Copper Corporation,0.35
JPGL,7,MRK,"Merck & Co., Inc.",0.35
JPGL,8,INCY,Incyte Corp.,0.34
JPGL,9,FCX,Freeport-McMoRan Inc.,0.34
JPGL,10,HSBA,HSBC Holdings plc,0.34
JPJP,1,8306,"Mitsubishi UFJ Financial Group, Inc.",4.72
JPJP,2,7203,Toyota Motor Corporation,3.30
JPJP,3,8035,Tokyo Electron Ltd.,3.05
JPJP,4,6857,Advantest Corporation,3.00
JPJP,5,8316,"Sumitomo Mitsui Financial Group, Inc.",2.94
JPJP,6,6501,Hitachi Ltd.,2.90
JPJP,7,9984,SoftBank Group Corp.,2.85
JPJP,8,6098,"Recruit Holdings Co., Ltd.",2.66
JPJP,9,6758,Sony Group Corp.,2.60
JPJP,10,8411,"Mizuho Financial Group, Inc.",2.46
UC55,1,NVDA,NVIDIA Corporation,5.55
UC55,2,AAPL,Apple Inc.,5.08
UC55,3,MSFT,Microsoft Corporation Common Stock,3.91
UC55,4,AMZN,Amazon.com Inc.,2.74
UC55,5,GOOGL,Alphabet Inc. Class A Common Stock,2.16
UC55,6,AVGO,Broadcom Inc.,1.82
UC55,7,GOOG,Alphabet Inc. Class C Common Stock,1.70
UC55,8,META,Meta Platforms Inc. Class A Common Stock,1.37
UC55,9,MU,Micron Technology Inc.,1.18
UC55,10,TSLA,"Tesla, Inc.",1.14
CBS5,1,US17275RBR2,US17275RBR21,1.30
CBS5,2,US287YDS5,US00287YDS54,1.25
CBS5,3,US11135FBX8,US11135FBX87,1.20
CBS5,4,US6051GML0,US06051GML04,1.16
CBS5,5,US6051GLS6,US06051GLS65,1.11
CBS5,6,US287YDR7,US00287YDR71,1.04
CBS5,7,US172967PF2,US172967PF20,1.00
CBS5,8,,US871607AC15,1.00
CBS5,9,,US89788MAR34,0.99
CBS5,10,US6051GMT3,US06051GMT30,0.99
BBSU,1,NVDA,NVIDIA Corporation,7.81
BBSU,2,AAPL,Apple Inc.,7.02
BBSU,3,MSFT,Microsoft Corporation Common Stock,5.69
BBSU,4,AMZN,Amazon.com Inc.,3.85
BBSU,5,GOOGL,Alphabet Inc. Class A Common Stock,3.00
BBSU,6,AVGO,Broadcom Inc.,2.60
BBSU,7,GOOG,Alphabet Inc. Class C Common Stock,2.38
BBSU,8,META,Meta Platforms Inc. Class A Common Stock,1.89
BBSU,9,MU,Micron Technology Inc.,1.63
BBSU,10,TSLA,"Tesla, Inc.",1.57
JRDZ,1,ASML,ASML Holding N.V.,8.82
JRDZ,2,SIE,Siemens Aktiengesellschaft,3.87
JRDZ,3,ALV,Allianz SE,3.35
JRDZ,4,SAN,"Banco Santander, S.A.",3.23
JRDZ,5,TTE,TotalEnergies SE,2.85
JRDZ,6,SAP,SAP SE,2.77
JRDZ,7,UCG,UniCredit S.p.A.,2.50
JRDZ,8,SAF,Safran SA,2.43
JRDZ,9,IBE,"Iberdrola, S.A.",2.33
JRDZ,10,AI,Air Liquide S.A.,2.30
JSUG,1,NVDA,NVIDIA Corporation,8.98
JSUG,2,AAPL,Apple Inc.,7.46
JSUG,3,MSFT,Microsoft Corporation Common Stock,6.43
JSUG,4,AMZN,Amazon.com Inc.,4.46
JSUG,5,GOOG,Alphabet Inc. Class C Common Stock,3.41
JSUG,6,AVGO,Broadcom Inc.,3.20
JSUG,7,GOOGL,Alphabet Inc. Class A Common Stock,2.55
JSUG,8,LLY,Eli Lilly and Company,2.35
JSUG,9,MA,Mastercard Inc. Class A Common Stock,1.82
JSUG,10,JNJ,Johnson & Johnson,1.74
UGRW,1,BP,BP p.l.c.,5.79
UGRW,2,SSE,SSE plc,5.08
UGRW,3,GSK,GSK plc,5.01
UGRW,4,AZN,AstraZeneca PLC,4.30
UGRW,5,ADM,Admiral Group plc,3.84
UGRW,6,CPG,Compass Group plc,3.51
UGRW,7,REL,RELX plc,3.27
UGRW,8,CCH,Coca-Cola HBC AG,2.51
UGRW,9,ANTO,Antofagasta plc,2.45
UGRW,10,NXT,Next plc,2.19
UB0A,1,NVDA,NVIDIA Corporation,7.64
UB0A,2,AAPL,Apple Inc.,6.97
UB0A,3,MSFT,Microsoft Corporation Common Stock,5.37
UB0A,4,AMZN,Amazon.com Inc.,3.77
UB0A,5,GOOGL,Alphabet Inc. Class A Common Stock,2.97
UB0A,6,AVGO,Broadcom Inc.,2.50
UB0A,7,GOOG,Alphabet Inc. Class C Common Stock,2.33
UB0A,8,META,Meta Platforms Inc. Class A Common Stock,1.88
UB0A,9,MU,Micron Technology Inc.,1.63
UB0A,10,TSLA,"Tesla, Inc.",1.56
JUHG,1,NVDA,NVIDIA Corporation,8.46
JUHG,2,AAPL,Apple Inc.,6.77
JUHG,3,MSFT,Microsoft Corporation Common Stock,6.22
JUHG,4,AMZN,Amazon.com Inc.,4.22
JUHG,5,GOOGL,Alphabet Inc. Class A Common Stock,3.05
JUHG,6,AVGO,Broadcom Inc.,2.76
JUHG,7,GOOG,Alphabet Inc. Class C Common Stock,2.38
JUHG,8,META,Meta Platforms Inc. Class A Common Stock,1.99
JUHG,9,MU,Micron Technology Inc.,1.75
JUHG,10,TSLA,"Tesla, Inc.",1.34
XESE,1,2330,Taiwan Semiconductor Manufacturing Company Limited,20.26
XESE,2,000660,SK hynix Inc,10.47
XESE,3,0700,Tencent Holdings Limited,6.40
XESE,4,9988,Alibaba Group Holding Ltd.,4.39
XESE,5,2308,Delta Electronics Inc.,2.03
XESE,6,00939,China Construction Bank Corp Class H,1.84
XESE,7,HDFCBANK,HDFC Bank Limited,1.53
XESE,8,402340,SK Square,1.26
XESE,9,009150,Samsung Electro-Mechanics Co Ltd,1.07
XESE,10,1120,Al Rajhi Bank,0.95
JEAQ,1,NVDA,NVIDIA Corporation,8.69
JEAQ,2,AAPL,Apple Inc.,7.52
JEAQ,3,MSFT,Microsoft Corporation Common Stock,6.28
JEAQ,4,GOOG,Alphabet Inc. Class C Common Stock,5.67
JEAQ,5,MU,Micron Technology Inc.,5.47
JEAQ,6,AMZN,Amazon.com Inc.,4.74
JEAQ,7,AMD,Advanced Micro Devices Inc.,3.69
JEAQ,8,META,Meta Platforms Inc. Class A Common Stock,2.85
JEAQ,9,AVGO,Broadcom Inc.,2.49
JEAI,1,NVDA,NVIDIA Corporation,3.06
JEAI,2,MSFT,Microsoft Corporation Common Stock,2.83
JEAI,3,AAPL,Apple Inc.,2.77
JEAI,4,AMZN,Amazon.com Inc.,2.48
JEAI,5,GOOGL,Alphabet Inc. Class A Common Stock,2.11
JEAI,6,AVGO,Broadcom Inc.,1.97
JEAI,7,MA,Mastercard Inc. Class A Common Stock,1.95
JEAI,8,JNJ,Johnson & Johnson,1.91
JEAI,9,META,Meta Platforms Inc. Class A Common Stock,1.85
JEAG,1,JNJ,Johnson & Johnson,2.02
JEAG,2,MSFT,Microsoft Corporation Common Stock,1.69
JEAG,3,SO,The Southern Company,1.56
JEAG,4,T,AT&T Inc.,1.34
JEAG,5,MSI,"Motorola Solutions, Inc.",1.32
JEAG,6,BRK,Berkshire Hathaway Inc. Class B,1.28
JEAG,7,KO,The Coca-Cola Company,1.16
JEAG,8,ASML,ASML Holding N.V.,1.14
JEAG,9,COR,Cencora Inc.,1.14
JRUW,1,NVDA,NVIDIA Corporation,5.14
JRUW,2,AAPL,Apple Inc.,4.34
JRUW,3,MSFT,Microsoft Corporation Common Stock,3.75
JRUW,4,AMZN,Amazon.com Inc.,2.64
JRUW,5,GOOGL,Alphabet Inc. Class A Common Stock,1.90
JRUW,6,2330,Taiwan Semiconductor Manufacturing Company Limited,1.87
JRUW,7,AVGO,Broadcom Inc.,1.66
JRUW,8,GOOG,Alphabet Inc. Class C Common Stock,1.48
JRUW,9,META,Meta Platforms Inc. Class A Common Stock,1.27
JRUW,10,MU,Micron Technology Inc.,1.17
0MLG,1,LHA,Deutsche Lufthansa AG,4.68
0MLG,2,TLX,Talanx AG,4.65
0MLG,3,TKA,thyssenkrupp AG,4.40
0MLG,4,KBX,Knorr-Bremse AG,4.32
0MLG,5,DHER,Delivery Hero SE,4.01
0MLG,6,SRT3,Sartorius AG Participating Preferred,3.89
0MLG,7,HAG,Hensoldt AG,3.19
0MLG,8,P911,Dr. Ing. h.c. F. Porsche Aktiengesellschaft Preference,3.10
0MLG,9,NDX1,Nordex SE,2.93
0MLG,10,EVK,Evonik Industries AG,2.93
0MLH,1,MA,MA,100.00
0MLJ,1,ASML,ASML Holding N.V.,10.80
0MLJ,2,SIE,Siemens Aktiengesellschaft,4.51
0MLJ,3,SAP,SAP SE,4.17
0MLJ,4,SAN,"Banco Santander, S.A.",4.13
0MLJ,5,TTE,TotalEnergies SE,3.85
0MLJ,6,SU,Schneider Electric SE,3.77
0MLJ,7,ALV,Allianz SE,3.53
0MLJ,8,BBVA,"Banco Bilbao Vizcaya Argentaria, S.A.",3.09
0MLJ,9,IBE,"Iberdrola, S.A.",2.85
0MLJ,10,UCG,UniCredit S.p.A.,2.79
XDWG,1,NVDA,NVIDIA Corporation,5.54
XDWG,2,AAPL,Apple Inc.,5.05
XDWG,3,MSFT,Microsoft Corporation Common Stock,3.89
XDWG,4,AMZN,Amazon.com Inc.,2.73
XDWG,5,GOOGL,Alphabet Inc. Class A Common Stock,2.15
XDWG,6,AVGO,Broadcom Inc.,1.81
XDWG,7,GOOG,Alphabet Inc. Class C Common Stock,1.69
XDWG,8,META,Meta Platforms Inc. Class A Common Stock,1.37
XDWG,9,MU,Micron Technology Inc.,1.18
XDWG,10,TSLA,"Tesla, Inc.",1.13
XDWK,1,NVDA,NVIDIA Corporation,5.54
XDWK,2,AAPL,Apple Inc.,5.05
XDWK,3,MSFT,Microsoft Corporation Common Stock,3.89
XDWK,4,AMZN,Amazon.com Inc.,2.73
XDWK,5,GOOGL,Alphabet Inc. Class A Common Stock,2.15
XDWK,6,AVGO,Broadcom Inc.,1.81
XDWK,7,GOOG,Alphabet Inc. Class C Common Stock,1.69
XDWK,8,META,Meta Platforms Inc. Class A Common Stock,1.37
XDWK,9,MU,Micron Technology Inc.,1.18
XDWK,10,TSLA,"Tesla, Inc.",1.13
XDPG,1,NVDA,NVIDIA Corporation,8.04
XDPG,2,AAPL,Apple Inc.,7.00
XDPG,3,MSFT,Microsoft Corporation Common Stock,5.67
XDPG,4,AMZN,Amazon.com Inc.,3.83
XDPG,5,GOOGL,Alphabet Inc. Class A Common Stock,2.99
XDPG,6,AVGO,Broadcom Inc.,2.64
XDPG,7,GOOG,Alphabet Inc. Class C Common Stock,2.39
XDPG,8,META,Meta Platforms Inc. Class A Common Stock,1.89
XDPG,9,MU,Micron Technology Inc.,1.63
XDPG,10,TSLA,"Tesla, Inc.",1.56
JGEP,1,NVDA,NVIDIA Corporation,5.83
JGEP,2,AAPL,Apple Inc.,4.93
JGEP,3,MSFT,Microsoft Corporation Common Stock,4.26
JGEP,4,AMZN,Amazon.com Inc.,3.00
JGEP,5,GOOGL,Alphabet Inc. Class A Common Stock,2.15
JGEP,6,AVGO,Broadcom Inc.,1.89
JGEP,7,GOOG,Alphabet Inc. Class C Common Stock,1.69
JGEP,8,META,Meta Platforms Inc. Class A Common Stock,1.44
JGEP,9,MU,Micron Technology Inc.,1.32
JGEP,10,TSLA,"Tesla, Inc.",0.95
XDPP,1,NVDA,NVIDIA Corporation,8.04
XDPP,2,AAPL,Apple Inc.,7.00
XDPP,3,MSFT,Microsoft Corporation Common Stock,5.67
XDPP,4,AMZN,Amazon.com Inc.,3.83
XDPP,5,GOOGL,Alphabet Inc. Class A Common Stock,2.99
XDPP,6,AVGO,Broadcom Inc.,2.64
XDPP,7,GOOG,Alphabet Inc. Class C Common Stock,2.39
XDPP,8,META,Meta Platforms Inc. Class A Common Stock,1.89
XDPP,9,MU,Micron Technology Inc.,1.63
XDPP,10,TSLA,"Tesla, Inc.",1.56
BTEE,1,GILD,"Gilead Sciences, Inc.",8.15
BTEE,2,AMGN,Amgen Inc. Common Stock,7.83
BTEE,3,VRTX,Vertex Pharmaceuticals Incorporated Common Stock,7.67
BTEE,4,MRNA,Moderna Inc.,5.03
BTEE,5,REGN,"Regeneron Pharmaceuticals, Inc.",5.02
BTEE,6,RVMD,"Revolution Medicines, Inc.",2.88
BTEE,7,ILMN,Illumina Inc.,2.70
BTEE,8,BIIB,Biogen Inc.,2.18
BTEE,9,ALNY,"Alnylam Pharmaceuticals, Inc.",2.16
BTEE,10,ROIV,Roivant Sciences Ltd.,1.73
XDNS,1,8306,"Mitsubishi UFJ Financial Group, Inc.",4.86
XDNS,2,7203,Toyota Motor Corporation,3.78
XDNS,3,8035,Tokyo Electron Ltd.,3.14
XDNS,4,8316,"Sumitomo Mitsui Financial Group, Inc.",3.13
XDNS,5,6098,"Recruit Holdings Co., Ltd.",3.08
XDNS,6,6501,Hitachi Ltd.,3.07
XDNS,7,6857,Advantest Corporation,3.06
XDNS,8,6758,Sony Group Corp.,2.97
XDNS,9,8411,"Mizuho Financial Group, Inc.",2.52
XDNS,10,9984,SoftBank Group Corp.,2.47
UKSA,1,HSBA,HSBC Holdings plc,5.09
UKSA,2,ULVR,Unilever PLC,5.05
UKSA,3,LLOY,Lloyds Banking Group plc,4.93
UKSA,4,GSK,GSK plc,4.86
UKSA,5,BARC,Barclays PLC,4.69
UKSA,6,REL,RELX plc,4.29
UKSA,7,STAN,Standard Chartered PLC,3.95
UKSA,8,CPG,Compass Group plc,3.70
UKSA,9,LSEG,London Stock Exchange Group plc,3.52
UKSA,10,RKT,Reckitt Benckiser Group plc,3.11
JMRE,1,2330,Taiwan Semiconductor Manufacturing Company Limited,9.72
JMRE,2,005930,Samsung Electronics Co Ltd,8.30
JMRE,3,000660,SK hynix Inc,5.71
JMRE,4,0700,Tencent Holdings Limited,3.05
JMRE,5,9988,Alibaba Group Holding Ltd.,2.01
JMRE,6,2454,MediaTek Inc.,1.67
JMRE,7,00939,China Construction Bank Corp Class H,0.98
JMRE,8,2308,Delta Electronics Inc.,0.96
JMRE,9,ICICIBANK,ICICI Bank Ltd.,0.84
JMRE,10,2317,"Hon Hai Precision Industry Co., Ltd.",0.83
0MLU,1,NVDA,NVDA,100.00
JPAG,1,NVDA,NVIDIA Corporation,5.72
JPAG,2,AAPL,Apple Inc.,4.94
JPAG,3,MSFT,Microsoft Corporation Common Stock,4.37
JPAG,4,GOOGL,Alphabet Inc. Class A Common Stock,3.96
JPAG,5,AMZN,Amazon.com Inc.,3.16
JPAG,6,2330,Taiwan Semiconductor Manufacturing Company Limited,2.10
JPAG,7,AVGO,Broadcom Inc.,2.05
JPAG,8,MU,Micron Technology Inc.,1.67
JPAG,9,META,Meta Platforms Inc. Class A Common Stock,1.64
JPAG,10,005930,Samsung Electronics Co Ltd,1.15
BNKS,1,JPM,JPMorgan Chase & Co.,8.39
BNKS,2,BAC,Bank of America Corporation,6.68
BNKS,3,HSBA,HSBC Holdings plc,5.18
BNKS,4,RY,Royal Bank of Canada,5.00
BNKS,5,8306,"Mitsubishi UFJ Financial Group, Inc.",4.78
BNKS,6,WFC,Wells Fargo & Company,3.93
BNKS,7,SAN,"Banco Santander, S.A.",3.52
BNKS,8,TD,Toronto-Dominion Bank,3.51
BNKS,9,C,Citigroup Inc.,3.46
BNKS,10,8316,"Sumitomo Mitsui Financial Group, Inc.",2.93
CALF,1,SUNB,Sunbelt Rentals Holdings Inc.,2.12
CALF,2,THC,Tenet Healthcare Corp.,2.04
CALF,3,DINO,HF Sinclair Corporation,2.02
CALF,4,CTSH,Cognizant Technology Solutions Corp. Class A Common Stock,2.02
CALF,5,APTV,Aptiv PLC,1.99
CALF,6,EXPE,Expedia Group Inc.,1.98
CALF,7,OMC,Omnicom Group Inc.,1.96
CALF,8,KHC,The Kraft Heinz Company,1.94
CALF,9,EXE,Expand Energy Corp,1.87
CALF,10,HPQ,HP Inc.,1.86
BKCN,1,MSTR,Strategy Inc.,5.02
BKCN,2,COIN,Coinbase Global Inc. Class A Common Stock,4.82
BKCN,3,BMNR,"BitMine Immersion Technologies, Inc.",4.60
BKCN,4,HOOD,Robinhood Markets Inc. Class A Common Stock,4.50
BKCN,5,CRCL,"Circle Internet Group, Inc. Class A",4.33
BKCN,6,GLXY,Galaxy Digital Inc. Class A Common Stock,4.32
BKCN,7,MARA,MARA Holdings Inc.,3.91
BKCN,8,CLSK,"CleanSpark, Inc.",3.56
BKCN,9,XYZ,Block Inc. Class A Common Stock,3.52
BKCN,10,KEEL,Keel Infrastructure Corp.,3.39
JEPQ,1,NVDA,NVIDIA Corporation,7.36
JEPQ,2,AAPL,Apple Inc.,6.40
JEPQ,3,MSFT,Microsoft Corporation Common Stock,5.19
JEPQ,4,MU,Micron Technology Inc.,4.94
JEPQ,5,GOOG,Alphabet Inc. Class C Common Stock,4.71
JEPQ,6,AMD,Advanced Micro Devices Inc.,3.94
JEPQ,7,AMZN,Amazon.com Inc.,3.72
JEPQ,8,META,Meta Platforms Inc. Class A Common Stock,2.96
JEPQ,9,LRCX,Lam Research Corp.,2.11
JEPQ,10,TSLA,"Tesla, Inc.",2.00
CAPE,1,AMZN,Amazon.com Inc.,6.04
CAPE,2,TSLA,"Tesla, Inc.",4.28
CAPE,3,LIN,Linde plc,3.35
CAPE,4,WELL,Welltower Inc.,2.76
CAPE,5,WMT,Walmart Inc.,2.47
CAPE,6,COST,Costco Wholesale Corp,2.24
CAPE,7,PLD,"Prologis, Inc.",2.24
CAPE,8,NEM,Newmont Corporation,1.99
CAPE,9,KO,The Coca-Cola Company,1.84
CAPE,10,PG,The Procter & Gamble Company,1.81
XDNG,1,8306,"Mitsubishi UFJ Financial Group, Inc.",4.86
XDNG,2,7203,Toyota Motor Corporation,3.78
XDNG,3,8035,Tokyo Electron Ltd.,3.14
XDNG,4,8316,"Sumitomo Mitsui Financial Group, Inc.",3.13
XDNG,5,6098,"Recruit Holdings Co., Ltd.",3.08
XDNG,6,6501,Hitachi Ltd.,3.07
XDNG,7,6857,Advantest Corporation,3.06
XDNG,8,6758,Sony Group Corp.,2.97
XDNG,9,8411,"Mizuho Financial Group, Inc.",2.52
XDNG,10,9984,SoftBank Group Corp.,2.47
JUKC,1,HSBA,HSBC Holdings plc,8.88
JUKC,2,SHEL,Shell plc,6.59
JUKC,3,AZN,AstraZeneca PLC,6.17
JUKC,4,RR,Rolls-Royce Holdings plc,4.48
JUKC,5,ULVR,Unilever PLC,3.23
JUKC,6,BATS,British American Tobacco plc,3.06
JUKC,7,BP,BP p.l.c.,2.99
JUKC,8,GSK,GSK plc,2.78
JUKC,9,RIO,Rio Tinto plc,2.57
JUKC,10,BARC,Barclays PLC,2.50
IUSF,1,OKTA,Okta Inc. Class A Common Stock,0.83
IUSF,2,NTRA,"Natera, Inc.",0.71
IUSF,3,TEAM,Atlassian Corporation Class A Common Stock,0.69
IUSF,4,HPE,Hewlett Packard Enterprise Company,0.67
IUSF,5,ILMN,Illumina Inc.,0.66
IUSF,6,VMRK,Vivmark Residential,0.62
IUSF,7,SN,"SharkNinja, Inc.",0.60
IUSF,8,NTAP,"NetApp, Inc.",0.59
IUSF,9,VEEV,Veeva Systems Inc.,0.59
IUSF,10,P,Everpure Inc. Class A Common Stock,0.59
CDCE,1,MC,LVMH Moët Hennessy Louis Vuitton SE,14.27
CDCE,2,CFR,Compagnie Financière Richemont SA,13.92
CDCE,3,ITX,"Industria de Diseño Textil, S.A.",8.00
CDCE,4,PRX,Prosus N.V.,6.35
CDCE,5,CPG,Compass Group plc,5.66
CDCE,6,RACE,Ferrari N.V.,5.59
CDCE,7,RMS,Hermès International Société en commandite par actions,5.18
CDCE,8,MBG,Mercedes-Benz Group AG,4.32
CDCE,9,AMS,Amadeus IT Group S.A.,3.24
CDCE,10,ADS,adidas AG,3.10
MAMG,1,SASU,iShares MSCI USA Screened UCITS ETF USD (Acc),18.82
MAMG,2,IDTM,iShares USD Treasury Bond 7-10yr UCITS ETF,16.44
MAMG,3,EEDS,iShares MSCI USA ESG Enhanced CTB UCITS ETF USD (Dist),8.59
MAMG,4,SUOE,iShares EUR Corporate Bond ESG SRI UCITS ETF (Dist),6.43
MAMG,5,EDM2,iShares MSCI EM ESG Enhanced CTB UCITS ETF USD (Acc),5.35
MAMG,6,EMNU,iShares MSCI Europe ESG Enhanced CTB UCITS ETF EUR (Dist),5.26
MAMG,7,SECA,iShares € Govt Bond Climate UCITS ETF EUR (Acc),5.12
MAMG,8,IEML,iShares J.P. Morgan EM Local Government Bond UCITS ETF,4.21
MAMG,9,CYBE,iShares China CNY Bond UCITS ETF EUR Hedged (Acc),3.64
MAMG,10,2WVE,iShares MSCI Wld Val Fac Advcd ETFUSDAcc,3.64
CEA1,1,2330,Taiwan Semiconductor Manufacturing Company Limited,18.65
CEA1,2,005930,Samsung Electronics Co Ltd,9.02
CEA1,3,000660,SK hynix Inc,7.04
CEA1,4,CNYA,iShares MSCI China A UCITS ETF,4.10
CEA1,5,0700,Tencent Holdings Limited,3.28
CEA1,6,9988,Alibaba Group Holding Ltd.,2.21
CEA1,7,2454,MediaTek Inc.,2.17
CEA1,8,005935,Samsung Electronics Co Ltd Participating Preferred,1.13
CEA1,9,2308,Delta Electronics Inc.,1.12
CEA1,10,00939,China Construction Bank Corp Class H,1.03
AMEG,1,2330,Taiwan Semiconductor Manufacturing Company Limited,15.41
AMEG,2,2303,United Microelectronics Corporation,5.63
AMEG,3,009150,Samsung Electro-Mechanics Co Ltd,5.46
AMEG,4,2308,Delta Electronics Inc.,5.05
AMEG,5,3017,"Asia Vital Components Co., Ltd.",3.64
AMEG,6,402340,SK Square,2.58
AMEG,7,006400,Samsung SDI Co Ltd,2.11
AMEG,8,9999,NetEase Inc.,2.07
AMEG,9,00939,China Construction Bank Corp Class H,1.88
AMEG,10,NPN,Naspers Limited,1.63
XDEB,1,JNJ,Johnson & Johnson,1.60
XDEB,2,XOM,ExxonMobil Holdings Corporation,1.42
XDEB,3,CSCO,"Cisco Systems, Inc.",1.37
XDEB,4,MSFT,Microsoft Corporation Common Stock,1.37
XDEB,5,MSI,"Motorola Solutions, Inc.",1.35
XDEB,6,DUK,Duke Energy Corporation,1.33
XDEB,7,COR,Cencora Inc.,1.29
XDEB,8,SO,The Southern Company,1.25
XDEB,9,T,AT&T Inc.,1.23
XDEB,10,BRK,Berkshire Hathaway Inc. Class B,1.20
XD5S,1,ASML,ASML Holding N.V.,8.33
XD5S,2,SIE,Siemens Aktiengesellschaft,3.14
XD5S,3,SAP,SAP SE,2.95
XD5S,4,SAN,"Banco Santander, S.A.",2.67
XD5S,5,ALV,Allianz SE,2.54
XD5S,6,SU,Schneider Electric SE,2.39
XD5S,7,TTE,TotalEnergies SE,2.20
XD5S,8,BBVA,"Banco Bilbao Vizcaya Argentaria, S.A.",2.09
XD5S,9,IBE,"Iberdrola, S.A.",1.84
XD5S,10,AIR,Airbus SE,1.73
CEG2,1,ASML,ASML Holding N.V.,4.52
CEG2,2,HSBA,HSBC Holdings plc,2.51
CEG2,3,ROP,Roche Holding AG,2.12
CEG2,4,NOVN,Novartis AG Registered Shares,1.93
CEG2,5,SHEL,Shell plc,1.77
CEG2,6,NESN,Nestlé S.A.,1.74
CEG2,7,AZN,AstraZeneca PLC,1.73
CEG2,8,SIE,Siemens Aktiengesellschaft,1.70
CEG2,9,SAP,SAP SE,1.60
CEG2,10,SAN,"Banco Santander, S.A.",1.46
MPXG,1,CBA,Commonwealth Bank of Australia,8.03
MPXG,2,CSL,CSL Limited,5.51
MPXG,3,MQG,Macquarie Group Limited,5.07
MPXG,4,SUN,Suncorp Group Limited,4.98
MPXG,5,0388,Hong Kong Exchanges and Clearing Limited,4.96
MPXG,6,1299,AIA Group Limited,4.94
MPXG,7,S68,Singapore Exchange Ltd.,4.71
MPXG,8,GMG,Goodman Group Stapled Security,4.67
MPXG,9,TCL,Transurban Group,4.57
MPXG,10,QBE,QBE Insurance Group Limited,4.45
MTVG,1,000660,SK hynix Inc,5.56
MTVG,2,AAPL,Apple Inc.,5.29
MTVG,3,MSFT,Microsoft Corporation Common Stock,5.20
MTVG,4,MU,Micron Technology Inc.,5.14
MTVG,5,005930,Samsung Electronics Co Ltd,5.13
MTVG,6,2330,Taiwan Semiconductor Manufacturing Company Limited,5.10
MTVG,7,NVDA,NVIDIA Corporation,4.99
MTVG,8,AMD,Advanced Micro Devices Inc.,4.97
MTVG,9,META,Meta Platforms Inc. Class A Common Stock,4.91
MTVG,10,PANW,"Palo Alto Networks, Inc.",4.82
METL,1,HBM,Hudbay Minerals Inc.,4.48
METL,2,MDI,Major Drilling Group International Inc.,4.28
METL,3,NUE,Nucor Corporation,4.22
METL,4,ATYM,"Atalaya Mining Copper, S.A.",3.85
METL,5,NXE,NexGen Energy Ltd.,3.74
METL,6,EXK,Endeavour Silver Corp.,3.58
METL,7,CCO,Cameco Corporation,3.56
METL,8,BVN,Compañía de Minas Buenaventura S.A.A. ADR,3.50
METL,9,STLD,"Steel Dynamics, Inc.",3.46
METL,10,RS,"Reliance, Inc.",3.37
METP,1,NVDA,NVIDIA Corporation,10.26
METP,2,META,Meta Platforms Inc. Class A Common Stock,9.89
METP,3,MSFT,Microsoft Corporation Common Stock,8.67
METP,4,RBLX,Roblox Corp. Class A Common Stock,7.57
METP,5,COIN,Coinbase Global Inc. Class A Common Stock,7.34
METP,6,GOOGL,Alphabet Inc. Class A Common Stock,6.92
METP,7,INTC,Intel Corporation,6.80
METP,8,AAPL,Apple Inc.,6.50
METP,9,HOOD,Robinhood Markets Inc. Class A Common Stock,6.03
METP,10,8473,SBI Holdings Inc.,5.74
LCJG,1,8306,"Mitsubishi UFJ Financial Group, Inc.",4.65
LCJG,2,7203,Toyota Motor Corporation,3.31
LCJG,3,8035,Tokyo Electron Ltd.,3.10
LCJG,4,6857,Advantest Corporation,3.01
LCJG,5,8316,"Sumitomo Mitsui Financial Group, Inc.",2.96
LCJG,6,6501,Hitachi Ltd.,2.93
LCJG,7,9984,SoftBank Group Corp.,2.72
LCJG,8,6098,"Recruit Holdings Co., Ltd.",2.68
LCJG,9,6758,Sony Group Corp.,2.63
LCJG,10,285A,Kioxia Holdings Corp.,2.50
TSGB,1,6098,"Recruit Holdings Co., Ltd.",0.92
TSGB,2,MU,Micron Technology Inc.,0.85
TSGB,3,AMD,Advanced Micro Devices Inc.,0.83
TSGB,4,PANW,"Palo Alto Networks, Inc.",0.83
TSGB,5,CRWD,"CrowdStrike Holdings, Inc.",0.77
TSGB,6,402340,SK Square,0.70
TSGB,7,INTC,Intel Corporation,0.69
TSGB,8,000660,SK hynix Inc,0.68
TSGB,9,6981,"Murata Manufacturing Co., Ltd.",0.66
TSGB,10,6752,Panasonic Holdings Corporation,0.64
LDGG,1,0992,Lenovo Group Limited,0.56
LDGG,2,DVN,Devon Energy Corporation,0.40
LDGG,3,DINO,HF Sinclair Corporation,0.32
LDGG,4,TIT,Telecom Italia S.p.A.,0.31
LDGG,5,6981,"Murata Manufacturing Co., Ltd.",0.31
LDGG,6,O39,Oversea-Chinese Banking Corporation Limited,0.27
LDGG,7,STT,State Street Corporation Common Stock,0.27
LDGG,8,EQNR,Equinor ASA,0.27
LDGG,9,NUE,Nucor Corporation,0.26
LDGG,10,TGT,Target Corp.,0.26
KNG,1,BDX,"Becton, Dickinson and Company",1.76
KNG,2,TGT,Target Corp.,1.71
KNG,3,NDSN,Nordson Corporation,1.70
KNG,4,EMR,Emerson Electric Co.,1.68
KNG,5,FDS,FactSet Research Systems Inc.,1.66
KNG,6,FAST,Fastenal Co.,1.65
KNG,7,IBM,International Business Machines Corporation,1.61
KNG,8,ADP,Automatic Data Processing Inc.,1.60
KNG,9,CVX,Chevron Corporation,1.60
KNG,10,XOM,ExxonMobil Holdings Corporation,1.59
LAB2,1,MSFT,Microsoft Corporation Common Stock,6.29
LAB2,2,NVDA,NVIDIA Corporation,5.49
LAB2,3,AMZN,Amazon.com Inc.,5.18
LAB2,4,AVGO,Broadcom Inc.,4.98
LAB2,5,AAPL,Apple Inc.,4.97
LAB2,6,2330,Taiwan Semiconductor Manufacturing Company Limited,4.78
LAB2,7,GOOGL,Alphabet Inc. Class A Common Stock,4.57
LAB2,8,TSLA,"Tesla, Inc.",4.36
LAB2,9,META,Meta Platforms Inc. Class A Common Stock,3.96
LAB2,10,005930,Samsung Electronics Co Ltd,3.80
AUGA,1,BHP,BHP Group Ltd.,15.44
AUGA,2,CBA,Commonwealth Bank of Australia,12.63
AUGA,3,NAB,National Australia Bank Ltd.,6.10
AUGA,4,WBC,Westpac Banking Corporation,5.99
AUGA,5,ANZ,ANZ Group Holdings Limited,5.78
AUGA,6,MQG,Macquarie Group Limited,4.48
AUGA,7,CSL,CSL Limited,4.41
AUGA,8,WES,Wesfarmers Limited,4.35
AUGA,9,RIO,Rio Tinto Limited,3.10
AUGA,10,WDS,Woodside Energy Group Ltd,3.03
AVGS,1,M,Macy's Inc.,0.62
AVGS,2,LEA,Lear Corporation,0.61
AVGS,3,CHRD,Chord Energy Corporation,0.61
AVGS,4,MATX,"Matson, Inc.",0.60
AVGS,5,ANF,Abercrombie & Fitch Co. Class A Common Stock,0.60
AVGS,6,LYFT,"Lyft, Inc. Class A Common Stock",0.58
AVGS,7,CROX,"Crocs, Inc.",0.57
AVGS,8,WFRD,Weatherford International plc,0.53
AVGS,9,MTDR,Matador Resources Company,0.52
AVGS,10,SM,SM Energy Company,0.52
U57G,1,,United States Treasury Notes 2.88%,1.99
U57G,2,,United States Treasury Notes 2.75%,1.89
U57G,3,,United States Treasury Notes 2.38%,1.83
U57G,4,,United States Treasury Notes 2.25%,1.73
U57G,5,,United States Treasury Notes 1.25%,1.70
U57G,6,,United States Treasury Notes 0.88%,1.70
U57G,7,,United States Treasury Notes 1.12%,1.70
KWBP,1,0700,Tencent Holdings Limited,10.16
KWBP,2,9988,Alibaba Group Holding Ltd.,8.63
KWBP,3,PDD,PDD Holdings Inc. American Depositary Receipt,8.23
KWBP,4,3690,Meituan,7.24
KWBP,5,9999,NetEase Inc.,6.20
KWBP,6,0992,Lenovo Group Limited,4.97
KWBP,7,2423,Ke Holdings Inc.,4.35
KWBP,8,9618,"JD.com, Inc.",3.91
KWBP,9,9961,Trip.com Group Limited,3.79
KWBP,10,9888,"Baidu, Inc.",3.35
AVCG,1,NVDA,NVIDIA Corporation,4.03
AVCG,2,AAPL,Apple Inc.,3.56
AVCG,3,MSFT,Microsoft Corporation Common Stock,2.98
AVCG,4,AMZN,Amazon.com Inc.,2.51
AVCG,5,MU,Micron Technology Inc.,1.68
AVCG,6,META,Meta Platforms Inc. Class A Common Stock,1.62
AVCG,7,GOOGL,Alphabet Inc. Class A Common Stock,1.32
AVCG,8,GOOG,Alphabet Inc. Class C Common Stock,1.06
AVCG,9,LLY,Eli Lilly and Company,0.97
AVCG,10,JPM,JPMorgan Chase & Co.,0.88
AVEG,1,SMSN,Samsung Electronics Co Ltd DR,5.65
AVEG,2,2330,Taiwan Semiconductor Manufacturing Company Limited,5.33
AVEG,3,000660,SK hynix Inc,5.25
AVEG,4,TSM,Taiwan Semiconductor Manufacturing Company Ltd. ADR,4.27
AVEG,5,0700,Tencent Holdings Limited,1.66
AVEG,6,00939,China Construction Bank Corp Class H,0.97
AVEG,7,2454,MediaTek Inc.,0.84
AVEG,8,2303,United Microelectronics Corporation,0.72
AVEG,9,2881,"Fubon Financial Holding Co., Ltd.",0.72
AVEG,10,2317,"Hon Hai Precision Industry Co., Ltd.",0.72
LGUK,1,HSBA,HSBC Holdings plc,11.38
LGUK,2,SHEL,Shell plc,8.79
LGUK,3,AZN,AstraZeneca PLC,8.15
LGUK,4,RR,Rolls-Royce Holdings plc,5.39
LGUK,5,ULVR,Unilever PLC,4.33
LGUK,6,BATS,British American Tobacco plc,3.74
LGUK,7,BP,BP p.l.c.,3.46
LGUK,8,RIO,Rio Tinto plc,3.36
LGUK,9,GSK,GSK plc,3.26
LGUK,10,LLOY,Lloyds Banking Group plc,2.73
ASPY,1,OKTA,Okta Inc. Class A Common Stock,3.49
ASPY,2,RBRK,Rubrik Inc. Class A Common Stock,3.24
ASPY,3,CRWD,"CrowdStrike Holdings, Inc.",3.06
ASPY,4,3529,eMemory Technology Inc.,3.01
ASPY,5,MRVL,Marvell Technology Inc.,3.01
ASPY,6,AMD,Advanced Micro Devices Inc.,2.99
ASPY,7,DELL,Dell Technologies Inc. Class C Common Stock,2.94
ASPY,8,ZS,Zscaler Inc.,2.94
ASPY,9,NET,"Cloudflare, Inc. Class A Common Stock",2.92
ASPY,10,DT,Dynatrace Inc.,2.83
XESW,1,NVDA,NVIDIA Corporation,10.21
XESW,2,MSFT,Microsoft Corporation Common Stock,8.77
XESW,3,GOOGL,Alphabet Inc. Class A Common Stock,4.44
XESW,4,GOOG,Alphabet Inc. Class C Common Stock,3.48
XESW,5,TSLA,"Tesla, Inc.",2.54
XESW,6,LLY,Eli Lilly and Company,2.28
XESW,7,AMD,Advanced Micro Devices Inc.,1.88
XESW,8,JNJ,Johnson & Johnson,1.57
XESW,9,V,Visa Inc. Class A,1.56
XESW,10,MA,Mastercard Inc. Class A Common Stock,1.18
CCAU,1,RY,Royal Bank of Canada,9.16
CCAU,2,TD,Toronto-Dominion Bank,6.52
CCAU,3,SHOP,Shopify Inc.,6.03
CCAU,4,BMO,Bank of Montreal,3.83
CCAU,5,BNS,Bank of Nova Scotia,3.74
CCAU,6,ENB,Enbridge Inc.,3.41
CCAU,7,CM,Canadian Imperial Bank of Commerce,3.38
CCAU,8,CNQ,Canadian Natural Resources Ltd.,3.28
CCAU,9,AEM,Agnico Eagle Mines Limited,3.12
CCAU,10,SU,Suncor Energy Inc.,2.69
XEWG,1,MRNA,Moderna Inc.,0.57
XEWG,2,VEEV,Veeva Systems Inc.,0.33
XEWG,3,ZBRA,Zebra Technologies Corp. Class A Common Stock,0.31
XEWG,4,CRL,"Charles River Laboratories International, Inc.",0.29
XEWG,5,DASH,"DoorDash, Inc. Class A Common Stock",0.29
XEWG,6,CRM,"Salesforce, Inc.",0.28
XEWG,7,GPN,Global Payments Inc.,0.27
XEWG,8,EXPE,Expedia Group Inc.,0.27
XEWG,9,PANW,"Palo Alto Networks, Inc.",0.27
XEWG,10,WDAY,Workday Inc Class A Common Stock,0.27
ARCK,1,TSLA,"Tesla, Inc.",8.99
ARCK,2,SPCX,Space Exploration Technologies Corp. Class A Common Stock,6.11
ARCK,3,CRCL,"Circle Internet Group, Inc. Class A",5.38
ARCK,4,HOOD,Robinhood Markets Inc. Class A Common Stock,5.06
ARCK,5,CRSP,CRISPR Therapeutics AG,5.04
ARCK,6,TEM,Tempus AI Inc Class A Common Stock,4.75
ARCK,7,COIN,Coinbase Global Inc. Class A Common Stock,4.46
ARCK,8,TXG,10x Genomics Inc. Class A Common Stock,3.98
ARCK,9,TWST,Twist Bioscience Corporation,3.96
ARCK,10,BEAM,Beam Therapeutics Inc.,3.27
XEWP,1,MRNA,Moderna Inc.,1.00
XEWP,2,CRL,"Charles River Laboratories International, Inc.",0.51
XEWP,3,CRM,"Salesforce, Inc.",0.49
XEWP,4,GPN,Global Payments Inc.,0.48
XEWP,5,PANW,"Palo Alto Networks, Inc.",0.48
XEWP,6,EXPE,Expedia Group Inc.,0.48
XEWP,7,WDAY,Workday Inc Class A Common Stock,0.47
XEWP,8,MPC,Marathon Petroleum Corp.,0.46
XEWP,9,NOW,ServiceNow Inc.,0.46
XEWP,10,NEM,Newmont Corporation,0.45
LOWV,1,AAPL,Apple Inc.,6.83
LOWV,2,NVDA,NVIDIA Corporation,6.57
LOWV,3,MSFT,Microsoft Corporation Common Stock,6.00
LOWV,4,GOOG,Alphabet Inc. Class C Common Stock,5.80
LOWV,5,AVGO,Broadcom Inc.,4.08
LOWV,6,AMZN,Amazon.com Inc.,3.54
LOWV,7,MRK,"Merck & Co., Inc.",2.35
LOWV,8,CSCO,"Cisco Systems, Inc.",2.32
LOWV,9,V,Visa Inc. Class A,2.28
LOWV,10,TSM,Taiwan Semiconductor Manufacturing Company Ltd. ADR,2.15
KLWD,1,OKTA,Okta Inc. Class A Common Stock,2.38
KLWD,2,CRWD,"CrowdStrike Holdings, Inc.",2.12
KLWD,3,TWLO,Twilio Inc. Class A Common Stock,1.99
KLWD,4,PD,"PagerDuty, Inc.",1.89
KLWD,5,NTSK,Netskope Inc. Class A Common Stock,1.85
KLWD,6,NET,"Cloudflare, Inc. Class A Common Stock",1.83
KLWD,7,DT,Dynatrace Inc.,1.80
KLWD,8,DDOG,Datadog Inc. Class A,1.79
KLWD,9,VEEV,Veeva Systems Inc.,1.78
KLWD,10,DOCN,"DigitalOcean Holdings, Inc.",1.77
FORTE,1,LRCX,Lam Research Corp.,8.20
FORTE,2,NFLX,Netflix Inc.,7.72
FORTE,3,TSLA,"Tesla, Inc.",7.05
FORTE,4,NVDA,NVIDIA Corporation,5.15
FORTE,5,PFE,Pfizer Inc.,4.34
FORTE,6,BMY,Bristol-Myers Squibb Company,4.33
FORTE,7,AZO,"AutoZone, Inc.",4.32
FORTE,8,REGN,"Regeneron Pharmaceuticals, Inc.",3.75
URNJ,1,NXG,NXG NextGen Infrastructure Income Fund,13.19
URNJ,2,PDN,Paladin Energy Ltd,12.16
URNJ,3,DML,Denison Mines Corp.,11.73
URNJ,4,EFR,Energy Fuels Inc.,11.48
URNJ,5,1164,CGN Mining Co. Ltd.,4.89
URNJ,6,ISO,IsoEnergy Ltd.,4.83
URNJ,7,BMN,Bannerman Energy Ltd.,4.40
URNJ,8,BOE,Boss Energy Limited,4.29
URNJ,9,DYL,Deep Yellow Limited,4.20
URNJ,10,URE,Ur-Energy Inc.,4.12
INQQ,1,ETERNAL,Eternal Limited,8.22
INQQ,2,500034,Bajaj Finance Ltd,7.28
INQQ,3,RELIANCE,Reliance Industries Ltd.,6.61
INQQ,4,PAYTM,One 97 Communications Ltd.,6.21
INQQ,5,LENSKART,Lenskart Solutions Limited,5.52
INQQ,6,JIOFIN,Jio Financial Services Limited,5.42
INQQ,7,MEESHO,Meesho Limited,5.14
INQQ,8,NAUKRI,Info Edge India Ltd.,5.07
INQQ,9,NYKAA,Fsn E-Commerce Ventures Ltd.,4.89
INQQ,10,SWIGGY,Swiggy Ltd.,4.57
IQGA,1,NVDA,NVIDIA Corporation,5.59
IQGA,2,AAPL,Apple Inc.,5.19
IQGA,3,GOOGL,Alphabet Inc. Class A Common Stock,3.87
IQGA,4,MSFT,Microsoft Corporation Common Stock,3.85
IQGA,5,AMZN,Amazon.com Inc.,2.76
IQGA,6,AVGO,Broadcom Inc.,1.76
IQGA,7,META,Meta Platforms Inc. Class A Common Stock,1.42
IQGA,8,MU,Micron Technology Inc.,1.34
IQGA,9,TSLA,"Tesla, Inc.",1.03
IQGA,10,LLY,Eli Lilly and Company,0.85
HEDJ,1,BBVA,"Banco Bilbao Vizcaya Argentaria, S.A.",7.38
HEDJ,2,ASML,ASML Holding N.V.,7.22
HEDJ,3,SAN,"Banco Santander, S.A.",4.56
HEDJ,4,SIE,Siemens Aktiengesellschaft,4.20
HEDJ,5,DTE,Deutsche Telekom AG,3.55
HEDJ,6,SAN,Sanofi SA,3.42
HEDJ,7,MC,LVMH Moët Hennessy Louis Vuitton SE,3.25
HEDJ,8,OR,L'Oréal S.A.,3.10
HEDJ,9,ABI,Anheuser-Busch InBev SA/NV,2.44
HEDJ,10,BAS,BASF SE,2.11
PSRW,1,AAPL,Apple Inc.,2.58
PSRW,2,GOOGL,Alphabet Inc. Class A Common Stock,1.86
PSRW,3,MSFT,Microsoft Corporation Common Stock,1.74
PSRW,4,005930,Samsung Electronics Co Ltd,1.49
PSRW,5,AMZN,Amazon.com Inc.,1.26
PSRW,6,XOM,ExxonMobil Holdings Corporation,1.23
PSRW,7,META,Meta Platforms Inc. Class A Common Stock,1.15
PSRW,8,BRK,Berkshire Hathaway Inc. Class B,1.12
PSRW,9,SHEL,Shell plc,0.89
PSRW,10,JPM,JPMorgan Chase & Co.,0.88
PAJP,1,6857,Advantest Corporation,7.44
PAJP,2,6861,Keyence Corporation,5.94
PAJP,3,9020,East Japan Railway Company,4.70
PAJP,4,8697,Japan Exchange Group Inc,4.63
PAJP,5,6954,Fanuc Corporation,4.46
PAJP,6,6146,Disco Corporation,4.40
PAJP,7,8830,"Sumitomo Realty & Development Co., Ltd.",4.15
PAJP,8,9984,SoftBank Group Corp.,3.78
PAJP,9,7974,"Nintendo Co., Ltd.",3.76
PAJP,10,8766,"Tokio Marine Holdings, Inc.",3.62
HNSC,1,NVDA,NVIDIA Corporation,9.01
HNSC,2,2330,Taiwan Semiconductor Manufacturing Company Limited,8.91
HNSC,3,MU,Micron Technology Inc.,8.40
HNSC,4,AVGO,Broadcom Inc.,7.22
HNSC,5,000660,SK hynix Inc,6.80
HNSC,6,ASML,ASML Holding N.V.,4.70
HNSC,7,AMAT,Applied Materials Inc.,4.49
HNSC,8,LRCX,Lam Research Corp.,4.15
HNSC,9,AMD,Advanced Micro Devices Inc.,3.95
HNSC,10,INTC,Intel Corporation,3.42
NTSX,1,NVDA,NVIDIA Corporation,7.77
NTSX,2,DTRXX,Dreyfus Treasury Obligations Cash Management Institutional Shares,6.99
NTSX,3,AAPL,Apple Inc.,6.89
NTSX,4,GOOGL,Alphabet Inc. Class A Common Stock,5.68
NTSX,5,MSFT,Microsoft Corporation Common Stock,5.20
NTSX,6,AMZN,Amazon.com Inc.,3.50
NTSX,7,META,Meta Platforms Inc. Class A Common Stock,2.45
NTSX,8,AVGO,Broadcom Inc.,2.12
NTSX,9,MU,Micron Technology Inc.,1.57
NTSX,10,LLY,Eli Lilly and Company,1.55
KSTR,1,688256,Cambricon Technologies Corporation Ltd.,10.28
KSTR,2,688012,Advanced Micro-Fabrication Equipment Inc.,8.28
KSTR,3,688008,"Montage Technology Co., Ltd.",8.04
KSTR,4,688041,Hygon Information Technology Co. Ltd.,7.31
KSTR,5,688498,"Yuanjie Semiconductor Technology Co., Ltd.",6.17
KSTR,6,688072,Piotech Inc.,4.86
KSTR,7,688120,"Hwatsing Technology Co., Ltd.",3.46
KSTR,8,688361,"Skyverse Technology Co., Ltd.",3.29
KSTR,9,688347,Hua Hong Grace Semiconductor Ltd Ordinary Shares - Class A,3.26
KSTR,10,688525,"Biwin Storage Technology Co., Ltd.",2.79
SPAB,1,GVMXX,State Street Insti U.S. Govt Money Market Fd Insti Class,3.25
IEUX,1,ASML,ASML Holding N.V.,6.61
IEUX,2,ROP,Roche Holding AG,2.76
IEUX,3,NOVN,Novartis AG Registered Shares,2.47
IEUX,4,NESN,Nestlé S.A.,2.20
IEUX,5,SIE,Siemens Aktiengesellschaft,2.13
IEUX,6,SAP,SAP SE,2.01
IEUX,7,SAN,"Banco Santander, S.A.",1.87
IEUX,8,SU,Schneider Electric SE,1.71
IEUX,9,ALV,Allianz SE,1.69
IEUX,10,TTE,TotalEnergies SE,1.57
GCOR,1,GCCXX,Goldman Sachs Central Govt Inst,10.29
S500H,1,NVDA,NVIDIA Corporation,13.71
S500H,2,MSFT,Microsoft Corporation Common Stock,9.42
S500H,3,GOOGL,Alphabet Inc. Class A Common Stock,4.98
S500H,4,GOOG,Alphabet Inc. Class C Common Stock,3.99
S500H,5,MU,Micron Technology Inc.,3.00
S500H,6,LLY,Eli Lilly and Company,2.36
S500H,7,V,Visa Inc. Class A,1.55
S500H,8,INTC,Intel Corporation,1.44
S500H,9,WMT,Walmart Inc.,1.19
S500H,10,ABBV,AbbVie Inc.,1.16
XDWY,1,NVDA,NVIDIA Corporation,5.72
XDWY,2,AAPL,Apple Inc.,5.22
XDWY,3,MSFT,Microsoft Corporation Common Stock,4.01
XDWY,4,AMZN,Amazon.com Inc.,2.94
XDWY,5,GOOGL,Alphabet Inc. Class A Common Stock,2.31
XDWY,6,AVGO,Broadcom Inc.,1.87
XDWY,7,GOOG,Alphabet Inc. Class C Common Stock,1.81
XDWY,8,META,Meta Platforms Inc. Class A Common Stock,1.47
XDWY,9,MU,Micron Technology Inc.,1.21
XDWY,10,TSLA,"Tesla, Inc.",1.21
XDWI,1,CAT,Caterpillar Inc.,3.81
XDWI,2,GE,General Electric Company,3.31
XDWI,3,GEV,GE Vernova Inc.,2.61
XDWI,4,RTX,RTX Corporation,2.55
XDWI,5,SIE,Siemens Aktiengesellschaft,2.31
XDWI,6,SU,Schneider Electric SE,1.86
XDWI,7,ETN,Eaton Corporation plc,1.70
XDWI,8,DE,Deere & Company,1.67
XDWI,9,RR,Rolls-Royce Holdings plc,1.65
XDWI,10,UNP,Union Pacific Corp.,1.65
XDWH,1,LLY,Eli Lilly and Company,10.90
XDWH,2,JNJ,Johnson & Johnson,7.51
XDWH,3,ABBV,AbbVie Inc.,5.32
XDWH,4,MRK,"Merck & Co., Inc.",4.29
XDWH,5,UNH,UnitedHealth Group Inc.,4.15
XDWH,6,ROP,Roche Holding AG,3.60
XDWH,7,NOVN,Novartis AG Registered Shares,3.28
XDWH,8,AZN,AstraZeneca PLC,2.89
XDWH,9,AMGN,Amgen Inc. Common Stock,2.72
XDWH,10,TMO,Thermo Fisher Scientific Inc.,2.69
BTC,1,,Federal Home Loan Banks 3.25%,3.54
BTC,2,OPER,ClearShares Ultra-Short Maturity ETF,3.12
BTC,3,,Federal Home Loan Mortgage Corporation 0.12%,3.10
BTC,4,,United States Treasury Notes 0.12%,3.10
BTC,5,,Federal Home Loan Mortgage Corporation 0.38%,3.07
BTC,6,,United States Treasury Notes 0.25%,3.05
BTC,7,,Federal National Mortgage Association 0.75%,2.43
BTC,8,,J.M. Smucker Company 3.5%,2.21
BTC,9,,SALT LAKE CITY UTAH REDEV AGY TAX INCREMENT REV 5.11%,2.07
BTC,10,,Pfizer Inc. 2.75%,1.98
XDW0,1,XOM,ExxonMobil Holdings Corporation,17.72
XDW0,2,CVX,Chevron Corporation,10.08
XDW0,3,SHEL,Shell plc,6.70
XDW0,4,TTE,TotalEnergies SE,4.58
XDW0,5,COP,ConocoPhillips,4.29
XDW0,6,ENB,Enbridge Inc.,2.93
XDW0,7,MPC,Marathon Petroleum Corp.,2.91
XDW0,8,BP,BP p.l.c.,2.91
XDW0,9,VLO,Valero Energy Corporation,2.84
XDW0,10,CNQ,Canadian Natural Resources Ltd.,2.77
XDEX,1,2330,Taiwan Semiconductor Manufacturing Company Limited,18.98
XDEX,2,005930,Samsung Electronics Co Ltd,9.03
XDEX,3,000660,SK hynix Inc,6.86
XDEX,4,2454,MediaTek Inc.,1.81
XDEX,5,2308,Delta Electronics Inc.,1.14
XDEX,6,005935,Samsung Electronics Co Ltd Pfd Registered Shs Non-Voting,1.11
XDEX,7,2317,"Hon Hai Precision Industry Co., Ltd.",0.98
XDEX,8,HDFCBANK,HDFC Bank Limited,0.86
XDEX,9,RELIANCE,Reliance Industries Ltd.,0.83
XDEX,10,ICICIBANK,ICICI Bank Ltd.,0.82
XD9E,1,NVDA,NVIDIA Corporation,7.67
XD9E,2,AAPL,Apple Inc.,7.00
XD9E,3,MSFT,Microsoft Corporation Common Stock,5.38
XD9E,4,AMZN,Amazon.com Inc.,3.78
XD9E,5,GOOGL,Alphabet Inc. Class A Common Stock,2.97
XD9E,6,AVGO,Broadcom Inc.,2.51
XD9E,7,GOOG,Alphabet Inc. Class C Common Stock,2.33
XD9E,8,META,Meta Platforms Inc. Class A Common Stock,1.89
XD9E,9,MU,Micron Technology Inc.,1.63
XD9E,10,TSLA,"Tesla, Inc.",1.56
XCS5,1,AAPL,Apple Inc.,5.50
XCS5,2,AMZN,Amazon.com Inc.,5.19
XCS5,3,LLY,Eli Lilly and Company,5.06
XCS5,4,COST,Costco Wholesale Corp,3.61
XCS5,5,JPM,JPMorgan Chase & Co.,3.44
XCS5,6,MSFT,Microsoft Corporation Common Stock,3.10
XCS5,7,AVGO,Broadcom Inc.,3.06
DFE,1,HAUTO,Höegh Autoliners ASA,3.30
DFE,2,DOFG,DOF Group ASA,1.77
DFE,3,NOS,"NOS, S.G.P.S., S.A.",1.55
DFE,4,APAM,Aperam S.A.,1.44
DFE,5,ENO,Elecnor S.A.,1.34
DFE,6,ODL,Odfjell Drilling Ltd.,1.24
DFE,7,RENE,"REN - Redes Energéticas Nacionais, SGPS, S.A.",1.13
DFE,8,SBNOR,Sparebanken Norge,1.12
DFE,9,PNN,Pennon Group Plc,1.08
DFE,10,OUT1V,Outokumpu Oyj,1.05
ENTR,1,NVDA,NVIDIA Corporation,5.96
ENTR,2,GOOGL,Alphabet Inc. Class A Common Stock,5.76
ENTR,3,META,Meta Platforms Inc. Class A Common Stock,5.48
ENTR,4,ORCL,Oracle Corporation,4.70
ENTR,5,CRM,"Salesforce, Inc.",4.57
ENTR,6,SPOT,Spotify Technology S.A.,4.00
ENTR,7,REGN,"Regeneron Pharmaceuticals, Inc.",3.96
ENTR,8,ANET,Arista Networks Inc.,3.75
ENTR,9,ABNB,Airbnb Inc. Class A Common Stock,3.65
ENTR,10,DASH,"DoorDash, Inc. Class A Common Stock",3.52
DHS,1,ABBV,AbbVie Inc.,5.24
DHS,2,MRK,"Merck & Co., Inc.",4.92
DHS,3,XOM,ExxonMobil Holdings Corporation,3.84
DHS,4,MO,"Altria Group, Inc.",3.63
DHS,5,PM,Philip Morris International Inc.,3.41
DHS,6,TXN,Texas Instruments Inc.,3.29
DHS,7,T,AT&T Inc.,3.13
DHS,8,CVX,Chevron Corporation,2.79
DHS,9,VZ,Verizon Communications Inc.,2.71
DHS,10,BMY,Bristol-Myers Squibb Company,2.57
DIVO,1,MSFT,Microsoft Corporation Common Stock,6.63
DIVO,2,CAT,Caterpillar Inc.,5.71
DIVO,3,AAPL,Apple Inc.,5.68
DIVO,4,AMGN,Amgen Inc. Common Stock,5.54
DIVO,5,V,Visa Inc. Class A,5.36
DIVO,6,JPM,JPMorgan Chase & Co.,4.95
DIVO,7,GS,"The Goldman Sachs Group, Inc.",4.85
DIVO,8,CVX,Chevron Corporation,4.76
DIVO,9,XLY,State Street Consumer Discretionary Select Sector SPDR ETF,4.75
DIVO,10,SOFR,Amplify Samsung SOFR ETF,4.44
BBUS,1,NVDA,NVIDIA Corporation,8.04
BBUS,2,AAPL,Apple Inc.,7.34
BBUS,3,MSFT,Microsoft Corporation Common Stock,5.76
BBUS,4,AMZN,Amazon.com Inc.,3.71
BBUS,5,GOOGL,Alphabet Inc. Class A Common Stock,3.04
BBUS,6,AVGO,Broadcom Inc.,2.48
BBUS,7,GOOG,Alphabet Inc. Class C Common Stock,2.45
BBUS,8,META,Meta Platforms Inc. Class A Common Stock,2.42
BBUS,9,MU,Micron Technology Inc.,1.82
BBUS,10,TSLA,"Tesla, Inc.",1.51
29GI,1,FR1400CFW,FR001400CFW8,0.70
29GI,2,FR1400GGZ,FR001400GGZ0,0.70
29GI,3,XS306441868,XS3064418687,0.67
29GI,4,,XS1948611840,0.65
29GI,5,,XS1111559925,0.63
29GI,6,,DE000A2GSCW3,0.63
29GI,7,XS195830746,XS195830746,0.62
29GI,8,,XS2545206166,0.58
29GI,9,XS280647136,XS2806471368,0.58
29GI,10,FR1342201,FR0013422011,0.58
AWDSE,1,NVDA,NVIDIA Corporation,5.51
AWDSE,2,AAPL,Apple Inc.,5.11
AWDSE,3,MSFT,Microsoft Corporation Common Stock,4.14
AWDSE,4,AMZN,Amazon.com Inc.,2.84
AWDSE,5,GOOGL,Alphabet Inc. Class A Common Stock,2.21
AWDSE,6,AVGO,Broadcom Inc.,1.83
AWDSE,7,GOOG,Alphabet Inc. Class C Common Stock,1.74
AWDSE,8,META,Meta Platforms Inc. Class A Common Stock,1.33
AWDSE,9,MU,Micron Technology Inc.,1.17
AWDSE,10,TSLA,"Tesla, Inc.",1.03
AWESG,1,NVDA,NVIDIA Corporation,4.72
AWESG,2,MSFT,Microsoft Corporation Common Stock,4.55
AWESG,3,AAPL,Apple Inc.,3.94
AWESG,4,2330,Taiwan Semiconductor Manufacturing Company Limited,2.38
AWESG,5,AMZN,Amazon.com Inc.,2.13
AWESG,6,AVGO,Broadcom Inc.,2.12
AWESG,7,GOOGL,Alphabet Inc. Class A Common Stock,1.67
AWESG,8,GOOG,Alphabet Inc. Class C Common Stock,1.32
AWESG,9,005930,Samsung Electronics Co Ltd,1.14
AWESG,10,AMD,Advanced Micro Devices Inc.,0.97
ANAU.ETFP,1,NVDA,NVIDIA Corporation,8.36
ANAU.ETFP,2,AAPL,Apple Inc.,7.38
ANAU.ETFP,3,MSFT,Microsoft Corporation Common Stock,5.79
ANAU.ETFP,4,MU,Micron Technology Inc.,5.04
ANAU.ETFP,5,AMD,Advanced Micro Devices Inc.,4.19
ANAU.ETFP,6,AMZN,Amazon.com Inc.,4.08
ANAU.ETFP,7,META,Meta Platforms Inc. Class A Common Stock,3.28
ANAU.ETFP,8,GOOGL,Alphabet Inc. Class A Common Stock,3.06
ANAU.ETFP,9,GOOG,Alphabet Inc. Class C Common Stock,2.86
ANAU.ETFP,10,TSLA,"Tesla, Inc.",2.83
ARKG,1,TWST,Twist Bioscience Corporation,10.31
ARKG,2,TXG,10x Genomics Inc. Class A Common Stock,10.02
ARKG,3,TEM,Tempus AI Inc Class A Common Stock,8.93
ARKG,4,CRSP,CRISPR Therapeutics AG,5.24
ARKG,5,ABSI,Absci Corporation,5.06
ARKG,6,PSNL,Personalis Inc.,4.88
ARKG,7,GH,Guardant Health Inc.,4.61
ARKG,8,NTRA,"Natera, Inc.",4.53
ARKG,9,ILMN,Illumina Inc.,4.50
ARKG,10,CDNA,"CareDx, Inc.",4.34
ARKK,1,TSLA,"Tesla, Inc.",9.08
ARKK,2,SPCX,Space Exploration Technologies Corp. Class A Common Stock,6.19
ARKK,3,TEM,Tempus AI Inc Class A Common Stock,5.91
ARKK,4,CRCL,"Circle Internet Group, Inc. Class A",4.57
ARKK,5,CRSP,CRISPR Therapeutics AG,4.46
ARKK,6,COIN,Coinbase Global Inc. Class A Common Stock,4.40
ARKK,7,TWST,Twist Bioscience Corporation,4.38
ARKK,8,HOOD,Robinhood Markets Inc. Class A Common Stock,3.86
ARKK,9,TXG,10x Genomics Inc. Class A Common Stock,3.49
ARKK,10,SHOP,Shopify Inc.,3.24
EQAC,1,NVDA,NVIDIA Corporation,8.37
EQAC,2,AAPL,Apple Inc.,7.39
EQAC,3,MSFT,Microsoft Corporation Common Stock,5.79
EQAC,4,MU,Micron Technology Inc.,5.05
EQAC,5,AMD,Advanced Micro Devices Inc.,4.19
EQAC,6,AMZN,Amazon.com Inc.,4.09
EQAC,7,META,Meta Platforms Inc. Class A Common Stock,3.28
EQAC,8,GOOGL,Alphabet Inc. Class A Common Stock,3.07
EQAC,9,GOOG,Alphabet Inc. Class C Common Stock,2.86
EQAC,10,TSLA,"Tesla, Inc.",2.83
FLQA,1,2330,Taiwan Semiconductor Manufacturing Company Limited,19.98
FLQA,2,005930,Samsung Electronics Co Ltd,9.66
FLQA,3,000660,SK hynix Inc,7.94
FLQA,4,2454,MediaTek Inc.,2.39
FLQA,5,D05,DBS Group Holdings Ltd.,1.30
FLQA,6,005935,Samsung Electronics Co Ltd Pfd Registered Shs Non-Voting,1.22
FLQA,7,2308,Delta Electronics Inc.,1.21
FLQA,8,1299,AIA Group Limited,1.02
FLQA,9,2317,"Hon Hai Precision Industry Co., Ltd.",1.02
FLQA,10,HDFCBANK,HDFC Bank Limited,0.89
FINX,1,HOOD,Robinhood Markets Inc. Class A Common Stock,8.56
FINX,2,PYPL,"PayPal Holdings, Inc.",6.74
FINX,3,XYZ,Block Inc. Class A Common Stock,6.67
FINX,4,COIN,Coinbase Global Inc. Class A Common Stock,5.55
FINX,5,FISV,"Fiserv, Inc.",4.33
FINX,6,GPN,Global Payments Inc.,4.25
FINX,7,ADYEN,Adyen N.V.,4.24
FINX,8,AFRM,"Affirm Holdings, Inc. Class A Common Stock",3.76
FINX,9,SOFI,"SoFi Technologies, Inc.",3.72
FINX,10,INTU,Intuit Inc.,3.61
DRAM.XPAR,1,005930,Samsung Electronics Co Ltd,18.68
DRAM.XPAR,2,000660,SK hynix Inc,16.52
DRAM.XPAR,3,FGXXX,First American Government Obligations Fund Class X,15.48
DRAM.XPAR,4,STX,Seagate Technology Holdings plc,4.76
CN1,1,NOVO,Novo Nordisk A/S,9.32
CN1,2,SPOT,Spotify Technology S.A.,5.08
CN1,3,INVE B,Investor AB Class B,4.75
CN1,4,NDA,Nordea Bank Abp,3.99
CN1,5,VOLV,Volvo AB,3.57
CN1,6,ATCO,Atlas Copco AB,3.43
CN1,7,NOKIA,Nokia Oyj,3.23
CN1,8,SAND,Sandvik AB (publ),2.63
CN1,9,DSV,DSV A/S,2.59
CN1,10,ASSA,Assa Abloy AB,2.31
ISRA,1,PANW,"Palo Alto Networks, Inc.",14.13
ISRA,2,TEVA,Teva Pharmaceutical Industries Ltd.,7.90
ISRA,3,LUMI,Bank Leumi Le-Israel B.M.,5.71
ISRA,4,POLI,Bank Hapoalim B.M.,5.19
ISRA,5,TSEM,Tower Semiconductor Ltd.,3.88
ISRA,6,ESLT,Elbit Systems Ltd.,3.75
ISRA,7,PHOE,Phoenix Financial Ltd.,2.32
ISRA,8,MZTF,Mizrahi Tefahot Bank Ltd.,2.27
ISRA,9,DSCT,Israel Discount Bank Ltd.,2.26
ISRA,10,FROG,JFrog Ltd.,2.19
EXSE,1,ALSYDB,AL Sydbank A/S,0.89
EXSE,2,JYSK,Jyske Bank AS,0.83
EXSE,3,SYENS,Syensqo SA/NV,0.82
EXSE,4,BGEO,Lion Finance Group plc,0.81
EXSE,5,ISS,ISS A/S,0.80
EXSE,6,FRO,Frontline plc Ordinary Shares,0.79
EXSE,7,ABDN,Aberdeen Group plc,0.78
EXSE,8,SCR,SCOR SE,0.78
EXSE,9,ANDR,Andritz AG,0.78
EXSE,10,SAVE,Nordnet AB (publ),0.78
GGRI,1,MSFT,Microsoft Corporation Common Stock,4.58
GGRI,2,AAPL,Apple Inc.,4.49
GGRI,3,ABBV,AbbVie Inc.,2.94
GGRI,4,MRK,"Merck & Co., Inc.",2.87
GGRI,5,KO,The Coca-Cola Company,2.63
GGRI,6,NVDA,NVIDIA Corporation,2.58
GGRI,7,AVGO,Broadcom Inc.,2.56
GGRI,8,7203,Toyota Motor Corporation,2.21
GGRI,9,CSCO,"Cisco Systems, Inc.",2.15
GGRI,10,UNH,UnitedHealth Group Inc.,1.90
CM5E,1,ASML,ASML Holding N.V.,11.15
CM5E,2,SIE,Siemens Aktiengesellschaft,4.69
CM5E,3,TTE,TotalEnergies SE,3.81
CM5E,4,SAP,SAP SE,3.67
CM5E,5,SAN,"Banco Santander, S.A.",3.65
CM5E,6,SU,Schneider Electric SE,3.60
CM5E,7,ALV,Allianz SE,3.36
CM5E,8,ENR,Siemens Energy AG,2.92
CM5E,9,IBE,"Iberdrola, S.A.",2.80
CM5E,10,MC,LVMH Moët Hennessy Louis Vuitton SE,2.73
DAX,1,SIE,Siemens Aktiengesellschaft,11.66
DAX,2,SAP,SAP SE,10.76
DAX,3,ALV,Allianz SE,9.13
DAX,4,ENR,Siemens Energy AG,7.08
DAX,5,AIR,Airbus SE,6.47
DAX,6,DTE,Deutsche Telekom AG,5.21
DAX,7,IFX,Infineon Technologies AG,4.48
DAX,8,MUV2,Münchener Rückversicherungs-Gesellschaft Aktiengesellschaft in München,3.68
DAX,9,DBK,Deutsche Bank AG,3.51
DAX,10,DHL,DHL Group AG,3.11
AJASR,1,8306,"Mitsubishi UFJ Financial Group, Inc.",5.24
AJASR,2,8035,Tokyo Electron Ltd.,4.15
AJASR,3,7203,Toyota Motor Corporation,3.42
AJASR,4,6857,Advantest Corporation,3.30
AJASR,5,6501,Hitachi Ltd.,3.19
AJASR,6,6758,Sony Group Corp.,3.12
AJASR,7,8316,"Sumitomo Mitsui Financial Group, Inc.",3.11
AJASR,8,6098,"Recruit Holdings Co., Ltd.",3.04
AJASR,9,5108,Bridgestone Corporation,2.69
AJASR,10,9434,SoftBank Corp.,2.46
AWDSR,1,NVDA,NVIDIA Corporation,5.72
AWDSR,2,AAPL,Apple Inc.,5.06
AWDSR,3,MSFT,Microsoft Corporation Common Stock,3.91
AWDSR,4,AMZN,Amazon.com Inc.,2.72
AWDSR,5,GOOGL,Alphabet Inc. Class A Common Stock,2.16
AWDSR,6,AVGO,Broadcom Inc.,1.85
AWDSR,7,GOOG,Alphabet Inc. Class C Common Stock,1.70
AWDSR,8,META,Meta Platforms Inc. Class A Common Stock,1.42
AWDSR,9,MU,Micron Technology Inc.,1.25
AWDSR,10,TSLA,"Tesla, Inc.",1.13
EUSC,1,ASML,ASML Holding N.V.,5.24
EUSC,2,HSBA,HSBC Holdings plc,2.74
EUSC,3,ROP,Roche Holding AG,2.48
EUSC,4,NOVN,Novartis AG Registered Shares,2.22
EUSC,5,SHEL,Shell plc,1.96
EUSC,6,AZN,AstraZeneca PLC,1.94
EUSC,7,SIE,Siemens Aktiengesellschaft,1.94
EUSC,8,SAP,SAP SE,1.80
EUSC,9,SAN,"Banco Santander, S.A.",1.63
EUSC,10,ALV,Allianz SE,1.54
ELLE,1,ILMN,Illumina Inc.,1.33
ELLE,2,KEYS,"Keysight Technologies, Inc.",1.09
ELLE,3,CRL,"Charles River Laboratories International, Inc.",1.09
ELLE,4,MRK,"Merck & Co., Inc.",1.06
ELLE,5,SDR,Schroders plc,0.96
ELLE,6,GTLB,GitLab Inc. Class A Common Stock,0.94
ELLE,7,STAN,Standard Chartered PLC,0.93
ELLE,8,ABN,ABN AMRO Bank N.V. Depositary Receipt,0.92
ELLE,9,AMGN,Amgen Inc. Common Stock,0.92
ELLE,10,BIIB,Biogen Inc.,0.92
AUSSD,1,NVDA,NVIDIA Corporation,8.23
AUSSD,2,AAPL,Apple Inc.,7.18
AUSSD,3,MSFT,Microsoft Corporation Common Stock,6.05
AUSSD,4,AMZN,Amazon.com Inc.,3.55
AUSSD,5,GOOGL,Alphabet Inc. Class A Common Stock,3.00
AUSSD,6,AVGO,Broadcom Inc.,2.69
AUSSD,7,GOOG,Alphabet Inc. Class C Common Stock,2.39
AUSSD,8,MU,Micron Technology Inc.,1.70
AUSSD,9,META,Meta Platforms Inc. Class A Common Stock,1.68
AUSSD,10,TSLA,"Tesla, Inc.",1.50
50E,1,ASML,ASML Holding N.V.,10.78
50E,2,SIE,Siemens Aktiengesellschaft,4.50
50E,3,SAP,SAP SE,4.15
50E,4,SAN,"Banco Santander, S.A.",4.12
50E,5,TTE,TotalEnergies SE,3.84
50E,6,SU,Schneider Electric SE,3.76
50E,7,ALV,Allianz SE,3.52
50E,8,BBVA,"Banco Bilbao Vizcaya Argentaria, S.A.",3.08
50E,9,IBE,"Iberdrola, S.A.",2.84
50E,10,UCG,UniCredit S.p.A.,2.78
LWCR,1,NVDA,NVIDIA Corporation,5.74
LWCR,2,AAPL,Apple Inc.,5.00
LWCR,3,MSFT,Microsoft Corporation Common Stock,3.80
LWCR,4,GOOG,Alphabet Inc. Class C Common Stock,3.18
LWCR,5,AMZN,Amazon.com Inc.,2.70
LWCR,6,AVGO,Broadcom Inc.,1.84
LWCR,7,META,Meta Platforms Inc. Class A Common Stock,1.33
LWCR,8,MU,Micron Technology Inc.,1.15
LWCR,9,TSLA,"Tesla, Inc.",1.09
LWCR,10,LLY,Eli Lilly and Company,1.00
QTOP.EUR,1,NVDA,NVIDIA Corporation,10.73
QTOP.EUR,2,AAPL,Apple Inc.,9.48
QTOP.EUR,3,MSFT,Microsoft Corporation Common Stock,7.43
QTOP.EUR,4,MU,Micron Technology Inc.,6.47
QTOP.EUR,5,AMD,Advanced Micro Devices Inc.,5.51
QTOP.EUR,6,META,Meta Platforms Inc. Class A Common Stock,4.31
QTOP.EUR,7,AMZN,Amazon.com Inc.,4.09
QTOP.EUR,8,GOOGL,Alphabet Inc. Class A Common Stock,3.94
QTOP.EUR,9,TSLA,"Tesla, Inc.",3.72
QTOP.EUR,10,GOOG,Alphabet Inc. Class C Common Stock,3.67
ROE,1,GEN,Gen Digital Inc.,1.07
ROE,2,VIRT,Virtu Financial Inc. Class A Common Stock,1.05
ROE,3,HPE,Hewlett Packard Enterprise Company,1.04
ROE,4,ADBE,Adobe Inc.,1.04
ROE,5,ESTC,Elastic N.V.,1.04
ROE,6,PTC,PTC Inc.,1.03
ROE,7,LRCX,Lam Research Corp.,1.02
ROE,8,FTNT,"Fortinet, Inc.",1.02
ROE,9,STX,Seagate Technology Holdings plc,1.02
ROE,10,AMAT,Applied Materials Inc.,1.02
CLEM,1,2330,Taiwan Semiconductor Manufacturing Company Limited,15.29
CLEM,2,005930,Samsung Electronics Co Ltd,7.11
CLEM,3,000660,SK hynix Inc,5.59
CLEM,4,0700,Tencent Holdings Limited,2.80
CLEM,5,9988,Alibaba Group Holding Ltd.,1.95
CLEM,6,2454,MediaTek Inc.,1.43
CLEM,7,005935,Samsung Electronics Co Ltd Participating Preferred,1.14
CLEM,8,2308,Delta Electronics Inc.,1.02
CLEM,9,00939,China Construction Bank Corp Class H,1.02
CLEM,10,RELIANCE,Reliance Industries Ltd.,0.82
WEBH,1,NVDA,NVIDIA Corporation,7.70
WEBH,2,AAPL,Apple Inc.,7.03
WEBH,3,MSFT,Microsoft Corporation Common Stock,5.41
WEBH,4,AMZN,Amazon.com Inc.,3.80
WEBH,5,GOOGL,Alphabet Inc. Class A Common Stock,2.99
WEBH,6,AVGO,Broadcom Inc.,2.52
WEBH,7,GOOG,Alphabet Inc. Class C Common Stock,2.34
WEBH,8,META,Meta Platforms Inc. Class A Common Stock,1.90
WEBH,9,MU,Micron Technology Inc.,1.63
WEBH,10,TSLA,"Tesla, Inc.",1.56
JPNCHF,1,8306,"Mitsubishi UFJ Financial Group, Inc.",4.69
JPNCHF,2,7203,Toyota Motor Corporation,3.28
JPNCHF,3,8035,Tokyo Electron Ltd.,3.12
JPNCHF,4,8316,"Sumitomo Mitsui Financial Group, Inc.",3.00
JPNCHF,5,6857,Advantest Corporation,2.98
JPNCHF,6,6501,Hitachi Ltd.,2.88
JPNCHF,7,9984,SoftBank Group Corp.,2.83
JPNCHF,8,6098,"Recruit Holdings Co., Ltd.",2.64
JPNCHF,9,6758,Sony Group Corp.,2.59
JPNCHF,10,285A,Kioxia Holdings Corp.,2.47
UKCHF,1,HSBA,HSBC Holdings plc,11.10
UKCHF,2,SHEL,Shell plc,7.88
UKCHF,3,AZN,AstraZeneca PLC,7.65
UKCHF,4,RR,Rolls-Royce Holdings plc,5.40
UKCHF,5,ULVR,Unilever PLC,4.36
UKCHF,6,BATS,British American Tobacco plc,3.49
UKCHF,7,RIO,Rio Tinto plc,3.46
UKCHF,8,BP,BP p.l.c.,3.41
UKCHF,9,GSK,GSK plc,3.17
UKCHF,10,BARC,Barclays PLC,2.85
UKUSD,1,HSBA,HSBC Holdings plc,11.02
UKUSD,2,SHEL,Shell plc,8.85
UKUSD,3,AZN,AstraZeneca PLC,7.95
UKUSD,4,RR,Rolls-Royce Holdings plc,5.22
UKUSD,5,ULVR,Unilever PLC,4.25
UKUSD,6,BP,BP p.l.c.,3.69
UKUSD,7,BATS,British American Tobacco plc,3.54
UKUSD,8,RIO,Rio Tinto plc,3.24
UKUSD,9,GSK,GSK plc,3.17
UKUSD,10,LLOY,Lloyds Banking Group plc,2.66
XDPC,1,NVDA,NVIDIA Corporation,8.04
XDPC,2,AAPL,Apple Inc.,7.00
XDPC,3,MSFT,Microsoft Corporation Common Stock,5.67
XDPC,4,AMZN,Amazon.com Inc.,3.83
XDPC,5,GOOGL,Alphabet Inc. Class A Common Stock,2.99
XDPC,6,AVGO,Broadcom Inc.,2.64
XDPC,7,GOOG,Alphabet Inc. Class C Common Stock,2.39
XDPC,8,META,Meta Platforms Inc. Class A Common Stock,1.89
XDPC,9,MU,Micron Technology Inc.,1.63
XDPC,10,TSLA,"Tesla, Inc.",1.56
LUSAC,1,NVDA,NVIDIA Corporation,7.75
LUSAC,2,AAPL,Apple Inc.,7.07
LUSAC,3,MSFT,Microsoft Corporation Common Stock,5.42
LUSAC,4,AMZN,Amazon.com Inc.,3.85
LUSAC,5,GOOG,Alphabet Inc. Class C Common Stock,3.78
LUSAC,6,AVGO,Broadcom Inc.,2.54
LUSAC,7,META,Meta Platforms Inc. Class A Common Stock,1.90
LUSAC,8,MU,Micron Technology Inc.,1.65
LUSAC,9,GOOGL,Alphabet Inc. Class A Common Stock,1.61
LUSAC,10,TSLA,"Tesla, Inc.",1.59
CATH,1,NVDA,NVIDIA Corporation,8.86
CATH,2,AAPL,Apple Inc.,7.79
CATH,3,MSFT,Microsoft Corporation Common Stock,6.10
CATH,4,AMZN,Amazon.com Inc.,3.75
CATH,5,GOOGL,Alphabet Inc. Class A Common Stock,3.09
CATH,6,AVGO,Broadcom Inc.,2.68
CATH,7,GOOG,Alphabet Inc. Class C Common Stock,2.48
CATH,8,META,Meta Platforms Inc. Class A Common Stock,2.44
CATH,9,MU,Micron Technology Inc.,1.93
CATH,10,TSLA,"Tesla, Inc.",1.53
MLPD,1,MLPX,Global X MLP & Energy Infrastructure ETF,100.26
C50U,1,ASML,ASML Holding N.V.,8.69
C50U,2,SIE,Siemens Aktiengesellschaft,4.70
C50U,3,SAP,SAP SE,4.33
C50U,4,SAN,"Banco Santander, S.A.",4.17
C50U,5,TTE,TotalEnergies SE,3.85
C50U,6,ALV,Allianz SE,3.84
C50U,7,SU,Schneider Electric SE,3.81
C50U,8,BBVA,"Banco Bilbao Vizcaya Argentaria, S.A.",3.16
C50U,9,UCG,UniCredit S.p.A.,2.84
C50U,10,IBE,"Iberdrola, S.A.",2.83
USCHF,1,NVDA,NVIDIA Corporation,7.70
USCHF,2,AAPL,Apple Inc.,7.03
USCHF,3,MSFT,Microsoft Corporation Common Stock,5.41
USCHF,4,AMZN,Amazon.com Inc.,3.80
USCHF,5,GOOGL,Alphabet Inc. Class A Common Stock,2.99
USCHF,6,AVGO,Broadcom Inc.,2.52
USCHF,7,GOOG,Alphabet Inc. Class C Common Stock,2.34
USCHF,8,META,Meta Platforms Inc. Class A Common Stock,1.90
USCHF,9,MU,Micron Technology Inc.,1.63
USCHF,10,TSLA,"Tesla, Inc.",1.56
EWSP,1,MRNA,Moderna Inc.,0.56
EWSP,2,VEEV,Veeva Systems Inc.,0.32
EWSP,3,ZBRA,Zebra Technologies Corp. Class A Common Stock,0.31
EWSP,4,CRL,"Charles River Laboratories International, Inc.",0.30
EWSP,5,DASH,"DoorDash, Inc. Class A Common Stock",0.29
EWSP,6,EXPE,Expedia Group Inc.,0.29
EWSP,7,CRM,"Salesforce, Inc.",0.28
EWSP,8,WDAY,Workday Inc Class A Common Stock,0.28
EWSP,9,GPN,Global Payments Inc.,0.27
EWSP,10,ABNB,Airbnb Inc. Class A Common Stock,0.27
BLKC,1,COIN,Coinbase Global Inc. Class A Common Stock,12.73
BLKC,2,CRCL,"Circle Internet Group, Inc. Class A",10.01
BLKC,3,IREN,IREN Ltd.,8.88
BLKC,4,HUT,Hut 8 Corp.,6.11
BLKC,5,AMD,Advanced Micro Devices Inc.,5.38
BLKC,6,RIOT,"Riot Platforms, Inc.",4.47
BLKC,7,NVDA,NVIDIA Corporation,4.17
BLKC,8,0700,Tencent Holdings Limited,4.09
BLKC,9,APLD,Applied Digital Corporation,4.09
BLKC,10,MA,Mastercard Inc. Class A Common Stock,4.00
LDEG,1,EQNR,Equinor ASA,1.21
LDEG,2,REP,Repsol S.A.,1.18
LDEG,3,UNI,Unipol Assicurazioni S.p.A.,1.10
LDEG,4,PKN,Orlen SA,1.08
LDEG,5,BBVA,"Banco Bilbao Vizcaya Argentaria, S.A.",1.04
LDEG,6,OMV,OMV AG,1.03
LDEG,7,CABK,"CaixaBank, S.A.",1.03
LDEG,8,A5G,AIB Group plc,1.02
LDEG,9,DB1,Deutsche Börse AG,1.02
LDEG,10,G,Assicurazioni Generali S.p.A.,1.02
XD9C,1,NVDA,NVIDIA Corporation,7.67
XD9C,2,AAPL,Apple Inc.,7.00
XD9C,3,MSFT,Microsoft Corporation Common Stock,5.38
XD9C,4,AMZN,Amazon.com Inc.,3.78
XD9C,5,GOOGL,Alphabet Inc. Class A Common Stock,2.97
XD9C,6,AVGO,Broadcom Inc.,2.51
XD9C,7,GOOG,Alphabet Inc. Class C Common Stock,2.33
XD9C,8,META,Meta Platforms Inc. Class A Common Stock,1.89
XD9C,9,MU,Micron Technology Inc.,1.63
XD9C,10,TSLA,"Tesla, Inc.",1.56
METR,1,NVDA,NVIDIA Corporation,10.26
METR,2,META,Meta Platforms Inc. Class A Common Stock,9.89
METR,3,MSFT,Microsoft Corporation Common Stock,8.67
METR,4,RBLX,Roblox Corp. Class A Common Stock,7.57
METR,5,COIN,Coinbase Global Inc. Class A Common Stock,7.34
METR,6,GOOGL,Alphabet Inc. Class A Common Stock,6.92
METR,7,INTC,Intel Corporation,6.80
METR,8,AAPL,Apple Inc.,6.50
METR,9,HOOD,Robinhood Markets Inc. Class A Common Stock,6.03
METR,10,8473,SBI Holdings Inc.,5.74
DXJ,1,8306,"Mitsubishi UFJ Financial Group, Inc.",4.76
DXJ,2,8316,"Sumitomo Mitsui Financial Group, Inc.",4.11
DXJ,3,7203,Toyota Motor Corporation,3.80
DXJ,4,8766,"Tokio Marine Holdings, Inc.",3.27
DXJ,5,8411,"Mizuho Financial Group, Inc.",3.18
DXJ,6,2914,Japan Tobacco Inc.,2.55
DXJ,7,8058,Mitsubishi Corporation,2.49
DXJ,8,8035,Tokyo Electron Ltd.,2.43
DXJ,9,9432,Nippon Telegraph and Telephone Corporation,2.36
DXJ,10,4502,"Takeda Pharmaceutical Co., Ltd.",1.90
RAREE,1,V,V,100.00
WORLD,1,NVDA,NVIDIA Corporation,5.58
WORLD,2,AAPL,Apple Inc.,5.09
WORLD,3,MSFT,Microsoft Corporation Common Stock,3.92
WORLD,4,AMZN,Amazon.com Inc.,2.75
WORLD,5,GOOGL,Alphabet Inc. Class A Common Stock,2.16
WORLD,6,AVGO,Broadcom Inc.,1.82
WORLD,7,GOOG,Alphabet Inc. Class C Common Stock,1.70
WORLD,8,META,Meta Platforms Inc. Class A Common Stock,1.38
WORLD,9,MU,Micron Technology Inc.,1.18
WORLD,10,TSLA,"Tesla, Inc.",1.13
HIEM,1,000660,SK hynix Inc,15.80
HIEM,2,005930,Samsung Electronics Co Ltd,13.60
HIEM,3,2308,Delta Electronics Inc.,4.67
HIEM,4,2454,MediaTek Inc.,4.51
HIEM,5,009150,Samsung Electro-Mechanics Co Ltd,2.53
HIEM,6,2317,"Hon Hai Precision Industry Co., Ltd.",2.44
HIEM,7,2303,United Microelectronics Corporation,2.23
HIEM,8,1120,Al Rajhi Bank,2.01
HIEM,9,005935,Samsung Electronics Co Ltd Pfd Registered Shs Non-Voting,1.70
HIEM,10,3711,"ASE Technology Holding Co., Ltd.",1.49
FTAD,1,HSBA,HSBC Holdings plc,8.94
FTAD,2,SHEL,Shell plc,7.25
FTAD,3,AZN,AstraZeneca PLC,6.41
FTAD,4,RR,Rolls-Royce Holdings plc,4.27
FTAD,5,ULVR,Unilever PLC,3.33
FTAD,6,BP,BP p.l.c.,3.00
FTAD,7,BATS,British American Tobacco plc,2.92
FTAD,8,RIO,Rio Tinto plc,2.55
FTAD,9,GSK,GSK plc,2.54
FTAD,10,LLOY,Lloyds Banking Group plc,2.18
DJSXE,1,ASML,ASML Holding N.V.,10.80
DJSXE,2,SIE,Siemens Aktiengesellschaft,4.51
DJSXE,3,SAP,SAP SE,4.17
DJSXE,4,SAN,"Banco Santander, S.A.",4.13
DJSXE,5,TTE,TotalEnergies SE,3.85
DJSXE,6,SU,Schneider Electric SE,3.77
DJSXE,7,ALV,Allianz SE,3.53
DJSXE,8,BBVA,"Banco Bilbao Vizcaya Argentaria, S.A.",3.09
DJSXE,9,IBE,"Iberdrola, S.A.",2.85
DJSXE,10,UCG,UniCredit S.p.A.,2.79
PFXT,1,XSMC,Xtrackers Switzerland UCITS ETF 1C,12.35
PFXT,2,XIUS,Xtrackers MSCI USA Swap II ETF 1C,12.07
PFXT,3,XD9U,Xtrackers MSCI USA UCITS ETF 1C,12.07
PFXT,4,XDPU,Xtrackers S&P 500 UCITS ETF 4C,12.06
PFXT,5,X50U,Xtrackers S&P 500 Swap UCITS ETF 1C,11.56
PFXT,6,XDEX,Xtrackers MSCI Emerging Markets ex China UCITS ETF 1C,9.84
PFXT,7,XEMU,Xtrackers MSCI EMU UCITS ETF,8.85
PFXT,8,LG9,Xtrackers MSCI China UCITS ETF 1C,5.46
PFXT,9,XMJD,Xtrackers MSCI Japan UCITS ETF 1C,5.32
PFXT,10,XDUK,Xtrackers FTSE 100 UCITS ETF 1C,3.67
EMRD,1,2330,Taiwan Semiconductor Manufacturing Company Limited,15.19
EMRD,2,005930,Samsung Electronics Co Ltd,7.22
EMRD,3,000660,SK hynix Inc,5.48
EMRD,4,0700,Tencent Holdings Limited,2.90
EMRD,5,9988,Alibaba Group Holding Ltd.,1.99
EMRD,6,2454,MediaTek Inc.,1.46
EMRD,7,2308,Delta Electronics Inc.,0.90
EMRD,8,005935,Samsung Electronics Co Ltd Participating Preferred,0.89
EMRD,9,00939,China Construction Bank Corp Class H,0.85
EMRD,10,2317,"Hon Hai Precision Industry Co., Ltd.",0.79
EMUCHF,1,ASML,ASML Holding N.V.,8.32
EMUCHF,2,SIE,Siemens Aktiengesellschaft,3.13
EMUCHF,3,SAP,SAP SE,2.95
EMUCHF,4,SAN,"Banco Santander, S.A.",2.68
EMUCHF,5,ALV,Allianz SE,2.53
EMUCHF,6,SU,Schneider Electric SE,2.39
EMUCHF,7,TTE,TotalEnergies SE,2.19
EMUCHF,8,BBVA,"Banco Bilbao Vizcaya Argentaria, S.A.",2.08
EMUCHF,9,IBE,"Iberdrola, S.A.",1.84
EMUCHF,10,AIR,Airbus SE,1.73
EMUUSD,1,ASML,ASML Holding N.V.,9.40
EMUUSD,2,SIE,Siemens Aktiengesellschaft,3.03
EMUUSD,3,SAP,SAP SE,2.86
EMUUSD,4,SAN,"Banco Santander, S.A.",2.66
EMUUSD,5,SU,Schneider Electric SE,2.43
EMUUSD,6,ALV,Allianz SE,2.40
EMUUSD,7,TTE,TotalEnergies SE,2.23
EMUUSD,8,BBVA,"Banco Bilbao Vizcaya Argentaria, S.A.",2.10
EMUUSD,9,IBE,"Iberdrola, S.A.",1.94
EMUUSD,10,SAF,Safran SA,1.75
VMID,1,EZJ,easyJet plc,1.34
VMID,2,BBY,Balfour Beatty plc,1.34
VMID,3,WPP,WPP plc,1.30
VMID,4,ROR,Rotork plc,1.24
VMID,5,RMV,Rightmove plc,1.21
VMID,6,MNDI,Mondi Plc,1.20
VMID,7,RS1,RS Group plc,1.12
VMID,8,EMG,Man Group Plc,1.12
VMID,9,ROSE,Rosebank Industries plc,1.08
VMID,10,JGGI,JPMorgan Global Growth & Income plc,1.06
VAPU,1,005930,Samsung Electronics Co Ltd,16.32
VAPU,2,000660,SK hynix Inc,12.62
VAPU,3,BHP,BHP Group Ltd.,4.49
VAPU,4,CBA,Commonwealth Bank of Australia,3.56
VAPU,5,D05,DBS Group Holdings Ltd.,2.30
VAPU,6,005935,Samsung Electronics Co Ltd Pfd Registered Shs Non-Voting,2.04
VAPU,7,1299,AIA Group Limited,1.90
VAPU,8,NAB,National Australia Bank Ltd.,1.58
VAPU,9,WBC,Westpac Banking Corporation,1.57
VAPU,10,ANZ,ANZ Group Holdings Limited,1.50
SMOT,1,BDX,"Becton, Dickinson and Company",1.54
SMOT,2,GPN,Global Payments Inc.,1.50
SMOT,3,VLTO,Veralto Corporation,1.47
SMOT,4,CNH,CNH Industrial N.V.,1.45
SMOT,5,DVN,Devon Energy Corporation,1.41
SMOT,6,AMCR,Amcor plc,1.40
SMOT,7,EL,The Estée Lauder Companies Inc. Class A Common Stock,1.38
SMOT,8,ZBH,Zimmer Biomet Holdings Inc.,1.37
SMOT,9,GEHC,GE HealthCare Technologies Inc.,1.36
SMOT,10,BF,Brown-Forman Corp. Class B Common Stock,1.35
SP500H,1,NVDA,NVIDIA Corporation,8.33
SP500H,2,AAPL,Apple Inc.,7.33
SP500H,3,MSFT,Microsoft Corporation Common Stock,5.74
SP500H,4,AMZN,Amazon.com Inc.,3.69
SP500H,5,GOOGL,Alphabet Inc. Class A Common Stock,3.04
SP500H,6,AVGO,Broadcom Inc.,2.52
SP500H,7,GOOG,Alphabet Inc. Class C Common Stock,2.44
SP500H,8,META,Meta Platforms Inc. Class A Common Stock,2.41
SP500H,9,MU,Micron Technology Inc.,1.81
SP500H,10,TSLA,"Tesla, Inc.",1.51
VUKE,1,HSBA,HSBC Holdings plc,10.19
VUKE,2,SHEL,Shell plc,7.30
VUKE,3,AZN,AstraZeneca PLC,6.98
VUKE,4,RR,Rolls-Royce Holdings plc,4.99
VUKE,5,ULVR,Unilever PLC,3.91
VUKE,6,BATS,British American Tobacco plc,3.26
VUKE,7,BP,BP p.l.c.,3.14
VUKE,8,RIO,Rio Tinto plc,3.09
VUKE,9,GSK,GSK plc,2.87
VUKE,10,BARC,Barclays PLC,2.63
CSUKX,1,HSBA,HSBC Holdings plc,10.07
CSUKX,2,SHEL,Shell plc,7.20
CSUKX,3,AZN,AstraZeneca PLC,6.89
CSUKX,4,RR,Rolls-Royce Holdings plc,4.92
CSUKX,5,ULVR,Unilever PLC,3.86
CSUKX,6,BATS,British American Tobacco plc,3.21
CSUKX,7,BP,BP p.l.c.,3.10
CSUKX,8,RIO,Rio Tinto plc,3.05
CSUKX,9,GSK,GSK plc,2.84
CSUKX,10,BARC,Barclays PLC,2.60
AETF,1,CCH,Coca-Cola HBC AG,10.43
AETF,2,ETE,National Bank of Greece S.A.,10.06
AETF,3,EUROB,Eurobank S.A.,9.49
AETF,4,TPEIR,Piraeus Financial Holdings S.A.,8.75
AETF,5,MYTIL,Metlen Energy & Metals S.A.,8.63
AETF,6,ALPHA,Alpha Bank S.A.,7.66
AETF,7,OPAP,OPAP S.A.,6.75
AETF,8,HTO,Hellenic Telecommunications Organization S.A.,6.40
AETF,9,BELA,Jumbo S.A.,6.19
AETF,10,PPC,Public Power Corporation S.A.,5.96
VGFPF,1,NVDA,NVDA,100.00
JREG,1,NVDA,NVIDIA Corporation,5.83
JREG,2,AAPL,Apple Inc.,4.93
JREG,3,MSFT,Microsoft Corporation Common Stock,4.26
JREG,4,AMZN,Amazon.com Inc.,3.00
JREG,5,GOOGL,Alphabet Inc. Class A Common Stock,2.15
JREG,6,AVGO,Broadcom Inc.,1.89
JREG,7,GOOG,Alphabet Inc. Class C Common Stock,1.69
JREG,8,META,Meta Platforms Inc. Class A Common Stock,1.44
JREG,9,MU,Micron Technology Inc.,1.32
JREG,10,TSLA,"Tesla, Inc.",0.95
H4ZL,1,WELL,Welltower Inc.,8.22
H4ZL,2,PLD,"Prologis, Inc.",6.50
H4ZL,3,EQIX,"Equinix, Inc.",5.03
H4ZL,4,SPG,Simon Property Group Inc.,3.35
H4ZL,5,DLR,Digital Realty Trust Inc.,3.28
H4ZL,6,O,Realty Income Corp.,2.83
H4ZL,7,PSA,Public Storage,2.58
H4ZL,8,VMRK,Vivmark Residential,2.40
H4ZL,9,VTR,"Ventas, Inc.",2.17
H4ZL,10,GMG,Goodman Group Stapled Security,1.96
EUN0,1,SHEL,Shell plc,1.60
EUN0,2,IBE,"Iberdrola, S.A.",1.56
EUN0,3,AI,Air Liquide S.A.,1.56
EUN0,4,ENI,Eni S.p.A.,1.53
EUN0,5,ULVR,Unilever PLC,1.52
EUN0,6,SCMN,Swisscom AG,1.50
EUN0,7,TTE,TotalEnergies SE,1.49
EUN0,8,NOVN,Novartis AG Registered Shares,1.42
EUN0,9,ZURN,Zurich Insurance Group AG,1.36
EUN0,10,SPSN,Swiss Prime Site AG,1.29
USSC,1,SNX,TD SYNNEX Corporation,0.60
USSC,2,LAD,"Lithia Motors, Inc.",0.58
USSC,3,RGA,"Reinsurance Group of America, Inc.",0.56
USSC,4,RNR,RenaissanceRe Holdings Ltd.,0.55
USSC,5,PFGC,Performance Food Group Co.,0.55
USSC,6,USFD,US Foods Holding Corp.,0.51
USSC,7,DINO,HF Sinclair Corporation,0.50
USSC,8,PBF,PBF Energy Inc. Class A Common Stock,0.49
USSC,9,OVV,Ovintiv Inc.,0.49
USSC,10,KMX,CarMax Inc.,0.48
FTCS,1,AMGN,Amgen Inc. Common Stock,2.38
FTCS,2,GRMN,Garmin Ltd.,2.38
FTCS,3,MRK,"Merck & Co., Inc.",2.35
FTCS,4,RMD,ResMed Inc.,2.30
FTCS,5,GILD,"Gilead Sciences, Inc.",2.29
FTCS,6,ABNB,Airbnb Inc. Class A Common Stock,2.27
FTCS,7,VRTX,Vertex Pharmaceuticals Incorporated Common Stock,2.22
FTCS,8,CME,CME Group Inc. Class A Common Stock,2.21
FTCS,9,KO,The Coca-Cola Company,2.18
FTCS,10,JNJ,Johnson & Johnson,2.16
QDVR,1,NVDA,NVIDIA Corporation,10.32
QDVR,2,V,Visa Inc. Class A,4.21
QDVR,3,AMAT,Applied Materials Inc.,3.77
QDVR,4,LRCX,Lam Research Corp.,3.70
QDVR,5,PANW,"Palo Alto Networks, Inc.",3.67
QDVR,6,VZ,Verizon Communications Inc.,3.29
QDVR,7,DIS,The Walt Disney Company,3.28
QDVR,8,TSLA,"Tesla, Inc.",3.08
QDVR,9,KO,The Coca-Cola Company,2.31
QDVR,10,MRVL,Marvell Technology Inc.,2.25
D5BH,1,RY,Royal Bank of Canada,9.27
D5BH,2,TD,Toronto-Dominion Bank,6.50
D5BH,3,SHOP,Shopify Inc.,6.48
D5BH,4,ENB,Enbridge Inc.,6.32
D5BH,5,AEM,Agnico Eagle Mines Limited,4.02
D5BH,6,BMO,Bank of Montreal,3.81
D5BH,7,TRP,TC Energy Corporation,3.73
D5BH,8,BNS,Bank of Nova Scotia,3.66
D5BH,9,CM,Canadian Imperial Bank of Commerce,3.38
D5BH,10,CP,Canadian Pacific Kansas City Ltd.,2.90
DBPK,1,GOOG,Alphabet Inc. Class C Common Stock,8.67
DBPK,2,CINF,Cincinnati Financial Corporation,6.30
DBPK,3,JCI,Johnson Controls International plc,6.16
DBPK,4,GD,General Dynamics Corp.,5.14
DBPK,5,INTC,Intel Corporation,4.79
DBPK,6,BRK,Berkshire Hathaway Inc. Class B,4.69
DBPK,7,IBM,International Business Machines Corporation,4.19
DBPK,8,WFC,Wells Fargo & Company,4.17
EXUS,1,2330,Taiwan Semiconductor Manufacturing Company Limited,8.38
EXUS,2,005930,Samsung Electronics Co Ltd,4.88
EXUS,3,000660,SK hynix Inc,4.69
EXUS,4,INGA,ING Groep N.V.,4.31
EXUS,5,0992,Lenovo Group Limited,4.18
EXUS,6,ASML,ASML Holding N.V.,3.99
EXUS,7,8630,Sompo Holdings Inc.,3.43
EXUS,8,BARC,Barclays PLC,3.33
EXUS,9,BBVA,"Banco Bilbao Vizcaya Argentaria, S.A.",3.27
EXUS,10,8306,"Mitsubishi UFJ Financial Group, Inc.",3.10
EHDL,1,3034,Novatek Microelectronics Corp.,2.14
EHDL,2,PETR3,Petroleo Brasileiro S.A.,1.90
EHDL,3,ZAIN,Mobile Telecommunications Co KSC,1.79
EHDL,4,FUNO11,Fibra Uno Administración S.A. de C.V.,1.61
EHDL,5,VALE3,Vale S.A.,1.47
EHDL,6,ASII,Astra International Tbk,1.45
EHDL,7,CMIG4,Cia Energetica DE Minas Gerais - Cemig,1.45
EHDL,8,601088,China Shenhua Energy Company Limited,1.40
EHDL,9,PTT,Ptt PCL Units Non-Voting Depository Receipt,1.32
2B7A,1,NEE,NextEra Energy Inc.,12.72
2B7A,2,SO,The Southern Company,7.68
2B7A,3,DUK,Duke Energy Corporation,7.16
2B7A,4,CEG,Constellation Energy Corporation,6.74
2B7A,5,AEP,"American Electric Power Company, Inc.",5.20
2B7A,6,D,"Dominion Energy, Inc.",4.29
2B7A,7,SRE,Sempra,4.10
2B7A,8,ETR,Entergy Corporation Common Stock,3.73
2B7A,9,XEL,Xcel Energy Inc.,3.54
2B7A,10,VST,Vistra Corp.,3.51
XWEU,1,NVDA,NVIDIA Corporation,5.54
XWEU,2,AAPL,Apple Inc.,5.05
XWEU,3,MSFT,Microsoft Corporation Common Stock,3.89
XWEU,4,AMZN,Amazon.com Inc.,2.73
XWEU,5,GOOGL,Alphabet Inc. Class A Common Stock,2.15
XWEU,6,AVGO,Broadcom Inc.,1.81
XWEU,7,GOOG,Alphabet Inc. Class C Common Stock,1.69
XWEU,8,META,Meta Platforms Inc. Class A Common Stock,1.37
XWEU,9,MU,Micron Technology Inc.,1.18
XWEU,10,TSLA,"Tesla, Inc.",1.13
XS7R,1,HSBA,HSBC Holdings plc,9.62
XS7R,2,SAN,"Banco Santander, S.A.",5.62
XS7R,3,ALV,Allianz SE,5.33
XS7R,4,UBSG,UBS Group AG,4.65
XS7R,5,BBVA,"Banco Bilbao Vizcaya Argentaria, S.A.",4.38
XS7R,6,UCG,UniCredit S.p.A.,3.55
XS7R,7,BNP,BNP Paribas SA,3.16
XS7R,8,ISP,Intesa Sanpaolo S.p.A.,2.94
XS7R,9,ZURN,Zurich Insurance Group AG,2.94
XS7R,10,INGA,ING Groep N.V.,2.77
QQCC,1,QQQX,Global X Nasdaq-100 Covered Call ETF,100.18
36BZ,1,600519,"Kweichow Moutai Co., Ltd.",3.34
36BZ,2,300750,Contemporary Amperex Technology Co. Ltd.,3.33
36BZ,3,300308,"Zhongji Innolight Co., Ltd.",1.95
36BZ,4,600036,"China Merchants Bank Co., Ltd.",1.66
36BZ,5,601899,"Zijin Mining Group Co., Ltd.",1.46
36BZ,6,600900,"China Yangtze Power Co., Ltd.",1.41
36BZ,7,601138,Foxconn Industrial Internet Co. Ltd.,1.39
36BZ,8,688256,Cambricon Technologies Corporation Ltd.,1.36
36BZ,9,601318,"Ping An Insurance Group Co., Ltd.",1.22
36BZ,10,601288,"Agricultural Bank of China Co., Ltd.",1.19
EDED,1,AMD,Advanced Micro Devices Inc.,9.27
EDED,2,LLY,Eli Lilly and Company,8.73
EDED,3,INTC,Intel Corporation,7.63
EDED,4,ELV,"Elevance Health, Inc.",5.13
EDED,5,IBM,International Business Machines Corporation,5.10
EDED,6,COST,Costco Wholesale Corp,4.47
EDED,7,NVDA,NVIDIA Corporation,4.40
EDED,8,GS,"The Goldman Sachs Group, Inc.",4.32
ESIS,1,NESN,Nestlé S.A.,20.73
ESIS,2,ULVR,Unilever PLC,11.64
ESIS,3,BATS,British American Tobacco plc,9.56
ESIS,4,OR,L'Oréal S.A.,9.13
ESIS,5,ABI,Anheuser-Busch InBev SA/NV,5.89
ESIS,6,DGE,Diageo plc,4.25
ESIS,7,BN,Danone S.A.,3.72
ESIS,8,RKT,Reckitt Benckiser Group plc,3.72
ESIS,9,TSCO,Tesco PLC,3.45
ESIS,10,AD,Koninklijke Ahold Delhaize N.V.,2.82
ESIT,1,ASML,ASML Holding N.V.,29.48
ESIT,2,SAP,SAP SE,19.75
ESIT,3,IFX,Infineon Technologies AG,10.37
ESIT,4,NOKIA,Nokia Oyj,6.33
ESIT,5,ASM,ASM International NV,5.38
ESIT,6,NBIS,Nebius Group N.V. Class A Ordinary Shares,5.06
ESIT,7,STMPA,STMicroelectronics N.V.,3.81
ESIT,8,ERIC,Telefonaktiebolaget LM Ericsson,3.20
ESIT,9,HEXA,Hexagon AB,2.61
ESIT,10,CAP,Capgemini SE,2.33
SPYU,1,SPXT,ProShares S&P 500 Ex-Technology ETF,100.00
BJL8,1,SAF,Safran SA,13.09
BJL8,2,AIR,Airbus SE,12.48
BJL8,3,RR,Rolls-Royce Holdings plc,11.49
BJL8,4,RHM,Rheinmetall AG,9.88
BJL8,5,MTX,MTU Aero Engines AG,7.16
BJL8,6,SAAB,Saab AB,7.02
BJL8,7,HO,Thales S.A.,6.80
BJL8,8,LDO,Leonardo S.p.A.,6.35
BJL8,9,BA,The Boeing Company,5.49
BJL8,10,KOG,Kongsberg Gruppen ASA,4.69
FWD,1,NVDA,NVIDIA Corporation,3.99
FWD,2,MSFT,Microsoft Corporation Common Stock,2.88
FWD,3,AMD,Advanced Micro Devices Inc.,2.43
FWD,4,GOOGL,Alphabet Inc. Class A Common Stock,2.12
FWD,5,META,Meta Platforms Inc. Class A Common Stock,2.04
FWD,6,2330,Taiwan Semiconductor Manufacturing Company Limited,1.99
FWD,7,AMZN,Amazon.com Inc.,1.90
FWD,8,AVGO,Broadcom Inc.,1.68
FWD,9,ASML,ASML Holding N.V. NY Registered Shares,1.60
FWD,10,SPCX,Space Exploration Technologies Corp. Class A Common Stock,1.44
BUGG,1,OKTA,Okta Inc. Class A Common Stock,9.95
BUGG,2,CRWD,"CrowdStrike Holdings, Inc.",8.32
BUGG,3,PANW,"Palo Alto Networks, Inc.",7.77
BUGG,4,FTNT,"Fortinet, Inc.",7.41
BUGG,5,QLYS,"Qualys, Inc.",5.65
BUGG,6,RBRK,Rubrik Inc. Class A Common Stock,5.64
BUGG,7,ZS,Zscaler Inc.,5.33
BUGG,8,VRNS,"Varonis Systems, Inc.",4.74
BUGG,9,SAIL,"SailPoint, Inc.",4.68
BUGG,10,NTSK,Netskope Inc. Class A Common Stock,4.59
FUSR,1,NVDA,NVIDIA Corporation,8.21
FUSR,2,AAPL,Apple Inc.,7.59
FUSR,3,MSFT,Microsoft Corporation Common Stock,6.35
FUSR,4,AMZN,Amazon.com Inc.,4.63
FUSR,5,GOOGL,Alphabet Inc. Class A Common Stock,3.46
FUSR,6,AVGO,Broadcom Inc.,2.92
FUSR,7,GOOG,Alphabet Inc. Class C Common Stock,2.77
FUSR,8,META,Meta Platforms Inc. Class A Common Stock,2.40
FUSR,9,JPM,JPMorgan Chase & Co.,1.96
FUSR,10,MU,Micron Technology Inc.,1.82
XDWF,1,JPM,JPMorgan Chase & Co.,6.25
XDWF,2,BRK,Berkshire Hathaway Inc. Class B,4.59
XDWF,3,V,Visa Inc. Class A,4.18
XDWF,4,MA,Mastercard Inc. Class A Common Stock,3.16
XDWF,5,BAC,Bank of America Corporation,2.75
XDWF,6,HSBA,HSBC Holdings plc,2.35
XDWF,7,GS,"The Goldman Sachs Group, Inc.",1.98
XDWF,8,RY,Royal Bank of Canada,1.87
XDWF,9,WFC,Wells Fargo & Company,1.73
XDWF,10,MS,Morgan Stanley Common Stock,1.65
EUNY,1,PETR4,Petroleo Brasileiro SA Petrobras Participating Preferred,3.79
EUNY,2,2603,Evergreen Marine Corp. Ltd.,3.48
EUNY,3,VALE3,Vale S.A.,3.18
EUNY,4,00939,China Construction Bank Corp Class H,3.06
EUNY,5,GFNORTEO,Grupo Financiero Banorte S.A.B. de C.V.,2.46
EUNY,6,3034,Novatek Microelectronics Corp.,2.46
EUNY,7,01398,Industrial And Commercial Bank Of China Ltd Class H,2.44
EUNY,8,PKN,Orlen SA,2.37
EUNY,9,03988,Bank Of China Ltd Class H,2.32
EUNY,10,1919,"COSCO SHIPPING Holdings Co., Ltd.",2.11
BATE,1,6752,Panasonic Holdings Corporation,4.13
BATE,2,6501,Hitachi Ltd.,3.50
BATE,3,6762,TDK Corporation,3.29
BATE,4,5333,"NGK Insulators, Ltd.",3.25
BATE,5,SIE,Siemens Aktiengesellschaft,3.23
BATE,6,ABBN,ABB Ltd,2.90
BATE,7,RIO,Rio Tinto plc,2.87
BATE,8,5802,Sumitomo Electric Industries Ltd.,2.86
BATE,9,CAT,Caterpillar Inc.,2.80
BATE,10,TSLA,"Tesla, Inc.",2.79
UBUT,1,NVDA,NVIDIA Corporation,9.79
UBUT,2,AAPL,Apple Inc.,9.37
UBUT,3,MSFT,Microsoft Corporation Common Stock,7.69
UBUT,4,LLY,Eli Lilly and Company,3.51
UBUT,5,ANET,Arista Networks Inc.,3.02
UBUT,6,AMAT,Applied Materials Inc.,2.97
UBUT,7,V,Visa Inc. Class A,2.94
UBUT,8,MRK,"Merck & Co., Inc.",2.92
UBUT,9,LRCX,Lam Research Corp.,2.86
UBUT,10,MA,Mastercard Inc. Class A Common Stock,2.74
AYEU,1,PANW,"Palo Alto Networks, Inc.",1.94
AYEU,2,PLTR,Palantir Technologies Inc. Class A Common Stock,1.92
AYEU,3,KRX,Kingspan Group plc,1.70
AYEU,4,TYL,Tyler Technologies Inc.,1.67
AYEU,5,MSI,"Motorola Solutions, Inc.",1.60
AYEU,6,VLTO,Veralto Corporation,1.56
AYEU,7,GFL,GFL Environmental Inc.,1.55
AYEU,8,6273,SMC Corporation,1.53
AYEU,9,UBER,Uber Technologies Inc.,1.52
AYEU,10,6861,Keyence Corporation,1.52
GRX,1,CCHBF,Coca-Cola HBC AG,11.66
GRX,2,MYTHF,Metlen Energy & Metals S.A.,7.17
GRX,3,MOHCF,Motor Oil (Hellas) S.A.,6.98
GRX,4,PUPOF,Public Power Corporation S.A.,6.75
GRX,5,ALBKF,Alpha Services and Holdings S.A.,6.56
GRX,6,TREAF,Terna Energy S.A.,6.48
GRX,7,EGFEF,Eurobank Ergasias Services and Holdings S.A.,6.35
GRX,8,NBGIF,National Bank of Greece S.A.,6.30
GRX,9,JUMSF,Jumbo S.A.,6.24
GRX,10,HLTOF,Hellenic Telecommunications Organization S.A.,5.78
G2X,1,NEM,Newmont Corporation,11.05
G2X,2,AEM,Agnico Eagle Mines Limited,10.97
G2X,3,ABX,Barrick Mining Corporation,7.90
G2X,4,WPM,Wheaton Precious Metals Corp.,5.52
G2X,5,FNV,Franco-Nevada Corporation,5.07
G2X,6,AU,AngloGold Ashanti plc,4.90
G2X,7,K,Kinross Gold Corporation,3.84
G2X,8,GFI,Gold Fields Ltd. Sponsored ADR,3.79
G2X,9,NST,Northern Star Resources Limited,2.91
G2X,10,PAAS,Pan American Silver Corp.,2.69
IS4S,1,ZS,Zscaler Inc.,3.08
IS4S,2,PANW,"Palo Alto Networks, Inc.",3.00
IS4S,3,OKTA,Okta Inc. Class A Common Stock,2.92
IS4S,4,NTNX,"Nutanix, Inc. Class A Common Stock",2.87
IS4S,5,CRWD,"CrowdStrike Holdings, Inc.",2.85
IS4S,6,DT,Dynatrace Inc.,2.77
IS4S,7,MDB,"MongoDB, Inc. Class A Common Stock",2.76
IS4S,8,RBRK,Rubrik Inc. Class A Common Stock,2.73
IS4S,9,ANET,Arista Networks Inc.,2.70
IS4S,10,NET,"Cloudflare, Inc. Class A Common Stock",2.67
XDED,1,MRNA,Moderna Inc.,0.57
XDED,2,VEEV,Veeva Systems Inc.,0.33
XDED,3,ZBRA,Zebra Technologies Corp. Class A Common Stock,0.31
XDED,4,CRL,"Charles River Laboratories International, Inc.",0.29
XDED,5,DASH,"DoorDash, Inc. Class A Common Stock",0.29
XDED,6,CRM,"Salesforce, Inc.",0.28
XDED,7,GPN,Global Payments Inc.,0.27
XDED,8,EXPE,Expedia Group Inc.,0.27
XDED,9,PANW,"Palo Alto Networks, Inc.",0.27
XDED,10,WDAY,Workday Inc Class A Common Stock,0.27
CBUF,1,LLY,Eli Lilly and Company,10.75
CBUF,2,JNJ,Johnson & Johnson,6.18
CBUF,3,ABBV,AbbVie Inc.,5.70
CBUF,4,NOVN,Novartis AG Registered Shares,5.04
CBUF,5,MRK,"Merck & Co., Inc.",3.75
CBUF,6,ROP,Roche Holding AG,3.56
CBUF,7,UNH,UnitedHealth Group Inc.,3.55
CBUF,8,AZN,AstraZeneca PLC,2.82
CBUF,9,GILD,"Gilead Sciences, Inc.",2.63
CBUF,10,AMGN,Amgen Inc. Common Stock,2.37
XD5D,1,ASML,ASML Holding N.V.,8.33
XD5D,2,SIE,Siemens Aktiengesellschaft,3.14
XD5D,3,SAP,SAP SE,2.95
XD5D,4,SAN,"Banco Santander, S.A.",2.67
XD5D,5,ALV,Allianz SE,2.54
XD5D,6,SU,Schneider Electric SE,2.39
XD5D,7,TTE,TotalEnergies SE,2.20
XD5D,8,BBVA,"Banco Bilbao Vizcaya Argentaria, S.A.",2.09
XD5D,9,IBE,"Iberdrola, S.A.",1.84
XD5D,10,AIR,Airbus SE,1.73
CEMA,1,2330,Taiwan Semiconductor Manufacturing Company Limited,18.65
CEMA,2,005930,Samsung Electronics Co Ltd,9.02
CEMA,3,000660,SK hynix Inc,7.04
CEMA,4,CNYA,iShares MSCI China A UCITS ETF,4.10
CEMA,5,0700,Tencent Holdings Limited,3.28
CEMA,6,9988,Alibaba Group Holding Ltd.,2.21
CEMA,7,2454,MediaTek Inc.,2.17
CEMA,8,005935,Samsung Electronics Co Ltd Participating Preferred,1.13
CEMA,9,2308,Delta Electronics Inc.,1.12
CEMA,10,00939,China Construction Bank Corp Class H,1.03
NQSE,1,NVDA,NVIDIA Corporation,8.36
NQSE,2,AAPL,Apple Inc.,7.38
NQSE,3,MSFT,Microsoft Corporation Common Stock,5.78
NQSE,4,MU,Micron Technology Inc.,5.04
NQSE,5,AMD,Advanced Micro Devices Inc.,4.18
NQSE,6,AMZN,Amazon.com Inc.,4.08
NQSE,7,META,Meta Platforms Inc. Class A Common Stock,3.27
NQSE,8,GOOGL,Alphabet Inc. Class A Common Stock,3.07
NQSE,9,GOOG,Alphabet Inc. Class C Common Stock,2.86
NQSE,10,TSLA,"Tesla, Inc.",2.83
DXS3,1,AMZN,Amazon.com Inc.,8.75
DXS3,2,IBM,International Business Machines Corporation,8.47
DXS3,3,AAPL,Apple Inc.,7.34
DXS3,4,PLTR,Palantir Technologies Inc. Class A Common Stock,5.34
DXS3,5,SHW,The Sherwin-Williams Company,4.93
DXS3,6,MSFT,Microsoft Corporation Common Stock,4.69
DXS3,7,NVDA,NVIDIA Corporation,4.69
DXS3,8,GOOGL,Alphabet Inc. Class A Common Stock,4.67
QDVA,1,MU,Micron Technology Inc.,6.61
QDVA,2,AMD,Advanced Micro Devices Inc.,5.57
QDVA,3,AVGO,Broadcom Inc.,4.44
QDVA,4,INTC,Intel Corporation,4.00
QDVA,5,LRCX,Lam Research Corp.,3.84
QDVA,6,JNJ,Johnson & Johnson,3.82
QDVA,7,CAT,Caterpillar Inc.,3.60
QDVA,8,XOM,ExxonMobil Holdings Corporation,3.32
QDVA,9,GEV,GE Vernova Inc.,3.26
QDVA,10,CSCO,"Cisco Systems, Inc.",2.83
XDEM,1,MU,Micron Technology Inc.,6.64
XDEM,2,AMD,Advanced Micro Devices Inc.,2.95
XDEM,3,XOM,ExxonMobil Holdings Corporation,2.85
XDEM,4,JNJ,Johnson & Johnson,2.68
XDEM,5,ASML,ASML Holding N.V.,2.65
XDEM,6,GOOGL,Alphabet Inc. Class A Common Stock,2.35
XDEM,7,INTC,Intel Corporation,2.18
XDEM,8,LRCX,Lam Research Corp.,2.15
XDEM,9,CAT,Caterpillar Inc.,2.14
XDEM,10,GOOG,Alphabet Inc. Class C Common Stock,1.88
2B76,1,SNOW,Snowflake Inc. Common Stock,3.82
2B76,2,6857,Advantest Corporation,3.58
2B76,3,AMD,Advanced Micro Devices Inc.,3.47
2B76,4,NOW,ServiceNow Inc.,3.38
2B76,5,SAP,SAP SE,3.18
2B76,6,INTC,Intel Corporation,3.01
2B76,7,6861,Keyence Corporation,2.96
2B76,8,NVDA,NVIDIA Corporation,2.96
2B76,9,EMR,Emerson Electric Co.,2.94
2B76,10,TER,"Teradyne, Inc.",2.93
U3O8,1,KAP,National Atomic Co Kazatomprom JSC GDR - Regulation S,16.05
U3O8,2,CCO,Cameco Corporation,15.29
U3O8,3,U,Sprott Physical Uranium Trust,13.73
U3O8,4,PDN,Paladin Energy Ltd,5.07
U3O8,5,NXE,NexGen Energy Ltd.,4.69
U3O8,6,YCA,Yellow Cake Plc,4.50
U3O8,7,DML,Denison Mines Corp.,4.28
U3O8,8,UEC,Uranium Energy Corp.,4.14
U3O8,9,DYL,Deep Yellow Limited,3.71
U3O8,10,EFR,Energy Fuels Inc.,3.50
XDWD,1,NVDA,NVIDIA Corporation,5.54
XDWD,2,AAPL,Apple Inc.,5.05
XDWD,3,MSFT,Microsoft Corporation Common Stock,3.89
XDWD,4,AMZN,Amazon.com Inc.,2.73
XDWD,5,GOOGL,Alphabet Inc. Class A Common Stock,2.15
XDWD,6,AVGO,Broadcom Inc.,1.81
XDWD,7,GOOG,Alphabet Inc. Class C Common Stock,1.69
XDWD,8,META,Meta Platforms Inc. Class A Common Stock,1.37
XDWD,9,MU,Micron Technology Inc.,1.18
XDWD,10,TSLA,"Tesla, Inc.",1.13
XWEV,1,NVDA,NVIDIA Corporation,3.89
XWEV,2,MU,Micron Technology Inc.,3.63
XWEV,3,AAPL,Apple Inc.,2.94
XWEV,4,HSBA,HSBC Holdings plc,2.29
XWEV,5,CSCO,"Cisco Systems, Inc.",2.20
XWEV,6,VZ,Verizon Communications Inc.,2.13
XWEV,7,7203,Toyota Motor Corporation,1.96
XWEV,8,T,AT&T Inc.,1.90
XWEV,9,PFE,Pfizer Inc.,1.70
XWEV,10,QCOM,QUALCOMM Incorporated,1.67
XUCM,1,GOOGL,Alphabet Inc. Class A Common Stock,16.13
XUCM,2,META,Meta Platforms Inc. Class A Common Stock,15.23
XUCM,3,GOOG,Alphabet Inc. Class C Common Stock,12.66
XUCM,4,NFLX,Netflix Inc.,12.37
XUCM,5,VZ,Verizon Communications Inc.,7.58
XUCM,6,DIS,The Walt Disney Company,6.91
XUCM,7,T,AT&T Inc.,6.55
XUCM,8,CMCSA,Comcast Corp. Class A Common Stock,3.46
XUCM,9,TMUS,T-Mobile US Inc.,3.24
XUCM,10,SPCX,Space Exploration Technologies Corp. Class A Common Stock,2.62
XNKY,1,6857,Advantest Corporation,12.22
XNKY,2,9983,Fast Retailing Co. Ltd.,8.76
XNKY,3,8035,Tokyo Electron Ltd.,8.53
XNKY,4,9984,SoftBank Group Corp.,6.29
XNKY,5,6098,"Recruit Holdings Co., Ltd.",2.76
XNKY,6,6762,TDK Corporation,2.33
XNKY,7,4062,"Ibiden Co., Ltd.",2.06
XNKY,8,9433,KDDI Corp,1.79
XNKY,9,285A,Kioxia Holdings Corp.,1.76
XNKY,10,5803,Fujikura Ltd.,1.66
XMOV,1,T,AT&T Inc.,5.90
XMOV,2,6501,Hitachi Ltd.,5.83
XMOV,3,7203,Toyota Motor Corporation,5.56
XMOV,4,NVDA,NVIDIA Corporation,5.20
XMOV,5,UBER,Uber Technologies Inc.,4.94
XMOV,6,01211,BYD Co Ltd Class H,4.60
XMOV,7,QCOM,QUALCOMM Incorporated,4.35
XMOV,8,ABBN,ABB Ltd,4.25
XMOV,9,TSLA,"Tesla, Inc.",4.13
XMOV,10,03750,Contemporary Amperex Technology Co Ltd Ordinary Shares - Class H,4.03
V3AA,1,NVDA,NVIDIA Corporation,5.50
V3AA,2,AAPL,Apple Inc.,4.89
V3AA,3,MSFT,Microsoft Corporation Common Stock,4.02
V3AA,4,AMZN,Amazon.com Inc.,2.69
V3AA,5,GOOGL,Alphabet Inc. Class A Common Stock,2.14
V3AA,6,2330,Taiwan Semiconductor Manufacturing Company Limited,1.97
V3AA,7,AVGO,Broadcom Inc.,1.84
V3AA,8,GOOG,Alphabet Inc. Class C Common Stock,1.68
V3AA,9,META,Meta Platforms Inc. Class A Common Stock,1.34
V3AA,10,MU,Micron Technology Inc.,1.15
UBU3,1,NVDA,NVIDIA Corporation,7.64
UBU3,2,AAPL,Apple Inc.,6.97
UBU3,3,MSFT,Microsoft Corporation Common Stock,5.37
UBU3,4,AMZN,Amazon.com Inc.,3.77
UBU3,5,GOOGL,Alphabet Inc. Class A Common Stock,2.97
UBU3,6,AVGO,Broadcom Inc.,2.50
UBU3,7,GOOG,Alphabet Inc. Class C Common Stock,2.33
UBU3,8,META,Meta Platforms Inc. Class A Common Stock,1.88
UBU3,9,MU,Micron Technology Inc.,1.63
UBU3,10,TSLA,"Tesla, Inc.",1.56
XEMC,1,EMXC,iShares MSCI Emerging Markets ex China ETF,99.96
ZPRX,1,WPP,WPP plc,1.27
ZPRX,2,TKA,thyssenkrupp AG,1.18
ZPRX,3,ADEN,Adecco Group AG,1.16
ZPRX,4,FR,Valeo,0.93
ZPRX,5,DCC,DCC plc,0.79
ZPRX,6,TUI1,TUI AG,0.79
ZPRX,7,RAND,Randstad N.V.,0.78
ZPRX,8,BTRW,Barratt Redrow plc,0.75
ZPRX,9,SCR,SCOR SE,0.68
ZPRX,10,AF,Air France-KLM SA,0.68
AMEE,1,BE,Bloom Energy Corp. Class A Common Stock,8.63
AMEE,2,IBE,"Iberdrola, S.A.",6.10
AMEE,3,LIN,Linde plc,6.02
AMEE,4,7013,IHI Corporation,5.41
AMEE,5,000338,"Weichai Power Co., Ltd.",4.40
AMEE,6,EDP,"EDP, S.A.",3.10
AMEE,7,ELE,"Endesa, S.A.",3.05
AMEE,8,7203,Toyota Motor Corporation,3.01
AMES,1,SAN,"Banco Santander, S.A.",18.18
AMES,2,BBVA,"Banco Bilbao Vizcaya Argentaria, S.A.",13.78
AMES,3,IBE,"Iberdrola, S.A.",13.26
AMES,4,ITX,"Industria de Diseño Textil, S.A.",10.60
AMES,5,CABK,"CaixaBank, S.A.",7.18
AMES,6,FER,Ferrovial N.V.,3.59
AMES,7,AENA,Aena SME SA,3.10
AMES,8,REP,Repsol S.A.,2.94
AMES,9,ACS,"ACS, Actividades de Construcción y Servicios, S.A.",2.76
AMES,10,AMS,Amadeus IT Group S.A.,2.56
GERD,1,MSFT,Microsoft Corporation Common Stock,1.20
GERD,2,MA,Mastercard Inc. Class A Common Stock,1.01
GERD,3,NVDA,NVIDIA Corporation,0.99
GERD,4,2330,Taiwan Semiconductor Manufacturing Company Limited,0.97
GERD,5,MU,Micron Technology Inc.,0.97
GERD,6,V,Visa Inc. Class A,0.97
GERD,7,AAPL,Apple Inc.,0.95
GERD,8,META,Meta Platforms Inc. Class A Common Stock,0.81
GERD,9,NFLX,Netflix Inc.,0.73
GERD,10,ASML,ASML Holding N.V.,0.66
H410,1,2330,Taiwan Semiconductor Manufacturing Company Limited,15.16
H410,2,005930,Samsung Electronics Co Ltd,7.03
H410,3,000660,SK hynix Inc,5.35
H410,4,0700,Tencent Holdings Limited,2.88
H410,5,9988,Alibaba Group Holding Ltd.,1.96
H410,6,2454,MediaTek Inc.,1.47
H410,7,2308,Delta Electronics Inc.,0.91
H410,8,005935,Samsung Electronics Co Ltd Participating Preferred,0.88
H410,9,00939,China Construction Bank Corp Class H,0.79
H410,10,2317,"Hon Hai Precision Industry Co., Ltd.",0.79
IS31,1,MSFT,Microsoft Corporation Common Stock,2.42
IS31,2,AAPL,Apple Inc.,2.33
IS31,3,NVDA,NVIDIA Corporation,2.08
IS31,4,AMZN,Amazon.com Inc.,2.05
IS31,5,V,Visa Inc. Class A,2.02
IS31,6,JPM,JPMorgan Chase & Co.,2.00
IS31,7,KO,The Coca-Cola Company,2.00
IS31,8,XOM,ExxonMobil Holdings Corporation,1.95
IS31,9,ABBV,AbbVie Inc.,1.94
IS31,10,AVGO,Broadcom Inc.,1.85
IS3S,1,MU,Micron Technology Inc.,15.75
IS3S,2,CSCO,"Cisco Systems, Inc.",2.92
IS3S,3,VZ,Verizon Communications Inc.,2.04
IS3S,4,7203,Toyota Motor Corporation,1.63
IS3S,5,T,AT&T Inc.,1.62
IS3S,6,HPE,Hewlett Packard Enterprise Company,1.59
IS3S,7,QCOM,QUALCOMM Incorporated,1.51
IS3S,8,CMCSA,Comcast Corp. Class A Common Stock,1.20
IS3S,9,SHEL,Shell plc,1.17
IS3S,10,PFE,Pfizer Inc.,1.15
5MVL,1,2330,Taiwan Semiconductor Manufacturing Company Limited,13.17
5MVL,2,005930,Samsung Electronics Co Ltd,9.42
5MVL,3,000660,SK hynix Inc,7.89
5MVL,4,005935,Samsung Electronics Co Ltd Participating Preferred,3.17
5MVL,5,00939,China Construction Bank Corp Class H,2.91
5MVL,6,2317,"Hon Hai Precision Industry Co., Ltd.",2.68
5MVL,7,0992,Lenovo Group Limited,2.61
5MVL,8,01398,Industrial And Commercial Bank Of China Ltd Class H,2.58
5MVL,9,03988,Bank Of China Ltd Class H,2.56
5MVL,10,PBR,Petroleo Brasileiro SA Petrobras ADR,2.27
5MVW,1,XOM,ExxonMobil Holdings Corporation,18.43
5MVW,2,CVX,Chevron Corporation,10.28
5MVW,3,SHEL,Shell plc,7.50
5MVW,4,TTE,TotalEnergies SE,4.56
5MVW,5,COP,ConocoPhillips,4.17
5MVW,6,MPC,Marathon Petroleum Corp.,3.16
5MVW,7,VLO,Valero Energy Corporation,3.15
5MVW,8,BP,BP p.l.c.,3.13
5MVW,9,PSX,Phillips 66,2.80
5MVW,10,ENB,Enbridge Inc.,2.78
8RMY,1,RHM,Rheinmetall AG,10.41
8RMY,2,HO,Thales S.A.,10.04
8RMY,3,BA,The Boeing Company,10.01
8RMY,4,SAAB,Saab AB,9.73
8RMY,5,SAF,Safran SA,9.72
8RMY,6,LDO,Leonardo S.p.A.,9.51
8RMY,7,KOG,Kongsberg Gruppen ASA,5.56
8RMY,8,RR,Rolls-Royce Holdings plc,5.23
8RMY,9,AIR,Airbus SE,4.72
8RMY,10,ASELS,Aselsan Elektronik Sanayi Ve Ticaret A.S.,3.72
IQSA,1,NVDA,NVIDIA Corporation,6.17
IQSA,2,GOOGL,Alphabet Inc. Class A Common Stock,4.35
IQSA,3,MSFT,Microsoft Corporation Common Stock,3.41
IQSA,4,AVGO,Broadcom Inc.,1.80
IQSA,5,TD,Toronto-Dominion Bank,1.69
IQSA,6,BNY,Bank of New York Mellon Corp.,1.51
IQSA,7,LIN,Linde plc,1.44
IQSA,8,LRCX,Lam Research Corp.,1.43
IQSA,9,CM,Canadian Imperial Bank of Commerce,1.38
IQSA,10,ABBN,ABB Ltd,1.31
IPRE,1,VNA,Vonovia SE,11.31
IPRE,2,URW,Unibail-Rodamco-Westfield SE,9.41
IPRE,3,SPSN,Swiss Prime Site AG,8.49
IPRE,4,LI,Klépierre SA,6.55
IPRE,5,PSPN,PSP Swiss Property AG,5.56
IPRE,6,AED,Aedifica SA,4.96
IPRE,7,MRL,"Merlin Properties SOCIMI, S.A.",4.56
IPRE,8,WDP,Warehouses De Pauw NV/SA,3.18
IPRE,9,CAST,Castellum AB (publ),3.04
IPRE,10,LEG,LEG Immobilien SE,2.96
CBUC,1,NVDA,NVIDIA Corporation,8.03
CBUC,2,AAPL,Apple Inc.,7.66
CBUC,3,MSFT,Microsoft Corporation Common Stock,5.57
CBUC,4,AMZN,Amazon.com Inc.,3.77
CBUC,5,GOOGL,Alphabet Inc. Class A Common Stock,2.98
CBUC,6,AVGO,Broadcom Inc.,2.51
CBUC,7,GOOG,Alphabet Inc. Class C Common Stock,2.50
CBUC,8,META,Meta Platforms Inc. Class A Common Stock,2.43
CBUC,9,MU,Micron Technology Inc.,1.92
CBUC,10,JPM,JPMorgan Chase & Co.,1.72
EGEE,1,2330,Taiwan Semiconductor Manufacturing Company Limited,9.75
EGEE,2,005930,Samsung Electronics Co Ltd,8.45
EGEE,3,000660,SK hynix Inc,6.13
EGEE,4,0700,Tencent Holdings Limited,3.04
EGEE,5,2454,MediaTek Inc.,2.01
EGEE,6,9988,Alibaba Group Holding Ltd.,1.83
EGEE,7,00939,China Construction Bank Corp Class H,1.21
EGEE,8,2317,"Hon Hai Precision Industry Co., Ltd.",1.06
EGEE,9,3711,"ASE Technology Holding Co., Ltd.",0.96
EHDV,1,GFC,Gecina SA,2.88
EHDV,2,COV,Covivio SA,2.83
EHDV,3,FDJU,FDJ United,2.82
EHDV,4,GBLB,Groupe Bruxelles Lambert SA,2.62
EHDV,5,OMV,OMV AG,2.59
EHDV,6,MBG,Mercedes-Benz Group AG,2.57
EHDV,7,RUI,Rubis SCA,2.49
EHDV,8,UPM,UPM-Kymmene Oyj,2.42
EHDV,9,A5G,AIB Group plc,2.41
EHDV,10,CA,Carrefour SA,2.38
ELFA,1,ASML,ASML Holding N.V.,10.88
ELFA,2,SAP,SAP SE,5.83
ELFA,3,SAN,"Banco Santander, S.A.",5.78
ELFA,4,SU,Schneider Electric SE,5.27
ELFA,5,ALV,Allianz SE,4.94
ELFA,6,BBVA,"Banco Bilbao Vizcaya Argentaria, S.A.",4.32
ELFA,7,UCG,UniCredit S.p.A.,3.90
ELFA,8,ISP,Intesa Sanpaolo S.p.A.,3.23
ELFA,9,BNP,BNP Paribas SA,3.08
ELFA,10,MC,LVMH Moët Hennessy Louis Vuitton SE,2.99
BUG,1,OKTA,Okta Inc. Class A Common Stock,9.95
BUG,2,CRWD,"CrowdStrike Holdings, Inc.",8.32
BUG,3,PANW,"Palo Alto Networks, Inc.",7.76
BUG,4,FTNT,"Fortinet, Inc.",7.43
BUG,5,QLYS,"Qualys, Inc.",5.66
BUG,6,RBRK,Rubrik Inc. Class A Common Stock,5.66
BUG,7,ZS,Zscaler Inc.,5.35
BUG,8,VRNS,"Varonis Systems, Inc.",4.74
BUG,9,SAIL,"SailPoint, Inc.",4.68
BUG,10,NTSK,Netskope Inc. Class A Common Stock,4.60
CEMR,1,ASML,ASML Holding N.V.,5.30
CEMR,2,HSBA,HSBC Holdings plc,5.03
CEMR,3,NOVN,Novartis AG Registered Shares,4.66
CEMR,4,ROP,Roche Holding AG,4.26
CEMR,5,SHEL,Shell plc,4.22
CEMR,6,SAN,"Banco Santander, S.A.",4.16
CEMR,7,TTE,TotalEnergies SE,4.04
CEMR,8,IBE,"Iberdrola, S.A.",3.34
CEMR,9,ABBN,ABB Ltd,3.17
CEMR,10,BBVA,"Banco Bilbao Vizcaya Argentaria, S.A.",3.09
DBPG,1,GOOGL,Alphabet Inc. Class A Common Stock,9.25
DBPG,2,AAPL,Apple Inc.,7.27
DBPG,3,EQIX,"Equinix, Inc.",6.73
DBPG,4,AMAT,Applied Materials Inc.,6.35
DBPG,5,WELL,Welltower Inc.,6.08
DBPG,6,FOLD,"Amicus Therapeutics, Inc.",4.70
DBPG,7,LLYVK,"Liberty Live Holdings, Inc. Series C Liberty Live Group Common Stock",4.57
DBPG,8,NOC,Northrop Grumman Corporation,4.51
CURE,1,LLY,Eli Lilly and Company,3.22
CURE,2,JNJ,Johnson & Johnson,2.22
CURE,3,ABBV,AbbVie Inc.,1.61
EQQJ,1,NTRA,"Natera, Inc.",3.01
EQQJ,2,EBAY,eBay Inc.,2.38
EQQJ,3,RVMD,"Revolution Medicines, Inc.",2.22
EQQJ,4,ILMN,Illumina Inc.,2.08
EQQJ,5,NTAP,"NetApp, Inc.",2.08
EQQJ,6,FLEX,Flex Ltd.,2.05
EQQJ,7,CRDO,Credo Technology Group Holding Ltd,1.85
EQQJ,8,UAL,"United Airlines Holdings, Inc.",1.82
EQQJ,9,OKTA,Okta Inc. Class A Common Stock,1.76
EQQJ,10,BIIB,Biogen Inc.,1.68
AYEW,1,NVDA,NVIDIA Corporation,17.90
AYEW,2,AAPL,Apple Inc.,15.06
AYEW,3,MSFT,Microsoft Corporation Common Stock,11.46
AYEW,4,AVGO,Broadcom Inc.,5.34
AYEW,5,ASML,ASML Holding N.V.,4.16
AYEW,6,MU,Micron Technology Inc.,3.51
AYEW,7,AMD,Advanced Micro Devices Inc.,3.46
AYEW,8,AMAT,Applied Materials Inc.,2.96
AYEW,9,LRCX,Lam Research Corp.,2.89
AYEW,10,SAP,SAP SE,2.08
FGEQ,1,NVDA,NVIDIA Corporation,5.64
FGEQ,2,AAPL,Apple Inc.,4.97
FGEQ,3,MSFT,Microsoft Corporation Common Stock,4.02
FGEQ,4,GOOGL,Alphabet Inc. Class A Common Stock,3.88
FGEQ,5,AVGO,Broadcom Inc.,2.00
FGEQ,6,META,Meta Platforms Inc. Class A Common Stock,1.52
FGEQ,7,JPM,JPMorgan Chase & Co.,1.26
FGEQ,8,LLY,Eli Lilly and Company,1.13
FGEQ,9,ASML,ASML Holding N.V.,0.94
FGEQ,10,V,Visa Inc. Class A,0.93
BLOK,1,HOOD,Robinhood Markets Inc. Class A Common Stock,4.04
BLOK,2,FIGR,"Figure Technology Solutions, Inc. Class A Common Stock",3.56
BLOK,3,AMD,Advanced Micro Devices Inc.,3.54
BLOK,4,GLXY,Galaxy Digital Inc. Class A Common Stock,3.37
BLOK,5,CIFR,Cipher Digital Inc.,3.36
BLOK,6,HUT,Hut 8 Corp.,3.25
BLOK,7,WULF,TeraWulf Inc.,3.05
BLOK,8,OPRA,Opera Ltd. ADR,2.94
BLOK,9,DELL,Dell Technologies Inc. Class C Common Stock,2.86
BLOK,10,COIN,Coinbase Global Inc. Class A Common Stock,2.78
ESGP,1,ABX,Barrick Mining Corporation,10.22
ESGP,2,AEM,Agnico Eagle Mines Limited,10.18
ESGP,3,NEM,Newmont Corporation,9.99
ESGP,4,WPM,Wheaton Precious Metals Corp.,9.64
ESGP,5,AU,AngloGold Ashanti plc,7.52
ESGP,6,RMAU,HANetf The Royal Mint Responsibly Sourced Physical Gold ETC,5.20
ESGP,7,GFI,Gold Fields Ltd. Sponsored ADR,5.13
ESGP,8,K,Kinross Gold Corporation,4.52
ESGP,9,NST,Northern Star Resources Limited,3.93
ESGP,10,RGLD,"Royal Gold, Inc.",3.17
ESIF,1,HSBA,HSBC Holdings plc,9.57
ESIF,2,SAN,"Banco Santander, S.A.",5.59
ESIF,3,ALV,Allianz SE,5.31
ESIF,4,UBSG,UBS Group AG,4.65
ESIF,5,BBVA,"Banco Bilbao Vizcaya Argentaria, S.A.",4.35
ESIF,6,UCG,UniCredit S.p.A.,3.54
ESIF,7,BNP,BNP Paribas SA,3.13
ESIF,8,ZURN,Zurich Insurance Group AG,2.92
ESIF,9,ISP,Intesa Sanpaolo S.p.A.,2.91
ESIF,10,INGA,ING Groep N.V.,2.74
EUDF,1,BA,The Boeing Company,12.62
EUDF,2,HO,Thales S.A.,12.17
EUDF,3,RHM,Rheinmetall AG,10.82
EUDF,4,RR,Rolls-Royce Holdings plc,8.78
EUDF,5,SAF,Safran SA,8.14
EUDF,6,AIR,Airbus SE,8.02
EUDF,7,SAAB,Saab AB,7.12
EUDF,8,LDO,Leonardo S.p.A.,6.51
EUDF,9,AM,Dassault Aviation SA,4.53
EUDF,10,KOG,Kongsberg Gruppen ASA,4.11
SPPW,1,NVDA,NVIDIA Corporation,5.80
SPPW,2,AAPL,Apple Inc.,5.41
SPPW,3,MSFT,Microsoft Corporation Common Stock,4.00
SPPW,4,AMZN,Amazon.com Inc.,2.67
SPPW,5,GOOGL,Alphabet Inc. Class A Common Stock,2.23
SPPW,6,GOOG,Alphabet Inc. Class C Common Stock,1.76
SPPW,7,AVGO,Broadcom Inc.,1.75
SPPW,8,META,Meta Platforms Inc. Class A Common Stock,1.75
SPPW,9,MU,Micron Technology Inc.,1.32
SPPW,10,TSLA,"Tesla, Inc.",1.12
SPFH,1,NVDA,NVIDIA Corporation,5.56
SPFH,2,AAPL,Apple Inc.,5.08
SPFH,3,MSFT,Microsoft Corporation Common Stock,3.91
SPFH,4,AMZN,Amazon.com Inc.,2.75
SPFH,5,GOOGL,Alphabet Inc. Class A Common Stock,2.16
SPFH,6,AVGO,Broadcom Inc.,1.82
SPFH,7,GOOG,Alphabet Inc. Class C Common Stock,1.68
SPFH,8,META,Meta Platforms Inc. Class A Common Stock,1.37
SPFH,9,MU,Micron Technology Inc.,1.18
SPFH,10,TSLA,"Tesla, Inc.",1.13
2B7B,1,LIN,Linde plc,18.52
2B7B,2,NEM,Newmont Corporation,11.18
2B7B,3,FCX,Freeport-McMoRan Inc.,8.99
2B7B,4,SHW,The Sherwin-Williams Company,6.47
2B7B,5,ECL,Ecolab Inc.,5.94
2B7B,6,APD,Air Products and Chemicals Inc.,5.61
2B7B,7,CRH,CRH plc Ordinary Shares,5.24
2B7B,8,NUE,Nucor Corporation,4.67
2B7B,9,CTVA,Corteva Inc.,4.59
2B7B,10,VMC,Vulcan Materials Co.,2.91
SPPE,1,NVDA,NVIDIA Corporation,8.06
SPPE,2,AAPL,Apple Inc.,7.02
SPPE,3,MSFT,Microsoft Corporation Common Stock,5.68
SPPE,4,AMZN,Amazon.com Inc.,3.83
SPPE,5,GOOGL,Alphabet Inc. Class A Common Stock,3.00
SPPE,6,AVGO,Broadcom Inc.,2.64
SPPE,7,GOOG,Alphabet Inc. Class C Common Stock,2.39
SPPE,8,META,Meta Platforms Inc. Class A Common Stock,1.90
SPPE,9,MU,Micron Technology Inc.,1.63
SPPE,10,TSLA,"Tesla, Inc.",1.56
2B77,1,HALO,Halozyme Therapeutics Inc.,0.76
2B77,2,THC,Tenet Healthcare Corp.,0.76
2B77,3,GMAB,Genmab A/S,0.70
2B77,4,6446,PharmaEssentia Corp,0.67
2B77,5,HOOD,Robinhood Markets Inc. Class A Common Stock,0.66
2B77,6,PTGX,"Protagonist Therapeutics, Inc.",0.65
2B77,7,RHC,Ramsay Health Care Limited,0.65
2B77,8,4523,"Eisai Co., Ltd.",0.65
2B77,9,GKOS,Glaukos Corp.,0.64
2B77,10,EQH,Equitable Holdings Inc.,0.61
2B7D,1,WMT,Walmart Inc.,15.08
2B7D,2,COST,Costco Wholesale Corp,14.00
2B7D,3,KO,The Coca-Cola Company,11.59
2B7D,4,PG,The Procter & Gamble Company,11.17
2B7D,5,PM,Philip Morris International Inc.,9.98
2B7D,6,PEP,"PepsiCo, Inc.",6.44
2B7D,7,MO,"Altria Group, Inc.",3.83
2B7D,8,MDLZ,"Mondelēz International, Inc. Class A Common Stock",2.67
2B7D,9,TGT,Target Corp.,2.47
2B7D,10,CL,Colgate-Palmolive Co.,2.42
SCWX,1,AAPL,Apple Inc.,4.41
SCWX,2,NVDA,NVIDIA Corporation,4.00
SCWX,3,MSFT,Microsoft Corporation Common Stock,3.36
SCWX,4,AMZN,Amazon.com Inc.,2.66
SCWX,5,TSLA,"Tesla, Inc.",1.77
SCWX,6,GOOGL,Alphabet Inc. Class A Common Stock,1.64
SCWX,7,META,Meta Platforms Inc. Class A Common Stock,1.25
SCWX,8,AVGO,Broadcom Inc.,1.12
SCWX,9,GOOG,Alphabet Inc. Class C Common Stock,1.09
SCWX,10,2330,Taiwan Semiconductor Manufacturing Company Limited,1.05
JREZ,1,ASML,ASML Holding N.V.,8.82
JREZ,2,SIE,Siemens Aktiengesellschaft,3.87
JREZ,3,ALV,Allianz SE,3.35
JREZ,4,SAN,"Banco Santander, S.A.",3.23
JREZ,5,TTE,TotalEnergies SE,2.85
JREZ,6,SAP,SAP SE,2.77
JREZ,7,UCG,UniCredit S.p.A.,2.50
JREZ,8,SAF,Safran SA,2.43
JREZ,9,IBE,"Iberdrola, S.A.",2.33
JREZ,10,AI,Air Liquide S.A.,2.30
JRGD,1,NVDA,NVIDIA Corporation,5.83
JRGD,2,AAPL,Apple Inc.,4.93
JRGD,3,MSFT,Microsoft Corporation Common Stock,4.26
JRGD,4,AMZN,Amazon.com Inc.,3.00
JRGD,5,GOOGL,Alphabet Inc. Class A Common Stock,2.15
JRGD,6,AVGO,Broadcom Inc.,1.89
JRGD,7,GOOG,Alphabet Inc. Class C Common Stock,1.69
JRGD,8,META,Meta Platforms Inc. Class A Common Stock,1.44
JRGD,9,MU,Micron Technology Inc.,1.32
JRGD,10,TSLA,"Tesla, Inc.",0.95
SPYT,1,IVV,iShares Core S&P 500 ETF,99.39
SPYT,2,FGXXX,First American Government Obligations Fund Class X,0.19
SPYG,1,NVDA,NVIDIA Corporation,15.00
SPYG,2,MSFT,Microsoft Corporation Common Stock,10.33
SPYG,3,AAPL,Apple Inc.,6.59
SPYG,4,GOOGL,Alphabet Inc. Class A Common Stock,5.48
SPYG,5,AVGO,Broadcom Inc.,4.53
SPYG,6,GOOG,Alphabet Inc. Class C Common Stock,4.39
SPYG,7,META,Meta Platforms Inc. Class A Common Stock,4.34
SPYG,8,AMZN,Amazon.com Inc.,3.52
SPYG,9,MU,Micron Technology Inc.,3.26
SPYG,10,AMD,Advanced Micro Devices Inc.,2.71
D5BK,1,SGRO,Segro plc,7.58
D5BK,2,VNA,Vonovia SE,7.05
D5BK,3,URW,Unibail-Rodamco-Westfield SE,5.95
D5BK,4,SPSN,Swiss Prime Site AG,5.36
D5BK,5,LI,Klépierre SA,4.17
D5BK,6,PSPN,PSP Swiss Property AG,3.55
D5BK,7,AED,Aedifica SA,3.15
D5BK,8,LAND,Land Securities Group plc,2.98
D5BK,9,MRL,"Merlin Properties SOCIMI, S.A.",2.91
D5BK,10,BLND,British Land Company PLC,2.55
XCS4,1,DELTA,Delta Electronics (Thailand) PCL Units Non-Voting Depository Receipt,20.05
XCS4,2,PTT,Ptt PCL Units Non-Voting Depository Receipt,10.52
XCS4,3,ADVANC,Advanced Info Service PCL Units Non-Voting Depository Receipt,8.86
XCS4,4,AOT,Airports Of Thailand PLC Units Non-voting depository receipts,6.44
XCS4,5,CPALL,CP All PCL Units Non-voting Depository Receipts,6.17
XCS4,6,GULF,Gulf Development PCL NVDR,6.10
XCS4,7,BDMS,Bangkok Dusit Medical Services PCL Units Non-Voting Depository Receipt,5.43
XCS4,8,SCC,Siam Cement PCL Units Non-Voting Depository Receipt,4.85
XCS4,9,PTTEP,PTT Exploration & Production PCL Units Non-Voting Depository Receipt,4.56
XCS4,10,KTB,Krung Thai Bank PCL Units Non-Voting Depository Receipt,3.90
EXI1,1,UBSG,UBS Group AG,9.93
EXI1,2,ROP,Roche Holding AG,9.13
EXI1,3,NOVN,Novartis AG Registered Shares,8.54
EXI1,4,NESN,Nestlé S.A.,8.35
EXI1,5,CFR,Compagnie Financière Richemont SA,4.66
EXI1,6,ZURN,Zurich Insurance Group AG,4.45
EXI1,7,SREN,Swiss Re AG,4.27
EXI1,8,LONN,Lonza Group AG,4.12
EXI1,9,ABBN,ABB Ltd,4.09
EXI1,10,HOLN,Holcim Ltd,3.86
5ESG,1,NVDA,NVIDIA Corporation,13.08
5ESG,2,MSFT,Microsoft Corporation Common Stock,9.22
5ESG,3,GOOGL,Alphabet Inc. Class A Common Stock,4.87
5ESG,4,GOOG,Alphabet Inc. Class C Common Stock,3.88
5ESG,5,MU,Micron Technology Inc.,2.65
5ESG,6,LLY,Eli Lilly and Company,2.24
5ESG,7,V,Visa Inc. Class A,1.54
5ESG,8,MA,Mastercard Inc. Class A Common Stock,1.16
5ESG,9,WMT,Walmart Inc.,1.12
5ESG,10,ABBV,AbbVie Inc.,1.11
EXXX,1,EBS,Erste Group Bank AG,19.59
EXXX,2,BG,BAWAG Group AG,15.13
EXXX,3,OMV,OMV AG,12.25
EXXX,4,RBI,Raiffeisen Bank International AG,9.17
EXXX,5,ANDR,Andritz AG,6.64
EXXX,6,VOE,voestalpine AG,6.24
EXXX,7,ATS,AT & S Austria Technologie & Systemtechnik Aktiengesellschaft,4.55
EXXX,8,VER,Verbund AG,4.41
EXXX,9,STR,Strabag SE,3.66
EXXX,10,VIG,Vienna Insurance Group AG,3.03
XDUK,1,HSBA,HSBC Holdings plc,10.06
XDUK,2,SHEL,Shell plc,7.20
XDUK,3,AZN,AstraZeneca PLC,6.89
XDUK,4,RR,Rolls-Royce Holdings plc,4.93
XDUK,5,ULVR,Unilever PLC,3.86
XDUK,6,BATS,British American Tobacco plc,3.22
XDUK,7,BP,BP p.l.c.,3.10
XDUK,8,RIO,Rio Tinto plc,3.05
XDUK,9,GSK,GSK plc,2.84
XDUK,10,BARC,Barclays PLC,2.60
D5BI,1,GMEXICOB,Grupo Mexico S.A.B. de C.V.,19.36
D5BI,2,GFNORTEO,Grupo Financiero Banorte S.A.B. de C.V.,13.00
D5BI,3,FEMSAUBD,"Fomento Económico Mexicano, S.A.B. de C.V.",9.80
D5BI,4,AMXB,"América Móvil, S.A.B. de C.V.",8.33
D5BI,5,CEMEXCPO,Cemex S.A.B. de C.V.,7.84
D5BI,6,WALMEX,"Walmart de México, S.A.B. de C.V.",6.90
D5BI,7,PE&OLES,"Industrias Peñoles, S.A.B. de C.V.",4.82
D5BI,8,GAPB,Grupo Aeroportuario del Pacífico S.A.B. de C.V.,3.82
D5BI,9,AC,Arca Continental S.A.B. de C.V.,2.84
D5BI,10,KOFUBL,Coca-Cola Femsa SAB de CV CPO Terms:3 Shs-B- + 5 Shs-L-,2.80
XDWU,1,NEE,NextEra Energy Inc.,7.56
XDWU,2,IBE,"Iberdrola, S.A.",6.95
XDWU,3,SO,The Southern Company,4.47
XDWU,4,DUK,Duke Energy Corporation,4.25
XDWU,5,CEG,Constellation Energy Corporation,3.80
XDWU,6,ENEL,Enel S.p.A.,3.63
XDWU,7,NG,National Grid plc,3.62
XDWU,8,AEP,"American Electric Power Company, Inc.",3.09
XDWU,9,D,"Dominion Energy, Inc.",2.55
XDWU,10,SRE,Sempra,2.44
XCS7,1,0700,Tencent Holdings Limited,13.89
XCS7,2,9988,Alibaba Group Holding Ltd.,9.52
XCS7,3,00939,China Construction Bank Corp Class H,3.98
XCS7,4,01398,Industrial And Commercial Bank Of China Ltd Class H,2.46
XCS7,5,1810,Xiaomi Corporation,2.36
XCS7,6,3690,Meituan,1.98
XCS7,7,03988,Bank Of China Ltd Class H,1.97
XCS7,8,PDD,PDD Holdings Inc. American Depositary Receipt,1.86
XCS7,9,02318,Ping An Insurance (Group) Co. of China Ltd Class H,1.84
XCS7,10,9999,NetEase Inc.,1.68
XDNE,1,8306,"Mitsubishi UFJ Financial Group, Inc.",4.86
XDNE,2,7203,Toyota Motor Corporation,3.78
XDNE,3,8035,Tokyo Electron Ltd.,3.14
XDNE,4,8316,"Sumitomo Mitsui Financial Group, Inc.",3.13
XDNE,5,6098,"Recruit Holdings Co., Ltd.",3.08
XDNE,6,6501,Hitachi Ltd.,3.07
XDNE,7,6857,Advantest Corporation,3.06
XDNE,8,6758,Sony Group Corp.,2.97
XDNE,9,8411,"Mizuho Financial Group, Inc.",2.52
XDNE,10,9984,SoftBank Group Corp.,2.47
XDND,1,XOM,ExxonMobil Holdings Corporation,4.69
XDND,2,JNJ,Johnson & Johnson,4.51
XDND,3,CSCO,"Cisco Systems, Inc.",3.07
XDND,4,CVX,Chevron Corporation,2.68
XDND,5,MRK,"Merck & Co., Inc.",2.57
XDND,6,UNH,UnitedHealth Group Inc.,2.49
XDND,7,KO,The Coca-Cola Company,2.42
XDND,8,PG,The Procter & Gamble Company,2.37
XDND,9,HD,"The Home Depot, Inc.",2.30
XDND,10,PM,Philip Morris International Inc.,2.05
XDEV,1,MU,Micron Technology Inc.,14.01
XDEV,2,CSCO,"Cisco Systems, Inc.",2.96
XDEV,3,VZ,Verizon Communications Inc.,2.20
XDEV,4,7203,Toyota Motor Corporation,1.71
XDEV,5,T,AT&T Inc.,1.70
XDEV,6,CMCSA,Comcast Corp. Class A Common Stock,1.45
XDEV,7,QCOM,QUALCOMM Incorporated,1.38
XDEV,8,HPE,Hewlett Packard Enterprise Company,1.28
XDEV,9,PFE,Pfizer Inc.,1.13
XDEV,10,GM,General Motors Co.,1.11
XDEQ,1,MSFT,Microsoft Corporation Common Stock,6.42
XDEQ,2,AAPL,Apple Inc.,5.82
XDEQ,3,NVDA,NVIDIA Corporation,5.41
XDEQ,4,META,Meta Platforms Inc. Class A Common Stock,4.22
XDEQ,5,V,Visa Inc. Class A,3.44
XDEQ,6,ASML,ASML Holding N.V.,3.24
XDEQ,7,LLY,Eli Lilly and Company,2.51
XDEQ,8,LRCX,Lam Research Corp.,2.12
XDEQ,9,MA,Mastercard Inc. Class A Common Stock,1.97
XDEQ,10,TJX,"The TJX Companies, Inc.",1.89
3SUE,1,COST,Costco Wholesale Corp,9.57
3SUE,2,KO,The Coca-Cola Company,8.68
3SUE,3,ULVR,Unilever PLC,5.70
3SUE,4,NESN,Nestlé S.A.,5.45
3SUE,5,OR,L'Oréal S.A.,4.82
3SUE,6,WMT,Walmart Inc.,4.71
3SUE,7,CL,Colgate-Palmolive Co.,3.68
3SUE,8,PG,The Procter & Gamble Company,3.58
3SUE,9,DGE,Diageo plc,3.37
3SUE,10,RKT,Reckitt Benckiser Group plc,3.21
XMCX,1,EZJ,easyJet plc,1.33
XMCX,2,BBY,Balfour Beatty plc,1.33
XMCX,3,WPP,WPP plc,1.29
XMCX,4,ROR,Rotork plc,1.23
XMCX,5,RMV,Rightmove plc,1.20
XMCX,6,MNDI,Mondi Plc,1.19
XMCX,7,RS1,RS Group plc,1.11
XMCX,8,EMG,Man Group Plc,1.11
XMCX,9,ROSE,Rosebank Industries plc,1.07
AIAA,1,CRM,"Salesforce, Inc.",2.29
AIAA,2,PLTR,Palantir Technologies Inc. Class A Common Stock,2.11
AIAA,3,NOW,ServiceNow Inc.,2.09
AIAA,4,SAP,SAP SE,2.05
AIAA,5,ADBE,Adobe Inc.,1.98
AIAA,6,PANW,"Palo Alto Networks, Inc.",1.97
AIAA,7,MSFT,Microsoft Corporation Common Stock,1.96
AIAA,8,TMO,Thermo Fisher Scientific Inc.,1.94
AIAA,9,CRWD,"CrowdStrike Holdings, Inc.",1.88
AIAA,10,ABT,Abbott Laboratories,1.86
4UBF,1,XS270560423,XS2705604234,0.41
4UBF,2,XS280647136,XS2806471368,0.35
4UBF,3,XS276989413,XS2769894135,0.34
4UBF,4,XS276989286,XS2769892865,0.34
4UBF,5,XS262497607,XS2624976077,0.34
4UBF,6,FR001400ZE90,FR001400ZE90,0.33
4UBF,7,FR1400EAY,FR001400EAY1,0.33
4UBF,8,,XS2625196352,0.32
4UBF,9,FR1400N2M,FR001400N2M9,0.32
4UBF,10,FR1400HCR,FR001400HCR4,0.32
XSWC,1,XXSC,Xtrackers MSCI Eur Small Cap ETF 1C,9.01
XSWC,2,MRNA,Moderna Inc.,0.62
XSWC,3,THC,Tenet Healthcare Corp.,0.21
XSWC,4,GH,Guardant Health Inc.,0.21
XSWC,5,VTRS,Viatris Inc.,0.20
XSWC,6,USFD,US Foods Holding Corp.,0.19
XSWC,7,RGLD,"Royal Gold, Inc.",0.19
XSWC,8,ROKU,"Roku, Inc. Class A Common Stock",0.19
XSWC,9,MTSI,"MACOM Technology Solutions Holdings, Inc.",0.19
XSWC,10,WWD,"Woodward, Inc.",0.19
2B70,1,GILD,"Gilead Sciences, Inc.",8.15
2B70,2,AMGN,Amgen Inc. Common Stock,7.83
2B70,3,VRTX,Vertex Pharmaceuticals Incorporated Common Stock,7.67
2B70,4,MRNA,Moderna Inc.,5.03
2B70,5,REGN,"Regeneron Pharmaceuticals, Inc.",5.02
2B70,6,RVMD,"Revolution Medicines, Inc.",2.88
2B70,7,ILMN,Illumina Inc.,2.70
2B70,8,BIIB,Biogen Inc.,2.18
2B70,9,ALNY,"Alnylam Pharmaceuticals, Inc.",2.16
2B70,10,ROIV,Roivant Sciences Ltd.,1.73
2B78,1,MRNA,Moderna Inc.,4.90
2B78,2,NTRA,"Natera, Inc.",2.26
2B78,3,ILMN,Illumina Inc.,2.07
2B78,4,IQV,IQVIA Holdings Inc.,1.75
2B78,5,GMAB,Genmab A/S,1.73
2B78,6,RVTY,Revvity Inc.,1.73
2B78,7,GH,Guardant Health Inc.,1.66
2B78,8,A,"AgileThought, Inc. Class A Common Stock",1.54
2B78,9,ROIV,Roivant Sciences Ltd.,1.53
2B78,10,MEDP,"Medpace Holdings, Inc.",1.50
IUSN,1,SNDK,Sandisk Corp.,1.94
IUSN,2,MRNA,Moderna Inc.,0.42
IUSN,3,ATI,ATI Inc.,0.26
IUSN,4,USFD,US Foods Holding Corp.,0.22
IUSN,5,NVT,nVent Electric plc,0.22
IUSN,6,THC,Tenet Healthcare Corp.,0.21
IUSN,7,CRS,Carpenter Technology Corporation,0.21
IUSN,8,RGLD,"Royal Gold, Inc.",0.20
IUSN,9,ROKU,"Roku, Inc. Class A Common Stock",0.19
USEE,1,NVDA,NVIDIA Corporation,8.22
USEE,2,AAPL,Apple Inc.,7.46
USEE,3,MSFT,Microsoft Corporation Common Stock,5.77
USEE,4,AMZN,Amazon.com Inc.,3.74
USEE,5,GOOGL,Alphabet Inc. Class A Common Stock,3.18
USEE,6,GOOG,Alphabet Inc. Class C Common Stock,2.37
USEE,7,META,Meta Platforms Inc. Class A Common Stock,2.37
USEE,8,AVGO,Broadcom Inc.,2.35
USEE,9,MU,Micron Technology Inc.,1.78
USEE,10,AMD,Advanced Micro Devices Inc.,1.67
IQQD,1,LGEN,Legal & General Group plc,5.26
IQQD,2,NWG,NatWest Group plc,4.23
IQQD,3,HSBA,HSBC Holdings plc,4.15
IQQD,4,BP,BP p.l.c.,4.12
IQQD,5,AV,Aviva plc,4.01
IQQD,6,BATS,British American Tobacco plc,3.94
IQQD,7,ADM,Admiral Group plc,3.68
IQQD,8,RIO,Rio Tinto plc,3.66
IQQD,9,SDLF,Standard Life Plc,3.30
IQQD,10,LLOY,Lloyds Banking Group plc,3.14
S5SD,1,NVDA,NVIDIA Corporation,13.67
S5SD,2,MSFT,Microsoft Corporation Common Stock,9.42
S5SD,3,GOOGL,Alphabet Inc. Class A Common Stock,4.99
S5SD,4,GOOG,Alphabet Inc. Class C Common Stock,4.01
S5SD,5,MU,Micron Technology Inc.,2.98
S5SD,6,LLY,Eli Lilly and Company,2.29
S5SD,7,V,Visa Inc. Class A,1.51
S5SD,8,INTC,Intel Corporation,1.48
S5SD,9,WMT,Walmart Inc.,1.15
S5SD,10,ABBV,AbbVie Inc.,1.15
SNPE,1,NVDA,NVIDIA Corporation,13.66
SNPE,2,MSFT,Microsoft Corporation Common Stock,9.41
SNPE,3,GOOGL,Alphabet Inc. Class A Common Stock,4.99
SNPE,4,GOOG,Alphabet Inc. Class C Common Stock,4.00
SNPE,5,MU,Micron Technology Inc.,2.97
SNPE,6,LLY,Eli Lilly and Company,2.29
SNPE,7,V,Visa Inc. Class A,1.51
SNPE,8,INTC,Intel Corporation,1.48
SNPE,9,WMT,Walmart Inc.,1.14
SNPE,10,ABBV,AbbVie Inc.,1.14
SPYD,1,ACN,Accenture PLC Class A,1.80
SPYD,2,HPQ,HP Inc.,1.72
SPYD,3,PFE,Pfizer Inc.,1.58
SPYD,4,TGT,Target Corp.,1.57
SPYD,5,T,AT&T Inc.,1.46
SPYD,6,CVX,Chevron Corporation,1.46
SPYD,7,MDT,Medtronic plc,1.45
SPYD,8,VZ,Verizon Communications Inc.,1.43
SPYD,9,BMY,Bristol-Myers Squibb Company,1.42
SPYD,10,BBY,"Best Buy Co., Inc.",1.40
MWOQ,1,IVZ,Invesco Ltd.,0.42
MWOQ,2,AMD,Advanced Micro Devices Inc.,0.41
MWOQ,3,WDC,Western Digital Corp.,0.41
MWOQ,4,DHI,"D.R. Horton, Inc.",0.41
MWOQ,5,ORCL,Oracle Corporation,0.40
MWOQ,6,CHRW,C.H. Robinson Worldwide Inc.,0.40
MWOQ,7,LVS,Las Vegas Sands Corp.,0.40
MWOQ,8,63G,Skydance Corporation Class B Common Stock,0.40
MWOQ,9,NEM,Newmont Corporation,0.39
MWOQ,10,CCL,Carnival Corporation Ltd.,0.39
H4ZA,1,ASML,ASML Holding N.V.,8.76
H4ZA,2,SIE,Siemens Aktiengesellschaft,4.67
H4ZA,3,SAP,SAP SE,4.25
H4ZA,4,SAN,"Banco Santander, S.A.",4.10
H4ZA,5,SU,Schneider Electric SE,3.82
H4ZA,6,ALV,Allianz SE,3.78
H4ZA,7,TTE,TotalEnergies SE,3.73
H4ZA,8,BBVA,"Banco Bilbao Vizcaya Argentaria, S.A.",3.10
H4ZA,9,UCG,UniCredit S.p.A.,2.80
H4ZA,10,IBE,"Iberdrola, S.A.",2.80
EDM6,1,ASML,ASML Holding N.V.,4.92
EDM6,2,HSBA,HSBC Holdings plc,2.86
EDM6,3,NOVN,Novartis AG Registered Shares,2.50
EDM6,4,ROP,Roche Holding AG,2.37
EDM6,5,TTE,TotalEnergies SE,2.00
EDM6,6,ABBN,ABB Ltd,1.89
EDM6,7,SAP,SAP SE,1.82
EDM6,8,SU,Schneider Electric SE,1.82
EDM6,9,ALV,Allianz SE,1.69
EDM6,10,SIE,Siemens Aktiengesellschaft,1.64
WPAB,1,AAPL,Apple Inc.,5.61
WPAB,2,NVDA,NVIDIA Corporation,5.59
WPAB,3,MSFT,Microsoft Corporation Common Stock,4.40
WPAB,4,AMZN,Amazon.com Inc.,2.92
WPAB,5,GOOG,Alphabet Inc. Class C Common Stock,2.71
WPAB,6,AVGO,Broadcom Inc.,2.00
WPAB,7,GOOGL,Alphabet Inc. Class A Common Stock,1.66
WPAB,8,JPM,JPMorgan Chase & Co.,1.39
WPAB,9,JNJ,Johnson & Johnson,1.36
WPAB,10,TSLA,"Tesla, Inc.",1.34
ESIN,1,SIE,Siemens Aktiengesellschaft,8.99
ESIN,2,SU,Schneider Electric SE,6.91
ESIN,3,RR,Rolls-Royce Holdings plc,6.33
ESIN,4,ABBN,ABB Ltd,5.59
ESIN,5,AIR,Airbus SE,5.04
ESIN,6,SAF,Safran SA,4.96
ESIN,7,ENR,Siemens Energy AG,4.85
ESIN,8,BA,The Boeing Company,2.97
ESIN,9,REL,RELX plc,2.33
ESIN,10,RHM,Rheinmetall AG,2.25
CHSE,1,ASML,ASML Holding N.V.,8.69
CHSE,2,SIE,Siemens Aktiengesellschaft,5.72
CHSE,3,SAP,SAP SE,5.27
CHSE,4,SU,Schneider Electric SE,4.65
CHSE,5,SAN,"Banco Santander, S.A.",4.59
CHSE,6,ALV,Allianz SE,4.22
CHSE,7,BBVA,"Banco Bilbao Vizcaya Argentaria, S.A.",3.85
CHSE,8,UCG,UniCredit S.p.A.,3.12
CHSE,9,IBE,"Iberdrola, S.A.",3.11
CHSE,10,BNP,BNP Paribas SA,2.92
DXSE,1,ROP,Roche Holding AG,16.65
DXSE,2,NOVN,Novartis AG Registered Shares,15.16
DXSE,3,AZN,AstraZeneca PLC,13.35
DXSE,4,NOVO,Novo Nordisk A/S,7.94
DXSE,5,GSK,GSK plc,5.53
DXSE,6,SAN,Sanofi SA,5.28
DXSE,7,ARGX,argenx SE,3.42
DXSE,8,EL,EssilorLuxottica,3.04
DXSE,9,BAYN,Bayer AG,3.04
DXSE,10,LONN,Lonza Group AG,2.72
DFSV,1,DINO,HF Sinclair Corporation,0.96
DFSV,2,BWA,BorgWarner Inc.,0.90
DFSV,3,IVZ,Invesco Ltd.,0.87
DFSV,4,ELAN,Elanco Animal Health Incorporated,0.78
DFSV,5,AVT,Avnet Inc.,0.76
DFSV,6,OVV,Ovintiv Inc.,0.73
DFSV,7,ARW,Arrow Electronics Inc.,0.72
DFSV,8,KNX,Knight-Swift Transportation Holdings Inc. Class A Common Stock,0.72
DFSV,9,DAR,Darling Ingredients Inc.,0.67
VGWD,1,JPM,JPMorgan Chase & Co.,2.17
VGWD,2,XOM,ExxonMobil Holdings Corporation,1.53
VGWD,3,JNJ,Johnson & Johnson,1.46
VGWD,4,ABBV,AbbVie Inc.,1.03
VGWD,5,CSCO,"Cisco Systems, Inc.",0.99
VGWD,6,BAC,Bank of America Corporation,0.93
VGWD,7,CVX,Chevron Corporation,0.87
VGWD,8,MRK,"Merck & Co., Inc.",0.83
VGWD,9,HSBA,HSBC Holdings plc,0.81
VGWD,10,UNH,UnitedHealth Group Inc.,0.80
VFEA,1,2330,Taiwan Semiconductor Manufacturing Company Limited,17.02
VFEA,2,0700,Tencent Holdings Limited,3.34
VFEA,3,9988,Alibaba Group Holding Ltd.,2.55
VFEA,4,2454,MediaTek Inc.,1.68
VFEA,5,2308,Delta Electronics Inc.,1.03
VFEA,6,00939,China Construction Bank Corp Class H,0.99
VFEA,7,2317,"Hon Hai Precision Industry Co., Ltd.",0.89
VFEA,8,RELIANCE,Reliance Industries Ltd.,0.83
VFEA,9,HDFCBANK,HDFC Bank Limited,0.78
VFEA,10,ICICIBANK,ICICI Bank Ltd.,0.75
EUNN,1,8306,"Mitsubishi UFJ Financial Group, Inc.",3.67
EUNN,2,7203,Toyota Motor Corporation,2.77
EUNN,3,6857,Advantest Corporation,2.42
EUNN,4,8035,Tokyo Electron Ltd.,2.36
EUNN,5,8316,"Sumitomo Mitsui Financial Group, Inc.",2.35
EUNN,6,6501,Hitachi Ltd.,2.30
EUNN,7,6098,"Recruit Holdings Co., Ltd.",2.21
EUNN,8,6758,Sony Group Corp.,2.16
EUNN,9,8411,"Mizuho Financial Group, Inc.",1.88
EUNN,10,9984,SoftBank Group Corp.,1.80
EWQA,1,DASH,"DoorDash, Inc. Class A Common Stock",1.44
EWQA,2,ABNB,Airbnb Inc. Class A Common Stock,1.36
EWQA,3,PANW,"Palo Alto Networks, Inc.",1.34
EWQA,4,WDAY,Workday Inc Class A Common Stock,1.33
EWQA,5,PAYX,Paychex Inc.,1.30
EWQA,6,ROP,Roper Technologies Inc.,1.29
EWQA,7,REGN,"Regeneron Pharmaceuticals, Inc.",1.29
EWQA,8,ADP,Automatic Data Processing Inc.,1.27
EWQA,9,AMGN,Amgen Inc. Common Stock,1.26
EWQA,10,CRWD,"CrowdStrike Holdings, Inc.",1.25
EXH1,1,SHEL,Shell plc,27.23
EXH1,2,TTE,TotalEnergies SE,14.50
EXH1,3,ENR,Siemens Energy AG,13.61
EXH1,4,BP,BP p.l.c.,12.43
EXH1,5,ENI,Eni S.p.A.,5.71
EXH1,6,REP,Repsol S.A.,3.83
EXH1,7,VWS,Vestas Wind Systems A/S,3.06
EXH1,8,EQNR,Equinor ASA,2.92
EXH1,9,PKN,Orlen SA,2.28
EXH1,10,NESTE,Neste Oyj,1.65
KROP,1,DE,Deere & Company,14.32
KROP,2,NTR,Nutrien Ltd.,11.76
KROP,3,6326,Kubota Corporation,11.39
KROP,4,CTVA,Corteva Inc.,11.32
KROP,5,CNH,CNH Industrial N.V.,5.49
KROP,6,BAYN,Bayer AG,4.96
KROP,7,AGCO,AGCO Corporation,4.49
KROP,8,LNN,Lindsay Corporation,4.48
KROP,9,000998,"Yuan Longping High-Tech Agriculture Co., Ltd.",4.37
KROP,10,603156,"Hebei Yangyuan Zhihui Beverage Co., Ltd.",4.22
XDJE,1,6857,Advantest Corporation,12.22
XDJE,2,9983,Fast Retailing Co. Ltd.,8.76
XDJE,3,8035,Tokyo Electron Ltd.,8.53
XDJE,4,9984,SoftBank Group Corp.,6.29
XDJE,5,6098,"Recruit Holdings Co., Ltd.",2.76
XDJE,6,6762,TDK Corporation,2.33
XDJE,7,4062,"Ibiden Co., Ltd.",2.06
XDJE,8,9433,KDDI Corp,1.79
XDJE,9,285A,Kioxia Holdings Corp.,1.76
XDJE,10,5803,Fujikura Ltd.,1.66
