{
  "_meta": {
    "generated": "2026-04-02T08:14:12.742934",
    "tickers": [
      "NVDA",
      "META",
      "NFLX",
      "AMZN",
      "GOOGL",
      "MSFT",
      "AAPL",
      "TSLA"
    ],
    "days_requested": 756
  },
  "correlation_1y": {
    "tickers": [
      "NVDA",
      "META",
      "NFLX",
      "AMZN",
      "GOOGL",
      "MSFT",
      "AAPL",
      "TSLA"
    ],
    "matrix": [
      [
        1.0,
        0.5684885213681592,
        0.2325050715819044,
        0.5485488041736346,
        0.4633894410887277,
        0.5553519929620906,
        0.5226214001669784,
        0.5621918273635033
      ],
      [
        0.5684885213681592,
        1.0,
        0.23635474589287855,
        0.6197246786488816,
        0.4340477255527165,
        0.4867190142798498,
        0.4592101445827516,
        0.46348480966704364
      ],
      [
        0.23250507158190442,
        0.23635474589287853,
        1.0,
        0.29832953130255363,
        0.17223486214000103,
        0.3167485489681252,
        0.2735862099167471,
        0.20445345769235226
      ],
      [
        0.5485488041736346,
        0.6197246786488816,
        0.29832953130255363,
        1.0,
        0.5128579027319676,
        0.5036867342677239,
        0.5456158027231159,
        0.48183051228011736
      ],
      [
        0.4633894410887277,
        0.4340477255527165,
        0.17223486214000103,
        0.5128579027319676,
        1.0,
        0.3329049311005111,
        0.4831916187720074,
        0.47783786222431507
      ],
      [
        0.5553519929620906,
        0.4867190142798498,
        0.3167485489681252,
        0.5036867342677239,
        0.33290493110051117,
        1.0,
        0.38213796330200733,
        0.4157299402072618
      ],
      [
        0.5226214001669786,
        0.45921014458275167,
        0.2735862099167471,
        0.5456158027231159,
        0.4831916187720074,
        0.3821379633020073,
        1.0,
        0.5085232655350277
      ],
      [
        0.5621918273635033,
        0.4634848096670436,
        0.2044534576923523,
        0.48183051228011736,
        0.477837862224315,
        0.4157299402072618,
        0.5085232655350277,
        1.0
      ]
    ],
    "avg": 0.4308
  },
  "conditional": {},
  "pairs_sorted": [
    [
      "META",
      "AMZN",
      0.6197
    ],
    [
      "NVDA",
      "META",
      0.5685
    ],
    [
      "NVDA",
      "TSLA",
      0.5622
    ],
    [
      "NVDA",
      "MSFT",
      0.5554
    ],
    [
      "NVDA",
      "AMZN",
      0.5485
    ],
    [
      "AMZN",
      "AAPL",
      0.5456
    ],
    [
      "NVDA",
      "AAPL",
      0.5226
    ],
    [
      "AMZN",
      "GOOGL",
      0.5129
    ],
    [
      "AAPL",
      "TSLA",
      0.5085
    ],
    [
      "AMZN",
      "MSFT",
      0.5037
    ],
    [
      "META",
      "MSFT",
      0.4867
    ],
    [
      "GOOGL",
      "AAPL",
      0.4832
    ],
    [
      "AMZN",
      "TSLA",
      0.4818
    ],
    [
      "GOOGL",
      "TSLA",
      0.4778
    ],
    [
      "META",
      "TSLA",
      0.4635
    ],
    [
      "NVDA",
      "GOOGL",
      0.4634
    ],
    [
      "META",
      "AAPL",
      0.4592
    ],
    [
      "META",
      "GOOGL",
      0.434
    ],
    [
      "MSFT",
      "TSLA",
      0.4157
    ],
    [
      "MSFT",
      "AAPL",
      0.3821
    ],
    [
      "GOOGL",
      "MSFT",
      0.3329
    ],
    [
      "NFLX",
      "MSFT",
      0.3167
    ],
    [
      "NFLX",
      "AMZN",
      0.2983
    ],
    [
      "NFLX",
      "AAPL",
      0.2736
    ],
    [
      "META",
      "NFLX",
      0.2364
    ],
    [
      "NVDA",
      "NFLX",
      0.2325
    ],
    [
      "NFLX",
      "TSLA",
      0.2045
    ],
    [
      "NFLX",
      "GOOGL",
      0.1722
    ]
  ]
}