symbol,name,isin,mic_code,currency,fund_type,fund_type_fr,etf_type,aum_usd,total_expense_ratio,yield_ttm,bond_avg_duration,bond_avg_maturity,bond_credit_score,bond_credit_rating,objective,sector_top,sector_top_fr,sector_top_weight,sector_trust,sector_signal_ok,sector_bucket,country_top,country_top_weight,sector_top5,sector_top5_fr,country_top5,holding_top,holdings_top10,data_quality_score
ERND,"iShares USD Ultrashort Bond UCITS ETF",,XAMS,USD,,,inverse,2502779511,0.0009,0.0429,3.95,9.978,72,A,"L'iShares USD Ultrashort Bond UCITS ETF est un fonds négocié en bourse qui cherche à suivre la performance de l'indice Markit iBoxx USD Liquid Investment Grade Ultrashort, comprenant des obligations d'entreprise de qualité investissement libellées en dollars américains avec des maturités très courtes. Lancé le 15 octobre 2013 et domicilié en Irlande, il offre une exposition diversifiée aux obligations à taux fixe et à taux variable dans des secteurs tels que l'industrie, les services publics et…","Financial Services","",50.02,0.35,0,ALT_ASSET_FX,"United States",64.88,"[{""s"":""Financial Services"",""w"":50.02},{""s"":""Technology"",""w"":6.71},{""s"":""Consumer Cyclicals"",""w"":6.58},{""s"":""Healthcare"",""w"":6.22},{""s"":""Industrial"",""w"":5.45}]","[{""s_fr"":null,""w"":50.02},{""s_fr"":null,""w"":6.71},{""s_fr"":null,""w"":6.58},{""s_fr"":null,""w"":6.22},{""s_fr"":null,""w"":5.45}]","[{""c"":""United States"",""w"":64.88},{""c"":""Canada"",""w"":6.5},{""c"":""Ireland"",""w"":5.34},{""c"":""Australia"",""w"":4.22},{""c"":""Other"",""w"":3.78}]","0P0001I429 (BlackRock ICS US Dollar Liquid Environmentally Aware Fund Agency Inc)","[{""t"":""0P0001I429"",""n"":""BlackRock ICS US Dollar Liquid Environmentally Aware Fund Agency Inc"",""w"":3.52},{""t"":null,""n"":""US097023DG73"",""w"":0.76},{""t"":null,""n"":""US92826CAD48"",""w"":0.57},{""t"":""US68389XCC7"",""n"":""US68389XCC74"",""w"":0.52},{""t"":null,""n"":""US949746RW34"",""w"":0.48},{""t"":null,""n"":""US037833BY53"",""w"":0.47},{""t"":""SOB2"",""n"":""US00206RML32"",""w"":0.43},{""t"":null,""n"":""US61746BDZ67"",""w"":0.43},{""t"":null,""n"":""US459200JZ55"",""w"":0.41},{""t"":null,""n"":""US68389XBM65"",""w"":0.41}]",115
EHEB,"iShares € High Yield Corp Bond Enhanced Active UCITS ETF",,XAMS,EUR,,,standard,21251556,0.003,,7.17,9.971,38,BB,"L'iShares € High Yield Corp Bond Enhanced Active UCITS ETF est un fonds négocié en bourse (ETF) géré activement qui offre aux investisseurs une exposition aux obligations d'entreprises à haut rendement libellées en euros. Il investit principalement dans un portefeuille de titres de créance d'entreprises de qualité inférieure, non notés comme investissement, émis par des sociétés de divers secteurs européens, visant à générer un potentiel de revenu plus élevé par rapport aux alternatives de qual…","Financial Services","",22.11,1,1,STANDARD,"France",15.85,"[{""s"":""Financial Services"",""w"":22.11},{""s"":""Industrial"",""w"":10.38},{""s"":""Telecommunication"",""w"":9.41},{""s"":""Consumer Cyclicals"",""w"":9.04},{""s"":""Consumer Non-Cyclicals"",""w"":8.33}]","[{""s_fr"":null,""w"":22.11},{""s_fr"":null,""w"":10.38},{""s_fr"":null,""w"":9.41},{""s_fr"":null,""w"":9.04},{""s_fr"":null,""w"":8.33}]","[{""c"":""France"",""w"":15.85},{""c"":""United States"",""w"":14.88},{""c"":""Germany"",""w"":10.78},{""c"":""Other"",""w"":10.54},{""c"":""Italy"",""w"":7.45}]","","[]",90
ECLU,"iShares € AAA CLO Active UCITS ETF",,XAMS,EUR,,,standard,,0.0025,,3.74,10.09,93,AAA,"iShares € AAA CLO Active UCITS ETF est un fonds négocié en bourse (ETF) géré activement, conçu pour les investisseurs professionnels recherchant une exposition aux obligations de prêt garanties libellées en euros. Le fonds investit principalement dans des CLO notés AAA, avec la flexibilité d'allouer jusqu'à 20 % à des tranches de CLO notées au moins A-. Les CLO sont des instruments de finance structurée qui regroupent des prêts d'entreprise et distribuent des rendements aux investisseurs en fon…","","",,0.3,0,DATA_MISSING,"Netherlands",,"[]","[]","[{""c"":""Netherlands"",""w"":null}]","","[]",52
IB7A,"iShares $ Treasury Bond 7-10yr UCITS ETF USD (Acc)",,XAMS,USD,,,standard,,0.0007,,4.22,9.695,92,AA,"iShares $ Treasury Bond 7-10yr UCITS ETF USD (Acc) est un fonds négocié en bourse qui cherche à suivre la performance de l'ICE US Treasury 7-10 Year Bond Index. Cet indice comprend des obligations d'État libellées en dollars américains émises par le Trésor des États-Unis avec des maturités restantes comprises entre sept et dix ans. L'ETF utilise une méthode de réplication par échantillonnage physique, détenant une sélection représentative de titres du Trésor américain de haute qualité, presque …","Sovereign","",59.90,0.35,0,ALT_ASSET_FX,"Netherlands",,"[{""s"":""Sovereign"",""w"":59.9},{""s"":""Other"",""w"":39.99},{""s"":""Non-Corporate"",""w"":0.11}]","[{""s_fr"":null,""w"":59.9},{""s_fr"":null,""w"":39.99},{""s_fr"":null,""w"":0.11}]","[{""c"":""Netherlands"",""w"":null}]","","[]",70
HIGH,"Simplify Enhanced Income ETF",,XAMS,USD,Short-Term Bond,,standard,58824984,0.005,0.0642,3.75,9.938,90,AA,"Simplify Enhanced Income ETF est un fonds négocié en bourse géré activement, conçu pour générer un revenu mensuel grâce à une stratégie basée sur les options. Le fonds cherche à vendre des spreads de puts et de calls à court terme sur un mélange d'instruments de capitaux propres et de revenus fixes, y compris des indices, des ETF et des titres individuels, tout en se concentrant sur un revenu complémentaire plutôt que sur le suivi d'un indice traditionnel. Il alloue également une part important…","","",,0.3,0,DATA_MISSING,"Netherlands",,"[]","[]","[{""c"":""Netherlands"",""w"":null}]","SBIL (Simplify Government Money Market ETF)","[{""t"":""SBIL"",""n"":""Simplify Government Money Market ETF"",""w"":86.4}]",97
BLTN,"iShares Brazil LTN BRL Govt Bond UCITS ETF (DE)",,XAMS,USD,,,standard,,0.0035,,,7.826,73,U.S. Government,"iShares Brazil LTN BRL Govt Bond UCITS ETF (DE) is a UCITS-compliant exchange-traded fund that seeks to track the performance of the J.P. Morgan Brazilian Zero-Coupon (LTN) Bond Index as closely as possible. This index measures the performance of eligible zero-coupon Brazilian Real (BRL)-denominated government bonds, specifically Letras do Tesouro Nacional (LTNs), which must have at least USD 1 billion face amount outstanding and more than one year to maturity at inclusion. The fund primarily i…","Sovereign","",69.99,1,1,STANDARD,"Netherlands",,"[{""s"":""Sovereign"",""w"":69.99},{""s"":""Other"",""w"":30.01}]","[{""s_fr"":null,""w"":69.99},{""s_fr"":null,""w"":30.01}]","[{""c"":""Netherlands"",""w"":null}]","","[]",70
BLNT,"iShares Brazil LTN BRL Government Bond UCITS ETF (DE)",,XAMS,EUR,,,standard,,0.0035,,,7.826,73,U.S. Government,"iShares Brazil LTN BRL Government Bond UCITS ETF (DE) is a fixed income exchange-traded fund designed to provide exposure to Brazilian government debt denominated in Brazilian real. The fund seeks to track the J.P. Morgan Brazilian Zero-Coupon (LTN) Bond Index as closely as possible, focusing on eligible zero-coupon government bonds issued by the Federative Republic of Brazil. It uses a physical, sampled replication approach and follows an accumulating structure, meaning income is reinvested ra…","Sovereign","",69.99,1,1,STANDARD,"Netherlands",,"[{""s"":""Sovereign"",""w"":69.99},{""s"":""Other"",""w"":30.01}]","[{""s_fr"":null,""w"":69.99},{""s_fr"":null,""w"":30.01}]","[{""c"":""Netherlands"",""w"":null}]","","[]",70
35ID,"iShares iBonds Dec 2035 Term Corporate ETF",,XAMS,USD,,,standard,,0.0012,,5.25,9.753,69,BBB,"iShares iBonds Dec 2035 Term Corporate ETF est un fonds négocié en bourse à revenu fixe conçu pour suivre un portefeuille d'obligations d'entreprises de qualité investissement libellées en dollars américains arrivant à échéance en 2035. Le fonds offre une exposition diversifiée aux émetteurs d'entreprises à travers différents secteurs grâce à une structure à terme défini, avec des avoirs sélectionnés à partir de l'indice Bloomberg December 2035 Maturity Corporate Index. Il est destiné aux inves…","Financial Services","",20.21,1,1,STANDARD,"United States",88.51,"[{""s"":""Financial Services"",""w"":20.21},{""s"":""Technology"",""w"":18.91},{""s"":""Healthcare"",""w"":9.9},{""s"":""Energy"",""w"":9.9},{""s"":""Industrial"",""w"":8.18}]","[{""s_fr"":null,""w"":20.21},{""s_fr"":null,""w"":18.91},{""s_fr"":null,""w"":9.9},{""s_fr"":null,""w"":9.9},{""s_fr"":null,""w"":8.18}]","[{""c"":""United States"",""w"":88.51},{""c"":""Other"",""w"":4.25},{""c"":""Canada"",""w"":2.52},{""c"":""Japan"",""w"":1.81},{""c"":""United Kingdom"",""w"":1.73}]","","[]",70
30ID,"iShares iBonds Dec 2030 Term $ Corp UCITS ETF",,XAMS,USD,,,standard,635829509,0.0012,0.0453,3.87,9.595,69,BBB,"iShares iBonds Dec 2030 Term $ Corp UCITS ETF est un fonds négocié en bourse qui offre une exposition ciblée à un portefeuille d'obligations d'entreprises de qualité investissement, imposables, à taux fixe, libellées en dollars américains, arrivant à maturité entre le 1er janvier 2030 et le 2 décembre 2030. Géré par BlackRock sous la marque iShares, l'ETF suit l'indice Bloomberg MSCI December 2030 Maturity USD Corporate ESG Screened Index, appliquant des critères environnementaux, sociaux et de…","Financial Services","",26.98,0.35,0,ALT_ASSET_FX,"United States",83.86,"[{""s"":""Financial Services"",""w"":26.98},{""s"":""Technology"",""w"":14.87},{""s"":""Healthcare"",""w"":11.51},{""s"":""Energy"",""w"":7.99},{""s"":""Consumer Non-Cyclicals"",""w"":7.76}]","[{""s_fr"":null,""w"":26.98},{""s_fr"":null,""w"":14.87},{""s_fr"":null,""w"":11.51},{""s_fr"":null,""w"":7.99},{""s_fr"":null,""w"":7.76}]","[{""c"":""United States"",""w"":83.86},{""c"":""Other"",""w"":5.54},{""c"":""United Kingdom"",""w"":3.45},{""c"":""Japan"",""w"":3.26},{""c"":""Canada"",""w"":2.3}]","357F (US87264ABF12)","[{""t"":""357F"",""n"":""US87264ABF12"",""w"":1.8},{""t"":null,""n"":""US25156PAC77"",""w"":1.02},{""t"":""US716973AD4"",""n"":""US716973AD41"",""w"":0.83},{""t"":""879B"",""n"":""US694308JM04"",""w"":0.82},{""t"":null,""n"":""US68389XBV64"",""w"":0.82},{""t"":""US31162DQ0"",""n"":""US031162DQ06"",""w"":0.77},{""t"":""HCAG"",""n"":""US404119CA57"",""w"":0.74},{""t"":null,""n"":""US404280CF48"",""w"":0.69},{""t"":null,""n"":""US17325FBP27"",""w"":0.69},{""t"":null,""n"":""US871607AC15"",""w"":0.55}]",115
CLUH,"iShares € AAA CLO Active UCITS ETF USD Hedged (Acc)",,XAMS,USD,,,standard,216917376,0.0025,,3.74,10.09,93,AAA,"iShares € AAA CLO Active UCITS ETF USD Hedged (Acc) est un fonds négocié en bourse (ETF) géré activement, axé sur la classe d'actifs à revenu fixe. Il vise à offrir un rendement total par une combinaison de revenus et d'appréciation du capital en investissant principalement dans un portefeuille d'obligations de prêts garanties (CLO) notées AAA libellées en euros, avec au moins 80 % des actifs alloués à ces titres de haute qualité. Cet ETF est couvert en USD pour atténuer le risque de change ent…","","",,0.3,0,DATA_MISSING,"Netherlands",,"[]","[]","[{""c"":""Netherlands"",""w"":null}]","","[]",72
BTMA,"iShares USD Treasury Bond 7-10yr UCITS ETF",,XAMS,EUR,,,standard,6430039161,0.0007,,4.22,9.695,92,AA,"iShares USD Treasury Bond 7-10yr UCITS ETF est un fonds négocié en bourse qui cherche à suivre la performance de l'indice ICE US Treasury 7-10 Year, composé d'obligations d'État libellées en dollars américains émises par le Trésor américain avec des maturités comprises entre 7 et 10 ans. Sa fonction principale est de fournir des rendements totaux reflétant à la fois l'appréciation du capital et les revenus de ces titres de créance de qualité investissement, offrant aux investisseurs une exposit…","Sovereign","",59.90,0.35,0,ALT_ASSET_FX,"Other",54.22,"[{""s"":""Sovereign"",""w"":59.9},{""s"":""Other"",""w"":39.99},{""s"":""Non-Corporate"",""w"":0.11}]","[{""s_fr"":null,""w"":59.9},{""s_fr"":null,""w"":39.99},{""s_fr"":null,""w"":0.11}]","[{""c"":""Other"",""w"":54.22},{""c"":""United States"",""w"":45.78}]","US91282CMM0 (United States Treasury Note 4.625% Due 02/15/2035)","[{""t"":""US91282CMM0"",""n"":""United States Treasury Note 4.625% Due 02/15/2035"",""w"":10.01},{""t"":null,""n"":""US91282CKQ32"",""w"":9.98},{""t"":""US91282CLW9"",""n"":""United States Treasury Note 4.25% Due 11/15/2034"",""w"":9.81},{""t"":""US91282CNC1"",""n"":""United States Treasury Note 4.25% 05/15/2035"",""w"":9.67},{""t"":""US91282CLF6"",""n"":""US91282CLF67"",""w"":9.07},{""t"":""US91282CJZ5"",""n"":""US91282CJZ59"",""w"":8.91},{""t"":""US91282CJJ1"",""n"":""US91282CJJ18"",""w"":8.8},{""t"":""US91282CHT1"",""n"":""US91282CHT18"",""w"":7.98},{""t"":""US91282CFV8"",""n"":""US91282CFV81"",""w"":7.81},{""t"":""US91282CGM7"",""n"":""US91282CGM73"",""w"":7.25}]",105
CBE7,"iShares € Govt Bond 3-7yr UCITS ETF EUR (Acc)",,XAMS,EUR,,,standard,1361308288,0.0015,,2.36,9.389,89,U.S. Government,"iShares € Govt Bond 3-7yr UCITS ETF EUR (Acc) est un fonds négocié en bourse qui cherche à suivre la performance d'un indice composé d'obligations d'État de qualité investissement provenant de pays clés de la zone euro, y compris la France, l'Allemagne, l'Italie, les Pays-Bas et l'Espagne, avec des maturités comprises entre 3 et 7 ans. Cet ETF offre aux investisseurs une exposition ciblée au segment à moyen terme du marché de la dette souveraine libellée en euros, en mettant l'accent sur des ti…","Other","",100.00,1,1,STANDARD,"Italy",27.51,"[{""s"":""Other"",""w"":100}]","[{""s_fr"":null,""w"":100}]","[{""c"":""Italy"",""w"":27.51},{""c"":""Germany"",""w"":26.62},{""c"":""France"",""w"":24.71},{""c"":""Spain"",""w"":16.44},{""c"":""Netherlands"",""w"":4.67}]","ETAPY (French Republic Government Bond 2.75% 2029)","[{""t"":""ETAPY"",""n"":""French Republic Government Bond 2.75% 2029"",""w"":3.5},{""t"":""ETANM"",""n"":""French Republic Government Bond"",""w"":3.48},{""t"":""FR001400PM68"",""n"":""Republic of France"",""w"":3.42},{""t"":""ETANS"",""n"":""Republic of France Government Bond"",""w"":3.23},{""t"":""ETAPC"",""n"":""Government of France"",""w"":3.02},{""t"":""ETAPJ"",""n"":""Government of France"",""w"":2.85},{""t"":""ETANW"",""n"":""French Republic Government Bond"",""w"":2.63},{""t"":""ETAPN"",""n"":""France Government Bond 0% 05/25/32"",""w"":2.31},{""t"":""BU2504"",""n"":""DE000BU25042"",""w"":1.94},{""t"":""BB73"",""n"":""DE0001102507"",""w"":1.77}]",105
IU29,"iShares iBonds Dec 2029 Term $ High Yield Corp UCITS ETF",,XAMS,USD,,,standard,,0.0025,,6.15,9.736,36,BB,"L'iShares iBonds Dec 2029 Term $ High Yield Corp UCITS ETF est un fonds négocié en bourse qui cherche à suivre la performance d'un portefeuille ciblé d'obligations d'entreprises à haut rendement libellées en USD, arrivant à échéance en décembre 2029. Il offre aux investisseurs une exposition à des obligations à rendement plus élevé émises par des entreprises, en se concentrant sur celles dont les échéances sont regroupées autour de la fin de 2029, après quoi le fonds est conçu pour se terminer …","Consumer Services","",16.22,0.35,0,ALT_ASSET_COMMODITY,"United States",85.40,"[{""s"":""Consumer Services"",""w"":16.22},{""s"":""Financial Services"",""w"":15.29},{""s"":""Industrial"",""w"":11.99},{""s"":""Energy"",""w"":10.51},{""s"":""Business Services"",""w"":8.75}]","[{""s_fr"":null,""w"":16.22},{""s_fr"":null,""w"":15.29},{""s_fr"":null,""w"":11.99},{""s_fr"":null,""w"":10.51},{""s_fr"":null,""w"":8.75}]","[{""c"":""United States"",""w"":85.4},{""c"":""United Kingdom"",""w"":3.22},{""c"":""Ireland"",""w"":3.16},{""c"":""Luxembourg"",""w"":2.69},{""c"":""Canada"",""w"":2.27}]","","[]",70
UIGBH,"UTI India Sovereign Bond UCITS ETF Class A USD Accumulating",,XAMS,USD,,,standard,20281058,0.003,,6.95,9.971,100,U.S. Government,"L'UTI India Sovereign Bond UCITS ETF Classe A USD Accumulating est un fonds négocié en bourse conçu pour offrir aux investisseurs une exposition ciblée au marché des obligations d'État indien. Il suit passivement l'indice FTSE Indian Government Bond FAR en USD, avant frais et dépenses, en se concentrant sur les titres de créance d'État indien les plus liquides. Le fonds détient un portefeuille concentré des sept obligations souveraines les plus liquides, offrant un moyen simple d'accéder à ce s…","","",,0.3,0,DATA_MISSING,"Netherlands",,"[]","[]","[{""c"":""Netherlands"",""w"":null}]","","[]",72
UHEB,"iShares $ High Yield Corporate Bond Enhanced Active UCITS ETF",,XAMS,USD,,,standard,32073942,0.0035,,7.29,9.688,38,BB,"iShares $ High Yield Corporate Bond Enhanced Active UCITS ETF est un fonds négocié en bourse à revenu fixe géré activement, axé sur les obligations d'entreprise à haut rendement libellées en dollars américains. Le fonds vise un profil de rendement total similaire à l'ICE BofA US High Yield Master II Constrained Index en investissant principalement dans des dettes de qualité inférieure émises par des entités privées sur les marchés développés. Il détient généralement un portefeuille diversifié d…","Financial Services","",15.27,0.35,0,ALT_ASSET_FX,"United States",76.55,"[{""s"":""Financial Services"",""w"":15.27},{""s"":""Energy"",""w"":15.05},{""s"":""Industrial"",""w"":11.39},{""s"":""Non-Energy Materials"",""w"":10.27},{""s"":""Consumer Services"",""w"":9.4}]","[{""s_fr"":null,""w"":15.27},{""s_fr"":null,""w"":15.05},{""s_fr"":null,""w"":11.39},{""s_fr"":null,""w"":10.27},{""s_fr"":null,""w"":9.4}]","[{""c"":""United States"",""w"":76.55},{""c"":""Other"",""w"":8.25},{""c"":""Canada"",""w"":6.05},{""c"":""United Kingdom"",""w"":4.02},{""c"":""Japan"",""w"":2.35}]","","[]",90
IU28,"iShares iBonds Dec 2028 Term $ High Yield Corp UCITS ETF",,XAMS,USD,,,standard,,0.0025,,5.54,9.794,39,BB,"iShares iBonds Dec 2028 Term $ High Yield Corp UCITS ETF est un fonds négocié en bourse à maturité fixe conçu pour fournir une exposition ciblée aux obligations d'entreprise à haut rendement libellées en dollars américains arrivant à échéance autour de décembre 2028. Le fonds suit une approche basée sur des règles, se concentrant sur des émetteurs de qualité inférieure à l'investissement dans divers secteurs, et vise à combiner la génération de revenus avec un profil de maturité défini. En tant…","Financial Services","",18.12,0.35,0,ALT_ASSET_FX,"United States",85.88,"[{""s"":""Financial Services"",""w"":18.12},{""s"":""Consumer Services"",""w"":16.59},{""s"":""Industrial"",""w"":12.31},{""s"":""Non-Energy Materials"",""w"":9.98},{""s"":""Healthcare"",""w"":8.93}]","[{""s_fr"":null,""w"":18.12},{""s_fr"":null,""w"":16.59},{""s_fr"":null,""w"":12.31},{""s_fr"":null,""w"":9.98},{""s_fr"":null,""w"":8.93}]","[{""c"":""United States"",""w"":85.88},{""c"":""Canada"",""w"":4.97},{""c"":""Ireland"",""w"":2.82},{""c"":""France"",""w"":1.61},{""c"":""China"",""w"":1.32}]","","[]",70
RCEG,"Robeco Climate Euro Government Bond UCITS ETF EUR Acc",,XAMS,EUR,,,standard,330219232,0.0012,,,,,,"Robeco Climate Euro Government Bond UCITS ETF EUR Acc est un fonds négocié en bourse géré activement, axé sur les obligations d'État libellées en euros, conçu pour aligner les portefeuilles souverains avec la transition climatique. Le fonds investit principalement dans des obligations d'État de la zone euro, en orientant systématiquement son exposition vers les pays affichant des politiques climatiques ambitieuses et crédibles, tout en allouant une proportion plus élevée aux obligations vertes …","","",,0.3,0,DATA_MISSING,"France",36.83,"[]","[]","[{""c"":""France"",""w"":36.83},{""c"":""Germany"",""w"":27.02},{""c"":""Spain"",""w"":11.63},{""c"":""Italy"",""w"":7.85},{""c"":""Finland"",""w"":6.6}]","","[]",67
SGLH,"iShares Global Government Bond UCITS ETF USD Hedged",,XAMS,USD,,,standard,,,,3.05,9.132,91,U.S. Government,"L'iShares Global Government Bond UCITS ETF USD Hedged est un fonds à revenu fixe conçu pour offrir aux investisseurs une large exposition aux obligations d'État émises par des pays développés dans le monde entier. L'ETF cherche spécifiquement à suivre un indice d'obligations en monnaie locale émises par des gouvernements, tout en utilisant une couverture de change pour compenser les fluctuations entre les monnaies locales et le dollar américain, minimisant ainsi le risque de change pour les inv…","","",,0.35,0,ALT_ASSET_FX,"Netherlands",,"[]","[]","[{""c"":""Netherlands"",""w"":null}]","","[]",37
IGLE,"iShares Global Govt Bond UCITS ETF EUR Hedged (Dist)",,XAMS,EUR,,,standard,,0.0025,0.0333,3.09,8.932,91,U.S. Government,"iShares Global Govt Bond UCITS ETF EUR Hedged (Dist) est un fonds négocié en bourse géré par BlackRock qui offre une exposition aux obligations gouvernementales de qualité investissement émises par des pays développés, principalement les nations du G7, y compris le Canada, la France, l'Allemagne, l'Italie, le Japon, le Royaume-Uni et les États-Unis. Il se concentre sur des obligations à taux fixe, libellées en monnaie locale, avec une maturité minimale d'un an, notées entre A- et BBB- par S&P e…","Sovereign","",75.24,1,1,STANDARD,"United States",54.45,"[{""s"":""Sovereign"",""w"":75.24},{""s"":""Other"",""w"":24.52},{""s"":""Non-Corporate"",""w"":0.19},{""s"":""Financial Services"",""w"":0.06}]","[{""s_fr"":null,""w"":75.24},{""s_fr"":null,""w"":24.52},{""s_fr"":null,""w"":0.19},{""s_fr"":null,""w"":0.06}]","[{""c"":""United States"",""w"":54.45},{""c"":""Japan"",""w"":11.2},{""c"":""France"",""w"":8.82},{""c"":""Italy"",""w"":7.84},{""c"":""United Kingdom"",""w"":7.12}]","US91282CLW9 (United States Treasury Note 4.25% Due 11/15/2034)","[{""t"":""US91282CLW9"",""n"":""United States Treasury Note 4.25% Due 11/15/2034"",""w"":0.51},{""t"":null,""n"":""US91282CKQ32"",""w"":0.51},{""t"":""US91282CMM0"",""n"":""United States Treasury Note 4.625% Due 02/15/2035"",""w"":0.5},{""t"":""US91282CJJ1"",""n"":""US91282CJJ18"",""w"":0.5},{""t"":""US91282CJZ5"",""n"":""US91282CJZ59"",""w"":0.5},{""t"":""US91282CNC1"",""n"":""United States Treasury Note 4.25% 05/15/2035"",""w"":0.48},{""t"":""ETAMD"",""n"":""French Republic Government Bond"",""w"":0.48},{""t"":""US91282CHT1"",""n"":""US91282CHT18"",""w"":0.44},{""t"":""US91282CFV8"",""n"":""US91282CFV81"",""w"":0.43},{""t"":""US91282CLY5"",""n"":""United States Treasury Note 4.25% 11/30/2026"",""w"":0.43}]",95
ISOV,"iShares $ EM Bond Active UCITS ETF",,XAMS,USD,,,standard,62003920,0.0045,,5.77,9.519,100,U.S. Government,"iShares $ EM Bond Active UCITS ETF est un fonds obligataire à gestion active conçu pour offrir une exposition aux obligations gouvernementales et d'entreprise des marchés émergents, principalement libellées en dollars américains. L'ETF vise une large participation à l'univers de la dette des marchés émergents et peut détenir des titres de différentes maturités et notations de crédit, avec un portefeuille construit autour d'une sélection de crédit professionnelle et d'une gestion active de la du…","Sovereign","",88.84,1,1,STANDARD,"Other",16.89,"[{""s"":""Sovereign"",""w"":88.84},{""s"":""Other"",""w"":4.13},{""s"":""Financial Services"",""w"":3.44},{""s"":""Energy"",""w"":2.05},{""s"":""Non-Energy Materials"",""w"":1.02}]","[{""s_fr"":null,""w"":88.84},{""s_fr"":null,""w"":4.13},{""s_fr"":null,""w"":3.44},{""s_fr"":null,""w"":2.05},{""s_fr"":null,""w"":1.02}]","[{""c"":""Other"",""w"":16.89},{""c"":""Mexico"",""w"":6.62},{""c"":""Saudi Arabia"",""w"":5.46},{""c"":""Turkey"",""w"":4.01},{""c"":""Hungary"",""w"":3.98}]","","[]",90
IGBY,"iShares Euro Government Bond 15-30yr UCITS ETF",,XAMS,EUR,,,standard,972788800,0.0015,,2.86,7.759,90,U.S. Government,"L'iShares Euro Government Bond 15-30yr UCITS ETF est un fonds négocié en bourse qui vise à suivre la performance de l'indice Bloomberg Barclays Euro Government Bond 15-30yr. Sa fonction principale est de fournir aux investisseurs une exposition aux obligations d'État à long terme de la zone euro, offrant un panier diversifié de titres de dette souveraine avec des maturités comprises entre 15 et 30 ans. Cet ETF est particulièrement pertinent pour les investisseurs cherchant à gérer le risque de …","","",,0.3,0,DATA_MISSING,"Germany",28.54,"[]","[]","[{""c"":""Germany"",""w"":28.54},{""c"":""France"",""w"":24.86},{""c"":""Italy"",""w"":21.79},{""c"":""Spain"",""w"":15.15},{""c"":""Netherlands"",""w"":9.91}]","","[]",72
IE1U,"iShares Euro Corporate Bond 1-5y UCITS ETF",,XAMS,USD,,,standard,,0.0025,0.0297,2.83,9.666,68,BBB,"L'iShares Euro Corporate Bond 1-5y UCITS ETF est un fonds négocié en bourse conçu pour offrir aux investisseurs une exposition à un portefeuille diversifié d'obligations d'entreprise à court terme libellées en euros. Sa fonction principale est de refléter la performance de l'indice Markit iBoxx EUR Corporates 1-5, qui se compose d'obligations de qualité investment-grade émises par des entreprises européennes avec des échéances allant d'un à cinq ans. Cet ETF est particulièrement remarquable pou…","Financial Services","",51.29,1,1,STANDARD,"France",18.15,"[{""s"":""Financial Services"",""w"":51.29},{""s"":""Industrial"",""w"":7.94},{""s"":""Utilities"",""w"":6.6},{""s"":""Consumer Non-Cyclicals"",""w"":6.3},{""s"":""Consumer Cyclicals"",""w"":5.47}]","[{""s_fr"":null,""w"":51.29},{""s_fr"":null,""w"":7.94},{""s_fr"":null,""w"":6.6},{""s_fr"":null,""w"":6.3},{""s_fr"":null,""w"":5.47}]","[{""c"":""France"",""w"":18.15},{""c"":""United States"",""w"":15.44},{""c"":""Germany"",""w"":13.05},{""c"":""United Kingdom"",""w"":9.01},{""c"":""Italy"",""w"":6.31}]","0P0000YPZS (BlackRock ICS Euro Liquid Environmentally Aware Fund - Agency (Dis) Shares EUR)","[{""t"":""0P0000YPZS"",""n"":""BlackRock ICS Euro Liquid Environmentally Aware Fund - Agency (Dis) Shares EUR"",""w"":0.23},{""t"":""CH121479717"",""n"":""CH1214797172"",""w"":0.19},{""t"":""BE6285455497"",""n"":""BE6285455497"",""w"":0.17},{""t"":""XS246123462"",""n"":""XS2461234622"",""w"":0.15},{""t"":null,""n"":""XS1586555945"",""w"":0.13},{""t"":""XS219366272"",""n"":""XS2193662728"",""w"":0.13},{""t"":null,""n"":""XS1463043973"",""w"":0.12},{""t"":null,""n"":""XS2595028536"",""w"":0.12},{""t"":null,""n"":""XS2908735504"",""w"":0.12},{""t"":null,""n"":""XS1615079974"",""w"":0.12}]",95
USEC,"iShares $ Corp Bond Enhanced Active UCITS ETF",,XAMS,EUR,,,standard,61722380,0.002,,5.37,9.612,65,BBB,"iShares $ Corp Bond Enhanced Active UCITS ETF est un fonds négocié en bourse (ETF) géré activement, axé sur les obligations d'entreprise libellées en dollars américains. Il utilise une stratégie active améliorée pour rechercher des rendements ajustés au risque plus élevés par rapport aux indices traditionnels, combinant des modèles quantitatifs systématiques avec une supervision humaine pour la sélection des titres et la construction du portefeuille. Le fonds investit principalement dans des de…","Financial Services","",36.72,1,1,STANDARD,"United States",83.43,"[{""s"":""Financial Services"",""w"":36.72},{""s"":""Utilities"",""w"":11.57},{""s"":""Technology"",""w"":10.17},{""s"":""Energy"",""w"":9.08},{""s"":""Healthcare"",""w"":6.03}]","[{""s_fr"":null,""w"":36.72},{""s_fr"":null,""w"":11.57},{""s_fr"":null,""w"":10.17},{""s_fr"":null,""w"":9.08},{""s_fr"":null,""w"":6.03}]","[{""c"":""United States"",""w"":83.43},{""c"":""Canada"",""w"":5.69},{""c"":""Other"",""w"":4.33},{""c"":""United Kingdom"",""w"":3.77},{""c"":""Ireland"",""w"":1.52}]","","[]",90
IG33,"iShares iBonds Dec 2033 Term EUR Corporate UCITS ETF EUR (Acc)",,XAMS,EUR,,,standard,117303536,0.0012,,3.44,9.417,68,BBB,"L'iShares iBonds Dec 2033 Term EUR Corporate UCITS ETF EUR (Acc) est un fonds négocié en bourse structuré pour offrir une exposition à un portefeuille diversifié d'obligations d'entreprise de qualité investment-grade, libellées en euros, qui arrivent toutes à maturité en 2033. Cet ETF réplique physiquement l'indice Bloomberg MSCI December 2033 Maturity EUR Corporate ESG Screened, incorporant une sélection d'obligations d'entreprise provenant de divers émetteurs, filtrées selon des critères envi…","Financial Services","",36.81,1,1,STANDARD,"France",21.35,"[{""s"":""Financial Services"",""w"":36.81},{""s"":""Consumer Non-Cyclicals"",""w"":10.62},{""s"":""Industrial"",""w"":9.44},{""s"":""Utilities"",""w"":8.1},{""s"":""Telecommunication"",""w"":7.59}]","[{""s_fr"":null,""w"":36.81},{""s_fr"":null,""w"":10.62},{""s_fr"":null,""w"":9.44},{""s_fr"":null,""w"":8.1},{""s_fr"":null,""w"":7.59}]","[{""c"":""France"",""w"":21.35},{""c"":""United States"",""w"":16.49},{""c"":""Germany"",""w"":12.73},{""c"":""United Kingdom"",""w"":7.91},{""c"":""Netherlands"",""w"":6.33}]","(FR0000471930)","[{""t"":null,""n"":""FR0000471930"",""w"":1.91},{""t"":""FR1400KJO"",""n"":""FR001400KJO0"",""w"":1.53},{""t"":""XS263011171"",""n"":""XS2630111719"",""w"":1.5},{""t"":""XS306442317"",""n"":""XS3064423174"",""w"":1.46},{""t"":null,""n"":""XS3100081507"",""w"":1.43},{""t"":""A351ZT"",""n"":""DE000A351ZT4"",""w"":1.38},{""t"":""FR1400F08"",""n"":""FR001400F083"",""w"":1.37},{""t"":""FR1400I4X"",""n"":""FR001400I4X9"",""w"":1.35},{""t"":""XS262395677"",""n"":""XS2623956773"",""w"":1.35},{""t"":""XS236641511"",""n"":""XS2366415110"",""w"":1.31}]",105
IE1C,"iShares Euro Corporate Bond 1-5 Year UCITS ETF",,XAMS,USD,,,standard,,0.0025,0,2.83,9.666,68,BBB,"L'iShares Euro Corporate Bond 1-5 Year UCITS ETF est un fonds négocié en bourse qui offre aux investisseurs une exposition aux obligations d'entreprise libellées en euros à court terme. Sa fonction principale est de fournir aux investisseurs un moyen rentable et diversifié d'accéder au marché du crédit sans concentrer le risque sur un seul émetteur d'entreprise. Cet ETF est conçu pour suivre la performance d'un indice composé d'obligations euro de qualité investissement ayant des maturités rest…","Financial Services","",51.29,1,1,STANDARD,"France",18.15,"[{""s"":""Financial Services"",""w"":51.29},{""s"":""Industrial"",""w"":7.94},{""s"":""Utilities"",""w"":6.6},{""s"":""Consumer Non-Cyclicals"",""w"":6.3},{""s"":""Consumer Cyclicals"",""w"":5.47}]","[{""s_fr"":null,""w"":51.29},{""s_fr"":null,""w"":7.94},{""s_fr"":null,""w"":6.6},{""s_fr"":null,""w"":6.3},{""s_fr"":null,""w"":5.47}]","[{""c"":""France"",""w"":18.15},{""c"":""United States"",""w"":15.44},{""c"":""Germany"",""w"":13.05},{""c"":""United Kingdom"",""w"":9.01},{""c"":""Italy"",""w"":6.31}]","0P0000YPZS (BlackRock ICS Euro Liquid Environmentally Aware Fund - Agency (Dis) Shares EUR)","[{""t"":""0P0000YPZS"",""n"":""BlackRock ICS Euro Liquid Environmentally Aware Fund - Agency (Dis) Shares EUR"",""w"":0.23},{""t"":""CH121479717"",""n"":""CH1214797172"",""w"":0.19},{""t"":""BE6285455497"",""n"":""BE6285455497"",""w"":0.17},{""t"":""XS246123462"",""n"":""XS2461234622"",""w"":0.15},{""t"":null,""n"":""XS1586555945"",""w"":0.13},{""t"":""XS219366272"",""n"":""XS2193662728"",""w"":0.13},{""t"":null,""n"":""XS1463043973"",""w"":0.12},{""t"":null,""n"":""XS2595028536"",""w"":0.12},{""t"":null,""n"":""XS2908735504"",""w"":0.12},{""t"":null,""n"":""XS1615079974"",""w"":0.12}]",95
US03,"iShares $ Treasury Bond 0-3 Month UCITS ETF",,XAMS,USD,,,standard,,0.0007,0.0389,,,100,U.S. Government,"iShares $ Treasury Bond 0-3 Month UCITS ETF est un fonds négocié en bourse qui offre une exposition ciblée aux titres du Trésor américain à court terme avec des maturités de zéro à trois mois. Il vise à générer des rendements par le biais de la croissance du capital et des revenus en suivant la performance de l'ICE 0-3 Month US Treasury Bill Index, qui comprend des obligations gouvernementales à taux fixe libellées en dollars américains émises par le Trésor américain. Cet ETF détient un portefe…","Other","",100.00,1,1,STANDARD,"Other",100.00,"[{""s"":""Other"",""w"":100}]","[{""s_fr"":null,""w"":100}]","[{""c"":""Other"",""w"":100}]","(0% BILL 02/10/2025 USD)","[{""t"":null,""n"":""0% BILL 02/10/2025 USD"",""w"":10.03},{""t"":null,""n"":""INSL CASH"",""w"":9.88},{""t"":null,""n"":""0% BILL 18/09/2025 USD"",""w"":8.55},{""t"":null,""n"":""0% BILL 23/09/2025 USD"",""w"":8.08},{""t"":null,""n"":""0% BILL 28/10/2025 USD"",""w"":7.77},{""t"":null,""n"":""US912797QM25"",""w"":6.83},{""t"":null,""n"":""0% BILL 11/09/2025 USD"",""w"":6.51},{""t"":null,""n"":""0% BILL 06/11/2025 USD"",""w"":6.44},{""t"":null,""n"":""0% BILL 09/10/2025 USD"",""w"":5.27},{""t"":null,""n"":""US912797QQ39"",""w"":5.21}]",95
IFRB,"iShares France Government Bond UCITS ETF",,XAMS,EUR,,,standard,57216755,0.002,,2.53,9.06,87,A,"L'iShares France Government Bond UCITS ETF est un fonds négocié en bourse qui cherche à suivre la performance d'un indice composé d'obligations d'État françaises libellées en euros, principalement l'indice Bloomberg France Treasury Bond. Lancé en mai 2012 et domicilié en Irlande, il offre aux investisseurs une exposition à la dette souveraine française de qualité investissement, en se concentrant sur des obligations à taux fixe ayant au moins un an jusqu'à l'échéance, notées BBB- ou plus par le…","Other","",100.00,1,1,STANDARD,"France",91.33,"[{""s"":""Other"",""w"":100}]","[{""s_fr"":null,""w"":100}]","[{""c"":""France"",""w"":91.33},{""c"":""Other"",""w"":8.67}]","ETAMD (French Republic Government Bond)","[{""t"":""ETAMD"",""n"":""French Republic Government Bond"",""w"":3.52},{""t"":null,""n"":""FR0011317783"",""w"":3.39},{""t"":""ETAPY"",""n"":""French Republic Government Bond 2.75% 2029"",""w"":3.29},{""t"":""ETANH"",""n"":""French Republic OAT 0.75% 25 May 2028"",""w"":3.28},{""t"":""4RF9"",""n"":""FR0012993103"",""w"":3.2},{""t"":""FR001400PM68"",""n"":""Republic of France"",""w"":3.13},{""t"":""ETANM"",""n"":""French Republic Government Bond"",""w"":3.07},{""t"":""ETANS"",""n"":""Republic of France Government Bond"",""w"":3.06},{""t"":""FR1400L83"",""n"":""FR001400L834"",""w"":2.88},{""t"":""ETACW"",""n"":""French Republic"",""w"":2.85}]",105
TRS5,"SPDR Bloomberg Barclays 3-7 Year U.S. Treasury Bond UCITS ETF",,XDUB,USD,,,standard,106332400,0.0005,0.0408,3.49,9.577,100,U.S. Government,"","","",,0.3,0,DATA_MISSING,"Ireland",,"[]","[]","[{""c"":""Ireland"",""w"":null}]","","[]",67
EMDD,"SPDR Bloomberg Barclays Emerging Markets Local Bond UCITS ETF",,XDUB,USD,,,standard,,0.0055,0.054,,9.662,80,U.S. Government,"","","",,0.3,0,DATA_MISSING,"Ireland",,"[]","[]","[{""c"":""Ireland"",""w"":null}]","","[]",47
EIB3,"Invesco Euro Government Bond 1-3 Year UCITS ETF Dist",,XETR,EUR,,,standard,338719328,0.001,,1.72,9.752,100,U.S. Government,"L'Invesco Euro Government Bond 1-3 Year UCITS ETF Dist est un fonds négocié en bourse qui suit l'indice Bloomberg Euro Government Select 1-3 Year, se concentrant sur les obligations d'État à court terme libellées en euros provenant des principaux pays de la zone euro, notamment la France, l'Allemagne, l'Italie, les Pays-Bas et l'Espagne. Ces obligations ont des maturités comprises entre 1 et 3 ans, offrant aux investisseurs une exposition ciblée à une dette souveraine à faible risque dans la zo…","Other","",100.00,1,1,STANDARD,"Italy",23.31,"[{""s"":""Other"",""w"":100}]","[{""s_fr"":null,""w"":100}]","[{""c"":""Italy"",""w"":23.31},{""c"":""France"",""w"":22.29},{""c"":""Germany"",""w"":18.71},{""c"":""Other"",""w"":16.98},{""c"":""Spain"",""w"":13.86}]","ETANH (French Republic OAT 0.75% 25 May 2028)","[{""t"":""ETANH"",""n"":""French Republic OAT 0.75% 25 May 2028"",""w"":4.76},{""t"":""ETAPR"",""n"":""French Republic Government Bond 0.75% Feb 2028"",""w"":3.91},{""t"":""FR001400NBC6"",""n"":""OAT2.50%24SEP27"",""w"":3.55},{""t"":""ETAPK"",""n"":""Government of France"",""w"":3.47},{""t"":""ETANE"",""n"":""Government of France"",""w"":3.32},{""t"":""ETAMY"",""n"":""France Government Bond 0.25% 2026"",""w"":2.99},{""t"":""FR1400FYQ"",""n"":""FR001400FYQ4"",""w"":2.66},{""t"":null,""n"":""DE0001102424"",""w"":2.47},{""t"":""BO86"",""n"":""DE0001141869"",""w"":2.32},{""t"":null,""n"":""DE0001102416"",""w"":2.24}]",105
OM3F,"iShares EUR Corporate Bond ESG SRI UCITS ETF (Dist)",,XETR,EUR,,,standard,5807204997,0.0014,,3.05,9.679,69,A,"iShares EUR Corporate Bond ESG SRI UCITS ETF (Dist) is a UCITS-compliant exchange-traded fund that tracks the Bloomberg MSCI Euro Corporate ESG SRI Index. This index focuses on a subset of investment-grade, fixed-rate, euro-denominated corporate bonds from the Bloomberg Euro Aggregate Corporate Index, selected based on rigorous environmental, social, and governance (ESG) criteria, including exclusionary screens and ratings-based filters to emphasize sustainability and socially responsible inves…","Financial Services","",54.03,1,1,STANDARD,"United States",20.28,"[{""s"":""Financial Services"",""w"":54.03},{""s"":""Industrial"",""w"":7.59},{""s"":""Healthcare"",""w"":7.32},{""s"":""Telecommunication"",""w"":6.42},{""s"":""Consumer Non-Cyclicals"",""w"":5.71}]","[{""s_fr"":null,""w"":54.03},{""s_fr"":null,""w"":7.59},{""s_fr"":null,""w"":7.32},{""s_fr"":null,""w"":6.42},{""s_fr"":null,""w"":5.71}]","[{""c"":""United States"",""w"":20.28},{""c"":""France"",""w"":19.64},{""c"":""Germany"",""w"":10.46},{""c"":""United Kingdom"",""w"":9.49},{""c"":""Spain"",""w"":6.06}]","0P0000YPZS (BlackRock ICS Euro Liquid Environmentally Aware Fund - Agency (Dis) Shares EUR)","[{""t"":""0P0000YPZS"",""n"":""BlackRock ICS Euro Liquid Environmentally Aware Fund - Agency (Dis) Shares EUR"",""w"":0.18},{""t"":""CH121479717"",""n"":""CH1214797172"",""w"":0.16},{""t"":""XS270560423"",""n"":""XS2705604234"",""w"":0.11},{""t"":""XS246123462"",""n"":""XS2461234622"",""w"":0.11},{""t"":""XS279197224"",""n"":""JPMORG.CHASE 24/34 FLR"",""w"":0.1},{""t"":null,""n"":""XS2986317506"",""w"":0.1},{""t"":null,""n"":""XS1615079974"",""w"":0.1},{""t"":""XS271729197"",""n"":""XS2717291970"",""w"":0.1},{""t"":""XS279033388"",""n"":""MORGAN STANLEY 24/35 FLR"",""w"":0.1},{""t"":null,""n"":""XS2595028536"",""w"":0.1}]",105
EDEW,"BNP Paribas Bloomberg US Treasury 1-3 Year UCITS ETF",,XETR,USD,,,standard,35090716,,,3.23,9.796,100,U.S. Government,"Le BNP Paribas Bloomberg US Treasury 1-3 Year UCITS ETF est un fonds négocié en bourse à revenu fixe conçu pour répliquer la performance de l'indice Bloomberg US Treasury 1-3Y Total Return. Le fonds investit principalement dans des titres du Trésor américain à court terme avec des maturités allant d'un à trois ans, offrant aux investisseurs une exposition au marché obligataire du gouvernement américain dans ce segment de maturité spécifique. L'ETF propose une liquidité quotidienne et vise un ac…","","",,0.3,0,DATA_MISSING,"Germany",,"[]","[]","[{""c"":""Germany"",""w"":null}]","","[]",57
D5BG,"Xtrackers II EUR Corporate Bond UCITS ETF 1C",,XETR,EUR,,,standard,4657855488,0.0009,0,3.08,9.66,69,BBB,"Xtrackers II EUR Corporate Bond UCITS ETF 1C est un fonds négocié en bourse qui cherche à suivre la performance de l'indice Bloomberg Euro Corporate Bond. Il offre une exposition à un large portefeuille d'obligations d'entreprise de qualité investissement libellées en euros, émises par des entreprises industrielles, de services publics et financières sur les marchés Eurobond et domestiques de la zone euro. L'ETF se concentre sur des obligations ayant des maturités d'au moins un an et un montant…","Financial Services","",45.70,1,1,STANDARD,"United States",18.56,"[{""s"":""Financial Services"",""w"":45.7},{""s"":""Industrial"",""w"":7.94},{""s"":""Utilities"",""w"":7.88},{""s"":""Consumer Non-Cyclicals"",""w"":7.61},{""s"":""Healthcare"",""w"":6.03}]","[{""s_fr"":null,""w"":45.7},{""s_fr"":null,""w"":7.94},{""s_fr"":null,""w"":7.88},{""s_fr"":null,""w"":7.61},{""s_fr"":null,""w"":6.03}]","[{""c"":""United States"",""w"":18.56},{""c"":""France"",""w"":18.46},{""c"":""Germany"",""w"":12.46},{""c"":""United Kingdom"",""w"":9.57},{""c"":""Spain"",""w"":5.82}]","CH121479717 (CH1214797172)","[{""t"":""CH121479717"",""n"":""CH1214797172"",""w"":0.11},{""t"":null,""n"":""BE6285457519"",""w"":0.1},{""t"":""BE6285455497"",""n"":""BE6285455497"",""w"":0.09},{""t"":""XS219366272"",""n"":""XS2193662728"",""w"":0.08},{""t"":null,""n"":""XS1586555945"",""w"":0.08},{""t"":""XS279033388"",""n"":""MORGAN STANLEY 24/35 FLR"",""w"":0.08},{""t"":""XS246123462"",""n"":""XS2461234622"",""w"":0.08},{""t"":""XS270560423"",""n"":""XS2705604234"",""w"":0.08},{""t"":""XS279197224"",""n"":""JPMORG.CHASE 24/34 FLR"",""w"":0.07},{""t"":null,""n"":""XS2986317506"",""w"":0.07}]",115
EDE0,"BNP Paribas Easy Global Aggregate Bond SRI Fossil Free UCITS ETF Capitalisation",,XETR,USD,,,standard,59112956,,,3.29,9.516,100,U.S. Government,"BNP Paribas Easy Global Aggregate Bond SRI Fossil Free UCITS ETF Capitalisation est un fonds négocié en bourse qui offre une exposition à un portefeuille diversifié d'obligations mondiales de qualité investissement, avec un fort accent sur la durabilité. Il suit l'indice Bloomberg MSCI Global Aggregate ex Fossil Fuel SRI Select (NTR), qui exclut les émetteurs impliqués dans des activités liées aux combustibles fossiles et sélectionne les obligations sur la base de critères d'investissement soci…","","",,0.3,0,DATA_MISSING,"Germany",,"[]","[]","[{""c"":""Germany"",""w"":null}]","","[]",57
QDVL,"iShares € Corp Bond 0-3Yr ESG SRI UCITS ETF",,XETR,EUR,,,standard,4514467066,0.0012,0.029,2.5,9.879,70,A,"iShares € Corp Bond 0-3Yr ESG SRI UCITS ETF est un fonds négocié en bourse à revenu fixe qui offre une exposition aux obligations d'entreprise de qualité investissement libellées en euros avec des maturités de 0 à 3 ans. Le fonds est conçu pour suivre un indice filtré selon des critères ESG, appliquant des critères de durabilité et d'investissement responsable pour sélectionner des émetteurs qui répondent à ses normes sociales, environnementales et de gouvernance. Il se concentre sur la dette d…","Financial Services","",61.17,1,1,STANDARD,"France",20.29,"[{""s"":""Financial Services"",""w"":61.17},{""s"":""Healthcare"",""w"":6.23},{""s"":""Industrial"",""w"":6.04},{""s"":""Consumer Cyclicals"",""w"":4.71},{""s"":""Consumer Non-Cyclicals"",""w"":4.39}]","[{""s_fr"":null,""w"":61.17},{""s_fr"":null,""w"":6.23},{""s_fr"":null,""w"":6.04},{""s_fr"":null,""w"":4.71},{""s_fr"":null,""w"":4.39}]","[{""c"":""France"",""w"":20.29},{""c"":""United States"",""w"":17.07},{""c"":""Germany"",""w"":10.68},{""c"":""United Kingdom"",""w"":7.91},{""c"":""Spain"",""w"":7.12}]","0P0000YPZS (BlackRock ICS Euro Liquid Environmentally Aware Fund - Agency (Dis) Shares EUR)","[{""t"":""0P0000YPZS"",""n"":""BlackRock ICS Euro Liquid Environmentally Aware Fund - Agency (Dis) Shares EUR"",""w"":0.54},{""t"":""CH121479717"",""n"":""CH1214797172"",""w"":0.36},{""t"":null,""n"":""XS2595028536"",""w"":0.23},{""t"":""FR1339807"",""n"":""FR0013398070"",""w"":0.22},{""t"":null,""n"":""XS2908735504"",""w"":0.22},{""t"":""XS248658959"",""n"":""XS2486589596"",""w"":0.2},{""t"":""CH117433573"",""n"":""CH1174335732"",""w"":0.2},{""t"":""GOS5"",""n"":""XS1458408561"",""w"":0.2},{""t"":null,""n"":""XS1382784509"",""w"":0.2},{""t"":null,""n"":""XS1204154410"",""w"":0.2}]",115
7USH,"Amundi US Treasury Bond 7-10Y UCITS ETF EUR Hedged Acc",,XETR,EUR,,,standard,1674343345,0.0006,0,4.22,9.678,93,U.S. Government,"L'Amundi US Treasury Bond 7-10Y UCITS ETF EUR Hedged Acc est un fonds négocié en bourse qui cherche à répliquer, aussi fidèlement que possible, la performance de l'indice Bloomberg US Treasury 7-10 Year. Cet ETF offre aux investisseurs une exposition ciblée aux obligations du Trésor américain à moyen terme avec des maturités allant de 7 à 10 ans, qui sont des titres de créance à taux fixe, libellés en dollars américains, émis par le département du Trésor américain. Parmi ses caractéristiques no…","Other","",100.00,0.35,0,ALT_ASSET_FX,"Other",100.00,"[{""s"":""Other"",""w"":100}]","[{""s_fr"":null,""w"":100}]","[{""c"":""Other"",""w"":100}]","US91282CMM0 (United States Treasury Note 4.625% Due 02/15/2035)","[{""t"":""US91282CMM0"",""n"":""United States Treasury Note 4.625% Due 02/15/2035"",""w"":9.29},{""t"":null,""n"":""US91282CKQ32"",""w"":9.24},{""t"":""US91282CLW9"",""n"":""United States Treasury Note 4.25% Due 11/15/2034"",""w"":9.13},{""t"":""US91282CNC1"",""n"":""United States Treasury Note 4.25% 05/15/2035"",""w"":9.1},{""t"":""US91282CJJ1"",""n"":""US91282CJJ18"",""w"":8.89},{""t"":""US91282CJZ5"",""n"":""US91282CJZ59"",""w"":8.87},{""t"":""US91282CLF6"",""n"":""US91282CLF67"",""w"":8.79},{""t"":""US91282CHT1"",""n"":""US91282CHT18"",""w"":7.98},{""t"":""US91282CFV8"",""n"":""US91282CFV81"",""w"":7.56},{""t"":""US91282CGM7"",""n"":""US91282CGM73"",""w"":7.17}]",115
UEEG,"iShares USD Development Bank Bonds UCITS ETF EUR Hedged (Acc)",,XETR,EUR,,,standard,183472655,0.0018,0,3.49,9.674,97,AAA,"L'iShares USD Development Bank Bonds UCITS ETF EUR Hedged (Acc) est un fonds négocié en bourse à revenu fixe conçu pour offrir une exposition à des obligations de haute qualité libellées en USD émises par des banques de développement multilatérales. Sa fonction principale est de répliquer la performance de l'indice FTSE World Broad Investment-Grade USD Multilateral Development Bank Bond Capped, mais avec une couche supplémentaire de couverture en EUR, qui vise à minimiser les fluctuations des r…","Financial Services","",97.52,1,1,VERIFIED_FINANCIAL,"United States",47.93,"[{""s"":""Financial Services"",""w"":97.52},{""s"":""Other"",""w"":2.18},{""s"":""Non-Corporate"",""w"":0.3}]","[{""s_fr"":null,""w"":97.52},{""s_fr"":null,""w"":2.18},{""s_fr"":null,""w"":0.3}]","[{""c"":""United States"",""w"":47.93},{""c"":""Other"",""w"":33.19},{""c"":""Philippines"",""w"":10.97},{""c"":""United Kingdom"",""w"":6.74},{""c"":""Ivory Coast"",""w"":1.17}]","US45167FZ1 (US045167FZ16)","[{""t"":""US45167FZ1"",""n"":""US045167FZ16"",""w"":2.99},{""t"":""US4581X0ES3"",""n"":""US4581X0ES30"",""w"":2.79},{""t"":""US4581X0EN4"",""n"":""US4581X0EN43"",""w"":2.79},{""t"":""US4581X0DS4"",""n"":""US4581X0DS49"",""w"":2.58},{""t"":null,""n"":""US4581X0DG01"",""w"":2.35},{""t"":null,""n"":""US45939E2C37"",""w"":2.29},{""t"":""US45167GJ6"",""n"":""US045167GJ64"",""w"":1.89},{""t"":""US459058KA0"",""n"":""US459058KA05"",""w"":1.79},{""t"":null,""n"":""US45939FAA57"",""w"":1.72},{""t"":null,""n"":""US45939E2D10"",""w"":1.61}]",115
EL4K,"Deka iBoxx EUR Liquid Sovereign Diversified 1-10 UCITS ETF",,XETR,EUR,,,standard,140829296,0.0015,0.0284,3.09,9.76,100,U.S. Government,"Deka iBoxx EUR Liquid Sovereign Diversified 1-10 UCITS ETF est un fonds négocié en bourse à revenu fixe qui se concentre sur les obligations d'État de la zone euro avec des maturités comprises entre un et dix ans. Il vise à répliquer la performance de l'indice iBoxx EUR Liquid Sovereign Diversified 1-10, qui sélectionne des émissions souveraines libellées en euros hautement liquides et applique des règles de diversification en limitant le nombre d'obligations par pays et en plafonnant les poids…","Sovereign","",94.80,1,1,STANDARD,"Spain",19.05,"[{""s"":""Sovereign"",""w"":94.8},{""s"":""Other"",""w"":5.97}]","[{""s_fr"":null,""w"":94.8},{""s_fr"":null,""w"":5.97}]","[{""c"":""Spain"",""w"":19.05},{""c"":""France"",""w"":19.03},{""c"":""Germany"",""w"":19.02},{""c"":""Italy"",""w"":15.82},{""c"":""Austria"",""w"":11.14}]","ETAPY (French Republic Government Bond 2.75% 2029)","[{""t"":""ETAPY"",""n"":""French Republic Government Bond 2.75% 2029"",""w"":5.15},{""t"":""BB88"",""n"":""DE000BU2Z007"",""w"":5.07},{""t"":""ES0012M5"",""n"":""ES0000012M51"",""w"":5.07},{""t"":""ES0012L7"",""n"":""ES0000012L78"",""w"":4.99},{""t"":""FR001400PM68"",""n"":""Republic of France"",""w"":4.97},{""t"":""BU2Z04"",""n"":""DE000BU2Z049"",""w"":4.65},{""t"":""BB96"",""n"":""DE000BU2Z031"",""w"":4.63},{""t"":""IT0005519787"",""n"":""IT0005519787"",""w"":4.6},{""t"":""ETAPT"",""n"":""French Republic Government Bond 2% 2032"",""w"":4.59},{""t"":""BB93"",""n"":""DE000BU2Z023"",""w"":4.56}]",115
ASR5,"BNP Paribas Easy EUR Corporate Bond SRI PAB 3-5Y UCITS ETF",,XETR,EUR,,,standard,2527573504,0.0015,,3.55,9.896,,,"BNP Paribas Easy EUR Corporate Bond SRI PAB 3-5Y UCITS ETF est un fonds négocié en bourse répliqué physiquement, conçu pour offrir une exposition diversifiée aux obligations d'entreprise de qualité investissement libellées en euros, avec des maturités comprises entre 3 et 5 ans. Sa fonction principale est de suivre l'indice Bloomberg MSCI 3-5Y Euro Corporate SRI Sustainable Select Ex Fossil Fuel PAB, ce qui signifie que l'ETF sélectionne les constituants en utilisant des critères ESG (Environne…","Financial Services","",53.96,1,1,STANDARD,"United States",21.10,"[{""s"":""Financial Services"",""w"":53.96},{""s"":""Healthcare"",""w"":9.53},{""s"":""Telecommunication"",""w"":6.49},{""s"":""Non-Energy Materials"",""w"":5.99},{""s"":""Industrial"",""w"":5.64}]","[{""s_fr"":null,""w"":53.96},{""s_fr"":null,""w"":9.53},{""s_fr"":null,""w"":6.49},{""s_fr"":null,""w"":5.99},{""s_fr"":null,""w"":5.64}]","[{""c"":""United States"",""w"":21.1},{""c"":""France"",""w"":15.71},{""c"":""United Kingdom"",""w"":12.23},{""c"":""Germany"",""w"":10.07},{""c"":""Spain"",""w"":4.95}]","XS223599621 (XS223599621)","[{""t"":""XS223599621"",""n"":""XS223599621"",""w"":0.77},{""t"":""XS306441868"",""n"":""XS3064418687"",""w"":0.68},{""t"":""FR001400RYN6"",""n"":""FR001400RYN6"",""w"":0.57},{""t"":""6AOB"",""n"":""SGD/LKR"",""w"":0.53},{""t"":""FR1400GDJ"",""n"":""FR001400GDJ1"",""w"":0.49},{""t"":null,""n"":""XS2838537566"",""w"":0.48},{""t"":null,""n"":""XS2932831923"",""w"":0.47},{""t"":""XS282045460"",""n"":""XS2820454606"",""w"":0.46},{""t"":""XS2332590475"",""n"":null,""w"":0.46},{""t"":""XS279660978"",""n"":""XS2796609787"",""w"":0.46}]",105
IBC7,"iShares Fallen Angels High Yield Corporate Bond UCITS ETF EUR Hedged (Dist.)",,XETR,EUR,,,standard,547349399,0.0055,,4.89,9.539,43,BB,"iShares Fallen Angels High Yield Corporate Bond UCITS ETF EUR Hedged (Dist.) est un fonds négocié en bourse qui investit principalement dans des obligations d'entreprises émises par des émetteurs des marchés développés, initialement notées comme investissement de qualité, mais qui ont depuis été dégradées au statut de haut rendement—communément appelées « fallen angels ». L'ETF suit la performance d'un indice mondial de ces obligations dégradées, offrant une exposition à un large éventail d'ind…","Financial Services","",22.44,1,1,STANDARD,"United States",59.43,"[{""s"":""Financial Services"",""w"":22.44},{""s"":""Consumer Cyclicals"",""w"":19.24},{""s"":""Non-Energy Materials"",""w"":16.4},{""s"":""Telecommunication"",""w"":10.76},{""s"":""Consumer Services"",""w"":6.71}]","[{""s_fr"":null,""w"":22.44},{""s_fr"":null,""w"":19.24},{""s_fr"":null,""w"":16.4},{""s_fr"":null,""w"":10.76},{""s_fr"":null,""w"":6.71}]","[{""c"":""United States"",""w"":59.43},{""c"":""France"",""w"":9.34},{""c"":""Germany"",""w"":7.36},{""c"":""Italy"",""w"":5.34},{""c"":""United Kingdom"",""w"":4.88}]","0P0001I429 (BlackRock ICS US Dollar Liquid Environmentally Aware Fund Agency Inc)","[{""t"":""0P0001I429"",""n"":""BlackRock ICS US Dollar Liquid Environmentally Aware Fund Agency Inc"",""w"":2.62},{""t"":null,""n"":""VODAFONE GRP 19/79 FLR"",""w"":2.32},{""t"":null,""n"":""XS1645722262"",""w"":1.55},{""t"":null,""n"":""US26156FAA12"",""w"":1.45},{""t"":null,""n"":""US36168QAQ73"",""w"":1.36},{""t"":null,""n"":""XS2799494120"",""w"":1.3},{""t"":null,""n"":""USU76198AA52"",""w"":1.22},{""t"":null,""n"":""FXD-FRN JNR SUB 15/09/2055 USD (SEC REGD)"",""w"":1.22},{""t"":null,""n"":""XS2010045511"",""w"":1.18},{""t"":null,""n"":""XS2077670342"",""w"":1.14}]",105
DBXF,"Xtrackers Eurozone Government Bond 15-30 UCITS ETF 1C",,XETR,EUR,,,standard,49112532,0.0015,0,2.92,7.457,89,U.S. Government,"Xtrackers Eurozone Government Bond 15-30 UCITS ETF 1C est un fonds négocié en bourse à revenu fixe qui offre une exposition à la dette souveraine libellée en euros émise par les gouvernements de la zone euro. Le fonds se concentre exclusivement sur les obligations d'État de qualité investissement avec des maturités comprises entre 15 et 30 ans, suivant l'indice iBoxx € Sovereigns Eurozone 15+ par le biais d'une méthodologie d'échantillonnage représentatif. Il investit dans des obligations notée…","Other","",100.00,1,1,STANDARD,"France",26.89,"[{""s"":""Other"",""w"":100}]","[{""s_fr"":null,""w"":100}]","[{""c"":""France"",""w"":26.89},{""c"":""Germany"",""w"":22.86},{""c"":""Italy"",""w"":21.84},{""c"":""Spain"",""w"":14.87},{""c"":""Netherlands"",""w"":7.67}]","ETAHZ (France Government Bond 4.5% 04/25/2041)","[{""t"":""ETAHZ"",""n"":""France Government Bond 4.5% 04/25/2041"",""w"":4.5},{""t"":null,""n"":""DE0001102341"",""w"":3.21},{""t"":null,""n"":""DE0001135481"",""w"":3.21},{""t"":null,""n"":""IT0004532559"",""w"":3},{""t"":""ETALX"",""n"":""French Republic Government Bond"",""w"":2.94},{""t"":null,""n"":""DE0001102432"",""w"":2.85},{""t"":null,""n"":""ES00000121S7"",""w"":2.62},{""t"":""BB87"",""n"":""DE0001102614"",""w"":2.59},{""t"":null,""n"":""IT0004923998"",""w"":2.31},{""t"":""BB94"",""n"":""DE000BU2D004"",""w"":2.24}]",115
DBXG,"Xtrackers Eurozone Government Bond 25+ UCITS ETF 1C",,XETR,EUR,,,standard,97743944,0.0015,0,2.95,7.314,89,U.S. Government,"Xtrackers Eurozone Government Bond 25+ UCITS ETF 1C est un fonds négocié en bourse qui cherche à suivre la performance de l'indice Markit iBoxx EUR Eurozone 25+. Cet indice comprend des obligations d'État libellées en euros, à taux fixe, émises par les gouvernements de la zone euro, spécifiquement celles ayant des maturités supérieures à 25 ans et des notations de qualité investissement par des agences telles que S&P, Fitch et Moody's. L'ETF utilise une technique d'échantillonnage physique, dét…","Other","",100.00,1,1,STANDARD,"France",39.59,"[{""s"":""Other"",""w"":100}]","[{""s_fr"":null,""w"":100}]","[{""c"":""France"",""w"":39.59},{""c"":""Italy"",""w"":17.29},{""c"":""Germany"",""w"":14.21},{""c"":""Spain"",""w"":13.53},{""c"":""Other"",""w"":13.2}]","BB87 (DE0001102614)","[{""t"":""BB87"",""n"":""DE0001102614"",""w"":6.23},{""t"":""BB94"",""n"":""DE000BU2D004"",""w"":5.43},{""t"":""ETAGI"",""n"":""Republic of France"",""w"":5.42},{""t"":""ETAPV"",""n"":""French Government Bond"",""w"":5.13},{""t"":null,""n"":""DE0001102481"",""w"":5.08},{""t"":""ETALD"",""n"":""Republic of France"",""w"":5.06},{""t"":""FR001400OHF4"",""n"":""French Republic Government Bond"",""w"":4.98},{""t"":""FR001400XJJ3"",""n"":""French Republic Government Bond 3.75% 05/25/2056"",""w"":3.89},{""t"":""ETANZ"",""n"":""France Government Bond 0.75% Due 2025"",""w"":3.79},{""t"":""BB80"",""n"":""DE0001102572"",""w"":3.71}]",115
MDBE,"UBS Sustainable Development Bank Bonds UCITS ETF hEUR dis",,XETR,EUR,,,standard,1626124757,0.0018,,,9.716,97,U.S. Government,"L'UBS Sustainable Development Bank Bonds UCITS ETF hEUR dis est un fonds négocié en bourse conçu pour suivre la performance de l'indice Solactive Global Multilateral Development Bank Bond USD 25% Issuer Capped, couvert en euros et distribuant des revenus aux investisseurs. Il investit principalement dans des obligations émises par des banques de développement multilatérales supranationales, telles que la Banque européenne pour la reconstruction et le développement, la Banque africaine de dévelo…","Financial Services","",98.46,1,1,VERIFIED_FINANCIAL,"United States",38.43,"[{""s"":""Financial Services"",""w"":98.46},{""s"":""Other"",""w"":1.54}]","[{""s_fr"":null,""w"":98.46},{""s_fr"":null,""w"":1.54}]","[{""c"":""United States"",""w"":38.43},{""c"":""Philippines"",""w"":13.45},{""c"":""United Kingdom"",""w"":13.23},{""c"":""Ivory Coast"",""w"":2.48}]","US4581X0ES3 (US4581X0ES30)","[{""t"":""US4581X0ES3"",""n"":""US4581X0ES30"",""w"":3.36},{""t"":""US29874QEX8"",""n"":""MYR/CAD"",""w"":3.27},{""t"":""US29874QFA7"",""n"":""US29874QFA76"",""w"":2.99},{""t"":""US828EFD6"",""n"":""US00828EFD67"",""w"":2.61},{""t"":""US828EEP0"",""n"":""US00828EEP07"",""w"":2.48},{""t"":""US828EER6"",""n"":""US00828EER62"",""w"":2.48},{""t"":""US45167GJ6"",""n"":""US045167GJ64"",""w"":2.15},{""t"":""US4581X0EN4"",""n"":""US4581X0EN43"",""w"":2.15},{""t"":""US828EEZ8"",""n"":""US00828EEZ88"",""w"":2.05},{""t"":""US828EEY1"",""n"":""US00828EEY14"",""w"":1.87}]",105
CHSS,"UBS Bloomberg US Treasury 10+ Year UCITS ETF",,XETR,EUR,,,standard,34916289,0.0005,,,,,,"L'UBS Bloomberg US Treasury 10+ Year UCITS ETF est un fonds négocié en bourse à revenu fixe qui vise à répliquer la performance de l'indice Bloomberg U.S. 10+ Year Treasury Bond Index. Il offre une exposition aux titres du Trésor américain à long terme, de qualité investissement, avec des échéances de plus de dix ans, en utilisant une approche de réplication physique et passivement gérée. Le fonds se concentre exclusivement sur la dette publique américaine, reflétant la pleine foi et le crédit …","","",,0.3,0,DATA_MISSING,"Germany",,"[]","[]","[{""c"":""Germany"",""w"":null}]","","[]",67
EUNX,"iShares US Aggregate Bond UCITS ETF USD (Dist)",,XETR,EUR,,,standard,5240271092,0.0025,,3.89,9.031,88,AA,"iShares US Aggregate Bond UCITS ETF USD (Dist) est un fonds négocié en bourse qui cherche à suivre l'indice Bloomberg US Aggregate Bond, offrant une exposition diversifiée au large marché des obligations de qualité investissement libellées en dollars américains. Il investit principalement dans des obligations gouvernementales, liées au gouvernement, d'entreprises et titrisées, y compris des participations significatives dans des titres du Trésor des États-Unis (environ 48 %), la Federal Nationa…","Sovereign","",48.84,0.35,0,ALT_ASSET_FX,"Other",56.88,"[{""s"":""Sovereign"",""w"":48.84},{""s"":""Other"",""w"":20.42},{""s"":""Financial Services"",""w"":9.96},{""s"":""Non-Corporate"",""w"":4.46},{""s"":""Utilities"",""w"":2.46}]","[{""s_fr"":null,""w"":48.84},{""s_fr"":null,""w"":20.42},{""s_fr"":null,""w"":9.96},{""s_fr"":null,""w"":4.46},{""s_fr"":null,""w"":2.46}]","[{""c"":""Other"",""w"":56.88},{""c"":""United States"",""w"":40.66},{""c"":""Ireland"",""w"":2.46}]","0P0001I429 (BlackRock ICS US Dollar Liquid Environmentally Aware Fund Agency Inc)","[{""t"":""0P0001I429"",""n"":""BlackRock ICS US Dollar Liquid Environmentally Aware Fund Agency Inc"",""w"":4.71},{""t"":null,""n"":""US91282CKQ32"",""w"":0.44},{""t"":null,""n"":""US01F0606917"",""w"":0.43},{""t"":""US91282CJZ5"",""n"":""US91282CJZ59"",""w"":0.42},{""t"":""US91282CJJ1"",""n"":""US91282CJJ18"",""w"":0.42},{""t"":""US91282CNC1"",""n"":""United States Treasury Note 4.25% 05/15/2035"",""w"":0.41},{""t"":""US91282CLF6"",""n"":""US91282CLF67"",""w"":0.39},{""t"":null,""n"":""US91282CGQ87"",""w"":0.37},{""t"":""US91282CMM0"",""n"":""United States Treasury Note 4.625% Due 02/15/2035"",""w"":0.37},{""t"":""US91282CMA6"",""n"":""United States Treasury Note 4.125% due November 30, 2029"",""w"":0.36}]",105
GAC5,"Goldman Sachs Access UK Gilts 1-10 Years UCITS ETF Class GBP (Dist)",,XETR,GBP,,,standard,783244416,0.0007,,3.59,9.552,100,U.S. Government,"Goldman Sachs Access UK Gilts 1-10 Years UCITS ETF Class GBP (Dist) est un fonds négocié en bourse géré de manière passive qui suit l'indice FTSE Goldman Sachs UK Gilts 1-10 Years. Il offre des revenus et une croissance du capital à long terme en investissant dans des obligations d'État britanniques, connues sous le nom de gilts, avec des maturités allant d'un à dix ans. Cet objectif à moyen terme offre un équilibre entre risque et rendement sur le marché des revenus fixes. L'indice sous-jacent…","","",,0.3,0,DATA_MISSING,"Germany",,"[]","[]","[{""c"":""Germany"",""w"":null}]","","[]",72
ZPRM,"State Street SPDR Bloomberg 1-3 Month T-Bill UCITS ETF MXN Hedged (Acc)",,XETR,USD,,,standard,805983369,0.0005,,,,93,U.S. Government,"L'ETF UCITS State Street SPDR Bloomberg 1-3 Month T-Bill MXN Hedged (Acc) est un fonds négocié en bourse à revenu fixe qui offre une exposition aux bons du Trésor américain à très court terme tout en neutralisant les mouvements de change par rapport au peso mexicain. Le fonds vise à reproduire l'indice Bloomberg US Treasury Bills 1-3 Month (MXN Hedged), en se concentrant sur les obligations publiques du Trésor américain ayant des maturités restantes d'au moins un mois et de moins de trois mois.…","","",,0.3,0,DATA_MISSING,"Germany",,"[]","[]","[{""c"":""Germany"",""w"":null}]","","[]",72
EUNH,"iShares Core € Govt Bond UCITS ETF",,XETR,EUR,,,standard,6060614279,0.0007,0.0271,2.73,9.078,88,U.S. Government,"iShares Core € Govt Bond UCITS ETF est un fonds négocié en bourse répliqué physiquement qui cherche à suivre l'indice Bloomberg Euro Treasury Bond, composé d'obligations d'État de qualité investissement émises par les États membres de la zone euro. Il offre une exposition diversifiée à la dette souveraine libellée en euros sur toutes les maturités, avec des émetteurs clés tels que la France, l'Italie, l'Allemagne, l'Espagne et d'autres, présentant environ 530 titres pour une large représentatio…","Other","",100.00,1,1,STANDARD,"France",24.40,"[{""s"":""Other"",""w"":100}]","[{""s_fr"":null,""w"":100}]","[{""c"":""France"",""w"":24.4},{""c"":""Italy"",""w"":21.49},{""c"":""Germany"",""w"":19.08},{""c"":""Spain"",""w"":13.92},{""c"":""Belgium"",""w"":4.97}]","ETAMD (French Republic Government Bond)","[{""t"":""ETAMD"",""n"":""French Republic Government Bond"",""w"":0.94},{""t"":null,""n"":""FR0011317783"",""w"":0.84},{""t"":""ETANH"",""n"":""French Republic OAT 0.75% 25 May 2028"",""w"":0.8},{""t"":""ETAPY"",""n"":""French Republic Government Bond 2.75% 2029"",""w"":0.78},{""t"":""4RF9"",""n"":""FR0012993103"",""w"":0.77},{""t"":""ETANM"",""n"":""French Republic Government Bond"",""w"":0.76},{""t"":""FR001400PM68"",""n"":""Republic of France"",""w"":0.75},{""t"":""ETANJ"",""n"":""Republic of France Government Bond"",""w"":0.73},{""t"":""ETAPT"",""n"":""French Republic Government Bond 2% 2032"",""w"":0.71},{""t"":""ETANS"",""n"":""Republic of France Government Bond"",""w"":0.7}]",115
SNAV,"Collaborative Investment Series Trust - Mohr Sector Nav ETF",,XETR,USD,Large Blend,,standard,33895372,0.0159,0.0034,,,,,"Le Collaborative Investment Series Trust - Mohr Sector Nav ETF est un fonds négocié en bourse conçu pour offrir une exposition à un panier rotatif d'ETFs d'actions américaines axés sur des secteurs spécifiques. Le fonds cherche à reproduire la performance de l'indice Mohr Sector Navigation avant frais et dépenses, en utilisant une approche d'allocation tactique à travers les principaux secteurs du S&P 500 tels que la technologie, la santé, la consommation discrétionnaire, l'industrie, les finan…","Technology","",41.37,1,1,STANDARD,"Germany",,"[{""s"":""Technology"",""w"":41.37},{""s"":""Healthcare"",""w"":15.07},{""s"":""Communication Services"",""w"":13.91},{""s"":""Financial Services"",""w"":7.62},{""s"":""Industrial"",""w"":6.29}]","[{""s_fr"":null,""w"":41.37},{""s_fr"":null,""w"":15.07},{""s_fr"":null,""w"":13.91},{""s_fr"":null,""w"":7.62},{""s_fr"":null,""w"":6.29}]","[{""c"":""Germany"",""w"":null}]","SPY (State Street SPDR S&P 500 ETF Trust)","[{""t"":""SPY"",""n"":""State Street SPDR S&P 500 ETF Trust"",""w"":19.72},{""t"":""VV"",""n"":""Vanguard Morningstar Large-Cap ETF"",""w"":17.8},{""t"":""VGT"",""n"":""Vanguard Information Technology ETF"",""w"":10.27},{""t"":""XLK"",""n"":""State Street Technology Select Sector SPDR ETF"",""w"":9.5},{""t"":""SCHX"",""n"":""Schwab U.S. Large-Cap ETF"",""w"":9.05},{""t"":""VHT"",""n"":""Vanguard Health Care ETF"",""w"":8.76},{""t"":""XLC"",""n"":""State Street Communication Services Select Sector SPDR ETF"",""w"":8.75},{""t"":""RSP"",""n"":""Invesco S&P 500 Equal Weight ETF"",""w"":8.54},{""t"":""GSEW"",""n"":""Goldman Sachs Equal Weight U.S. Large Cap Equity ETF"",""w"":7.61}]",110
EUN5,"iShares Core € Corp Bond UCITS ETF EUR (Dist)",,XETR,EUR,,,standard,13339328829,0.0009,,3.08,9.497,68,BBB,"iShares Core € Corp Bond UCITS ETF EUR (Dist) est un fonds négocié en bourse géré par BlackRock Asset Management Ireland Limited, domicilié en Irlande et lancé le 6 mars 2009. Il investit principalement dans des obligations d'entreprise de qualité investissement libellées en euros à taux fixe, émises par des entreprises industrielles, de services publics et financières, ciblant des titres avec une maturité résiduelle minimale d'un an et notés BBB- ou plus par S&P et Fitch, ou Baa3 ou plus par M…","Financial Services","",45.62,1,1,STANDARD,"France",18.73,"[{""s"":""Financial Services"",""w"":45.62},{""s"":""Industrial"",""w"":8.07},{""s"":""Utilities"",""w"":7.85},{""s"":""Consumer Non-Cyclicals"",""w"":7.59},{""s"":""Healthcare"",""w"":6.17}]","[{""s_fr"":null,""w"":45.62},{""s_fr"":null,""w"":8.07},{""s_fr"":null,""w"":7.85},{""s_fr"":null,""w"":7.59},{""s_fr"":null,""w"":6.17}]","[{""c"":""France"",""w"":18.73},{""c"":""United States"",""w"":18.38},{""c"":""Germany"",""w"":12.34},{""c"":""United Kingdom"",""w"":9.4},{""c"":""Netherlands"",""w"":5.89}]","CH121479717 (CH1214797172)","[{""t"":""CH121479717"",""n"":""CH1214797172"",""w"":0.12},{""t"":""BE6285455497"",""n"":""BE6285455497"",""w"":0.1},{""t"":null,""n"":""XS1586555945"",""w"":0.09},{""t"":null,""n"":""BE6285457519"",""w"":0.09},{""t"":""XS219366272"",""n"":""XS2193662728"",""w"":0.08},{""t"":""XS271729197"",""n"":""XS2717291970"",""w"":0.08},{""t"":""XS270560423"",""n"":""XS2705604234"",""w"":0.08},{""t"":""XS246123462"",""n"":""XS2461234622"",""w"":0.08},{""t"":null,""n"":""XS2595028536"",""w"":0.07},{""t"":null,""n"":""XS1629774230"",""w"":0.07}]",105
CEBW,"iShares US Mortgage Backed Securities UCITS ETF EUR Hedged (Dist)",,XETR,EUR,,,standard,3414999006,0.003,0.0391,3.77,8.725,85,AA,"iShares US Mortgage Backed Securities UCITS ETF EUR Hedged (Dist) est un fonds négocié en bourse qui suit l'indice Bloomberg US Mortgage Backed Securities (EUR Hedged), offrant une exposition aux titres adossés à des créances hypothécaires de qualité investissement émis ou garantis par des agences et entités gouvernementales américaines telles que Ginnie Mae, Fannie Mae et Freddie Mac. Sa fonction principale est de fournir des revenus par le biais de paiements de principal et d'intérêts provena…","","",,0.3,0,DATA_MISSING,"Germany",,"[]","[]","[{""c"":""Germany"",""w"":null}]","","[]",82
CEMD,"iShares Global Corporate Bond UCITS ETF EUR Hedged (Acc)",,XETR,EUR,,,standard,3671034185,0.0025,,,,,,"iShares Global Corporate Bond UCITS ETF EUR Hedged (Acc) est un ETF obligataire qui offre une exposition diversifiée aux obligations d'entreprises de qualité investment-grade émises par des sociétés des marchés développés et émergents. Le fonds vise à suivre l'indice Bloomberg Global Aggregate Corporate (EUR Hedged), en utilisant une approche d'échantillonnage physique pour constituer un large portefeuille de dettes d'entreprise tout en gérant le risque de change euro par le biais de couverture…","Financial Services","",41.06,1,1,STANDARD,"United States",56.78,"[{""s"":""Financial Services"",""w"":41.06},{""s"":""Utilities"",""w"":9.5},{""s"":""Industrial"",""w"":6.98},{""s"":""Healthcare"",""w"":6.73},{""s"":""Technology"",""w"":6.52}]","[{""s_fr"":null,""w"":41.06},{""s_fr"":null,""w"":9.5},{""s_fr"":null,""w"":6.98},{""s_fr"":null,""w"":6.73},{""s_fr"":null,""w"":6.52}]","[{""c"":""United States"",""w"":56.78},{""c"":""Other"",""w"":8.9},{""c"":""United Kingdom"",""w"":7.12},{""c"":""France"",""w"":6.09},{""c"":""Canada"",""w"":4.93}]","","[]",85
36B1,"iShares J.P. Morgan Advanced USD EM Bond UCITS ETF USD (Dist)",,XETR,EUR,,,standard,3043584469,0.0045,,5.64,9.171,75,U.S. Government,"iShares J.P. Morgan Advanced USD EM Bond UCITS ETF USD (Dist) est un fonds négocié en bourse à revenu fixe qui offre une exposition aux obligations souveraines des marchés émergents libellées en dollars américains. Le fonds est conçu pour suivre l'indice J.P. Morgan ESG EMBI Global Diversified, en utilisant une approche basée sur des règles qui intègre des considérations environnementales, sociales et de gouvernance tout en maintenant une large exposition aux obligations des marchés émergents. …","Sovereign","",86.27,1,1,STANDARD,"Other",15.31,"[{""s"":""Sovereign"",""w"":86.27},{""s"":""Financial Services"",""w"":6.03},{""s"":""Energy"",""w"":3.26},{""s"":""Non-Energy Materials"",""w"":1.93},{""s"":""Utilities"",""w"":1.3}]","[{""s_fr"":null,""w"":86.27},{""s_fr"":null,""w"":6.03},{""s_fr"":null,""w"":3.26},{""s_fr"":null,""w"":1.93},{""s_fr"":null,""w"":1.3}]","[{""c"":""Other"",""w"":15.31},{""c"":""Poland"",""w"":5.3},{""c"":""Hungary"",""w"":4.77},{""c"":""Brazil"",""w"":4.08},{""c"":""Chile"",""w"":3.89}]","US40114HT0 (US040114HT09)","[{""t"":""US40114HT0"",""n"":""US040114HT09"",""w"":0.94},{""t"":null,""n"":""US760942BA98"",""w"":0.77},{""t"":null,""n"":""XS2214238441"",""w"":0.77},{""t"":""US040114HS26"",""n"":null,""w"":0.69},{""t"":""0P0001I429"",""n"":""BlackRock ICS US Dollar Liquid Environmentally Aware Fund Agency Inc"",""w"":0.66},{""t"":""US040114HU71"",""n"":null,""w"":0.56},{""t"":""US731011AZ5"",""n"":""US731011AZ55"",""w"":0.55},{""t"":null,""n"":""XS2893151287"",""w"":0.53},{""t"":""US731011AY8"",""n"":""US731011AY80"",""w"":0.51},{""t"":""US760942BE1"",""n"":""US760942BE11"",""w"":0.5}]",105
JGHY,"JPMorgan Global High Yield Corporate Bond Multi-Factor Active UCITS ETF USD (acc)",,XETR,USD,,,standard,413280483,0.0035,0,6.55,9.837,40,BB,"JPMorgan Global High Yield Corporate Bond Multi-Factor Active UCITS ETF USD (acc) est un ETF obligataire géré activement conçu pour offrir une exposition diversifiée à la dette d'entreprise mondiale à haut rendement. Le fonds se concentre sur des obligations d'entreprise de qualité inférieure à celle des investissements émises sur les marchés développés et émergents, en utilisant une approche multi-facteurs qui combine analyse quantitative, sélection active de crédit, gestion de la duration et …","Financial Services","",18.29,1,1,STANDARD,"United States",58.31,"[{""s"":""Financial Services"",""w"":18.29},{""s"":""Consumer Services"",""w"":11.44},{""s"":""Industrial"",""w"":10.67},{""s"":""Energy"",""w"":10.35},{""s"":""Consumer Cyclicals"",""w"":9.54}]","[{""s_fr"":null,""w"":18.29},{""s_fr"":null,""w"":11.44},{""s_fr"":null,""w"":10.67},{""s_fr"":null,""w"":10.35},{""s_fr"":null,""w"":9.54}]","[{""c"":""United States"",""w"":58.31},{""c"":""Other"",""w"":11.03},{""c"":""United Kingdom"",""w"":6.71},{""c"":""France"",""w"":3.94},{""c"":""Canada"",""w"":3.74}]","(US87901JAH86)","[{""t"":null,""n"":""US87901JAH86"",""w"":1.04},{""t"":null,""n"":""USP4R21KAB22"",""w"":1.02},{""t"":null,""n"":""XS2997159491"",""w"":1.02},{""t"":""4V5A"",""n"":""XS2310511717"",""w"":1.01},{""t"":null,""n"":""IL0011677908"",""w"":1.01},{""t"":null,""n"":""XS2915529783"",""w"":1},{""t"":null,""n"":""US29261AAE01"",""w"":1},{""t"":null,""n"":""XS3029358317"",""w"":1},{""t"":null,""n"":""XS2848791989"",""w"":1},{""t"":null,""n"":""US30251GBE61"",""w"":1}]",115
XYPD,"Xtrackers II iBoxx Eurozone Government Bond Yield Plus UCITS ETF 1D",,XETR,EUR,,,standard,1379516288,0.0015,,2.93,9.344,84,U.S. Government,"Xtrackers II iBoxx Eurozone Government Bond Yield Plus UCITS ETF 1D est un fonds négocié en bourse qui suit l'indice iBoxx EUR Sovereigns Eurozone Yield Plus, se concentrant sur les obligations d'État libellées en euros des pays de la zone euro offrant les rendements les plus élevés. Lancé le 28 octobre 2013 et domicilié au Luxembourg, il utilise une méthode de réplication par échantillonnage physique, détenant une sélection de 234 constituants pertinents de l'indice avec un poids maximum de 20…","Other","",100.00,1,1,STANDARD,"Italy",44.90,"[{""s"":""Other"",""w"":100}]","[{""s_fr"":null,""w"":100}]","[{""c"":""Italy"",""w"":44.9},{""c"":""Spain"",""w"":30.89},{""c"":""Other"",""w"":14.72},{""c"":""Portugal"",""w"":5.21},{""c"":""Ireland"",""w"":4.28}]","ETAMD (French Republic Government Bond)","[{""t"":""ETAMD"",""n"":""French Republic Government Bond"",""w"":1.37},{""t"":null,""n"":""FR0011317783"",""w"":1.3},{""t"":""ETANH"",""n"":""French Republic OAT 0.75% 25 May 2028"",""w"":1.29},{""t"":""4RF9"",""n"":""FR0012993103"",""w"":1.26},{""t"":""ETAPY"",""n"":""French Republic Government Bond 2.75% 2029"",""w"":1.22},{""t"":""ETANM"",""n"":""French Republic Government Bond"",""w"":1.22},{""t"":""FR001400PM68"",""n"":""Republic of France"",""w"":1.18},{""t"":""ETANS"",""n"":""Republic of France Government Bond"",""w"":1.13},{""t"":""ETAPT"",""n"":""French Republic Government Bond 2% 2032"",""w"":1.08},{""t"":""FR1400L83"",""n"":""FR001400L834"",""w"":1.06}]",105
36IB,"iShares iBonds Dec 2036 Term EUR Corporate UCITS ETF",,XETR,EUR,,,standard,,,,,,,,"L'iShares iBonds Dec 2036 Term EUR Corporate UCITS ETF est un fonds négocié en bourse à revenu fixe qui offre une exposition aux obligations d'entreprise notées investment-grade libellées en euros, arrivant à maturité en 2036. Le fonds est conçu pour suivre l'indice Bloomberg MSCI December 2036 Maturity EUR Corporate ESG Screened, en utilisant une approche échantillonnée et physiquement adossée, et en appliquant des critères de filtrage ESG pour exclure certains émetteurs. Il se concentre sur l…","","",,0.3,0,DATA_MISSING,"Germany",,"[]","[]","[{""c"":""Germany"",""w"":null}]","","[]",32
SEAB,"UBS J.P. Morgan USD EM Diversified Bond 1-5 UCITS ETF hEUR acc",,XETR,EUR,,,standard,401728817,0.0038,,,9.756,70,U.S. Government,"UBS J.P. Morgan USD EM Diversified Bond 1-5 UCITS ETF hEUR acc est un fonds négocié en bourse axé sur la dette des marchés émergents à court terme libellée en dollars américains. Le fonds cherche à suivre l'indice J.P. Morgan USD Emerging Markets Diversified 3% Capped 1-5 (EUR Hedged), offrant aux investisseurs une exposition diversifiée aux obligations souveraines et d'entreprise des économies émergentes avec des échéances comprises entre un et cinq ans. En utilisant une classe d'actions couve…","Sovereign","",40.88,1,1,STANDARD,"Other",28.89,"[{""s"":""Sovereign"",""w"":40.88},{""s"":""Financial Services"",""w"":23.46},{""s"":""Energy"",""w"":7.48},{""s"":""Non-Energy Materials"",""w"":5.31},{""s"":""Utilities"",""w"":4.6}]","[{""s_fr"":null,""w"":40.88},{""s_fr"":null,""w"":23.46},{""s_fr"":null,""w"":7.48},{""s_fr"":null,""w"":5.31},{""s_fr"":null,""w"":4.6}]","[{""c"":""Other"",""w"":28.89},{""c"":""Hong Kong"",""w"":3.67},{""c"":""Mexico"",""w"":3.01},{""c"":""United Arab Emirates"",""w"":2.94},{""c"":""Saudi Arabia"",""w"":2.86}]","US040114HS26","[{""t"":""US040114HS26"",""n"":null,""w"":1.83},{""t"":""US857524AF9"",""n"":""US857524AF94"",""w"":0.75},{""t"":null,""n"":""XS1750113661"",""w"":0.73},{""t"":null,""n"":""XS2214237807"",""w"":0.69},{""t"":null,""n"":""USY68856AT38"",""w"":0.69},{""t"":null,""n"":""XS2893147251"",""w"":0.68},{""t"":null,""n"":""XS1944412748"",""w"":0.59},{""t"":null,""n"":""USP3579ECB13"",""w"":0.59},{""t"":null,""n"":""USP3579ECF27"",""w"":0.58},{""t"":""XS275652121"",""n"":""XS2756521212"",""w"":0.56}]",105
JEST,"JPMorgan EUR Ultra-Short Income UCITS ETF - EUR (Acc)",,XETR,EUR,,,inverse,1866569984,0.0018,,2.61,9.946,81,A,"JPMorgan EUR Ultra-Short Income UCITS ETF - EUR (Acc) est un fonds négocié en bourse géré activement, conçu pour fournir un revenu courant tout en maintenant une faible volatilité du capital. Il investit principalement dans un portefeuille diversifié de titres de créance d'entreprise à taux fixe et à taux variable, de qualité investissement, libellés en euros et à court terme, avec un accent sur une durée ultra-courte typiquement inférieure à un an pour minimiser la sensibilité aux taux d'intér…","Financial Services","",49.49,0.4,0,NON_STANDARD,"Other",40.95,"[{""s"":""Financial Services"",""w"":49.49},{""s"":""Other"",""w"":38.24},{""s"":""Consumer Cyclicals"",""w"":3.76},{""s"":""Sovereign"",""w"":2.56},{""s"":""Consumer Non-Cyclicals"",""w"":1.45}]","[{""s_fr"":null,""w"":49.49},{""s_fr"":null,""w"":38.24},{""s_fr"":null,""w"":3.76},{""s_fr"":null,""w"":2.56},{""s_fr"":null,""w"":1.45}]","[{""c"":""Other"",""w"":40.95},{""c"":""United States"",""w"":15.37},{""c"":""United Kingdom"",""w"":7.03},{""c"":""France"",""w"":5.77},{""c"":""Canada"",""w"":5.65}]","(XS2900265559)","[{""t"":null,""n"":""XS2900265559"",""w"":1.47},{""t"":""XS244800181"",""n"":""XS2448001813"",""w"":1.4},{""t"":""XS257356922"",""n"":""XS2573569220"",""w"":1.4},{""t"":""XS248658959"",""n"":""XS2486589596"",""w"":1.29},{""t"":""XS253836687"",""n"":""XS2538366878"",""w"":1.27},{""t"":""US91282CNP2"",""n"":""United States Treasury Note 3.875% Due July 31, 2027"",""w"":1.23},{""t"":""XS253498552"",""n"":""XS2534985523"",""w"":1.22},{""t"":""XS258809947"",""n"":""XS2588099478"",""w"":1.21},{""t"":null,""n"":""XS2329143510"",""w"":1.17},{""t"":null,""n"":""XS1426022536"",""w"":1.12}]",105
31IG,"iShares iBonds Dec 2031 Term EUR Corporate UCITS ETF",,XETR,EUR,,,standard,511903825,0.0012,,,,,,"L'iShares iBonds Dec 2031 Term EUR Corporate UCITS ETF est un fonds négocié en bourse à revenu fixe conçu pour fournir une exposition ciblée à un portefeuille diversifié d'obligations d'entreprise libellées en euros, toutes arrivant à maturité en 2031. Son objectif principal est de répliquer étroitement la performance et le rendement de l'indice Bloomberg MSCI December 2031 Maturity EUR Corporate ESG Screened en investissant principalement dans des émetteurs d'entreprise de qualité investisseme…","Financial Services","",39.29,1,1,STANDARD,"France",19.42,"[{""s"":""Financial Services"",""w"":39.29},{""s"":""Industrial"",""w"":8.05},{""s"":""Utilities"",""w"":6.75},{""s"":""Healthcare"",""w"":6.29},{""s"":""Consumer Non-Cyclicals"",""w"":6.07}]","[{""s_fr"":null,""w"":39.29},{""s_fr"":null,""w"":8.05},{""s_fr"":null,""w"":6.75},{""s_fr"":null,""w"":6.29},{""s_fr"":null,""w"":6.07}]","[{""c"":""France"",""w"":19.42},{""c"":""United States"",""w"":18.28},{""c"":""Germany"",""w"":14.29},{""c"":""United Kingdom"",""w"":7.59},{""c"":""Spain"",""w"":6.41}]","XS270560423 (XS2705604234)","[{""t"":""XS270560423"",""n"":""XS2705604234"",""w"":1.36},{""t"":null,""n"":""XS2050406094"",""w"":1.05},{""t"":null,""n"":""XS2673808726"",""w"":1.03},{""t"":""FR1400HCR"",""n"":""FR001400HCR4"",""w"":1},{""t"":""FR1400LWN"",""n"":""FR001400LWN3"",""w"":0.86},{""t"":""XS258979010"",""n"":""XS2589790109"",""w"":0.8},{""t"":""XS263469011"",""n"":""XS2634690114"",""w"":0.8},{""t"":null,""n"":""XS1945110861"",""w"":0.74},{""t"":""XS255522094"",""n"":""XS2555220941"",""w"":0.72},{""t"":""FR001400T9Q9"",""n"":""FR001400T9Q9"",""w"":0.71}]",100
ICLO,"Invesco AAA CLO Floating Rate Note ETF",,XLON,USD,Securitized Bond - Focused,,structured,588226496,0.0019,0.0483,4.82,10.138,93,AAA,"Invesco AAA CLO Floating Rate Note ETF est un fonds négocié en bourse à revenu fixe géré activement, conçu pour fournir un revenu courant et une préservation du capital. Le fonds investit principalement dans des billets à taux variable émis par des obligations de prêt garanties notées AAA ou équivalent, en se concentrant sur une exposition au crédit titrisé de haute qualité au sein du marché obligataire américain. Son portefeuille est construit autour d'instruments à court terme et à taux varia…","","",,0.4,0,STRUCTURED_VEHICLE,"United Kingdom",,"[]","[]","[{""c"":""United Kingdom"",""w"":null}]","IUGXX (Invesco Premier US Government Money Portfolio Institutional Class)","[{""t"":""IUGXX"",""n"":""Invesco Premier US Government Money Portfolio Institutional Class"",""w"":2.85}]",97
ICLA,"Invesco USD AAA CLO UCITS ETF GBP Hedged Accumulation",,XLON,GBp,,,standard,,0.0025,,4.86,10.175,,,"L'Invesco USD AAA CLO UCITS ETF GBP Hedged Accumulation est un fonds négocié en bourse (ETF) répliqué physiquement et géré activement, conçu pour offrir une exposition à des obligations de prêt garanties (CLO) de haute qualité libellées en USD. Le fonds investit principalement dans des titres CLO notés AAA, avec au moins 80 % des avoirs dans ces tranches les mieux notées et jusqu'à 20 % dans des obligations notées AA, garantissant ainsi un accent sur la qualité de crédit. Sa politique d'accumul…","","",,0.3,0,DATA_MISSING,"United Kingdom",,"[]","[]","[{""c"":""United Kingdom"",""w"":null}]","","[]",52
CRPH,"iShares Global Corporate Bond EUR Hedged UCITS ETF (Dist)",,XLON,EUR,,,standard,1093584896,0.0025,0.0261,4.28,9.132,69,A,"iShares Global Corporate Bond EUR Hedged UCITS ETF (Dist) est un fonds négocié en bourse qui cherche à suivre l'indice Bloomberg Global Aggregate Corporate (EUR Hedged), composé d'obligations d'entreprises de qualité investissement émises par des sociétés dans des marchés développés et émergents. Lancé le 25 juin 2013 et domicilié en Irlande, cet ETF distribuant fournit des paiements de revenus semestriels aux investisseurs tout en maintenant une structure couverte en euros pour atténuer le ris…","Financial Services","",100.00,1,1,STANDARD,"United Kingdom",,"[{""s"":""Financial Services"",""w"":100},{""s"":""Utilities"",""w"":0},{""s"":""Consumer Defensive"",""w"":0},{""s"":""Industrial"",""w"":0},{""s"":""Basic Materials"",""w"":0}]","[{""s_fr"":null,""w"":100},{""s_fr"":null,""w"":0},{""s_fr"":null,""w"":0},{""s_fr"":null,""w"":0},{""s_fr"":null,""w"":0}]","[{""c"":""United Kingdom"",""w"":null}]","","[]",100
CRPA,"iShares Global Corporate Bond UCITS ETF USD (Acc)",,XLON,USD,,,standard,,0.002,0,4.24,9.404,69,A,"iShares Global Corporate Bond UCITS ETF USD (Acc) est un fonds négocié en bourse axé sur les obligations d'entreprise de qualité investment-grade émises par des émetteurs du monde entier. Le fonds cherche à suivre l'indice Bloomberg Global Aggregate Corporate, offrant aux investisseurs une large exposition aux marchés développés et émergents ainsi qu'à toutes les maturités. Il utilise une réplication physique avec une approche d'échantillonnage et réinvestit les revenus, ce qui en fait une clas…","Financial Services","",41.06,1,1,STANDARD,"United States",56.78,"[{""s"":""Financial Services"",""w"":41.06},{""s"":""Utilities"",""w"":9.5},{""s"":""Industrial"",""w"":6.98},{""s"":""Healthcare"",""w"":6.73},{""s"":""Technology"",""w"":6.52}]","[{""s_fr"":null,""w"":41.06},{""s_fr"":null,""w"":9.5},{""s_fr"":null,""w"":6.98},{""s_fr"":null,""w"":6.73},{""s_fr"":null,""w"":6.52}]","[{""c"":""United States"",""w"":56.78},{""c"":""Other"",""w"":8.9},{""c"":""United Kingdom"",""w"":7.12},{""c"":""France"",""w"":6.09},{""c"":""Canada"",""w"":4.93}]","(JP1103521JA8)","[{""t"":null,""n"":""JP1103521JA8"",""w"":0.43},{""t"":""0P0001I429"",""n"":""BlackRock ICS US Dollar Liquid Environmentally Aware Fund Agency Inc"",""w"":0.19},{""t"":null,""n"":""JP1201531F68"",""w"":0.14},{""t"":null,""n"":""US03522AAJ97"",""w"":0.06},{""t"":null,""n"":""US38141GFD16"",""w"":0.06},{""t"":""CVSE"",""n"":""US126650CZ11"",""w"":0.05},{""t"":null,""n"":""US95000U2M49"",""w"":0.05},{""t"":""3H0B"",""n"":""3H0B"",""w"":0.05},{""t"":""357F"",""n"":""US87264ABF12"",""w"":0.05},{""t"":""US6051GLH0"",""n"":""US06051GLH01"",""w"":0.04}]",95
0,"AIB Acquisition Corporation",,XLON,USD,,,,,,,,,,,"","","",,,0,,"",,"[]","[]","[]","","[]",0
CRHG,"iShares Global Corp Bond UCITS ETF GBP Hedged (Dist)",,XLON,GBP,,,standard,,0.0025,0.0442,4.25,9.169,69,A,"iShares Global Corp Bond UCITS ETF GBP Hedged (Dist) est un fonds négocié en bourse qui offre aux investisseurs une exposition à un portefeuille diversifié d'obligations d'entreprises mondiales de qualité investissement. Lancé le 24 septembre 2012 et domicilié en Irlande, l'ETF est géré par BlackRock et vise à reproduire la performance de l'indice Bloomberg Global Aggregate Corporate (GBP Hedged) par le biais d'une méthodologie d'échantillonnage représentatif. Il investit principalement dans de…","Financial Services","",41.06,1,1,STANDARD,"United States",56.78,"[{""s"":""Financial Services"",""w"":41.06},{""s"":""Utilities"",""w"":9.5},{""s"":""Industrial"",""w"":6.98},{""s"":""Healthcare"",""w"":6.73},{""s"":""Technology"",""w"":6.52}]","[{""s_fr"":null,""w"":41.06},{""s_fr"":null,""w"":9.5},{""s_fr"":null,""w"":6.98},{""s_fr"":null,""w"":6.73},{""s_fr"":null,""w"":6.52}]","[{""c"":""United States"",""w"":56.78},{""c"":""Other"",""w"":8.9},{""c"":""United Kingdom"",""w"":7.12},{""c"":""France"",""w"":6.09},{""c"":""Canada"",""w"":4.93}]","(JP1103521JA8)","[{""t"":null,""n"":""JP1103521JA8"",""w"":0.43},{""t"":""0P0001I429"",""n"":""BlackRock ICS US Dollar Liquid Environmentally Aware Fund Agency Inc"",""w"":0.19},{""t"":null,""n"":""JP1201531F68"",""w"":0.14},{""t"":null,""n"":""US03522AAJ97"",""w"":0.06},{""t"":null,""n"":""US38141GFD16"",""w"":0.06},{""t"":""CVSE"",""n"":""US126650CZ11"",""w"":0.05},{""t"":""3H0B"",""n"":""3H0B"",""w"":0.05},{""t"":""357F"",""n"":""US87264ABF12"",""w"":0.05},{""t"":null,""n"":""US95000U2M49"",""w"":0.05},{""t"":""US6051GLH0"",""n"":""US06051GLH01"",""w"":0.04}]",95
IBGT,"iShares $ Treasury Bond 1-3yr UCITS ETF",,XLON,GBP,,,standard,,0.001,0,3.25,9.714,92,AA,"iShares $ Treasury Bond 1-3yr UCITS ETF GBP Hedged (Acc) est un fonds négocié en bourse qui suit l'indice ICE US Treasury 1-3 Year (GBP Hedged), se concentrant sur les obligations d'État libellées en dollars américains émises par le Trésor des États-Unis avec des maturités comprises entre 1 et 3 ans. Cet ETF utilise une méthode de réplication par échantillonnage physique pour refléter la performance de l'indice, détenant un portefeuille diversifié principalement composé de titres du Trésor à co…","Other","",100.00,0.35,0,ALT_ASSET_FX,"Other",100.00,"[{""s"":""Other"",""w"":100}]","[{""s_fr"":null,""w"":100}]","[{""c"":""Other"",""w"":100}]","US91282CME8 (US91282CME83)","[{""t"":""US91282CME8"",""n"":""US91282CME83"",""w"":2.05},{""t"":""US91282CNP2"",""n"":""United States Treasury Note 3.875% Due July 31, 2027"",""w"":1.61},{""t"":""US91282CNE7"",""n"":""United States Treasury Note 3.875% 05/31/2027"",""w"":1.6},{""t"":null,""n"":""US912828Z781"",""w"":1.58},{""t"":""US91282CLY5"",""n"":""United States Treasury Note 4.25% 11/30/2026"",""w"":1.54},{""t"":""US91282CMP3"",""n"":""United States Treasury Note 4.125% due 02/28/2027"",""w"":1.52},{""t"":""US91282CMV0"",""n"":""United States Treasury Note 3.875% 03/31/2027"",""w"":1.51},{""t"":""US91282CMH1"",""n"":""United States Treasury Note 4.125% Due January 31, 2027"",""w"":1.51},{""t"":""US91282CMY4"",""n"":""United States Treasury Note 3.75% 04/30/2027"",""w"":1.49},{""t"":""US91282CLS8"",""n"":""United States Treasury Note, 4.125% due 10/31/2026"",""w"":1.48}]",95
IGSD,"iShares $ Short Duration Corp Bond UCITS ETF USD (Dist)",,XLON,GBP,,,inverse,,0.002,,4.16,9.818,70,A,"iShares $ Short Duration Corp Bond UCITS ETF USD (Dist) est un fonds négocié en bourse domicilié en Irlande et géré par la plateforme iShares de BlackRock. Il cherche à suivre la performance de l'indice Markit iBoxx USD Liquid Investment Grade 0-5, qui comprend des obligations d'entreprises de qualité investissement libellées en dollars américains avec des durées courtes typiquement comprises entre 0 et 5 ans. Cet ETF offre une exposition à un portefeuille diversifié de dettes d'entreprises de …","Financial Services","",45.50,0.35,0,ALT_ASSET_FX,"United States",79.95,"[{""s"":""Financial Services"",""w"":45.5},{""s"":""Technology"",""w"":9.44},{""s"":""Healthcare"",""w"":6.94},{""s"":""Utilities"",""w"":5.98},{""s"":""Consumer Non-Cyclicals"",""w"":5.87}]","[{""s_fr"":null,""w"":45.5},{""s_fr"":null,""w"":9.44},{""s_fr"":null,""w"":6.94},{""s_fr"":null,""w"":5.98},{""s_fr"":null,""w"":5.87}]","[{""c"":""United States"",""w"":79.95},{""c"":""United Kingdom"",""w"":4.97},{""c"":""Other"",""w"":4.53},{""c"":""Canada"",""w"":4.29},{""c"":""Japan"",""w"":2.91}]","0P0001I429 (BlackRock ICS US Dollar Liquid Environmentally Aware Fund Agency Inc)","[{""t"":""0P0001I429"",""n"":""BlackRock ICS US Dollar Liquid Environmentally Aware Fund Agency Inc"",""w"":1.34},{""t"":""357F"",""n"":""US87264ABF12"",""w"":0.23},{""t"":""NCBX"",""n"":""US06051GHD43"",""w"":0.2},{""t"":null,""n"":""US097023DG73"",""w"":0.19},{""t"":null,""n"":""US00287YBX67"",""w"":0.18},{""t"":""NCBI"",""n"":""US06051GJS93"",""w"":0.18},{""t"":""CVSA"",""n"":""US126650CX62"",""w"":0.16},{""t"":null,""n"":""US097023CY98"",""w"":0.16},{""t"":""US38141GYM0"",""n"":""US38141GYM04"",""w"":0.14},{""t"":""US95000U3E1"",""n"":""Wells Fargo & Company 5.574% Senior Unsecured Notes due July 25, 2029"",""w"":0.14}]",85
IGLH,"iShares Global Govt Bond UCITS ETF GBP Hedged (Dist)",,XLON,GBP,,,standard,,0.0025,0.0325,3.09,8.932,91,U.S. Government,"iShares Global Govt Bond UCITS ETF GBP Hedged (Dist) est un fonds négocié en bourse qui offre aux investisseurs une exposition à un portefeuille diversifié d'obligations gouvernementales de qualité d'investissement émises par les pays du G7, y compris le Canada, la France, l'Allemagne, l'Italie, le Japon, le Royaume-Uni et les États-Unis. Lancé le 20 mars 2018 et domicilié en Irlande, l'ETF suit l'indice FTSE G7 Government Bond (GBP Hedged), se concentrant sur des obligations à taux fixe, libel…","Sovereign","",75.24,1,1,STANDARD,"United States",54.45,"[{""s"":""Sovereign"",""w"":75.24},{""s"":""Other"",""w"":24.52},{""s"":""Non-Corporate"",""w"":0.19},{""s"":""Financial Services"",""w"":0.06}]","[{""s_fr"":null,""w"":75.24},{""s_fr"":null,""w"":24.52},{""s_fr"":null,""w"":0.19},{""s_fr"":null,""w"":0.06}]","[{""c"":""United States"",""w"":54.45},{""c"":""Japan"",""w"":11.2},{""c"":""France"",""w"":8.82},{""c"":""Italy"",""w"":7.84},{""c"":""United Kingdom"",""w"":7.12}]","(US91282CKQ32)","[{""t"":null,""n"":""US91282CKQ32"",""w"":0.51},{""t"":""US91282CLW9"",""n"":""United States Treasury Note 4.25% Due 11/15/2034"",""w"":0.51},{""t"":""US91282CJJ1"",""n"":""US91282CJJ18"",""w"":0.5},{""t"":""US91282CMM0"",""n"":""United States Treasury Note 4.625% Due 02/15/2035"",""w"":0.5},{""t"":""US91282CJZ5"",""n"":""US91282CJZ59"",""w"":0.5},{""t"":""US91282CNC1"",""n"":""United States Treasury Note 4.25% 05/15/2035"",""w"":0.48},{""t"":""ETAMD"",""n"":""French Republic Government Bond"",""w"":0.48},{""t"":""US91282CHT1"",""n"":""US91282CHT18"",""w"":0.44},{""t"":""US91282CFV8"",""n"":""US91282CFV81"",""w"":0.43},{""t"":""US91282CLY5"",""n"":""United States Treasury Note 4.25% 11/30/2026"",""w"":0.43}]",95
IBTL,"iShares iBonds Dec 2031 Term Treasury ETF",,XLON,USD,Target Maturity,,standard,737589568,0.0007,0.0404,3.41,9.309,92,AA,"iShares iBonds Dec 2031 Term Treasury ETF est un fonds négocié en bourse à revenu fixe axé sur les titres du Trésor américain arrivant à échéance en 2031. Le fonds est conçu pour suivre un indice de bons du Trésor américain et d'obligations émis publiquement, dont l'échéance est prévue entre le 1er janvier 2031 et le 15 décembre 2031, offrant aux investisseurs une exposition ciblée à un segment de maturité défini du marché obligataire gouvernemental. Il utilise une approche passive, physiquemen…","","",,0.3,0,DATA_MISSING,"United Kingdom",,"[]","[]","[{""c"":""United Kingdom"",""w"":null}]","XTSLA (BlackRock Cash Funds Treasury SL Agency)","[{""t"":""XTSLA"",""n"":""BlackRock Cash Funds Treasury SL Agency"",""w"":0.16}]",97
IGL5,"iShares UK Gilts 0-5yr UCITS ETF",,XLON,GBP,,,standard,,0.0007,0,2.98,9.574,92,AA,"L'iShares UK Gilts 0-5yr UCITS ETF GBP (Acc) est un fonds négocié en bourse qui suit l'indice FTSE Actuaries UK Conventional Gilts 0-5 Years, comprenant des obligations d'État britanniques libellées en livres sterling avec des maturités comprises entre 0 et 5 ans, à l'exclusion des obligations indexées. Lancé le 19 mai 2023 et domicilié en Irlande, il utilise une méthode de réplication par échantillonnage physique, détenant une sélection représentative de 19 à 21 constituants de l'indice princi…","","",,0.3,0,DATA_MISSING,"United Kingdom",,"[]","[]","[{""c"":""United Kingdom"",""w"":null}]","","[]",62
IBTG,"iShares iBonds Dec 2026 Term Treasury ETF",,XLON,USD,Target Maturity,,standard,1963441152,0.0007,0.0388,,,85,AA,"iShares iBonds Dec 2026 Term Treasury ETF est un fonds négocié en bourse à revenu fixe conçu pour suivre un indice de titres du Trésor américain arrivant à maturité en 2026. Le fonds détient un portefeuille principalement composé d'obligations gouvernementales américaines, avec un profil de maturité défini qui lui confère une date de fin claire et une structure de durée ciblée. Il est utilisé par les investisseurs recherchant une exposition à la dette à court terme du Trésor, des distributions …","","",,0.3,0,DATA_MISSING,"United Kingdom",,"[]","[]","[{""c"":""United Kingdom"",""w"":null}]","XTSLA (BlackRock Cash Funds Treasury SL Agency)","[{""t"":""XTSLA"",""n"":""BlackRock Cash Funds Treasury SL Agency"",""w"":28.52}]",97
X71U,"Xtrackers II Eurozone Government Bond 7-10 UCITS ETF 2C - USD Hedged",,XLON,USD,,,standard,,0.002,0,3.21,9.673,89,U.S. Government,"Xtrackers II Eurozone Government Bond 7-10 UCITS ETF 2C - USD Hedged est un fonds négocié en bourse qui offre une exposition ciblée aux obligations d'État libellées en euros émises par les gouvernements de la zone euro, spécifiquement celles ayant des maturités entre 7 et 10 ans. Lancé le 13 octobre 2022 et domicilié au Luxembourg, l'ETF suit l'indice Markit iBoxx® EUR Eurozone 7-10 (USD Hedged) en utilisant une technique d'échantillonnage pour répliquer la performance. Il se concentre exclusiv…","Other","",100.00,1,1,STANDARD,"Other",100.00,"[{""s"":""Other"",""w"":100}]","[{""s_fr"":null,""w"":100}]","[{""c"":""Other"",""w"":100}]","ETAPT (French Republic Government Bond 2% 2032)","[{""t"":""ETAPT"",""n"":""French Republic Government Bond 2% 2032"",""w"":6.58},{""t"":""FR1400L83"",""n"":""FR001400L834"",""w"":6.48},{""t"":""FR001400X8V5"",""n"":""French Republic Government Bond 3.20% May 25, 2035"",""w"":6.2},{""t"":""ETAPX"",""n"":""France Government Bonds"",""w"":5.73},{""t"":""FR001400QMF9"",""n"":""Government of France"",""w"":5.39},{""t"":""BB88"",""n"":""DE000BU2Z007"",""w"":4.77},{""t"":""BB96"",""n"":""DE000BU2Z031"",""w"":4.45},{""t"":""BU2Z04"",""n"":""DE000BU2Z049"",""w"":4.36},{""t"":""BB93"",""n"":""DE000BU2Z023"",""w"":4.3},{""t"":""BB91"",""n"":""DE000BU2Z015"",""w"":3.94}]",95
CLOX,"Eldridge AAA CLO ETF",,XLON,USD,Securitized Bond - Focused,,standard,320920384,0.002,0.0482,4.94,10.009,95,AAA,"Eldridge AAA CLO ETF est un fonds négocié en bourse géré activement qui se concentre sur des obligations de prêt collatéralisées de haute qualité, investissant principalement dans des tranches de CLO notées AAA. Son objectif est de générer un revenu courant tout en cherchant également à préserver le capital à travers un portefeuille construit autour de titres de créance senior, de meilleure notation, soutenus par des pools diversifiés de prêts d'entreprise. Le fonds utilise une stratégie de rev…","","",,0.3,0,DATA_MISSING,"United Kingdom",,"[]","[]","[{""c"":""United Kingdom"",""w"":null}]","","[]",82
0HH0,"Amundi Euro Government Bond 10-15Y UCITS ETF Acc",,XLON,EUR,,,standard,1048507712,0.0015,,3.28,9.272,88,U.S. Government,"Amundi Euro Government Bond 10-15Y UCITS ETF Acc est un fonds négocié en bourse conforme aux UCITS qui suit l'indice Bloomberg Euro Treasury 50bn 10-15 Year Bond. Cet indice se concentre sur les obligations d'État libellées en euros émises par les États membres de la zone euro, spécifiquement celles ayant des maturités comprises entre 10 et 15 ans et des notations de qualité investissement. L'ETF utilise une réplication physique complète, détenant tous les composants de l'indice pour refléter é…","","",,0.3,0,DATA_MISSING,"Italy",25.81,"[]","[]","[{""c"":""Italy"",""w"":25.81},{""c"":""France"",""w"":20.25},{""c"":""Spain"",""w"":17.95},{""c"":""Germany"",""w"":16.3},{""c"":""Belgium"",""w"":5.58}]","","[]",72
0HGZ,"Amundi Euro Government Bond 3-5Y UCITS ETF Acc",,XLON,EUR,,,standard,2086009856,0.0015,,2.56,9.592,88,U.S. Government,"Amundi Euro Government Bond 3-5Y UCITS ETF Acc est un fonds négocié en bourse conforme aux UCITS qui offre aux investisseurs une exposition ciblée au marché des obligations d'État de la zone euro. Il cherche à répliquer la performance de l'indice Bloomberg Euro Treasury 50bn 3-5 Year Bond Index, qui comprend des obligations souveraines libellées en euros, de qualité investissement, émises par des pays membres de la zone euro avec des maturités comprises entre trois et cinq ans et des tailles d'…","","",,0.3,0,DATA_MISSING,"United Kingdom",,"[]","[]","[{""c"":""United Kingdom"",""w"":null}]","","[]",72
IESP,"iShares Spain Government Bond UCITS ETF",,XLON,EUR,,,standard,,,,,,,,"L'iShares Spain Government Bond UCITS ETF est un fonds négocié en bourse qui cherche à suivre la performance de l'indice Bloomberg Spain Treasury Bond, qui comprend des obligations d'État espagnoles libellées en euros et toutes maturités confondues. Lancé le 8 mai 2012 et domicilié en Irlande, l'ETF utilise une méthode de réplication par échantillonnage physique, détenant un portefeuille diversifié d'environ 54 obligations, avec près de 100 % alloué à des titres émis par le Royaume d'Espagne. I…","","",,0.3,0,DATA_MISSING,"United Kingdom",,"[]","[]","[{""c"":""United Kingdom"",""w"":null}]","","[]",32
IDTP,"iShares USD TIPS UCITS ETF USD (Acc)",,XLON,USD,,,standard,5458932565,0.001,,1.34,9.049,92,AA,"iShares USD TIPS UCITS ETF USD (Acc) est un fonds négocié en bourse qui cherche à suivre l'indice des obligations liées à l'inflation du gouvernement américain de Bloomberg. Cet indice comprend des titres du Trésor américain protégés contre l'inflation (TIPS), qui sont des obligations gouvernementales à taux fixe, libellées en USD, conçues pour protéger contre l'inflation en ajustant leur valeur nominale en fonction des variations de l'indice des prix à la consommation. Le fonds utilise une tec…","Sovereign","",83.70,1,1,STANDARD,"United States",83.05,"[{""s"":""Sovereign"",""w"":83.7},{""s"":""Other"",""w"":16.21},{""s"":""Non-Corporate"",""w"":0.09}]","[{""s_fr"":null,""w"":83.7},{""s_fr"":null,""w"":16.21},{""s_fr"":null,""w"":0.09}]","[{""c"":""United States"",""w"":83.05},{""c"":""Other"",""w"":16.95}]","US91282CML2 (United States Treasury Inflation-Protected Securities 2.125% Due 01/15/2035)","[{""t"":""US91282CML2"",""n"":""United States Treasury Inflation-Protected Securities 2.125% Due 01/15/2035"",""w"":3.45},{""t"":""US91282CLE9"",""n"":""United States Treasury Inflation-Protected Securities 1.875% Due July 15, 2034"",""w"":3.23},{""t"":null,""n"":""US91282CDX65"",""w"":3.14},{""t"":null,""n"":""US91282CNB36"",""w"":3.08},{""t"":""US91282CJY8"",""n"":""US91282CJY84"",""w"":3.05},{""t"":null,""n"":""US91282CCM10"",""w"":3.02},{""t"":""US91282CGK1"",""n"":""US91282CGK18"",""w"":3},{""t"":""US912828ZZ6"",""n"":""US912828ZZ63"",""w"":2.94},{""t"":""US91282CHP9"",""n"":""US91282CHP95"",""w"":2.93},{""t"":""US91282CEZ0"",""n"":""US91282CEZ05"",""w"":2.92}]",105
IDTG,"iShares $ Treasury Bond 20+yr UCITS ETF GBP Hedged (Dist)",,XLON,GBP,,,standard,,0.001,0.0508,3.62,7.279,93,U.S. Government,"iShares $ Treasury Bond 20+yr UCITS ETF GBP Hedged (Dist) est un fonds négocié en bourse qui offre une exposition ciblée aux obligations du Trésor américain à long terme avec des maturités restantes de 20 ans ou plus. Géré par BlackRock, il vise à reproduire la performance de l'IDC US Treasury 20+ Year Index (ou des indices de référence étroitement liés comme le Barclays U.S. 20+ Year Treasury Bond Index) grâce à une méthodologie d'échantillonnage représentatif, en investissant principalement d…","Sovereign","",81.11,1,1,STANDARD,"United States",77.63,"[{""s"":""Sovereign"",""w"":81.11},{""s"":""Other"",""w"":18.76},{""s"":""Non-Corporate"",""w"":0.13}]","[{""s_fr"":null,""w"":81.11},{""s_fr"":null,""w"":18.76},{""s_fr"":null,""w"":0.13}]","[{""c"":""United States"",""w"":77.63},{""c"":""Other"",""w"":22.37}]","US912810UK2 (US912810UK24)","[{""t"":""US912810UK2"",""n"":""US912810UK24"",""w"":4.57},{""t"":null,""n"":""US912810UA42"",""w"":4.48},{""t"":""US912810UG1"",""n"":""US912810UG12"",""w"":4.43},{""t"":""US912810UE6"",""n"":""US912810UE63"",""w"":4.39},{""t"":""US912810TV0"",""n"":""US912810TV08"",""w"":4.34},{""t"":""US912810TX6"",""n"":""US912810TX63"",""w"":4.16},{""t"":""US912810UC0"",""n"":""US912810UC08"",""w"":4.16},{""t"":""US912810TT5"",""n"":""US912810TT51"",""w"":3.71},{""t"":null,""n"":""US912810TL26"",""w"":3.33},{""t"":null,""n"":""US912810SX72"",""w"":3.14}]",95
0HGY,"Amundi Euro Government Bond 1-3Y UCITS ETF Dist",,XLON,EUR,,,standard,,,,,,,,"Amundi Euro Government Bond 1-3Y UCITS ETF Dist est un fonds négocié en bourse conforme aux UCITS qui suit l'indice Bloomberg Barclays Euro Treasury 50bn 1-3 Year Bond. Il offre une exposition ciblée aux obligations d'État à court terme libellées en euros émises par des pays de la zone euro ayant au moins 50 milliards d'euros de dette en circulation, en se concentrant sur des maturités comprises entre 1 et 3 ans et une taille d'émission minimale de 300 millions d'euros. Utilisant la réplication…","","",,0.3,0,DATA_MISSING,"United Kingdom",,"[]","[]","[{""c"":""United Kingdom"",""w"":null}]","","[]",32
GLTA,"Invesco UK Gilts UCITS ETF Acc",,XLON,GBp,,,standard,334666816,0.0006,0,3.36,8.527,93,U.S. Government,"Invesco UK Gilts UCITS ETF Acc est un fonds négocié en bourse qui offre aux investisseurs une exposition ciblée au marché des obligations d'État britannique, spécifiquement à travers des gilts conventionnels. Ces gilts représentent des titres de créance émis par le gouvernement britannique pour financer les dépenses publiques, offrant des rendements à taux fixe sur diverses maturités, allant du court terme au long terme. L'ETF suit l'indice Bloomberg Sterling Gilt ou un indice de référence simi…","Other","",100.00,1,1,STANDARD,"United Kingdom",91.15,"[{""s"":""Other"",""w"":100}]","[{""s_fr"":null,""w"":100}]","[{""c"":""United Kingdom"",""w"":91.15},{""c"":""Other"",""w"":8.85}]","GB00BSQNRC93 (GB00BSQNRC93)","[{""t"":""GB00BSQNRC93"",""n"":""GB00BSQNRC93"",""w"":3.01},{""t"":""GBB24FF09"",""n"":""GB00B24FF097"",""w"":2.9},{""t"":""GB489308"",""n"":""GB0004893086"",""w"":2.68},{""t"":""T30"",""n"":""United Kingdom Treasury Gilt 4.375% 7 March 2030"",""w"":2.57},{""t"":""GB00BDRHNP05"",""n"":""GB00BDRHNP05"",""w"":2.54},{""t"":""T35"",""n"":""United Kingdom 4.5% Treasury Gilt 2035"",""w"":2.52},{""t"":""GBBJMHB53"",""n"":""GB00BJMHB534"",""w"":2.5},{""t"":""TS29"",""n"":""United Kingdom Treasury Gilt 4.125% 07/22/2029"",""w"":2.41},{""t"":""GBB52WS15"",""n"":""GB00B52WS153"",""w"":2.39},{""t"":""GB00BPSNB460"",""n"":""GB00BPSNB460"",""w"":2.33}]",115
GLTL,"SPDR Bloomberg 15+ Year Gilt UCITS ETF (Dist)",,XLON,GBP,,,standard,256422944,0.0015,0.0549,3.17,6.545,93,U.S. Government,"Le SPDR Bloomberg 15+ Year Gilt UCITS ETF (Dist) est un fonds négocié en bourse qui suit l'indice Bloomberg Sterling 15+ Year Aggregate Gilts Bond, se concentrant sur les obligations d'État britanniques à long terme connues sous le nom de gilts, avec des maturités dépassant 15 ans. Géré par State Street Global Advisors et domicilié en Irlande, il utilise une stratégie de réplication complète en détenant des gilts de qualité investissement, principalement dans le secteur des Trésors, avec enviro…","Sovereign","",98.79,1,1,STANDARD,"United Kingdom",94.23,"[{""s"":""Sovereign"",""w"":98.79},{""s"":""Other"",""w"":1.21}]","[{""s_fr"":null,""w"":98.79},{""s_fr"":null,""w"":1.21}]","[{""c"":""United Kingdom"",""w"":94.23},{""c"":""Other"",""w"":5.77}]","GBBPJJKP7 (GB00BPJJKP77)","[{""t"":""GBBPJJKP7"",""n"":""GB00BPJJKP77"",""w"":6.58},{""t"":""GBBPSNBB3"",""n"":""GB00BPSNBB36"",""w"":5.86},{""t"":null,""n"":""GB00B1VWPJ53"",""w"":5.61},{""t"":null,""n"":""GB00B6460505"",""w"":5.18},{""t"":null,""n"":""GB00B84Z9V04"",""w"":4.94},{""t"":null,""n"":""GB00BN65R313"",""w"":4.88},{""t"":""GB00B06YGN05"",""n"":""UKT4.250DEC55"",""w"":4.86},{""t"":""GBB128DP4"",""n"":""GB00B128DP45"",""w"":4.79},{""t"":""GBBPCJD99"",""n"":""GB00BPCJD997"",""w"":4.76},{""t"":null,""n"":""GB00BJQWYH73"",""w"":4.46}]",115
GLTS,"State Street SPDR Bloomberg 1-5 Year Gilt UCITS ETF (Dist)",,XLON,GBP,,,standard,151766592,0.0015,0.0377,2.99,9.584,93,U.S. Government,"L'ETF State Street SPDR Bloomberg 1-5 Year Gilt UCITS (Dist) est un fonds négocié en bourse à revenu fixe conçu pour suivre la performance des obligations d'État britanniques à court terme, connues sous le nom de gilts, avec des maturités comprises entre un et cinq ans. Le fonds offre une exposition diversifiée à la dette publique libellée en livres sterling grâce à une approche de réplication physique basée sur des règles, détenant un portefeuille de titres du Trésor britannique qui reflète so…","Sovereign","",86.57,1,1,STANDARD,"United Kingdom",87.57,"[{""s"":""Sovereign"",""w"":86.57},{""s"":""Other"",""w"":13.44}]","[{""s_fr"":null,""w"":86.57},{""s_fr"":null,""w"":13.44}]","[{""c"":""United Kingdom"",""w"":87.57},{""c"":""Other"",""w"":12.43}]","GB00BSQNRC93 (GB00BSQNRC93)","[{""t"":""GB00BSQNRC93"",""n"":""GB00BSQNRC93"",""w"":9.43},{""t"":""T30"",""n"":""United Kingdom Treasury Gilt 4.375% 7 March 2030"",""w"":8.32},{""t"":""GBBJMHB53"",""n"":""GB00BJMHB534"",""w"":8.11},{""t"":""GB00BDRHNP05"",""n"":""GB00BDRHNP05"",""w"":8.08},{""t"":""TS29"",""n"":""United Kingdom Treasury Gilt 4.125% 07/22/2029"",""w"":7.87},{""t"":""GB00BPSNB460"",""n"":""GB00BPSNB460"",""w"":7.6},{""t"":""GB00BMF9LG83"",""n"":""S&P 600 Health Care Equipment ("",""w"":7.41},{""t"":""GBBFX0ZL7"",""n"":""GB00BFX0ZL78"",""w"":7.3},{""t"":""GB00B16NNR78"",""n"":""UKT4.250DEC27"",""w"":6.9},{""t"":""T27A"",""n"":""United Kingdom 4.125% Treasury Gilt due 29 January 2027"",""w"":6.73}]",115
GLTY,"SPDR Bloomberg UK Gilt UCITS ETF (Dist)",,XLON,GBP,,,standard,921036032,0.0015,0.0409,3.44,8.712,93,U.S. Government,"SPDR Bloomberg UK Gilt UCITS ETF (Dist) est un fonds négocié en bourse qui suit l'indice des obligations d'État britanniques Bloomberg UK Gilt Bond Index, offrant une exposition au marché des obligations d'État du Royaume-Uni, connu sous le nom de gilts. Lancé le 17 mai 2012 et domicilié en Irlande, il utilise une stratégie de réplication complète pour refléter la performance de l'indice, détenant environ 66 à 80 titres de créance du Trésor britannique de qualité investissement avec un poids en…","Sovereign","",88.19,1,1,STANDARD,"United Kingdom",91.55,"[{""s"":""Sovereign"",""w"":88.19},{""s"":""Other"",""w"":11.81}]","[{""s_fr"":null,""w"":88.19},{""s_fr"":null,""w"":11.81}]","[{""c"":""United Kingdom"",""w"":91.55},{""c"":""Other"",""w"":8.45}]","GB00BSQNRC93 (GB00BSQNRC93)","[{""t"":""GB00BSQNRC93"",""n"":""GB00BSQNRC93"",""w"":2.93},{""t"":""GBB24FF09"",""n"":""GB00B24FF097"",""w"":2.91},{""t"":""GB489308"",""n"":""GB0004893086"",""w"":2.72},{""t"":""T30"",""n"":""United Kingdom Treasury Gilt 4.375% 7 March 2030"",""w"":2.65},{""t"":""TS29"",""n"":""United Kingdom Treasury Gilt 4.125% 07/22/2029"",""w"":2.54},{""t"":""GB00BPSNB460"",""n"":""GB00BPSNB460"",""w"":2.49},{""t"":""GB00BDRHNP05"",""n"":""GB00BDRHNP05"",""w"":2.45},{""t"":""T35"",""n"":""United Kingdom 4.5% Treasury Gilt 2035"",""w"":2.44},{""t"":""GBBJMHB53"",""n"":""GB00BJMHB534"",""w"":2.39},{""t"":""GB00BMF9LG83"",""n"":""S&P 600 Health Care Equipment ("",""w"":2.38}]",115
GHYG,"iShares US & Intl High Yield Corp Bond ETF",,XLON,USD,High Yield Bond,,standard,192004832,0.004,0.0644,6.38,9.573,38,BB,"L'iShares US & Intl High Yield Corp Bond ETF est un fonds négocié en bourse à revenu fixe qui cherche à suivre l'indice Markit iBoxx Global Developed Markets High Yield. Le fonds offre une exposition aux obligations d'entreprise à haut rendement émises aux États-Unis et dans d'autres marchés développés, avec des participations généralement libellées en dollars américains, euros, livres sterling et dollars canadiens. Il est conçu pour donner aux investisseurs un accès large au crédit d'entrepris…","Utilities","",99.47,1,1,STANDARD,"United Kingdom",,"[{""s"":""Utilities"",""w"":99.47},{""s"":""Real Estate"",""w"":0.53},{""s"":""Consumer Cyclical"",""w"":0},{""s"":""Consumer Defensive"",""w"":0},{""s"":""Technology"",""w"":0}]","[{""s_fr"":null,""w"":99.47},{""s_fr"":null,""w"":0.53},{""s_fr"":null,""w"":0},{""s_fr"":null,""w"":0},{""s_fr"":null,""w"":0}]","[{""c"":""United Kingdom"",""w"":null}]","XTSLA (BlackRock Cash Funds Treasury SL Agency)","[{""t"":""XTSLA"",""n"":""BlackRock Cash Funds Treasury SL Agency"",""w"":1.12}]",115
GHYS,"iShares Global High Yield Corp Bond GBP Hedged UCITS ETF (Dist)",,XLON,GBP,,,standard,146539248,0.0055,0.0722,6.16,9.852,39,BB,"iShares Global High Yield Corp Bond GBP Hedged UCITS ETF (Dist) est un fonds négocié en bourse qui cherche à suivre la performance de l'indice Markit iBoxx Global Developed Markets Liquid High Yield Capped (GBP Hedged). Cet indice comprend des obligations d'entreprises à haut rendement liquides émises par des sociétés dans les marchés développés du monde entier, avec des poids d'émetteur plafonnés à 3 % pour promouvoir la diversification. L'ETF offre une exposition à des obligations de sous-inv…","Financial Services","",17.23,1,1,STANDARD,"United States",56.80,"[{""s"":""Financial Services"",""w"":17.23},{""s"":""Consumer Services"",""w"":10.01},{""s"":""Telecommunication"",""w"":9.37},{""s"":""Consumer Cyclicals"",""w"":9.11},{""s"":""Non-Energy Materials"",""w"":8.56}]","[{""s_fr"":null,""w"":17.23},{""s_fr"":null,""w"":10.01},{""s_fr"":null,""w"":9.37},{""s_fr"":null,""w"":9.11},{""s_fr"":null,""w"":8.56}]","[{""c"":""United States"",""w"":56.8},{""c"":""Other"",""w"":11.97},{""c"":""France"",""w"":7.59},{""c"":""United Kingdom"",""w"":6.86},{""c"":""Germany"",""w"":4.57}]","(US1248EPCN14)","[{""t"":null,""n"":""US1248EPCN14"",""w"":0.41},{""t"":""XS224046367"",""n"":""XS2240463674"",""w"":0.39},{""t"":""US126650EH9"",""n"":""FXD-FRN JNR SUB 10/03/2055 USD (SEC REGD) (A)"",""w"":0.38},{""t"":null,""n"":""US88033GDQ01"",""w"":0.34},{""t"":null,""n"":""US88033GDK31"",""w"":0.34},{""t"":null,""n"":""XS2811958839"",""w"":0.34},{""t"":null,""n"":""VODAFONE GRP 19/79 FLR"",""w"":0.33},{""t"":null,""n"":""US278768AA44"",""w"":0.31},{""t"":null,""n"":""US88033GDU13"",""w"":0.29},{""t"":""XS240660717"",""n"":""XS2406607171"",""w"":0.28}]",115
EU13,"SPDR Bloomberg 1-3 Year Euro Government Bond UCITS ETF",,XLON,EUR,,,standard,722938112,0.0015,,2.06,9.807,89,U.S. Government,"Le SPDR Bloomberg 1-3 Year Euro Government Bond UCITS ETF est un fonds négocié en bourse à revenu fixe conçu pour suivre la performance des obligations d'État de la zone euro à court terme. Il offre une exposition à la dette souveraine libellée en euros, de qualité investissement, émise par des pays de la zone euro, avec des maturités restantes comprises entre un et trois ans. Le fonds utilise une approche d'échantillonnage pour répliquer son indice de référence et est conçu pour les investisse…","Sovereign","",99.94,1,1,STANDARD,"France",26.06,"[{""s"":""Sovereign"",""w"":99.94},{""s"":""Other"",""w"":0.06}]","[{""s_fr"":null,""w"":99.94},{""s_fr"":null,""w"":0.06}]","[{""c"":""France"",""w"":26.06},{""c"":""Germany"",""w"":22.11},{""c"":""Italy"",""w"":21.11},{""c"":""Spain"",""w"":14.75},{""c"":""Belgium"",""w"":3.52}]","(FR0011317783)","[{""t"":null,""n"":""FR0011317783"",""w"":3.85},{""t"":""ETANH"",""n"":""French Republic OAT 0.75% 25 May 2028"",""w"":3.81},{""t"":""ETAPR"",""n"":""French Republic Government Bond 0.75% Feb 2028"",""w"":3.06},{""t"":""FR001400NBC6"",""n"":""OAT2.50%24SEP27"",""w"":2.76},{""t"":""ETAPK"",""n"":""Government of France"",""w"":2.65},{""t"":""ETANE"",""n"":""Government of France"",""w"":2.48},{""t"":""ETAMY"",""n"":""France Government Bond 0.25% 2026"",""w"":2.04},{""t"":""FR1400FYQ"",""n"":""FR001400FYQ4"",""w"":2.03},{""t"":""BO86"",""n"":""DE0001141869"",""w"":1.88},{""t"":null,""n"":""DE0001102416"",""w"":1.82}]",105
GIL5,"Amundi UK Government Bond 0-5Y UCITS ETF Dist",,XLON,GBP,,,standard,385165920,0.0005,0.0233,2.86,9.591,92,AA,"L'Amundi UK Government Bond 0-5Y UCITS ETF Dist est un fonds négocié en bourse qui suit l'indice FTSE Actuaries UK Conventional Gilts 0-5 Years, se concentrant sur les obligations d'État britanniques libellées en livres sterling, connues sous le nom de gilts conventionnels, avec des maturités allant de 0 à 5 ans. Lancé le 12 juillet 2016 et domicilié au Luxembourg, cet ETF conforme à la directive UCITS utilise une méthode de réplication par échantillonnage physique, détenant un portefeuille div…","Other","",100.00,1,1,STANDARD,"United Kingdom",89.86,"[{""s"":""Other"",""w"":100}]","[{""s_fr"":null,""w"":100}]","[{""c"":""United Kingdom"",""w"":89.86},{""c"":""Other"",""w"":10.14}]","GBBYZW3G5 (GB00BYZW3G56)","[{""t"":""GBBYZW3G5"",""n"":""GB00BYZW3G56"",""w"":6.67},{""t"":""GB00BSQNRC93"",""n"":""GB00BSQNRC93"",""w"":6.59},{""t"":""T30"",""n"":""United Kingdom Treasury Gilt 4.375% 7 March 2030"",""w"":6.4},{""t"":null,""n"":""GB00BTHH2R79"",""w"":6.2},{""t"":""GBBL68HJ2"",""n"":""GB00BL68HJ26"",""w"":6.19},{""t"":""GB00BDRHNP05"",""n"":""GB00BDRHNP05"",""w"":6.1},{""t"":""GBBJMHB53"",""n"":""GB00BJMHB534"",""w"":6.04},{""t"":""TS29"",""n"":""United Kingdom Treasury Gilt 4.125% 07/22/2029"",""w"":5.83},{""t"":""GB00BPSNB460"",""n"":""GB00BPSNB460"",""w"":5.77},{""t"":""GBBFX0ZL7"",""n"":""GB00BFX0ZL78"",""w"":5.55}]",115
GLAD,"SPDR Bloomberg Global Aggregate Bond USD Hedged UCITS ETF",,XLON,USD,,,standard,4293911980,0.001,,,9.353,87,U.S. Government,"Le SPDR Bloomberg Global Aggregate Bond USD Hedged UCITS ETF est un fonds négocié en bourse conçu pour offrir une exposition aux meilleures valeurs mobilières de dette à taux fixe de qualité investissement dans le monde, tout en atténuant le risque de change pour les investisseurs basés en USD. L'ETF suit la performance de l'indice Bloomberg Global Aggregate Bond (USD hedged) par le biais d'un échantillonnage stratifié, permettant une large diversification à travers des obligations gouvernement…","Sovereign","",55.86,1,1,STANDARD,"United States",33.24,"[{""s"":""Sovereign"",""w"":55.86},{""s"":""Financial Services"",""w"":18.46},{""s"":""Other"",""w"":7.6},{""s"":""Industrial"",""w"":5.04},{""s"":""Utilities"",""w"":2.37}]","[{""s_fr"":null,""w"":55.86},{""s_fr"":null,""w"":18.46},{""s_fr"":null,""w"":7.6},{""s_fr"":null,""w"":5.04},{""s_fr"":null,""w"":2.37}]","[{""c"":""United States"",""w"":33.24},{""c"":""Other"",""w"":18.67},{""c"":""China"",""w"":10.83},{""c"":""Japan"",""w"":7.91},{""c"":""France"",""w"":5.39}]","(US912797PY71)","[{""t"":null,""n"":""US912797PY71"",""w"":0.47},{""t"":""US91282CMM0"",""n"":""United States Treasury Note 4.625% Due 02/15/2035"",""w"":0.23},{""t"":""US91282CJP7"",""n"":""US91282CJP77"",""w"":0.23},{""t"":""US91282CHZ7"",""n"":""US91282CHZ77"",""w"":0.2},{""t"":""US91282CMU2"",""n"":""United States Treasury Note 4.00% 03/31/2030"",""w"":0.19},{""t"":null,""n"":""JP1103571L10"",""w"":0.19},{""t"":""US912828Z948"",""n"":null,""w"":0.19},{""t"":""US91282CKD2"",""n"":""US91282CKD29"",""w"":0.19},{""t"":""US91282CLW9"",""n"":""United States Treasury Note 4.25% Due 11/15/2034"",""w"":0.18},{""t"":""US91282CJJ1"",""n"":""US91282CJJ18"",""w"":0.18}]",105
GOVZ,"iShares 25+ Year Treasury STRIPS Bond ETF",,XLON,USD,Long Government,,standard,304983424,0.001,0.0599,,2.153,92,AA,"L'iShares 25+ Year Treasury STRIPS Bond ETF est un fonds négocié en bourse à revenu fixe qui cherche à suivre l'ICE BofA Long US Treasury Principal STRIPS Index. Il offre une exposition aux STRIPS du Trésor américain, qui sont des paiements de principal séparés des obligations du Trésor avec des maturités restantes d'au moins 25 ans, ce qui rend le fonds axé sur la dette gouvernementale à ultra-long terme. L'ETF est conçu pour les investisseurs cherchant un moyen ciblé d'accéder à l'extrémité l…","","",,0.3,0,DATA_MISSING,"United Kingdom",,"[]","[]","[{""c"":""United Kingdom"",""w"":null}]","","[]",82
GT15,"Invesco UK Gilt 15+ Year UCITS ETF",,XLON,GBp,,,standard,485715776,0.0006,0.0477,3.18,6.702,100,U.S. Government,"L'Invesco UK Gilt 15+ Year UCITS ETF est un fonds négocié en bourse qui offre aux investisseurs une exposition aux obligations d'État britanniques à long terme, communément appelées gilts. Ce fonds est conçu pour suivre la performance de l'indice Bloomberg UK Gilt 15+, qui mesure le rendement total des obligations publiques libellées en livres sterling, à taux fixe, de qualité investissement émises par le Royaume-Uni et ayant une maturité résiduelle d'au moins 15 ans. En se concentrant exclusiv…","","",,0.3,0,DATA_MISSING,"United Kingdom",,"[]","[]","[{""c"":""United Kingdom"",""w"":null}]","","[]",82
ERNA,"iShares USD Ultrashort Bond UCITS ETF USD (Acc)",,XLON,USD,,,inverse,,0.0009,0,3.92,9.96,72,A,"iShares USD Ultrashort Bond UCITS ETF USD (Acc) est un fonds négocié en bourse à revenu fixe conçu pour offrir une exposition aux obligations d'entreprise de qualité investissement à court terme libellées en dollars américains. Le fonds cherche à suivre l'indice Markit iBoxx USD Liquid Investment Grade Ultrashort, en utilisant une réplication physique par échantillonnage pour refléter le comportement du segment de marché sous-jacent. Il se concentre sur des obligations à très courte durée, avec…","Financial Services","",50.02,0.4,0,NON_STANDARD,"United States",64.88,"[{""s"":""Financial Services"",""w"":50.02},{""s"":""Technology"",""w"":6.71},{""s"":""Consumer Cyclicals"",""w"":6.58},{""s"":""Healthcare"",""w"":6.22},{""s"":""Industrial"",""w"":5.45}]","[{""s_fr"":null,""w"":50.02},{""s_fr"":null,""w"":6.71},{""s_fr"":null,""w"":6.58},{""s_fr"":null,""w"":6.22},{""s_fr"":null,""w"":5.45}]","[{""c"":""United States"",""w"":64.88},{""c"":""Canada"",""w"":6.5},{""c"":""Ireland"",""w"":5.34},{""c"":""Australia"",""w"":4.22},{""c"":""Other"",""w"":3.78}]","0P0001I429 (BlackRock ICS US Dollar Liquid Environmentally Aware Fund Agency Inc)","[{""t"":""0P0001I429"",""n"":""BlackRock ICS US Dollar Liquid Environmentally Aware Fund Agency Inc"",""w"":3.52},{""t"":null,""n"":""US097023DG73"",""w"":0.76},{""t"":null,""n"":""US92826CAD48"",""w"":0.57},{""t"":""US68389XCC7"",""n"":""US68389XCC74"",""w"":0.52},{""t"":null,""n"":""US949746RW34"",""w"":0.48},{""t"":null,""n"":""US037833BY53"",""w"":0.47},{""t"":null,""n"":""US61746BDZ67"",""w"":0.43},{""t"":""SOB2"",""n"":""US00206RML32"",""w"":0.43},{""t"":null,""n"":""US68389XBM65"",""w"":0.41},{""t"":null,""n"":""US459200JZ55"",""w"":0.41}]",95
ERAN,"iShares £ Ultrashort Bond UCITS ETF (Acc)",,XLON,GBP,,,inverse,2019122304,0.0009,,3.51,9.978,90,AAA,"iShares £ Ultrashort Bond UCITS ETF (Acc) est un fonds négocié en bourse à revenu fixe axé sur les obligations à très court terme libellées en livres sterling. Le fonds cherche à suivre un indice composé d'obligations d'entreprises de qualité investment grade et d'obligations quasi-gouvernementales, offrant une exposition à un large éventail d'instruments de dette de haute qualité avec des maturités courtes. Il utilise une approche de réplication physique par échantillonnage et suit une classe …","Financial Services","",84.66,0.4,0,NON_STANDARD,"United Kingdom",27.32,"[{""s"":""Financial Services"",""w"":84.66},{""s"":""Industrial"",""w"":3.07},{""s"":""Utilities"",""w"":2.67},{""s"":""Consumer Non-Cyclicals"",""w"":2.43},{""s"":""Municipal"",""w"":2.08}]","[{""s_fr"":null,""w"":84.66},{""s_fr"":null,""w"":3.07},{""s_fr"":null,""w"":2.67},{""s_fr"":null,""w"":2.43},{""s_fr"":null,""w"":2.08}]","[{""c"":""United Kingdom"",""w"":27.32},{""c"":""Canada"",""w"":18.31},{""c"":""United States"",""w"":13.59},{""c"":""Germany"",""w"":8.29},{""c"":""France"",""w"":7.36}]","","[]",90
GSGI,"Goldman Sachs Global Income Bond Active UCITS ETF",,XLON,GBP,,,standard,19916240,0.004,,6.07,9.85,100,U.S. Government,"Goldman Sachs Global Income Bond Active UCITS ETF est un fonds négocié en bourse (ETF) géré activement, axé sur la génération de revenus à partir des marchés obligataires mondiaux. Géré par Goldman Sachs Asset Management, le fonds investit principalement dans un mélange diversifié d'obligations, y compris la dette d'entreprise, les titres gouvernementaux, les instruments titrisés et d'autres actifs obligataires générateurs de revenus sur les marchés développés et émergents. Le portefeuille met …","Financial Services","",29.57,1,1,STANDARD,"United States",53.98,"[{""s"":""Financial Services"",""w"":29.57},{""s"":""Other"",""w"":21.09},{""s"":""Industrial"",""w"":8.68},{""s"":""Energy"",""w"":8.19},{""s"":""Technology"",""w"":5.97}]","[{""s_fr"":null,""w"":29.57},{""s_fr"":null,""w"":21.09},{""s_fr"":null,""w"":8.68},{""s_fr"":null,""w"":8.19},{""s_fr"":null,""w"":5.97}]","[{""c"":""United States"",""w"":53.98},{""c"":""Other"",""w"":34.33},{""c"":""Germany"",""w"":3.85},{""c"":""United Kingdom"",""w"":3.32},{""c"":""France"",""w"":2.01}]","FGBSZ26 (Euro Schatz Future Dec 26)","[{""t"":""FGBSZ26"",""n"":""Euro Schatz Future Dec 26"",""w"":6.65},{""t"":""FGBMZ26"",""n"":""Euro Bobl Future Dec 26"",""w"":1.09}]",105
FLRG,"Fidelity U.S. Multifactor ETF",,XLON,USD,Large Blend,,standard,288668448,0.0015,0.0143,,,100,U.S. Government,"Fidelity U.S. Multifactor ETF est un fonds négocié en bourse qui cherche à suivre l'indice Fidelity U.S. Multifactor, offrant une exposition diversifiée aux entreprises américaines de grande et moyenne capitalisation sélectionnées pour leurs valorisations attractives, leur haute qualité, leur momentum positif et leur faible volatilité. Le fonds est conçu pour fournir aux investisseurs un portefeuille systématique basé sur des règles qui met l'accent sur plusieurs facteurs d'équité plutôt que su…","Technology","",39.87,1,1,STANDARD,"United Kingdom",,"[{""s"":""Technology"",""w"":39.87},{""s"":""Financial Services"",""w"":11.49},{""s"":""Healthcare"",""w"":10.25},{""s"":""Consumer Cyclical"",""w"":9.4},{""s"":""Communication Services"",""w"":8.74}]","[{""s_fr"":null,""w"":39.87},{""s_fr"":null,""w"":11.49},{""s_fr"":null,""w"":10.25},{""s_fr"":null,""w"":9.4},{""s_fr"":null,""w"":8.74}]","[{""c"":""United Kingdom"",""w"":null}]","NVDA (NVIDIA Corporation)","[{""t"":""NVDA"",""n"":""NVIDIA Corporation"",""w"":7.65},{""t"":""AAPL"",""n"":""Apple Inc."",""w"":6.81},{""t"":""MSFT"",""n"":""Microsoft Corporation Common Stock"",""w"":5.21},{""t"":""GOOGL"",""n"":""Alphabet Inc. Class A Common Stock"",""w"":5.04},{""t"":""AVGO"",""n"":""Broadcom Inc."",""w"":2.44},{""t"":""MU"",""n"":""Micron Technology Inc."",""w"":1.91},{""t"":""XOM"",""n"":""ExxonMobil Holdings Corporation"",""w"":1.68},{""t"":""V"",""n"":""Visa Inc. Class A"",""w"":1.64},{""t"":""JNJ"",""n"":""Johnson & Johnson"",""w"":1.56}]",115
FLOS,"iShares $ Floating Rate Bond UCITS ETF GBP Hedged (Dist)",,XLON,GBp,,,structured,,0.0012,0.0466,4.47,10.032,85,A,"iShares $ Floating Rate Bond UCITS ETF GBP Hedged (Dist) est un fonds négocié en bourse qui cherche à offrir des rendements totaux reflétant la performance de l'indice Bloomberg US Floating Rate Note < 5 Years, couvert en livres sterling. Il investit principalement dans un portefeuille d'obligations à taux variable en dollars américains de qualité investissement, avec des maturités comprises entre 1 et 5 ans, y compris des titres d'entreprises et des titres liés au gouvernement émis par des éme…","Financial Services","",82.70,0.2,0,ALT_ASSET_FX,"United States",48.50,"[{""s"":""Financial Services"",""w"":82.7},{""s"":""Consumer Cyclicals"",""w"":3.56},{""s"":""Industrial"",""w"":3.25},{""s"":""Other"",""w"":2.92},{""s"":""Healthcare"",""w"":2.41}]","[{""s_fr"":null,""w"":82.7},{""s_fr"":null,""w"":3.56},{""s_fr"":null,""w"":3.25},{""s_fr"":null,""w"":2.92},{""s_fr"":null,""w"":2.41}]","[{""c"":""United States"",""w"":48.5},{""c"":""United Kingdom"",""w"":8.22},{""c"":""Australia"",""w"":7.52},{""c"":""Canada"",""w"":6.36},{""c"":""Other"",""w"":4.59}]","(US29875BAK26)","[{""t"":null,""n"":""US29875BAK26"",""w"":1.26},{""t"":null,""n"":""US459058JF11"",""w"":1.21},{""t"":""US459058KN2"",""n"":""US459058KN26"",""w"":1.05},{""t"":null,""n"":""US29874QEU40"",""w"":0.99},{""t"":null,""n"":""US4581X0DU94"",""w"":0.92},{""t"":null,""n"":""US45950KDJ60"",""w"":0.9},{""t"":null,""n"":""US4581X0EG91"",""w"":0.9},{""t"":null,""n"":""US459058KH57"",""w"":0.89},{""t"":null,""n"":""US459058LH49"",""w"":0.88},{""t"":null,""n"":""US04517PBZ45"",""w"":0.87}]",95
FLOA,"iShares $ Floating Rate Bond UCITS ETF USD (Acc)",,XLON,USD,,,structured,,0.001,0,4.47,10.032,85,A,"iShares $ Floating Rate Bond UCITS ETF USD (Acc) est un fonds négocié en bourse axé sur les obligations d'entreprise à taux variable libellées en dollars américains, avec une qualité de crédit investment-grade. Il vise à suivre l'indice Bloomberg US Floating Rate Notes 1-5, qui est conçu pour refléter les obligations à court terme dont les paiements de coupons se réajustent en fonction des taux d'intérêt du marché. Le fonds utilise une approche d'échantillonnage pour répliquer l'indice et accum…","Financial Services","",82.70,0.4,0,STRUCTURED_VEHICLE,"United States",48.50,"[{""s"":""Financial Services"",""w"":82.7},{""s"":""Consumer Cyclicals"",""w"":3.56},{""s"":""Industrial"",""w"":3.25},{""s"":""Other"",""w"":2.92},{""s"":""Healthcare"",""w"":2.41}]","[{""s_fr"":null,""w"":82.7},{""s_fr"":null,""w"":3.56},{""s_fr"":null,""w"":3.25},{""s_fr"":null,""w"":2.92},{""s_fr"":null,""w"":2.41}]","[{""c"":""United States"",""w"":48.5},{""c"":""United Kingdom"",""w"":8.22},{""c"":""Australia"",""w"":7.52},{""c"":""Canada"",""w"":6.36},{""c"":""Other"",""w"":4.59}]","(US29875BAK26)","[{""t"":null,""n"":""US29875BAK26"",""w"":1.26},{""t"":null,""n"":""US459058JF11"",""w"":1.21},{""t"":""US459058KN2"",""n"":""US459058KN26"",""w"":1.05},{""t"":null,""n"":""US29874QEU40"",""w"":0.99},{""t"":null,""n"":""US4581X0DU94"",""w"":0.92},{""t"":null,""n"":""US4581X0EG91"",""w"":0.9},{""t"":null,""n"":""US45950KDJ60"",""w"":0.9},{""t"":null,""n"":""US459058KH57"",""w"":0.89},{""t"":null,""n"":""US459058LH49"",""w"":0.88},{""t"":null,""n"":""US04517PBZ45"",""w"":0.87}]",95
FLO5,"iShares $ Floating Rate Bond UCITS ETF USD Dist",,XLON,GBp,,,structured,,0.001,,4.47,10.032,85,A,"iShares $ Floating Rate Bond UCITS ETF USD Dist est un fonds négocié en bourse qui cherche à suivre la performance de l'indice Bloomberg US Floating Rate Note < 5 Years. Il investit principalement dans un portefeuille d'obligations à taux variable d'entreprises notées investissement, libellées en dollars américains, avec des maturités comprises entre 1 et 5 ans. Ces obligations présentent des taux d'intérêt variables qui se réajustent périodiquement, contribuant à atténuer le risque de taux d'i…","Financial Services","",82.70,0.2,0,ALT_ASSET_FX,"United States",48.50,"[{""s"":""Financial Services"",""w"":82.7},{""s"":""Consumer Cyclicals"",""w"":3.56},{""s"":""Industrial"",""w"":3.25},{""s"":""Other"",""w"":2.92},{""s"":""Healthcare"",""w"":2.41}]","[{""s_fr"":null,""w"":82.7},{""s_fr"":null,""w"":3.56},{""s_fr"":null,""w"":3.25},{""s_fr"":null,""w"":2.92},{""s_fr"":null,""w"":2.41}]","[{""c"":""United States"",""w"":48.5},{""c"":""United Kingdom"",""w"":8.22},{""c"":""Australia"",""w"":7.52},{""c"":""Canada"",""w"":6.36},{""c"":""Other"",""w"":4.59}]","(US29875BAK26)","[{""t"":null,""n"":""US29875BAK26"",""w"":1.26},{""t"":null,""n"":""US459058JF11"",""w"":1.21},{""t"":""US459058KN2"",""n"":""US459058KN26"",""w"":1.05},{""t"":null,""n"":""US29874QEU40"",""w"":0.99},{""t"":null,""n"":""US4581X0DU94"",""w"":0.92},{""t"":null,""n"":""US4581X0EG91"",""w"":0.9},{""t"":null,""n"":""US45950KDJ60"",""w"":0.9},{""t"":null,""n"":""US459058KH57"",""w"":0.89},{""t"":null,""n"":""US459058LH49"",""w"":0.88},{""t"":null,""n"":""US04517PBZ45"",""w"":0.87}]",85
0GGH,"iShares Core Global Aggregate Bond UCITS ETF EUR Hedged (Acc)",,XLON,EUR,,,standard,12443502630,0.001,,,,,,"iShares Core Global Aggregate Bond UCITS ETF EUR Hedged (Acc) est un fonds négocié en bourse qui cherche à suivre l'indice Bloomberg Global Aggregate Bond (EUR Hedged), offrant une exposition à un large éventail d'obligations d'État et d'entreprise de qualité investissement à l'échelle mondiale. Lancé le 21 novembre 2017 et domicilié en Irlande, cet ETF accumulant réinvestit les dividendes et utilise une stratégie de couverture de change pour atténuer les fluctuations de l'euro par rapport aux …","Sovereign","",55.13,1,1,STANDARD,"United States",29.50,"[{""s"":""Sovereign"",""w"":55.13},{""s"":""Financial Services"",""w"":18.66},{""s"":""Other"",""w"":10.34},{""s"":""Non-Corporate"",""w"":2.19},{""s"":""Utilities"",""w"":2.15}]","[{""s_fr"":null,""w"":55.13},{""s_fr"":null,""w"":18.66},{""s_fr"":null,""w"":10.34},{""s_fr"":null,""w"":2.19},{""s_fr"":null,""w"":2.15}]","[{""c"":""United States"",""w"":29.5},{""c"":""Other"",""w"":20.22},{""c"":""China"",""w"":11.01},{""c"":""Japan"",""w"":7.94},{""c"":""France"",""w"":5.18}]","","[]",85
VGGS,"Vanguard Global Government Bond UCITS ETF GBP Hedged Accumulating",,XLON,GBP,,,standard,,0.001,0.0159,3,9.158,100,U.S. Government,"Vanguard Global Government Bond UCITS ETF GBP Hedged Accumulating est un fonds négocié en bourse conçu pour offrir aux investisseurs une large exposition aux obligations gouvernementales mondiales des marchés développés. L'ETF adopte une stratégie d'investissement passive, visant à suivre de près la performance de l'indice Bloomberg Global Treasury Developed Countries Float Adjusted, qui comprend des obligations gouvernementales en monnaie locale, à taux fixe et de qualité investissement, avec …","Sovereign","",98.75,1,1,STANDARD,"United States",46.26,"[{""s"":""Sovereign"",""w"":98.75},{""s"":""Other"",""w"":1.25}]","[{""s_fr"":null,""w"":98.75},{""s_fr"":null,""w"":1.25}]","[{""c"":""United States"",""w"":46.26},{""c"":""Japan"",""w"":9.81},{""c"":""France"",""w"":7.6},{""c"":""Italy"",""w"":6.88},{""c"":""United Kingdom"",""w"":6.1}]","US91282CLY5 (United States Treasury Note 4.25% 11/30/2026)","[{""t"":""US91282CLY5"",""n"":""United States Treasury Note 4.25% 11/30/2026"",""w"":1.97},{""t"":null,""n"":""US91282CGQ87"",""w"":0.98},{""t"":""US91282CKP5"",""n"":""US91282CKP58"",""w"":0.97},{""t"":""US91282CKT7"",""n"":""US91282CKT70"",""w"":0.96},{""t"":""US91282CKG5"",""n"":""US91282CKG59"",""w"":0.95},{""t"":null,""n"":""FR0011317783"",""w"":0.94},{""t"":""BU2208"",""n"":""DE000BU22080"",""w"":0.81},{""t"":""US91282CBL4"",""n"":""US91282CBL46"",""w"":0.81},{""t"":""US91282CCS8"",""n"":""US91282CCS89"",""w"":0.8},{""t"":""ES0012N4"",""n"":""ES0000012N43"",""w"":0.8}]",95
0HB9,"Xtrackers II ESG Global Aggregate Bond UCITS ETF 4C - CHF Hedged",,XLON,CHF,,,standard,,0.001,,3.25,9.172,88,U.S. Government,"Xtrackers II ESG Global Aggregate Bond UCITS ETF 4C - CHF Hedged est un fonds négocié en bourse qui suit une adaptation durable de l'indice Bloomberg MSCI Global Aggregate Bond, intégrant des critères de sélection environnementaux, sociaux et de gouvernance (ESG) rigoureux. Il offre aux investisseurs une exposition diversifiée à un large portefeuille d'obligations à taux fixe de qualité investissement, y compris des titres du Trésor, des obligations liées à des gouvernements, des obligations d'…","","",,0.3,0,DATA_MISSING,"United Kingdom",,"[]","[]","[{""c"":""United Kingdom"",""w"":null}]","","[]",52
DTLE,"iShares USD Treasury Bond 20+yr UCITS ETF EUR Hedged (Dist)",,XLON,EUR,,,standard,5098471776,0.001,0.0482,3.55,7.664,92,AA,"iShares USD Treasury Bond 20+yr UCITS ETF EUR Hedged (Dist) est un fonds négocié en bourse qui cherche à suivre la performance de l'ICE U.S. Treasury 20+ Year Bond Index, comprenant des obligations d'État libellées en dollars américains émises par le Trésor américain avec des maturités dépassant 20 ans. Cet ETF offre une exposition ciblée aux Treasuries américains à long terme par le biais d'une réplication physique, détenant environ 40 obligations, principalement du Trésor américain, telles qu…","Sovereign","",81.11,1,1,STANDARD,"United States",77.63,"[{""s"":""Sovereign"",""w"":81.11},{""s"":""Other"",""w"":18.76},{""s"":""Non-Corporate"",""w"":0.13}]","[{""s_fr"":null,""w"":81.11},{""s_fr"":null,""w"":18.76},{""s_fr"":null,""w"":0.13}]","[{""c"":""United States"",""w"":77.63},{""c"":""Other"",""w"":22.37}]","US912810UK2 (US912810UK24)","[{""t"":""US912810UK2"",""n"":""US912810UK24"",""w"":4.57},{""t"":null,""n"":""US912810UA42"",""w"":4.48},{""t"":""US912810UG1"",""n"":""US912810UG12"",""w"":4.43},{""t"":""US912810UE6"",""n"":""US912810UE63"",""w"":4.39},{""t"":""US912810TV0"",""n"":""US912810TV08"",""w"":4.34},{""t"":""US912810TX6"",""n"":""US912810TX63"",""w"":4.16},{""t"":""US912810UC0"",""n"":""US912810UC08"",""w"":4.16},{""t"":""US912810TT5"",""n"":""US912810TT51"",""w"":3.71},{""t"":null,""n"":""US912810TL26"",""w"":3.33},{""t"":null,""n"":""US912810SX72"",""w"":3.14}]",115
DTLA,"iShares USD Treasury Bond 20+yr UCITS ETF USD (Acc)",,XLON,USD,,,standard,,0.0007,0,3.55,7.664,92,AA,"iShares USD Treasury Bond 20+yr UCITS ETF USD (Acc) est un fonds négocié en bourse qui cherche à suivre la performance de l'ICE U.S. Treasury 20+ Year Bond Index. Il fournit une exposition ciblée aux obligations gouvernementales à long terme, à taux fixe, libellées en dollars américains, émises par le Trésor américain avec des maturités restantes de 20 ans ou plus. Géré par BlackRock et domicilié en Irlande, l'ETF utilise une méthodologie de réplication physique par échantillonnage, détenant en…","Sovereign","",81.11,0.35,0,ALT_ASSET_FX,"United States",77.63,"[{""s"":""Sovereign"",""w"":81.11},{""s"":""Other"",""w"":18.76},{""s"":""Non-Corporate"",""w"":0.13}]","[{""s_fr"":null,""w"":81.11},{""s_fr"":null,""w"":18.76},{""s_fr"":null,""w"":0.13}]","[{""c"":""United States"",""w"":77.63},{""c"":""Other"",""w"":22.37}]","US912810UK2 (US912810UK24)","[{""t"":""US912810UK2"",""n"":""US912810UK24"",""w"":4.57},{""t"":null,""n"":""US912810UA42"",""w"":4.48},{""t"":""US912810UG1"",""n"":""US912810UG12"",""w"":4.43},{""t"":""US912810UE6"",""n"":""US912810UE63"",""w"":4.39},{""t"":""US912810TV0"",""n"":""US912810TV08"",""w"":4.34},{""t"":""US912810UC0"",""n"":""US912810UC08"",""w"":4.16},{""t"":""US912810TX6"",""n"":""US912810TX63"",""w"":4.16},{""t"":""US912810TT5"",""n"":""US912810TT51"",""w"":3.71},{""t"":null,""n"":""US912810TL26"",""w"":3.33},{""t"":null,""n"":""US912810SX72"",""w"":3.14}]",95
DHYA,"iShares $ High Yield Corp Bond ESG SRI UCITS ETF USD (Acc)",,XLON,USD,,,standard,1670780571,0.0025,,6.26,9.444,39,BB,"iShares $ High Yield Corp Bond ESG SRI UCITS ETF USD (Acc) est un fonds négocié en bourse qui suit l'indice Bloomberg MSCI US Corporate High Yield ESG SRI Bond, offrant une exposition à un portefeuille diversifié d'obligations d'entreprise en dollars américains de qualité inférieure, émises par des émetteurs démontrant des pratiques environnementales, sociales et de gouvernance (ESG) supérieures par rapport à leurs pairs du secteur. Lancé le 12 novembre 2019 et domicilié en Irlande, cet ETF con…","Energy","",100.00,0.35,0,ALT_ASSET_FX,"United States",85.19,"[{""s"":""Energy"",""w"":100},{""s"":""Consumer Cyclical"",""w"":0},{""s"":""Basic Materials"",""w"":0},{""s"":""Consumer Defensive"",""w"":0},{""s"":""Technology"",""w"":0}]","[{""s_fr"":null,""w"":100},{""s_fr"":null,""w"":0},{""s_fr"":null,""w"":0},{""s_fr"":null,""w"":0},{""s_fr"":null,""w"":0}]","[{""c"":""United States"",""w"":85.19},{""c"":""Canada"",""w"":4.46},{""c"":""Other"",""w"":3.91},{""c"":""United Kingdom"",""w"":2.2},{""c"":""Ireland"",""w"":1.6}]","0P0001I429 (BlackRock ICS US Dollar Liquid Environmentally Aware Fund Agency Inc)","[{""t"":""0P0001I429"",""n"":""BlackRock ICS US Dollar Liquid Environmentally Aware Fund Agency Inc"",""w"":1.8},{""t"":null,""n"":""US68288AAA51"",""w"":0.61},{""t"":null,""n"":""US00253XAB73"",""w"":0.4},{""t"":null,""n"":""US1248EPBT92"",""w"":0.38},{""t"":null,""n"":""US143658CA82"",""w"":0.38},{""t"":null,""n"":""US55903VBW28"",""w"":0.37},{""t"":null,""n"":""US893647BU00"",""w"":0.36},{""t"":null,""n"":""US893647BY22"",""w"":0.36},{""t"":null,""n"":""US1248EPCD32"",""w"":0.35},{""t"":null,""n"":""US68245XAM11"",""w"":0.35}]",105
0E5Z,"UBS Core BBG TIPS 1-10 UCITS ETF USD acc",,XLON,USD,,,standard,1569229710,0.0008,,,9.644,92,U.S. Government,"UBS Core BBG TIPS 1-10 UCITS ETF USD acc est un fonds négocié en bourse qui cherche à suivre l'indice Bloomberg US Government 1-10 Year Inflation-Linked Bond, en se concentrant sur les titres du Trésor américain protégés contre l'inflation (TIPS) avec des maturités comprises entre 1 et 10 ans. Ces TIPS offrent une protection contre l'inflation en ajustant leur valeur nominale en fonction des variations de l'indice des prix à la consommation, offrant aux investisseurs une couverture dans les por…","","",,0.3,0,DATA_MISSING,"United Kingdom",,"[]","[]","[{""c"":""United Kingdom"",""w"":null}]","","[]",72
0E7A,"Amundi Italy BTP Government Bond 10Y UCITS ETF Acc",,XLON,EUR,,,standard,,,,,,,,"L'Amundi Italy BTP Government Bond 10Y UCITS ETF Acc est un fonds négocié en bourse qui cherche à répliquer étroitement la performance de l'indice FTSE MTS Target Maturity Government Bond, qui suit les obligations d'État italiennes à 10 ans connues sous le nom de BTP. Cet ETF offre aux investisseurs une exposition précise aux titres de dette souveraine de référence de l'Italie sur le marché obligataire de la zone euro, fournissant une alternative pratique à la détention directe d'obligations in…","","",,0.3,0,DATA_MISSING,"United Kingdom",,"[]","[]","[{""c"":""United Kingdom"",""w"":null}]","","[]",32
HYUS,"iShares Broad USD High Yield Corporate Bond UCITS ETF USD (Dist)",,XLON,USD,,,structured,2438969624,0.002,0.0751,6.74,9.544,37,BB,"iShares Broad USD High Yield Corporate Bond UCITS ETF USD (Dist) est un fonds négocié en bourse qui cherche à suivre la performance de l'indice ICE BofAML US High Yield Constrained. Cet indice comprend des obligations d'entreprise libellées en dollars américains, de catégorie inférieure à la note d'investissement, émises par des entreprises de divers secteurs à travers le monde. L'ETF utilise une stratégie de réplication physique par échantillonnage optimisé, détenant une sélection diversifiée …","Financial Services","",16.72,0.35,0,ALT_ASSET_FX,"United States",85.81,"[{""s"":""Financial Services"",""w"":16.72},{""s"":""Consumer Services"",""w"":11.93},{""s"":""Industrial"",""w"":11.5},{""s"":""Energy"",""w"":9.08},{""s"":""Non-Energy Materials"",""w"":8.67}]","[{""s_fr"":null,""w"":16.72},{""s_fr"":null,""w"":11.93},{""s_fr"":null,""w"":11.5},{""s_fr"":null,""w"":9.08},{""s_fr"":null,""w"":8.67}]","[{""c"":""United States"",""w"":85.81},{""c"":""Other"",""w"":6.11},{""c"":""Canada"",""w"":3.41},{""c"":""United Kingdom"",""w"":2.19},{""c"":""Ireland"",""w"":1.39}]","0P0001I429 (BlackRock ICS US Dollar Liquid Environmentally Aware Fund Agency Inc)","[{""t"":""0P0001I429"",""n"":""BlackRock ICS US Dollar Liquid Environmentally Aware Fund Agency Inc"",""w"":1.53},{""t"":""US278768AC0"",""n"":""US278768AC00"",""w"":0.42},{""t"":null,""n"":""US68288AAA51"",""w"":0.35},{""t"":null,""n"":""US18912UAA07"",""w"":0.29},{""t"":null,""n"":""US88632QAE35"",""w"":0.29},{""t"":null,""n"":""US74843PAA84"",""w"":0.29},{""t"":null,""n"":""US62482BAA08"",""w"":0.28},{""t"":null,""n"":""US1248EPBT92"",""w"":0.24},{""t"":null,""n"":""US92332YAC57"",""w"":0.24},{""t"":null,""n"":""US44332PAH47"",""w"":0.22}]",115
VAGP,"Vanguard Global Aggregate Bond UCITS ETF GBP Hedged Distributing",,XLON,GBP,,,standard,,0.0008,0.036,3.45,9.237,87,U.S. Government,"L'ETF Vanguard Global Aggregate Bond UCITS GBP Hedged Distributing est un fonds négocié en bourse conçu pour offrir une exposition à un portefeuille diversifié d'obligations mondiales de qualité investissement, tout en couvrant l'exposition aux devises par rapport à la livre sterling. Cet ETF permet principalement aux investisseurs d'accéder au marché obligataire mondial, y compris les obligations gouvernementales, liées au gouvernement, d'entreprises et titrisées, provenant à la fois des march…","Sovereign","",55.74,1,1,STANDARD,"United States",38.23,"[{""s"":""Sovereign"",""w"":55.74},{""s"":""Financial Services"",""w"":16.08},{""s"":""Other"",""w"":9.53},{""s"":""Industrial"",""w"":4.27},{""s"":""Utilities"",""w"":2.62}]","[{""s_fr"":null,""w"":55.74},{""s_fr"":null,""w"":16.08},{""s_fr"":null,""w"":9.53},{""s_fr"":null,""w"":4.27},{""s_fr"":null,""w"":2.62}]","[{""c"":""United States"",""w"":38.23},{""c"":""Other"",""w"":21.52},{""c"":""France"",""w"":5.96},{""c"":""Japan"",""w"":5.43},{""c"":""Germany"",""w"":5.41}]","BB92 (DE000BU27006)","[{""t"":""BB92"",""n"":""DE000BU27006"",""w"":0.51},{""t"":""BU2208"",""n"":""DE000BU22080"",""w"":0.31},{""t"":""GB00BMF9LG83"",""n"":""S&P 600 Health Care Equipment ("",""w"":0.31},{""t"":""US91282CDP3"",""n"":""US91282CDP32"",""w"":0.3},{""t"":""US91282CJZ5"",""n"":""US91282CJZ59"",""w"":0.3},{""t"":null,""n"":""US912828YB05"",""w"":0.26},{""t"":""US91282CLF6"",""n"":""US91282CLF67"",""w"":0.26},{""t"":""FR14009O6"",""n"":""XCU/USD"",""w"":0.24},{""t"":null,""n"":""US91282CDY49"",""w"":0.24},{""t"":""BB84"",""n"":""STX.AUSTRALIA LC GR EO"",""w"":0.24}]",95
HAGG,"HSBC Bloomberg Global ESG Aggregate 1-3 Year Bond UCITS ETF USD",,XLON,USD,,,standard,43733836,0.0018,,3.01,9.822,100,U.S. Government,"The HSBC Bloomberg Global ESG Aggregate 1-3 Year Bond UCITS ETF USD is an exchange-traded fund that tracks the Bloomberg MSCI Global Aggregate 1-3 SRI Carbon ESG-Weighted Index. This index represents a subset of the Bloomberg Global Aggregate 1-3 Year Index, focusing on investment-grade, fixed-rate bonds with maturities between 1 and 3 years from issuers in developed and emerging markets. It emphasizes environmental, social, and governance (ESG) criteria by excluding issuers involved in controv…","Sovereign","",70.09,1,1,STANDARD,"United States",42.94,"[{""s"":""Sovereign"",""w"":70.09},{""s"":""Financial Services"",""w"":21.93},{""s"":""Healthcare"",""w"":1.41},{""s"":""Technology"",""w"":1.23},{""s"":""Municipal"",""w"":1.22}]","[{""s_fr"":null,""w"":70.09},{""s_fr"":null,""w"":21.93},{""s_fr"":null,""w"":1.41},{""s_fr"":null,""w"":1.23},{""s_fr"":null,""w"":1.22}]","[{""c"":""United States"",""w"":42.94},{""c"":""Japan"",""w"":9},{""c"":""Other"",""w"":8.73},{""c"":""Germany"",""w"":6.76},{""c"":""France"",""w"":6.54}]","(JP1103461H35)","[{""t"":null,""n"":""JP1103461H35"",""w"":1.23},{""t"":null,""n"":""JP1051491MA0"",""w"":1.02},{""t"":""US91282CDQ1"",""n"":""US91282CDQ15"",""w"":0.98},{""t"":null,""n"":""JP1051501N14"",""w"":0.94},{""t"":null,""n"":""JP1051571P41"",""w"":0.91},{""t"":""US91282CKA8"",""n"":""US91282CKA89"",""w"":0.89},{""t"":""US91282CJP7"",""n"":""US91282CJP77"",""w"":0.89},{""t"":""ETAPR"",""n"":""French Republic Government Bond 0.75% Feb 2028"",""w"":0.86},{""t"":null,""n"":""US91282CKR15"",""w"":0.77},{""t"":""US91282CKE0"",""n"":""US91282CKE02"",""w"":0.76}]",105
EHYG,"iShares € High Yield Corp Bond UCITS ETF",,XLON,GBP,,,standard,,0.0027,0,4.88,9.642,42,BB,"iShares € High Yield Corp Bond UCITS ETF est un fonds négocié en bourse qui offre aux investisseurs une exposition à un portefeuille d'obligations d'entreprises à haut rendement libellées en euros. Lancé en 2023 et domicilié en Irlande, l'ETF suit l'indice Bloomberg MSCI Euro Corporate High Yield ESG SRI Bond GBP Hedged, en se concentrant sur des obligations sélectionnées pour leur conformité aux critères environnementaux, sociaux et de gouvernance, tout en visant un potentiel de revenu plus él…","Telecommunication","",21.41,1,1,STANDARD,"France",26.27,"[{""s"":""Telecommunication"",""w"":21.41},{""s"":""Financial Services"",""w"":20.13},{""s"":""Consumer Cyclicals"",""w"":15.16},{""s"":""Industrial"",""w"":10},{""s"":""Non-Energy Materials"",""w"":7.78}]","[{""s_fr"":null,""w"":21.41},{""s_fr"":null,""w"":20.13},{""s_fr"":null,""w"":15.16},{""s_fr"":null,""w"":10},{""s_fr"":null,""w"":7.78}]","[{""c"":""France"",""w"":26.27},{""c"":""Italy"",""w"":14.38},{""c"":""United States"",""w"":10.65},{""c"":""Germany"",""w"":8.48},{""c"":""Netherlands"",""w"":7.01}]","0P0000YPZS (BlackRock ICS Euro Liquid Environmentally Aware Fund - Agency (Dis) Shares EUR)","[{""t"":""0P0000YPZS"",""n"":""BlackRock ICS Euro Liquid Environmentally Aware Fund - Agency (Dis) Shares EUR"",""w"":1.79},{""t"":""XS239300189"",""n"":""XS2393001891"",""w"":0.74},{""t"":null,""n"":""XS2332250708"",""w"":0.66},{""t"":""FR140007L"",""n"":""FR00140007L3"",""w"":0.61},{""t"":""PTEDPSOM000"",""n"":""PTEDPSOM0002"",""w"":0.61},{""t"":""PTEDP4OM002"",""n"":""PTEDP4OM0025"",""w"":0.6},{""t"":null,""n"":""XS2724532333"",""w"":0.58},{""t"":null,""n"":""XS1793255941"",""w"":0.57},{""t"":null,""n"":""XS1645722262"",""w"":0.56},{""t"":null,""n"":""XS3076304602"",""w"":0.56}]",95
VDCP,"Vanguard USD Corporate Bond UCITS ETF Distributing",,XLON,USD,,,standard,4166649469,0.0007,0.0531,4.69,9.408,70,A,"Vanguard USD Corporate Bond UCITS ETF Distributing est un fonds négocié en bourse qui adopte une approche passive d'indexation pour suivre l'indice Bloomberg Global Aggregate Corporate – United States Dollar Index. Cet ETF investit dans un échantillon représentatif d'obligations d'entreprises de qualité investissement libellées en USD, émises par des sociétés dans les marchés développés et émergents du monde entier, avec des maturités généralement supérieures à un an. Il offre une exposition à …","Financial Services","",38.85,0.35,0,ALT_ASSET_FX,"United States",76.11,"[{""s"":""Financial Services"",""w"":38.85},{""s"":""Utilities"",""w"":9.7},{""s"":""Technology"",""w"":8.28},{""s"":""Healthcare"",""w"":7.44},{""s"":""Industrial"",""w"":6.52}]","[{""s_fr"":null,""w"":38.85},{""s_fr"":null,""w"":9.7},{""s_fr"":null,""w"":8.28},{""s_fr"":null,""w"":7.44},{""s_fr"":null,""w"":6.52}]","[{""c"":""United States"",""w"":76.11},{""c"":""Other"",""w"":9.45},{""c"":""United Kingdom"",""w"":4.02},{""c"":""Canada"",""w"":2.7},{""c"":""Japan"",""w"":2.54}]","US25816DP1 (US025816DP17)","[{""t"":""US25816DP1"",""n"":""US025816DP17"",""w"":0.11},{""t"":null,""n"":""US03522AAJ97"",""w"":0.1},{""t"":""3H0B"",""n"":""3H0B"",""w"":0.08},{""t"":""US925650AB9"",""n"":""US925650AB99"",""w"":0.07},{""t"":""CVSE"",""n"":""US126650CZ11"",""w"":0.07},{""t"":""US46647PEW2"",""n"":""US46647PEW23"",""w"":0.07},{""t"":""US6051GLH0"",""n"":""US06051GLH01"",""w"":0.07},{""t"":null,""n"":""US26884TAR32"",""w"":0.07},{""t"":""357F"",""n"":""US87264ABF12"",""w"":0.07},{""t"":""US25816DV8"",""n"":""US025816DV84"",""w"":0.07}]",115
VECP,"Vanguard EUR Corporate Bond UCITS ETF (EUR) Distributing",,XLON,EUR,,,standard,6046786406,0.0007,0.0341,3.07,9.662,68,BBB,"Vanguard EUR Corporate Bond UCITS ETF (EUR) Distributing est un fonds négocié en bourse qui suit la performance d'un large indice composé d'obligations d'entreprises libellées en euros avec des taux d'intérêt fixes, émises ou garanties par des entreprises de divers secteurs. Lancé en février 2016 et domicilié en Irlande, cet ETF utilise une stratégie de réplication physique passive pour refléter l'indice de référence, détenant plus de 3 300 obligations avec une taille de fonds dépassant 2,8 mil…","Financial Services","",45.78,1,1,STANDARD,"France",18.65,"[{""s"":""Financial Services"",""w"":45.78},{""s"":""Industrial"",""w"":8.27},{""s"":""Utilities"",""w"":7.88},{""s"":""Consumer Non-Cyclicals"",""w"":7.51},{""s"":""Healthcare"",""w"":6.07}]","[{""s_fr"":null,""w"":45.78},{""s_fr"":null,""w"":8.27},{""s_fr"":null,""w"":7.88},{""s_fr"":null,""w"":7.51},{""s_fr"":null,""w"":6.07}]","[{""c"":""France"",""w"":18.65},{""c"":""United States"",""w"":18.38},{""c"":""Germany"",""w"":12.16},{""c"":""United Kingdom"",""w"":10.04},{""c"":""Netherlands"",""w"":5.9}]","CH121479717 (CH1214797172)","[{""t"":""CH121479717"",""n"":""CH1214797172"",""w"":0.13},{""t"":""BE6285455497"",""n"":""BE6285455497"",""w"":0.12},{""t"":""XS246123462"",""n"":""XS2461234622"",""w"":0.12},{""t"":null,""n"":""XS2908735504"",""w"":0.11},{""t"":null,""n"":""XS2338643740"",""w"":0.11},{""t"":""XS271729197"",""n"":""XS2717291970"",""w"":0.11},{""t"":null,""n"":""XS2595028536"",""w"":0.11},{""t"":null,""n"":""XS1412711217"",""w"":0.1},{""t"":null,""n"":""XS1400169931"",""w"":0.1},{""t"":null,""n"":""XS1843436228"",""w"":0.1}]",115
VDUC,"Vanguard USD Corporate 1-3 Year Bond UCITS ETF (USD) Distributing",,XLON,USD,,,standard,3001678322,0.0009,0.0443,4.47,9.936,70,A,"Vanguard USD Corporate 1-3 Year Bond UCITS ETF (USD) Distributing est un fonds négocié en bourse obligataire conçu pour offrir une exposition à un portefeuille diversifié d'obligations d'entreprises libellées en dollars américains avec des maturités courtes. Le fonds adopte une approche passive de suivi d'indice et cherche à répliquer l'indice Bloomberg Global Aggregate Corporate – United States Dollar Index 1-3 Year par un échantillonnage physique d'émissions de qualité investissement. Il se c…","Financial Services","",51.88,0.35,0,ALT_ASSET_FX,"United States",69.18,"[{""s"":""Financial Services"",""w"":51.88},{""s"":""Utilities"",""w"":6.5},{""s"":""Technology"",""w"":6.12},{""s"":""Industrial"",""w"":5.91},{""s"":""Healthcare"",""w"":5.27}]","[{""s_fr"":null,""w"":51.88},{""s_fr"":null,""w"":6.5},{""s_fr"":null,""w"":6.12},{""s_fr"":null,""w"":5.91},{""s_fr"":null,""w"":5.27}]","[{""c"":""United States"",""w"":69.18},{""c"":""Other"",""w"":11.48},{""c"":""United Kingdom"",""w"":4.98},{""c"":""Japan"",""w"":3.1},{""c"":""Canada"",""w"":3.07}]","NCBX (US06051GHD43)","[{""t"":""NCBX"",""n"":""US06051GHD43"",""w"":0.31},{""t"":""NCBZ"",""n"":""US06051GHM42"",""w"":0.29},{""t"":""US6406RAH0"",""n"":""S&P China A 300 Net Zero 2050 C"",""w"":0.27},{""t"":""US25816ED7"",""n"":""US025816ED77"",""w"":0.26},{""t"":null,""n"":""US46647PAV85"",""w"":0.26},{""t"":""US95000U3E1"",""n"":""Wells Fargo & Company 5.574% Senior Unsecured Notes due July 25, 2029"",""w"":0.24},{""t"":""CVSA"",""n"":""US126650CX62"",""w"":0.23},{""t"":""US61747YFY6"",""n"":""US61747YFY68"",""w"":0.23},{""t"":null,""n"":""US594918BY93"",""w"":0.23},{""t"":""357E"",""n"":""US87264ABD63"",""w"":0.22}]",115
EMLO,"UBS J.P. Morgan EM Multi-Factor Enhanced Local Currency Bond UCITS ETF USD dis",,XLON,GBp,,,standard,82596600,0.004,,5.83,9.639,80,U.S. Government,"UBS J.P. Morgan EM Multi-Factor Enhanced Local Currency Bond UCITS ETF USD dis est un fonds négocié en bourse qui offre une exposition aux obligations gouvernementales et quasi-gouvernementales des marchés émergents libellées en monnaies locales. Le fonds cherche à suivre l'indice J.P. Morgan Emerging Markets Multi-Factor Enhanced Local Currency Bond, en utilisant une approche basée sur des règles conçue pour refléter un portefeuille de dettes en monnaies locales diversifié à travers plusieurs …","Sovereign","",93.31,1,1,STANDARD,"Other",14.92,"[{""s"":""Sovereign"",""w"":93.31},{""s"":""Other"",""w"":3.77},{""s"":""Energy"",""w"":1.29},{""s"":""Financial Services"",""w"":0.72},{""s"":""Industrial"",""w"":0.47}]","[{""s_fr"":null,""w"":93.31},{""s_fr"":null,""w"":3.77},{""s_fr"":null,""w"":1.29},{""s_fr"":null,""w"":0.72},{""s_fr"":null,""w"":0.47}]","[{""c"":""Other"",""w"":14.92},{""c"":""Mexico"",""w"":8.58},{""c"":""South Africa"",""w"":8.16},{""c"":""Indonesia"",""w"":8.12},{""c"":""China"",""w"":8.11}]","(MX0MGO0000H9)","[{""t"":null,""n"":""MX0MGO0000H9"",""w"":2.24},{""t"":null,""n"":""BRSTNCNTF1Q6"",""w"":1.61},{""t"":null,""n"":""MYBMY1900052"",""w"":1.43},{""t"":""PL0000113783"",""n"":""PL0000113783"",""w"":1.35},{""t"":""PL0000112736"",""n"":""PL0000112736"",""w"":1.3},{""t"":null,""n"":""IN0020230085"",""w"":1.28},{""t"":null,""n"":""CND10003VNX4"",""w"":1.2},{""t"":""ZAG000125980"",""n"":null,""w"":1.19},{""t"":null,""n"":""MX0MGO0000P2"",""w"":1.19},{""t"":null,""n"":""TH0623X3BC03"",""w"":1.11}]",105
VDTY,"Vanguard USD Treasury Bond UCITS ETF",,XLON,USD,,,standard,2649388146,0.0005,0.0424,3.46,9.325,92,U.S. Government,"Vanguard USD Treasury Bond UCITS ETF est un fonds négocié en bourse à revenu fixe domicilié en Irlande qui se concentre sur la dette publique américaine. Le fonds vise à suivre l'indice Bloomberg Global Aggregate US Treasury Float Adjusted Index, offrant une exposition diversifiée aux obligations du Trésor libellées en dollars américains émises par le gouvernement des États-Unis. Il investit principalement dans des titres de créance de qualité investissement à taux fixe avec des maturités supér…","Sovereign","",96.82,0.35,0,ALT_ASSET_FX,"United States",56.83,"[{""s"":""Sovereign"",""w"":96.82},{""s"":""Other"",""w"":3.19}]","[{""s_fr"":null,""w"":96.82},{""s_fr"":null,""w"":3.19}]","[{""c"":""United States"",""w"":56.83},{""c"":""Other"",""w"":43.17}]","(US91282CKQ32)","[{""t"":null,""n"":""US91282CKQ32"",""w"":0.92},{""t"":""US91282CLW9"",""n"":""United States Treasury Note 4.25% Due 11/15/2034"",""w"":0.91},{""t"":""US91282CMM0"",""n"":""United States Treasury Note 4.625% Due 02/15/2035"",""w"":0.91},{""t"":""US91282CLF6"",""n"":""US91282CLF67"",""w"":0.88},{""t"":""US91282CJZ5"",""n"":""US91282CJZ59"",""w"":0.87},{""t"":""US91282CJJ1"",""n"":""US91282CJJ18"",""w"":0.86},{""t"":null,""n"":""US91282CGQ87"",""w"":0.78},{""t"":""US91282CHT1"",""n"":""US91282CHT18"",""w"":0.78},{""t"":""US91282CCS8"",""n"":""US91282CCS89"",""w"":0.74},{""t"":""US91282CDJ7"",""n"":""US91282CDJ71"",""w"":0.73}]",115
EMHG,"iShares J.P. Morgan $ EM Bond UCITS ETF GBP Hedged (Distributing)",,XLON,GBP,,,standard,,0.005,0.0571,5.73,9.513,74,U.S. Government,"iShares J.P. Morgan $ EM Bond UCITS ETF GBP Hedged (Distributing) est un fonds négocié en bourse qui cherche à suivre la performance de l'indice JP Morgan EMBI Global Core (GBP Hedged). Cet indice comprend des obligations souveraines et quasi-souveraines libellées en dollars américains émises par des pays émergents, offrant une exposition diversifiée à la dette publique à travers des régions comme l'Amérique latine, l'Europe, l'Afrique et l'Asie. Les caractéristiques clés incluent une couvertur…","Sovereign","",87.28,0.35,0,ALT_ASSET_FX,"Other",9.94,"[{""s"":""Sovereign"",""w"":87.28},{""s"":""Energy"",""w"":5.11},{""s"":""Financial Services"",""w"":4.3},{""s"":""Non-Energy Materials"",""w"":1.64},{""s"":""Utilities"",""w"":0.79}]","[{""s_fr"":null,""w"":87.28},{""s_fr"":null,""w"":5.11},{""s_fr"":null,""w"":4.3},{""s_fr"":null,""w"":1.64},{""s_fr"":null,""w"":0.79}]","[{""c"":""Other"",""w"":9.94},{""c"":""Saudi Arabia"",""w"":6.37},{""c"":""Mexico"",""w"":6.25},{""c"":""Turkey"",""w"":4.88},{""c"":""Indonesia"",""w"":4.31}]","US40114HT0 (US040114HT09)","[{""t"":""US40114HT0"",""n"":""US040114HT09"",""w"":0.96},{""t"":""US040114HS26"",""n"":null,""w"":0.71},{""t"":null,""n"":""XS2214238441"",""w"":0.69},{""t"":""US040114HU71"",""n"":null,""w"":0.57},{""t"":null,""n"":""USL2660VAA37"",""w"":0.56},{""t"":null,""n"":""US760942BA98"",""w"":0.51},{""t"":null,""n"":""XS2893151287"",""w"":0.47},{""t"":""US040114HV54"",""n"":null,""w"":0.46},{""t"":""US731011AZ5"",""n"":""US731011AZ55"",""w"":0.42},{""t"":null,""n"":""XS1750114396"",""w"":0.41}]",95
EMGA,"iShares J.P. Morgan Emerging Markets Local Government Bond UCITS ETF USD (Acc)",,XLON,USD,,,standard,5338319360,0.005,0,6.05,9.698,81,U.S. Government,"iShares J.P. Morgan Emerging Markets Local Government Bond UCITS ETF USD (Acc) est un fonds négocié en bourse qui offre une large exposition aux obligations gouvernementales en monnaie locale émises par des pays émergents. Le fonds est conçu pour suivre l'indice J.P. Morgan GBI-EM Global Diversified 10% Cap 1% Floor, en utilisant un échantillonnage physique pour détenir une sélection représentative d'obligations à travers différentes maturités et pays. En tant qu'ETF d'accumulation, il réinvest…","Sovereign","",99.42,1,1,STANDARD,"China",10.01,"[{""s"":""Sovereign"",""w"":99.42},{""s"":""Other"",""w"":0.58}]","[{""s_fr"":null,""w"":99.42},{""s_fr"":null,""w"":0.58}]","[{""c"":""China"",""w"":10.01},{""c"":""India"",""w"":10.01},{""c"":""Mexico"",""w"":9.97},{""c"":""Malaysia"",""w"":9.56},{""c"":""Indonesia"",""w"":9.3}]","BLTN (iShares Brazil LTN BRL Govt Bond UCITS ETF (DE))","[{""t"":""BLTN"",""n"":""iShares Brazil LTN BRL Govt Bond UCITS ETF (DE)"",""w"":4.16}]",115
HEGB,"HSBC Global Funds ICAV - Euro Government Bond UCITS ETF",,XLON,GBP,,,standard,381759264,0.0006,,2.53,9.164,100,U.S. Government,"HSBC Global Funds ICAV - Euro Government Bond UCITS ETF est un fonds négocié en bourse à capital variable conçu pour offrir aux investisseurs une exposition ciblée au marché des obligations gouvernementales libellées en euros. L'objectif principal du fonds est de suivre de près la performance de l'indice Bloomberg EuroAgg Treasury, offrant aux investisseurs un accès à un portefeuille diversifié d'obligations gouvernementales émises par des pays de la zone euro. Utilisant la réplication physique…","","",,0.3,0,DATA_MISSING,"France",23.99,"[]","[]","[{""c"":""France"",""w"":23.99},{""c"":""Italy"",""w"":21.9},{""c"":""Germany"",""w"":19.28},{""c"":""Spain"",""w"":13.85},{""c"":""Belgium"",""w"":4.93}]","","[]",72
CBE3,"iShares € Govt Bond 1-3yr UCITS ETF EUR (Acc)",,XLON,EUR,,,standard,2521994496,0.001,,2.42,9.807,89,U.S. Government,"iShares € Govt Bond 1-3yr UCITS ETF EUR (Acc) est un fonds négocié en bourse qui offre une exposition ciblée aux obligations d'État à court terme libellées en euros. Lancé le 2 juin 2009 et domicilié en Irlande, il suit l'indice Bloomberg Euro Government Bond 1-3 Year Term en utilisant une méthodologie d'échantillonnage représentatif pour répliquer la performance. L'ETF investit exclusivement dans des obligations souveraines à taux fixe de qualité investissement provenant des pays de la zone eu…","Other","",100.00,1,1,STANDARD,"Other",75.43,"[{""s"":""Other"",""w"":100}]","[{""s_fr"":null,""w"":100}]","[{""c"":""Other"",""w"":75.43},{""c"":""France"",""w"":11.77},{""c"":""Spain"",""w"":7.2},{""c"":""Italy"",""w"":5.6}]","FR001400NBC6 (OAT2.50%24SEP27)","[{""t"":""FR001400NBC6"",""n"":""OAT2.50%24SEP27"",""w"":14.15},{""t"":""FR1400FYQ"",""n"":""FR001400FYQ4"",""w"":10.96},{""t"":""ES0012M7"",""n"":""ES0000012M77"",""w"":7.52},{""t"":""ES0000012O59"",""n"":""ES0000012O59"",""w"":6.38},{""t"":""BU2207"",""n"":""DE000BU22072"",""w"":6.04},{""t"":""BS88"",""n"":""DE000BU22064"",""w"":5.96},{""t"":""BU2208"",""n"":""DE000BU22080"",""w"":5.87},{""t"":""BU2209"",""n"":""DE000BU22098"",""w"":5.69},{""t"":""IT555601"",""n"":""IT0005556011"",""w"":5.68},{""t"":""IT558004"",""n"":""IT0005580045"",""w"":5.6}]",105
T10G,"UBS BBG TIPS 10+ UCITS ETF hGBP dis",,XLON,GBp,,,standard,,0.0013,,1.29,7.007,92,U.S. Government,"UBS BBG TIPS 10+ UCITS ETF hGBP dis est un fonds négocié en bourse conforme aux UCITS qui cherche à suivre l'indice Bloomberg US Government 10+ Year Inflation-Linked Bond (GBP Hedged) avant frais. Cet indice se concentre sur les titres du Trésor américain protégés contre l'inflation (TIPS) de qualité investissement avec des maturités dépassant 10 ans, offrant une protection contre l'inflation américaine tout en atténuant le risque de change grâce à une couverture en livres sterling (GBP). L'ETF…","Other","",100.00,1,1,STANDARD,"United States",89.93,"[{""s"":""Other"",""w"":100}]","[{""s_fr"":null,""w"":100}]","[{""c"":""United States"",""w"":89.93},{""c"":""Other"",""w"":10.07}]","(US912810RF75)","[{""t"":null,""n"":""US912810RF75"",""w"":9.85},{""t"":null,""n"":""US912810RL44"",""w"":9.45},{""t"":null,""n"":""US912810QV35"",""w"":8.3},{""t"":null,""n"":""US912810TY47"",""w"":8.19},{""t"":""US912810TP3"",""n"":""US912810TP30"",""w"":7.06},{""t"":null,""n"":""US912810QP66"",""w"":6.63},{""t"":null,""n"":""US912810RA88"",""w"":6.36},{""t"":null,""n"":""US912810RW09"",""w"":5.83},{""t"":null,""n"":""US912810TE82"",""w"":5.13},{""t"":null,""n"":""US912810RR14"",""w"":5}]",85
T1AP,"Invesco US Treasury Bond 0-1 Year UCITS ETF Acc",,XLON,GBp,,,standard,,0.0006,,3.1,9.923,92,AA,"L'Invesco US Treasury Bond 0-1 Year UCITS ETF Acc est un fonds négocié en bourse accumulant qui suit l'indice Bloomberg US Treasury Coupons, se concentrant exclusivement sur les obligations du Trésor américain à court terme avec des maturités de 0 à 1 an. Cet ETF offre aux investisseurs une exposition ciblée au secteur des obligations d'État, détenant principalement des bons du Trésor américain de haute qualité émis par le Département du Trésor américain, tels que ceux arrivant à échéance entre…","Other","",100.00,1,1,STANDARD,"United States",75.37,"[{""s"":""Other"",""w"":100}]","[{""s_fr"":null,""w"":100}]","[{""c"":""United States"",""w"":75.37},{""c"":""Other"",""w"":24.63}]","US91282CKK6 (4.875% NTS 31/05/2026 USD (BC-2026))","[{""t"":""US91282CKK6"",""n"":""4.875% NTS 31/05/2026 USD (BC-2026)"",""w"":3.35},{""t"":""US91282CKY6"",""n"":""US2Y1"",""w"":3.31},{""t"":""US91282CLH2"",""n"":""US91282CLH24"",""w"":3.28},{""t"":""US91282CKS9"",""n"":""T-NOTE USA FX 4.875% MAY26 USD"",""w"":3.1},{""t"":""US91282CKH3"",""n"":""4.875% NTS 30/04/2026 USD (BA-2026)"",""w"":2.93},{""t"":null,""n"":""4.5% NTS 31/03/2026 USD (AZ-2026)"",""w"":2.92},{""t"":""US91282CLB5"",""n"":""United States Treasury Note 4.375% 07/31/2026"",""w"":2.91},{""t"":null,""n"":""4.625% NTS 28/02/2026 USD (AY-2026)"",""w"":2.75},{""t"":""US91282CCW9"",""n"":""USA 21/26"",""w"":2.68}]",85
SDBH,"UBS Sustainable Development Bank Bonds 1-5 UCITS ETF hGBP dis",,XLON,GBp,,,standard,,0,,,9.758,96,U.S. Government,"UBS Sustainable Development Bank Bonds 1-5 UCITS ETF hGBP dis est un fonds négocié en bourse qui offre une exposition à des obligations à court terme émises par des banques de développement multilatérales. Le fonds est conçu pour suivre la performance d'un indice axé sur la dette des banques de développement avec des maturités de 1 à 5 ans, offrant un portefeuille diversifié d'émetteurs d'obligations souveraines et supranationales de haute qualité. Il utilise une structure couverte en GBP et di…","","",,0.3,0,DATA_MISSING,"United Kingdom",,"[]","[]","[{""c"":""United Kingdom"",""w"":null}]","","[]",52
0A24,"iShares $ Treasury Bond 0-1yr UCITS ETF MXN Hedged (Acc)",,XLON,MXN,,,inverse,,,,,,,,"L'iShares $ Treasury Bond 0-1yr UCITS ETF MXN Hedged (Acc) est un fonds négocié en bourse conçu pour suivre la performance d'un indice composé d'obligations d'État libellées en dollars américains, spécifiquement des bons du Trésor américain à court terme avec des maturités entre 0 et 1 an. Lancé en tant que véhicule conforme aux UCITS domicilié en Irlande et géré par iShares, il utilise une stratégie de réplication physique pour refléter de près l'ICE U.S. Treasury Short Bond Index, investissan…","Financial Services","",100.00,0.55,1,SINGLE_STOCK_DERIVATIVE,"United States",100.00,"[{""s"":""Financial Services"",""w"":100}]","[{""s_fr"":null,""w"":100}]","[{""c"":""United States"",""w"":100}]","V (V)","[{""t"":""V"",""n"":""V"",""w"":100}]",65
SEGP,"iShares EUR Government Bond Climate UCITS ETF EUR (Acc)",,XLON,GBP,,,standard,,0.0012,,2.62,9.281,88,U.S. Government,"iShares EUR Government Bond Climate UCITS ETF EUR (Acc) est un fonds négocié en bourse qui suit l'indice FTSE Advanced Climate Risk-Adjusted European Monetary Union Government Bond Index. Il offre une exposition aux obligations d'État de qualité investissement libellées en euros émises par les États membres de la zone euro, avec des poids par pays optimisés pour atténuer les risques liés au changement climatique. Lancé en septembre 2024 et domicilié en Irlande, le fonds utilise une méthode de r…","Sovereign","",99.81,1,1,STANDARD,"France",30.01,"[{""s"":""Sovereign"",""w"":99.81},{""s"":""Other"",""w"":0.19}]","[{""s_fr"":null,""w"":99.81},{""s_fr"":null,""w"":0.19}]","[{""c"":""France"",""w"":30.01},{""c"":""Spain"",""w"":19.38},{""c"":""Italy"",""w"":17.17},{""c"":""Germany"",""w"":14.66},{""c"":""Austria"",""w"":6.34}]","ETAPY (French Republic Government Bond 2.75% 2029)","[{""t"":""ETAPY"",""n"":""French Republic Government Bond 2.75% 2029"",""w"":1.18},{""t"":""ETAMD"",""n"":""French Republic Government Bond"",""w"":1.11},{""t"":""ETANH"",""n"":""French Republic OAT 0.75% 25 May 2028"",""w"":1.08},{""t"":""ETANM"",""n"":""French Republic Government Bond"",""w"":1.03},{""t"":""4RF9"",""n"":""FR0012993103"",""w"":1.01},{""t"":null,""n"":""FR0011317783"",""w"":1},{""t"":""FR001400PM68"",""n"":""Republic of France"",""w"":0.96},{""t"":""FR1400L83"",""n"":""FR001400L834"",""w"":0.9},{""t"":""ETANS"",""n"":""Republic of France Government Bond"",""w"":0.88},{""t"":""ETAPR"",""n"":""French Republic Government Bond 0.75% Feb 2028"",""w"":0.86}]",85
SDBG,"UBS Sustainable Development Bank Bonds 1-5 UCITS ETF hGBP acc",,XLON,GBp,,,standard,,0.0018,,,9.758,96,U.S. Government,"L'UBS Sustainable Development Bank Bonds 1-5 UCITS ETF est un fonds négocié en bourse à revenu fixe conçu pour offrir une exposition à des obligations de haute qualité à court et moyen terme émises par des banques de développement multilatérales de premier plan. Le fonds investit principalement dans des obligations libellées en USD provenant d'institutions telles que la Banque internationale pour la reconstruction et le développement et la Banque interaméricaine de développement, toutes notées …","Financial Services","",80.53,1,1,VERIFIED_FINANCIAL,"United Kingdom",,"[{""s"":""Financial Services"",""w"":80.53},{""s"":""Other"",""w"":19.47}]","[{""s_fr"":null,""w"":80.53},{""s_fr"":null,""w"":19.47}]","[{""c"":""United Kingdom"",""w"":null}]","","[]",70
T10A,"UBS BBG TIPS 10+ UCITS ETF hGBP acc",,XLON,GBp,,,standard,,0.0013,,,7.408,92,U.S. Government,"UBS BBG TIPS 10+ UCITS ETF hGBP acc est un fonds négocié en bourse axé sur les obligations, conçu pour suivre la performance des titres du Trésor américain protégés contre l'inflation (TIPS) avec des maturités supérieures à 10 ans. En tant que produit conforme aux UCITS, il respecte les normes réglementaires européennes en matière de diversification de portefeuille et de protection des investisseurs. Le fonds offre une exposition aux obligations d'État américaines à long terme qui s'ajustent en…","Other","",100.00,1,1,STANDARD,"Other",100.00,"[{""s"":""Other"",""w"":100}]","[{""s_fr"":null,""w"":100}]","[{""c"":""Other"",""w"":100}]","(US912810RF75)","[{""t"":null,""n"":""US912810RF75"",""w"":9.85},{""t"":null,""n"":""US912810RL44"",""w"":9.45},{""t"":null,""n"":""US912810QV35"",""w"":8.3},{""t"":null,""n"":""US912810TY47"",""w"":8.19},{""t"":""US912810TP3"",""n"":""US912810TP30"",""w"":7.06},{""t"":null,""n"":""US912810QP66"",""w"":6.63},{""t"":null,""n"":""US912810RA88"",""w"":6.36},{""t"":null,""n"":""US912810RW09"",""w"":5.83},{""t"":null,""n"":""US912810TE82"",""w"":5.13},{""t"":null,""n"":""US912810RR14"",""w"":5}]",85
T3GB,"Invesco US Treasury Bond 1-3 Year UCITS ETF GBP Hedged Dist",,XLON,GBp,,,standard,,0.001,0.0384,3.22,9.718,93,U.S. Government,"Invesco US Treasury Bond 1-3 Year UCITS ETF GBP Hedged Dist est un fonds négocié en bourse qui suit l'indice Bloomberg US 1-3 Year Treasury Bond (GBP Hedged). Il offre une exposition aux obligations d'État libellées en dollars américains émises par le Trésor américain avec des échéances allant de 1 à 3 ans, tout en couvrant le risque de change par rapport à la livre sterling afin de minimiser les fluctuations du taux de change GBP/USD. L'ETF utilise une stratégie de réplication physique par éch…","Other","",100.00,0.35,0,ALT_ASSET_FX,"United States",57.63,"[{""s"":""Other"",""w"":100}]","[{""s_fr"":null,""w"":100}]","[{""c"":""United States"",""w"":57.63},{""c"":""Other"",""w"":42.37}]","US91282CMH1 (United States Treasury Note 4.125% Due January 31, 2027)","[{""t"":""US91282CMH1"",""n"":""United States Treasury Note 4.125% Due January 31, 2027"",""w"":1.59},{""t"":""US91282CME8"",""n"":""US91282CME83"",""w"":1.58},{""t"":""US91282CNP2"",""n"":""United States Treasury Note 3.875% Due July 31, 2027"",""w"":1.57},{""t"":""US91282CLY5"",""n"":""United States Treasury Note 4.25% 11/30/2026"",""w"":1.57},{""t"":null,""n"":""US912828Z781"",""w"":1.51},{""t"":""US91282CNE7"",""n"":""United States Treasury Note 3.875% 05/31/2027"",""w"":1.46},{""t"":""US91282CLP4"",""n"":""US91282CLP40"",""w"":1.45},{""t"":""US91282CLS8"",""n"":""United States Treasury Note, 4.125% due 10/31/2026"",""w"":1.44},{""t"":""US91282CMP3"",""n"":""United States Treasury Note 4.125% due 02/28/2027"",""w"":1.42},{""t"":""US91282CMY4"",""n"":""United States Treasury Note 3.75% 04/30/2027"",""w"":1.42}]",95
0ACM,"iShares $ Treasury Bond 7-10yr UCITS ETF EUR Hedged (Dist)",,XLON,EUR,,,standard,,,,,,,,"iShares $ Treasury Bond 7-10yr UCITS ETF EUR Hedged (Dist) est un fonds négocié en bourse qui suit l'indice ICE U.S. Treasury 7-10 Year Bond Index, se concentrant sur les obligations d'État libellées en dollars américains émises par le Trésor américain avec des maturités comprises entre 7 et 10 ans. Il utilise une couverture de change pour atténuer les fluctuations du taux de change euro, offrant aux investisseurs basés en euros une exposition ciblée au segment intermédiaire des obligations du …","","",,0.3,0,DATA_MISSING,"United Kingdom",,"[]","[]","[{""c"":""United Kingdom"",""w"":null}]","","[]",32
AGGU,"iShares Core Global Aggregate Bond UCITS ETF USD Hedged (Acc)",,XLON,USD,,,standard,12443502630,0.001,0,3.26,9.172,86,U.S. Government,"iShares Core Global Aggregate Bond UCITS ETF USD Hedged (Acc) est un fonds négocié en bourse à revenu fixe qui offre une large exposition aux obligations de qualité investissement à l'échelle mondiale, tant sur les marchés développés qu'émergents. Le fonds vise à suivre l'indice Bloomberg Global Aggregate Bond (USD Hedged), qui couvre la dette gouvernementale, d'entreprise, titrisée, d'agence et municipale sur une large gamme d'échéances. Son composant de couverture en USD est conçu pour réduir…","Sovereign","",55.13,1,1,STANDARD,"United States",29.50,"[{""s"":""Sovereign"",""w"":55.13},{""s"":""Financial Services"",""w"":18.66},{""s"":""Other"",""w"":10.34},{""s"":""Non-Corporate"",""w"":2.19},{""s"":""Utilities"",""w"":2.15}]","[{""s_fr"":null,""w"":55.13},{""s_fr"":null,""w"":18.66},{""s_fr"":null,""w"":10.34},{""s_fr"":null,""w"":2.19},{""s_fr"":null,""w"":2.15}]","[{""c"":""United States"",""w"":29.5},{""c"":""Other"",""w"":20.22},{""c"":""China"",""w"":11.01},{""c"":""Japan"",""w"":7.94},{""c"":""France"",""w"":5.18}]","0P0001I429 (BlackRock ICS US Dollar Liquid Environmentally Aware Fund Agency Inc)","[{""t"":""0P0001I429"",""n"":""BlackRock ICS US Dollar Liquid Environmentally Aware Fund Agency Inc"",""w"":2.05},{""t"":null,""n"":""CND100036Q75"",""w"":0.49},{""t"":null,""n"":""CND10006VQZ5"",""w"":0.39},{""t"":null,""n"":""CND10006GPT1"",""w"":0.38},{""t"":null,""n"":""CND10007NT77"",""w"":0.38},{""t"":null,""n"":""CND10004R999"",""w"":0.3},{""t"":null,""n"":""CND100069PL7"",""w"":0.29},{""t"":null,""n"":""US91282CLG41"",""w"":0.28},{""t"":""US91282CCE9"",""n"":""US91282CCE93"",""w"":0.27},{""t"":""US91282CNK3"",""n"":""United States Treasury Note 3.875% due June 30, 2030"",""w"":0.24}]",115
TIGB,"Invesco US Treasury Bond 0-1 Year UCITS ETF GBP Hedged Dist",,XLON,GBp,,,standard,,0.001,0.0383,3.1,9.923,92,AA,"L'Invesco US Treasury Bond 0-1 Year UCITS ETF GBP Hedged Dist est un fonds négocié en bourse conçu pour suivre la performance des obligations d'État libellées en dollars américains émises par le Trésor américain avec des maturités comprises entre zéro et un an. Le fonds offre une exposition aux titres du Trésor américain à court terme tout en couvrant le risque de change en convertissant les rendements en livres sterling, ce qui le rend adapté aux investisseurs basés en GBP recherchant une expo…","Other","",100.00,0.35,0,ALT_ASSET_COMMODITY,"United States",75.37,"[{""s"":""Other"",""w"":100}]","[{""s_fr"":null,""w"":100}]","[{""c"":""United States"",""w"":75.37},{""c"":""Other"",""w"":24.63}]","US91282CKK6 (4.875% NTS 31/05/2026 USD (BC-2026))","[{""t"":""US91282CKK6"",""n"":""4.875% NTS 31/05/2026 USD (BC-2026)"",""w"":3.35},{""t"":""US91282CKY6"",""n"":""US2Y1"",""w"":3.31},{""t"":""US91282CLH2"",""n"":""US91282CLH24"",""w"":3.28},{""t"":""US91282CKS9"",""n"":""T-NOTE USA FX 4.875% MAY26 USD"",""w"":3.1},{""t"":""US91282CKH3"",""n"":""4.875% NTS 30/04/2026 USD (BA-2026)"",""w"":2.93},{""t"":null,""n"":""4.5% NTS 31/03/2026 USD (AZ-2026)"",""w"":2.92},{""t"":""US91282CLB5"",""n"":""United States Treasury Note 4.375% 07/31/2026"",""w"":2.91},{""t"":null,""n"":""4.625% NTS 28/02/2026 USD (AY-2026)"",""w"":2.75},{""t"":""US91282CCW9"",""n"":""USA 21/26"",""w"":2.68}]",95
AGBP,"iShares Core Global Aggregate Bond UCITS ETF GBP Hedged (Dist)",,XLON,GBP,,,standard,,0.001,0.0337,3.26,9.172,86,U.S. Government,"iShares Core Global Aggregate Bond UCITS ETF GBP Hedged (Dist) est un fonds négocié en bourse qui suit l'indice Bloomberg Global Aggregate Bond (GBP Hedged), offrant des rendements totaux provenant de l'appréciation du capital et des revenus à travers un portefeuille diversifié d'obligations de qualité investissement mondiales. Lancé le 21 novembre 2017 et domicilié en Irlande, il utilise une réplication physique pour refléter des avoirs comprenant des titres gouvernementaux, de la dette d'entr…","Sovereign","",55.13,1,1,STANDARD,"United States",29.50,"[{""s"":""Sovereign"",""w"":55.13},{""s"":""Financial Services"",""w"":18.66},{""s"":""Other"",""w"":10.34},{""s"":""Non-Corporate"",""w"":2.19},{""s"":""Utilities"",""w"":2.15}]","[{""s_fr"":null,""w"":55.13},{""s_fr"":null,""w"":18.66},{""s_fr"":null,""w"":10.34},{""s_fr"":null,""w"":2.19},{""s_fr"":null,""w"":2.15}]","[{""c"":""United States"",""w"":29.5},{""c"":""Other"",""w"":20.22},{""c"":""China"",""w"":11.01},{""c"":""Japan"",""w"":7.94},{""c"":""France"",""w"":5.18}]","0P0001I429 (BlackRock ICS US Dollar Liquid Environmentally Aware Fund Agency Inc)","[{""t"":""0P0001I429"",""n"":""BlackRock ICS US Dollar Liquid Environmentally Aware Fund Agency Inc"",""w"":2.05},{""t"":null,""n"":""CND100036Q75"",""w"":0.49},{""t"":null,""n"":""CND10006VQZ5"",""w"":0.39},{""t"":null,""n"":""CND10006GPT1"",""w"":0.38},{""t"":null,""n"":""CND10007NT77"",""w"":0.38},{""t"":null,""n"":""CND10004R999"",""w"":0.3},{""t"":null,""n"":""CND100069PL7"",""w"":0.29},{""t"":null,""n"":""US91282CLG41"",""w"":0.28},{""t"":""US91282CCE9"",""n"":""US91282CCE93"",""w"":0.27},{""t"":""US91282CNK3"",""n"":""United States Treasury Note 3.875% due June 30, 2030"",""w"":0.24}]",95
0ACV,"Amundi US Treasury Bond 7-10Y UCITS ETF Dist",,XLON,USD,,,standard,1674343345,0.0006,,4.25,9.35,93,U.S. Government,"Amundi US Treasury Bond 7-10Y UCITS ETF Dist est un fonds négocié en bourse qui offre aux investisseurs une exposition ciblée au segment intermédiaire du marché des obligations du Trésor américain. Lancé le 17 mai 2016 et domicilié au Luxembourg, il cherche à répliquer de près la performance de l'indice Bloomberg US Treasury 7-10 Year, qui suit les obligations du Trésor à taux fixe libellées en dollars américains avec des maturités restantes entre sept et dix ans. Cet ETF utilise une stratégie …","","",,0.35,0,ALT_ASSET_FX,"United Kingdom",,"[]","[]","[{""c"":""United Kingdom"",""w"":null}]","","[]",72
0ACD,"Vanguard Global Aggregate Bond UCITS ETF EUR Hedged Accumulating",,XLON,EUR,,,standard,5641289613,0.0008,,,,,,"Vanguard Global Aggregate Bond UCITS ETF EUR Hedged Accumulating est un fonds négocié en bourse qui offre une exposition diversifiée à un large éventail d'obligations de qualité investissement mondiales provenant de marchés développés et émergents. Il suit l'indice Bloomberg Global Aggregate Float Adjusted and Scaled (EUR Hedged), englobant des obligations d'État, des obligations d'entreprise et des obligations titrisées avec des échéances supérieures à un an. Une caractéristique déterminante e…","Sovereign","",55.74,1,1,STANDARD,"United States",38.23,"[{""s"":""Sovereign"",""w"":55.74},{""s"":""Financial Services"",""w"":16.08},{""s"":""Other"",""w"":9.53},{""s"":""Industrial"",""w"":4.27},{""s"":""Utilities"",""w"":2.62}]","[{""s_fr"":null,""w"":55.74},{""s_fr"":null,""w"":16.08},{""s_fr"":null,""w"":9.53},{""s_fr"":null,""w"":4.27},{""s_fr"":null,""w"":2.62}]","[{""c"":""United States"",""w"":38.23},{""c"":""Other"",""w"":21.52},{""c"":""France"",""w"":5.96},{""c"":""Japan"",""w"":5.43},{""c"":""Germany"",""w"":5.41}]","","[]",85
QGHY,"BNP Paribas Easy Alpha Enhanced Global High Yield UCITS ETF",,XLON,CHF,,,standard,,,,,,,,"BNP Paribas Easy Alpha Enhanced Global High Yield UCITS ETF est un ETF obligataire qui offre une exposition à un portefeuille diversifié d'obligations d'entreprise à haut rendement à l'échelle mondiale. Le fonds est conçu pour participer au marché du crédit à haut rendement, combinant une large sélection d'émetteurs avec une approche améliorée de l'alpha qui vise à ajouter de la valeur grâce à une construction active du portefeuille. Il est structuré en tant qu'ETF UCITS et est géré en USD, ave…","","",,0.3,0,DATA_MISSING,"United Kingdom",,"[]","[]","[{""c"":""United Kingdom"",""w"":null}]","","[]",32
TAGT,"Janus Henderson Haitong Asia ex-Japan High Yield Corp USD Bond Screened Core UCITS ETF USD Acc.",,XLON,GBP,,,standard,,0.006,,6.96,9.637,,,"Janus Henderson Haitong Asia ex-Japan High Yield Corp USD Bond Screened Core UCITS ETF USD Acc est un fonds négocié en bourse à revenu fixe axé sur les obligations d'entreprises à haut rendement en Asie, à l'exclusion du Japon. Le fonds cherche à répliquer l'indice iBoxx MSCI Scored & Screened Tilted USD Asia ex-Japan High Yield Capped TCA, offrant une exposition à des émetteurs de qualité inférieure libellés en dollars américains. Il applique un filtrage et une notation environnementaux, socia…","","",,0.3,0,DATA_MISSING,"United Kingdom",,"[]","[]","[{""c"":""United Kingdom"",""w"":null}]","04621 (China Cinda Asset Management Co Ltd 4.40% PRF PERPETUAL CNY 100)","[{""t"":""04621"",""n"":""China Cinda Asset Management Co Ltd 4.40% PRF PERPETUAL CNY 100"",""w"":2.41}]",67
TFRN,"WisdomTree USD Floating Rate Treasury Bond UCITS ETF - USD Acc",,XLON,USD,,,standard,243853824,0.0015,0,3.9,10.011,100,U.S. Government,"WisdomTree USD Floating Rate Treasury Bond UCITS ETF - USD Acc est un fonds négocié en bourse à revenu fixe conçu pour fournir une exposition diversifiée aux bons du Trésor américain à taux variable. Il cherche à suivre l'indice Bloomberg U.S. Treasury Floating Rate Bond en détenant des titres émis par le gouvernement dont les coupons se réajustent régulièrement, rendant le portefeuille étroitement lié aux taux d'intérêt à court terme aux États-Unis. Le fonds utilise une réplication physique co…","Other","",61.25,1,1,STANDARD,"Other",72.12,"[{""s"":""Other"",""w"":61.25},{""s"":""Sovereign"",""w"":38.75}]","[{""s_fr"":null,""w"":61.25},{""s_fr"":null,""w"":38.75}]","[{""c"":""Other"",""w"":72.12},{""c"":""United States"",""w"":27.88}]","","[]",100
0MV9,"Xtrackers II Global Government Bond UCITS ETF 1C EUR Hedged",,XLON,EUR,,,standard,,0.0025,,2.98,9.101,91,U.S. Government,"Xtrackers II Global Government Bond UCITS ETF 1C EUR Hedged est un fonds négocié en bourse qui offre aux investisseurs une exposition aux marchés obligataires mondiaux à travers des obligations souveraines émises par des gouvernements de pays développés. Lancé le 20 octobre 2008 et domicilié au Luxembourg, l'ETF est géré par Deutsche Asset Management et se concentre sur des obligations de qualité investissement libellées en monnaie locale, à taux fixe, notées par S&P, Moody’s et Fitch, avec une…","","",,0.3,0,DATA_MISSING,"United Kingdom",,"[]","[]","[{""c"":""United Kingdom"",""w"":null}]","","[]",52
0MUJ,"Xtrackers II Eurozone Government Bond 7-10 UCITS ETF 1C",,XLON,EUR,,,standard,,0.0015,,3.21,9.673,89,U.S. Government,"Xtrackers II Eurozone Government Bond 7-10 UCITS ETF 1C est un fonds négocié en bourse qui suit l'indice Markit iBoxx EUR Eurozone Sovereigns 7-10 Mid Price, comprenant des obligations d'État libellées en euros provenant de pays de la zone euro avec des maturités comprises entre sept et dix ans. Son objectif principal est de fournir une exposition à la dette souveraine des gouvernements de la zone euro, tels que ceux d'Allemagne, d'Espagne, de France, d'Italie et des Pays-Bas, offrant un portef…","","",,0.3,0,DATA_MISSING,"United Kingdom",,"[]","[]","[{""c"":""United Kingdom"",""w"":null}]","","[]",52
0MP3,"iShares eb.rexx® Government Germany 0-1yr UCITS ETF (DE)",,XLON,EUR,,,standard,,,,,,,,"iShares eb.rexx® Government Germany 0-1yr UCITS ETF (DE) is a UCITS-compliant exchange-traded fund that seeks to track the eb.rexx® Government Germany 0-1 index. This index comprises euro-denominated short-term German government bonds traded on the Eurex Bonds platform, with maturities ranging from 1 month to 1 year and featuring AAA ratings. The ETF employs a sampling technique for physical replication, holding a selection of the most relevant index constituents, primarily issued by the Federa…","","",,0.3,0,DATA_MISSING,"United Kingdom",,"[]","[]","[{""c"":""United Kingdom"",""w"":null}]","","[]",32
0MPW,"Deka Deutsche Börse EUROGOV Germany Money Market UCITS ETF",,XLON,EUR,,,standard,,,,,,,,"Deka Deutsche Boerse EUROGOV Germany Money Market UCITS ETF is an exchange-traded fund that tracks the Deutsche Börse EUROGOV Germany Money Market index. This index focuses on short-term German government bonds with maturities ranging from 2 to 12 months, selecting up to a maximum of 15 highly liquid plain vanilla securities from the broader EUROGOV index universe. The ETF employs full physical replication, holding all index constituents weighted by market capitalization, with individual positi…","","",,0.3,0,DATA_MISSING,"United Kingdom",,"[]","[]","[{""c"":""United Kingdom"",""w"":null}]","","[]",32
0A0B,"iShares USD Treasury Bond 1-3yr UCITS ETF (Dist) MXNHA",,XLON,MXN,,,structured,,0.0012,,3.25,9.714,92,AA,"iShares USD Treasury Bond 1-3yr UCITS ETF (Dist) est un fonds négocié en bourse qui cherche à reproduire la performance des prix et des rendements de l'ICE U.S. Treasury 1-3 Year Bond Index. Il investit principalement dans un portefeuille diversifié de bons du Trésor américain avec des maturités allant de 1 à 3 ans, comprenant des titres tels que USA Notes 1.5% 31jan2027 et USA Notes 3.5% 30sep2026, chacun représentant environ 1.5-1.6% des actifs. Domicilié en Irlande et géré par iShares, une m…","","",,0.4,0,STRUCTURED_VEHICLE,"United Kingdom",,"[]","[]","[{""c"":""United Kingdom"",""w"":null}]","","[]",52
0A0A,"iShares $ Floating Rate Bond UCITS ETF MXN Hedged (Acc)",,XLON,MXN,,,structured,,,,,,,,"iShares $ Floating Rate Bond UCITS ETF MXN Hedged (Acc) is an exchange-traded fund that seeks to track the performance of an index comprising short-maturity, US Dollar-denominated investment grade corporate bonds, with currency hedging to the Mexican Peso and an accumulating share class. Its primary function is to provide investors with diversified exposure to USD floating rate notes, where interest payments adjust dynamically to changes in interest rates, offering protection against rate fluct…","","",,0.35,0,ALT_ASSET_FX,"United Kingdom",,"[]","[]","[{""c"":""United Kingdom"",""w"":null}]","","[]",32
0A09,"iShares Core Global Aggregate Bond UCITS ETF NZD Hedged (Acc)",,XLON,NZD,,,standard,,0.0015,,3.26,9.172,86,U.S. Government,"iShares Core Global Aggregate Bond UCITS ETF NZD Hedged (Acc) est un fonds négocié en bourse qui cherche à suivre la performance d'un indice obligataire mondial de qualité investissement, avec une couverture de change en dollars néo-zélandais (NZD) et une accumulation des revenus. Cet ETF offre aux investisseurs une large exposition à un portefeuille diversifié d'obligations de haute qualité provenant de gouvernements, d'agences et d'entreprises du monde entier, y compris des émetteurs majeurs …","","",,0.3,0,DATA_MISSING,"United Kingdom",,"[]","[]","[{""c"":""United Kingdom"",""w"":null}]","","[]",52
0A08,"iShares J.P. Morgan $ EM Bond UCITS ETF Hedged Peso Mexicano (Accumulating)",,XLON,MXN,,,standard,,,,,,,,"iShares J.P. Morgan $ EM Bond UCITS ETF Hedged Peso Mexicano (Accumulating) est un ETF UCITS à revenu fixe qui cherche à suivre la performance de l'indice J.P. Morgan EMBI Global Core, composé d'obligations libellées en dollars américains émises par des pays émergents. Il offre une exposition diversifiée à un large portefeuille d'obligations gouvernementales et quasi-gouvernementales des marchés émergents, y compris des titres de qualité investissement et à haut rendement, avec une réplication …","","",,0.35,0,ALT_ASSET_FX,"United Kingdom",,"[]","[]","[{""c"":""United Kingdom"",""w"":null}]","","[]",32
0A07,"iShares $ High Yield Corp Bond UCITS ETF MXN Hedged (Acc)",,XLON,MXN,,,standard,,0.0055,,6.43,9.871,39,BB,"iShares $ High Yield Corp Bond UCITS ETF MXN Hedged (Acc) est un fonds négocié en bourse conçu pour suivre la performance de l'indice Markit iBoxx USD Liquid High Yield Capped, se concentrant sur les obligations d'entreprise à haut rendement libellées en USD. Cette classe d'actions accumulantes réinvestit les revenus plutôt que de distribuer des dividendes, entraînant ainsi des paiements de dividendes nuls. Couvert en pesos mexicains (MXN), elle atténue le risque de change entre le portefeuille…","Utilities","",83.61,1,1,STANDARD,"United Kingdom",,"[{""s"":""Utilities"",""w"":83.61},{""s"":""Real Estate"",""w"":16.39},{""s"":""Consumer Defensive"",""w"":0},{""s"":""Technology"",""w"":0},{""s"":""Communication Services"",""w"":0}]","[{""s_fr"":null,""w"":83.61},{""s_fr"":null,""w"":16.39},{""s_fr"":null,""w"":0},{""s_fr"":null,""w"":0},{""s_fr"":null,""w"":0}]","[{""c"":""United Kingdom"",""w"":null}]","","[]",70
SUSC,"iShares ESG Aware USD Corporate Bond ETF",,XLON,USD,Corporate Bond,,standard,1275085696,0.0018,0.0476,4.58,9.04,68,BBB,"iShares ESG Aware USD Corporate Bond ETF est un ETF obligataire à revenu fixe qui cherche à suivre un indice d'obligations d'entreprises notées investissement en dollars américains, sélectionnées pour leurs caractéristiques environnementales, sociales et de gouvernance positives dans l'ensemble. Le fonds se concentre sur la dette d'entreprise émise par des sociétés qui répondent aux critères de sélection ESG tout en visant à maintenir des caractéristiques de risque et de rendement similaires à …","","",,0.3,0,DATA_MISSING,"United Kingdom",,"[]","[]","[{""c"":""United Kingdom"",""w"":null}]","XTSLA (BlackRock Cash Funds Treasury SL Agency)","[{""t"":""XTSLA"",""n"":""BlackRock Cash Funds Treasury SL Agency"",""w"":0.66}]",97
SUOG,"iShares € Corp Bond ESG SRI UCITS ETF GBP Hedged Dist",,XLON,GBP,,,standard,,0.0016,0.0327,3.08,9.511,69,A,"iShares € Corp Bond ESG SRI UCITS ETF GBP Hedged Dist est un fonds négocié en bourse qui suit l'indice Bloomberg MSCI Euro Corporate Sustainable et SRI (GBP Hedged), se concentrant sur les obligations d'entreprise libellées en euros sélectionnées pour leurs critères environnementaux, sociaux et de gouvernance (ESG) et d'investissement socialement responsable (SRI). Lancé en juillet 2019 et domicilié en Irlande, il utilise une réplication par échantillonnage physique pour détenir un portefeuille…","Financial Services","",54.03,1,1,STANDARD,"United States",20.28,"[{""s"":""Financial Services"",""w"":54.03},{""s"":""Industrial"",""w"":7.59},{""s"":""Healthcare"",""w"":7.32},{""s"":""Telecommunication"",""w"":6.42},{""s"":""Consumer Non-Cyclicals"",""w"":5.71}]","[{""s_fr"":null,""w"":54.03},{""s_fr"":null,""w"":7.59},{""s_fr"":null,""w"":7.32},{""s_fr"":null,""w"":6.42},{""s_fr"":null,""w"":5.71}]","[{""c"":""United States"",""w"":20.28},{""c"":""France"",""w"":19.64},{""c"":""Germany"",""w"":10.46},{""c"":""United Kingdom"",""w"":9.49},{""c"":""Spain"",""w"":6.06}]","0P0000YPZS (BlackRock ICS Euro Liquid Environmentally Aware Fund - Agency (Dis) Shares EUR)","[{""t"":""0P0000YPZS"",""n"":""BlackRock ICS Euro Liquid Environmentally Aware Fund - Agency (Dis) Shares EUR"",""w"":0.18},{""t"":""CH121479717"",""n"":""CH1214797172"",""w"":0.16},{""t"":""XS246123462"",""n"":""XS2461234622"",""w"":0.11},{""t"":""XS270560423"",""n"":""XS2705604234"",""w"":0.11},{""t"":null,""n"":""XS1615079974"",""w"":0.1},{""t"":""XS279033388"",""n"":""MORGAN STANLEY 24/35 FLR"",""w"":0.1},{""t"":""XS279197224"",""n"":""JPMORG.CHASE 24/34 FLR"",""w"":0.1},{""t"":""XS271729197"",""n"":""XS2717291970"",""w"":0.1},{""t"":null,""n"":""XS2986317506"",""w"":0.1},{""t"":null,""n"":""XS2595028536"",""w"":0.1}]",95
0WAW,"Amundi Euro Government Bond 0-6 M UCITS ETF Acc",,XLON,EUR,,,standard,,,,,,,,"L'Amundi Euro Government Bond 0-6 M UCITS ETF Acc est un fonds négocié en bourse à revenu fixe conçu pour offrir une exposition aux bons du Trésor et aux instruments de trésorerie des gouvernements de la zone euro à court terme. Le fonds vise à suivre l'indice FTSE Eurozone Government Bill 0-6 Month Capped, en se concentrant sur la dette souveraine avec des maturités très courtes pour refléter le comportement du segment du marché monétaire en euros. Il utilise une approche de réplication physiq…","","",,0.3,0,DATA_MISSING,"United Kingdom",,"[]","[]","[{""c"":""United Kingdom"",""w"":null}]","","[]",32
MUSA,"Middlefield U.S. Equity Dividend Fund",,XLON,CAD,,,standard,53876328,0,0.0133,,,,,"Le Middlefield U.S. Equity Dividend Fund est un fonds d'investissement à capital fixe axé sur le revenu des dividendes et la croissance du capital à long terme. Sa fonction principale est de fournir aux investisseurs un portefeuille diversifié composé principalement de titres de participation d'entreprises américaines qui versent des dividendes. Ce fonds cherche à offrir un flux de revenus régulier principalement par le biais d'investissements dans une variété de secteurs, y compris les service…","Technology","",45.97,1,1,STANDARD,"United Kingdom",,"[{""s"":""Technology"",""w"":45.97},{""s"":""Financial Services"",""w"":11.83},{""s"":""Communication Services"",""w"":9.42},{""s"":""Industrial"",""w"":8.84},{""s"":""Healthcare"",""w"":8.73}]","[{""s_fr"":null,""w"":45.97},{""s_fr"":null,""w"":11.83},{""s_fr"":null,""w"":9.42},{""s_fr"":null,""w"":8.84},{""s_fr"":null,""w"":8.73}]","[{""c"":""United Kingdom"",""w"":null}]","MHCD (Middlefield Healthcare Dividend Fund)","[{""t"":""MHCD"",""n"":""Middlefield Healthcare Dividend Fund"",""w"":6.72},{""t"":""NVDA"",""n"":""NVIDIA Corporation"",""w"":6.33},{""t"":""TSM"",""n"":""Taiwan Semiconductor Manufacturing Company Ltd. ADR"",""w"":5.79},{""t"":""MSFT"",""n"":""Microsoft Corporation Common Stock"",""w"":5.23},{""t"":""SONY"",""n"":""Sony Group Corp. Sponsored ADR"",""w"":4.82},{""t"":""AMZN"",""n"":""Amazon.com Inc."",""w"":4.82},{""t"":""TTWO"",""n"":""Take-Two Interactive Software, Inc."",""w"":4.66},{""t"":""SMSN"",""n"":""Samsung Electronics Co Ltd DR"",""w"":4.53},{""t"":""MU"",""n"":""Micron Technology Inc."",""w"":4.44},{""t"":""AVGO"",""n"":""Broadcom Inc."",""w"":3.15}]",110
JEEY,"JPM EUR High Yield Bond Active UCITS ETF - EUR (dist)",,XLON,GBP,,,single_stock,,0.0045,,5.65,10.011,100,U.S. Government,"JPM EUR High Yield Bond Active UCITS ETF - EUR (dist) est un ETF obligataire géré activement conçu pour offrir une exposition à un portefeuille diversifié de titres de créance d'entreprise à haut rendement libellés en EUR émis par des entreprises du monde entier. Le fonds se concentre sur des obligations de qualité inférieure à celle des investissements et applique un filtrage lié aux critères ESG dans le cadre de son processus de sélection des titres. Il couvre une large gamme d'échéances et u…","Telecommunication","",16.43,0.7,1,SINGLE_STOCK,"France",18.49,"[{""s"":""Telecommunication"",""w"":16.43},{""s"":""Financial Services"",""w"":15.51},{""s"":""Consumer Cyclicals"",""w"":12.69},{""s"":""Non-Energy Materials"",""w"":12.27},{""s"":""Industrial"",""w"":7.92}]","[{""s_fr"":null,""w"":16.43},{""s_fr"":null,""w"":15.51},{""s_fr"":null,""w"":12.69},{""s_fr"":null,""w"":12.27},{""s_fr"":null,""w"":7.92}]","[{""c"":""France"",""w"":18.49},{""c"":""Germany"",""w"":14.57},{""c"":""United States"",""w"":10.43},{""c"":""United Kingdom"",""w"":10.06},{""c"":""Italy"",""w"":8.56}]","","[]",70
BB3M,"JPMorgan BetaBuilders US Treasury Bond 0-3 Months UCITS ETF USD (Acc)",,XLON,USD,,,structured,,0.0007,0,3.98,,100,U.S. Government,"JPMorgan BetaBuilders US Treasury Bond 0-3 Months UCITS ETF USD (Acc) est un fonds négocié en bourse qui suit l'indice ICE 0-3 Month US Treasury Notes & Bills, offrant une exposition ciblée aux obligations gouvernementales à taux fixe libellées en dollars américains émises par le Trésor américain avec des maturités restantes de trois mois ou moins. Lancé le 17 février 2021 et domicilié en Irlande, cet ETF d'accumulation réinvestit les dividendes plutôt que de les distribuer, soutenant ainsi la …","Other","",100.00,0.35,0,ALT_ASSET_FX,"Other",82.56,"[{""s"":""Other"",""w"":100}]","[{""s_fr"":null,""w"":100}]","[{""c"":""Other"",""w"":82.56},{""c"":""United States"",""w"":17.44}]","","[]",80
CBU0,"iShares USD Treasury Bond 7-10yr UCITS ETF (Acc)",,XLON,USD,,,standard,4983436800,0.0007,,4.22,9.694,92,AA,"iShares USD Treasury Bond 7-10yr UCITS ETF (Acc) est un fonds négocié en bourse qui cherche à suivre la performance de l'ICE U.S. Treasury 7-10 Year Bond Index, comprenant des obligations gouvernementales libellées en dollars américains émises par le Trésor américain avec des maturités restantes entre sept et dix ans. Géré par BlackRock sous la marque iShares, ce fonds accumulatif réinvestit les revenus d'intérêts plutôt que de les distribuer, permettant une croissance composée au sein du fonds…","Sovereign","",59.92,1,1,STANDARD,"Other",53.78,"[{""s"":""Sovereign"",""w"":59.92},{""s"":""Other"",""w"":40.06},{""s"":""Non-Corporate"",""w"":0.03}]","[{""s_fr"":null,""w"":59.92},{""s_fr"":null,""w"":40.06},{""s_fr"":null,""w"":0.03}]","[{""c"":""Other"",""w"":53.78},{""c"":""United States"",""w"":44.8},{""c"":""Ireland"",""w"":1.42}]","US91282CMM0 (United States Treasury Note 4.625% Due 02/15/2035)","[{""t"":""US91282CMM0"",""n"":""United States Treasury Note 4.625% Due 02/15/2035"",""w"":9.64},{""t"":null,""n"":""US91282CKQ32"",""w"":9.59},{""t"":""US91282CLW9"",""n"":""United States Treasury Note 4.25% Due 11/15/2034"",""w"":9.48},{""t"":""US91282CNC1"",""n"":""United States Treasury Note 4.25% 05/15/2035"",""w"":9.44},{""t"":""US91282CJJ1"",""n"":""US91282CJJ18"",""w"":9.23},{""t"":""US91282CJZ5"",""n"":""US91282CJZ59"",""w"":9.21},{""t"":""US91282CLF6"",""n"":""US91282CLF67"",""w"":9.12},{""t"":""US91282CHT1"",""n"":""US91282CHT18"",""w"":8.29},{""t"":""US91282CFV8"",""n"":""US91282CFV81"",""w"":7.77},{""t"":""US91282CGM7"",""n"":""US91282CGM73"",""w"":7.44}]",105
CBU3,"iShares $ Treasury Bond 1-3yr UCITS ETF USD (Acc)",,XLON,USD,,,standard,668664576,0.0007,,3.26,9.717,92,AA,"iShares $ Treasury Bond 1-3yr UCITS ETF USD (Acc) est un fonds négocié en bourse à revenu fixe qui cherche à suivre la performance de l'indice ICE U.S. Treasury 1-3 Year Bond. Cet indice comprend des obligations d'État libellées en dollars américains émises par le Trésor américain avec des maturités allant de 1 à 3 ans, offrant une exposition ciblée aux bons du Trésor américain à court terme par le biais d'une réplication physique via une technique d'échantillonnage. L'ETF détient environ 91-92…","Other","",100.00,0.35,0,ALT_ASSET_FX,"United States",64.79,"[{""s"":""Other"",""w"":100}]","[{""s_fr"":null,""w"":100}]","[{""c"":""United States"",""w"":64.79},{""c"":""Other"",""w"":35.21}]","US91282CLY5 (United States Treasury Note 4.25% 11/30/2026)","[{""t"":""US91282CLY5"",""n"":""United States Treasury Note 4.25% 11/30/2026"",""w"":3.92},{""t"":null,""n"":""US912828Z781"",""w"":1.5},{""t"":""US91282CNE7"",""n"":""United States Treasury Note 3.875% 05/31/2027"",""w"":1.5},{""t"":""US91282CMV0"",""n"":""United States Treasury Note 3.875% 03/31/2027"",""w"":1.5},{""t"":""US91282CLS8"",""n"":""United States Treasury Note, 4.125% due 10/31/2026"",""w"":1.48},{""t"":""US91282CMY4"",""n"":""United States Treasury Note 3.75% 04/30/2027"",""w"":1.48},{""t"":""US91282CMP3"",""n"":""United States Treasury Note 4.125% due 02/28/2027"",""w"":1.47},{""t"":null,""n"":""US9128284V99"",""w"":1.46},{""t"":""US91282CNV9"",""n"":""United States Treasury Note 3.625% 08/31/2027"",""w"":1.46},{""t"":""US91282CNP2"",""n"":""United States Treasury Note 3.875% Due July 31, 2027"",""w"":1.45}]",105
BBIL,"JPM BetaBuilders US Treasury Bond 0-1 yr UCITS ETF - USD (acc)",,XLON,USD,,,single_stock,2911122927,0.0007,0,2.57,9.878,92,AA,"JPM BetaBuilders US Treasury Bond 0-1 an UCITS ETF - USD (acc) est un fonds négocié en bourse qui suit l'indice ICE 0-1 Year US Treasury Securities, offrant une exposition ciblée aux titres du Trésor américain libellés en dollars américains à court terme avec des maturités de 0 à 1 an. Principalement investi dans des bons du Trésor américain à coupon zéro, ses principales participations comprennent plusieurs bons du Trésor représentant chacun environ 2-3,7 % du portefeuille, ainsi qu'une petite…","Other","",64.84,0.35,0,ALT_ASSET_FX,"Other",74.24,"[{""s"":""Other"",""w"":64.84},{""s"":""Sovereign"",""w"":35.17}]","[{""s_fr"":null,""w"":64.84},{""s_fr"":null,""w"":35.17}]","[{""c"":""Other"",""w"":74.24},{""c"":""United States"",""w"":25.76}]","US91282CHB0 (US91282CHB00)","[{""t"":""US91282CHB0"",""n"":""US91282CHB00"",""w"":1.91},{""t"":""US91282CAT8"",""n"":""USA 20/25"",""w"":1.81},{""t"":null,""n"":""5% NTS 30/09/2025 USD (BH-2025)"",""w"":1.75},{""t"":""US91282CJE2"",""n"":""T-NOTE USA FX 5% OCT25 USD"",""w"":1.74},{""t"":null,""n"":""4.25% NTS 31/12/2025 USD (BM-2025)"",""w"":1.71},{""t"":""US91282CGE5"",""n"":""USA 23/26"",""w"":1.61}]",115
JPHY,"JPMorgan Active High Yield ETF",,XLON,USD,High Yield Bond,,standard,2196817920,0.0045,0.065,6.6,9.61,100,U.S. Government,"Le JPMorgan Active High Yield ETF est un ETF obligataire à gestion active conçu pour offrir une exposition à la dette d'entreprise américaine à haut rendement et à d'autres titres de créance de qualité inférieure. Le fonds se concentre sur la génération de revenus courants tout en recherchant également une appréciation du capital grâce à un portefeuille diversifié d'obligations libellées en USD émises par des entreprises américaines et étrangères. Il peut également allouer à des instruments de …","Financial Services","",0.01,1,1,STANDARD,"United Kingdom",,"[{""s"":""Financial Services"",""w"":0.01},{""s"":""Healthcare"",""w"":0},{""s"":""Real Estate"",""w"":0},{""s"":""Consumer Cyclical"",""w"":0},{""s"":""Basic Materials"",""w"":0}]","[{""s_fr"":null,""w"":0.01},{""s_fr"":null,""w"":0},{""s_fr"":null,""w"":0},{""s_fr"":null,""w"":0},{""s_fr"":null,""w"":0}]","[{""c"":""United Kingdom"",""w"":null}]","MGMXX (JPMorgan U.S. Government Money Market Fund IM)","[{""t"":""MGMXX"",""n"":""JPMorgan U.S. Government Money Market Fund IM"",""w"":3.35}]",115
BBTP,"JPMorgan BetaBuilders U.S. Treasury Bond UCITS ETF",,XLON,GBP,,,standard,,0.001,0,2.91,9.133,92,AA,"L'ETF JPMorgan BetaBuilders U.S. Treasury Bond UCITS est un fonds négocié en bourse conçu pour répliquer la performance du marché des obligations du Trésor américain. Son objectif principal est de fournir aux investisseurs une exposition à un portefeuille diversifié d'obligations du Trésor américain, offrant ainsi une option d'investissement stable ancrée par la solvabilité du gouvernement des États-Unis. Cet ETF se concentre sur diverses maturités des titres du Trésor, visant à garantir une re…","Sovereign","",91.19,1,1,STANDARD,"United States",64.54,"[{""s"":""Sovereign"",""w"":91.19},{""s"":""Other"",""w"":8.81}]","[{""s_fr"":null,""w"":91.19},{""s_fr"":null,""w"":8.81}]","[{""c"":""United States"",""w"":64.54},{""c"":""Other"",""w"":35.46}]","US91282CDL2 (US91282CDL28)","[{""t"":""US91282CDL2"",""n"":""US91282CDL28"",""w"":2.7},{""t"":""US91282CEF4"",""n"":""US91282CEF41"",""w"":2.27},{""t"":""US91282CJZ5"",""n"":""US91282CJZ59"",""w"":1.89},{""t"":""US912810TK4"",""n"":""US912810TK43"",""w"":1.77},{""t"":""US91282CDJ7"",""n"":""US91282CDJ71"",""w"":1.76},{""t"":null,""n"":""US912828YS30"",""w"":1.71},{""t"":""US912828Z948"",""n"":null,""w"":1.7},{""t"":""US91282CAV3"",""n"":""US91282CAV37"",""w"":1.66},{""t"":""US912810SZ2"",""n"":""US912810SZ21"",""w"":1.65},{""t"":null,""n"":""US912828YB05"",""w"":1.61}]",95
B29X,"Invesco BulletShares 2029 USD Corporate Bond UCITS ETF GBP Hedged",,XLON,GBp,,,standard,,0.0012,,4.32,9.698,,,"Invesco BulletShares 2029 USD Corporate Bond UCITS ETF GBP Hedged est un fonds négocié en bourse à revenu fixe conçu pour fournir une exposition ciblée aux obligations d'entreprise de qualité investissement libellées en dollars américains arrivant à échéance en 2029. Le fonds suit passivement l'indice Bloomberg 2029 Maturity USD Corporate Bond Screened, en utilisant une stratégie de réplication physique pour suivre de près son indice de référence. En se concentrant exclusivement sur les obligat…","Financial Services","",32.69,0.35,0,ALT_ASSET_FX,"United Kingdom",,"[{""s"":""Financial Services"",""w"":32.69},{""s"":""Technology"",""w"":13.8},{""s"":""Healthcare"",""w"":10.39},{""s"":""Consumer Cyclicals"",""w"":6.31},{""s"":""Energy"",""w"":6.25}]","[{""s_fr"":null,""w"":32.69},{""s_fr"":null,""w"":13.8},{""s_fr"":null,""w"":10.39},{""s_fr"":null,""w"":6.31},{""s_fr"":null,""w"":6.25}]","[{""c"":""United Kingdom"",""w"":null}]","","[]",70
UBTA,"UBS (Lux) Fund Solutions – Bloomberg TIPS 10+ UCITS ETF",,XLON,GBp,,,standard,,0.001,,,7.408,92,U.S. Government,"UBS (Lux) Fund Solutions – Bloomberg TIPS 10+ UCITS ETF est un fonds négocié en bourse qui se concentre sur le suivi de la performance de l'indice des obligations liées à l'inflation du gouvernement américain à 10 ans et plus de Bloomberg. Cet ETF offre aux investisseurs une exposition aux titres du Trésor américain protégés contre l'inflation (TIPS) avec des maturités supérieures à dix ans, offrant une mesure de protection contre l'inflation aux États-Unis. Il est structuré en tant que fonds c…","Other","",100.00,1,1,STANDARD,"Other",100.00,"[{""s"":""Other"",""w"":100}]","[{""s_fr"":null,""w"":100}]","[{""c"":""Other"",""w"":100}]","(US912810RF75)","[{""t"":null,""n"":""US912810RF75"",""w"":9.85},{""t"":null,""n"":""US912810RL44"",""w"":9.45},{""t"":null,""n"":""US912810QV35"",""w"":8.3},{""t"":null,""n"":""US912810TY47"",""w"":8.19},{""t"":""US912810TP3"",""n"":""US912810TP30"",""w"":7.06},{""t"":null,""n"":""US912810QP66"",""w"":6.63},{""t"":null,""n"":""US912810RA88"",""w"":6.36},{""t"":null,""n"":""US912810RW09"",""w"":5.83},{""t"":null,""n"":""US912810TE82"",""w"":5.13},{""t"":null,""n"":""US912810RR14"",""w"":5}]",85
UBTP,"UBS Core BBG TIPS 1-10 UCITS ETF hGBP acc",,XLON,GBp,,,standard,,0.0011,0,,9.644,92,U.S. Government,"UBS Core BBG TIPS 1-10 UCITS ETF hGBP acc est un fonds négocié en bourse qui cherche à suivre l'indice Bloomberg US Government 1-10 Year Inflation-Linked Bond (GBP Hedged). Cet indice se concentre sur les titres du Trésor américain protégés contre l'inflation (TIPS) avec des maturités comprises entre 1 et 10 ans, offrant une protection contre l'inflation américaine tout en atténuant le risque de change grâce à une couverture en livres sterling (GBP). L'ETF utilise une réplication physique compl…","Other","",100.00,1,1,STANDARD,"United States",80.18,"[{""s"":""Other"",""w"":100}]","[{""s_fr"":null,""w"":100}]","[{""c"":""United States"",""w"":80.18},{""c"":""Other"",""w"":19.82}]","US91282CML2 (United States Treasury Inflation-Protected Securities 2.125% Due 01/15/2035)","[{""t"":""US91282CML2"",""n"":""United States Treasury Inflation-Protected Securities 2.125% Due 01/15/2035"",""w"":4.78},{""t"":""US91282CLE9"",""n"":""United States Treasury Inflation-Protected Securities 1.875% Due July 15, 2034"",""w"":4.47},{""t"":""US91282CJY8"",""n"":""US91282CJY84"",""w"":4.31},{""t"":null,""n"":""US91282CNB36"",""w"":4.07},{""t"":""US91282CGK1"",""n"":""US91282CGK18"",""w"":4.03},{""t"":""US91282CEZ0"",""n"":""US91282CEZ05"",""w"":3.99},{""t"":""US91282CHP9"",""n"":""US91282CHP95"",""w"":3.97},{""t"":""US91282CLV1"",""n"":""United States Treasury Note, Inflation-Indexed, 1.625% Coupon, Maturity October 15, 2029"",""w"":3.92},{""t"":""US91282CKL4"",""n"":""US91282CKL45"",""w"":3.84},{""t"":""US91282CJH5"",""n"":""US91282CJH51"",""w"":3.77}]",95
B28X,"Invesco US Treasury Bond 2028 UCITS ETF GBP Hedged Accumulating",,XLON,GBp,,,standard,,0.0012,,4.25,9.921,,,"L'Invesco US Treasury Bond 2028 UCITS ETF GBP Hedged Accumulating est un fonds négocié en bourse à revenu fixe conçu pour offrir aux investisseurs une exposition aux titres du Trésor américain, ciblant spécifiquement les obligations arrivant à maturité en 2028. Son objectif principal est de suivre la performance d'un portefeuille d'obligations d'État américaines émises par le Trésor américain, tout en couvrant activement le risque de change par rapport à la livre sterling. Cette classe d'action…","Financial Services","",36.58,0.35,0,ALT_ASSET_FX,"United States",82.25,"[{""s"":""Financial Services"",""w"":36.58},{""s"":""Technology"",""w"":12.33},{""s"":""Healthcare"",""w"":9.14},{""s"":""Utilities"",""w"":6.89},{""s"":""Consumer Non-Cyclicals"",""w"":6.76}]","[{""s_fr"":null,""w"":36.58},{""s_fr"":null,""w"":12.33},{""s_fr"":null,""w"":9.14},{""s_fr"":null,""w"":6.89},{""s_fr"":null,""w"":6.76}]","[{""c"":""United States"",""w"":82.25},{""c"":""Canada"",""w"":4.25},{""c"":""United Kingdom"",""w"":3.43},{""c"":""Japan"",""w"":3.07},{""c"":""Other"",""w"":2.4}]","","[]",70
CBU7,"iShares USD Treasury Bond 3-7yr UCITS ETF USD (Acc)",,XLON,EUR,,,standard,9257688500,0.0007,,3.51,9.357,92,AA,"iShares USD Treasury Bond 3-7yr UCITS ETF USD (Acc) est un fonds négocié en bourse qui cherche à suivre la performance de l'ICE U.S. Treasury 3-7 Year Bond Index, composé exclusivement d'obligations d'État libellées en dollars américains émises par le Trésor américain avec des maturités comprises entre 3 et 7 ans. Cet ETF offre une exposition ciblée aux obligations du Trésor américain à moyen terme grâce à une méthodologie de réplication physique et échantillonnée, détenant 89 obligations avec …","Sovereign","",64.30,0.35,0,ALT_ASSET_FX,"United States",63.09,"[{""s"":""Sovereign"",""w"":64.3},{""s"":""Other"",""w"":35.41},{""s"":""Non-Corporate"",""w"":0.29}]","[{""s_fr"":null,""w"":64.3},{""s_fr"":null,""w"":35.41},{""s_fr"":null,""w"":0.29}]","[{""c"":""United States"",""w"":63.09},{""c"":""Other"",""w"":36.91}]","(US91282CGQ87)","[{""t"":null,""n"":""US91282CGQ87"",""w"":2.25},{""t"":""US91282CFF3"",""n"":""US91282CFF32"",""w"":2.07},{""t"":""US91282CCS8"",""n"":""US91282CCS89"",""w"":2.04},{""t"":""US91282CEP2"",""n"":""US91282CEP23"",""w"":2.01},{""t"":""US91282CDJ7"",""n"":""US91282CDJ71"",""w"":2},{""t"":""US91282CAV3"",""n"":""US91282CAV37"",""w"":1.96},{""t"":null,""n"":""US91282CCB54"",""w"":1.92},{""t"":""US91282CBL4"",""n"":""US91282CBL46"",""w"":1.91},{""t"":null,""n"":""US91282CDY49"",""w"":1.91},{""t"":""US91282CAE1"",""n"":""US91282CAE12"",""w"":1.87}]",105
B27X,"Invesco Markets II PLC BulletShares 2027 USD Corporate Bond UCITS ETF GBP Hedged Accumulating",,XLON,GBp,,,standard,,0.0012,,3.82,9.93,,,"L'Invesco Markets II PLC BulletShares 2027 USD Corporate Bond UCITS ETF GBP Hedged Accumulating est un fonds négocié en bourse à terme fixe offrant une exposition ciblée aux obligations d'entreprise de qualité investment grade libellées en USD, toutes avec des échéances effectives en 2027. Le fonds est conçu pour les investisseurs cherchant à égaler la performance de l'indice Bloomberg 2027 Maturity USD Corporate Bond Index, en utilisant une approche d'investissement physique basée sur un échan…","Financial Services","",41.44,1,1,STANDARD,"United States",83.89,"[{""s"":""Financial Services"",""w"":41.44},{""s"":""Technology"",""w"":10.88},{""s"":""Healthcare"",""w"":8.53},{""s"":""Consumer Non-Cyclicals"",""w"":6.65},{""s"":""Consumer Cyclicals"",""w"":6.23}]","[{""s_fr"":null,""w"":41.44},{""s_fr"":null,""w"":10.88},{""s_fr"":null,""w"":8.53},{""s_fr"":null,""w"":6.65},{""s_fr"":null,""w"":6.23}]","[{""c"":""United States"",""w"":83.89},{""c"":""Canada"",""w"":4.93},{""c"":""Other"",""w"":3.19},{""c"":""United Kingdom"",""w"":2.75},{""c"":""Japan"",""w"":2.48}]","","[]",70
B26X,"Invesco BulletShares 2026 USD Corporate Bond UCITS ETF GBP Hedged",,XLON,GBp,,,standard,,0.0012,,3.42,9.961,100,U.S. Government,"L'Invesco BulletShares 2026 USD Corporate Bond UCITS ETF GBP Hedged est un fonds négocié en bourse conçu pour suivre la performance d'un portefeuille diversifié d'obligations d'entreprise de qualité investissement libellées en dollars américains, arrivant à maturité en 2026. Son objectif principal est d'offrir aux investisseurs une exposition ciblée à un segment de maturité spécifique sur le marché des obligations d'entreprise, tout en atténuant le risque de change pour les investisseurs libell…","Financial Services","",43.88,1,1,STANDARD,"United States",85.46,"[{""s"":""Financial Services"",""w"":43.88},{""s"":""Sovereign"",""w"":16.47},{""s"":""Technology"",""w"":7.67},{""s"":""Consumer Cyclicals"",""w"":6.01},{""s"":""Healthcare"",""w"":5.27}]","[{""s_fr"":null,""w"":43.88},{""s_fr"":null,""w"":16.47},{""s_fr"":null,""w"":7.67},{""s_fr"":null,""w"":6.01},{""s_fr"":null,""w"":5.27}]","[{""c"":""United States"",""w"":85.46},{""c"":""Canada"",""w"":6.24},{""c"":""Japan"",""w"":2.45},{""c"":""Other"",""w"":2.25},{""c"":""United Kingdom"",""w"":2.16}]","","[]",70
JGSA,"JPMorgan GBP Ultra-Short Income UCITS ETF Acc",,XLON,GBP,,,inverse,290721600,0.0018,0,3.71,9.93,80,A,"JPMorgan GBP Ultra-Short Income UCITS ETF Acc est un fonds négocié en bourse géré activement, domicilié en Irlande et lancé en 2019. Il investit principalement dans des titres de créance à court terme de qualité investissement, libellés en GBP, à taux fixe, variable et flottant, principalement émis par des banques, avec des durées généralement comprises entre 0,25 et 1,00 an. L'objectif principal du fonds est de fournir un revenu courant tout en maintenant une faible volatilité du capital et un…","Financial Services","",62.10,0.4,0,NON_STANDARD,"Other",24.08,"[{""s"":""Financial Services"",""w"":62.1},{""s"":""Other"",""w"":22.86},{""s"":""Sovereign"",""w"":4.23},{""s"":""Consumer Cyclicals"",""w"":3.77},{""s"":""Consumer Non-Cyclicals"",""w"":2.12}]","[{""s_fr"":null,""w"":62.1},{""s_fr"":null,""w"":22.86},{""s_fr"":null,""w"":4.23},{""s_fr"":null,""w"":3.77},{""s_fr"":null,""w"":2.12}]","[{""c"":""Other"",""w"":24.08},{""c"":""United States"",""w"":18.14},{""c"":""United Kingdom"",""w"":17.06},{""c"":""Canada"",""w"":11.37},{""c"":""France"",""w"":11.11}]","GB00BDRHNP05 (GB00BDRHNP05)","[{""t"":""GB00BDRHNP05"",""n"":""GB00BDRHNP05"",""w"":2.88},{""t"":null,""n"":""XS2404577681"",""w"":2.05},{""t"":null,""n"":""XS2586741543"",""w"":1.82},{""t"":null,""n"":""XS1939253917"",""w"":1.8},{""t"":null,""n"":""XS2056446524"",""w"":1.72},{""t"":null,""n"":""XS3086846790"",""w"":1.71},{""t"":null,""n"":""FR0014002J90"",""w"":1.67},{""t"":null,""n"":""XS2489652581"",""w"":1.64},{""t"":null,""n"":""XS2638487566"",""w"":1.62},{""t"":null,""n"":""XS1088016206"",""w"":1.54}]",115
JIDG,"JPMorgan Global IG Corporate Bond Active UCITS ETF USD (dist)",,XLON,GBP,,,standard,,0.0025,,4.76,9.669,100,U.S. Government,"JPMorgan Global IG Corporate Bond Active UCITS ETF USD (dist) est un fonds négocié en bourse (ETF) géré activement, conçu pour offrir une exposition au marché mondial des obligations d'entreprise de qualité investissement. Le fonds investit principalement dans un portefeuille diversifié d'obligations d'entreprise de haute qualité émises par des entreprises de plusieurs pays et secteurs, avec toutes les maturités incluses et un accent strict sur les obligations notées investissement grade. Une c…","Financial Services","",44.81,1,1,STANDARD,"United States",53.18,"[{""s"":""Financial Services"",""w"":44.81},{""s"":""Utilities"",""w"":11.69},{""s"":""Other"",""w"":8.92},{""s"":""Energy"",""w"":7.65},{""s"":""Technology"",""w"":4.76}]","[{""s_fr"":null,""w"":44.81},{""s_fr"":null,""w"":11.69},{""s_fr"":null,""w"":8.92},{""s_fr"":null,""w"":7.65},{""s_fr"":null,""w"":4.76}]","[{""c"":""United States"",""w"":53.18},{""c"":""Other"",""w"":14.15},{""c"":""United Kingdom"",""w"":8.26},{""c"":""France"",""w"":4.41},{""c"":""Germany"",""w"":4.29}]","IT561125 (IT0005611253)","[{""t"":""IT561125"",""n"":""IT0005611253"",""w"":1.07},{""t"":null,""n"":""XS2677541364"",""w"":0.9},{""t"":""US776696AL0"",""n"":""US776696AL0"",""w"":0.85},{""t"":""US571903BN2"",""n"":""US571903BN26"",""w"":0.84},{""t"":""US61747YFF7"",""n"":""US61747YFF79"",""w"":0.75},{""t"":""US404119DA4"",""n"":""US404119DA49"",""w"":0.74},{""t"":""US38141GC93"",""n"":""US38141GC936"",""w"":0.73},{""t"":null,""n"":""US92936UAG40"",""w"":0.72},{""t"":null,""n"":""US05401AAW18"",""w"":0.72},{""t"":""XS243131880"",""n"":""XS2431318802"",""w"":0.68}]",85
JGIG,"JPMorgan Global Investment Grade Corporate Bond Active UCITS ETF",,XLON,GBP,,,standard,,0.0025,,4.76,9.669,100,U.S. Government,"L'ETF JPMorgan Global Investment Grade Corporate Bond Active UCITS est un fonds négocié en bourse géré activement, conçu pour offrir une exposition diversifiée au marché mondial des obligations d'entreprise de qualité investissement. Le fonds investit dans des obligations d'entreprise notées comme étant de qualité investissement, émises par des émetteurs provenant des principaux marchés développés et émergents, en appliquant un processus rigoureux qui intègre l'analyse fondamentale, quantitativ…","Financial Services","",44.81,1,1,STANDARD,"United States",53.18,"[{""s"":""Financial Services"",""w"":44.81},{""s"":""Utilities"",""w"":11.69},{""s"":""Other"",""w"":8.92},{""s"":""Energy"",""w"":7.65},{""s"":""Technology"",""w"":4.76}]","[{""s_fr"":null,""w"":44.81},{""s_fr"":null,""w"":11.69},{""s_fr"":null,""w"":8.92},{""s_fr"":null,""w"":7.65},{""s_fr"":null,""w"":4.76}]","[{""c"":""United States"",""w"":53.18},{""c"":""Other"",""w"":14.15},{""c"":""United Kingdom"",""w"":8.26},{""c"":""France"",""w"":4.41},{""c"":""Germany"",""w"":4.29}]","","[]",70
JGAV,"J.P. Morgan Global Government Bond Active UCITS ETF USD (acc)",,XLON,USD,,,standard,,0.0023,,3.09,9.349,100,U.S. Government,"J.P. Morgan Global Government Bond Active UCITS ETF USD (acc) est un fonds négocié en bourse (ETF) géré activement, conçu pour offrir une exposition aux obligations souveraines mondiales émises par des marchés développés et émergents. Ce fonds investit directement dans la dette souveraine en monnaie locale, avec des avoirs filtrés selon des critères ESG (environnementaux, sociaux et de gouvernance) pour promouvoir un investissement responsable. En englobant des obligations de toutes les maturit…","Sovereign","",83.93,1,1,STANDARD,"United States",18.56,"[{""s"":""Sovereign"",""w"":83.93},{""s"":""Financial Services"",""w"":12.98},{""s"":""Other"",""w"":2.76},{""s"":""Government Agencies"",""w"":0.33}]","[{""s_fr"":null,""w"":83.93},{""s_fr"":null,""w"":12.98},{""s_fr"":null,""w"":2.76},{""s_fr"":null,""w"":0.33}]","[{""c"":""United States"",""w"":18.56},{""c"":""Japan"",""w"":15.51},{""c"":""Other"",""w"":11.76},{""c"":""France"",""w"":10.92},{""c"":""China"",""w"":10.31}]","","[]",70
JGBH,"iShares Japan Government Bond UCITS ETF GBP Hedged",,XLON,GBP,,,standard,,0.0009,0.0133,1.1,8.734,88,U.S. Government,"iShares Japan Government Bond UCITS ETF GBP Hedged est un fonds négocié en bourse à revenu fixe qui cherche à reproduire la performance des obligations d'État japonaises tout en réduisant les fluctuations de change pour les investisseurs basés en livres sterling grâce à une couverture GBP systématique. Selon BlackRock, le fonds suit l'indice Bloomberg Japan Treasury, qui comprend des obligations d'État japonaises libellées en yen, de qualité investissement, avec au moins un an jusqu'à l'échéanc…","Sovereign","",99.55,1,1,STANDARD,"United Kingdom",,"[{""s"":""Sovereign"",""w"":99.55},{""s"":""Other"",""w"":0.45}]","[{""s_fr"":null,""w"":99.55},{""s_fr"":null,""w"":0.45}]","[{""c"":""United Kingdom"",""w"":null}]","","[]",80
JGGV,"JPMorgan Global Government Bond Active UCITS ETF - GBP Hedged (Acc)",,XLON,GBP,,,standard,,0.0023,,3.09,9.34,100,U.S. Government,"JPMorgan Global Government Bond Active UCITS ETF - GBP Hedged (Acc) est un ETF obligataire géré activement conçu pour offrir une exposition à la dette souveraine mondiale tout en maintenant les rendements alignés avec les investisseurs en livres sterling grâce à une couverture de change. JPMorgan Global Government Bond Active UCITS ETF - GBP Hedged (Acc) investit principalement dans des titres souverains et liés aux gouvernements provenant de marchés développés et émergents, avec une approche q…","","",,0.3,0,DATA_MISSING,"United Kingdom",,"[]","[]","[{""c"":""United Kingdom"",""w"":null}]","","[]",52
JESD,"JPMorgan EUR Ultra-Short Income Active UCITS ETF - EUR (Dist.)",,XLON,EUR,,,inverse,1866569984,0.0018,0.0262,2.61,9.946,81,A,"JPMorgan EUR Ultra-Short Income Active UCITS ETF - EUR (Dist.) est un ETF obligataire géré activement conçu pour générer un revenu courant à partir d'un portefeuille de titres à revenu fixe libellés en euros à courte durée. Il investit principalement dans des dettes de qualité investissement, y compris des instruments à taux fixe, variable et flottant, avec un accent sur des expositions à maturité ultra-courte visant à maintenir une sensibilité aux taux d'intérêt faible. Le fonds concentre une …","","",,0.4,0,NON_STANDARD,"United Kingdom",,"[]","[]","[{""c"":""United Kingdom"",""w"":null}]","","[]",82
0DML,"Xtrackers II Eurozone Government Bond 1-3 UCITS ETF 1C",,XLON,EUR,,,standard,,0.0015,,2.39,9.895,89,U.S. Government,"Xtrackers II Eurozone Government Bond 1-3 UCITS ETF 1C est un fonds négocié en bourse qui offre une exposition ciblée aux marchés obligataires à court terme de la zone euro. Lancé le 25 mai 2007 et domicilié au Luxembourg, il est géré par des entités sous DWS, anciennement connue sous le nom de Deutsche Asset Management. L'ETF investit exclusivement dans des dettes souveraines à taux fixe libellées en euros émises par les gouvernements de la zone euro, en se concentrant sur des obligations de q…","","",,0.3,0,DATA_MISSING,"United Kingdom",,"[]","[]","[{""c"":""United Kingdom"",""w"":null}]","","[]",52
CE01,"iShares € Govt Bond 7-10yr UCITS ETF EUR (Acc)",,XLON,GBp,,,standard,851861440,0.0015,,3.19,9.697,89,U.S. Government,"iShares € Govt Bond 7-10yr UCITS ETF EUR (Acc) est un fonds négocié en bourse qui suit l'indice Bloomberg Euro Government Bond 10 Year Term Index, se concentrant sur les obligations d'État de qualité investissement des États membres de la zone euro avec des maturités restantes de 7 à 10 ans. Lancé en juin 2009 et domicilié en Irlande, cet ETF répliqué physiquement et conforme aux UCITS offre une exposition ciblée à la dette souveraine à taux fixe libellée en euros provenant d'émetteurs clés tel…","Other","",100.00,1,1,STANDARD,"France",28.33,"[{""s"":""Other"",""w"":100}]","[{""s_fr"":null,""w"":100}]","[{""c"":""France"",""w"":28.33},{""c"":""Germany"",""w"":25.39},{""c"":""Italy"",""w"":21.15},{""c"":""Spain"",""w"":20.03},{""c"":""Netherlands"",""w"":5.1}]","FR1400L83 (FR001400L834)","[{""t"":""FR1400L83"",""n"":""FR001400L834"",""w"":6.65},{""t"":""ETAPT"",""n"":""French Republic Government Bond 2% 2032"",""w"":6.55},{""t"":""FR001400X8V5"",""n"":""French Republic Government Bond 3.20% May 25, 2035"",""w"":6.14},{""t"":""ETAPX"",""n"":""France Government Bonds"",""w"":5.76},{""t"":""FR001400QMF9"",""n"":""Government of France"",""w"":5.5},{""t"":""BB88"",""n"":""DE000BU2Z007"",""w"":4.8},{""t"":""BB96"",""n"":""DE000BU2Z031"",""w"":4.45},{""t"":""BB93"",""n"":""DE000BU2Z023"",""w"":4.38},{""t"":""BU2Z04"",""n"":""DE000BU2Z049"",""w"":4.34},{""t"":""BB91"",""n"":""DE000BU2Z015"",""w"":3.91}]",105
XGSI,"Xtrackers II Global Government Bond UCITS ETF 3C USD Hedged",,XLON,USD,,,standard,2085427276,0.0025,0,2.98,9.101,91,U.S. Government,"L'Xtrackers II Global Government Bond UCITS ETF 3C USD Hedged est un fonds négocié en bourse qui suit l'indice FTSE World Government Bond Index - Developed Markets, avec des rendements couverts en USD pour atténuer les fluctuations de change. Lancé en avril 2017 et domicilié au Luxembourg, il offre aux investisseurs une exposition à un portefeuille diversifié d'obligations souveraines à taux fixe, en monnaie locale, de qualité investissement émises par des gouvernements des marchés développés d…","Other","",100.00,1,1,STANDARD,"United States",47.47,"[{""s"":""Other"",""w"":100}]","[{""s_fr"":null,""w"":100}]","[{""c"":""United States"",""w"":47.47},{""c"":""Japan"",""w"":9.57},{""c"":""France"",""w"":7.47},{""c"":""Italy"",""w"":6.81},{""c"":""United Kingdom"",""w"":6.1}]","US91282CMM0 (United States Treasury Note 4.625% Due 02/15/2035)","[{""t"":""US91282CMM0"",""n"":""United States Treasury Note 4.625% Due 02/15/2035"",""w"":0.44},{""t"":null,""n"":""US91282CKQ32"",""w"":0.43},{""t"":""US91282CLW9"",""n"":""United States Treasury Note 4.25% Due 11/15/2034"",""w"":0.43},{""t"":""US91282CNC1"",""n"":""United States Treasury Note 4.25% 05/15/2035"",""w"":0.43},{""t"":""US91282CLF6"",""n"":""US91282CLF67"",""w"":0.43},{""t"":""US91282CJZ5"",""n"":""US91282CJZ59"",""w"":0.42},{""t"":""US91282CJJ1"",""n"":""US91282CJJ18"",""w"":0.41},{""t"":""US91282CHT1"",""n"":""US91282CHT18"",""w"":0.38},{""t"":null,""n"":""US91282CGQ87"",""w"":0.37},{""t"":""US91282CFV8"",""n"":""US91282CFV81"",""w"":0.36}]",115
IUCB,"SPDR Bloomberg 1-10 Year U.S. Corporate Bond UCITS ETF (Dist)",,XLON,USD,,,standard,698227328,0.0012,0.0476,,9.815,69,BBB,"SPDR Bloomberg 1-10 Year U.S. Corporate Bond UCITS ETF (Dist) est un fonds négocié en bourse qui suit l'indice Bloomberg U.S. Intermediate Corporate Bond Index, se concentrant sur des obligations d'entreprises libellées en dollars américains, à taux fixe, de qualité investissement, avec des maturités comprises entre 1 et 10 ans. Lancé le 17 février 2016 et domicilié en Irlande, il utilise une méthode de réplication par échantillonnage stratifié pour refléter l'indice, détenant environ 2 735 tit…","Financial Services","",42.01,1,1,STANDARD,"United States",61.52,"[{""s"":""Financial Services"",""w"":42.01},{""s"":""Technology"",""w"":9.31},{""s"":""Utilities"",""w"":8.25},{""s"":""Healthcare"",""w"":6.8},{""s"":""Energy"",""w"":5.87}]","[{""s_fr"":null,""w"":42.01},{""s_fr"":null,""w"":9.31},{""s_fr"":null,""w"":8.25},{""s_fr"":null,""w"":6.8},{""s_fr"":null,""w"":5.87}]","[{""c"":""United States"",""w"":61.52},{""c"":""Other"",""w"":31.77},{""c"":""United Kingdom"",""w"":2.72},{""c"":""Canada"",""w"":2.29},{""c"":""Japan"",""w"":1.7}]","US95000U3D3 (Wells Fargo & Company 5.389% Notes due April 24, 2034)","[{""t"":""US95000U3D3"",""n"":""Wells Fargo & Company 5.389% Notes due April 24, 2034"",""w"":0.18},{""t"":""US404119CT4"",""n"":""US404119CT49"",""w"":0.17},{""t"":""4ABL"",""n"":""US00287YBV02"",""w"":0.16},{""t"":null,""n"":""US00774MAW55"",""w"":0.16},{""t"":null,""n"":""US61776NVG59"",""w"":0.16},{""t"":""US46647PEB8"",""n"":""US46647PEB85"",""w"":0.16},{""t"":null,""n"":""US6174468G77"",""w"":0.16},{""t"":""US38141GA46"",""n"":""US38141GA468"",""w"":0.16},{""t"":null,""n"":""US404280CC17"",""w"":0.16},{""t"":""US46647PDX1"",""n"":""US46647PDX15"",""w"":0.15}]",115
TR3G,"Invesco US Treasury Bond 1-3 Year UCITS ETF USD Dist",,XLON,GBp,,,standard,,0.0006,,3.22,9.718,93,U.S. Government,"L'Invesco US Treasury Bond 1-3 Year UCITS ETF USD Dist est un fonds négocié en bourse axé sur la dette publique américaine à court terme. Il cherche à suivre l'indice Bloomberg U.S. Treasury 1-3 Year, offrant aux investisseurs une exposition aux bons du Trésor libellés en dollars américains avec des échéances comprises entre un et trois ans. Le fonds est conçu pour fournir un accès large et diversifié à des obligations souveraines de haute qualité à travers un seul instrument, en utilisant une …","Other","",100.00,1,1,STANDARD,"United States",57.60,"[{""s"":""Other"",""w"":100}]","[{""s_fr"":null,""w"":100}]","[{""c"":""United States"",""w"":57.6},{""c"":""Other"",""w"":42.4}]","US91282CMH1 (United States Treasury Note 4.125% Due January 31, 2027)","[{""t"":""US91282CMH1"",""n"":""United States Treasury Note 4.125% Due January 31, 2027"",""w"":1.59},{""t"":""US91282CME8"",""n"":""US91282CME83"",""w"":1.58},{""t"":""US91282CLY5"",""n"":""United States Treasury Note 4.25% 11/30/2026"",""w"":1.57},{""t"":""US91282CNP2"",""n"":""United States Treasury Note 3.875% Due July 31, 2027"",""w"":1.57},{""t"":null,""n"":""US912828Z781"",""w"":1.51},{""t"":""US91282CNE7"",""n"":""United States Treasury Note 3.875% 05/31/2027"",""w"":1.46},{""t"":""US91282CLP4"",""n"":""US91282CLP40"",""w"":1.45},{""t"":""US91282CLS8"",""n"":""United States Treasury Note, 4.125% due 10/31/2026"",""w"":1.44},{""t"":""US91282CMP3"",""n"":""United States Treasury Note 4.125% due 02/28/2027"",""w"":1.42},{""t"":""US91282CMY4"",""n"":""United States Treasury Note 3.75% 04/30/2027"",""w"":1.42}]",85
TRAG,"Invesco US Treasury Bond UCITS ETF Acc",,XLON,GBp,,,standard,,0.0006,,,,,,"Invesco US Treasury Bond UCITS ETF Acc est un fonds négocié en bourse conçu pour offrir la performance de rendement total de l'indice Bloomberg US Treasury, avant frais et dépenses. Il fournit aux investisseurs une exposition ciblée aux titres du Trésor américain, qui sont des obligations de dette émises par le gouvernement américain et reconnues pour leur haute qualité de crédit et leur faible risque de défaut. Classé dans la catégorie Gouvernement, l'ETF se concentre exclusivement sur les obl…","Other","",100.00,1,1,STANDARD,"Other",100.00,"[{""s"":""Other"",""w"":100}]","[{""s_fr"":null,""w"":100}]","[{""c"":""Other"",""w"":100}]","US91282CNC1 (United States Treasury Note 4.25% 05/15/2035)","[{""t"":""US91282CNC1"",""n"":""United States Treasury Note 4.25% 05/15/2035"",""w"":0.91},{""t"":null,""n"":""US91282CKQ32"",""w"":0.91},{""t"":""US91282CMM0"",""n"":""United States Treasury Note 4.625% Due 02/15/2035"",""w"":0.9},{""t"":""US91282CJZ5"",""n"":""US91282CJZ59"",""w"":0.88},{""t"":""US91282CLW9"",""n"":""United States Treasury Note 4.25% Due 11/15/2034"",""w"":0.87},{""t"":""US91282CJJ1"",""n"":""US91282CJJ18"",""w"":0.87},{""t"":""US91282CLF6"",""n"":""US91282CLF67"",""w"":0.85},{""t"":null,""n"":""US91282CGQ87"",""w"":0.83},{""t"":""US91282CHT1"",""n"":""US91282CHT18"",""w"":0.8},{""t"":""US91282CFV8"",""n"":""US91282CFV81"",""w"":0.76}]",80
TRA3,"State Street SPDR Bloomberg 1-3 Year U.S. Treasury Bond UCITS ETF Accumulation",,XLON,USD,,,standard,81643224,0.0005,,3.19,9.803,100,U.S. Government,"L'ETF d'accumulation State Street SPDR Bloomberg 1-3 Year U.S. Treasury Bond UCITS est un fonds négocié en bourse conforme aux UCITS qui cherche à suivre la performance de l'indice Bloomberg U.S. 1-3 Year Treasury Bond. Cet indice mesure la performance du marché des obligations d'État américaines à court terme, en se concentrant sur les obligations publiques du Trésor américain avec des maturités comprises entre 1 et jusqu'à 3 ans, sans les inclure. Il exclut certaines émissions spéciales telle…","Sovereign","",98.11,1,1,STANDARD,"United Kingdom",,"[{""s"":""Sovereign"",""w"":98.11},{""s"":""Other"",""w"":1.89}]","[{""s_fr"":null,""w"":98.11},{""s_fr"":null,""w"":1.89}]","[{""c"":""United Kingdom"",""w"":null}]","","[]",90
MAGG,"Madison Aggregate Bond ETF",,XLON,USD,Intermediate Core Bond,,standard,62853668,0.0036,0.0505,4.52,9.219,84,AA,"Le Madison Aggregate Bond ETF est un fonds à revenu fixe géré activement, conçu pour offrir une large exposition au marché obligataire américain de qualité investissement. Le fonds investit principalement dans des obligations gouvernementales, des obligations d'agences et des obligations d'entreprises de haute qualité, avec la flexibilité de varier les secteurs, la qualité de crédit et le positionnement en matière de maturité en fonction des conditions de marché changeantes. Son portefeuille es…","","",,0.3,0,DATA_MISSING,"United Kingdom",,"[]","[]","[{""c"":""United Kingdom"",""w"":null}]","","[]",82
J13E,"JPMorgan BetaBuilders EUR Government Bond 1-3 yr UCITS ETF EUR (acc)",,XLON,GBP,,,standard,13275933,0.001,,2.15,9.808,89,U.S. Government,"JPMorgan BetaBuilders EUR Government Bond 1-3 yr UCITS ETF EUR (acc) est un ETF obligataire passif conçu pour offrir une exposition aux obligations d'État libellées en euros émises par des pays de la zone euro avec des maturités restantes d'un à trois ans. Le fonds suit l'indice J.P. Morgan EMU Government Bond 1-3 Year en utilisant une approche d'échantillonnage, visant à refléter la performance de la dette souveraine à court terme dans la zone euro. Il s'agit d'une classe d'actions accumulante…","Sovereign","",95.07,1,1,STANDARD,"France",28.13,"[{""s"":""Sovereign"",""w"":95.07},{""s"":""Other"",""w"":4.93}]","[{""s_fr"":null,""w"":95.07},{""s_fr"":null,""w"":4.93}]","[{""c"":""France"",""w"":28.13},{""c"":""Germany"",""w"":20.85},{""c"":""Italy"",""w"":19.91},{""c"":""Spain"",""w"":15.87},{""c"":""Belgium"",""w"":3.84}]","ETANH (French Republic OAT 0.75% 25 May 2028)","[{""t"":""ETANH"",""n"":""French Republic OAT 0.75% 25 May 2028"",""w"":4.35},{""t"":""ETAPR"",""n"":""French Republic Government Bond 0.75% Feb 2028"",""w"":3.51},{""t"":null,""n"":""FR0011317783"",""w"":3.48},{""t"":""ETAMY"",""n"":""France Government Bond 0.25% 2026"",""w"":3.25},{""t"":""ETANE"",""n"":""Government of France"",""w"":3.21},{""t"":""ETAPK"",""n"":""Government of France"",""w"":3.11},{""t"":null,""n"":""ES00000128P8"",""w"":2.63},{""t"":""FR001400NBC6"",""n"":""OAT2.50%24SEP27"",""w"":2.55},{""t"":""BO87"",""n"":""DE000BU25000"",""w"":2.51},{""t"":null,""n"":""DE0001102424"",""w"":2.44}]",105
TR3A,"Invesco US Treasury Bond 1-3 Year UCITS ETF Acc",,XLON,USD,,,structured,1326723345,0.0006,0,3.2,9.806,92,AA,"Invesco US Treasury Bond 1-3 Year UCITS ETF Acc est un fonds négocié en bourse qui cherche à suivre la performance de l'indice Bloomberg US 1-3 Year Treasury Bond, avant frais et dépenses. Cet indice mesure les obligations d'État libellées en dollars américains émises par le Trésor américain avec des maturités comprises entre 1 et 3 ans et une note AA. L'ETF utilise une méthode de réplication par échantillonnage physique, détenant une sélection représentative des 96 constituants de l'indice, pr…","Other","",100.00,0.35,0,ALT_ASSET_FX,"Other",100.00,"[{""s"":""Other"",""w"":100}]","[{""s_fr"":null,""w"":100}]","[{""c"":""Other"",""w"":100}]","US91282CMH1 (United States Treasury Note 4.125% Due January 31, 2027)","[{""t"":""US91282CMH1"",""n"":""United States Treasury Note 4.125% Due January 31, 2027"",""w"":1.59},{""t"":""US91282CME8"",""n"":""US91282CME83"",""w"":1.58},{""t"":""US91282CLY5"",""n"":""United States Treasury Note 4.25% 11/30/2026"",""w"":1.57},{""t"":""US91282CNP2"",""n"":""United States Treasury Note 3.875% Due July 31, 2027"",""w"":1.57},{""t"":null,""n"":""US912828Z781"",""w"":1.51},{""t"":""US91282CNE7"",""n"":""United States Treasury Note 3.875% 05/31/2027"",""w"":1.46},{""t"":""US91282CLP4"",""n"":""US91282CLP40"",""w"":1.45},{""t"":""US91282CLS8"",""n"":""United States Treasury Note, 4.125% due 10/31/2026"",""w"":1.44},{""t"":""US91282CMP3"",""n"":""United States Treasury Note 4.125% due 02/28/2027"",""w"":1.42},{""t"":""US91282CMY4"",""n"":""United States Treasury Note 3.75% 04/30/2027"",""w"":1.42}]",115
ITPG,"iShares USD TIPS UCITS ETF GBP Hedged (Dist)",,XLON,GBP,,,standard,,0.0012,0.0471,1.32,9.273,92,AA,"iShares USD TIPS UCITS ETF GBP Hedged (Dist) est un fonds négocié en bourse obligataire qui offre une exposition aux titres du Trésor américain protégés contre l'inflation, ou TIPS, avec un risque de change couvert en livres sterling. Le fonds vise à suivre l'indice Bloomberg US Government Inflation-Linked Bond (GBP Hedged), qui est conçu pour refléter la performance des obligations gouvernementales américaines indexées sur l'inflation sur différentes maturités. Il utilise une réplication physi…","Sovereign","",83.70,1,1,STANDARD,"United States",83.05,"[{""s"":""Sovereign"",""w"":83.7},{""s"":""Other"",""w"":16.21},{""s"":""Non-Corporate"",""w"":0.09}]","[{""s_fr"":null,""w"":83.7},{""s_fr"":null,""w"":16.21},{""s_fr"":null,""w"":0.09}]","[{""c"":""United States"",""w"":83.05},{""c"":""Other"",""w"":16.95}]","US91282CML2 (United States Treasury Inflation-Protected Securities 2.125% Due 01/15/2035)","[{""t"":""US91282CML2"",""n"":""United States Treasury Inflation-Protected Securities 2.125% Due 01/15/2035"",""w"":3.45},{""t"":""US91282CLE9"",""n"":""United States Treasury Inflation-Protected Securities 1.875% Due July 15, 2034"",""w"":3.23},{""t"":null,""n"":""US91282CDX65"",""w"":3.14},{""t"":null,""n"":""US91282CNB36"",""w"":3.08},{""t"":""US91282CJY8"",""n"":""US91282CJY84"",""w"":3.05},{""t"":null,""n"":""US91282CCM10"",""w"":3.02},{""t"":""US91282CGK1"",""n"":""US91282CGK18"",""w"":3},{""t"":""US912828ZZ6"",""n"":""US912828ZZ63"",""w"":2.94},{""t"":""US91282CHP9"",""n"":""US91282CHP95"",""w"":2.93},{""t"":""US91282CEZ0"",""n"":""US91282CEZ05"",""w"":2.92}]",95
ITPA,"iShares $ TIPS UCITS ETF GBP Hedged (Acc)",,XLON,GBP,,,standard,,0.0012,0,1.32,9.273,92,AA,"iShares $ TIPS UCITS ETF GBP Hedged (Acc) est un fonds négocié en bourse qui offre une exposition aux titres du Trésor américain protégés contre l'inflation, un segment du marché obligataire conçu pour refléter les variations de l'inflation. Le fonds vise à suivre l'indice Bloomberg US Government Inflation-Linked Bond (GBP Hedged) et utilise un échantillonnage pour détenir un portefeuille représentatif d'obligations d'État américaines indexées sur l'inflation. Son composant de couverture en GBP…","Sovereign","",83.70,1,1,STANDARD,"Other",100.00,"[{""s"":""Sovereign"",""w"":83.7},{""s"":""Other"",""w"":16.21},{""s"":""Non-Corporate"",""w"":0.09}]","[{""s_fr"":null,""w"":83.7},{""s_fr"":null,""w"":16.21},{""s_fr"":null,""w"":0.09}]","[{""c"":""Other"",""w"":100}]","US91282CML2 (United States Treasury Inflation-Protected Securities 2.125% Due 01/15/2035)","[{""t"":""US91282CML2"",""n"":""United States Treasury Inflation-Protected Securities 2.125% Due 01/15/2035"",""w"":3.45},{""t"":""US91282CLE9"",""n"":""United States Treasury Inflation-Protected Securities 1.875% Due July 15, 2034"",""w"":3.23},{""t"":null,""n"":""US91282CDX65"",""w"":3.14},{""t"":null,""n"":""US91282CNB36"",""w"":3.08},{""t"":""US91282CJY8"",""n"":""US91282CJY84"",""w"":3.05},{""t"":null,""n"":""US91282CCM10"",""w"":3.02},{""t"":""US91282CGK1"",""n"":""US91282CGK18"",""w"":3},{""t"":""US912828ZZ6"",""n"":""US912828ZZ63"",""w"":2.94},{""t"":""US91282CHP9"",""n"":""US91282CHP95"",""w"":2.93},{""t"":""US91282CEZ0"",""n"":""US91282CEZ05"",""w"":2.92}]",95
J13U,"JPMorgan BetaBuilders US Treasury Bond 1-3 yr UCITS ETF USD (acc)",,XLON,GBP,,,standard,,0.0007,,3.14,9.773,92,AA,"JPMorgan BetaBuilders US Treasury Bond 1-3 yr UCITS ETF USD (acc) est un fonds négocié en bourse à revenu fixe conçu pour offrir une exposition aux titres du Trésor américain avec des maturités restantes entre un et trois ans. Le fonds suit une approche passive de suivi d'indice et vise à répliquer étroitement la performance de l'indice obligataire gouvernemental J.P. Morgan États-Unis 1-3 ans par le biais d'une réplication physique ou d'un échantillonnage représentatif. Il se concentre sur les…","Sovereign","",81.95,1,1,STANDARD,"United States",69.78,"[{""s"":""Sovereign"",""w"":81.95},{""s"":""Other"",""w"":18.05}]","[{""s_fr"":null,""w"":81.95},{""s_fr"":null,""w"":18.05}]","[{""c"":""United States"",""w"":69.78},{""c"":""Other"",""w"":30.22}]","US91282CMN8 (United States Treasury Note 4.25% Due February 15, 2028)","[{""t"":""US91282CMN8"",""n"":""United States Treasury Note 4.25% Due February 15, 2028"",""w"":2.34},{""t"":""US91282CCE9"",""n"":""US91282CCE93"",""w"":2.28},{""t"":""US91282CMF5"",""n"":""United States Treasury Note 4.25% Due January 15, 2028"",""w"":2.28},{""t"":null,""n"":""US91282CKR15"",""w"":2.27},{""t"":""US91282CBZ3"",""n"":""US91282CBZ32"",""w"":2.26},{""t"":""US91282CCR0"",""n"":""US91282CCR07"",""w"":2.24},{""t"":""US91282CCH2"",""n"":""US91282CCH25"",""w"":2.23},{""t"":""US91282CBJ9"",""n"":""US91282CBJ99"",""w"":2.21},{""t"":""US91282CKZ3"",""n"":""United States Treasury Note 4.375% Due July 15, 2027"",""w"":2.2},{""t"":""US91282CKJ9"",""n"":""US91282CKJ98"",""w"":2.16}]",85
TRGB,"Invesco US Treasury Bond UCITS ETF GBP Hedged Dist",,XLON,GBp,,,standard,,0.001,0.0427,3.47,9.326,92,AA,"Invesco US Treasury Bond UCITS ETF GBP Hedged Dist est un fonds négocié en bourse qui offre une large exposition aux obligations d'État libellées en dollars américains émises par le Trésor américain. Le fonds suit un indice Bloomberg US Treasury qui inclut des titres du Trésor à taux fixe de qualité investissement sur une large gamme d'échéances, tout en excluant les bons du Trésor, les titres indexés sur l'inflation, les titres à taux variable et les titres STRIPS. Une caractéristique clé de c…","Other","",100.00,0.35,0,ALT_ASSET_FX,"United States",55.43,"[{""s"":""Other"",""w"":100}]","[{""s_fr"":null,""w"":100}]","[{""c"":""United States"",""w"":55.43},{""c"":""Other"",""w"":44.57}]","US91282CNC1 (United States Treasury Note 4.25% 05/15/2035)","[{""t"":""US91282CNC1"",""n"":""United States Treasury Note 4.25% 05/15/2035"",""w"":0.91},{""t"":null,""n"":""US91282CKQ32"",""w"":0.91},{""t"":""US91282CMM0"",""n"":""United States Treasury Note 4.625% Due 02/15/2035"",""w"":0.9},{""t"":""US91282CJZ5"",""n"":""US91282CJZ59"",""w"":0.88},{""t"":""US91282CLW9"",""n"":""United States Treasury Note 4.25% Due 11/15/2034"",""w"":0.87},{""t"":""US91282CJJ1"",""n"":""US91282CJJ18"",""w"":0.87},{""t"":""US91282CLF6"",""n"":""US91282CLF67"",""w"":0.85},{""t"":null,""n"":""US91282CGQ87"",""w"":0.83},{""t"":""US91282CHT1"",""n"":""US91282CHT18"",""w"":0.8},{""t"":""US91282CFV8"",""n"":""US91282CFV81"",""w"":0.76}]",95
AT1,"Invesco AT1 Capital Bond UCITS ETF Acc",,XLON,USD,,,standard,1370871551,0.0039,0,7.05,10.184,,,"Invesco AT1 Capital Bond UCITS ETF Acc est un fonds négocié en bourse qui suit l'indice iBoxx USD Contingent Convertible Liquid Developed Market AT1 (plafond d'émetteur de 8 %), également référencé comme l'indice Markit iBoxx USD Contingent Convertible Liquid Developed Market AT1. Sa fonction principale est de fournir la performance du rendement total de ce benchmark, comprenant des obligations convertibles contingentes libellées en USD - connues sous le nom d'obligations AT1 CoCo - émises par …","Other","",99.00,1,1,STANDARD,"United Kingdom",32.81,"[{""s"":""Other"",""w"":99}]","[{""s_fr"":null,""w"":99}]","[{""c"":""United Kingdom"",""w"":32.81},{""c"":""France"",""w"":21.5},{""c"":""Spain"",""w"":14.11},{""c"":""Netherlands"",""w"":8},{""c"":""Switzerland"",""w"":7.94}]","(US05964HBH75)","[{""t"":null,""n"":""US05964HBH75"",""w"":2.28},{""t"":null,""n"":""US05971KAQ22"",""w"":2.22},{""t"":null,""n"":""US539439AU36"",""w"":2.13},{""t"":null,""n"":""US780097BQ34"",""w"":2.12},{""t"":null,""n"":""US06738EBX22"",""w"":1.97},{""t"":null,""n"":""US53944YAV56"",""w"":1.9},{""t"":null,""n"":""XS1071551474"",""w"":1.89},{""t"":null,""n"":""USG84228EV68"",""w"":1.88},{""t"":""BG17"",""n"":""Barclays PLC 9.625% Perpetual Subordinated Note"",""w"":1.84},{""t"":null,""n"":""US65559D2A65"",""w"":1.8}]",115
U03A,"iShares $ Treasury Bond 0-3 Month UCITS ETF USD (Acc)",,XLON,USD,,,structured,,0.0007,0,,,100,U.S. Government,"iShares $ Treasury Bond 0-3 Month UCITS ETF USD (Acc) est un fonds négocié en bourse qui suit l'indice ICE 0-3 Month US Treasury Notes & Bills, comprenant des obligations gouvernementales à taux fixe libellées en dollars émises par le Trésor américain avec des maturités restantes de trois mois ou moins. Lancé le 24 septembre 2024 et domicilié en Irlande, cet ETF accumulatif réinvestit les revenus, visant à reproduire la performance des prix et des rendements de l'indice à travers un portefeuill…","","",,0.4,0,STRUCTURED_VEHICLE,"United Kingdom",,"[]","[]","[{""c"":""United Kingdom"",""w"":null}]","","[]",62
JAEP,"JPMorgan EUR Aggregate Bond Active UCITS ETF",,XLON,GBP,,,standard,,0.003,,3.37,9.694,100,U.S. Government,"L'ETF JPMorgan EUR Aggregate Bond Active UCITS est un fonds négocié en bourse géré activement qui investit dans un portefeuille diversifié d'obligations de qualité investissement libellées en euros. Son objectif principal est de fournir aux investisseurs une large exposition au marché obligataire européen, englobant les secteurs gouvernementaux, corporatifs et autres, tout en intégrant des critères environnementaux, sociaux et de gouvernance (ESG) dans le processus de sélection. L'ETF comprend …","Sovereign","",44.50,0.35,0,ALT_ASSET_COMMODITY,"Germany",20.83,"[{""s"":""Sovereign"",""w"":44.5},{""s"":""Financial Services"",""w"":29},{""s"":""Other"",""w"":8.16},{""s"":""Utilities"",""w"":5.13},{""s"":""Energy"",""w"":2.52}]","[{""s_fr"":null,""w"":44.5},{""s_fr"":null,""w"":29},{""s_fr"":null,""w"":8.16},{""s_fr"":null,""w"":5.13},{""s_fr"":null,""w"":2.52}]","[{""c"":""Germany"",""w"":20.83},{""c"":""France"",""w"":13.67},{""c"":""Other"",""w"":13.5},{""c"":""Spain"",""w"":11.38},{""c"":""United Kingdom"",""w"":9.23}]","FR001400Z2L7 (French Republic Government Bond)","[{""t"":""FR001400Z2L7"",""n"":""French Republic Government Bond"",""w"":12.72},{""t"":""NL0014555419"",""n"":""Netherlands Government Bond 0% 07/15/2030"",""w"":11.5},{""t"":""IT558009"",""n"":""IT0005580094"",""w"":8.92},{""t"":""IT0005637399"",""n"":""IT0005637399"",""w"":6.26},{""t"":""EUA3K4D4"",""n"":""EU000A3K4D41"",""w"":3.57},{""t"":""ES0000012M93"",""n"":""ES0000012M93"",""w"":3.19},{""t"":""ES0000012O67"",""n"":""ES0000012O67"",""w"":2.87},{""t"":""ES0000012P33"",""n"":""ES0000012P33"",""w"":2.69},{""t"":""GR12404074"",""n"":""GR0124040743"",""w"":2.47},{""t"":""IT561174"",""n"":""IT0005611741"",""w"":1.88}]",85
TRAX,"State Street SPDR Bloomberg 7-10 Year U.S. Treasury Bond UCITS ETF (Acc)",,XLON,USD,,,standard,,0.0005,,4.25,9.334,100,U.S. Government,"L'ETF UCITS State Street SPDR Bloomberg 7-10 Year U.S. Treasury Bond (Acc) est un fonds négocié en bourse conforme aux UCITS qui cherche à suivre la performance de l'indice Bloomberg U.S. 7-10 Year Treasury Bond. Cet indice mesure la performance du marché des obligations d'État américaines à maturité intermédiaire, incluant spécifiquement les obligations publiques à taux fixe de qualité investissement émises par le Trésor américain avec des maturités comprises entre sept et jusqu'à dix ans, san…","Sovereign","",96.85,1,1,STANDARD,"United Kingdom",,"[{""s"":""Sovereign"",""w"":96.85},{""s"":""Other"",""w"":3.15}]","[{""s_fr"":null,""w"":96.85},{""s_fr"":null,""w"":3.15}]","[{""c"":""United Kingdom"",""w"":null}]","","[]",70
JAAA,"Janus Henderson AAA CLO ETF",,XLON,USD,Securitized Bond - Focused,,standard,31488495616,0.002,0.053,5.11,10.008,95,AAA,"Le Janus Henderson AAA CLO ETF est un fonds négocié en bourse à revenu fixe géré activement qui se concentre sur des obligations de prêts garanties de haute qualité, principalement des tranches de CLO notées AAA. Le fonds est conçu pour fournir un revenu courant grâce à une exposition à des taux d'intérêt variables tout en mettant l'accent sur la préservation du capital, la faible volatilité et le risque de dégradation limité. Il vise un accès large à un segment de crédit titrisé qui peut se co…","","",,0.3,0,DATA_MISSING,"United Kingdom",,"[]","[]","[{""c"":""United Kingdom"",""w"":null}]","","[]",82
JAGU,"JPMorgan Global Aggregate Bond Active UCITS ETF USD Hedged (acc)",,XLON,USD,,,standard,,0.003,0,4.47,9.725,84,U.S. Government,"JPMorgan Global Aggregate Bond Active UCITS ETF USD Hedged (acc) est un fonds négocié en bourse (ETF) géré activement, axé sur les investissements en revenu fixe à l'échelle mondiale. Il se compare à l'indice Global Aggregate diversifié, offrant une exposition à un large portefeuille d'obligations d'État, d'obligations d'entreprise et d'obligations titrisées émises sur les marchés développés et émergents dans le monde entier, sur toutes les maturités. L'ETF utilise des stratégies actives, y com…","","",,0.3,0,DATA_MISSING,"United Kingdom",,"[]","[]","[{""c"":""United Kingdom"",""w"":null}]","","[]",62
LQGH,"iShares $ Corp Bond UCITS ETF GBP Hedged (Dist)",,XLON,GBP,,,standard,,0.0025,0.0501,4.66,9.17,70,A,"iShares $ Corp Bond UCITS ETF GBP Hedged (Dist) est un fonds négocié en bourse qui suit l'indice Markit iBoxx USD Liquid Investment Grade, se concentrant sur les obligations d'entreprises de qualité investissement libellées en dollars américains. Sa fonction principale est de fournir aux investisseurs une exposition à un portefeuille diversifié de titres de créance d'entreprise de haute qualité tout en atténuant le risque de change grâce à une couverture en GBP, réalisée via des dérivés comme d…","Financial Services","",32.47,0.35,0,ALT_ASSET_FX,"United States",84.24,"[{""s"":""Financial Services"",""w"":32.47},{""s"":""Technology"",""w"":13.5},{""s"":""Healthcare"",""w"":10.09},{""s"":""Energy"",""w"":8.13},{""s"":""Telecommunication"",""w"":7.8}]","[{""s_fr"":null,""w"":32.47},{""s_fr"":null,""w"":13.5},{""s_fr"":null,""w"":10.09},{""s_fr"":null,""w"":8.13},{""s_fr"":null,""w"":7.8}]","[{""c"":""United States"",""w"":84.24},{""c"":""Other"",""w"":5.45},{""c"":""United Kingdom"",""w"":4.24},{""c"":""Canada"",""w"":2.46},{""c"":""Japan"",""w"":1.9}]","0P0001I429 (BlackRock ICS US Dollar Liquid Environmentally Aware Fund Agency Inc)","[{""t"":""0P0001I429"",""n"":""BlackRock ICS US Dollar Liquid Environmentally Aware Fund Agency Inc"",""w"":1.27},{""t"":null,""n"":""US03522AAJ97"",""w"":0.23},{""t"":""CVSE"",""n"":""US126650CZ11"",""w"":0.18},{""t"":""357F"",""n"":""US87264ABF12"",""w"":0.16},{""t"":null,""n"":""US097023CW33"",""w"":0.15},{""t"":""SOBQ"",""n"":""US00206RKJ04"",""w"":0.14},{""t"":""US716973AG7"",""n"":""US716973AG71"",""w"":0.14},{""t"":""3H0B"",""n"":""3H0B"",""w"":0.14},{""t"":null,""n"":""US38141GFD16"",""w"":0.14},{""t"":""US126650CY4"",""n"":""US126650CY46"",""w"":0.14}]",95
JAAD,"Janus Henderson Tabula USD AAA CLO UCITS ETF USD Distributing",,XLON,USD,,,standard,428508174,0.0025,0.0462,4.87,10.089,,,"Janus Henderson Tabula USD AAA CLO UCITS ETF USD Distributing est un fonds négocié en bourse axé sur la fourniture d'une exposition diversifiée aux obligations de prêt garanties (CLO) libellées en dollars américains et notées AAA. Cet ETF offre aux investisseurs un accès à un segment du marché du crédit généralement réservé aux participants institutionnels, mettant l'accent sur une haute qualité de crédit et des instruments à taux variable. Géré par une équipe de spécialistes expérimentés en re…","","",,0.3,0,DATA_MISSING,"United Kingdom",,"[]","[]","[{""c"":""United Kingdom"",""w"":null}]","JCLU (Janus Henderson EUR AAA CLO Active Core UCITS ETF USD-Hedged Acc)","[{""t"":""JCLU"",""n"":""Janus Henderson EUR AAA CLO Active Core UCITS ETF USD-Hedged Acc"",""w"":3.03}]",97
HY,"Amundi EUR High Yield Corporate Bond ESG UCITS ETF Dist",,XMIL,EUR,,,standard,318524960,0.0025,,4.7,9.674,42,BB,"Amundi EUR High Yield Corporate Bond ESG UCITS ETF Dist est un fonds négocié en bourse axé sur la dette d'entreprise à haut rendement libellée en euros. Le fonds vise à suivre l'indice Bloomberg MSCI Euro Corporate High Yield SRI Sustainable, qui applique un filtrage ESG aux obligations d'entreprise notées en dessous de la catégorie investissement. En utilisant un échantillonnage physique, il offre une exposition diversifiée à un large éventail d'émetteurs tout en distribuant des revenus de cou…","Financial Services","",21.62,1,1,STANDARD,"France",28.86,"[{""s"":""Financial Services"",""w"":21.62},{""s"":""Telecommunication"",""w"":19.65},{""s"":""Consumer Cyclicals"",""w"":14.85},{""s"":""Industrial"",""w"":10.67},{""s"":""Non-Energy Materials"",""w"":8.47}]","[{""s_fr"":null,""w"":21.62},{""s_fr"":null,""w"":19.65},{""s_fr"":null,""w"":14.85},{""s_fr"":null,""w"":10.67},{""s_fr"":null,""w"":8.47}]","[{""c"":""France"",""w"":28.86},{""c"":""Italy"",""w"":12.6},{""c"":""United States"",""w"":9.75},{""c"":""Germany"",""w"":9.42},{""c"":""United Kingdom"",""w"":5.8}]","XS239300189 (XS2393001891)","[{""t"":""XS239300189"",""n"":""XS2393001891"",""w"":0.81},{""t"":null,""n"":""XS2332250708"",""w"":0.75},{""t"":null,""n"":""XS2724532333"",""w"":0.73},{""t"":""XS233288977"",""n"":""XS2332889778"",""w"":0.66},{""t"":null,""n"":""XS3076304602"",""w"":0.64},{""t"":""TEXA"",""n"":""XS2380124227"",""w"":0.64},{""t"":""FR140007L"",""n"":""FR00140007L3"",""w"":0.64},{""t"":null,""n"":""XS2301390089"",""w"":0.63},{""t"":null,""n"":""XS1645722262"",""w"":0.63},{""t"":""XS222515742"",""n"":""XS2225157424"",""w"":0.62}]",105
TRA5,"State Street SPDR Bloomberg 3-7 Year U.S. Treasury Bond UCITS ETF (Acc)",,XMIL,USD,,,standard,106332400,0.0005,,3.5,9.351,100,U.S. Government,"L'ETF UCITS State Street SPDR Bloomberg 3-7 Year U.S. Treasury Bond (Acc) est un fonds négocié en bourse qui cherche à suivre la performance de l'indice Bloomberg U.S. 3-7 Year Treasury Bond. Cet indice mesure le marché des obligations d'État américaines, en se concentrant sur les obligations publiques à taux fixe de qualité investissement émises par le Trésor américain, avec des maturités comprises entre trois et sept ans, à l'exclusion des émissions spéciales telles que les obligations des Ét…","","",,0.3,0,DATA_MISSING,"Italy",,"[]","[]","[{""c"":""Italy"",""w"":null}]","","[]",72
LGOV,"First Trust Long Duration Opportunities ETF",,XMIL,USD,Long Government,,standard,589065536,0.0049,0.0474,3.26,,96,AAA,"Le First Trust Long Duration Opportunities ETF est un fonds négocié en bourse à revenu fixe conçu pour offrir une exposition aux obligations gouvernementales et liées au gouvernement américain à long terme. Le fonds détient un portefeuille géré activement qui comprend des titres du Trésor, des titres adossés à des hypothèques d'agences et d'autres instruments de dette de qualité investissement émis ou garantis par des entités gouvernementales américaines. La construction de son portefeuille met…","","",,0.3,0,DATA_MISSING,"Italy",,"[]","[]","[{""c"":""Italy"",""w"":null}]","MISXX (Morgan Stanley Insti Liquidity Fds, Treasury Portf Instit Class)","[{""t"":""MISXX"",""n"":""Morgan Stanley Insti Liquidity Fds, Treasury Portf Instit Class"",""w"":3.93}]",97
VDCE,"Vanguard USD Corporate Bond UCITS ETF EUR Hedged Accumulating",,XMIL,EUR,,,standard,4166649469,0.001,0,4.69,9.408,70,A,"Vanguard USD Corporate Bond UCITS ETF EUR Hedged Accumulating est un fonds négocié en bourse qui offre une exposition à un portefeuille diversifié d'obligations d'entreprise de qualité investissement libellées en dollars américains, émises par des entreprises des marchés développés et émergents. Il utilise une stratégie de suivi passif, acquérant physiquement un échantillon représentatif d'obligations pour suivre de près l'indice Bloomberg Global Aggregate Corporate USD (EUR Hedged), qui compre…","Financial Services","",38.85,0.35,0,ALT_ASSET_FX,"United States",76.11,"[{""s"":""Financial Services"",""w"":38.85},{""s"":""Utilities"",""w"":9.7},{""s"":""Technology"",""w"":8.28},{""s"":""Healthcare"",""w"":7.44},{""s"":""Industrial"",""w"":6.52}]","[{""s_fr"":null,""w"":38.85},{""s_fr"":null,""w"":9.7},{""s_fr"":null,""w"":8.28},{""s_fr"":null,""w"":7.44},{""s_fr"":null,""w"":6.52}]","[{""c"":""United States"",""w"":76.11},{""c"":""Other"",""w"":9.45},{""c"":""United Kingdom"",""w"":4.02},{""c"":""Canada"",""w"":2.7},{""c"":""Japan"",""w"":2.54}]","US25816DP1 (US025816DP17)","[{""t"":""US25816DP1"",""n"":""US025816DP17"",""w"":0.11},{""t"":null,""n"":""US03522AAJ97"",""w"":0.1},{""t"":""3H0B"",""n"":""3H0B"",""w"":0.08},{""t"":""US925650AB9"",""n"":""US925650AB99"",""w"":0.07},{""t"":""CVSE"",""n"":""US126650CZ11"",""w"":0.07},{""t"":""357F"",""n"":""US87264ABF12"",""w"":0.07},{""t"":null,""n"":""US26884TAR32"",""w"":0.07},{""t"":""US6051GLH0"",""n"":""US06051GLH01"",""w"":0.07},{""t"":""US25816DV8"",""n"":""US025816DV84"",""w"":0.07},{""t"":""US46647PEW2"",""n"":""US46647PEW23"",""w"":0.07}]",115
VDTE,"Vanguard USD Treasury Bond UCITS ETF EUR Hedged Distributing",,XMIL,EUR,,,standard,2649388146,0.0008,0,3.46,9.325,92,U.S. Government,"Vanguard USD Treasury Bond UCITS ETF EUR Hedged Distributing est un fonds négocié en bourse qui suit l'indice Bloomberg Global Aggregate US Treasury Float Adjusted (EUR Hedged), offrant une exposition à un large éventail d'obligations à taux fixe libellées en dollars américains émises par le gouvernement américain. Domicilié en Irlande et lancé le 4 mars 2025, il utilise une réplication physique en échantillonnant des constituants clés, détenant des obligations de haute qualité principalement n…","Sovereign","",96.82,0.35,0,ALT_ASSET_FX,"United States",57.24,"[{""s"":""Sovereign"",""w"":96.82},{""s"":""Other"",""w"":3.19}]","[{""s_fr"":null,""w"":96.82},{""s_fr"":null,""w"":3.19}]","[{""c"":""United States"",""w"":57.24},{""c"":""Other"",""w"":42.76}]","(US91282CKQ32)","[{""t"":null,""n"":""US91282CKQ32"",""w"":0.92},{""t"":""US91282CMM0"",""n"":""United States Treasury Note 4.625% Due 02/15/2035"",""w"":0.91},{""t"":""US91282CLW9"",""n"":""United States Treasury Note 4.25% Due 11/15/2034"",""w"":0.91},{""t"":""US91282CLF6"",""n"":""US91282CLF67"",""w"":0.88},{""t"":""US91282CJZ5"",""n"":""US91282CJZ59"",""w"":0.87},{""t"":""US91282CJJ1"",""n"":""US91282CJJ18"",""w"":0.86},{""t"":null,""n"":""US91282CGQ87"",""w"":0.78},{""t"":""US91282CHT1"",""n"":""US91282CHT18"",""w"":0.78},{""t"":""US91282CCS8"",""n"":""US91282CCS89"",""w"":0.74},{""t"":""US91282CDJ7"",""n"":""US91282CDJ71"",""w"":0.73}]",115
GGB,"Smart Global Government Bond ETF",,XMIL,NZD,,,standard,,,,,,,,"L'ETF Smart Global Government Bond est un fonds négocié en bourse qui se concentre sur l'investissement dans une gamme diversifiée d'obligations gouvernementales provenant de marchés développés et émergents à travers le monde. La fonction principale de cet ETF est de fournir aux investisseurs une large exposition aux titres de dette souveraine mondiale, offrant un potentiel de diversification de portefeuille et de génération de revenus grâce aux paiements d'intérêts. Cet ETF investit généraleme…","","",,0.3,0,DATA_MISSING,"Italy",,"[]","[]","[{""c"":""Italy"",""w"":null}]","","[]",32
IEAA,"iShares Core EUR Corporate Bond UCITS ETF (Acc)",,XMIL,EUR,,,standard,13339328829,0.0009,0,3.06,9.667,68,BBB,"iShares Core EUR Corporate Bond UCITS ETF (Acc) est un fonds négocié en bourse qui offre aux investisseurs une exposition ciblée au marché des obligations d'entreprise de qualité investissement libellées en euros. Géré par BlackRock sous iShares III Public Limited Company et domicilié en Irlande, il vise à répliquer la performance de l'indice Barclays Euro Corporate Bond grâce à une méthodologie d'échantillonnage représentatif. L'ETF investit dans des obligations à taux fixe émises par des entr…","Financial Services","",45.62,1,1,STANDARD,"France",18.73,"[{""s"":""Financial Services"",""w"":45.62},{""s"":""Industrial"",""w"":8.07},{""s"":""Utilities"",""w"":7.85},{""s"":""Consumer Non-Cyclicals"",""w"":7.59},{""s"":""Healthcare"",""w"":6.17}]","[{""s_fr"":null,""w"":45.62},{""s_fr"":null,""w"":8.07},{""s_fr"":null,""w"":7.85},{""s_fr"":null,""w"":7.59},{""s_fr"":null,""w"":6.17}]","[{""c"":""France"",""w"":18.73},{""c"":""United States"",""w"":18.38},{""c"":""Germany"",""w"":12.34},{""c"":""United Kingdom"",""w"":9.4},{""c"":""Netherlands"",""w"":5.89}]","CH121479717 (CH1214797172)","[{""t"":""CH121479717"",""n"":""CH1214797172"",""w"":0.12},{""t"":""BE6285455497"",""n"":""BE6285455497"",""w"":0.1},{""t"":null,""n"":""BE6285457519"",""w"":0.09},{""t"":null,""n"":""XS1586555945"",""w"":0.09},{""t"":""XS271729197"",""n"":""XS2717291970"",""w"":0.08},{""t"":""XS270560423"",""n"":""XS2705604234"",""w"":0.08},{""t"":""XS219366272"",""n"":""XS2193662728"",""w"":0.08},{""t"":""XS246123462"",""n"":""XS2461234622"",""w"":0.08},{""t"":null,""n"":""XS2595028536"",""w"":0.07},{""t"":null,""n"":""XS1629774230"",""w"":0.07}]",115
CLOA,"iShares AAA CLO Active ETF",,XMIL,USD,Securitized Bond - Focused,,standard,2342285824,0.002,0.0481,4.98,10.103,95,AAA,"iShares AAA CLO Active ETF est un fonds négocié en bourse à revenu fixe géré activement, conçu pour offrir une exposition aux obligations de prêt garanties libellées en dollars américains et notées AAA. Le fonds se concentre sur les tranches senior, les mieux notées des CLO, et cherche à fournir un revenu courant avec un accent sur la préservation du capital grâce à une sélection de crédits active. Son portefeuille est construit autour d'instruments de crédit titrisés, offrant aux investisseurs…","","",,0.3,0,DATA_MISSING,"Italy",,"[]","[]","[{""c"":""Italy"",""w"":null}]","XTSLA (BlackRock Cash Funds Treasury SL Agency)","[{""t"":""XTSLA"",""n"":""BlackRock Cash Funds Treasury SL Agency"",""w"":0.79}]",97
CORP,"PIMCO Investment Grade Corporate Bond Index Exchange-Traded Fund",,XMIL,USD,Corporate Bond,,standard,1326402304,0.0041,0.0515,4.66,9.163,73,BBB,"Le PIMCO Investment Grade Corporate Bond Index Exchange-Traded Fund est un ETF à revenu fixe qui cherche à suivre la performance d'un indice pondéré par la valeur de marché des obligations d'entreprises de qualité investissement libellées en dollars américains. Le fonds détient principalement des dettes d'entreprises émises sur le marché domestique américain, en se concentrant sur des titres ayant au moins un an restant jusqu'à l'échéance et une qualité de crédit notée investissement grade. Il …","","",,0.3,0,DATA_MISSING,"Italy",,"[]","[]","[{""c"":""Italy"",""w"":null}]","","[]",82
X03G,"Xtrackers II Germany Government Bond UCITS ETF 1C",,XMIL,EUR,,,standard,1009485670,0.0015,0,2.49,9.251,97,AAA,"L'Xtrackers II Germany Government Bond UCITS ETF 1C est un fonds négocié en bourse qui offre une exposition ciblée aux obligations libellées en euros émises par le gouvernement allemand. Lancé le 24 août 2011 et géré par Xtrackers avec un domicile au Luxembourg, il suit l'indice Markit iBoxx Euro Germany Bond, qui comprend des titres de créance négociables sur l'ensemble de la courbe des taux, en se concentrant sur des obligations ayant un délai de maturité minimum d'un an et un montant minimum…","Other","",100.00,1,1,STANDARD,"Germany",79.98,"[{""s"":""Other"",""w"":100}]","[{""s_fr"":null,""w"":100}]","[{""c"":""Germany"",""w"":79.98},{""c"":""Other"",""w"":20.02}]","BB88 (DE000BU2Z007)","[{""t"":""BB88"",""n"":""DE000BU2Z007"",""w"":2.55},{""t"":""BB96"",""n"":""DE000BU2Z031"",""w"":2.37},{""t"":""BU2Z04"",""n"":""DE000BU2Z049"",""w"":2.33},{""t"":""BB93"",""n"":""DE000BU2Z023"",""w"":2.28},{""t"":""BU2504"",""n"":""DE000BU25042"",""w"":2.18},{""t"":null,""n"":""DE0001102424"",""w"":2.16},{""t"":null,""n"":""DE0001135275"",""w"":2.12},{""t"":null,""n"":""DE0001102408"",""w"":2.12},{""t"":""BB91"",""n"":""DE000BU2Z015"",""w"":2.07},{""t"":null,""n"":""DE0001102341"",""w"":2.06}]",115
EGO,"UBS J.P. Morgan Global Gov ESG Liquid Bond UCITS ETF USD acc",,XMIL,EUR,,,standard,773660725,0.0015,,2.81,8.945,91,U.S. Government,"UBS J.P. Morgan Global Gov ESG Liquid Bond UCITS ETF USD acc est un fonds négocié en bourse à revenu fixe qui offre une exposition à un portefeuille diversifié d'obligations gouvernementales mondiales sélectionnées par le biais d'un filtrage environnemental, social et de gouvernance. Le fonds suit l'indice J.P. Morgan Global Government ESG Liquid Bond, qui se concentre sur la dette souveraine liquide des marchés développés et émergents tout en appliquant des critères ESG pour favoriser les émet…","Sovereign","",81.48,1,1,STANDARD,"United States",36.33,"[{""s"":""Sovereign"",""w"":81.48},{""s"":""Other"",""w"":18.46},{""s"":""Financial Services"",""w"":0.06}]","[{""s_fr"":null,""w"":81.48},{""s_fr"":null,""w"":18.46},{""s_fr"":null,""w"":0.06}]","[{""c"":""United States"",""w"":36.33},{""c"":""Japan"",""w"":13.11},{""c"":""United Kingdom"",""w"":9.04},{""c"":""Other"",""w"":7.73},{""c"":""Germany"",""w"":7.3}]","ETAMD (French Republic Government Bond)","[{""t"":""ETAMD"",""n"":""French Republic Government Bond"",""w"":0.31},{""t"":""US91282CMM0"",""n"":""United States Treasury Note 4.625% Due 02/15/2035"",""w"":0.29},{""t"":""ETANH"",""n"":""French Republic OAT 0.75% 25 May 2028"",""w"":0.29},{""t"":""US91282CLW9"",""n"":""United States Treasury Note 4.25% Due 11/15/2034"",""w"":0.28},{""t"":""4RF9"",""n"":""FR0012993103"",""w"":0.28},{""t"":""US91282CNC1"",""n"":""United States Treasury Note 4.25% 05/15/2035"",""w"":0.28},{""t"":""ETANM"",""n"":""French Republic Government Bond"",""w"":0.28},{""t"":null,""n"":""US91282CKQ32"",""w"":0.26},{""t"":null,""n"":""FR0011317783"",""w"":0.26},{""t"":""US91282CEP2"",""n"":""US91282CEP23"",""w"":0.26}]",105
EBND,"State Street SPDR Bloomberg Emerging Markets Local Bond ETF",,XMIL,USD,Emerging-Markets Local-Currency Bond,,standard,2245146368,0.003,0.0599,5.26,9.539,83,U.S. Government,"L'ETF SPDR Bloomberg Emerging Markets Local Bond de State Street est un fonds négocié en bourse qui offre une exposition à la dette gouvernementale en monnaie locale émise par des pays émergents. Le fonds est conçu pour suivre un indice d'obligations souveraines à taux fixe, offrant aux investisseurs un accès diversifié à l'emprunt du secteur public à travers un large éventail d'économies émergentes. Son portefeuille comprend généralement des obligations ayant au moins un an restant jusqu'à l'é…","","",,0.35,0,ALT_ASSET_FX,"Italy",,"[]","[]","[{""c"":""Italy"",""w"":null}]","","[]",82
XYLD,"Global X S&P 500 Covered Call ETF",,XMIL,USD,Derivative Income,,standard,3384435456,0.006,0.0638,,,,,"Le Global X S&P 500 Covered Call ETF est un fonds négocié en bourse qui utilise une stratégie de covered call, ou buy-write, liée au S&P 500. Le fonds détient un panier diversifié de grandes entreprises américaines et vend des options d'achat sur l'indice pour générer des revenus de primes d'options tout en maintenant une large exposition au marché des actions. Son portefeuille est conçu pour refléter les caractéristiques de prix et de rendement de l'indice Cboe S&P 500 BuyWrite, ce qui en fait…","Technology","",40.49,1,1,STANDARD,"Italy",,"[{""s"":""Technology"",""w"":40.49},{""s"":""Financial Services"",""w"":11.21},{""s"":""Communication Services"",""w"":9.93},{""s"":""Healthcare"",""w"":9.27},{""s"":""Consumer Cyclical"",""w"":8.76}]","[{""s_fr"":null,""w"":40.49},{""s_fr"":null,""w"":11.21},{""s_fr"":null,""w"":9.93},{""s_fr"":null,""w"":9.27},{""s_fr"":null,""w"":8.76}]","[{""c"":""Italy"",""w"":null}]","NVDA (NVIDIA Corporation)","[{""t"":""NVDA"",""n"":""NVIDIA Corporation"",""w"":8.48},{""t"":""AAPL"",""n"":""Apple Inc."",""w"":7.47},{""t"":""MSFT"",""n"":""Microsoft Corporation Common Stock"",""w"":5.85},{""t"":""AMZN"",""n"":""Amazon.com Inc."",""w"":3.76},{""t"":""GOOGL"",""n"":""Alphabet Inc. Class A Common Stock"",""w"":3.09},{""t"":""AVGO"",""n"":""Broadcom Inc."",""w"":2.57},{""t"":""GOOG"",""n"":""Alphabet Inc. Class C Common Stock"",""w"":2.48},{""t"":""META"",""n"":""Meta Platforms Inc. Class A Common Stock"",""w"":2.46},{""t"":""MU"",""n"":""Micron Technology Inc."",""w"":1.85},{""t"":""TSLA"",""n"":""Tesla, Inc."",""w"":1.54}]",110
EUHA,"iShares Euro High Yield Corporate Bond UCITS ETF EUR",,XMIL,EUR,,,standard,635433344,0.0045,0,5.02,10.019,46,BB,"iShares Euro High Yield Corporate Bond UCITS ETF EUR est un fonds négocié en bourse conçu pour offrir une large exposition aux obligations d'entreprise libellées en euros avec des notations inférieures à l'investissement. Le fonds se concentre sur la dette à haut rendement émise par des entreprises dans divers secteurs, offrant aux investisseurs un accès à un pool diversifié de titres à revenu fixe à travers un seul produit. Il utilise la réplication physique et suit un indice composé de grande…","Real Estate","",0.00,0.35,0,ALT_ASSET_COMMODITY,"Other",21.57,"[{""s"":""Real Estate"",""w"":0},{""s"":""Consumer Cyclical"",""w"":0},{""s"":""Basic Materials"",""w"":0},{""s"":""Technology"",""w"":0},{""s"":""Industrial"",""w"":0}]","[{""s_fr"":null,""w"":0},{""s_fr"":null,""w"":0},{""s_fr"":null,""w"":0},{""s_fr"":null,""w"":0},{""s_fr"":null,""w"":0}]","[{""c"":""Other"",""w"":21.57},{""c"":""France"",""w"":13.72},{""c"":""Italy"",""w"":13.52},{""c"":""Germany"",""w"":10.75},{""c"":""United States"",""w"":8.03}]","FGBSU26 (Euro Schatz Future Sept 26)","[{""t"":""FGBSU26"",""n"":""Euro Schatz Future Sept 26"",""w"":4.27},{""t"":""FGBMU26"",""n"":""Euro Bobl Future Sept 26"",""w"":1.68}]",115
EUCL,"iShares € AAA CLO Active UCITS ETF EUR Acc",,XMIL,EUR,,,standard,360459799,0.0025,,,,,,"iShares € AAA CLO Active UCITS ETF EUR Acc est un ETF obligataire géré activement conçu pour offrir une exposition à un portefeuille d'obligations de prêt garanties libellées en euros, principalement axé sur des titres notés AAA. Le fonds utilise une structure UCITS et réinvestit les revenus, ce qui en fait une classe d'actions accumulatrices destinée aux investisseurs recherchant un accès packagé à ce segment du marché du crédit en euros. Il est géré par BlackRock Asset Management Ireland Limi…","","",,0.3,0,DATA_MISSING,"Italy",,"[]","[]","[{""c"":""Italy"",""w"":null}]","","[]",67
GILI,"Amundi UK Government Inflation-Linked Bond UCITS ETF Dist",,XPAR,GBp,,,standard,219666992,0.0007,0.0069,0.78,7.732,93,U.S. Government,"Amundi UK Government Inflation-Linked Bond UCITS ETF Dist est un fonds négocié en bourse conforme à la directive UCITS qui suit l'indice FTSE Actuaries UK Index-Linked Gilts All Stocks. Cet indice comprend des obligations gouvernementales indexées sur l'inflation libellées en livres sterling émises par le Royaume-Uni, couvrant toutes les maturités, des obligations à court terme aux obligations à long terme. L'ETF utilise une méthode de réplication par échantillonnage physique, détenant une séle…","Other","",100.00,1,1,STANDARD,"United Kingdom",98.08,"[{""s"":""Other"",""w"":100}]","[{""s_fr"":null,""w"":100}]","[{""c"":""United Kingdom"",""w"":98.08},{""c"":""Other"",""w"":1.92}]","GBB128DH6 (UKTI1.250NOV27)","[{""t"":""GBB128DH6"",""n"":""UKTI1.250NOV27"",""w"":5.65},{""t"":""GBB3D4VD9"",""n"":""UKTI1.250NOV32"",""w"":5.16},{""t"":null,""n"":""UKTI0.125MAR29"",""w"":4.83},{""t"":null,""n"":""IDX-LKD UNSUB IDX LKD BDS 10/08/2028 GBP"",""w"":4.81},{""t"":""GBB1L6W96"",""n"":""GB00B1L6W962"",""w"":4.53},{""t"":""GBB46CGH6"",""n"":""GB00B46CGH68"",""w"":4.5},{""t"":null,""n"":""GB0031790826"",""w"":4.06},{""t"":null,""n"":""GB00B3LZBF68"",""w"":4.02},{""t"":""GBBYY5F14"",""n"":""TREASURY STK 2026 INF.LIN"",""w"":3.91},{""t"":""GB00BMF9LJ15"",""n"":""GB00BMF9LJ15"",""w"":3.52}]",115
C53D,"Amundi Euro Government Bond 5-7Y UCITS ETF Dist",,XPAR,EUR,,,standard,788221632,0.0015,,2.66,9.399,88,U.S. Government,"Amundi Euro Government Bond 5-7Y UCITS ETF Dist est un fonds négocié en bourse à revenu fixe qui offre une exposition aux obligations d'État libellées en euros avec des échéances comprises entre cinq et sept ans. Le fonds vise à suivre l'indice Bloomberg Euro Treasury 50bn 5-7 Year Bond Index, offrant aux investisseurs un accès à un panier diversifié de dettes souveraines émises par les États membres de la zone euro. Il utilise une réplication physique complète et distribue les revenus obligata…","Other","",100.00,1,1,STANDARD,"Italy",24.67,"[{""s"":""Other"",""w"":100}]","[{""s_fr"":null,""w"":100}]","[{""c"":""Italy"",""w"":24.67},{""c"":""France"",""w"":23.82},{""c"":""Spain"",""w"":16.02},{""c"":""Germany"",""w"":15.79},{""c"":""Belgium"",""w"":7.4}]","4RF9 (FR0012993103)","[{""t"":""4RF9"",""n"":""FR0012993103"",""w"":5.75},{""t"":""ETAPC"",""n"":""Government of France"",""w"":4.81},{""t"":""ETAPJ"",""n"":""Government of France"",""w"":4.58},{""t"":""ETAPN"",""n"":""France Government Bond 0% 05/25/32"",""w"":3.68},{""t"":""I9A2"",""n"":""IT0001444378"",""w"":3.6},{""t"":null,""n"":""ES0000012411"",""w"":2.91},{""t"":""BB73"",""n"":""DE0001102507"",""w"":2.83},{""t"":""BB92"",""n"":""DE000BU27006"",""w"":2.7},{""t"":""BB79"",""n"":""DE0001102564"",""w"":2.63},{""t"":""OE8B"",""n"":""ES0000012G34"",""w"":2.59}]",105
CLOR,"iShares USD AAA CLO Active UCITS ETF",,XPAR,USD,,,structured,,0.0025,,,,,,"L'iShares USD AAA CLO Active UCITS ETF est un fonds négocié en bourse (ETF) géré activement, axé sur la génération de rendement total en investissant principalement dans des obligations de prêt garanties (CLO) notées AAA et libellées en dollars américains. Les CLO sont des produits de crédit structurés créés à partir de pools diversifiés de prêts d'entreprise, et la note AAA désigne le niveau le plus élevé de qualité de crédit au sein de ces structures. Cet ETF est conçu pour fournir à la fois …","Other","",74.36,0.4,0,STRUCTURED_VEHICLE,"France",,"[{""s"":""Other"",""w"":74.36},{""s"":""Industrial"",""w"":24.39},{""s"":""Financial Services"",""w"":1.25}]","[{""s_fr"":null,""w"":74.36},{""s_fr"":null,""w"":24.39},{""s_fr"":null,""w"":1.25}]","[{""c"":""France"",""w"":null}]","","[]",65
IG35,"iShares iBonds Dec 2035 Term € Corp UCITS ETF",,XPAR,EUR,,,standard,98240897,0.0012,,,,,,"iShares iBonds Dec 2035 Term € Corp UCITS ETF is an exchange-traded fund that seeks to track the performance of the Bloomberg MSCI December 2035 Maturity EUR Corporate ESG Screened index. It provides targeted exposure to a portfolio of investment-grade corporate bonds denominated in euros that mature in December 2035, incorporating environmental, social, and governance screening criteria. The ETF holds bonds issued by prominent European and multinational corporations across various sectors, inc…","Financial Services","",36.66,1,1,STANDARD,"United States",17.83,"[{""s"":""Financial Services"",""w"":36.66},{""s"":""Utilities"",""w"":11.29},{""s"":""Industrial"",""w"":7.91},{""s"":""Consumer Cyclicals"",""w"":7.81},{""s"":""Healthcare"",""w"":7.71}]","[{""s_fr"":null,""w"":36.66},{""s_fr"":null,""w"":11.29},{""s_fr"":null,""w"":7.91},{""s_fr"":null,""w"":7.81},{""s_fr"":null,""w"":7.71}]","[{""c"":""United States"",""w"":17.83},{""c"":""France"",""w"":16.77},{""c"":""Germany"",""w"":11.62},{""c"":""United Kingdom"",""w"":11.28},{""c"":""Spain"",""w"":9.18}]","","[]",85
B28A,"iShares iBonds Dec 2028 Term EUR Corp UCITS ETF",,XPAR,EUR,,,standard,2494798592,0.0012,,2.22,9.798,70,BBB,"iShares iBonds Dec 2028 Term EUR Corporate UCITS ETF est un fonds négocié en bourse à revenu fixe qui suit les obligations d'entreprise libellées en euros arrivant à échéance spécifiquement en décembre 2028. Le fonds se concentre exclusivement sur les obligations d'entreprise de qualité investissement ayant subi un filtrage ESG (environnemental, social et de gouvernance), combinant qualité de crédit et considérations de durabilité. À l'échéance en décembre 2028, le fonds sera clôturé, en faisan…","Financial Services","",41.86,1,1,STANDARD,"France",19.00,"[{""s"":""Financial Services"",""w"":41.86},{""s"":""Consumer Non-Cyclicals"",""w"":8.23},{""s"":""Industrial"",""w"":8.05},{""s"":""Consumer Cyclicals"",""w"":8.01},{""s"":""Healthcare"",""w"":6.79}]","[{""s_fr"":null,""w"":41.86},{""s_fr"":null,""w"":8.23},{""s_fr"":null,""w"":8.05},{""s_fr"":null,""w"":8.01},{""s_fr"":null,""w"":6.79}]","[{""c"":""France"",""w"":19},{""c"":""United States"",""w"":17.67},{""c"":""Germany"",""w"":14.53},{""c"":""United Kingdom"",""w"":7.31},{""c"":""Netherlands"",""w"":6.5}]","BE6285455497 (BE6285455497)","[{""t"":""BE6285455497"",""n"":""BE6285455497"",""w"":1.08},{""t"":null,""n"":""XS1001749289"",""w"":0.69},{""t"":null,""n"":""XS2180007549"",""w"":0.65},{""t"":""XS223599621"",""n"":""XS223599621"",""w"":0.64},{""t"":null,""n"":""FR0013216926"",""w"":0.58},{""t"":""INND"",""n"":""XS1882544973"",""w"":0.56},{""t"":null,""n"":""XS1861206636"",""w"":0.56},{""t"":null,""n"":""XS1382791975"",""w"":0.55},{""t"":""XS300255299"",""n"":""XS300255299"",""w"":0.54},{""t"":null,""n"":""XS1443997819"",""w"":0.54}]",105
HBKS,"HSBC Global Funds ICAV - Global Sukuk UCITS ETF C USD",,XPAR,GBP,,,standard,,0.0037,,4.73,9.506,78,A,"HSBC Global Funds ICAV - Global Sukuk UCITS ETF C USD est un fonds négocié en bourse qui offre une exposition aux sukuk mondiaux, qui sont des titres de créance conformes à la charia. Le fonds cherche à répliquer la performance d'un indice de sukuk, en se concentrant sur des obligations islamiques libellées en dollars américains, de qualité investissement, émises par des gouvernements, des supranationaux et des entreprises dans plusieurs pays. Il est structuré en tant qu'ETF UCITS à capital var…","Financial Services","",34.54,0.35,0,ALT_ASSET_FX,"Saudi Arabia",57.83,"[{""s"":""Financial Services"",""w"":34.54},{""s"":""Sovereign"",""w"":30.05},{""s"":""Utilities"",""w"":8.59},{""s"":""Energy"",""w"":8.47},{""s"":""Industrial"",""w"":7.52}]","[{""s_fr"":null,""w"":34.54},{""s_fr"":null,""w"":30.05},{""s_fr"":null,""w"":8.59},{""s_fr"":null,""w"":8.47},{""s_fr"":null,""w"":7.52}]","[{""c"":""Saudi Arabia"",""w"":57.83},{""c"":""United Arab Emirates"",""w"":19.35},{""c"":""Indonesia"",""w"":11.15},{""c"":""Other"",""w"":4.1},{""c"":""Malaysia"",""w"":3.08}]","(US48266XAB10)","[{""t"":null,""n"":""US48266XAB10"",""w"":2.92},{""t"":null,""n"":""US48266XAG07"",""w"":2.39},{""t"":null,""n"":""US48266XAH89"",""w"":2.3},{""t"":null,""n"":""US48266XAF24"",""w"":1.91},{""t"":null,""n"":""US78397PAD33"",""w"":1.9},{""t"":null,""n"":""XS2763630857"",""w"":1.88},{""t"":null,""n"":""US48266XAD75"",""w"":1.82},{""t"":null,""n"":""US48266XAC92"",""w"":1.7},{""t"":null,""n"":""XS2777443768"",""w"":1.66},{""t"":null,""n"":""XS2706163131"",""w"":1.61}]",85
SRID7,"BNP Paribas Easy € Corp Bond SRI Fossil Free 7-10Y UCITS ETF EUR Distribution",,XPAR,EUR,,,standard,36324120,0.0015,,3.6,9.312,,,"","Financial Services","",41.85,1,1,STANDARD,"United States",26.14,"[{""s"":""Financial Services"",""w"":41.85},{""s"":""Telecommunication"",""w"":14.91},{""s"":""Healthcare"",""w"":9.53},{""s"":""Consumer Services"",""w"":5.12},{""s"":""Utilities"",""w"":5.1}]","[{""s_fr"":null,""w"":41.85},{""s_fr"":null,""w"":14.91},{""s_fr"":null,""w"":9.53},{""s_fr"":null,""w"":5.12},{""s_fr"":null,""w"":5.1}]","[{""c"":""United States"",""w"":26.14},{""c"":""France"",""w"":17.47},{""c"":""United Kingdom"",""w"":14.72},{""c"":""Netherlands"",""w"":7.48},{""c"":""Germany"",""w"":6.65}]","(FR0000471930)","[{""t"":null,""n"":""FR0000471930"",""w"":1.2},{""t"":""XS282046075"",""n"":""XS2820460751"",""w"":1.12},{""t"":""XS262100766"",""n"":""XS2621007660"",""w"":0.98},{""t"":""XS255089820"",""n"":""XS2550898204"",""w"":0.93},{""t"":""XS262497755"",""n"":""XS2624977554"",""w"":0.9},{""t"":""A3LXSR"",""n"":""DE000A3LXSR7"",""w"":0.87},{""t"":""FR001400N6I8"",""n"":""FR001400N6I8"",""w"":0.86},{""t"":""FR1400N2M"",""n"":""FR001400N2M9"",""w"":0.86},{""t"":null,""n"":""XS2747596315"",""w"":0.86},{""t"":null,""n"":""XS2838538374"",""w"":0.86}]",90
CMES,"iShares J.P. Morgan ESG $ EM Bond UCITS ETF CHF Hedged (Dist)",,XSWX,CHF,,,standard,,0.005,0,5.64,9.171,75,U.S. Government,"L'iShares J.P. Morgan ESG $ EM Bond UCITS ETF CHF Hedged (Dist) est un fonds négocié en bourse qui suit un indice J.P. Morgan d'obligations libellées en USD provenant d'émetteurs souverains et quasi-souverains des marchés émergents, intégrant des critères environnementaux, sociaux et de gouvernance (ESG) pour un alignement sur les investissements responsables. Il offre aux investisseurs une exposition ciblée au secteur de la dette des marchés émergents, y compris des titres de créance de qualit…","","",,0.3,0,DATA_MISSING,"Switzerland",,"[]","[]","[{""c"":""Switzerland"",""w"":null}]","","[]",62
IMBA,"iShares US Mortgage Backed Securities UCITS ETF USD (Acc)",,XSWX,USD,,,standard,3414999006,0.0028,0,3.72,9.058,85,AA,"iShares US Mortgage Backed Securities UCITS ETF USD (Acc) est un fonds négocié en bourse géré par BlackRock qui offre aux investisseurs une exposition ciblée au marché obligataire américain à travers des titres adossés à des hypothèques de qualité investment-grade. Lancé en avril 2017 et domicilié en Irlande, l'ETF suit l'indice Bloomberg US Mortgage Backed Securities (anciennement Barclays US Mortgage Backed Securities Index) en utilisant une méthodologie d'échantillonnage représentatif pour r…","Other","",16.28,1,1,STANDARD,"Other",81.04,"[{""s"":""Other"",""w"":16.28}]","[{""s_fr"":null,""w"":16.28}]","[{""c"":""Other"",""w"":81.04},{""c"":""United States"",""w"":9.91},{""c"":""Ireland"",""w"":9.05}]","0P0001I429 (BlackRock ICS US Dollar Liquid Environmentally Aware Fund Agency Inc)","[{""t"":""0P0001I429"",""n"":""BlackRock ICS US Dollar Liquid Environmentally Aware Fund Agency Inc"",""w"":8.32},{""t"":null,""n"":""US01F0306526"",""w"":1.67},{""t"":null,""n"":""US01F0206536"",""w"":1.31},{""t"":null,""n"":""US01F0226591"",""w"":1.01},{""t"":null,""n"":""US01F0204556"",""w"":0.47},{""t"":null,""n"":""US01F0326581"",""w"":0.32},{""t"":null,""n"":""US01F0426571"",""w"":0.32},{""t"":null,""n"":""US01F0526560"",""w"":0.31},{""t"":null,""n"":""US21H0426534"",""w"":0.26},{""t"":null,""n"":""US21H0306587"",""w"":0.25}]",115
VETY,"Vanguard EUR Eurozone Government Bond UCITS ETF",,XSWX,EUR,,,standard,5442916598,0.0007,0.0295,2.56,9.177,88,U.S. Government,"Vanguard EUR Eurozone Government Bond UCITS ETF est un fonds négocié en bourse distribuant qui offre aux investisseurs une exposition aux obligations d'État de la zone euro. Il utilise une stratégie de suivi passif par réplication physique, en investissant dans un échantillon représentatif d'obligations de l'indice Bloomberg Euro Aggregate: Treasury afin de suivre de près ses rendements en capital et en revenus. L'indice mesure la performance d'un large éventail d'obligations à taux fixe libell…","Sovereign","",99.87,1,1,STANDARD,"France",24.48,"[{""s"":""Sovereign"",""w"":99.87},{""s"":""Other"",""w"":0.13}]","[{""s_fr"":null,""w"":99.87},{""s_fr"":null,""w"":0.13}]","[{""c"":""France"",""w"":24.48},{""c"":""Italy"",""w"":21.59},{""c"":""Germany"",""w"":19.12},{""c"":""Spain"",""w"":13.99},{""c"":""Belgium"",""w"":4.98}]","ETANS (Republic of France Government Bond)","[{""t"":""ETANS"",""n"":""Republic of France Government Bond"",""w"":0.91},{""t"":""FR1400FYQ"",""n"":""FR001400FYQ4"",""w"":0.88},{""t"":""FR001400PM68"",""n"":""Republic of France"",""w"":0.88},{""t"":""ETAPY"",""n"":""French Republic Government Bond 2.75% 2029"",""w"":0.84},{""t"":""ETANH"",""n"":""French Republic OAT 0.75% 25 May 2028"",""w"":0.81},{""t"":""ETANJ"",""n"":""Republic of France Government Bond"",""w"":0.8},{""t"":""ETANE"",""n"":""Government of France"",""w"":0.8},{""t"":""ETAPC"",""n"":""Government of France"",""w"":0.78},{""t"":""4RF9"",""n"":""FR0012993103"",""w"":0.78},{""t"":""ETANM"",""n"":""French Republic Government Bond"",""w"":0.75}]",115
GACHF,"Amundi Core Global Aggregate Bond UCITS ETF Acc - USD Hedged",,XSWX,CHF,,,standard,,0,,3.14,9.407,88,U.S. Government,"Amundi Core Global Aggregate Bond UCITS ETF Acc - USD Hedged est un fonds négocié en bourse qui cherche à reproduire la performance de l'indice Bloomberg Global Aggregate Bond, offrant une large exposition aux obligations de qualité investissement à l'échelle mondiale. Cet ETF accumulant réinvestit les dividendes et les paiements d'intérêts, améliorant ainsi la capitalisation à long terme pour les investisseurs. Il dispose d'une couverture en USD pour atténuer le risque de change associé aux fl…","Real Estate","",18.01,1,1,STANDARD,"Switzerland",,"[{""s"":""Real Estate"",""w"":18.01},{""s"":""Healthcare"",""w"":16.65},{""s"":""Financial Services"",""w"":13.62},{""s"":""Industrial"",""w"":10.85},{""s"":""Consumer Cyclical"",""w"":10.77}]","[{""s_fr"":null,""w"":18.01},{""s_fr"":null,""w"":16.65},{""s_fr"":null,""w"":13.62},{""s_fr"":null,""w"":10.85},{""s_fr"":null,""w"":10.77}]","[{""c"":""Switzerland"",""w"":null}]","","[]",70
JCIG,"J.P. Morgan Global Investment Grade Corporate Bond UCITS ETF",,XSWX,CHF,,,standard,,0.0025,,4.76,9.669,100,U.S. Government,"L'ETF J.P. Morgan Global Investment Grade Corporate Bond UCITS est un fonds négocié en bourse géré activement qui se concentre sur la fourniture d'une exposition diversifiée aux obligations d'entreprise de qualité investissement à l'échelle mondiale. Son objectif principal est de donner aux investisseurs accès à un large éventail de titres de créance à taux fixe ou variable de haute qualité émis par des entreprises des secteurs industriel, des services publics et financier dans le monde entier.…","","",,0.3,0,DATA_MISSING,"Switzerland",,"[]","[]","[{""c"":""Switzerland"",""w"":null}]","","[]",52
JEGC,"J.P. Morgan EUR Aggregate Bond UCITS ETF",,XSWX,CHF,,,standard,,0.003,,3.37,9.694,100,U.S. Government,"L'ETF J.P. Morgan EUR Aggregate Bond UCITS est un type de fonds négocié en bourse qui offre aux investisseurs une exposition à un portefeuille diversifié d'obligations libellées en euros. La fonction principale de cet ETF est de suivre la performance de l'indice Bloomberg Barclays Euro Aggregate Bond, qui comprend un large éventail d'obligations gouvernementales, d'obligations liées au gouvernement, d'obligations d'entreprises et d'obligations titrisées. En tant que fonds conforme aux UCITS, il…","","",,0.3,0,DATA_MISSING,"Switzerland",,"[]","[]","[{""c"":""Switzerland"",""w"":null}]","","[]",52
EAGG,"iShares ESG Aware U.S. Aggregate Bond ETF",,XSWX,USD,Intermediate Core Bond,,standard,4952568832,0.001,0.042,3.87,9.014,87,AA,"L'iShares ESG Aware U.S. Aggregate Bond ETF est un ETF de revenu fixe conçu pour offrir une large exposition au marché obligataire américain de qualité investissement tout en appliquant des critères environnementaux, sociaux et de gouvernance. Le fonds cherche à suivre un indice d'obligations libellées en dollars américains, y compris les obligations du Trésor, les obligations liées au gouvernement, les obligations d'entreprise, les titres adossés à des hypothèques, les titres adossés à des hyp…","Real Estate","",0.00,1,1,STANDARD,"Switzerland",,"[{""s"":""Real Estate"",""w"":0},{""s"":""Basic Materials"",""w"":0},{""s"":""Consumer Defensive"",""w"":0},{""s"":""Healthcare"",""w"":0},{""s"":""Technology"",""w"":0}]","[{""s_fr"":null,""w"":0},{""s_fr"":null,""w"":0},{""s_fr"":null,""w"":0},{""s_fr"":null,""w"":0},{""s_fr"":null,""w"":0}]","[{""c"":""Switzerland"",""w"":null}]","BISXX (BlackRock Cash Funds Instl SL Agency)","[{""t"":""BISXX"",""n"":""BlackRock Cash Funds Instl SL Agency"",""w"":5.78}]",115
31ID,"iShares iBonds Dec 2031 Term $ Corp UCITS ETF Dist - USD",,XSWX,USD,,,standard,,0.0012,0.047,4.04,9.511,68,BBB,"iShares iBonds Dec 2031 Term $ Corp UCITS ETF Dist - USD est un fonds négocié en bourse qui cherche à suivre la performance d'un indice composé d'obligations d'entreprises de qualité investissement libellées en dollars américains, arrivant à échéance entre le 1er janvier 2031 et le 15 décembre 2031. Ce fonds ETF à terme offre une exposition ciblée à un segment de maturité défini du marché obligataire d'entreprise, offrant aux investisseurs un moyen pratique de constituer des échelles d'obligati…","Financial Services","",27.85,0.35,0,ALT_ASSET_FX,"United States",84.58,"[{""s"":""Financial Services"",""w"":27.85},{""s"":""Technology"",""w"":14.8},{""s"":""Healthcare"",""w"":9.31},{""s"":""Consumer Cyclicals"",""w"":7.88},{""s"":""Industrial"",""w"":6.57}]","[{""s_fr"":null,""w"":27.85},{""s_fr"":null,""w"":14.8},{""s_fr"":null,""w"":9.31},{""s_fr"":null,""w"":7.88},{""s_fr"":null,""w"":6.57}]","[{""c"":""United States"",""w"":84.58},{""c"":""Other"",""w"":8},{""c"":""Canada"",""w"":3.26},{""c"":""Japan"",""w"":1.79},{""c"":""Spain"",""w"":1.27}]","(US35177PAL13)","[{""t"":null,""n"":""US35177PAL13"",""w"":1.63},{""t"":""US206RJY9"",""n"":""US00206RJY99"",""w"":1.53},{""t"":""US23135BZ8"",""n"":""US023135BZ81"",""w"":1.41},{""t"":null,""n"":""US254687FX90"",""w"":1.25},{""t"":""US36186CBY8"",""n"":""US36186CBY84"",""w"":1.24},{""t"":""US287YDT3"",""n"":""US00287YDT38"",""w"":1.21},{""t"":""US404119CT4"",""n"":""US404119CT49"",""w"":1.07},{""t"":null,""n"":""US233835AQ08"",""w"":0.99},{""t"":""US11135FBY6"",""n"":""US11135FBY60"",""w"":0.94},{""t"":""US931142ET6"",""n"":""US931142ET65"",""w"":0.9}]",95
DTLC,"iShares USD Treasury Bond 20+yr UCITS ETF CHF Hedged (Dist)",,XSWX,CHF,,,standard,,0.001,0.0525,3.62,7.279,93,U.S. Government,"iShares USD Treasury Bond 20+yr UCITS ETF CHF Hedged (Dist) est un fonds négocié en bourse qui suit l'indice ICE US Treasury 20+ Year (CHF Hedged), composé d'obligations d'État libellées en dollars américains émises par le Trésor américain avec des maturités supérieures à 20 ans. Couvert contre les fluctuations de change en francs suisses, il atténue les variations de taux de change entre USD et CHF, offrant aux investisseurs suisses une exposition ciblée aux bons du Trésor américain à long ter…","","",,0.35,0,ALT_ASSET_FX,"Switzerland",,"[]","[]","[{""c"":""Switzerland"",""w"":null}]","","[]",62
IBCI,"iShares € Inflation Linked Govt Bond UCITS ETF",,XSWX,EUR,,,standard,1927636736,0.0009,,1.07,9.339,86,U.S. Government,"iShares € Inflation Linked Govt Bond UCITS ETF est un fonds négocié en bourse qui suit la performance de l'indice Bloomberg Barclays Euro Government Inflation Linked Bond Index, se concentrant sur les obligations d'État indexées sur l'inflation, libellées en euros, de pays de la zone euro. Ces obligations ajustent leur principal et leurs paiements d'intérêts en fonction des taux d'inflation, généralement mesurés par les indices des prix à la consommation nationaux, offrant un mécanisme pour pré…","Other","",100.00,1,1,STANDARD,"France",41.21,"[{""s"":""Other"",""w"":100}]","[{""s_fr"":null,""w"":100}]","[{""c"":""France"",""w"":41.21},{""c"":""Italy"",""w"":27.12},{""c"":""Spain"",""w"":13.43},{""c"":""Germany"",""w"":13.31}]","(FR0011008705)","[{""t"":null,""n"":""FR0011008705"",""w"":5.68},{""t"":null,""n"":""DE0001030559"",""w"":4.7},{""t"":""ETANT"",""n"":""France (Government of)"",""w"":4.55},{""t"":""ES0012C1"",""n"":""SPANIEN 18-33 FLR"",""w"":4.24},{""t"":null,""n"":""ES00000127C8"",""w"":4.14},{""t"":""OF2Q"",""n"":""FR0000188799"",""w"":4.13},{""t"":null,""n"":""IT0004545890"",""w"":3.83},{""t"":""ETAHO"",""n"":""Government of France"",""w"":3.77},{""t"":null,""n"":""ES00000128S2"",""w"":3.67},{""t"":null,""n"":""FR0011982776"",""w"":3.58}]",105
GLAC,"SPDR Bloomberg Global Aggregate Bond CHF Hedged UCITS ETF",,XSWX,CHF,,,standard,,0.001,0,3.24,9.182,87,U.S. Government,"Le SPDR Bloomberg Global Aggregate Bond CHF Hedged UCITS ETF est un fonds négocié en bourse conçu pour suivre la performance de l'indice Bloomberg Global Aggregate Bond avec une exposition monétaire couverte contre le franc suisse. Sa fonction principale est d'offrir aux investisseurs une exposition diversifiée au marché obligataire mondial tout en atténuant le risque de change pour ceux qui mesurent les rendements en CHF. Cet ETF comprend une large gamme de types d'obligations, telles que des …","","",,0.3,0,DATA_MISSING,"Switzerland",,"[]","[]","[{""c"":""Switzerland"",""w"":null}]","","[]",62
HYLC,"iShares Global High Yield Corporate Bond CHF Hedged ucits ETF",,XSWX,CHF,,,standard,,0.0055,0,6.14,9.864,39,BB,"L'iShares Global High Yield Corporate Bond CHF Hedged UCITS ETF offre aux investisseurs la possibilité d'obtenir une exposition diversifiée aux obligations d'entreprises à haut rendement à l'échelle mondiale. Ce fonds négocié en bourse se concentre sur des titres de créance non notés, principalement émis par des entreprises, offrant un potentiel de rendement amélioré par rapport aux obligations traditionnelles de qualité investissement. L'une de ses caractéristiques définissantes est la couvert…","Utilities","",92.72,1,1,STANDARD,"Switzerland",,"[{""s"":""Utilities"",""w"":92.72},{""s"":""Real Estate"",""w"":7.28},{""s"":""Consumer Defensive"",""w"":0},{""s"":""Consumer Cyclical"",""w"":0},{""s"":""Basic Materials"",""w"":0}]","[{""s_fr"":null,""w"":92.72},{""s_fr"":null,""w"":7.28},{""s_fr"":null,""w"":0},{""s_fr"":null,""w"":0},{""s_fr"":null,""w"":0}]","[{""c"":""Switzerland"",""w"":null}]","","[]",80
SUOC,"iShares € Corp Bond ESG SRI UCITS ETF CHF Hedged",,XSWX,CHF,,,standard,,0.0017,0,3.08,9.511,69,A,"iShares € Corp Bond ESG SRI UCITS ETF CHF Hedged est un fonds négocié en bourse qui suit l'indice Bloomberg MSCI Euro Corporate SRI PAB, se concentrant sur des obligations d'entreprises de qualité investissement libellées en euros provenant d'émetteurs répondant à des critères ESG et SRI stricts. Il exclut les entreprises impliquées dans des secteurs controversés tels que le tabac, les armes et les combustibles fossiles, en mettant l'accent sur les normes environnementales, sociales et de gouve…","","",,0.3,0,DATA_MISSING,"Switzerland",,"[]","[]","[{""c"":""Switzerland"",""w"":null}]","FGBLH25 (Euro Bund Future Mar 25)","[{""t"":""FGBLH25"",""n"":""Euro Bund Future Mar 25"",""w"":0.25}]",77
GOVI,"Invesco Equal Weight 0-30 Year Treasury ETF",,XSWX,USD,Long Government,,single_stock,1172473472,0.0015,0.0416,3.65,8.184,93,U.S. Government,"L'Invesco Equal Weight 0-30 Year Treasury ETF est un fonds négocié en bourse à revenu fixe conçu pour suivre l'ICE 1-30 Year Laddered Maturity U.S. Treasury Index. Le fonds offre une exposition diversifiée aux bons du Trésor et aux obligations américaines sur une large gamme d'échéances, utilisant une structure en échelle à pondération égale qui répartit les avoirs sur la courbe des taux. Son portefeuille est construit autour de titres gouvernementaux, en faisant un véhicule de base pour les in…","Financial Services","",100.00,0.7,1,SINGLE_STOCK,"United States",100.00,"[{""s"":""Financial Services"",""w"":100}]","[{""s_fr"":null,""w"":100}]","[{""c"":""United States"",""w"":100}]","AGPXX (Invesco Government & Agency Portfolio Institutional Class)","[{""t"":""AGPXX"",""n"":""Invesco Government & Agency Portfolio Institutional Class"",""w"":4.87}]",115
VCPA,"Vanguard USD Corporate Bond UCITS ETF Accumulating",,XSWX,GBP,,,standard,,0.0007,,4.69,9.408,70,A,"Vanguard USD Corporate Bond UCITS ETF Accumulating est un fonds négocié en bourse qui offre aux investisseurs une exposition à un portefeuille diversifié d'obligations d'entreprises de qualité investissement libellées en dollars américains. Lancé le 19 février 2019 et domicilié en Irlande, l'ETF suit l'indice Bloomberg Barclays Global Aggregate Corporate - United States Dollar en utilisant une méthodologie d'échantillonnage représentatif pour répliquer sa performance. Il investit principalement…","Financial Services","",38.85,0.35,0,ALT_ASSET_FX,"United States",76.11,"[{""s"":""Financial Services"",""w"":38.85},{""s"":""Utilities"",""w"":9.7},{""s"":""Technology"",""w"":8.28},{""s"":""Healthcare"",""w"":7.44},{""s"":""Industrial"",""w"":6.52}]","[{""s_fr"":null,""w"":38.85},{""s_fr"":null,""w"":9.7},{""s_fr"":null,""w"":8.28},{""s_fr"":null,""w"":7.44},{""s_fr"":null,""w"":6.52}]","[{""c"":""United States"",""w"":76.11},{""c"":""Other"",""w"":9.45},{""c"":""United Kingdom"",""w"":4.02},{""c"":""Canada"",""w"":2.7},{""c"":""Japan"",""w"":2.54}]","US25816DP1 (US025816DP17)","[{""t"":""US25816DP1"",""n"":""US025816DP17"",""w"":0.11},{""t"":null,""n"":""US03522AAJ97"",""w"":0.1},{""t"":""3H0B"",""n"":""3H0B"",""w"":0.08},{""t"":""CVSE"",""n"":""US126650CZ11"",""w"":0.07},{""t"":null,""n"":""US26884TAR32"",""w"":0.07},{""t"":""US6051GLH0"",""n"":""US06051GLH01"",""w"":0.07},{""t"":""US25816DV8"",""n"":""US025816DV84"",""w"":0.07},{""t"":""357F"",""n"":""US87264ABF12"",""w"":0.07},{""t"":""US925650AB9"",""n"":""US925650AB99"",""w"":0.07},{""t"":""US46647PEW2"",""n"":""US46647PEW23"",""w"":0.07}]",85
IBTC,"iShares $ Treasury Bond 1-3yr UCITS ETF CHF Hedged (Acc)",,XSWX,CHF,,,standard,,0.001,0,3.25,9.714,92,AA,"iShares $ Treasury Bond 1-3yr UCITS ETF CHF Hedged (Acc) est un fonds négocié en bourse qui suit l'indice ICE US Treasury 1-3 Year (CHF Hedged), se concentrant sur les obligations d'État libellées en dollars américains émises par le Trésor américain avec des maturités comprises entre 1 et 3 ans. Cet ETF utilise une stratégie de couverture de change pour atténuer les fluctuations des taux de change entre le USD et le CHF, visant à fournir aux investisseurs en francs suisses une exposition ciblée…","","",,0.35,0,ALT_ASSET_FX,"Switzerland",,"[]","[]","[{""c"":""Switzerland"",""w"":null}]","","[]",62
ID29,"iShares iBonds Dec 2029 Term $ Corp UCITS ETF USD (Acc)",,XSWX,USD,,,standard,591620228,0.0012,,4.33,9.703,69,BBB,"iShares iBonds Dec 2029 Term $ Corp UCITS ETF USD (Acc) est un fonds négocié en bourse qui cherche à répliquer la performance des prix et des rendements de l'indice Bloomberg MSCI December 2029 Maturity USD Corporate ESG Screened. Il investit principalement dans un portefeuille d'obligations d'entreprise de qualité investissement libellées en USD, arrivant à échéance entre le 1er janvier 2029 et le 2 décembre 2029, avec un accent sur le filtrage ESG pour intégrer des facteurs environnementaux, …","Financial Services","",30.80,1,1,STANDARD,"United States",83.64,"[{""s"":""Financial Services"",""w"":30.8},{""s"":""Technology"",""w"":15.43},{""s"":""Healthcare"",""w"":9.71},{""s"":""Consumer Cyclicals"",""w"":6.94},{""s"":""Industrial"",""w"":6.72}]","[{""s_fr"":null,""w"":30.8},{""s_fr"":null,""w"":15.43},{""s_fr"":null,""w"":9.71},{""s_fr"":null,""w"":6.94},{""s_fr"":null,""w"":6.72}]","[{""c"":""United States"",""w"":83.64},{""c"":""Other"",""w"":5.98},{""c"":""Canada"",""w"":3.58},{""c"":""Japan"",""w"":2.81},{""c"":""United Kingdom"",""w"":1.49}]","(US00287YBX67)","[{""t"":null,""n"":""US00287YBX67"",""w"":1.55},{""t"":null,""n"":""US459200KA85"",""w"":0.95},{""t"":null,""n"":""US337738AU25"",""w"":0.91},{""t"":""US287YDS5"",""n"":""US00287YDS54"",""w"":0.84},{""t"":""US17275RBR2"",""n"":""US17275RBR21"",""w"":0.79},{""t"":""US11135FBX8"",""n"":""US11135FBX87"",""w"":0.76},{""t"":""US110122CP1"",""n"":""US110122CP17"",""w"":0.75},{""t"":null,""n"":""US86562MBP41"",""w"":0.71},{""t"":""HCAD"",""n"":""US404119BX69"",""w"":0.63},{""t"":null,""n"":""US458140BH27"",""w"":0.59}]",105
IDTC,"iShares $ Treasury Bond 7-10yr UCITS ETF CHF Hedged (Acc)",,XSWX,CHF,,,standard,,0.001,0,4.25,9.331,92,AA,"iShares $ Treasury Bond 7-10yr UCITS ETF CHF Hedged (Acc) est un fonds négocié en bourse qui offre une exposition ciblée aux obligations d'État libellées en dollars américains émises par le Trésor américain avec des maturités comprises entre 7 et 10 ans. Géré par BlackRock sous iShares II plc et domicilié en Irlande, il cherche à répliquer la performance de l'ICE US Treasury 7-10 Year (CHF Hedged) Index grâce à une stratégie de réplication physique par échantillonnage, détenant un portefeuille …","","",,0.35,0,ALT_ASSET_FX,"Switzerland",,"[]","[]","[{""c"":""Switzerland"",""w"":null}]","","[]",62
IECH,"iShares Core EUR Corporate Bond UCITS ETF CHF Hedged (Acc)",,XSWX,CHF,,,standard,,0.0025,0,3.06,9.667,68,BBB,"iShares Core EUR Corporate Bond UCITS ETF CHF Hedged (Acc) est un fonds négocié en bourse qui cherche à suivre l'indice Bloomberg Euro Corporate Bond (CHF Hedged). Cet indice comprend des obligations d'entreprise de qualité investissement libellées en euros, émises par des entreprises industrielles, de services publics et financières sur les marchés Eurobond et domestiques de la zone euro, avec une exposition monétaire couverte en francs suisses. L'ETF utilise une méthode de réplication par éch…","","",,0.3,0,DATA_MISSING,"Switzerland",,"[]","[]","[{""c"":""Switzerland"",""w"":null}]","","[]",62
IEGC,"iShares Core Euro Government Bond UCITS ETF CHF Hedged (Acc)",,XSWX,CHF,,,standard,,0.0012,0,2.71,9.312,88,U.S. Government,"iShares Core Euro Government Bond UCITS ETF CHF Hedged (Acc) est un fonds négocié en bourse qui suit l'indice Bloomberg Euro Treasury Bond (CHF Hedged), offrant une exposition aux obligations d'État de qualité investissement émises par les pays de la zone euro. Lancé le 14 mai 2020 et domicilié en Irlande, le fonds investit dans des obligations à taux fixe libellées en euros avec au moins un an jusqu'à l'échéance, notées BBB- ou plus par S&P/Fitch et Baa3 ou plus par Moody's. Les principales pa…","","",,0.3,0,DATA_MISSING,"Switzerland",,"[]","[]","[{""c"":""Switzerland"",""w"":null}]","","[]",62
XTLH,"iShares 20+ Year U.S. Treasury Bond Currency Hedged",,NEOE,CAD,,,standard,282110336,0.0018,0.049,,,92,AA,"iShares 20+ Year U.S. Treasury Bond Currency Hedged est un fonds négocié en bourse (ETF) qui vise à fournir des résultats d'investissement correspondant à la performance des prix et des rendements de l'ICE U.S. Treasury 20+ Year Bond Index tout en atténuant l'impact des fluctuations de devises pour les investisseurs détenant des titres libellés en devises non américaines. Cet ETF offre une exposition aux obligations du Trésor américain à long terme, généralement arrivant à maturité dans 20 ans …","","",,0.3,0,DATA_MISSING,"Canada",,"[]","[]","[{""c"":""Canada"",""w"":null}]","TLT (iShares 20+ Year Treasury Bond ETF)","[{""t"":""TLT"",""n"":""iShares 20+ Year Treasury Bond ETF"",""w"":99.74}]",97
BKISF,"iShares US Mortgage Backed Securities UCITS ETF USD (Dist)",,PINX,USD,,,standard,,,,,,,,"iShares US Mortgage Backed Securities UCITS ETF USD (Dist) est un fonds négocié en bourse qui suit la performance de l'indice Bloomberg US Mortgage Backed Securities, en se concentrant sur les titres adossés à des créances hypothécaires de qualité investissement émis par des agences gouvernementales américaines telles que Fannie Mae, Freddie Mac et Ginnie Mae. Lancé le 23 mai 2016 et domicilié en Irlande, il offre une exposition à un portefeuille diversifié de plus de 500 MBS d'agences, qui rep…","","",,0.3,0,DATA_MISSING,"United States",,"[]","[]","[{""c"":""United States"",""w"":null}]","","[]",32
XTCKF,"Xtrackers USD High Yield Corporate Bond UCITS ETF 1C",,PINX,USD,,,standard,,,,,,,,"Xtrackers USD High Yield Corporate Bond UCITS ETF 1C est un fonds négocié en bourse qui offre aux investisseurs une exposition ciblée au marché des obligations d'entreprise à haut rendement aux États-Unis. Il suit l'indice Bloomberg US High Yield Very Liquid ex 144A, qui se concentre sur un sous-ensemble liquide d'obligations d'entreprise à taux fixe libellées en USD, notées Ba1/BB+/BB+ ou en dessous, excluant les titres placés de manière privée en vertu de la règle 144A pour améliorer l'access…","","",,0.3,0,DATA_MISSING,"United States",,"[]","[]","[{""c"":""United States"",""w"":null}]","","[]",32
ISDDF,"iShares $ Short Duration High Yield Corp Bond UCITS ETF USD (Acc)",,PINX,USD,,,inverse,,,,,,,,"iShares $ Short Duration High Yield Corp Bond UCITS ETF USD (Acc) est un fonds négocié en bourse domicilié en Irlande et géré par BlackRock. Il cherche à suivre la performance de l'indice Markit iBoxx USD Liquid High Yield 0-5 Capped, qui comprend des obligations d'entreprises à haut rendement libellées en dollars américains, liquides, avec des maturités allant jusqu'à cinq ans. L'ETF investit dans des obligations à taux fixe émises par des entreprises des secteurs industriels, des services pub…","","",,0.35,0,ALT_ASSET_FX,"United States",,"[]","[]","[{""c"":""United States"",""w"":null}]","","[]",32
JIREF,"JPMorgan USD Ultra-Short Income Active UCITS ETF USD Acc",,PINX,USD,,,inverse,861864319,0.0018,,,,,,"JPMorgan USD Ultra-Short Income Active UCITS ETF USD Acc est un ETF obligataire géré activement qui vise un revenu courant tout en se concentrant sur le maintien d'une faible volatilité du capital. Le fonds investit principalement dans des titres de créance à court terme libellés en dollars américains de qualité investissement, y compris des instruments à taux fixe, variable et flottant, avec une concentration notable sur les émetteurs bancaires. Il est conçu pour les investisseurs recherchant …","Financial Services","",50.68,0.4,0,NON_STANDARD,"United States",42.14,"[{""s"":""Financial Services"",""w"":50.68},{""s"":""Other"",""w"":25.72},{""s"":""Consumer Cyclicals"",""w"":5.26},{""s"":""Sovereign"",""w"":3.27},{""s"":""Industrial"",""w"":2.65}]","[{""s_fr"":null,""w"":50.68},{""s_fr"":null,""w"":25.72},{""s_fr"":null,""w"":5.26},{""s_fr"":null,""w"":3.27},{""s_fr"":null,""w"":2.65}]","[{""c"":""United States"",""w"":42.14},{""c"":""Other"",""w"":28.56},{""c"":""Canada"",""w"":9.25},{""c"":""Netherlands"",""w"":5.02},{""c"":""United Kingdom"",""w"":4.86}]","(US00084DBA72)","[{""t"":null,""n"":""US00084DBA72"",""w"":1.05},{""t"":null,""n"":""US29449WAU18"",""w"":1},{""t"":null,""n"":""US20259YES63"",""w"":0.97},{""t"":null,""n"":""US12636CXF21"",""w"":0.95},{""t"":null,""n"":""US26821LW430"",""w"":0.92},{""t"":""US808513BR5"",""n"":""US808513BR53"",""w"":0.88},{""t"":null,""n"":""US166754AP65"",""w"":0.86},{""t"":null,""n"":""US64953BBU17"",""w"":0.84},{""t"":null,""n"":""US95040QAC87"",""w"":0.83},{""t"":null,""n"":""US693475BY07"",""w"":0.83}]",100
ITIPF,"iShares $ TIPS 0-5 UCITS ETF",,PINX,USD,,,standard,,,,,,,,"iShares $ TIPS 0-5 UCITS ETF est un fonds négocié en bourse conçu pour suivre la performance des titres du Trésor américain protégés contre l'inflation à court terme, avec des maturités comprises entre 0 et 5 ans. Le fonds donne accès à des obligations d'État américaines dont les valeurs nominales sont liées à l'inflation, en faisant un outil de portefeuille pour les investisseurs cherchant une exposition aux revenus fixes indexés sur l'inflation. Il se concentre sur la dette souveraine de haut…","","",,0.3,0,DATA_MISSING,"United States",,"[]","[]","[{""c"":""United States"",""w"":null}]","","[]",32
ITPUF,"iShares $ TIPS 0-5 UCITS ETF USD (Acc)",,PSGM,USD,,,standard,,,,,,,,"iShares $ TIPS 0-5 UCITS ETF USD (Acc) est un fonds négocié en bourse axé sur les obligations gouvernementales américaines indexées sur l'inflation à court terme. Le fonds vise à suivre l'ICE U.S. Treasury Inflation-Linked Bond Index 0-5 Years en détenant un portefeuille échantillonné de titres du Trésor américain protégés contre l'inflation avec des maturités restantes de zéro à cinq ans. Il réinvestit les revenus plutôt que de les distribuer, ce qui le rend adapté aux investisseurs recherchan…","","",,0.3,0,DATA_MISSING,"United States",,"[]","[]","[{""c"":""United States"",""w"":null}]","","[]",32
VDST,"Vanguard U.S. Treasury 0-1 Year Bond UCITS ETF (USD) Accumulating",,XBUD,USD,,,inverse,6784216402,0.0005,0,3.16,9.901,92,AA,"Vanguard U.S. Treasury 0-1 Year Bond UCITS ETF (USD) Accumulating est un fonds négocié en bourse qui offre une exposition ciblée aux titres du Trésor américain à court terme. Il adopte une stratégie d'indexation passive par réplication physique, acquérant un échantillon représentatif d'obligations à taux fixe libellées en dollars américains émises par le gouvernement américain pour suivre le Bloomberg Short Treasury Index. Cet indice se concentre sur les bons du Trésor américain, les billets et…","Other","",90.40,0.35,0,ALT_ASSET_FX,"Other",70.24,"[{""s"":""Other"",""w"":90.4}]","[{""s_fr"":null,""w"":90.4}]","[{""c"":""Other"",""w"":70.24},{""c"":""United States"",""w"":29.76}]","(0% BILL 10/07/2025 USD)","[{""t"":null,""n"":""0% BILL 10/07/2025 USD"",""w"":4.38},{""t"":null,""n"":""0% BILL 07/08/2025 USD"",""w"":3.21},{""t"":null,""n"":""0% BILL 03/07/2025 USD"",""w"":2.51},{""t"":null,""n"":""US912797PN17"",""w"":2.45},{""t"":null,""n"":""0% BILL 17/07/2025 USD"",""w"":2.43},{""t"":null,""n"":""0% BILL 24/07/2025 USD"",""w"":2.43},{""t"":null,""n"":""0% BILL 31/07/2025 USD"",""w"":2.42},{""t"":null,""n"":""0% BILL 21/08/2025 USD"",""w"":2.41},{""t"":null,""n"":""0% BILL 28/08/2025 USD"",""w"":2.38},{""t"":null,""n"":""US912797QA86"",""w"":2.24}]",115
HYLE,"iShares Global High Yield Corp Bond UCITS ETF USD (Dist)",,XDUS,EUR,,,standard,2644872906,0.0055,0.0689,6.14,9.864,39,BB,"iShares Global High Yield Corp Bond UCITS ETF USD (Dist) est un fonds négocié en bourse qui cherche à suivre la performance d'un indice composé d'obligations d'entreprises à haut rendement émises par des sociétés dans des marchés développés. Cet ETF offre aux investisseurs une exposition à un portefeuille diversifié d'obligations de qualité inférieure, qui offrent des rendements plus élevés pour compenser le risque de crédit accru par rapport aux titres de qualité supérieure. Les principales pa…","Financial Services","",16.81,1,1,STANDARD,"United States",56.73,"[{""s"":""Financial Services"",""w"":16.81},{""s"":""Consumer Services"",""w"":9.89},{""s"":""Telecommunication"",""w"":9.46},{""s"":""Consumer Cyclicals"",""w"":8.81},{""s"":""Non-Energy Materials"",""w"":8.78}]","[{""s_fr"":null,""w"":16.81},{""s_fr"":null,""w"":9.89},{""s_fr"":null,""w"":9.46},{""s_fr"":null,""w"":8.81},{""s_fr"":null,""w"":8.78}]","[{""c"":""United States"",""w"":56.73},{""c"":""Other"",""w"":10.05},{""c"":""France"",""w"":7.56},{""c"":""United Kingdom"",""w"":6.95},{""c"":""Germany"",""w"":4.47}]","0P0001I429 (BlackRock ICS US Dollar Liquid Environmentally Aware Fund Agency Inc)","[{""t"":""0P0001I429"",""n"":""BlackRock ICS US Dollar Liquid Environmentally Aware Fund Agency Inc"",""w"":1.3},{""t"":""XS224046367"",""n"":""XS2240463674"",""w"":0.44},{""t"":null,""n"":""US88033GDK31"",""w"":0.38},{""t"":null,""n"":""XS2811958839"",""w"":0.37},{""t"":null,""n"":""US1248EPCN14"",""w"":0.37},{""t"":""US126650EH9"",""n"":""FXD-FRN JNR SUB 10/03/2055 USD (SEC REGD) (A)"",""w"":0.37},{""t"":null,""n"":""US278768AA44"",""w"":0.35},{""t"":null,""n"":""US852234AS26"",""w"":0.33},{""t"":null,""n"":""VODAFONE GRP 19/79 FLR"",""w"":0.33},{""t"":null,""n"":""US88033GDQ01"",""w"":0.31}]",115
IBCN,"iShares Euro Government Bond 3-5yr UCITS ETF",,XDUS,EUR,,,standard,2023380480,0.0015,,2.65,9.635,89,U.S. Government,"iShares Euro Government Bond 3-5yr UCITS ETF est un fonds négocié en bourse à revenu fixe conçu pour fournir une exposition aux obligations d'État libellées en euros avec des maturités restantes comprises entre trois et cinq ans. Le fonds se concentre sur la dette souveraine de qualité investissement émise par les États membres de l'EMU, offrant un accès ciblé au segment à moyen terme du marché des obligations d'État en euros. Il utilise une approche de réplication par échantillonnage pour suiv…","Other","",100.00,1,1,STANDARD,"Germany",31.82,"[{""s"":""Other"",""w"":100}]","[{""s_fr"":null,""w"":100}]","[{""c"":""Germany"",""w"":31.82},{""c"":""France"",""w"":31.11},{""c"":""Italy"",""w"":24},{""c"":""Spain"",""w"":9.71},{""c"":""Netherlands"",""w"":3.29}]","ETAPY (French Republic Government Bond 2.75% 2029)","[{""t"":""ETAPY"",""n"":""French Republic Government Bond 2.75% 2029"",""w"":16.7},{""t"":""FR001400PM68"",""n"":""Republic of France"",""w"":16.22},{""t"":""BU2504"",""n"":""DE000BU25042"",""w"":9.3},{""t"":""ES0012M5"",""n"":""ES0000012M51"",""w"":8.26},{""t"":""BO88"",""n"":""DE000BU25018"",""w"":8.23},{""t"":""BO89"",""n"":""DE000BU25026"",""w"":7.31},{""t"":""BO90"",""n"":""DE000BU25034"",""w"":7.17},{""t"":""IT0005584849"",""n"":""IT0005584849"",""w"":5.49},{""t"":""IT0005566408"",""n"":""IT0005566408"",""w"":5.39},{""t"":""IT0005637399"",""n"":""IT0005637399"",""w"":5.04}]",105
IBCD,"iShares $ Corp Bond UCITS ETF",,XDUS,EUR,,,standard,8345623610,0.002,,4.69,8.836,70,A,"iShares $ Corp Bond UCITS ETF est un fonds négocié en bourse qui cherche à suivre la performance de l'indice Markit iBoxx $ Liquid Investment Grade Top 30 grâce à un échantillonnage représentatif. Il investit principalement dans des obligations d'entreprise à taux fixe libellées en dollars américains émises par des entreprises des marchés développés, en se concentrant sur des titres de qualité investissement notés BBB- ou plus par S&P et Fitch, ou Baa3 ou plus par Moody’s, avec une maturité min…","Financial Services","",32.47,0.35,0,ALT_ASSET_FX,"United States",84.24,"[{""s"":""Financial Services"",""w"":32.47},{""s"":""Technology"",""w"":13.5},{""s"":""Healthcare"",""w"":10.09},{""s"":""Energy"",""w"":8.13},{""s"":""Telecommunication"",""w"":7.8}]","[{""s_fr"":null,""w"":32.47},{""s_fr"":null,""w"":13.5},{""s_fr"":null,""w"":10.09},{""s_fr"":null,""w"":8.13},{""s_fr"":null,""w"":7.8}]","[{""c"":""United States"",""w"":84.24},{""c"":""Other"",""w"":5.45},{""c"":""United Kingdom"",""w"":4.24},{""c"":""Canada"",""w"":2.46},{""c"":""Japan"",""w"":1.9}]","0P0001I429 (BlackRock ICS US Dollar Liquid Environmentally Aware Fund Agency Inc)","[{""t"":""0P0001I429"",""n"":""BlackRock ICS US Dollar Liquid Environmentally Aware Fund Agency Inc"",""w"":1.27},{""t"":null,""n"":""US03522AAJ97"",""w"":0.23},{""t"":""CVSE"",""n"":""US126650CZ11"",""w"":0.18},{""t"":""357F"",""n"":""US87264ABF12"",""w"":0.16},{""t"":null,""n"":""US097023CW33"",""w"":0.15},{""t"":""US126650CY4"",""n"":""US126650CY46"",""w"":0.14},{""t"":""3H0B"",""n"":""3H0B"",""w"":0.14},{""t"":null,""n"":""US38141GFD16"",""w"":0.14},{""t"":""US716973AG7"",""n"":""US716973AG71"",""w"":0.14},{""t"":""SOBQ"",""n"":""US00206RKJ04"",""w"":0.14}]",105
SYBT,"SPDR Bloomberg US Treasury Bond UCITS ETF",,XDUS,EUR,,,standard,268225244,0.0005,,3.44,9.086,93,U.S. Government,"Le SPDR Bloomberg US Treasury Bond UCITS ETF est un fonds négocié en bourse qui cherche à suivre la performance de l'indice Bloomberg U.S. Treasury Bond, qui comprend des obligations publiques émises par le Trésor américain, principalement des obligations gouvernementales de différentes maturités, à l'exception de certains bons du Trésor, d'émissions spéciales comme les séries des gouvernements d'État et locaux, et des titres du Trésor américain protégés contre l'inflation. Lancé le 3 juin 2011…","Sovereign","",98.72,1,1,STANDARD,"United States",59.75,"[{""s"":""Sovereign"",""w"":98.72},{""s"":""Other"",""w"":1.28}]","[{""s_fr"":null,""w"":98.72},{""s_fr"":null,""w"":1.28}]","[{""c"":""United States"",""w"":59.75},{""c"":""Other"",""w"":40.25}]","(US91282CKQ32)","[{""t"":null,""n"":""US91282CKQ32"",""w"":1.35},{""t"":""US91282CJJ1"",""n"":""US91282CJJ18"",""w"":1.33},{""t"":""US91282CJZ5"",""n"":""US91282CJZ59"",""w"":1.31},{""t"":""US91282CHT1"",""n"":""US91282CHT18"",""w"":1.22},{""t"":""US91282CHC8"",""n"":""US91282CHC82"",""w"":1.14},{""t"":""US91282CCS8"",""n"":""US91282CCS89"",""w"":1.12},{""t"":""US91282CFF3"",""n"":""US91282CFF32"",""w"":1.11},{""t"":null,""n"":""US91282CDY49"",""w"":1.06},{""t"":""US91282CDJ7"",""n"":""US91282CDJ71"",""w"":1.05},{""t"":""US91282CEP2"",""n"":""US91282CEP23"",""w"":1.05}]",105
ESTA,"Invesco EUR IG Corporate Bond Short Duration Active UCITS ETF",,XDUS,EUR,,,inverse,60295388,0.002,,,,,,"Invesco EUR IG Corporate Bond Short Duration Active UCITS ETF est un fonds obligataire géré activement, axé sur les obligations d'entreprise et liées aux gouvernements notées investment grade en euros. Le portefeuille détient principalement des titres émis par des émetteurs corporatifs mondiaux et quasi-souverains, avec un accent sur les maturités courtes et intermédiaires afin de maintenir un profil de duration plus faible. Le fonds vise à combiner la génération de revenus avec la préservation…","","",,0.4,0,NON_STANDARD,"Germany",,"[]","[]","[{""c"":""Germany"",""w"":null}]","","[]",67
3SUD,"iShares J.P. Morgan $ EM Bond EUR Hedged UCITS ETF (Dist)",,XDUS,EUR,,,standard,7180053149,0.005,0,5.74,9.123,74,U.S. Government,"iShares J.P. Morgan $ EM Bond EUR Hedged UCITS ETF (Dist) est un fonds négocié en bourse qui offre aux investisseurs une exposition aux obligations libellées en dollars américains émises par des entités souveraines et quasi-souveraines dans des pays émergents. Lancé par BlackRock et domicilié en Irlande depuis 2008, avec des cotations débutant en 2019, il suit l'indice J.P. Morgan EMBI Global Core (EUR Hedged) en utilisant une méthodologie d'échantillonnage représentatif. L'ETF se concentre sur…","Sovereign","",87.28,0.35,0,ALT_ASSET_FX,"Other",9.94,"[{""s"":""Sovereign"",""w"":87.28},{""s"":""Energy"",""w"":5.11},{""s"":""Financial Services"",""w"":4.3},{""s"":""Non-Energy Materials"",""w"":1.64},{""s"":""Utilities"",""w"":0.79}]","[{""s_fr"":null,""w"":87.28},{""s_fr"":null,""w"":5.11},{""s_fr"":null,""w"":4.3},{""s_fr"":null,""w"":1.64},{""s_fr"":null,""w"":0.79}]","[{""c"":""Other"",""w"":9.94},{""c"":""Saudi Arabia"",""w"":6.37},{""c"":""Mexico"",""w"":6.25},{""c"":""Turkey"",""w"":4.88},{""c"":""Indonesia"",""w"":4.31}]","US40114HT0 (US040114HT09)","[{""t"":""US40114HT0"",""n"":""US040114HT09"",""w"":0.96},{""t"":""US040114HS26"",""n"":null,""w"":0.71},{""t"":null,""n"":""XS2214238441"",""w"":0.69},{""t"":""US040114HU71"",""n"":null,""w"":0.57},{""t"":null,""n"":""USL2660VAA37"",""w"":0.56},{""t"":null,""n"":""US760942BA98"",""w"":0.51},{""t"":null,""n"":""XS2893151287"",""w"":0.47},{""t"":""US040114HV54"",""n"":null,""w"":0.46},{""t"":""US731011AZ5"",""n"":""US731011AZ55"",""w"":0.42},{""t"":null,""n"":""XS1750114396"",""w"":0.41}]",115
UEEF,"iShares USD High Yield Corporate Bond ESG SRI UCITS ETF EUR Hedged (Acc)",,XDUS,EUR,,,standard,1670780571,0.0027,0,6.21,9.758,39,BB,"iShares USD High Yield Corporate Bond ESG SRI UCITS ETF EUR Hedged (Acc) est un fonds négocié en bourse qui suit un indice d'obligations d'entreprises à haut rendement libellées en USD, sélectionnées pour leurs fortes caractéristiques environnementales, sociales et de gouvernance (ESG) ainsi que pour leurs critères d'investissement socialement responsable (SRI). Lancé le 19 août 2020 et domicilié en Irlande, il est géré par iShares, avec des actifs sous gestion d'environ 529 millions d'euros. L…","Financial Services","",18.99,1,1,STANDARD,"United States",85.19,"[{""s"":""Financial Services"",""w"":18.99},{""s"":""Consumer Services"",""w"":13.59},{""s"":""Industrial"",""w"":12.5},{""s"":""Consumer Cyclicals"",""w"":9.28},{""s"":""Non-Energy Materials"",""w"":8.89}]","[{""s_fr"":null,""w"":18.99},{""s_fr"":null,""w"":13.59},{""s_fr"":null,""w"":12.5},{""s_fr"":null,""w"":9.28},{""s_fr"":null,""w"":8.89}]","[{""c"":""United States"",""w"":85.19},{""c"":""Canada"",""w"":4.46},{""c"":""Other"",""w"":3.91},{""c"":""United Kingdom"",""w"":2.2},{""c"":""Ireland"",""w"":1.6}]","0P0001I429 (BlackRock ICS US Dollar Liquid Environmentally Aware Fund Agency Inc)","[{""t"":""0P0001I429"",""n"":""BlackRock ICS US Dollar Liquid Environmentally Aware Fund Agency Inc"",""w"":1.8},{""t"":null,""n"":""US68288AAA51"",""w"":0.61},{""t"":null,""n"":""US00253XAB73"",""w"":0.4},{""t"":null,""n"":""US1248EPBT92"",""w"":0.38},{""t"":null,""n"":""US143658CA82"",""w"":0.38},{""t"":null,""n"":""US55903VBW28"",""w"":0.37},{""t"":null,""n"":""US893647BU00"",""w"":0.36},{""t"":null,""n"":""US893647BY22"",""w"":0.36},{""t"":null,""n"":""US68245XAM11"",""w"":0.35},{""t"":null,""n"":""US1248EPCD32"",""w"":0.35}]",115
ASR3,"BNP Paribas Easy EUR Corporate Bond SRI PAB 1-3Y UCITS ETF Dist",,XDUS,EUR,,,standard,2552433408,0.0015,,3.31,9.884,,,"BNP Paribas Easy EUR Corporate Bond SRI PAB 1-3Y UCITS ETF Dist est un fonds négocié en bourse qui suit l'indice Bloomberg MSCI 1-3Y Euro Corporate SRI Sustainable Select Ex Fossil Fuel PAB. Il offre une exposition à un portefeuille d'obligations d'entreprise de qualité investissement libellées en euros, avec des maturités comprises entre 1 et 3 ans, sélectionnées par le biais de processus de sélection ESG rigoureux mettant l'accent sur des critères environnementaux, sociaux et de gouvernance. …","Financial Services","",55.50,1,1,STANDARD,"United States",18.11,"[{""s"":""Financial Services"",""w"":55.5},{""s"":""Healthcare"",""w"":9.36},{""s"":""Consumer Non-Cyclicals"",""w"":6.06},{""s"":""Industrial"",""w"":5.16},{""s"":""Non-Energy Materials"",""w"":4.23}]","[{""s_fr"":null,""w"":55.5},{""s_fr"":null,""w"":9.36},{""s_fr"":null,""w"":6.06},{""s_fr"":null,""w"":5.16},{""s_fr"":null,""w"":4.23}]","[{""c"":""United States"",""w"":18.11},{""c"":""France"",""w"":15.3},{""c"":""United Kingdom"",""w"":11.45},{""c"":""Germany"",""w"":8.21},{""c"":""Netherlands"",""w"":6.77}]","FGBSH26 (Euro Schatz Future Mar 26)","[{""t"":""FGBSH26"",""n"":""Euro Schatz Future Mar 26"",""w"":0.99}]",105
EUN8,"iShares Euro Government Bond 10-15yr UCITS ETF",,XDUS,EUR,,,standard,504226016,0.0015,,3.09,9.602,89,U.S. Government,"iShares Euro Government Bond 10-15yr UCITS ETF est un fonds négocié en bourse à revenu fixe qui offre une exposition aux obligations d'État de qualité investissement libellées en euros avec des maturités comprises entre 10 et 15 ans. Le fonds vise à répliquer la performance d'un indice composé de la dette souveraine émise par les États membres de la zone euro, avec un portefeuille concentré sur des émetteurs clés de la zone euro tels que la France, l'Allemagne, l'Italie, les Pays-Bas et l'Espag…","Other","",100.00,1,1,STANDARD,"Italy",30.26,"[{""s"":""Other"",""w"":100}]","[{""s_fr"":null,""w"":100}]","[{""c"":""Italy"",""w"":30.26},{""c"":""France"",""w"":24.83},{""c"":""Spain"",""w"":21.27},{""c"":""Germany"",""w"":17.73},{""c"":""Netherlands"",""w"":5.54}]","(FR0013154044)","[{""t"":null,""n"":""FR0013154044"",""w"":7.23},{""t"":null,""n"":""IT0003934657"",""w"":5.85},{""t"":null,""n"":""DE0001135275"",""w"":5.19},{""t"":""ETAHK"",""n"":""Government of France Bond"",""w"":4.86},{""t"":null,""n"":""IT0004286966"",""w"":4.75},{""t"":""ETANC"",""n"":""French Republic Government Bond 1.75% 06/25/2039"",""w"":4.51},{""t"":null,""n"":""DE0001135366"",""w"":4.37},{""t"":null,""n"":""ES0000012932"",""w"":4.26},{""t"":""FR14009O6"",""n"":""XCU/USD"",""w"":4.11},{""t"":""BB83"",""n"":""INTC Sep 2024 23.000 call"",""w"":3.93}]",105
IS09,"iShares IV Public Limited Company - iShares $ Short Duration Corporate Bond UCITS ETF",,XDUS,EUR,,,inverse,7769306590,0.002,,,,,,"","Financial Services","",45.50,0.4,0,NON_STANDARD,"United States",79.95,"[{""s"":""Financial Services"",""w"":45.5},{""s"":""Technology"",""w"":9.44},{""s"":""Healthcare"",""w"":6.94},{""s"":""Utilities"",""w"":5.98},{""s"":""Consumer Non-Cyclicals"",""w"":5.87}]","[{""s_fr"":null,""w"":45.5},{""s_fr"":null,""w"":9.44},{""s_fr"":null,""w"":6.94},{""s_fr"":null,""w"":5.98},{""s_fr"":null,""w"":5.87}]","[{""c"":""United States"",""w"":79.95},{""c"":""United Kingdom"",""w"":4.97},{""c"":""Other"",""w"":4.53},{""c"":""Canada"",""w"":4.29},{""c"":""Japan"",""w"":2.91}]","0P0001I429 (BlackRock ICS US Dollar Liquid Environmentally Aware Fund Agency Inc)","[{""t"":""0P0001I429"",""n"":""BlackRock ICS US Dollar Liquid Environmentally Aware Fund Agency Inc"",""w"":1.34},{""t"":""357F"",""n"":""US87264ABF12"",""w"":0.23},{""t"":""NCBX"",""n"":""US06051GHD43"",""w"":0.2},{""t"":null,""n"":""US097023DG73"",""w"":0.19},{""t"":null,""n"":""US00287YBX67"",""w"":0.18},{""t"":""NCBI"",""n"":""US06051GJS93"",""w"":0.18},{""t"":null,""n"":""US097023CY98"",""w"":0.16},{""t"":""CVSA"",""n"":""US126650CX62"",""w"":0.16},{""t"":""US95000U3E1"",""n"":""Wells Fargo & Company 5.574% Senior Unsecured Notes due July 25, 2029"",""w"":0.14},{""t"":""US38141GYM0"",""n"":""US38141GYM04"",""w"":0.14}]",85
IS0L,"iShares Germany Government Bond UCITS ETF",,XDUS,EUR,,,standard,152902512,0.002,0.0228,2.49,9.27,97,AAA,"L'iShares Germany Government Bond UCITS ETF est un fonds négocié en bourse qui cherche à suivre la performance d'un indice composé principalement d'obligations d'État allemandes, connues sous le nom de Bunds. Ce sont des titres de créance émis par le gouvernement fédéral allemand, offrant aux investisseurs une exposition ciblée à une dette souveraine de haute qualité caractérisée par une forte solvabilité et une stabilité, reflétant la solide position financière de l'Allemagne en Europe. L'ETF …","Other","",100.00,1,1,STANDARD,"Germany",78.91,"[{""s"":""Other"",""w"":100}]","[{""s_fr"":null,""w"":100}]","[{""c"":""Germany"",""w"":78.91},{""c"":""Other"",""w"":21.09}]","BB88 (DE000BU2Z007)","[{""t"":""BB88"",""n"":""DE000BU2Z007"",""w"":2.53},{""t"":""BU2Z04"",""n"":""DE000BU2Z049"",""w"":2.38},{""t"":""BB96"",""n"":""DE000BU2Z031"",""w"":2.38},{""t"":""BB93"",""n"":""DE000BU2Z023"",""w"":2.29},{""t"":null,""n"":""DE0001102341"",""w"":2.17},{""t"":""BU2504"",""n"":""DE000BU25042"",""w"":2.14},{""t"":""BB91"",""n"":""DE000BU2Z015"",""w"":2.13},{""t"":null,""n"":""DE0001102424"",""w"":2.12},{""t"":null,""n"":""DE0001135275"",""w"":2.05},{""t"":null,""n"":""DE0001135481"",""w"":2.05}]",115
CBUS,"UBS Core BBG US Liquid Corp UCITS ETF USD dis",,XDUS,USD,,,standard,,0.0018,0.0576,,9.645,71,BBB,"UBS Core BBG US Liquid Corp UCITS ETF USD dis est un fonds négocié en bourse conforme à la directive UCITS qui cherche à suivre l'indice Bloomberg US Liquid Corporates. Cet indice se concentre sur les plus grandes et les plus liquides obligations d'entreprises de qualité investissement libellées en dollars américains, toutes maturités confondues, offrant une exposition à un large segment du marché obligataire des entreprises américaines. L'ETF utilise une méthode de réplication par échantillonn…","","",,0.35,0,ALT_ASSET_FX,"Germany",,"[]","[]","[{""c"":""Germany"",""w"":null}]","","[]",62
XGLU,"Xtrackers II Eurozone Government Bond UCITS ETF 2C - USD Hedged",,XDUS,USD,,,standard,3000649853,0.002,0,2.73,9.293,88,U.S. Government,"Xtrackers II Eurozone Government Bond UCITS ETF 2C - USD Hedged est un fonds négocié en bourse qui offre une large exposition aux obligations d'État libellées en euros émises par les souverains de la zone euro. Il est conçu pour suivre l'indice iBoxx® EUR Sovereigns Eurozone (USD Hedged), avec des participations couvrant des émetteurs de qualité investissement sur toutes les maturités. Le fonds utilise une approche d'échantillonnage, détenant une sélection représentative d'obligations plutôt qu…","Other","",100.00,1,1,STANDARD,"France",24.03,"[{""s"":""Other"",""w"":100}]","[{""s_fr"":null,""w"":100}]","[{""c"":""France"",""w"":24.03},{""c"":""Italy"",""w"":21.99},{""c"":""Germany"",""w"":19.24},{""c"":""Spain"",""w"":13.9},{""c"":""Belgium"",""w"":4.95}]","ETAMD (French Republic Government Bond)","[{""t"":""ETAMD"",""n"":""French Republic Government Bond"",""w"":0.86},{""t"":""ETANH"",""n"":""French Republic OAT 0.75% 25 May 2028"",""w"":0.81},{""t"":null,""n"":""FR0011317783"",""w"":0.79},{""t"":""4RF9"",""n"":""FR0012993103"",""w"":0.79},{""t"":""ETAPY"",""n"":""French Republic Government Bond 2.75% 2029"",""w"":0.76},{""t"":""FR001400PM68"",""n"":""Republic of France"",""w"":0.74},{""t"":""ETANM"",""n"":""French Republic Government Bond"",""w"":0.73},{""t"":""ETANS"",""n"":""Republic of France Government Bond"",""w"":0.69},{""t"":""ETAPT"",""n"":""French Republic Government Bond 2% 2032"",""w"":0.67},{""t"":""FR1400L83"",""n"":""FR001400L834"",""w"":0.66}]",115
JEIG,"JPMorgan Global IG Corporate Bond Active UCITS ETF EUR Hedged (acc)",,XDUS,EUR,,,standard,460137572,0.0025,,4.76,9.669,100,U.S. Government,"JPMorgan Global IG Corporate Bond Active UCITS ETF EUR Hedged (acc) est un ETF obligataire à revenu fixe géré activement, axé sur les obligations d'entreprises de qualité investissement à l'échelle mondiale. Le fonds cherche à obtenir une exposition à des titres de créance émis par des entreprises dans les marchés développés et émergents, en utilisant un portefeuille diversifié qui couvre plusieurs échéances et profils de crédit au sein de l'univers des obligations de qualité investissement. Il…","Financial Services","",44.81,1,1,STANDARD,"United States",53.18,"[{""s"":""Financial Services"",""w"":44.81},{""s"":""Utilities"",""w"":11.69},{""s"":""Other"",""w"":8.92},{""s"":""Energy"",""w"":7.65},{""s"":""Technology"",""w"":4.76}]","[{""s_fr"":null,""w"":44.81},{""s_fr"":null,""w"":11.69},{""s_fr"":null,""w"":8.92},{""s_fr"":null,""w"":7.65},{""s_fr"":null,""w"":4.76}]","[{""c"":""United States"",""w"":53.18},{""c"":""Other"",""w"":14.15},{""c"":""United Kingdom"",""w"":8.26},{""c"":""France"",""w"":4.41},{""c"":""Germany"",""w"":4.29}]","IT561125 (IT0005611253)","[{""t"":""IT561125"",""n"":""IT0005611253"",""w"":1.07},{""t"":null,""n"":""XS2677541364"",""w"":0.9},{""t"":""US776696AL0"",""n"":""US776696AL0"",""w"":0.85},{""t"":""US571903BN2"",""n"":""US571903BN26"",""w"":0.84},{""t"":""US61747YFF7"",""n"":""US61747YFF79"",""w"":0.75},{""t"":""US404119DA4"",""n"":""US404119DA49"",""w"":0.74},{""t"":""US38141GC93"",""n"":""US38141GC936"",""w"":0.73},{""t"":null,""n"":""US05401AAW18"",""w"":0.72},{""t"":null,""n"":""US92936UAG40"",""w"":0.72},{""t"":""XS243131880"",""n"":""XS2431318802"",""w"":0.68}]",105
CEB2,"iShares Japan Government Bond UCITS ETF EUR Hedged (Acc)",,XDUS,EUR,,,standard,1189193861,0.0009,,1.1,8.734,88,U.S. Government,"iShares Japan Government Bond UCITS ETF EUR Hedged (Acc) est un ETF à revenu fixe conçu pour offrir une exposition aux obligations d'État japonaises tout en couvrant le portefeuille en euros. Le fonds suit l'indice Bloomberg Japan Treasury, qui se concentre sur les titres de créance émis par le gouvernement libellés en yen japonais, et utilise une approche de réplication physique par échantillonnage. En tant que classe d'actions accumulatrices, il réinvestit les revenus plutôt que de les distri…","Sovereign","",99.55,1,1,STANDARD,"Other",100.00,"[{""s"":""Sovereign"",""w"":99.55},{""s"":""Other"",""w"":0.45}]","[{""s_fr"":null,""w"":99.55},{""s_fr"":null,""w"":0.45}]","[{""c"":""Other"",""w"":100}]","(JP1103451GC0)","[{""t"":null,""n"":""JP1103451GC0"",""w"":1.27},{""t"":null,""n"":""JP1103501J35"",""w"":1.25},{""t"":null,""n"":""JP1103441G98"",""w"":1.06},{""t"":null,""n"":""JP1103461H35"",""w"":1.03},{""t"":null,""n"":""JP1103711P74"",""w"":1.01},{""t"":null,""n"":""JP1103511J74"",""w"":0.99},{""t"":null,""n"":""JP1103741Q44"",""w"":0.99},{""t"":null,""n"":""JP1103721PA1"",""w"":0.99},{""t"":null,""n"":""JP1103731Q12"",""w"":0.97},{""t"":null,""n"":""JP1103611M11"",""w"":0.97}]",105
CEMB,"iShares J.P. Morgan EM Corporate Bond ETF",,XDUS,USD,Emerging Markets Bond,,standard,422261184,0.005,0.0536,5.73,,58,BBB,"L'iShares J.P. Morgan EM Corporate Bond ETF est un fonds négocié en bourse à revenu fixe qui cherche à suivre un indice d'obligations d'entreprises libellées en dollars américains émises par des sociétés des marchés émergents. Géré par BlackRock sous la marque iShares, le fonds offre une exposition diversifiée à un large éventail d'émetteurs de crédit à travers des régions telles que l'Amérique latine, l'Asie, l'Europe et le Moyen-Orient. Son portefeuille est constitué d'obligations d'entrepris…","Industrial","",100.00,1,1,STANDARD,"Germany",,"[{""s"":""Industrial"",""w"":100},{""s"":""Basic Materials"",""w"":0},{""s"":""Consumer Defensive"",""w"":0},{""s"":""Energy"",""w"":0},{""s"":""Consumer Cyclical"",""w"":0}]","[{""s_fr"":null,""w"":100},{""s_fr"":null,""w"":0},{""s_fr"":null,""w"":0},{""s_fr"":null,""w"":0},{""s_fr"":null,""w"":0}]","[{""c"":""Germany"",""w"":null}]","XTSLA (BlackRock Cash Funds Treasury SL Agency)","[{""t"":""XTSLA"",""n"":""BlackRock Cash Funds Treasury SL Agency"",""w"":1.8}]",115
CBUE,"iShares USD Treasury Bond 3-7yr UCITS ETF EUR Hedged",,XFRA,EUR,,,standard,9257688500,0.001,0.0416,3.51,9.357,92,AA,"iShares USD Treasury Bond 3-7yr UCITS ETF EUR Hedged est un fonds négocié en bourse qui cherche à suivre la performance de l'indice ICE US Treasury 3-7 Year (EUR Hedged), composé principalement d'obligations d'État libellées en dollars américains émises par le Trésor des États-Unis avec des échéances comprises entre 3 et 7 ans. Cet ETF utilise une stratégie de couverture de change pour atténuer les fluctuations des taux de change entre le USD et l'EUR, offrant aux investisseurs basés en euros u…","Sovereign","",64.30,0.35,0,ALT_ASSET_FX,"United States",63.09,"[{""s"":""Sovereign"",""w"":64.3},{""s"":""Other"",""w"":35.41},{""s"":""Non-Corporate"",""w"":0.29}]","[{""s_fr"":null,""w"":64.3},{""s_fr"":null,""w"":35.41},{""s_fr"":null,""w"":0.29}]","[{""c"":""United States"",""w"":63.09},{""c"":""Other"",""w"":36.91}]","(US91282CGQ87)","[{""t"":null,""n"":""US91282CGQ87"",""w"":2.25},{""t"":""US91282CFF3"",""n"":""US91282CFF32"",""w"":2.07},{""t"":""US91282CCS8"",""n"":""US91282CCS89"",""w"":2.04},{""t"":""US91282CEP2"",""n"":""US91282CEP23"",""w"":2.01},{""t"":""US91282CDJ7"",""n"":""US91282CDJ71"",""w"":2},{""t"":""US91282CAV3"",""n"":""US91282CAV37"",""w"":1.96},{""t"":null,""n"":""US91282CCB54"",""w"":1.92},{""t"":null,""n"":""US91282CDY49"",""w"":1.91},{""t"":""US91282CBL4"",""n"":""US91282CBL46"",""w"":1.91},{""t"":""US91282CAE1"",""n"":""US91282CAE12"",""w"":1.87}]",115
IBCL,"iShares € Govt Bond 15-30yr UCITS ETF EUR (Dist)",,XFRA,EUR,,,standard,1008975744,0.0015,,2.86,7.432,90,U.S. Government,"iShares € Govt Bond 15-30yr UCITS ETF EUR (Dist) est un fonds négocié en bourse qui suit l'indice Bloomberg Euro Government Bond 15-30 Year Term, se concentrant sur les obligations d'État de qualité investissement émises par des pays de la zone euro tels que la France, l'Allemagne, l'Italie, les Pays-Bas et l'Espagne. Ces obligations sont libellées en euros et présentent des maturités longues allant de 15 à 30 ans, offrant une exposition ciblée à la partie longue du marché de la dette souverain…","Other","",100.00,1,1,STANDARD,"Germany",28.54,"[{""s"":""Other"",""w"":100}]","[{""s_fr"":null,""w"":100}]","[{""c"":""Germany"",""w"":28.54},{""c"":""France"",""w"":24.86},{""c"":""Italy"",""w"":21.79},{""c"":""Spain"",""w"":15.15},{""c"":""Netherlands"",""w"":9.91}]","ETAHZ (France Government Bond 4.5% 04/25/2041)","[{""t"":""ETAHZ"",""n"":""France Government Bond 4.5% 04/25/2041"",""w"":4.88},{""t"":null,""n"":""DE0001102341"",""w"":3.55},{""t"":null,""n"":""DE0001135481"",""w"":3.43},{""t"":""ETALX"",""n"":""French Republic Government Bond"",""w"":3.29},{""t"":null,""n"":""IT0004532559"",""w"":3.27},{""t"":null,""n"":""DE0001102432"",""w"":3.21},{""t"":null,""n"":""ES00000121S7"",""w"":2.86},{""t"":""BB87"",""n"":""DE0001102614"",""w"":2.74},{""t"":null,""n"":""IT0004923998"",""w"":2.65},{""t"":""BB94"",""n"":""DE000BU2D004"",""w"":2.54}]",105
XZBU,"X USD Corp SRI PAB 1C",,XHAM,CHF,,,standard,,0.0016,,4.71,9.172,70,A,"X USD Corp SRI PAB 1C est un fonds d'investissement qui se concentre sur les titres à revenu fixe, en particulier les obligations d'entreprise émises en USD. Son objectif principal est d'offrir aux investisseurs une exposition à un portefeuille diversifié d'instruments de dette d'entreprise tout en respectant les principes d'investissement durable et responsable (SRI). Ce fonds est aligné sur l'indice de référence Paris-Aligned Benchmark (PAB), ce qui implique un engagement à réduire les emprei…","","",,0.3,0,DATA_MISSING,"Germany",,"[]","[]","[{""c"":""Germany"",""w"":null}]","","[]",52
VAG7,"Vanguard Global Aggregate Bond UCITS ETF USD Hedged Accumulating",,XHAM,EUR,,,standard,,,,,,,,"Vanguard Global Aggregate Bond UCITS ETF USD Hedged Accumulating est un fonds négocié en bourse qui suit l'indice Bloomberg Global Aggregate Float Adjusted and Scaled, offrant une large exposition aux obligations de qualité investissement émises par des émetteurs du monde entier. Lancé en juin 2019 et domicilié en Irlande, il détient un portefeuille diversifié de plus de 11 700 obligations, y compris des titres du Trésor, de la dette d'entreprises industrielles et financières, des produits titr…","","",,0.3,0,DATA_MISSING,"Germany",,"[]","[]","[{""c"":""Germany"",""w"":null}]","","[]",32
XUHY,"Xtrackers USD High Yield Corporate Bond UCITS ETF 1D",,XHAM,EUR,,,standard,888429255,0.002,,7.24,9.963,38,BB,"Xtrackers USD High Yield Corporate Bond UCITS ETF 1D est un fonds négocié en bourse qui suit l'indice Solactive USD High Yield Corporates Total Market Index, se concentrant sur les obligations d'entreprise à haut rendement libellées en USD, notées Ba1/BB+ ou moins. Sa fonction principale est de fournir aux investisseurs une exposition au segment des obligations à haut rendement, en mettant l'accent sur les obligations ayant une plus grande liquidité et un montant minimum en circulation, général…","Financial Services","",18.87,1,1,STANDARD,"United States",55.34,"[{""s"":""Financial Services"",""w"":18.87},{""s"":""Energy"",""w"":10.97},{""s"":""Industrial"",""w"":10.71},{""s"":""Consumer Services"",""w"":9.63},{""s"":""Non-Energy Materials"",""w"":8.25}]","[{""s_fr"":null,""w"":18.87},{""s_fr"":null,""w"":10.97},{""s_fr"":null,""w"":10.71},{""s_fr"":null,""w"":9.63},{""s_fr"":null,""w"":8.25}]","[{""c"":""United States"",""w"":55.34},{""c"":""Other"",""w"":38.52},{""c"":""Canada"",""w"":3.34},{""c"":""Cayman Islands"",""w"":1.78},{""c"":""United Kingdom"",""w"":1.02}]","US278768AC0 (US278768AC00)","[{""t"":""US278768AC0"",""n"":""US278768AC00"",""w"":0.75},{""t"":null,""n"":""US68288AAA51"",""w"":0.6},{""t"":null,""n"":""US62482BAA08"",""w"":0.59},{""t"":null,""n"":""US88632QAE35"",""w"":0.54},{""t"":null,""n"":""US74843PAA84"",""w"":0.53},{""t"":null,""n"":""US18912UAA07"",""w"":0.52},{""t"":null,""n"":""US25461LAA08"",""w"":0.48},{""t"":null,""n"":""US25470MAG42"",""w"":0.48},{""t"":null,""n"":""US44332PAH47"",""w"":0.47},{""t"":null,""n"":""US92332YAC57"",""w"":0.45}]",105
IB28,"iShares iBonds Dec 2028 Term € Corp UCITS ETF EUR (Dist)",,XHAM,EUR,,,standard,2483245383,0.0012,,,,,,"iShares iBonds Dec 2028 Term € Corp UCITS ETF EUR (Dist) est un fonds négocié en bourse à revenu fixe qui offre une exposition ciblée aux obligations d'entreprise notées investissement en euros. Le fonds suit l'indice Bloomberg MSCI December 2028 Maturity EUR Corporate ESG Screened Index, en se concentrant sur les obligations d'entreprise à taux fixe arrivant à échéance entre janvier et décembre 2028 et répondant à des critères d'exclusion environnementaux, sociaux et de gouvernance définis. Il…","Financial Services","",41.86,1,1,STANDARD,"France",19.00,"[{""s"":""Financial Services"",""w"":41.86},{""s"":""Consumer Non-Cyclicals"",""w"":8.23},{""s"":""Industrial"",""w"":8.05},{""s"":""Consumer Cyclicals"",""w"":8.01},{""s"":""Healthcare"",""w"":6.79}]","[{""s_fr"":null,""w"":41.86},{""s_fr"":null,""w"":8.23},{""s_fr"":null,""w"":8.05},{""s_fr"":null,""w"":8.01},{""s_fr"":null,""w"":6.79}]","[{""c"":""France"",""w"":19},{""c"":""United States"",""w"":17.67},{""c"":""Germany"",""w"":14.53},{""c"":""United Kingdom"",""w"":7.31},{""c"":""Netherlands"",""w"":6.5}]","BE6285455497 (BE6285455497)","[{""t"":""BE6285455497"",""n"":""BE6285455497"",""w"":1.08},{""t"":null,""n"":""XS1001749289"",""w"":0.69},{""t"":null,""n"":""XS2180007549"",""w"":0.65},{""t"":""XS223599621"",""n"":""XS223599621"",""w"":0.64},{""t"":null,""n"":""FR0013216926"",""w"":0.58},{""t"":""INND"",""n"":""XS1882544973"",""w"":0.56},{""t"":null,""n"":""XS1861206636"",""w"":0.56},{""t"":null,""n"":""XS1382791975"",""w"":0.55},{""t"":null,""n"":""XS1443997819"",""w"":0.54},{""t"":""XS300255299"",""n"":""XS300255299"",""w"":0.54}]",100
IBC2,"iShares USD High Yield Corporate Bond UCITS ETF EUR Hedged (Dist)",,XHAM,EUR,,,standard,5131760921,0.0055,,6.43,9.871,39,BB,"iShares USD High Yield Corporate Bond UCITS ETF EUR Hedged (Dist) est un fonds négocié en bourse qui suit l'indice iBoxx USD Liquid High Yield Capped (EUR Hedged), se concentrant sur les obligations d'entreprise libellées en USD les plus liquides, notées en dessous de la catégorie investissement. Lancé le 5 mars 2018 et domicilié en Irlande, cet ETF répliqué physiquement adopte une stratégie uniquement longue avec une couverture de la devise EUR pour atténuer les fluctuations des taux de change…","Financial Services","",19.26,1,1,STANDARD,"United States",87.17,"[{""s"":""Financial Services"",""w"":19.26},{""s"":""Consumer Services"",""w"":12.24},{""s"":""Non-Energy Materials"",""w"":9.6},{""s"":""Telecommunication"",""w"":7.82},{""s"":""Healthcare"",""w"":7.36}]","[{""s_fr"":null,""w"":19.26},{""s_fr"":null,""w"":12.24},{""s_fr"":null,""w"":9.6},{""s_fr"":null,""w"":7.82},{""s_fr"":null,""w"":7.36}]","[{""c"":""United States"",""w"":87.17},{""c"":""Other"",""w"":4.27},{""c"":""Canada"",""w"":3.78},{""c"":""United Kingdom"",""w"":1.81},{""c"":""Ireland"",""w"":1.53}]","0P0001I429 (BlackRock ICS US Dollar Liquid Environmentally Aware Fund Agency Inc)","[{""t"":""0P0001I429"",""n"":""BlackRock ICS US Dollar Liquid Environmentally Aware Fund Agency Inc"",""w"":1.91},{""t"":null,""n"":""US1248EPCN14"",""w"":1.4},{""t"":""US126650EH9"",""n"":""FXD-FRN JNR SUB 10/03/2055 USD (SEC REGD) (A)"",""w"":1.23},{""t"":null,""n"":""VODAFONE GRP 19/79 FLR"",""w"":1.1},{""t"":null,""n"":""US278768AA44"",""w"":1.02},{""t"":""URLB"",""n"":""US911365BG81"",""w"":0.81},{""t"":null,""n"":""FXD-FRN JNR SUB 15/03/2055 USD (SEC REGD)"",""w"":0.78},{""t"":null,""n"":""US78410GAD60"",""w"":0.76},{""t"":null,""n"":""US78410GAG91"",""w"":0.72},{""t"":""US451102BZ9"",""n"":""US451102BZ91"",""w"":0.72}]",105
IBCS,"iShares Euro Corporate Bond Large Cap UCITS ETF",,XHAM,EUR,,,standard,1761508608,0.0009,,3.02,9.625,69,BBB,"iShares Euro Corporate Bond Large Cap UCITS ETF est un fonds négocié en bourse qui offre une exposition diversifiée à la dette d'entreprise libellée en euros avec une notation investment-grade. Le fonds cherche à répliquer un indice de grandes obligations d'entreprise liquides émises par des sociétés dans des secteurs tels que les finances, l'industrie et les services publics, en se concentrant sur des profils de crédit de meilleure qualité. Il investit principalement dans des instruments à tau…","Financial Services","",43.82,1,1,STANDARD,"France",19.55,"[{""s"":""Financial Services"",""w"":43.82},{""s"":""Utilities"",""w"":10.92},{""s"":""Industrial"",""w"":8.45},{""s"":""Consumer Non-Cyclicals"",""w"":7.21},{""s"":""Healthcare"",""w"":5.78}]","[{""s_fr"":null,""w"":43.82},{""s_fr"":null,""w"":10.92},{""s_fr"":null,""w"":8.45},{""s_fr"":null,""w"":7.21},{""s_fr"":null,""w"":5.78}]","[{""c"":""France"",""w"":19.55},{""c"":""United States"",""w"":16.86},{""c"":""Germany"",""w"":13.16},{""c"":""United Kingdom"",""w"":8.66},{""c"":""Netherlands"",""w"":6.47}]","CH121479717 (CH1214797172)","[{""t"":""CH121479717"",""n"":""CH1214797172"",""w"":0.14},{""t"":""BE6285455497"",""n"":""BE6285455497"",""w"":0.11},{""t"":null,""n"":""BE6285457519"",""w"":0.1},{""t"":null,""n"":""XS1463043973"",""w"":0.1},{""t"":null,""n"":""XS1603892149"",""w"":0.1},{""t"":null,""n"":""XS1615079974"",""w"":0.09},{""t"":""XS246123462"",""n"":""XS2461234622"",""w"":0.09},{""t"":null,""n"":""XS1586555945"",""w"":0.09},{""t"":null,""n"":""XS2595028536"",""w"":0.09},{""t"":null,""n"":""BE6301510028"",""w"":0.08}]",105
CBU4,"iShares iBonds Dec 2028 Term $ Corp UCITS ETF USD (Dist)",,XHAM,EUR,,,standard,1248306134,0.0012,,,,,,"iShares iBonds Dec 2028 Term $ Corp UCITS ETF USD (Dist) est un fonds négocié en bourse qui suit l'indice Bloomberg MSCI December 2028 Maturity USD Corporate ESG Screened Index, se concentrant sur les obligations d'entreprises de qualité investissement libellées en dollars américains arrivant à échéance en décembre 2028. Son objectif principal est de fournir des rendements totaux par le biais de la croissance du capital et des revenus, reflétant la performance de l'indice via une réplication ph…","Financial Services","",35.56,1,1,STANDARD,"United States",79.18,"[{""s"":""Financial Services"",""w"":35.56},{""s"":""Technology"",""w"":12.71},{""s"":""Healthcare"",""w"":9.76},{""s"":""Utilities"",""w"":7.15},{""s"":""Industrial"",""w"":6.56}]","[{""s_fr"":null,""w"":35.56},{""s_fr"":null,""w"":12.71},{""s_fr"":null,""w"":9.76},{""s_fr"":null,""w"":7.15},{""s_fr"":null,""w"":6.56}]","[{""c"":""United States"",""w"":79.18},{""c"":""Canada"",""w"":4.43},{""c"":""Japan"",""w"":3.95},{""c"":""United Kingdom"",""w"":3.23},{""c"":""Australia"",""w"":2.64}]","US20030NCT6 (US20030NCT63)","[{""t"":""US20030NCT6"",""n"":""US20030NCT63"",""w"":1.05},{""t"":""US716973AC6"",""n"":""US716973AC67"",""w"":0.99},{""t"":null,""n"":""US125523AH38"",""w"":0.97},{""t"":""US31162DP2"",""n"":""US031162DP23"",""w"":0.97},{""t"":null,""n"":""US00774MAW55"",""w"":0.94},{""t"":""BACC"",""n"":""VERIZON COMM 13/18"",""w"":0.77},{""t"":null,""n"":""US22550L2M24"",""w"":0.7},{""t"":""US852060AD4"",""n"":""US852060AD48"",""w"":0.68},{""t"":null,""n"":""US17325FBB31"",""w"":0.64},{""t"":""6D8C"",""n"":""US26078JAD28"",""w"":0.59}]",100
FLCV,"Federated Hermes MDT Large Cap Value ETF",,XHAM,USD,Large Value,,standard,168043568,0.0032,0.0072,,,,,"Le Federated Hermes MDT Large Cap Value ETF est un ETF d'actions géré activement qui vise une appréciation du capital à long terme en investissant principalement dans des entreprises américaines de grande capitalisation considérées comme sous-évaluées. Le fonds utilise une approche quantitative, basée sur des modèles, pour sélectionner et pondérer les actifs, en mettant l'accent sur les caractéristiques de valeur et la construction d'un portefeuille consciente des risques. Il se concentre sur l…","Technology","",22.97,1,1,STANDARD,"Germany",,"[{""s"":""Technology"",""w"":22.97},{""s"":""Financial Services"",""w"":17.31},{""s"":""Healthcare"",""w"":14.49},{""s"":""Consumer Cyclical"",""w"":12.24},{""s"":""Industrial"",""w"":10.21}]","[{""s_fr"":null,""w"":22.97},{""s_fr"":null,""w"":17.31},{""s_fr"":null,""w"":14.49},{""s_fr"":null,""w"":12.24},{""s_fr"":null,""w"":10.21}]","[{""c"":""Germany"",""w"":null}]","AAPL (Apple Inc.)","[{""t"":""AAPL"",""n"":""Apple Inc."",""w"":6.34},{""t"":""AMZN"",""n"":""Amazon.com Inc."",""w"":5.82},{""t"":""MSFT"",""n"":""Microsoft Corporation Common Stock"",""w"":4.45},{""t"":""ABBV"",""n"":""AbbVie Inc."",""w"":3.04},{""t"":""TRV"",""n"":""The Travelers Companies, Inc."",""w"":1.96},{""t"":""FISV"",""n"":""Fiserv, Inc."",""w"":1.89},{""t"":""STT"",""n"":""State Street Corporation Common Stock"",""w"":1.89},{""t"":""COST"",""n"":""Costco Wholesale Corp"",""w"":1.78},{""t"":""JPM"",""n"":""JPMorgan Chase & Co."",""w"":1.77},{""t"":""PRU"",""n"":""Prudential Financial, Inc."",""w"":1.7}]",110
EUN4,"iShares € Aggregate Bond ESG SRI UCITS ETF EUR (Dist)",,XHAM,EUR,,,standard,1622987136,0.0016,,2.68,9.146,88,U.S. Government,"iShares € Aggregate Bond ESG SRI UCITS ETF EUR (Dist) est un fonds négocié en bourse qui suit l'indice Bloomberg MSCI Euro Aggregate et Green Bond ESG SRI. Il offre une exposition à un portefeuille diversifié d'obligations de qualité investment-grade libellées en euros provenant d'émetteurs du monde entier, y compris des obligations d'entreprises et des obligations d'État de toutes maturités, tout en appliquant des critères stricts de sélection environnementale, sociale et de gouvernance (ESG) …","Sovereign","",59.53,1,1,STANDARD,"France",20.97,"[{""s"":""Sovereign"",""w"":59.53},{""s"":""Financial Services"",""w"":27.85},{""s"":""Municipal"",""w"":3.06},{""s"":""Industrial"",""w"":1.88},{""s"":""Telecommunication"",""w"":1.39}]","[{""s_fr"":null,""w"":59.53},{""s_fr"":null,""w"":27.85},{""s_fr"":null,""w"":3.06},{""s_fr"":null,""w"":1.88},{""s_fr"":null,""w"":1.39}]","[{""c"":""France"",""w"":20.97},{""c"":""Germany"",""w"":18.49},{""c"":""Italy"",""w"":12.76},{""c"":""Spain"",""w"":9.1},{""c"":""Belgium"",""w"":8.35}]","(FR0011317783)","[{""t"":null,""n"":""FR0011317783"",""w"":0.49},{""t"":""ETAMD"",""n"":""French Republic Government Bond"",""w"":0.46},{""t"":""ETANH"",""n"":""French Republic OAT 0.75% 25 May 2028"",""w"":0.45},{""t"":""ETANM"",""n"":""French Republic Government Bond"",""w"":0.45},{""t"":""FR001400PM68"",""n"":""Republic of France"",""w"":0.44},{""t"":""ETAPY"",""n"":""French Republic Government Bond 2.75% 2029"",""w"":0.43},{""t"":""ETANE"",""n"":""Government of France"",""w"":0.42},{""t"":""ETANC"",""n"":""French Republic Government Bond 1.75% 06/25/2039"",""w"":0.37},{""t"":""ETANS"",""n"":""Republic of France Government Bond"",""w"":0.37},{""t"":""ETAPC"",""n"":""Government of France"",""w"":0.36}]",105
EUN9,"iShares € Govt Bond 5-7yr UCITS ETF",,XHAM,EUR,,,standard,607925632,0.0015,,2.46,9.065,88,U.S. Government,"iShares € Govt Bond 5-7yr UCITS ETF est un fonds négocié en bourse obligataire conçu pour fournir une exposition aux obligations d'État libellées en euros avec des maturités restantes de cinq à sept ans. Il suit un indice de dette souveraine de qualité investissement émise par des emprunteurs gouvernementaux de la zone euro, y compris la France, l'Allemagne, l'Italie, les Pays-Bas et l'Espagne. Le fonds utilise la réplication physique et distribue des revenus aux investisseurs sur une base seme…","Sovereign","",84.31,1,1,STANDARD,"France",30.64,"[{""s"":""Sovereign"",""w"":84.31},{""s"":""Other"",""w"":15.64},{""s"":""Non-Corporate"",""w"":0.05}]","[{""s_fr"":null,""w"":84.31},{""s_fr"":null,""w"":15.64},{""s_fr"":null,""w"":0.05}]","[{""c"":""France"",""w"":30.64},{""c"":""Italy"",""w"":26.89},{""c"":""Germany"",""w"":21.83},{""c"":""Spain"",""w"":17.07},{""c"":""Netherlands"",""w"":3.53}]","ETAPC (Government of France)","[{""t"":""ETAPC"",""n"":""Government of France"",""w"":7.89},{""t"":""ETAPJ"",""n"":""Government of France"",""w"":7.19},{""t"":""ETAPN"",""n"":""France Government Bond 0% 05/25/32"",""w"":5.81},{""t"":""BB92"",""n"":""DE000BU27006"",""w"":4.3},{""t"":""OE8B"",""n"":""ES0000012G34"",""w"":4.18},{""t"":""BB79"",""n"":""DE0001102564"",""w"":4.13},{""t"":""BB84"",""n"":""STX.AUSTRALIA LC GR EO"",""w"":4.08},{""t"":""FR001400Z2L7"",""n"":""French Republic Government Bond"",""w"":4},{""t"":""BB82"",""n"":""Nasdaq EMEA Industrial Goods an"",""w"":3.92},{""t"":""ES0012K2"",""n"":""ES0000012K20"",""w"":3.87}]",105
34GI,"iShares iBonds Dec 2034 Term Corporate ETF",,XHAM,EUR,,,standard,148908096,0.0012,0.035,3.49,9.603,68,BBB,"L'iShares iBonds Dec 2034 Term Corporate ETF est un fonds négocié en bourse conçu pour offrir aux investisseurs une exposition ciblée à un portefeuille diversifié d'obligations d'entreprises de qualité investissement libellées en dollars américains, toutes programmées pour arriver à échéance en décembre 2034. Ce ETF incarne les avantages de l'investissement dans des obligations individuelles avec la facilité et la flexibilité de la négociation d'un ETF. Son objectif principal est d'aider les in…","Financial Services","",32.60,1,1,STANDARD,"United States",24.26,"[{""s"":""Financial Services"",""w"":32.6},{""s"":""Telecommunication"",""w"":10.71},{""s"":""Industrial"",""w"":9.25},{""s"":""Utilities"",""w"":8.8},{""s"":""Consumer Non-Cyclicals"",""w"":8.76}]","[{""s_fr"":null,""w"":32.6},{""s_fr"":null,""w"":10.71},{""s_fr"":null,""w"":9.25},{""s_fr"":null,""w"":8.8},{""s_fr"":null,""w"":8.76}]","[{""c"":""United States"",""w"":24.26},{""c"":""France"",""w"":22.71},{""c"":""Germany"",""w"":8.67},{""c"":""United Kingdom"",""w"":7.84},{""c"":""Netherlands"",""w"":7.48}]","FR1400NV5 (FR001400NV51)","[{""t"":""FR1400NV5"",""n"":""FR001400NV51"",""w"":1.98},{""t"":""XS274302984"",""n"":""XS2743029840"",""w"":1.85},{""t"":""FR1400N3I"",""n"":""FR001400N3I5"",""w"":1.73},{""t"":""XS255089820"",""n"":""XS2550898204"",""w"":1.71},{""t"":""XS282046075"",""n"":""XS2820460751"",""w"":1.7},{""t"":""IT558505"",""n"":""IT0005585051"",""w"":1.69},{""t"":""XS259075882"",""n"":""XS2590758822"",""w"":1.66},{""t"":null,""n"":""XS2747065030"",""w"":1.63},{""t"":""XS255522124"",""n"":""XS2555221246"",""w"":1.42},{""t"":""XS255708473"",""n"":""XS2557084733"",""w"":1.31}]",115
SLMG,"iShares J.P. Morgan ESG $ EM Bond UCITS ETF EUR Hedged (Acc)",,XHAM,EUR,,,standard,3043584469,0.005,0,5.64,9.171,75,U.S. Government,"iShares J.P. Morgan ESG $ EM Bond UCITS ETF EUR Hedged (Acc) est un fonds négocié en bourse axé sur les revenus fixes, suivant spécifiquement l'indice J.P. Morgan ESG EMBI Global Diversified (EUR Hedged). Il offre aux investisseurs une exposition à un portefeuille diversifié d'obligations gouvernementales des marchés émergents libellées en USD, sélectionnées et pondérées selon des critères environnementaux, sociaux et de gouvernance (ESG), tout en couvrant le risque de change par rapport à l'eu…","Sovereign","",86.27,1,1,STANDARD,"Other",15.31,"[{""s"":""Sovereign"",""w"":86.27},{""s"":""Financial Services"",""w"":6.03},{""s"":""Energy"",""w"":3.26},{""s"":""Non-Energy Materials"",""w"":1.93},{""s"":""Utilities"",""w"":1.3}]","[{""s_fr"":null,""w"":86.27},{""s_fr"":null,""w"":6.03},{""s_fr"":null,""w"":3.26},{""s_fr"":null,""w"":1.93},{""s_fr"":null,""w"":1.3}]","[{""c"":""Other"",""w"":15.31},{""c"":""Poland"",""w"":5.3},{""c"":""Hungary"",""w"":4.77},{""c"":""Brazil"",""w"":4.08},{""c"":""Chile"",""w"":3.89}]","US40114HT0 (US040114HT09)","[{""t"":""US40114HT0"",""n"":""US040114HT09"",""w"":0.94},{""t"":null,""n"":""US760942BA98"",""w"":0.77},{""t"":null,""n"":""XS2214238441"",""w"":0.77},{""t"":""US040114HS26"",""n"":null,""w"":0.69},{""t"":""0P0001I429"",""n"":""BlackRock ICS US Dollar Liquid Environmentally Aware Fund Agency Inc"",""w"":0.66},{""t"":""US040114HU71"",""n"":null,""w"":0.56},{""t"":""US731011AZ5"",""n"":""US731011AZ55"",""w"":0.55},{""t"":null,""n"":""XS2893151287"",""w"":0.53},{""t"":""US731011AY8"",""n"":""US731011AY80"",""w"":0.51},{""t"":""US760942BE1"",""n"":""US760942BE11"",""w"":0.5}]",115
KLMH,"Amundi Global Aggregate Green Bond - ETF Euro Hedged",,XHAM,EUR,,,standard,388244559,0.003,0,2.74,8.986,85,U.S. Government,"Amundi Global Aggregate Green Bond - ETF Euro Hedged est un type de fonds négocié en bourse axé sur les titres de créance mondiaux destinés aux investissements durables. La fonction principale de cet ETF est de fournir une exposition diversifiée au marché mondial des obligations vertes tout en gérant le risque de change pour les investisseurs basés en euros. Les obligations vertes incluses dans le portefeuille sont spécifiquement utilisées pour financer des projets ayant des bénéfices environne…","Financial Services","",42.46,1,1,STANDARD,"Germany",21.80,"[{""s"":""Financial Services"",""w"":42.46},{""s"":""Sovereign"",""w"":30.37},{""s"":""Utilities"",""w"":15.77},{""s"":""Industrial"",""w"":4.59},{""s"":""Consumer Cyclicals"",""w"":1.85}]","[{""s_fr"":null,""w"":42.46},{""s_fr"":null,""w"":30.37},{""s_fr"":null,""w"":15.77},{""s_fr"":null,""w"":4.59},{""s_fr"":null,""w"":1.85}]","[{""c"":""Germany"",""w"":21.8},{""c"":""France"",""w"":14.64},{""c"":""Belgium"",""w"":8.04},{""c"":""Netherlands"",""w"":7.94},{""c"":""Italy"",""w"":7.49}]","ETANC (French Republic Government Bond 1.75% 06/25/2039)","[{""t"":""ETANC"",""n"":""French Republic Government Bond 1.75% 06/25/2039"",""w"":2.57},{""t"":""EUA3K4EU"",""n"":""EU000A3K4EU0"",""w"":1.39},{""t"":""IT559647"",""n"":""IT0005596470"",""w"":1.31},{""t"":""EU000A3K4DW8"",""n"":""EU000A3K4DW8"",""w"":1.25},{""t"":""IT550859"",""n"":""IT0005508590"",""w"":1.24},{""t"":""IT554235"",""n"":""IT0005542359"",""w"":1.22},{""t"":""EUA3K4C4"",""n"":""EU000A3K4C42"",""w"":1.21},{""t"":""ETAPI"",""n"":""Government of France"",""w"":1.17},{""t"":""FR001400NEF3"",""n"":""OAT3%25JUN49"",""w"":1.12},{""t"":""BB89"",""n"":""DE000BU3Z005"",""w"":1.04}]",115
EUNT,"iShares Euro Corporate Bond 1-5yr UCITS ETF EUR (Dist)",,XHAN,EUR,,,standard,3989365216,0.002,,2.83,9.666,68,BBB,"iShares Euro Corporate Bond 1-5yr UCITS ETF EUR (Dist) est un fonds négocié en bourse à revenu fixe qui offre une exposition aux obligations d'entreprises de qualité investissement libellées en euros, avec des maturités courtes à intermédiaires. Le fonds cherche à reproduire la performance d'un indice de référence composé d'obligations d'entreprises émises par des sociétés industrielles, de services publics et financières, généralement avec des maturités restantes comprises entre un et cinq ans…","Financial Services","",51.29,1,1,STANDARD,"France",18.15,"[{""s"":""Financial Services"",""w"":51.29},{""s"":""Industrial"",""w"":7.94},{""s"":""Utilities"",""w"":6.6},{""s"":""Consumer Non-Cyclicals"",""w"":6.3},{""s"":""Consumer Cyclicals"",""w"":5.47}]","[{""s_fr"":null,""w"":51.29},{""s_fr"":null,""w"":7.94},{""s_fr"":null,""w"":6.6},{""s_fr"":null,""w"":6.3},{""s_fr"":null,""w"":5.47}]","[{""c"":""France"",""w"":18.15},{""c"":""United States"",""w"":15.44},{""c"":""Germany"",""w"":13.05},{""c"":""United Kingdom"",""w"":9.01},{""c"":""Italy"",""w"":6.31}]","0P0000YPZS (BlackRock ICS Euro Liquid Environmentally Aware Fund - Agency (Dis) Shares EUR)","[{""t"":""0P0000YPZS"",""n"":""BlackRock ICS Euro Liquid Environmentally Aware Fund - Agency (Dis) Shares EUR"",""w"":0.23},{""t"":""CH121479717"",""n"":""CH1214797172"",""w"":0.19},{""t"":""BE6285455497"",""n"":""BE6285455497"",""w"":0.17},{""t"":""XS246123462"",""n"":""XS2461234622"",""w"":0.15},{""t"":null,""n"":""XS1586555945"",""w"":0.13},{""t"":""XS219366272"",""n"":""XS2193662728"",""w"":0.13},{""t"":null,""n"":""XS1615079974"",""w"":0.12},{""t"":null,""n"":""XS1463043973"",""w"":0.12},{""t"":null,""n"":""XS2908735504"",""w"":0.12},{""t"":null,""n"":""XS2595028536"",""w"":0.12}]",105
SDHMXN,"Ishares Iv Plc - Ishares Short Duration High Yield Corp Bond Ucits Etf",,XMEX,MXN,,,inverse,,,,,,,,"","","",,0.4,0,NON_STANDARD,"Mexico",,"[]","[]","[{""c"":""Mexico"",""w"":null}]","","[]",17
IEGMXN,"iShares III Public Limited Company - iShares Government Bond 0-1yr UCITS ETF",,XMEX,MXN,,,standard,,,,,,,,"","","",,0.3,0,DATA_MISSING,"Mexico",,"[]","[]","[{""c"":""Mexico"",""w"":null}]","","[]",17
U03AMXN,"iShares USD Treasury Bond 0-3 Month UCITS ETF",,XMEX,MXN,,,standard,,,,,,,,"L'iShares USD Treasury Bond 0-3 Month UCITS ETF est un fonds négocié en bourse conçu pour offrir une exposition aux titres du Trésor américain à très court terme. Son objectif principal est de suivre la performance de l'ICE 0-3 Month US Treasury Bill Index, qui mesure les bons du Trésor libellés en dollars américains avec des maturités comprises entre zéro et trois mois. Cet ETF est structuré pour répliquer l'indice en détenant une sélection représentative de titres sous-jacents, en employant u…","","",,0.3,0,DATA_MISSING,"Mexico",,"[]","[]","[{""c"":""Mexico"",""w"":null}]","","[]",32
LQDMXN,"Ishares Plc - Ishares Corp Bond Ucits Etf",,XMEX,MXN,,,standard,,,,,,,,"","","",,0.3,0,DATA_MISSING,"Mexico",,"[]","[]","[{""c"":""Mexico"",""w"":null}]","","[]",17
CBU2,"iShares EUR Aggregate Bond ESG SRI UCITS ETF EUR (Acc)",,XMUN,EUR,,,standard,1681238784,0.0016,0,2.66,9.347,88,U.S. Government,"iShares EUR Aggregate Bond ESG SRI UCITS ETF EUR (Acc) est un fonds négocié en bourse qui offre une exposition diversifiée aux obligations libellées en euros et de qualité investissement, tout en intégrant des critères environnementaux, sociaux et de gouvernance (ESG) rigoureux. L'objectif principal du fonds est de suivre l'indice Bloomberg MSCI Euro Aggregate and Green Bond ESG SRI, qui comprend à la fois des obligations d'entreprises et des obligations d'État provenant d'un large éventail d'é…","Sovereign","",59.53,1,1,STANDARD,"France",20.97,"[{""s"":""Sovereign"",""w"":59.53},{""s"":""Financial Services"",""w"":27.85},{""s"":""Municipal"",""w"":3.06},{""s"":""Industrial"",""w"":1.88},{""s"":""Telecommunication"",""w"":1.39}]","[{""s_fr"":null,""w"":59.53},{""s_fr"":null,""w"":27.85},{""s_fr"":null,""w"":3.06},{""s_fr"":null,""w"":1.88},{""s_fr"":null,""w"":1.39}]","[{""c"":""France"",""w"":20.97},{""c"":""Germany"",""w"":18.49},{""c"":""Italy"",""w"":12.76},{""c"":""Spain"",""w"":9.1},{""c"":""Belgium"",""w"":8.35}]","(FR0011317783)","[{""t"":null,""n"":""FR0011317783"",""w"":0.49},{""t"":""ETAMD"",""n"":""French Republic Government Bond"",""w"":0.46},{""t"":""ETANH"",""n"":""French Republic OAT 0.75% 25 May 2028"",""w"":0.45},{""t"":""ETANM"",""n"":""French Republic Government Bond"",""w"":0.45},{""t"":""FR001400PM68"",""n"":""Republic of France"",""w"":0.44},{""t"":""ETAPY"",""n"":""French Republic Government Bond 2.75% 2029"",""w"":0.43},{""t"":""ETANE"",""n"":""Government of France"",""w"":0.42},{""t"":""ETANS"",""n"":""Republic of France Government Bond"",""w"":0.37},{""t"":""ETANC"",""n"":""French Republic Government Bond 1.75% 06/25/2039"",""w"":0.37},{""t"":""ETAPC"",""n"":""Government of France"",""w"":0.36}]",115
2B75,"iShares £ Corp Bond 0-5yr UCITS ETF GBP (Dist)",,XMUN,EUR,,,standard,1939796736,0.002,,,,,,"iShares £ Corp Bond 0-5yr UCITS ETF GBP (Dist) est un fonds négocié en bourse (ETF) géré par iShares, une filiale de BlackRock, qui cherche à suivre la performance d'un indice composé d'obligations d'entreprises de qualité investissement libellées en livres sterling, avec des maturités comprises entre 0 et 5 ans. Lancé le 30 mars 2011 et domicilié en Irlande, ce produit conforme aux UCITS détient environ 456 à 491 obligations émises par des entreprises dans des secteurs tels que l'industrie, le…","Financial Services","",64.25,1,1,STANDARD,"United Kingdom",37.76,"[{""s"":""Financial Services"",""w"":64.25},{""s"":""Utilities"",""w"":10.18},{""s"":""Telecommunication"",""w"":5.19},{""s"":""Industrial"",""w"":4.77},{""s"":""Consumer Non-Cyclicals"",""w"":3.85}]","[{""s_fr"":null,""w"":64.25},{""s_fr"":null,""w"":10.18},{""s_fr"":null,""w"":5.19},{""s_fr"":null,""w"":4.77},{""s_fr"":null,""w"":3.85}]","[{""c"":""United Kingdom"",""w"":37.76},{""c"":""United States"",""w"":22.7},{""c"":""France"",""w"":10.25},{""c"":""Other"",""w"":6.71},{""c"":""Germany"",""w"":6.01}]","0P0001I41U (BlackRock ICS Sterling Liquid Environmentally Aware Fund Agency Inc)","[{""t"":""0P0001I41U"",""n"":""BlackRock ICS Sterling Liquid Environmentally Aware Fund Agency Inc"",""w"":0.91},{""t"":""NCBD"",""n"":""XS0379947236"",""w"":0.65},{""t"":""15QV"",""n"":""BP Capital Markets p.l.c."",""w"":0.62},{""t"":null,""n"":""XS1472663670"",""w"":0.61},{""t"":null,""n"":""XS2711945878"",""w"":0.57},{""t"":null,""n"":""XS2553549903"",""w"":0.57},{""t"":null,""n"":""XS2552367687"",""w"":0.55},{""t"":null,""n"":""XS2570940226"",""w"":0.54},{""t"":null,""n"":""XS1953146245"",""w"":0.52},{""t"":null,""n"":""XS1939253917"",""w"":0.52}]",100
2B7T,"iShares £ Index-Linked Gilts UCITS ETF",,XMUN,EUR,,,standard,,0.001,,,,,,"iShares £ Index-Linked Gilts UCITS ETF est un fonds négocié en bourse à revenu fixe conçu pour offrir une exposition aux obligations d'État britanniques indexées sur l'inflation, communément appelées gilts indexés. Géré par iShares, le fonds cherche à suivre l'indice Bloomberg UK Government Inflation-Linked Bond Index à travers un portefeuille de titres gouvernementaux libellés en livres sterling qui sont liés à l'inflation. Cette structure offre aux investisseurs un accès diversifié à un segme…","Sovereign","",96.78,1,1,STANDARD,"United Kingdom",98.12,"[{""s"":""Sovereign"",""w"":96.78},{""s"":""Other"",""w"":3.18},{""s"":""Non-Corporate"",""w"":0.04}]","[{""s_fr"":null,""w"":96.78},{""s_fr"":null,""w"":3.18},{""s_fr"":null,""w"":0.04}]","[{""c"":""United Kingdom"",""w"":98.12},{""c"":""Other"",""w"":1.88}]","GBB128DH6 (UKTI1.250NOV27)","[{""t"":""GBB128DH6"",""n"":""UKTI1.250NOV27"",""w"":5.87},{""t"":""GBB3D4VD9"",""n"":""UKTI1.250NOV32"",""w"":5.46},{""t"":null,""n"":""UKTI0.125MAR29"",""w"":5.06},{""t"":null,""n"":""IDX-LKD UNSUB IDX LKD BDS 10/08/2028 GBP"",""w"":5.02},{""t"":""GBB1L6W96"",""n"":""GB00B1L6W962"",""w"":4.81},{""t"":""GBB46CGH6"",""n"":""GB00B46CGH68"",""w"":4.71},{""t"":null,""n"":""GB0031790826"",""w"":4.27},{""t"":null,""n"":""GB00B3LZBF68"",""w"":4.21},{""t"":""GB00BMF9LJ15"",""n"":""GB00BMF9LJ15"",""w"":3.69},{""t"":""GBBYZW3J8"",""n"":""GB00BYZW3J87"",""w"":3.64}]",80
IBCA,"iShares iBonds Dec 2035 Term Corporate ETF",,XMUN,USD,Target Maturity,,standard,407018432,0.001,0.0506,5.2,9.372,69,BBB,"L'iShares iBonds Dec 2035 Term Corporate ETF est un fonds négocié en bourse à revenu fixe qui cherche à suivre un portefeuille d'obligations d'entreprises de qualité investissement libellées en dollars américains arrivant à échéance en 2035. Le fonds est conçu pour fournir un revenu régulier tout en offrant une structure de maturité définie, ce qui le rend utile pour les investisseurs cherchant à construire des échelles d'obligations et à gérer leur exposition aux taux d'intérêt avec un point d…","","",,0.3,0,DATA_MISSING,"Germany",,"[]","[]","[{""c"":""Germany"",""w"":null}]","XTSLA (BlackRock Cash Funds Treasury SL Agency)","[{""t"":""XTSLA"",""n"":""BlackRock Cash Funds Treasury SL Agency"",""w"":0.76}]",97
IBCM,"iShares € Govt Bond 7-10yr UCITS ETF",,XMUN,EUR,,,standard,1021087936,0.0015,,3.19,9.698,89,U.S. Government,"iShares € Govt Bond 7-10yr UCITS ETF est un fonds négocié en bourse qui suit l'indice Bloomberg Euro Government Bond 10 Year Term Index, offrant une exposition ciblée aux obligations d'État libellées en euros, de qualité investissement, des pays de la zone euro avec des maturités restantes comprises entre 7 et 10 ans. Lancé le 8 décembre 2006 et domicilié en Irlande, cet ETF répliqué physiquement détient un portefeuille échantillonné d'environ 27 à 29 obligations, principalement de France (envi…","Other","",100.00,1,1,STANDARD,"France",28.33,"[{""s"":""Other"",""w"":100}]","[{""s_fr"":null,""w"":100}]","[{""c"":""France"",""w"":28.33},{""c"":""Germany"",""w"":25.39},{""c"":""Italy"",""w"":21.15},{""c"":""Spain"",""w"":20.03},{""c"":""Netherlands"",""w"":5.1}]","FR1400L83 (FR001400L834)","[{""t"":""FR1400L83"",""n"":""FR001400L834"",""w"":6.69},{""t"":""ETAPT"",""n"":""French Republic Government Bond 2% 2032"",""w"":6.53},{""t"":""FR001400X8V5"",""n"":""French Republic Government Bond 3.20% May 25, 2035"",""w"":6.09},{""t"":""ETAPX"",""n"":""France Government Bonds"",""w"":5.78},{""t"":""FR001400QMF9"",""n"":""Government of France"",""w"":5.51},{""t"":""BB88"",""n"":""DE000BU2Z007"",""w"":4.74},{""t"":""BB96"",""n"":""DE000BU2Z031"",""w"":4.4},{""t"":""BB93"",""n"":""DE000BU2Z023"",""w"":4.38},{""t"":""BU2Z04"",""n"":""DE000BU2Z049"",""w"":4.36},{""t"":""BB91"",""n"":""DE000BU2Z015"",""w"":3.9}]",105
SPFF,"Global X SuperIncome Preferred ETF",,XMUN,USD,Preferred Stock,,standard,148092112,0.0048,0.0692,,,,,"Le Global X SuperIncome Preferred ETF est un fonds négocié en bourse conçu pour offrir une exposition à un portefeuille de titres préférentiels américains. Le fonds se concentre sur 50 des actions préférentielles offrant les rendements les plus élevés, en utilisant une approche passive qui suit l'indice Global X U.S. High Yield Preferred. Ses avoirs incluent généralement des actions préférentielles émises par des entreprises de secteurs tels que les finances, l'industrie et les services publics…","Financial Services","",100.00,1,1,VERIFIED_FINANCIAL,"Germany",,"[{""s"":""Financial Services"",""w"":100},{""s"":""Real Estate"",""w"":0},{""s"":""Consumer Cyclical"",""w"":0},{""s"":""Industrial"",""w"":0},{""s"":""Energy"",""w"":0}]","[{""s_fr"":null,""w"":100},{""s_fr"":null,""w"":0},{""s_fr"":null,""w"":0},{""s_fr"":null,""w"":0},{""s_fr"":null,""w"":0}]","[{""c"":""Germany"",""w"":null}]","HPEPC (Hewlett Packard Enterprise Co 7.625% PRF CONVERT 01/09/2027 USD 50 - Ser C)","[{""t"":""HPEPC"",""n"":""Hewlett Packard Enterprise Co 7.625% PRF CONVERT 01/09/2027 USD 50 - Ser C"",""w"":7.99},{""t"":""BRKRP"",""n"":""Bruker Corporation 6.375% Mandatory Convertible Preferred Stock, Series A"",""w"":4.55},{""t"":""ARESPB"",""n"":""Ares Management Corp 6.75% PRF PERPETUAL USD 50 - Ser B"",""w"":3.88},{""t"":""PCGPX"",""n"":""Principal SAM Conservative Growth Portfolio R-3"",""w"":3.59},{""t"":""MCHPP"",""n"":""MICROCHIP TECHNOLOGY DEP SHS REPSTG 1/20TH PFD CONV SER A"",""w"":3.4},{""t"":""BACPL"",""n"":""Bank of America Corp 7 1/4 % Non-Cum Perp Conv Pfd Shs Series -L-"",""w"":3.3},{""t"":""WFCPL"",""n"":""Wells Fargo & Co 7 1/2 % Non Cum Perp Conv Pfd Shs -A- Series -L-"",""w"":3.07},{""t"":""ORCLPD"",""n"":""Oracle Corp FR PRF PERPETUAL USD - DpSh 1/2000 Prf Sr D"",""w"":2.84},{""t"":""ATHPA"",""n"":""Athene Holding Ltd FXDFR PRF PERPETUAL USD 25 - Ser A 1/1000 Int Dep"",""w"":2.82}]",110
LGQ6,"Amundi US Treasury Bond 3-7Y UCITS ETF Dist",,XMUN,EUR,,,single_stock,331069971,0.0006,,,,,,"Amundi US Treasury Bond 3-7Y UCITS ETF Dist est un fonds négocié en bourse conçu pour offrir une exposition aux obligations du Trésor américain ayant des maturités restantes comprises entre trois et sept ans. Le fonds suit un indice axé sur les titres de créance émis par le Trésor américain libellés en USD, utilisant une réplication physique pour détenir les obligations sous-jacentes. Il distribue des revenus de coupons aux investisseurs de manière régulière, ce qui en fait un véhicule simple p…","Other","",100.00,0.35,0,ALT_ASSET_COMMODITY,"United States",53.81,"[{""s"":""Other"",""w"":100}]","[{""s_fr"":null,""w"":100}]","[{""c"":""United States"",""w"":53.81},{""c"":""Other"",""w"":46.19}]","(US91282CGQ87)","[{""t"":null,""n"":""US91282CGQ87"",""w"":2.22},{""t"":""US91282CCS8"",""n"":""US91282CCS89"",""w"":2.01},{""t"":""US91282CDJ7"",""n"":""US91282CDJ71"",""w"":1.97},{""t"":""US91282CEP2"",""n"":""US91282CEP23"",""w"":1.97},{""t"":""US91282CAV3"",""n"":""US91282CAV37"",""w"":1.94},{""t"":null,""n"":""US91282CDY49"",""w"":1.9},{""t"":null,""n"":""US91282CCB54"",""w"":1.9},{""t"":""US91282CBL4"",""n"":""US91282CBL46"",""w"":1.88},{""t"":""US91282CAE1"",""n"":""US91282CAE12"",""w"":1.84},{""t"":""US91282CKP5"",""n"":""US91282CKP58"",""w"":1.51}]",100
EFRB,"iShares EUR Floating Rate Bond Advanced UCITS ETF EUR (Acc)",,XMUN,EUR,,,standard,1540498560,0.001,,2.96,10.023,76,A,"iShares EUR Floating Rate Bond Advanced UCITS ETF EUR (Acc) est un fonds négocié en bourse à revenu fixe conçu pour offrir une exposition aux obligations d'entreprises à taux variable de qualité investissement libellées en euros, avec un filtre ESG. Le fonds suit l'indice Bloomberg MSCI EUR FRN Corporate 3% Issuer Cap Bond Sustainable SRI et utilise une approche d'échantillonnage optimisée pour refléter les caractéristiques de l'indice. Son portefeuille se concentre sur des émetteurs d'entrepri…","Financial Services","",79.30,1,1,STANDARD,"Canada",14.55,"[{""s"":""Financial Services"",""w"":79.3},{""s"":""Consumer Non-Cyclicals"",""w"":4.84},{""s"":""Industrial"",""w"":4.06},{""s"":""Healthcare"",""w"":3.71},{""s"":""Technology"",""w"":3.2}]","[{""s_fr"":null,""w"":79.3},{""s_fr"":null,""w"":4.84},{""s_fr"":null,""w"":4.06},{""s_fr"":null,""w"":3.71},{""s_fr"":null,""w"":3.2}]","[{""c"":""Canada"",""w"":14.55},{""c"":""United States"",""w"":14.12},{""c"":""United Kingdom"",""w"":12.55},{""c"":""France"",""w"":9.76},{""c"":""Netherlands"",""w"":8.63}]","FR1400N9V (FR001400N9V5)","[{""t"":""FR1400N9V"",""n"":""FR001400N9V5"",""w"":2.01},{""t"":null,""n"":""XS2719281227"",""w"":1.61},{""t"":null,""n"":""XS2860946867"",""w"":1.53},{""t"":null,""n"":""XS3100079865"",""w"":1.5},{""t"":null,""n"":""XS2822525205"",""w"":1.5},{""t"":null,""n"":""XS3057365895"",""w"":1.5},{""t"":""XS279033361"",""n"":""XS2790333616"",""w"":1.5},{""t"":""XS280079529"",""n"":""XS2800795291"",""w"":1.5},{""t"":null,""n"":""XS2803392021"",""w"":1.48},{""t"":""XS300255213"",""n"":""XS300255213"",""w"":1.44}]",105
ERNX,"iShares EUR Ultrashort Bond UCITS ETF",,XMUN,EUR,,,inverse,6253761427,0.0009,,,,,,"iShares EUR Ultrashort Bond UCITS ETF est un fonds négocié en bourse à revenu fixe conçu pour offrir une exposition aux obligations d'entreprise de qualité investissement libellées en euros avec des maturités très courtes. Le fonds cherche à suivre l'indice Markit iBoxx EUR Liquid Investment Grade Ultrashort, qui comprend des obligations à taux fixe avec des maturités allant jusqu'à un an et des obligations à taux variable avec des maturités allant jusqu'à trois ans. Il utilise une approche de …","Financial Services","",52.23,0.4,0,NON_STANDARD,"United States",17.74,"[{""s"":""Financial Services"",""w"":52.23},{""s"":""Industrial"",""w"":6.06},{""s"":""Utilities"",""w"":5.89},{""s"":""Healthcare"",""w"":5.83},{""s"":""Consumer Non-Cyclicals"",""w"":5.44}]","[{""s_fr"":null,""w"":52.23},{""s_fr"":null,""w"":6.06},{""s_fr"":null,""w"":5.89},{""s_fr"":null,""w"":5.83},{""s_fr"":null,""w"":5.44}]","[{""c"":""United States"",""w"":17.74},{""c"":""France"",""w"":17.15},{""c"":""Germany"",""w"":11.49},{""c"":""United Kingdom"",""w"":8.25},{""c"":""Netherlands"",""w"":6.51}]","0P0000YPZS (BlackRock ICS Euro Liquid Environmentally Aware Fund - Agency (Dis) Shares EUR)","[{""t"":""0P0000YPZS"",""n"":""BlackRock ICS Euro Liquid Environmentally Aware Fund - Agency (Dis) Shares EUR"",""w"":2.35},{""t"":null,""n"":""XS1382784509"",""w"":0.44},{""t"":""GOS5"",""n"":""XS1458408561"",""w"":0.44},{""t"":""FR1400N9V"",""n"":""FR001400N9V5"",""w"":0.41},{""t"":null,""n"":""XS3031467171"",""w"":0.4},{""t"":null,""n"":""XS1840618059"",""w"":0.39},{""t"":""FR1341294"",""n"":""FR0013412947"",""w"":0.39},{""t"":null,""n"":""XS2719281227"",""w"":0.37},{""t"":""FR14002S5"",""n"":""FR0014002S57"",""w"":0.37},{""t"":null,""n"":""XS3019213654"",""w"":0.36}]",100
EUN6,"iShares € Govt Bond 0-1yr UCITS ETF",,XMUN,EUR,,,standard,1326512519,0.0007,,1.8,9.93,87,U.S. Government,"iShares € Govt Bond 0-1yr UCITS ETF est un fonds négocié en bourse qui suit la performance des obligations d'État de la zone euro de qualité investissement avec des maturités comprises entre zéro et douze mois. Géré par BlackRock, le fonds investit dans des titres de créance à taux fixe libellés en euros émis par des États membres de la zone euro qui répondent aux critères de notation de qualité investissement. Le fonds utilise une méthodologie d'échantillonnage représentatif pour répliquer son…","Other","",100.00,1,1,STANDARD,"Italy",28.58,"[{""s"":""Other"",""w"":100}]","[{""s_fr"":null,""w"":100}]","[{""c"":""Italy"",""w"":28.58},{""c"":""Germany"",""w"":22.73},{""c"":""Spain"",""w"":15.26},{""c"":""France"",""w"":15.26},{""c"":""Austria"",""w"":6.45}]","0P0000YPZS (BlackRock ICS Euro Liquid Environmentally Aware Fund - Agency (Dis) Shares EUR)","[{""t"":""0P0000YPZS"",""n"":""BlackRock ICS Euro Liquid Environmentally Aware Fund - Agency (Dis) Shares EUR"",""w"":6.36},{""t"":null,""n"":""FR0013131877"",""w"":5.91},{""t"":""ETALL"",""n"":""Republic of France"",""w"":5.75},{""t"":null,""n"":""DE0001102390"",""w"":5.58},{""t"":""ETAMM"",""n"":""French Republic Government Bonds"",""w"":5.52},{""t"":""ES0012L2"",""n"":""ES0000012L29"",""w"":4.27},{""t"":""IT541984"",""n"":""IT0005419848"",""w"":3.87},{""t"":null,""n"":""ES00000127G9"",""w"":3.82},{""t"":null,""n"":""ES00000123C7"",""w"":3.54},{""t"":""ETACU"",""n"":""French Republic Government Bond 6% 2025"",""w"":3.53}]",105
EAH,"Amundi Euro Government Green Bond UCITS ETF Acc",,XMUN,EUR,,,standard,312825002,0.002,,,,,,"Amundi Euro Government Green Bond UCITS ETF Acc est un fonds négocié en bourse à revenu fixe axé sur les obligations vertes souveraines libellées en euros émises par les gouvernements de la zone euro. Le fonds cherche à suivre l'indice Solactive Euro Government Green Bond, qui comprend des obligations d'État utilisées pour financer des projets ayant des avantages environnementaux directs. Il utilise une réplication physique et a une structure d'accumulation, ce qui signifie que les revenus des …","Other","",100.00,1,1,STANDARD,"Germany",26.83,"[{""s"":""Other"",""w"":100}]","[{""s_fr"":null,""w"":100}]","[{""c"":""Germany"",""w"":26.83},{""c"":""France"",""w"":22.88},{""c"":""Italy"",""w"":21.28},{""c"":""Netherlands"",""w"":8.34},{""c"":""Belgium"",""w"":6.92}]","ETANC (French Republic Government Bond 1.75% 06/25/2039)","[{""t"":""ETANC"",""n"":""French Republic Government Bond 1.75% 06/25/2039"",""w"":11.47},{""t"":""IT559647"",""n"":""IT0005596470"",""w"":5.86},{""t"":""IT554235"",""n"":""IT0005542359"",""w"":5.6},{""t"":""IT550859"",""n"":""IT0005508590"",""w"":5.55},{""t"":""ETAPI"",""n"":""Government of France"",""w"":5.2},{""t"":""FR001400NEF3"",""n"":""OAT3%25JUN49"",""w"":4.98},{""t"":""BB89"",""n"":""DE000BU3Z005"",""w"":4.79},{""t"":""NL0015001RG8"",""n"":""Netherlands Government Bond"",""w"":4.57},{""t"":""ES0012J0"",""n"":""ES0000012J07"",""w"":4.54},{""t"":""NL0013552060"",""n"":""Netherlands Government Bond 0.5% 01/15/2040"",""w"":4.36}]",100
EUNW,"iShares € High Yield Corp Bond UCITS ETF EUR (Dist)",,XMUN,EUR,,,standard,6475934072,0.005,,5.37,9.871,38,BB,"iShares € High Yield Corp Bond UCITS ETF EUR (Dist) est un fonds négocié en bourse qui cherche à suivre la performance de l'indice iBoxx EUR Liquid High Yield, qui comprend les plus grandes et les plus liquides obligations d'entreprise libellées en euros notées en dessous de la catégorie investissement. Géré par BlackRock, cet ETF conforme aux UCITS utilise une stratégie de réplication physique par échantillonnage, détenant une sélection diversifiée d'environ 640 à 650 obligations à haut rendem…","Financial Services","",15.46,1,1,STANDARD,"France",19.57,"[{""s"":""Financial Services"",""w"":15.46},{""s"":""Consumer Cyclicals"",""w"":14.24},{""s"":""Telecommunication"",""w"":12.59},{""s"":""Industrial"",""w"":11.65},{""s"":""Non-Energy Materials"",""w"":10.59}]","[{""s_fr"":null,""w"":15.46},{""s_fr"":null,""w"":14.24},{""s_fr"":null,""w"":12.59},{""s_fr"":null,""w"":11.65},{""s_fr"":null,""w"":10.59}]","[{""c"":""France"",""w"":19.57},{""c"":""Italy"",""w"":15.89},{""c"":""United States"",""w"":11.07},{""c"":""Germany"",""w"":11.02},{""c"":""United Kingdom"",""w"":8.99}]","XS224046367 (XS2240463674)","[{""t"":""XS224046367"",""n"":""XS2240463674"",""w"":0.71},{""t"":""XS240660717"",""n"":""XS2406607171"",""w"":0.44},{""t"":""XS239300189"",""n"":""XS2393001891"",""w"":0.41},{""t"":null,""n"":""XS3037643304"",""w"":0.39},{""t"":null,""n"":""XS2859406139"",""w"":0.37},{""t"":null,""n"":""XS3104481257"",""w"":0.37},{""t"":null,""n"":""XS3101375965"",""w"":0.37},{""t"":null,""n"":""XS3091660194"",""w"":0.37},{""t"":null,""n"":""XS2332250708"",""w"":0.36},{""t"":""XS228958883"",""n"":""XS2289588837"",""w"":0.36}]",105
00983B,"iShares USD Treasury Bond 20+yr UCITS ETF",,XTAI,TWD,,,standard,373382816,0,0.0425,4.57,9.426,100,U.S. Government,"L'iShares USD Treasury Bond 20+yr UCITS ETF est un fonds négocié en bourse conçu pour suivre la performance des obligations d'État libellées en dollars américains émises par le Trésor américain avec des maturités de plus de 20 ans. Ce fonds offre aux investisseurs une exposition aux titres du Trésor américain à long terme, qui sont considérés comme une référence pour les marchés obligataires mondiaux et un standard pour les taux sans risque. L'ETF réplique physiquement l'indice sous-jacent en d…","","",,0.35,0,ALT_ASSET_FX,"Taiwan",,"[]","[]","[{""c"":""Taiwan"",""w"":null}]","","[]",82
